pair_id,asb_name,princeton_label,Re_princeton,uiuc_volume,uiuc_file,Re_uiuc,Re_relative_gap,alpha,CL_princeton,CD_princeton,CL_uiuc,CD_uiuc,NF_CL_measured_geom,NF_CD_measured_geom,NF_CL_design_geom,NF_CD_design_geom,dCL_tunnels,errCD_tunnels,dCL_NF_vs_uiuc,dCL_NF_vs_princeton,errCD_NF_vs_uiuc,errCD_NF_vs_princeton,Re_bin
CLARK-Y|61300|vol3|CLARKYB.DRG|60700,clarky,CLARK-Y,61300,vol3,CLARKYB.DRG,60700,0.009787928221859706,-1.9,0.006,0.0223,-0.06720987654320988,0.026153703703703703,-0.17484707886856385,0.02712868686924181,-0.14027190012263208,0.029150358787507623,-0.07320987654320989,0.17281182527819294,-0.0730620235794222,-0.18084707886856385,0.1145786125649024,0.21653304346375826,60k
CLARK-Y|61300|vol3|CLARKYB.DRG|60700,clarky,CLARK-Y,61300,vol3,CLARKYB.DRG,60700,0.009787928221859706,-0.88,0.113,0.0252,0.03353086419753087,0.024075925925925924,0.006519342666158505,0.024999913082953875,0.022405094861456188,0.026789749916192377,-0.07946913580246914,-0.04460611405055857,-0.01112576933607468,-0.1064806573338415,0.11271940271855123,-0.007939957025639887,60k
CLARK-Y|61300|vol3|CLARKYB.DRG|60700,clarky,CLARK-Y,61300,vol3,CLARKYB.DRG,60700,0.009787928221859706,0.15,0.245,0.0278,0.13559183673469388,0.02577142857142857,0.1895956866743475,0.026558009486581893,0.18629463722827508,0.02717671504313242,-0.10940816326530611,-0.07297019527235353,0.050702800493581196,-0.05540431332565249,0.054528854223541784,-0.0446759177488527,60k
CLARK-Y|61300|vol3|CLARKYB.DRG|60700,clarky,CLARK-Y,61300,vol3,CLARKYB.DRG,60700,0.009787928221859706,1.18,0.365,0.0313,0.23957894736842106,0.0299,0.3517113886458217,0.028459594727058526,0.3466839655544011,0.02944891880970245,-0.12542105263157893,-0.04472843450479239,0.10710501818598006,-0.013288611354178304,-0.015086327434700704,-0.0907477722984497,60k
CLARK-Y|61300|vol3|CLARKYB.DRG|60700,clarky,CLARK-Y,61300,vol3,CLARKYB.DRG,60700,0.009787928221859706,2.2,0.522,0.0324,0.3516447368421053,0.03245,0.4938998744821955,0.029717460388270223,0.4881438912087916,0.031158211234027736,-0.17035526315789473,0.0015432098765432542,0.1364991543666863,-0.028100125517804497,-0.03980859063088639,-0.08279443246079554,60k
CLARK-Y|61300|vol3|CLARKYB.DRG|60700,clarky,CLARK-Y,61300,vol3,CLARKYB.DRG,60700,0.009787928221859706,3.24,0.646,0.0303,0.48190123456790124,0.03355925925925926,0.632529788056075,0.030076399603527138,0.6314100064845273,0.031055979670407217,-0.16409876543209878,0.10756631218677427,0.14950877191662604,-0.013470211943925059,-0.07459281414745082,-0.007379551038708329,60k
CLARK-Y|61300|vol3|CLARKYB.DRG|60700,clarky,CLARK-Y,61300,vol3,CLARKYB.DRG,60700,0.009787928221859706,4.26,0.744,0.0284,0.6130322580645161,0.03401612903225806,0.7590436861930351,0.030142466246291744,0.7700655739239459,0.030066248119322885,-0.13096774193548388,0.1977510222626078,0.1570333158594298,0.015043686193035088,-0.1161178836424756,0.061354445291962746,60k
CLARK-Y|61300|vol3|CLARKYB.DRG|60700,clarky,CLARK-Y,61300,vol3,CLARKYB.DRG,60700,0.009787928221859706,5.28,0.836,0.0271,0.7051612903225807,0.035200645161290324,0.8735651429763681,0.03072983633302253,0.8958915356623457,0.028979568721554834,-0.13083870967741928,0.2989167956195692,0.19073024533976501,0.03756514297636815,-0.17673188690804803,0.1339423001115325,60k
CLARK-Y|61300|vol3|CLARKYB.DRG|60700,clarky,CLARK-Y,61300,vol3,CLARKYB.DRG,60700,0.009787928221859706,6.29,0.918,0.0266,0.7988648648648649,0.03695405405405405,0.9798787005341717,0.03195962280117011,1.0083842352131884,0.029116070747940703,-0.11913513513513518,0.38925015240804717,0.20951937034832357,0.06187870053417166,-0.2121007696381145,0.20148957899135755,60k
CLARK-Y|61300|vol3|CLARKYB.DRG|60700,clarky,CLARK-Y,61300,vol3,CLARKYB.DRG,60700,0.009787928221859706,7.32,1.005,0.0283,0.8950709677419355,0.03890838709677419,1.0843443457771018,0.03332686601202614,1.1119856724914112,0.030402397251718453,-0.10992903225806439,0.3748546677305368,0.21691470474947572,0.07934434577710192,-0.21861584300319015,0.1776277742765421,60k
CLARK-Y|61300|vol3|CLARKYB.DRG|60700,clarky,CLARK-Y,61300,vol3,CLARKYB.DRG,60700,0.009787928221859706,8.33,1.079,0.0305,0.981083870967742,0.038973548387096775,1.178368860244459,0.03428634023744777,1.2001966374348798,0.03322769945956701,-0.09791612903225799,0.2778212585933369,0.21911276646713784,0.09936886024445912,-0.14742945318861655,0.12414230286713997,60k
CLARK-Y|61300|vol3|CLARKYB.DRG|60700,clarky,CLARK-Y,61300,vol3,CLARKYB.DRG,60700,0.009787928221859706,9.34,1.152,0.0326,1.0598157894736842,0.03738157894736842,1.2520355895520316,0.0349277517689354,1.277770813631444,0.03679718839835102,-0.09218421052631576,0.14667420083952215,0.2179550241577599,0.10003558955203173,-0.015633115707610792,0.07140342849495106,60k
CLARK-Y|102600|vol3|CLARKYB.DRG|100000,clarky,CLARK-Y,102600,vol3,CLARKYB.DRG,100000,0.025341130604288498,-2.92,0.002,0.0208,-0.10727272727272728,0.024636363636363633,-0.13200585446926114,0.023839285039935723,-0.10046316301813075,0.02465335028353539,-0.10927272727272729,0.18444055944055934,0.0068095642545965285,-0.13400585446926114,0.000689494903650663,0.14611947307383288,100k
CLARK-Y|102600|vol3|CLARKYB.DRG|100000,clarky,CLARK-Y,102600,vol3,CLARKYB.DRG,100000,0.025341130604288498,-1.87,0.137,0.0198,0.0168181818181818,0.02279090909090909,0.0250150089844474,0.0201811174359106,0.056548309067150776,0.021124462108065328,-0.12018181818181821,0.15105601469237823,0.039730127248968974,-0.1119849910155526,-0.07311893422928359,0.01924835534902018,100k
CLARK-Y|102600|vol3|CLARKYB.DRG|100000,clarky,CLARK-Y,102600,vol3,CLARKYB.DRG,100000,0.025341130604288498,-0.85,0.287,0.0189,0.13576923076923075,0.02235874125874126,0.24682277043745182,0.0184460725173059,0.22206860880224205,0.019189362731187962,-0.15123076923076922,0.18300218300218302,0.0862993780330113,-0.040177229562548156,-0.14175120552970363,-0.024017327126671945,100k
CLARK-Y|102600|vol3|CLARKYB.DRG|100000,clarky,CLARK-Y,102600,vol3,CLARKYB.DRG,100000,0.025341130604288498,0.17,0.399,0.0192,0.2547300613496932,0.0230079754601227,0.3969685634869443,0.017780170444398495,0.3887736052671605,0.01851134445058225,-0.1442699386503068,0.19833205521472408,0.13404354391746726,-0.0020314365130557066,-0.19543792618059708,-0.07394945602091163,100k
CLARK-Y|102600|vol3|CLARKYB.DRG|100000,clarky,CLARK-Y,102600,vol3,CLARKYB.DRG,100000,0.025341130604288498,1.2,0.501,0.0179,0.38174233128834356,0.02370306748466258,0.5111285631274274,0.01733979704718941,0.5078598197939397,0.018252350138186182,-0.11925766871165644,0.32419371422695975,0.12611748850559612,0.010128563127427381,-0.229958310248383,-0.03129625434696034,100k
CLARK-Y|102600|vol3|CLARKYB.DRG|100000,clarky,CLARK-Y,102600,vol3,CLARKYB.DRG,100000,0.025341130604288498,2.21,0.595,0.0184,0.4989607843137255,0.023441176470588236,0.6251661738889517,0.017105383480328917,0.6235888774220124,0.018011190906531232,-0.09603921568627449,0.2739769820971868,0.12462809310828693,0.03016617388895171,-0.2316430479020554,-0.07035959346038491,100k
CLARK-Y|102600|vol3|CLARKYB.DRG|100000,clarky,CLARK-Y,102600,vol3,CLARKYB.DRG,100000,0.025341130604288498,3.25,0.691,0.0179,0.6133809523809524,0.02239659863945578,0.739928199059797,0.017097967047105186,0.7410499432556961,0.017798509132682917,-0.07761904761904759,0.2512066279025576,0.1276689908747437,0.04892819905979706,-0.20530302751742274,-0.04480631021758731,100k
CLARK-Y|102600|vol3|CLARKYB.DRG|100000,clarky,CLARK-Y,102600,vol3,CLARKYB.DRG,100000,0.025341130604288498,4.25,0.782,0.0186,0.7181428571428572,0.021104081632653062,0.8445116596130445,0.017525432961937877,0.8438969153309143,0.017887795056673123,-0.06385714285714283,0.13462804476629375,0.12575405818805707,0.0625116596130445,-0.15240116257907071,-0.05777242140118933,100k
CLARK-Y|102600|vol3|CLARKYB.DRG|100000,clarky,CLARK-Y,102600,vol3,CLARKYB.DRG,100000,0.025341130604288498,5.28,0.876,0.019,0.8197179487179488,0.020066666666666667,0.9451833712552773,0.018554832915780924,0.9442434521193902,0.01860639188645728,-0.056282051282051215,0.05614035087719301,0.12452550340144142,0.06918337125527729,-0.0727711684489728,-0.0234298465378461,100k
CLARK-Y|102600|vol3|CLARKYB.DRG|100000,clarky,CLARK-Y,102600,vol3,CLARKYB.DRG,100000,0.025341130604288498,6.29,0.963,0.0209,0.9144605263157894,0.019382894736842106,1.0390299651633301,0.019981989250963006,1.0389672918203858,0.019759705767195917,-0.04853947368421052,-0.07258876857214798,0.12450676550459638,0.07602996516333016,0.01944038986279929,-0.04392395928406663,100k
CLARK-Y|102600|vol3|CLARKYB.DRG|100000,clarky,CLARK-Y,102600,vol3,CLARKYB.DRG,100000,0.025341130604288498,7.32,1.043,0.0214,0.9998421052631579,0.020331578947368423,1.1324172816065943,0.021461431949192034,1.1320595706075822,0.02170968870978197,-0.04315789473684206,-0.049926217412690474,0.13221746534442436,0.08941728160659435,0.06778173824969559,0.00287065183140349,100k
CLARK-Y|102600|vol3|CLARKYB.DRG|100000,clarky,CLARK-Y,102600,vol3,CLARKYB.DRG,100000,0.025341130604288498,8.34,1.126,0.0225,1.0799936305732483,0.022595541401273886,1.216681988139991,0.02270325925858404,1.2193893706446057,0.023946422643753407,-0.046006369426751625,0.004246284501061632,0.13939574007135747,0.09068198813999118,0.059785300935668716,0.009033744825957351,100k
CLARK-Y|203800|vol3|CLARKYB.DRG|200000,clarky,CLARK-Y,203800,vol3,CLARKYB.DRG,200000,0.018645731108930325,-3.96,-0.011,0.0143,-0.09200000000000001,0.019046511627906975,-0.05896698043591398,0.016485429768429132,-0.05144442361198367,0.017733443883725046,-0.08100000000000002,0.3319238900634248,0.040555576388016344,-0.04796698043591398,-0.06894006471284854,0.15282725653350573,200k
CLARK-Y|203800|vol3|CLARKYB.DRG|200000,clarky,CLARK-Y,203800,vol3,CLARKYB.DRG,200000,0.018645731108930325,-2.9,0.086,0.0128,0.0398962962962963,0.015564444444444443,0.06381568457044394,0.014016109083007575,0.0755278853634808,0.014593147260182538,-0.046103703703703695,0.21597222222222207,0.035631589067184506,-0.022184315429556054,-0.06240487334635316,0.09500852210996677,200k
CLARK-Y|203800|vol3|CLARKYB.DRG|200000,clarky,CLARK-Y,203800,vol3,CLARKYB.DRG,200000,0.018645731108930325,-1.91,0.176,0.012,0.13376296296296297,0.013804444444444444,0.17476893706881408,0.012101097395163114,0.1838363282970889,0.012589150794184857,-0.04223703703703702,0.1503703703703703,0.05007336533412593,-0.0012310629311859111,-0.08803640415595848,0.008424782930259474,200k
CLARK-Y|203800|vol3|CLARKYB.DRG|200000,clarky,CLARK-Y,203800,vol3,CLARKYB.DRG,200000,0.018645731108930325,-0.85,0.272,0.0097,0.24015568862275452,0.012035928143712574,0.3115455451749107,0.010592510576379856,0.3214323420129798,0.011311531852455424,-0.0318443113772455,0.24081733440335815,0.0812766533902253,0.03954554517491066,-0.06018615952236029,0.0920113996267893,200k
CLARK-Y|203800|vol3|CLARKYB.DRG|200000,clarky,CLARK-Y,203800,vol3,CLARKYB.DRG,200000,0.018645731108930325,0.17,0.399,0.0098,0.34602439024390247,0.010525609756097561,0.47035263357078805,0.010600046588128319,0.4604903070651734,0.01053240635295415,-0.05297560975609755,0.07404181184668997,0.11446591682127094,0.07135263357078803,0.0006457200118644933,0.08163740695186929,200k
CLARK-Y|203800|vol3|CLARKYB.DRG|200000,clarky,CLARK-Y,203800,vol3,CLARKYB.DRG,200000,0.018645731108930325,1.19,0.496,0.0098,0.46295121951219514,0.010898780487804878,0.5614083073903202,0.010417344828164254,0.5564698551271988,0.010510923310976202,-0.03304878048780485,0.11212045793927333,0.09351863561500368,0.06540830739032022,-0.035587208794843346,0.06299437022084232,200k
CLARK-Y|203800|vol3|CLARKYB.DRG|200000,clarky,CLARK-Y,203800,vol3,CLARKYB.DRG,200000,0.018645731108930325,2.22,0.596,0.0104,0.5708467153284672,0.01124014598540146,0.6549446188886252,0.010564154114853853,0.6552902673426668,0.010686787594002599,-0.025153284671532772,0.08078326782706352,0.08444355201419962,0.05894461888862523,-0.04923053420458733,0.015784049505178227,200k
CLARK-Y|203800|vol3|CLARKYB.DRG|200000,clarky,CLARK-Y,203800,vol3,CLARKYB.DRG,200000,0.018645731108930325,3.24,0.691,0.0114,0.6662909090909092,0.01157878787878788,0.7517852842641515,0.011122759230602302,0.7550149447920202,0.011143009766656038,-0.024709090909090792,0.015683147262094646,0.08872403570111109,0.06078528426415153,-0.03763590081222395,-0.024319365736640185,200k
CLARK-Y|203800|vol3|CLARKYB.DRG|200000,clarky,CLARK-Y,203800,vol3,CLARKYB.DRG,200000,0.018645731108930325,4.27,0.788,0.0124,0.7636727272727273,0.012203030303030304,0.8493748670283195,0.012103212911302313,0.8536977198321465,0.012003945781426394,-0.024327272727272753,-0.015884652981427053,0.0900249925594192,0.06137486702831951,-0.016314351161979195,-0.02393444263691017,200k
CLARK-Y|203800|vol3|CLARKYB.DRG|200000,clarky,CLARK-Y,203800,vol3,CLARKYB.DRG,200000,0.018645731108930325,5.28,0.874,0.0134,0.8570810810810812,0.013272972972972974,0.9437978401519503,0.013252914825609466,0.948020348883244,0.013077978509752135,-0.016918918918918835,-0.009479628882613916,0.09093926780216288,0.06979784015195034,-0.01469109171079421,-0.010976505551532456,200k
CLARK-Y|203800|vol3|CLARKYB.DRG|200000,clarky,CLARK-Y,203800,vol3,CLARKYB.DRG,200000,0.018645731108930325,6.3,0.96,0.0151,0.949025974025974,0.014789610389610389,1.0373921238306876,0.014381082205619624,1.040700649010204,0.014401463516031193,-0.01097402597402597,-0.020555603337060368,0.09167467498422999,0.07739212383068761,-0.02624456380891998,-0.04761044995896536,200k
CLARK-Y|203800|vol3|CLARKYB.DRG|200000,clarky,CLARK-Y,203800,vol3,CLARKYB.DRG,200000,0.018645731108930325,7.31,1.041,0.0162,1.03362987012987,0.016298051948051947,1.1262540493603317,0.01548982626860996,1.1285046017847085,0.01603071737562707,-0.00737012987012986,0.006052589385922701,0.0948747316548384,0.08525404936033176,-0.016402854358114224,-0.04383788465370608,200k
CLARK-Y|203800|vol3|CLARKYB.DRG|200000,clarky,CLARK-Y,203800,vol3,CLARKYB.DRG,200000,0.018645731108930325,8.34,1.109,0.0187,1.1186842105263157,0.017810526315789475,1.2083772736974128,0.016741440887064064,1.211986141150443,0.01792365914328198,0.00968421052631574,-0.04756543765831694,0.09330193062412717,0.09937727369741278,0.006352020456139576,-0.10473578144042443,200k
CLARK-Y|203800|vol3|CLARKYB.DRG|200000,clarky,CLARK-Y,203800,vol3,CLARKYB.DRG,200000,0.018645731108930325,9.34,1.147,0.0216,1.1995135135135135,0.019289189189189187,1.2629217340895742,0.01862406331474639,1.2871257692675644,0.01997137636386262,0.05251351351351352,-0.10698198198198214,0.08761225575405085,0.11592173408957418,0.03536629601081269,-0.1377748465395191,200k
CLARK-Y|203800|vol3|CLARKYB.DRG|200000,clarky,CLARK-Y,203800,vol3,CLARKYB.DRG,200000,0.018645731108930325,10.34,1.163,0.0271,1.2623513513513513,0.021518918918918918,1.2775359452187702,0.023023268013539575,1.3389475773423636,0.022531129877470663,0.09935135135135131,-0.20594395133140522,0.07659622599101223,0.1145359452187702,0.04703818822709689,-0.15043291462953595,200k
CLARK-Y|203800|vol3|CLARKYB.DRG|200000,clarky,CLARK-Y,203800,vol3,CLARKYB.DRG,200000,0.018645731108930325,11.35,1.168,0.0349,1.2968980891719746,0.02700191082802548,1.2818146464571065,0.029802103010636273,1.3629105148901426,0.02726577414284763,0.12889808917197465,-0.22630627999926997,0.06601242571816801,0.1138146464571066,0.00977202378389773,-0.1460715469731727,200k
CLARK-Y|203800|vol3|CLARKYB.DRG|200000,clarky,CLARK-Y,203800,vol3,CLARKYB.DRG,200000,0.018645731108930325,12.34,1.17,0.0427,1.3088789808917196,0.034821019108280254,1.2882487713233286,0.0376614205295429,1.3649275825654388,0.033532913076524,0.13887898089171968,-0.1845194588224765,0.05604860167371917,0.11824877132332867,-0.03699219795235544,-0.1179995192144521,200k
CLARK-Y|301200|vol3|CLARKYB.DRG|299800,clarky,CLARK-Y,301200,vol3,CLARKYB.DRG,299800,0.004648074369189907,-3.91,-0.007,0.012,-0.05254088050314467,0.01429182389937107,-0.030914711994035175,0.012942635521020738,-0.02209295913165441,0.013427265659139223,-0.04554088050314467,0.19098532494758907,0.03044792137149026,-0.023914711994035175,-0.060493205508213146,0.07855296008506148,300k
CLARK-Y|301200|vol3|CLARKYB.DRG|299800,clarky,CLARK-Y,301200,vol3,CLARKYB.DRG,299800,0.004648074369189907,-2.9,0.088,0.011,0.0386339869281046,0.012299346405228758,0.07262572572389017,0.011419166283057829,0.08320105983108103,0.01165697068938833,-0.04936601307189539,0.11812240047534167,0.04456707290297643,-0.015374274276109823,-0.05222844325836189,0.038106025732529934,300k
CLARK-Y|301200|vol3|CLARKYB.DRG|299800,clarky,CLARK-Y,301200,vol3,CLARKYB.DRG,299800,0.004648074369189907,-1.87,0.188,0.0103,0.1362483660130719,0.010818300653594771,0.18293578935607283,0.010024470898426398,0.19267226306708735,0.010247208262980041,-0.051751633986928114,0.050320451805317606,0.05642389705401546,-0.005064210643927175,-0.05278947303289858,-0.02675039821102932,300k
CLARK-Y|301200|vol3|CLARKYB.DRG|299800,clarky,CLARK-Y,301200,vol3,CLARKYB.DRG,299800,0.004648074369189907,-0.86,0.283,0.0092,0.23977215189873416,0.009686075949367089,0.28011885356845795,0.00855247772790247,0.31207769187584183,0.00919016982348984,-0.043227848101265814,0.05283434232250969,0.07230553997710767,-0.0028811464315420254,-0.05119783578711794,-0.07038285566277495,300k
CLARK-Y|301200|vol3|CLARKYB.DRG|299800,clarky,CLARK-Y,301200,vol3,CLARKYB.DRG,299800,0.004648074369189907,0.16,0.407,0.0084,0.3504585987261146,0.008802547770700638,0.4529710860057985,0.008582392922047008,0.4413426598276799,0.00838442515892926,-0.05654140127388535,0.0479223536548379,0.09088406110156527,0.04597108600579852,-0.04750018093205961,0.021713443100834305,300k
CLARK-Y|301200|vol3|CLARKYB.DRG|299800,clarky,CLARK-Y,301200,vol3,CLARKYB.DRG,299800,0.004648074369189907,1.2,0.51,0.0087,0.4783057324840765,0.008935031847133759,0.5696833736749931,0.008578381761847517,0.5551888496342972,0.008488867925859574,-0.031694267515923524,0.02701515484296082,0.07688311715022067,0.0596833736749931,-0.04993422842889009,-0.013979107833618682,300k
CLARK-Y|301200|vol3|CLARKYB.DRG|299800,clarky,CLARK-Y,301200,vol3,CLARKYB.DRG,299800,0.004648074369189907,2.23,0.605,0.0095,0.5916751592356688,0.009231847133757961,0.6639127762238554,0.008781540834720363,0.6606987494530957,0.008779055430771832,-0.013324840764331158,-0.028226617499161985,0.06902359021742688,0.05891277622385538,-0.0490467071676709,-0.07562728055575123,300k
CLARK-Y|301200|vol3|CLARKYB.DRG|299800,clarky,CLARK-Y,301200,vol3,CLARKYB.DRG,299800,0.004648074369189907,3.24,0.699,0.0101,0.6901019108280254,0.009682165605095543,0.755787184658436,0.009425693099928583,0.7571954698678101,0.009243209435790383,-0.008898089171974544,-0.041369742069748215,0.06709355903978464,0.05678718465843602,-0.045336569028952035,-0.06676305941301151,300k
CLARK-Y|301200|vol3|CLARKYB.DRG|299800,clarky,CLARK-Y,301200,vol3,CLARKYB.DRG,299800,0.004648074369189907,4.26,0.791,0.0112,0.7831976047904191,0.010345508982035928,0.8489940705025595,0.010397798121879463,0.8524110776904625,0.010198006534952486,-0.007802395209580926,-0.07629384088964927,0.06921347290004343,0.05799407050255945,-0.014257630759353386,-0.07162516768933366,300k
CLARK-Y|301200|vol3|CLARKYB.DRG|299800,clarky,CLARK-Y,301200,vol3,CLARKYB.DRG,299800,0.004648074369189907,5.29,0.882,0.012,0.8759097744360902,0.011234586466165413,0.9427679763434748,0.011446308844100004,0.9475747975282749,0.011282660530364103,-0.006090225563909812,-0.06378446115288226,0.0716650230921847,0.06076797634347475,0.004279112928942438,-0.046140929658333024,300k
E374A|58900|vol2|E374B.DRG|60100,e374,E374A,58900,vol2,E374B.DRG,60100,0.02037351443123939,-6.0,-0.41,0.0303,-0.33665,0.031505,-0.4856777878148222,0.05419947201198888,-0.5043125516234401,0.05464908788558878,0.07334999999999997,0.03976897689768969,-0.16766255162344013,-0.0756777878148222,0.7346163429801233,0.7887614525408871,60k
E374A|58900|vol2|E374B.DRG|60100,e374,E374A,58900,vol2,E374B.DRG,60100,0.02037351443123939,-4.97,-0.355,0.0257,-0.2891165048543689,0.025611650485436892,-0.4414125423267721,0.03586909572639302,-0.4955951763112626,0.038605595343056735,0.06588349514563108,-0.0034377243020664926,-0.2064786714568937,-0.08641254232677209,0.5073450797326929,0.3956846586145143,60k
E374A|58900|vol2|E374B.DRG|60100,e374,E374A,58900,vol2,E374B.DRG,60100,0.02037351443123939,-3.94,-0.268,0.0194,-0.23512871287128712,0.02085049504950495,-0.3653430171012512,0.028145701132659257,-0.43833192436894786,0.03000183011405219,0.0328712871287129,0.0747677860569561,-0.20320321149766074,-0.0973430171012512,0.438902531705813,0.4508093367350132,60k
E374A|58900|vol2|E374B.DRG|60100,e374,E374A,58900,vol2,E374B.DRG,60100,0.02037351443123939,-2.95,-0.175,0.018,-0.15773076923076926,0.018442307692307692,-0.29692569147999437,0.022615220840223806,-0.3050972527546174,0.024939735403893284,0.01726923076923073,0.024572649572649628,-0.14736648352384815,-0.12192569147999438,0.35231099166053265,0.2564011577902115,60k
E374A|58900|vol2|E374B.DRG|60100,e374,E374A,58900,vol2,E374B.DRG,60100,0.02037351443123939,-1.92,-0.041,0.0197,-0.05341747572815533,0.02025339805825243,-0.11479018705542143,0.021462621332697062,-0.12623918419651747,0.02289725091186754,-0.012417475728155325,0.028091271992509177,-0.07282170846836214,-0.07379018705542142,0.1305387296497562,0.08947316409629763,60k
E374A|58900|vol2|E374B.DRG|60100,e374,E374A,58900,vol2,E374B.DRG,60100,0.02037351443123939,-0.89,0.098,0.0243,0.06815841584158416,0.02401980198019802,-0.014721056489614871,0.022092807906778245,-0.008542347503421333,0.023365753462793015,-0.02984158415841584,-0.011530782707900344,-0.0767007633450055,-0.11272105648961488,-0.027229554929062455,-0.09083095033834376,60k
E374A|58900|vol2|E374B.DRG|60100,e374,E374A,58900,vol2,E374B.DRG,60100,0.02037351443123939,0.13,0.198,0.0269,0.19772549019607844,0.02743921568627451,0.11710725604322551,0.023897437397336668,0.11246560283964468,0.024724840370819384,-0.0002745098039215743,0.02004519279830887,-0.08525988735643375,-0.0808927439567745,-0.09892321072474732,-0.11161942760830233,60k
E374A|58900|vol2|E374B.DRG|60100,e374,E374A,58900,vol2,E374B.DRG,60100,0.02037351443123939,1.16,0.31,0.0308,0.2913173076923077,0.030378846153846152,0.26354372184784713,0.026446392543170646,0.24159606176373016,0.026982185943138667,-0.018682692307692317,-0.013673826173826262,-0.04972124592857752,-0.04645627815215286,-0.11181004681698377,-0.1413508914554985,60k
E374A|58900|vol2|E374B.DRG|60100,e374,E374A,58900,vol2,E374B.DRG,60100,0.02037351443123939,2.17,0.412,0.0309,0.3623,0.03371,0.3883185837910107,0.02977288216700111,0.35374411185073235,0.03007875003618521,-0.049699999999999966,0.09093851132686073,-0.008555888149267665,-0.02368141620898928,-0.10772025997670687,-0.03647630527504495,60k
E374A|58900|vol2|E374B.DRG|60100,e374,E374A,58900,vol2,E374B.DRG,60100,0.02037351443123939,3.2,0.546,0.0317,0.44183593750000005,0.03855234375,0.49738017420361025,0.03394755762027894,0.45468314216452477,0.03393230023743634,-0.10416406249999999,0.21616226340694017,0.012847204664524714,-0.04861982579638979,-0.11983820082439636,0.07090087130217487,60k
E374A|58900|vol2|E374B.DRG|60100,e374,E374A,58900,vol2,E374B.DRG,60100,0.02037351443123939,4.24,0.649,0.0377,0.5615185185185185,0.040718518518518515,0.5999895337024604,0.03818974335575597,0.5545181206200627,0.03762272956889285,-0.0874814814814815,0.08006680420473522,-0.007000397898455857,-0.04901046629753958,-0.07602901731844003,0.012990539940476768,60k
E374A|58900|vol2|E374B.DRG|60100,e374,E374A,58900,vol2,E374B.DRG,60100,0.02037351443123939,5.25,0.751,0.0386,0.7279805825242719,0.0371252427184466,0.7134264926501137,0.03947515349932411,0.6771376794569028,0.037394921116516815,-0.02301941747572811,-0.038206147190502734,-0.05084290306736905,-0.03757350734988629,0.0072640171032800184,0.022672370448811045,60k
E374A|58900|vol2|E374B.DRG|60100,e374,E374A,58900,vol2,E374B.DRG,60100,0.02037351443123939,6.28,0.843,0.0315,0.8357941176470589,0.03336960784313725,0.8646682285207514,0.03423697673744792,0.8220036627315099,0.032456384368607434,-0.007205882352941062,0.05935262994086507,-0.013790454915548978,0.021668228520751454,-0.027366922584846267,0.08688815039517198,60k
E374A|58900|vol2|E374B.DRG|60100,e374,E374A,58900,vol2,E374B.DRG,60100,0.02037351443123939,7.29,0.929,0.0303,0.9268446601941748,0.027986407766990292,0.9658311704097654,0.028083947896488184,0.9217191800404921,0.028117440247016182,-0.0021553398058252737,-0.07635617930725111,-0.005125480153682638,0.03683117040976536,0.004682004247091756,-0.07313703311920187,60k
E374A|58900|vol2|E374B.DRG|60100,e374,E374A,58900,vol2,E374B.DRG,60100,0.02037351443123939,8.31,0.979,0.0302,0.9833673469387755,0.028758163265306128,1.0037532284456392,0.030789368382660866,0.9668649015509838,0.030835063590311785,0.004367346938775496,-0.047742938234896476,-0.016502445387791664,0.024753228445639208,0.07221950532255415,0.01951550935963128,60k
E374A|58900|vol2|E374B.DRG|60100,e374,E374A,58900,vol2,E374B.DRG,60100,0.02037351443123939,9.3,0.994,0.0437,1.0049008264462809,0.03900165289256199,1.0529490360274019,0.041511691629373716,1.0237111241044867,0.03994403565809363,0.010900826446280876,-0.10751366378576693,0.018810297658205855,0.05894903602740187,0.024162636597162414,-0.050075706421654154,60k
E374A|97800|vol3|E374B.DRG|100100,e374,E374A,97800,vol3,E374B.DRG,100100,0.023517382413087935,-4.98,-0.321,0.0237,-0.3564556962025317,0.021412658227848103,-0.4217170155894253,0.029044665890774854,-0.4460429023235848,0.032589243602936364,-0.035455696202531695,-0.09651231106126144,-0.08958720612105309,-0.10071701558942531,0.5219616012248597,0.22551332872467744,100k
E374A|97800|vol3|E374B.DRG|100100,e374,E374A,97800,vol3,E374B.DRG,100100,0.023517382413087935,-3.94,-0.196,0.0183,-0.25409615384615386,0.01795,-0.2805701062193613,0.022236627745178646,-0.3127842893452776,0.022909405427728704,-0.05809615384615385,-0.01912568306010927,-0.05868813549912372,-0.08457010621936129,0.2762899959737439,0.21511627022834132,100k
E374A|97800|vol3|E374B.DRG|100100,e374,E374A,97800,vol3,E374B.DRG,100100,0.023517382413087935,-2.94,-0.083,0.0138,-0.10490322580645162,0.015570967741935483,-0.13440588406093706,0.01677708235496839,-0.14642150198064818,0.016623452723690726,-0.021903225806451612,0.12833099579242635,-0.04151827617419657,-0.05140588406093706,0.06759277902302158,0.21573060543249206,100k
E374A|97800|vol3|E374B.DRG|100100,e374,E374A,97800,vol3,E374B.DRG,100100,0.023517382413087935,-1.9,0.081,0.0164,0.046,0.016592307692307694,0.07725508373838083,0.015929500429886206,0.12979976321411157,0.0161337929500131,-0.035,0.011726078799249574,0.08379976321411158,-0.0037449162616191717,-0.027634175474407607,-0.028688998177670465,100k
E374A|97800|vol3|E374B.DRG|100100,e374,E374A,97800,vol3,E374B.DRG,100100,0.023517382413087935,-0.86,0.218,0.0185,0.1741698113207547,0.018869811320754718,0.23427757442165956,0.01588928533077163,0.28419635363410406,0.016274732377476085,-0.04383018867924529,0.019989801121876708,0.11002654231334935,0.016277574421659557,-0.1375254314506225,-0.1411197118501822,100k
E374A|97800|vol3|E374B.DRG|100100,e374,E374A,97800,vol3,E374B.DRG,100100,0.023517382413087935,0.17,0.303,0.0202,0.2682727272727273,0.02143636363636364,0.3265227259561969,0.016236633158989877,0.3703469523548968,0.016535173475205438,-0.03472727272727272,0.06120612061206137,0.10207422508216951,0.02352272595619692,-0.22863906604215525,-0.19620627925792683,100k
E374A|97800|vol3|E374B.DRG|100100,e374,E374A,97800,vol3,E374B.DRG,100100,0.023517382413087935,1.18,0.392,0.0226,0.33849,0.024763,0.4217526764055917,0.017039320079124894,0.4600497023436236,0.017354980718494985,-0.05351,0.09570796460176999,0.12155970234362357,0.029752676405591705,-0.29915677751100495,-0.24604778410951791,100k
E374A|97800|vol3|E374B.DRG|100100,e374,E374A,97800,vol3,E374B.DRG,100100,0.023517382413087935,2.19,0.483,0.0236,0.4047572815533981,0.027511650485436894,0.521551468511998,0.018146039889676314,0.5523617749553587,0.018422840482930934,-0.07824271844660191,0.16574790192529215,0.14760449340196058,0.03855146851199798,-0.33036222262699433,-0.2311000046747324,100k
E374A|97800|vol3|E374B.DRG|100100,e374,E374A,97800,vol3,E374B.DRG,100100,0.023517382413087935,3.21,0.576,0.0257,0.4802211538461539,0.029216346153846155,0.6238537085287144,0.01934218339710987,0.6457202925184661,0.019390372017922874,-0.09577884615384608,0.13682280754265191,0.1654991386723122,0.0478537085287144,-0.33631769298536157,-0.24738586003463536,100k
E374A|97800|vol3|E374B.DRG|100100,e374,E374A,97800,vol3,E374B.DRG,100100,0.023517382413087935,4.24,0.671,0.0233,0.5758932038834952,0.027054368932038834,0.7289961427231542,0.020031582032019664,0.7396114480859044,0.019746828585173508,-0.09510679611650485,0.16113171382140912,0.1637182442024092,0.05799614272315412,-0.2701057402307933,-0.14027544926954236,100k
E374A|97800|vol3|E374B.DRG|100100,e374,E374A,97800,vol3,E374B.DRG,100100,0.023517382413087935,5.25,0.764,0.0216,0.6797254901960784,0.022045098039215685,0.8281560380169853,0.01975440029006047,0.8273575637938205,0.01933411784093865,-0.0842745098039216,0.020606390704429822,0.1476320735977421,0.06415603801698533,-0.12297428632227057,-0.08544443101571901,100k
E374A|97800|vol3|E374B.DRG|100100,e374,E374A,97800,vol3,E374B.DRG,100100,0.023517382413087935,6.27,0.863,0.0203,0.7844190476190476,0.019097142857142858,0.9196556549109935,0.01895069508871241,0.9031642263903491,0.018573010044291356,-0.07858095238095242,-0.05925404644616458,0.11874517877130153,0.05665565491099356,-0.027445614078100762,-0.06646822223091575,100k
E374A|97800|vol3|E374B.DRG|100100,e374,E374A,97800,vol3,E374B.DRG,100100,0.023517382413087935,7.3,0.953,0.0189,0.87,0.021099999999999997,0.9849192249612649,0.019423989513764034,0.9435101385518887,0.02034737487533517,-0.08299999999999996,0.11640211640211624,0.0735101385518887,0.03191922496126498,-0.035669437187906494,0.027724312897567927,100k
E374A|97800|vol3|E374B.DRG|100100,e374,E374A,97800,vol3,E374B.DRG,100100,0.023517382413087935,8.31,0.993,0.0238,0.9212857142857143,0.02885714285714286,0.9957050169386551,0.028361239656725348,0.9668608663958472,0.026528734412522244,-0.07171428571428573,0.21248499399759904,0.045575152110132966,0.0027050169386551026,-0.08068742134823914,0.1916487250724935,100k
E374A|97800|vol3|E374B.DRG|100100,e374,E374A,97800,vol3,E374B.DRG,100100,0.023517382413087935,9.31,1.01,0.0345,0.9622941176470589,0.038792156862745106,1.0736394240144398,0.03613014431580703,1.0335045901866287,0.033965507788897106,-0.047705882352941154,0.12441034384768414,0.0712104725395698,0.06363942401443978,-0.12442332327448843,0.04725055987846453,100k
E374A|151800|vol1|E374B.DRG|152400,e374,E374A,151800,vol1,E374B.DRG,152400,0.003952569169960474,-6.01,-0.397,0.0264,-0.43175423728813556,0.026211016949152538,-0.46058699836778144,0.03527743782093446,-0.47528919725843516,0.03898169913076818,-0.03475423728813554,-0.007158448895737191,-0.0435349599702996,-0.06358699836778142,0.487225741999627,0.33626658412630533,150k
E374A|151800|vol1|E374B.DRG|152400,e374,E374A,151800,vol1,E374B.DRG,152400,0.003952569169960474,-4.97,-0.274,0.0205,-0.33695,0.019111,-0.31442973144381425,0.02211617096693282,-0.3436714412449725,0.02375386572055822,-0.06295,-0.06775609756097567,-0.006721441244972481,-0.04042973144381423,0.24294206062258492,0.07883760814306431,150k
E374A|151800|vol1|E374B.DRG|152400,e374,E374A,151800,vol1,E374B.DRG,152400,0.003952569169960474,-3.94,-0.134,0.0145,-0.19615652173913045,0.015170434782608695,-0.1637315904408435,0.016559270707486157,-0.19730106859027466,0.016829382801926442,-0.062156521739130444,0.04623688155922028,-0.001144546851144207,-0.029731590440843503,0.10935401938641577,0.1420186694818039,150k
E374A|151800|vol1|E374B.DRG|152400,e374,E374A,151800,vol1,E374B.DRG,152400,0.003952569169960474,-2.92,-0.034,0.012,-0.08369662921348314,0.012564044943820225,-0.05055848751906099,0.01236669422022324,-0.07109423405166174,0.012631928176503769,-0.04969662921348314,0.04700374531835206,0.012602395161821406,-0.016558487519060985,0.00540297595138204,0.030557851685269973,150k
E374A|151800|vol1|E374B.DRG|152400,e374,E374A,151800,vol1,E374B.DRG,152400,0.003952569169960474,-1.92,0.036,0.0118,-0.0012631578947368187,0.01316842105263158,0.03854934995744155,0.011420995950320749,0.09739772573739626,0.011821644420153264,-0.03726315789473682,0.11596788581623556,0.09866088363213307,0.002549349957441556,-0.1022732055039488,-0.032118987260953455,150k
E374A|151800|vol1|E374B.DRG|152400,e374,E374A,151800,vol1,E374B.DRG,152400,0.003952569169960474,-0.88,0.166,0.0122,0.11677272727272728,0.014131818181818183,0.19220355314142287,0.011845364019565156,0.281654223590794,0.012576953542340123,-0.04922727272727273,0.1583457526080477,0.16488149631806673,0.026203553141422864,-0.11002580272922909,-0.029068522986462713,150k
E374A|151800|vol1|E374B.DRG|152400,e374,E374A,151800,vol1,E374B.DRG,152400,0.003952569169960474,0.14,0.278,0.012,0.26608571428571426,0.014094285714285714,0.32191093322908987,0.011999768498447113,0.38909184829276927,0.012615461378544088,-0.011914285714285766,0.17452380952380944,0.12300613400705501,0.043910933229089844,-0.10492368082496838,-1.9291796073967148e-05,150k
E374A|151800|vol1|E374B.DRG|152400,e374,E374A,151800,vol1,E374B.DRG,152400,0.003952569169960474,1.16,0.368,0.0125,0.35816494845360825,0.014787628865979383,0.42663761607398004,0.012252499256884576,0.48121994354614395,0.012841578374310585,-0.009835051546391749,0.18301030927835055,0.1230549950925357,0.05863761607398005,-0.13159990078909184,-0.019800059449233964,150k
E374A|151800|vol1|E374B.DRG|152400,e374,E374A,151800,vol1,E374B.DRG,152400,0.003952569169960474,2.2,0.467,0.0132,0.45194594594594595,0.015810810810810812,0.5266117643821379,0.012698716892436127,0.5722022020698428,0.013282543075219774,-0.015054054054054078,0.19778869778869793,0.1202562561238969,0.05961176438213783,-0.15990753199464686,-0.037975992997263085,150k
E374A|151800|vol1|E374B.DRG|152400,e374,E374A,151800,vol1,E374B.DRG,152400,0.003952569169960474,3.2,0.563,0.0141,0.5469514563106797,0.01665242718446602,0.6256610227188647,0.013237329144266537,0.6596413999547158,0.01374778799579801,-0.016048543689320294,0.18102320457205817,0.11268994364403617,0.06266102271886476,-0.17442737665158878,-0.0611823301938626,150k
E374A|151800|vol1|E374B.DRG|152400,e374,E374A,151800,vol1,E374B.DRG,152400,0.003952569169960474,4.22,0.66,0.0145,0.6454468085106383,0.016551063829787233,0.7279136256624422,0.013769727873584523,0.7480592517981519,0.014148650729112353,-0.014553191489361739,0.14145267791636085,0.10261244328751362,0.06791362566244219,-0.14515158212073453,-0.05036359492520535,150k
E374A|151800|vol1|E374B.DRG|152400,e374,E374A,151800,vol1,E374B.DRG,152400,0.003952569169960474,5.26,0.759,0.0148,0.7465742574257426,0.015650495049504953,0.8318250732865607,0.014188153965620141,0.8368698310721315,0.014349938977600805,-0.012425742574257437,0.05746588172330756,0.09029557364638896,0.07282507328656074,-0.08309999573753327,-0.04134094826890941,150k
E374A|151800|vol1|E374B.DRG|152400,e374,E374A,151800,vol1,E374B.DRG,152400,0.003952569169960474,6.28,0.853,0.0148,0.8413750000000001,0.015497321428571428,0.933503455141085,0.01413832428924575,0.9106083749065517,0.01479536513939976,-0.011624999999999885,0.04711631274131266,0.06923337490655157,0.08050345514108503,-0.045295330061201115,-0.04470781829420615,150k
E374A|151800|vol1|E374B.DRG|152400,e374,E374A,151800,vol1,E374B.DRG,152400,0.003952569169960474,7.28,0.924,0.0173,0.9168039215686274,0.018134313725490195,0.9881502754117097,0.01745972747199617,0.9487551218370645,0.01746434284351669,-0.007196078431372599,0.048226226906947715,0.03195120026843701,0.0641502754117097,-0.0369449261833256,0.009232801849489578,150k
E374A|151800|vol1|E374B.DRG|152400,e374,E374A,151800,vol1,E374B.DRG,152400,0.003952569169960474,8.29,0.965,0.0223,0.9567959183673469,0.025893877551020402,1.0107742673629652,0.02563005310483049,0.9634719877883677,0.02406247559561959,-0.00820408163265307,0.161160428296879,0.006676069421020836,0.04577426736296519,-0.07072721927383332,0.14932973564262292,150k
E374A|151800|vol1|E374B.DRG|152400,e374,E374A,151800,vol1,E374B.DRG,152400,0.003952569169960474,9.31,0.993,0.0316,0.9967142857142857,0.03267142857142858,1.0806870635298258,0.03208118521966857,1.026015041882481,0.029972550544785634,0.00371428571428567,0.03390596745027143,0.029300756168195274,0.0876870635298258,-0.0826066733122021,0.015227380369258546,150k
E374A|201300|vol2|E374B.DRG|200500,e374,E374A,201300,vol2,E374B.DRG,200500,0.003974167908594138,-6.0,-0.356,0.022,-0.38509615384615387,0.021055769230769232,-0.4139194852258826,0.02848473624051474,-0.4383882710625471,0.0328077394742227,-0.029096153846153883,-0.04291958041958031,-0.05329211721639321,-0.05791948522588264,0.5581354029222579,0.29476073820521553,200k
E374A|201300|vol2|E374B.DRG|200500,e374,E374A,201300,vol2,E374B.DRG,200500,0.003974167908594138,-4.96,-0.22,0.0159,-0.255019801980198,0.015636633663366335,-0.271017204725377,0.01840490318102356,-0.2999325982596562,0.01985996967710634,-0.03501980198019802,-0.016563920542997886,-0.044912796279458156,-0.05101720472537699,0.2700924063748121,0.15754108056751948,200k
E374A|201300|vol2|E374B.DRG|200500,e374,E374A,201300,vol2,E374B.DRG,200500,0.003974167908594138,-3.93,-0.12,0.0127,-0.14619607843137256,0.012394117647058823,-0.15055004081043216,0.014204451340241763,-0.17413926196741214,0.014506864618658005,-0.02619607843137256,-0.024085224641037534,-0.027943183536039584,-0.030550040810432166,0.1704636854161656,0.1184607354521074,200k
E374A|201300|vol2|E374B.DRG|200500,e374,E374A,201300,vol2,E374B.DRG,200500,0.003974167908594138,-2.92,-0.037,0.0111,-0.07019417475728155,0.010532038834951456,-0.05526491854255226,0.011000084573141685,-0.08054028138534348,0.011274429753633339,-0.03319417475728156,-0.05116767252689593,-0.01034610662806193,-0.018264918542552265,0.07048881325980269,-0.009001389807055412,200k
E374A|201300|vol2|E374B.DRG|200500,e374,E374A,201300,vol2,E374B.DRG,200500,0.003974167908594138,-1.9,0.038,0.0102,0.0074257425742574245,0.010306930693069306,0.02536218031481428,0.009771532629661064,0.046902893077467325,0.010020622129592061,-0.030574257425742574,0.010483401281304405,0.0394771505032099,-0.012637819685185719,-0.02777825639884892,-0.042006604935189866,200k
E374A|201300|vol2|E374B.DRG|200500,e374,E374A,201300,vol2,E374B.DRG,200500,0.003974167908594138,-0.9,0.136,0.0096,0.11254368932038836,0.011339805825242718,0.1412008339563497,0.010024800427327906,0.2221364793542032,0.010795766853428108,-0.023456310679611653,0.18122977346278318,0.10959279003381484,0.005200833956349682,-0.0479760394665281,0.04425004451332364,200k
E374A|201300|vol2|E374B.DRG|200500,e374,E374A,201300,vol2,E374B.DRG,200500,0.003974167908594138,0.16,0.275,0.01,0.24980392156862746,0.011529411764705884,0.28736498366371555,0.010236939892276134,0.36901048344561155,0.011058066032775546,-0.02519607843137256,0.15294117647058833,0.11920656187698409,0.012364983663715523,-0.040882027769468025,0.023693989227613343,200k
E374A|201300|vol2|E374B.DRG|200500,e374,E374A,201300,vol2,E374B.DRG,200500,0.003974167908594138,1.18,0.37,0.0104,0.3653009708737864,0.011956310679611651,0.4165722667297999,0.010457247110871403,0.48126509122654443,0.01119318473564985,-0.004699029126213616,0.1496452576549665,0.11596412035275805,0.046572266729799916,-0.06382620562571295,0.005504529891481147,200k
E374A|201300|vol2|E374B.DRG|200500,e374,E374A,201300,vol2,E374B.DRG,200500,0.003974167908594138,2.19,0.469,0.011,0.45836893203883494,0.012503883495145631,0.524368963696472,0.010696873115176423,0.5766579036324656,0.011386370310852684,-0.01063106796116503,0.13671668137687565,0.11828897159363067,0.05536896369647204,-0.08937328828493953,-0.02755698952941603,200k
E374A|201300|vol2|E374B.DRG|200500,e374,E374A,201300,vol2,E374B.DRG,200500,0.003974167908594138,3.22,0.573,0.0115,0.5598155339805826,0.012881553398058252,0.6261842526108834,0.011041182761739671,0.6664218777633057,0.011666911675050497,-0.013184466019417362,0.12013507809202191,0.10660634378272316,0.05318425261088344,-0.0942931093381058,-0.03989715115307203,200k
E374A|201300|vol2|E374B.DRG|200500,e374,E374A,201300,vol2,E374B.DRG,200500,0.003974167908594138,4.23,0.673,0.012,0.662,0.012917525773195876,0.7263896841906125,0.011508803278523735,0.752118786599975,0.012011373481650052,-0.01100000000000001,0.07646048109965634,0.09011878659997496,0.05338968419061241,-0.07014906007976453,-0.0409330601230221,200k
E374A|201300|vol2|E374B.DRG|200500,e374,E374A,201300,vol2,E374B.DRG,200500,0.003974167908594138,5.25,0.773,0.0126,0.7631588785046729,0.012926168224299065,0.8312614363752807,0.01199330262142982,0.8383989629878015,0.012287430237887314,-0.009841121495327121,0.025886367007862333,0.07524008448312858,0.058261436375280695,-0.049414333414834345,-0.048150585600807955,200k
E374A|201300|vol2|E374B.DRG|200500,e374,E374A,201300,vol2,E374B.DRG,200500,0.003974167908594138,6.27,0.855,0.0137,0.8542912621359222,0.013993203883495144,0.9345180663544947,0.012288788268230856,0.9103110222769102,0.013141774796755825,-0.0007087378640777686,0.021401743320813425,0.05601976014098797,0.07951806635449477,-0.060845900183271996,-0.10300815560358717,200k
E374A|201300|vol2|E374B.DRG|200500,e374,E374A,201300,vol2,E374B.DRG,200500,0.003974167908594138,7.29,0.912,0.0182,0.9182178217821783,0.018102970297029702,0.9845409589708538,0.017256883767267455,0.9449516255962975,0.016767257724607392,0.006217821782178223,-0.005331302361005412,0.026733803814119272,0.07254095897085377,-0.07378416638298695,-0.05181957322706295,200k
E374A|201300|vol2|E374B.DRG|200500,e374,E374A,201300,vol2,E374B.DRG,200500,0.003974167908594138,8.29,0.954,0.0233,0.9598019801980198,0.024469306930693064,1.0217883924585227,0.023895415654255736,0.966732471628559,0.022500439277048163,0.005801980198019807,0.05018484681086106,0.006930491430539254,0.06778839245852275,-0.08046274703331516,0.025554319925138833,200k
E374A|201300|vol2|E374B.DRG|200500,e374,E374A,201300,vol2,E374B.DRG,200500,0.003974167908594138,9.29,0.984,0.0302,0.9991881188118812,0.030610891089108905,1.082826155354129,0.02975746675555058,1.0190408853764932,0.027701777837092947,0.015188118811881202,0.013605665202281599,0.01985276656461199,0.09882615535412898,-0.09503523577760191,-0.014653418690378176,200k
E374A|300400|vol2|E374B.DRG|300700,e374,E374A,300400,vol2,E374B.DRG,300700,0.0009986684420772304,-6.01,-0.322,0.0186,-0.3495333333333333,0.01793047619047619,-0.38228630199139574,0.02144868395441759,-0.40742048629712807,0.025405896826843143,-0.0275333333333333,-0.035995903737839105,-0.057887152963794763,-0.06028630199139573,0.41691143932571834,0.15315505131277374,300k
E374A|300400|vol2|E374B.DRG|300700,e374,E374A,300400,vol2,E374B.DRG,300700,0.0009986684420772304,-4.98,-0.225,0.0141,-0.24473381294964033,0.013886330935251798,-0.26510644428806074,0.015150018594357585,-0.28306049407476885,0.01634280091941845,-0.019733812949640328,-0.015153834379305054,-0.03832668112512852,-0.04010644428806073,0.17689841871265383,0.07446940385514791,300k
E374A|300400|vol2|E374B.DRG|300700,e374,E374A,300400,vol2,E374B.DRG,300700,0.0009986684420772304,-3.99,-0.144,0.0114,-0.16282733812949643,0.011820863309352518,-0.16999436999873366,0.01239984238824396,-0.17881073772879424,0.012657734974831067,-0.01882733812949644,0.03691783415372965,-0.015983399599297815,-0.02599436999873367,0.07079615452590726,0.08770547265297897,300k
E374A|300400|vol2|E374B.DRG|300700,e374,E374A,300400,vol2,E374B.DRG,300700,0.0009986684420772304,-2.95,-0.052,0.0101,-0.08051851851851852,0.01009074074074074,-0.07032002386224331,0.009980359951507152,-0.09607380300578769,0.009873082467331247,-0.02851851851851852,-0.0009167583425009113,-0.015555284487269172,-0.018320023862243316,-0.021570098667852197,-0.011845549355727486,300k
E374A|300400|vol2|E374B.DRG|300700,e374,E374A,300400,vol2,E374B.DRG,300700,0.0009986684420772304,-2.0,0.033,0.0084,-0.0021764705882352897,0.008870588235294118,0.018195472368807548,0.008125498059777999,-0.009998500153254354,0.008183238466524419,-0.03517647058823529,0.056022408963585534,-0.007822029565019064,-0.014804527631192454,-0.07748637976846742,-0.03267880240738106,300k
E374A|300400|vol2|E374B.DRG|300700,e374,E374A,300400,vol2,E374B.DRG,300700,0.0009986684420772304,-0.94,0.127,0.0082,0.0926372549019608,0.008781372549019608,0.1208494583178823,0.008208695878551634,0.13682700067286915,0.008580146674299023,-0.0343627450980392,0.0708990913438546,0.044189745770908354,-0.006150541682117705,-0.022915082306017295,0.0010604729941016775,300k
E374A|300400|vol2|E374B.DRG|300700,e374,E374A,300400,vol2,E374B.DRG,300700,0.0009986684420772304,0.1,0.243,0.008,0.22,0.0094375,0.2389487389539545,0.008291281358775313,0.29704654160830746,0.00904568978006065,-0.022999999999999993,0.17968749999999994,0.07704654160830746,-0.004051261046045501,-0.04151631469556017,0.03641016984691405,300k
E374A|300400|vol2|E374B.DRG|300700,e374,E374A,300400,vol2,E374B.DRG,300700,0.0009986684420772304,1.14,0.371,0.0085,0.3624081632653061,0.009840816326530612,0.37657409694155547,0.008523903607189518,0.44319669952533614,0.009315230653789012,-0.00859183673469388,0.15774309723889546,0.08078853626003002,0.005574096941555473,-0.053408747333758666,0.0028121890811197503,300k
E374A|300400|vol2|E374B.DRG|300700,e374,E374A,300400,vol2,E374B.DRG,300700,0.0009986684420772304,2.17,0.473,0.0088,0.46176635514018693,0.009641121495327103,0.5075221587147825,0.008763358454482058,0.5652617903241334,0.009471150626401933,-0.011233644859813041,0.09558198810535255,0.10349543518394644,0.03452215871478248,-0.017629781867965464,-0.004163811990675231,300k
E374A|300400|vol2|E374B.DRG|300700,e374,E374A,300400,vol2,E374B.DRG,300700,0.0009986684420772304,3.2,0.579,0.0092,0.5626153846153846,0.009815384615384616,0.6205666095881084,0.00900849079507312,0.6677247881959092,0.009634323151496592,-0.01638461538461533,0.06688963210702355,0.10510940358052456,0.04156660958810843,-0.018446700866334827,-0.020816217926834833,300k
E374A|300400|vol2|E374B.DRG|300700,e374,E374A,300400,vol2,E374B.DRG,300700,0.0009986684420772304,4.24,0.681,0.0098,0.665607843137255,0.01011764705882353,0.7260158920832135,0.009383504288915942,0.7588340810545997,0.009888903445942265,-0.015392156862745088,0.032412965186074505,0.09322623791734475,0.04501589208321344,-0.02260838034291571,-0.04249956235551605,300k
E374A|300400|vol2|E374B.DRG|300700,e374,E374A,300400,vol2,E374B.DRG,300700,0.0009986684420772304,5.26,0.776,0.0107,0.7646699029126213,0.010494174757281554,0.8308831820236199,0.009846157773390115,0.8419994692488677,0.010237778562355264,-0.011330097087378754,-0.019236003992378112,0.07732956633624644,0.05488318202361986,-0.024432239871780746,-0.0797983389355032,300k
E374A|300400|vol2|E374B.DRG|300700,e374,E374A,300400,vol2,E374B.DRG,300700,0.0009986684420772304,6.27,0.852,0.0128,0.8499603960396039,0.012530693069306929,0.9297838489274458,0.01085570318999651,0.9065248105966852,0.01173305034340418,-0.0020396039603960414,-0.02103960396039622,0.05656441455708128,0.07778384892744583,-0.06365511640026679,-0.15189818828152274,300k
E374A|300400|vol2|E374B.DRG|300700,e374,E374A,300400,vol2,E374B.DRG,300700,0.0009986684420772304,7.28,0.91,0.017,0.910061224489796,0.01753265306122449,0.9815713687118834,0.016636682996700587,0.943910665680142,0.015626976315814448,6.122448979595241e-05,0.03133253301320519,0.03384944119034605,0.07157136871188341,-0.1086930049180445,-0.021371588429377336,300k
E374B|59200|vol2|E374B.DRG|60100,e374,E374B,59200,vol2,E374B.DRG,60100,0.015202702702702704,-6.0,-0.4,0.0343,-0.33665,0.031505,-0.5084998694060865,0.048860701029298355,-0.5043125516234401,0.05464908788558878,0.06335000000000002,-0.08148688046647228,-0.16766255162344013,-0.10849986940608647,0.7346163429801233,0.4245102340903312,60k
E374B|59200|vol2|E374B.DRG|60100,e374,E374B,59200,vol2,E374B.DRG,60100,0.015202702702702704,-4.98,-0.35,0.0275,-0.28959223300970877,0.025659223300970875,-0.46130119507467926,0.034214213053253235,-0.4960239033812366,0.03870462311058103,0.06040776699029121,-0.06693733451015,-0.20643167037152782,-0.11130119507467928,0.5084097697188111,0.2441532019364813,60k
E374B|59200|vol2|E374B.DRG|60100,e374,E374B,59200,vol2,E374B.DRG,60100,0.015202702702702704,-3.96,-0.29,0.0196,-0.23629702970297028,0.020939603960396038,-0.3886156591551168,0.027292633808456698,-0.43975913345389567,0.0301304902218835,0.053702970297029695,0.0683471408365326,-0.20346210375092538,-0.09861565915511683,0.438923595635838,0.3924813167579948,60k
E374B|59200|vol2|E374B.DRG|60100,e374,E374B,59200,vol2,E374B.DRG,60100,0.015202702702702704,-2.94,-0.184,0.0185,-0.15670192307692307,0.018443269230769232,-0.31860966504052207,0.021655298519910698,-0.30296119771420227,0.024905100364238784,0.027298076923076925,-0.0030665280665279596,-0.1462592746372792,-0.13460966504052208,0.35036256601889026,0.17055667675192968,60k
E374B|59200|vol2|E374B.DRG|60100,e374,E374B,59200,vol2,E374B.DRG,60100,0.015202702702702704,-1.92,-0.096,0.0188,-0.05341747572815533,0.02025339805825243,-0.11052177886944534,0.021746246926012732,-0.12623918419651747,0.02289725091186754,0.042582524271844675,0.0773084073538526,-0.07282170846836214,-0.014521778869445334,0.1305387296497562,0.1567152620219538,60k
E374B|59200|vol2|E374B.DRG|60100,e374,E374B,59200,vol2,E374B.DRG,60100,0.015202702702702704,-0.9,0.034,0.0222,0.06671287128712872,0.02398910891089109,-0.023834656512948683,0.022362606733463755,-0.009634439450317786,0.023356013854109865,0.032712871287128714,0.0805904914815806,-0.07634731073744651,-0.05783465651294868,-0.026390936784392173,0.00732462763350244,60k
E374B|59200|vol2|E374B.DRG|60100,e374,E374B,59200,vol2,E374B.DRG,60100,0.015202702702702704,0.13,0.174,0.0271,0.19772549019607844,0.02743921568627451,0.10663255489116592,0.024049906026378562,0.11246560283964468,0.024724840370819384,0.023725490196078447,0.012517183995369366,-0.08525988735643375,-0.06736744510883406,-0.09892321072474732,-0.11254959312256226,60k
E374B|59200|vol2|E374B.DRG|60100,e374,E374B,59200,vol2,E374B.DRG,60100,0.015202702702702704,1.15,0.271,0.0285,0.29057692307692307,0.03036153846153846,0.2480691251386799,0.026407596519685925,0.24041572015659804,0.02695528684812521,0.019576923076923047,0.06531713900134946,-0.050161202920325026,-0.022930874861320116,-0.11218969083955473,-0.0734176659759325,60k
E374B|59200|vol2|E374B.DRG|60100,e374,E374B,59200,vol2,E374B.DRG,60100,0.015202702702702704,2.18,0.364,0.032,0.36295000000000005,0.033765,0.37143064555306193,0.02963531846981704,0.3547562045951658,0.030114690928738846,-0.0010499999999999399,0.05515625000000008,-0.008193795404834225,0.007430645553061943,-0.10810925725636479,-0.07389629781821751,60k
E374B|59200|vol2|E374B.DRG|60100,e374,E374B,59200,vol2,E374B.DRG,60100,0.015202702702702704,3.19,0.433,0.0374,0.44090625,0.038515625,0.47520361624597796,0.03361056022937266,0.45374452769482143,0.03389298960558878,0.007906250000000004,0.02982954545454532,0.012838277694821432,0.04220361624597796,-0.12001974249181259,-0.10132191900073115,60k
E374B|59200|vol2|E374B.DRG|60100,e374,E374B,59200,vol2,E374B.DRG,60100,0.015202702702702704,4.21,0.545,0.0404,0.5554444444444444,0.04084444444444444,0.5749066257243312,0.037724761789697435,0.5513852666957537,0.03756163715630585,0.010444444444444367,0.011001100110010934,-0.00405917774869069,0.029906625724331115,-0.08037341021013954,-0.06621876758174662,60k
E374B|59200|vol2|E374B.DRG|60100,e374,E374B,59200,vol2,E374B.DRG,60100,0.015202702702702704,5.25,0.703,0.0366,0.7279805825242719,0.0371252427184466,0.6932931874983124,0.0389316081077416,0.6771376794569028,0.037394921116516815,0.024980582524271933,0.014350893946628307,-0.05084290306736905,-0.00970681250168759,0.0072640171032800184,0.0637051395557814,60k
E374B|59200|vol2|E374B.DRG|60100,e374,E374B,59200,vol2,E374B.DRG,60100,0.015202702702702704,6.27,0.817,0.0311,0.8348235294117647,0.03342156862745098,0.8375724672378806,0.033332593898010084,0.8206819307074065,0.032523369074740155,0.017823529411764794,0.07464850892125337,-0.014141598704358271,0.020572467237880643,-0.026874847279701977,0.07178758514501879,60k
E374B|59200|vol2|E374B.DRG|60100,e374,E374B,59200,vol2,E374B.DRG,60100,0.015202702702702704,7.29,0.906,0.0267,0.9268446601941748,0.027986407766990292,0.9232531182911033,0.027075780121494527,0.9217191800404921,0.028117440247016182,0.020844660194174747,0.048180066179411625,-0.005125480153682638,0.01725311829110332,0.004682004247091756,0.014074161853727543,60k
E374B|59200|vol2|E374B.DRG|60100,e374,E374B,59200,vol2,E374B.DRG,60100,0.015202702702702704,8.3,0.957,0.0263,0.983204081632653,0.02864897959183674,0.9491161681908451,0.03292412235592259,0.9664782557570202,0.030755168598180994,0.026204081632653087,0.08931481337782282,-0.01672582587563287,-0.007883831809154862,0.07351706889219858,0.2518677701871707,60k
E374B|59200|vol2|E374B.DRG|60100,e374,E374B,59200,vol2,E374B.DRG,60100,0.015202702702702704,9.3,0.973,0.0384,1.0049008264462809,0.03900165289256199,1.0188698076575897,0.04338681368426316,1.0237111241044867,0.03994403565809363,0.031900826446280894,0.015668044077135176,0.018810297658205855,0.045869807657589745,0.024162636597162414,0.1298649396943533,60k
E374B|97300|vol3|E374B.DRG|100100,e374,E374B,97300,vol3,E374B.DRG,100100,0.02877697841726619,-4.98,-0.327,0.0223,-0.3564556962025317,0.021412658227848103,-0.4459947175533896,0.027482031342474848,-0.4460429023235848,0.032589243602936364,-0.02945569620253169,-0.0397911108588295,-0.08958720612105309,-0.11899471755338958,0.5219616012248597,0.23237808710649538,100k
E374B|97300|vol3|E374B.DRG|100100,e374,E374B,97300,vol3,E374B.DRG,100100,0.02877697841726619,-3.95,-0.217,0.0173,-0.2555865384615385,0.017975,-0.30849558798731985,0.02162896690029746,-0.3143519078808592,0.022975557304702944,-0.038586538461538505,0.03901734104046255,-0.0587653694193207,-0.09149558798731985,0.27819512126302876,0.250229300595229,100k
E374B|97300|vol3|E374B.DRG|100100,e374,E374B,97300,vol3,E374B.DRG,100100,0.02877697841726619,-2.93,-0.093,0.0146,-0.10338709677419358,0.015566129032258064,-0.1636657549615907,0.0159328203668799,-0.1432537278106551,0.016612173345614146,-0.010387096774193583,0.06617322138753862,-0.039866631036461514,-0.0706657549615907,0.06720002841993272,0.09128906622465056,100k
E374B|97300|vol3|E374B.DRG|100100,e374,E374B,97300,vol3,E374B.DRG,100100,0.02877697841726619,-1.89,0.081,0.0162,0.047375,0.016619230769230768,0.11028834657746961,0.016244341210969057,0.13185863637401035,0.016136750979150825,-0.033625,0.025878442545109195,0.08448363637401035,0.029288346577469607,-0.02903141527905237,0.002737111788213458,100k
E374B|97300|vol3|E374B.DRG|100100,e374,E374B,97300,vol3,E374B.DRG,100100,0.02877697841726619,-0.87,0.19,0.0191,0.17310377358490567,0.018853773584905663,0.2423214930980806,0.016071449350546798,0.28338177668690284,0.016275247173397952,-0.016896226415094334,-0.012891435345253199,0.11027800310199717,0.052321493098080596,-0.13676447316478224,-0.1585628612279163,100k
E374B|97300|vol3|E374B.DRG|100100,e374,E374B,97300,vol3,E374B.DRG,100100,0.02877697841726619,0.14,0.276,0.0207,0.2661212121212121,0.02132727272727273,0.32590660897056545,0.01644399836322769,0.3677532766360221,0.016515820191125595,-0.009878787878787931,0.030303030303030425,0.10163206451481,0.049906608970565425,-0.22560092880485283,-0.20560394380542565,100k
E374B|97300|vol3|E374B.DRG|100100,e374,E374B,97300,vol3,E374B.DRG,100100,0.02877697841726619,1.17,0.36,0.0239,0.33782,0.024734,0.4206775254293747,0.017321000383574498,0.45913445581066653,0.01734494990722153,-0.022179999999999978,0.03489539748953966,0.12131445581066652,0.06067752542937471,-0.29874060373487793,-0.27527195047805453,100k
E374B|97300|vol3|E374B.DRG|100100,e374,E374B,97300,vol3,E374B.DRG,100100,0.02877697841726619,2.18,0.446,0.0261,0.40411650485436895,0.02748640776699029,0.5164972301177053,0.01846124062331521,0.551449191489421,0.01841166909195296,-0.041883495145631056,0.053119071532195014,0.147332686635052,0.07049723011770531,-0.33015368002855605,-0.29267277305305717,100k
E374B|97300|vol3|E374B.DRG|100100,e374,E374B,97300,vol3,E374B.DRG,100100,0.02877697841726619,3.21,0.532,0.0285,0.4802211538461539,0.029216346153846155,0.6148197520545768,0.019665384925359575,0.6457202925184661,0.019390372017922874,-0.05177884615384615,0.025134952766531726,0.1654991386723122,0.08281975205457681,-0.33631769298536157,-0.3099864938470325,100k
E374B|97300|vol3|E374B.DRG|100100,e374,E374B,97300,vol3,E374B.DRG,100100,0.02877697841726619,4.23,0.632,0.0269,0.5748737864077671,0.027109708737864075,0.7136739747481003,0.0202945300969984,0.7387083962929871,0.019748388958956024,-0.05712621359223291,0.0077958638611180225,0.16383460988522003,0.08167397474810034,-0.27153813602676263,-0.2455565019703197,100k
E374B|97300|vol3|E374B.DRG|100100,e374,E374B,97300,vol3,E374B.DRG,100100,0.02877697841726619,5.24,0.733,0.022,0.678686274509804,0.022087254901960784,0.8063719412066197,0.01986236282877817,0.8265331964412835,0.019341476237271178,-0.054313725490195974,0.003966131907308442,0.14784692193147952,0.07337194120661972,-0.12431507115199956,-0.09716532596462862,100k
E374B|97300|vol3|E374B.DRG|100100,e374,E374B,97300,vol3,E374B.DRG,100100,0.02877697841726619,6.27,0.824,0.0203,0.7844190476190476,0.019097142857142858,0.8895856620365153,0.01856988304966798,0.9031642263903491,0.018573010044291356,-0.03958095238095238,-0.05925404644616458,0.11874517877130153,0.06558566203651539,-0.027445614078100762,-0.08522743597694672,100k
E374B|97300|vol3|E374B.DRG|100100,e374,E374B,97300,vol3,E374B.DRG,100100,0.02877697841726619,7.3,0.917,0.0195,0.87,0.021099999999999997,0.9261293470275901,0.02144996208069023,0.9435101385518887,0.02034737487533517,-0.04700000000000004,0.08205128205128191,0.0735101385518887,0.009129347027590051,-0.035669437187906494,0.09999805542001171,100k
E374B|97300|vol3|E374B.DRG|100100,e374,E374B,97300,vol3,E374B.DRG,100100,0.02877697841726619,8.3,0.934,0.0292,0.9208571428571428,0.028764761904761908,0.9511705455995693,0.03014473945588642,0.9663875003292781,0.026457677683370564,-0.013142857142857234,-0.014905414220482627,0.0455303574721353,0.01717054559956921,-0.08020522572131611,0.03235409095501435,100k
E374B|97300|vol3|E374B.DRG|100100,e374,E374B,97300,vol3,E374B.DRG,100100,0.02877697841726619,9.3,0.963,0.0339,0.9619117647058824,0.03868235294117648,1.0516735301535005,0.037449221654943826,1.0325485461917128,0.033886173548215257,-0.001088235294117612,0.14107235814679883,0.07063678148583041,0.08867353015350055,-0.12398882250660094,0.10469680398064385,100k
E374B|151000|vol1|E374B.DRG|152400,e374,E374B,151000,vol1,E374B.DRG,152400,0.009271523178807948,-4.98,-0.279,0.0186,-0.3384000000000001,0.019152000000000002,-0.3450003715976215,0.02086435096629237,-0.34521083306674716,0.023830194451033515,-0.059400000000000064,0.029677419354838922,-0.0068108330667470685,-0.06600037159762145,0.24426662756022932,0.1217392992630307,150k
E374B|151000|vol1|E374B.DRG|152400,e374,E374B,151000,vol1,E374B.DRG,152400,0.009271523178807948,-3.93,-0.146,0.0141,-0.1949739130434783,0.015138260869565217,-0.18818714372133574,0.015969428196339272,-0.1961425200493776,0.016782347081461247,-0.04897391304347831,0.07363552266419983,-0.001168607005899297,-0.04218714372133575,0.10860469548397003,0.13258356002406188,150k
E374B|151000|vol1|E374B.DRG|152400,e374,E374B,151000,vol1,E374B.DRG,152400,0.009271523178807948,-2.91,-0.055,0.0112,-0.08294382022471912,0.01256741573033708,-0.0787397822178861,0.011727266259818982,-0.06951279691249572,0.012616481343513694,-0.02794382022471912,0.1220906902086678,0.0134310233122234,-0.023739782217886106,0.003904192733767274,0.04707734462669486,150k
E374B|151000|vol1|E374B.DRG|152400,e374,E374B,151000,vol1,E374B.DRG,152400,0.009271523178807948,-1.9,0.022,0.0117,0.00071929824561406,0.013192982456140352,0.05322169494182295,0.011687680684237516,0.10125048307389194,0.011839710723683582,-0.021280701754385938,0.12760533813165398,0.10053118482827787,0.031221694941822954,-0.10257511801866476,-0.001052932971152486,150k
E374B|151000|vol1|E374B.DRG|152400,e374,E374B,151000,vol1,E374B.DRG,152400,0.009271523178807948,-0.87,0.19,0.0118,0.11851136363636364,0.01412840909090909,0.22000066084743242,0.012279129832451401,0.282776258076823,0.012576779761035798,-0.07148863636363637,0.19732280431432975,0.16426489444045936,0.030000660847432414,-0.10982335802207813,0.0406042230891018,150k
E374B|151000|vol1|E374B.DRG|152400,e374,E374B,151000,vol1,E374B.DRG,152400,0.009271523178807948,0.16,0.285,0.0127,0.2679142857142857,0.014105714285714286,0.33448561225947615,0.012396996241714144,0.3909235706252402,0.01261842167059691,-0.01708571428571426,0.11068616422947136,0.12300928491095448,0.049485612259476175,-0.10543901464271445,-0.023858563644555558,150k
E374B|151000|vol1|E374B.DRG|152400,e374,E374B,151000,vol1,E374B.DRG,152400,0.009271523178807948,1.17,0.369,0.014,0.3590412371134021,0.014796907216494846,0.4299800394601064,0.012657804320452862,0.4820942000768103,0.012845482459081271,-0.009958762886597916,0.05692194403534613,0.12305296296340823,0.06098003946010638,-0.13188058348019002,-0.09587111996765273,150k
E374B|151000|vol1|E374B.DRG|152400,e374,E374B,151000,vol1,E374B.DRG,152400,0.009271523178807948,2.2,0.457,0.014,0.45194594594594595,0.015810810810810812,0.5255630747730489,0.013109511439008605,0.5722022020698428,0.013282543075219774,-0.005054054054054069,0.12934362934362945,0.1202562561238969,0.06856307477304885,-0.15990753199464686,-0.0636063257850997,150k
E374B|151000|vol1|E374B.DRG|152400,e374,E374B,151000,vol1,E374B.DRG,152400,0.009271523178807948,3.21,0.549,0.015,0.5479126213592233,0.016654368932038834,0.621395125605257,0.013609900154470759,0.6605119190698676,0.013751977824492717,-0.0010873786407767927,0.11029126213592233,0.11259929771064436,0.07239512560525696,-0.17427205554229336,-0.09267332303528274,150k
E374B|151000|vol1|E374B.DRG|152400,e374,E374B,151000,vol1,E374B.DRG,152400,0.009271523178807948,4.24,0.645,0.0149,0.6474042553191489,0.016531914893617022,0.7186511613610552,0.014071391555746937,0.749771436343682,0.014154991940844396,0.002404255319148896,0.10952448950449814,0.10236718102453313,0.0736511613610552,-0.14377783626809967,-0.05561130498342704,150k
E374B|151000|vol1|E374B.DRG|152400,e374,E374B,151000,vol1,E374B.DRG,152400,0.009271523178807948,5.26,0.742,0.0144,0.7465742574257426,0.015650495049504953,0.8134402157297568,0.014268179624654504,0.8368698310721315,0.014349938977600805,0.004574257425742578,0.08683993399339951,0.09029557364638896,0.07144021572975678,-0.08309999573753327,-0.009154192732326077,150k
E374B|151000|vol1|E374B.DRG|152400,e374,E374B,151000,vol1,E374B.DRG,152400,0.009271523178807948,6.27,0.835,0.015,0.8405,0.015489285714285714,0.9010029595224803,0.014101349141393438,0.9101085042077138,0.014782628139699439,0.00550000000000006,0.032619047619047645,0.0696085042077138,0.06600295952248036,-0.045622347448502916,-0.05991005724043745,150k
E374B|151000|vol1|E374B.DRG|152400,e374,E374B,151000,vol1,E374B.DRG,152400,0.009271523178807948,7.29,0.893,0.019,0.9171960784313725,0.018215686274509802,0.9235657901982595,0.020589351678588202,0.9487813796177714,0.017532890952580406,0.024196078431372503,-0.041279669762641975,0.031585301186398906,0.030565790198259446,-0.03748391971840604,0.08365008834674749,150k
E374B|151000|vol1|E374B.DRG|152400,e374,E374B,151000,vol1,E374B.DRG,152400,0.009271523178807948,8.3,0.927,0.0258,0.957204081632653,0.025956122448979595,0.9699108656820454,0.02689714343583804,0.9640009468232371,0.0241174726103778,0.03020408163265298,0.00605125771238739,0.006796865190584089,0.042910865682045385,-0.07083684561189438,0.04252493937356749,150k
E374B|151000|vol1|E374B.DRG|152400,e374,E374B,151000,vol1,E374B.DRG,152400,0.009271523178807948,9.31,0.962,0.0328,0.9967142857142857,0.03267142857142858,1.058887345837592,0.03350236478505145,1.026015041882481,0.029972550544785634,0.0347142857142857,-0.00391986062717751,0.029300756168195274,0.09688734583759206,-0.0826066733122021,0.02141356051986111,150k
E374B|201600|vol2|E374B.DRG|200500,e374,E374B,201600,vol2,E374B.DRG,200500,0.005456349206349206,-6.0,-0.365,0.0204,-0.38509615384615387,0.021055769230769232,-0.44383295798008326,0.024527706227493423,-0.4383882710625471,0.0328077394742227,-0.020096153846153875,0.03214555052790346,-0.05329211721639321,-0.07883295798008327,0.5581354029222579,0.202338540563403,200k
E374B|201600|vol2|E374B.DRG|200500,e374,E374B,201600,vol2,E374B.DRG,200500,0.005456349206349206,-4.97,-0.229,0.0153,-0.2562574257425742,0.015676237623762374,-0.30120219947743904,0.017281700382391487,-0.30129644276313505,0.01992485634143414,-0.0272574257425742,0.024590694363553912,-0.045039017020560845,-0.07220219947743903,0.2710228576295385,0.12952290080990117,200k
E374B|201600|vol2|E374B.DRG|200500,e374,E374B,201600,vol2,E374B.DRG,200500,0.005456349206349206,-3.94,-0.136,0.0125,-0.14700980392156862,0.01241470588235294,-0.1757051489634539,0.013705854717952208,-0.17516940993529828,0.014541518979183191,-0.011009803921568612,-0.0068235294117648115,-0.02815960601372966,-0.039705148963453896,0.17131401395931892,0.09646837743617659,200k
E374B|201600|vol2|E374B.DRG|200500,e374,E374B,201600,vol2,E374B.DRG,200500,0.005456349206349206,-2.94,-0.061,0.0108,-0.07153398058252428,0.010563106796116505,-0.08056955203697277,0.01057486520789221,-0.08211471852230494,0.011331289379427007,-0.010533980582524277,-0.021934555915138456,-0.010580737939780663,-0.019569552036972776,0.07272316735384343,-0.020845814084054712,200k
E374B|201600|vol2|E374B.DRG|200500,e374,E374B,201600,vol2,E374B.DRG,200500,0.005456349206349206,-1.9,0.019,0.0097,0.0074257425742574245,0.010306930693069306,0.005741350225718403,0.009740711399333793,0.046902893077467325,0.010020622129592061,-0.011574257425742574,0.06257017454322736,0.0394771505032099,-0.013258649774281596,-0.02777825639884892,0.004197051477710546,200k
E374B|201600|vol2|E374B.DRG|200500,e374,E374B,201600,vol2,E374B.DRG,200500,0.005456349206349206,-0.88,0.118,0.0105,0.11510679611650486,0.011341747572815534,0.1579847359484122,0.010418773522873022,0.22518806711580466,0.01080260679601203,-0.002893203883495135,0.08016643550624125,0.1100812709992998,0.0399847359484122,-0.04753595275702868,-0.0077358549644741675,200k
E374B|201600|vol2|E374B.DRG|200500,e374,E374B,201600,vol2,E374B.DRG,200500,0.005456349206349206,0.15,0.272,0.0108,0.2484901960784314,0.011526470588235294,0.30347490206597244,0.010711157788549452,0.3678224201846624,0.011056923738247232,-0.023509803921568623,0.06726579520697164,0.11933222410623098,0.03147490206597242,-0.04073639423218706,-0.008226130689865599,200k
E374B|201600|vol2|E374B.DRG|200500,e374,E374B,201600,vol2,E374B.DRG,200500,0.005456349206349206,1.17,0.366,0.0115,0.36440776699029126,0.011950485436893204,0.4244232558039039,0.010885418253974684,0.4802799335300471,0.011191619607917303,-0.0015922330097087323,0.0391726466863656,0.11587216653975585,0.058423255803903895,-0.06350083709847901,-0.0534418909587231,200k
E374B|201600|vol2|E374B.DRG|200500,e374,E374B,201600,vol2,E374B.DRG,200500,0.005456349206349206,2.19,0.455,0.0119,0.45836893203883494,0.012503883495145631,0.5278550464736732,0.01108331362055356,0.5766579036324656,0.011386370310852684,0.0033689320388349264,0.050746512197111814,0.11828897159363067,0.07285504647367319,-0.08937328828493953,-0.06862910751650757,200k
E374B|201600|vol2|E374B.DRG|200500,e374,E374B,201600,vol2,E374B.DRG,200500,0.005456349206349206,3.21,0.551,0.0124,0.5587961165048544,0.012879611650485437,0.6238780151878581,0.011362191738172616,0.6655734038934487,0.011663719321355275,0.007796116504854345,0.038678358910115944,0.10677728738859427,0.07287801518785808,-0.09440442477039551,-0.0836942146634987,200k
E374B|201600|vol2|E374B.DRG|200500,e374,E374B,201600,vol2,E374B.DRG,200500,0.005456349206349206,4.24,0.646,0.0124,0.663,0.012915463917525773,0.7190100502775993,0.011765496942739057,0.7529672866693597,0.012015116687429828,0.017000000000000015,0.04156967076820751,0.08996728666935971,0.07301005027759933,-0.0697107928793955,-0.05116960139201148,200k
E374B|201600|vol2|E374B.DRG|200500,e374,E374B,201600,vol2,E374B.DRG,200500,0.005456349206349206,5.25,0.744,0.0124,0.7631588785046729,0.012926168224299065,0.814330969480714,0.012021798953002686,0.8383989629878015,0.012287430237887314,0.019158878504672905,0.0424329213144408,0.07524008448312858,0.07033096948071405,-0.049414333414834345,-0.030500084435267253,200k
E374B|201600|vol2|E374B.DRG|200500,e374,E374B,201600,vol2,E374B.DRG,200500,0.005456349206349206,6.28,0.829,0.0141,0.8550485436893204,0.014015533980582525,0.9007841804290773,0.01270671352122358,0.9108028394864492,0.01316097394980477,0.026048543689320414,-0.00599049783102657,0.05575429579712887,0.0717841804290773,-0.060972349106475955,-0.09881464388485249,200k
E374B|201600|vol2|E374B.DRG|200500,e374,E374B,201600,vol2,E374B.DRG,200500,0.005456349206349206,7.28,0.881,0.0196,0.9178019801980198,0.018033663366336633,0.924519074005757,0.019763522951798486,0.9448578789522352,0.01670531064035693,0.036801980198019835,-0.07991513437057991,0.027055898754215324,0.04351907400575694,-0.07365961640713178,0.008343007744820741,200k
E374B|201600|vol2|E374B.DRG|200500,e374,E374B,201600,vol2,E374B.DRG,200500,0.005456349206349206,8.3,0.923,0.0248,0.9602178217821782,0.02452376237623763,0.979127384578773,0.024994376995212328,0.9671526967364643,0.0225502409172827,0.03721782178217814,-0.011138613861385897,0.00693487495428613,0.056127384578772976,-0.08047384527209324,0.007837782065013258,200k
E374B|201600|vol2|E374B.DRG|200500,e374,E374B,201600,vol2,E374B.DRG,200500,0.005456349206349206,9.3,0.958,0.0319,0.9995445544554455,0.03068415841584159,1.0575978503194174,0.03119368773187314,1.0197391078616258,0.02775755716750564,0.04154455445544558,-0.03811415624321028,0.02019455340618026,0.09959785031941748,-0.09537824725950465,-0.022141450411500258,200k
E374B|308600|vol1|E374B.DRG|303300,e374,E374B,308600,vol1,E374B.DRG,303300,0.017174335709656513,-5.98,-0.334,0.0171,-0.3617222222222222,0.01794074074074074,-0.4099267039396237,0.01847255409435326,-0.40348698755322543,0.024726914911493834,-0.027722222222222204,0.04916612518951691,-0.041764765331003206,-0.0759267039396237,0.3782549599717869,0.08026632130720815,300k
E374B|308600|vol1|E374B.DRG|303300,e374,E374B,308600,vol1,E374B.DRG,303300,0.017174335709656513,-4.96,-0.237,0.0136,-0.2558434782608695,0.014143478260869565,-0.2882311331090309,0.014039295563112736,-0.2789438429935364,0.016008112254028584,-0.018843478260869517,0.03996163682864453,-0.02310036473266691,-0.051231133109030935,0.13183701765341976,0.03230114434652473,300k
E374B|308600|vol1|E374B.DRG|303300,e374,E374B,308600,vol1,E374B.DRG,303300,0.017174335709656513,-3.94,-0.157,0.0112,-0.1718411214953271,0.012344859813084112,-0.18719922966003288,0.011807747407893213,-0.17550441622514623,0.012450082876644354,-0.014841121495327098,0.10221962616822429,-0.003663294729819133,-0.030199229660032884,0.008523633735291003,0.05426316141903685,300k
E374B|308600|vol1|E374B.DRG|303300,e374,E374B,308600,vol1,E374B.DRG,303300,0.017174335709656513,-2.93,-0.069,0.01,-0.085625,0.010469791666666665,-0.08807629500717712,0.009558628351671554,-0.09189884656776827,0.009836314732279403,-0.016625,0.04697916666666652,-0.0062738465677682625,-0.019076295007177113,-0.06050520913459083,-0.04413716483284459,300k
E374B|308600|vol1|E374B.DRG|303300,e374,E374B,308600,vol1,E374B.DRG,303300,0.017174335709656513,-1.91,0.018,0.0085,0.0031588785046729106,0.009035514018691588,-0.003299659570743001,0.007913098468358436,-0.005992233187258811,0.008042776609774496,-0.014841121495327087,0.06300164925783379,-0.009151111691931722,-0.021299659570743,-0.10987060690331901,-0.06904723901665469,300k
E374B|308600|vol1|E374B.DRG|303300,e374,E374B,308600,vol1,E374B.DRG,303300,0.017174335709656513,-0.88,0.1,0.0085,0.09476470588235295,0.009141176470588236,0.10510120007327145,0.008240043133019837,0.1452284968831279,0.00858826881503796,-0.00523529411764706,0.07543252595155708,0.050463791000774944,0.005101200073271445,-0.060485393464315855,-0.030583160821195696,300k
E374B|308600|vol1|E374B.DRG|303300,e374,E374B,308600,vol1,E374B.DRG,303300,0.017174335709656513,0.14,0.218,0.0088,0.21457142857142858,0.008885714285714287,0.2409728336420855,0.008580376689171526,0.30226623577908984,0.009030485867916415,-0.0034285714285714197,0.009740259740259794,0.08769480720766126,0.022972833642085494,0.01629262179123634,-0.02495719441232664,300k
E374B|308600|vol1|E374B.DRG|303300,e374,E374B,308600,vol1,E374B.DRG,303300,0.017174335709656513,1.17,0.358,0.009,0.3625,0.0094375,0.3855773292992549,0.008861051928697317,0.44731468404711255,0.009290315984641561,0.004500000000000004,0.04861111111111116,0.08481468404711257,0.027577329299254938,-0.015595657256523269,-0.01543867458918693,300k
E374B|308600|vol1|E374B.DRG|303300,e374,E374B,308600,vol1,E374B.DRG,303300,0.017174335709656513,2.19,0.453,0.0092,0.46089,0.009744000000000001,0.514229544749013,0.009034694100324325,0.5687817356622371,0.00943829422656012,0.007890000000000008,0.059130434782608814,0.10789173566223709,0.06122954474901293,-0.03137374522166271,-0.01796803257344296,300k
E374B|308600|vol1|E374B.DRG|303300,e374,E374B,308600,vol1,E374B.DRG,303300,0.017174335709656513,3.21,0.548,0.0097,0.5623900000000001,0.010126,0.6231913211146198,0.009215655524376004,0.6693939392309907,0.009593580129269124,0.014390000000000014,0.043917525773195805,0.10700393923099061,0.07519132111461979,-0.05257948555509338,-0.04993242016742228,300k
E374B|308600|vol1|E374B.DRG|303300,e374,E374B,308600,vol1,E374B.DRG,303300,0.017174335709656513,4.23,0.645,0.0099,0.6668598130841122,0.010314018691588786,0.7200548601621153,0.009520425433874116,0.7582254786527592,0.009841847471871553,0.021859813084112223,0.04182006985745301,0.091365665568647,0.07505486016211527,-0.04577955827269291,-0.038340865265240866,300k
E374B|308600|vol1|E374B.DRG|303300,e374,E374B,308600,vol1,E374B.DRG,303300,0.017174335709656513,5.26,0.738,0.0105,0.7679354838709677,0.01048279569892473,0.815968494178233,0.009785544298347004,0.8429346661002461,0.010203916359501228,0.029935483870967672,-0.0016385048643114712,0.07499918222927848,0.07796849417823304,-0.02660352709650808,-0.0680434001574283,300k
E374B|308600|vol1|E374B.DRG|303300,e374,E374B,308600,vol1,E374B.DRG,303300,0.017174335709656513,6.27,0.813,0.0133,0.8542298850574712,0.011973563218390803,0.8893419645233267,0.012041702612498114,0.9093445795257097,0.011438278028999509,0.04122988505747127,-0.0997320888427967,0.05511469446823847,0.07634196452332676,-0.04470558843913085,-0.09460882612796129,300k
E374B|308600|vol1|E374B.DRG|303300,e374,E374B,308600,vol1,E374B.DRG,303300,0.017174335709656513,7.28,0.867,0.018,0.9138888888888889,0.016872222222222222,0.933273560740209,0.017982869925181645,0.944053126654894,0.015590518536298845,0.04688888888888887,-0.06265432098765424,0.030164237766005186,0.06627356074020896,-0.07596531559638062,-0.0009516708232418622,300k
E374B|308600|vol1|E374B.DRG|303300,e374,E374B,308600,vol1,E374B.DRG,303300,0.017174335709656513,8.29,0.916,0.0227,0.9615555555555555,0.022224074074074073,0.996156283645437,0.022194585039047674,0.978916780554596,0.020137882128794762,0.04555555555555546,-0.020965899820525474,0.01736122499904047,0.08015628364543692,-0.09387081496965485,-0.02226497625340649,300k
E374B|308600|vol1|E374B.DRG|303300,e374,E374B,308600,vol1,E374B.DRG,303300,0.017174335709656513,9.3,0.957,0.0285,1.0043333333333333,0.027852941176470598,1.0647668431351929,0.027793203950385096,1.0230088579448717,0.024487067594393293,0.04733333333333334,-0.02270381836945275,0.01867552461153843,0.10776684313519291,-0.12084445806824533,-0.024799861389996666,300k
E387A|59700|vol3|E387C.DRG|59885,e387,E387A,59700,vol3,E387C.DRG,59885,0.003098827470686767,-3.95,-0.211,0.0382,-0.16316666666666668,0.031933333333333334,-0.3138147027335437,0.04156748830229651,-0.3284331937375867,0.05360160157082154,0.04783333333333331,-0.16404886561954618,-0.16526652707092004,-0.10281470273354373,0.6785470220507789,0.08815414403917564,60k
E387A|59700|vol3|E387C.DRG|59885,e387,E387A,59700,vol3,E387C.DRG,59885,0.003098827470686767,-2.95,-0.125,0.0268,-0.06987628865979387,0.025667010309278353,-0.19130862368309381,0.03041775056612465,-0.186871231218788,0.03493814869898793,0.05512371134020613,-0.04227573472841968,-0.11699494255899412,-0.06630862368309381,0.36120834791413786,0.13499069276584516,60k
E387A|59700|vol3|E387C.DRG|59885,e387,E387A,59700,vol3,E387C.DRG,59885,0.003098827470686767,-1.91,0.006,0.021,0.07236111111111113,0.021931481481481482,-0.020781863700173715,0.024582352304348278,-0.0007189715482608063,0.028508717589603973,0.06636111111111112,0.04435626102292767,-0.07308008265937194,-0.026781863700173714,0.2998993074715988,0.1705882049689655,60k
E387A|59700|vol3|E387C.DRG|59885,e387,E387A,59700,vol3,E387C.DRG,59885,0.003098827470686767,-0.89,0.133,0.0204,0.18655102040816327,0.022492857142857144,0.16363510145153243,0.020267124293954972,0.16483720527037937,0.022793228972599326,0.05355102040816326,0.10259103641456582,-0.021713815137783893,0.03063510145153242,0.013354098496000463,-0.006513515002207306,60k
E387A|59700|vol3|E387C.DRG|59885,e387,E387A,59700,vol3,E387C.DRG,59885,0.003098827470686767,0.14,0.286,0.0223,0.290078431372549,0.02632156862745098,0.311563833841529,0.022212357634766144,0.31194886068566763,0.023463466106998725,0.004078431372549041,0.18033940033412466,0.02187042931311861,0.02556383384152905,-0.10858404986819505,-0.0039301509073478,60k
E387A|59700|vol3|E387C.DRG|59885,e387,E387A,59700,vol3,E387C.DRG,59885,0.003098827470686767,1.17,0.39,0.0262,0.40836190476190476,0.03091238095238095,0.4310198511826343,0.025305999218813963,0.42589052287537577,0.02698006777085405,0.018361904761904746,0.17986186841148666,0.017528618113471006,0.04101985118263429,-0.12720835666409655,-0.03412216722084116,60k
E387A|59700|vol3|E387C.DRG|59885,e387,E387A,59700,vol3,E387C.DRG,59885,0.003098827470686767,2.2,0.487,0.0288,0.47067647058823536,0.035394117647058826,0.5395619885282313,0.02894735234905037,0.5292078984190253,0.031075382312312796,-0.016323529411764626,0.2289624183006537,0.058531427830789906,0.05256198852823135,-0.12201844887931279,0.0051164010086934665,60k
E387A|59700|vol3|E387C.DRG|59885,e387,E387A,59700,vol3,E387C.DRG,59885,0.003098827470686767,3.23,0.589,0.0303,0.528843137254902,0.0415843137254902,0.6403892589098088,0.03299108366524471,0.6234340587989833,0.035787894307799814,-0.060156862745098016,0.3724195949006667,0.09459092154408133,0.05138925890980883,-0.139389565400891,0.08881464241731717,60k
E387A|59700|vol3|E387C.DRG|59885,e387,E387A,59700,vol3,E387C.DRG,59885,0.003098827470686767,4.25,0.69,0.0325,0.5817755102040816,0.05111224489795918,0.7389844665055503,0.03644758748987454,0.7130009127772454,0.040462740900283116,-0.10822448979591837,0.5726844583987439,0.13122540257316384,0.04898446650555033,-0.20835523892438698,0.12146423045767812,60k
E387A|59700|vol3|E387C.DRG|59885,e387,E387A,59700,vol3,E387C.DRG,59885,0.003098827470686767,5.27,0.782,0.0324,0.6495663716814158,0.059025663716814156,0.8514028185934146,0.03724800883047637,0.8148403904748975,0.04285631290055812,-0.13243362831858418,0.821779744346116,0.1652740187934817,0.06940281859341457,-0.2739376365817976,0.1496299021751966,60k
E387A|59700|vol3|E387C.DRG|59885,e387,E387A,59700,vol3,E387C.DRG,59885,0.003098827470686767,6.28,0.873,0.0306,0.7125714285714285,0.07281648351648352,0.977573516647134,0.034083913184260343,0.9450714585252445,0.04030450686140161,-0.16042857142857148,1.3796236443295269,0.23250002995381602,0.10457351664713399,-0.44649199034339737,0.11385337203465179,60k
E387A|59700|vol3|E387C.DRG|59885,e387,E387A,59700,vol3,E387C.DRG,59885,0.003098827470686767,7.31,0.973,0.0288,0.8115254237288134,0.07612881355932206,1.0798976701580116,0.02978404624750898,1.0741863363909556,0.033216867209927746,-0.16147457627118655,1.643361581920905,0.2626609126621422,0.10689767015801166,-0.5636754908304977,0.03416827248295073,60k
E387A|59700|vol3|E387C.DRG|59885,e387,E387A,59700,vol3,E387C.DRG,59885,0.003098827470686767,8.32,1.06,0.0258,1.0672386363636366,0.03540568181818181,1.1422932790139695,0.0293553108549829,1.1464872207242371,0.029777167052850974,0.00723863636363653,0.37231324876673677,0.07924858436060056,0.08229327901396943,-0.1589720766919516,0.13780274631716666,60k
E387A|59700|vol3|E387C.DRG|59885,e387,E387A,59700,vol3,E387C.DRG,59885,0.003098827470686767,9.35,1.133,0.028,1.1631785714285714,0.031105357142857143,1.1725455051519669,0.038415332145104286,1.168946505460003,0.03933262546587495,0.030178571428571388,0.11090561224489794,0.00576793403143161,0.039545505151966864,0.26449682880130737,0.37197614803943874,60k
E387A|59700|vol3|E387C.DRG|59885,e387,E387A,59700,vol3,E387C.DRG,59885,0.003098827470686767,10.34,1.15,0.0368,1.1860714285714287,0.03797142857142858,1.2240920226091376,0.051489156183100813,1.2158858107815242,0.051736811944368424,0.036071428571428754,0.0318322981366462,0.02981438221009558,0.07409202260913772,0.3625195019209138,0.39916185280165256,60k
E387A|99800|vol3|E387C.DRG|99744,e387,E387A,99800,vol3,E387C.DRG,99744,0.0005611222444889779,-3.95,-0.169,0.0286,-0.10082524271844662,0.029400970873786406,-0.15144765037025376,0.029425763003971737,-0.12353970362960708,0.03647599270245192,0.0681747572815534,0.02800597460791629,-0.02271446091116046,0.01755234962974625,0.2406390543712803,0.028872832306704066,100k
E387A|99800|vol3|E387C.DRG|99744,e387,E387A,99800,vol3,E387C.DRG,99744,0.0005611222444889779,-2.93,-0.03,0.0204,0.041039603960396,0.020684158415841584,0.03693920246237691,0.020251643817595207,0.0668676307866479,0.022784419752258936,0.07103960396039599,0.01392933410988152,0.025828026826251897,0.06693920246237692,0.1015396079546946,-0.007272361882587986,100k
E387A|99800|vol3|E387C.DRG|99744,e387,E387A,99800,vol3,E387C.DRG,99744,0.0005611222444889779,-1.89,0.115,0.015,0.17472477064220185,0.0174348623853211,0.17072623205758608,0.015500893333404901,0.19942478908283387,0.01808758728330853,0.059724770642201844,0.16232415902140673,0.02470001844063202,0.055726232057586075,0.03743791511293939,0.0333928888936601,100k
E387A|99800|vol3|E387C.DRG|99744,e387,E387A,99800,vol3,E387C.DRG,99744,0.0005611222444889779,-0.87,0.22,0.0135,0.27412000000000003,0.016608,0.300093994997654,0.013354627974116899,0.30529629855910306,0.014132815148553801,0.05412000000000003,0.23022222222222233,0.031176298559103033,0.08009399499765399,-0.14903569673929432,-0.010768298213563017,100k
E387A|99800|vol3|E387C.DRG|99744,e387,E387A,99800,vol3,E387C.DRG,99744,0.0005611222444889779,0.16,0.322,0.0141,0.3664444444444444,0.019266666666666665,0.3994004150780062,0.014287206934728208,0.41720425593461363,0.014806201026058823,0.0444444444444444,0.3664302600472812,0.05075981149016923,0.07740041507800621,-0.23151205747099526,0.013277087569376494,100k
E387A|99800|vol3|E387C.DRG|99744,e387,E387A,99800,vol3,E387C.DRG,99744,0.0005611222444889779,1.18,0.415,0.0158,0.4618086956521739,0.02172869565217391,0.5027689219803123,0.015742357947189325,0.5193037203075274,0.016341303199107295,0.04680869565217394,0.3752339020363234,0.057495024655353444,0.08776892198031233,-0.24793906359158835,-0.0036482311905491186,100k
E387A|99800|vol3|E387C.DRG|99744,e387,E387A,99800,vol3,E387C.DRG,99744,0.0005611222444889779,2.2,0.51,0.0188,0.547896551724138,0.024139080459770115,0.6092123686754795,0.017287668001656806,0.6256684686183303,0.01796359476169216,0.03789655172413797,0.2839936414771337,0.07777191689419227,0.09921236867547945,-0.25582936799808675,-0.08044319140123378,100k
E387A|99800|vol3|E387C.DRG|99744,e387,E387A,99800,vol3,E387C.DRG,99744,0.0005611222444889779,3.22,0.601,0.0199,0.6405471698113208,0.027605660377358492,0.7160312654206137,0.018715666083551907,0.7327637945302914,0.019512656232736493,0.03954716981132078,0.3872191144401252,0.09221662471897063,0.1150312654206137,-0.2931646638404524,-0.05951426715819566,100k
E387A|99800|vol3|E387C.DRG|99744,e387,E387A,99800,vol3,E387C.DRG,99744,0.0005611222444889779,4.24,0.692,0.0217,0.740576923076923,0.02799230769230769,0.8214531700000429,0.019633209674774967,0.8387365910267526,0.02064211861951867,0.04857692307692307,0.2899680964197092,0.09815966794982955,0.12945317000004297,-0.26257888965720605,-0.09524379378917204,100k
E387A|99800|vol3|E387C.DRG|99744,e387,E387A,99800,vol3,E387C.DRG,99744,0.0005611222444889779,5.26,0.783,0.021,0.847,0.02603,0.9220365948582047,0.01982129129809961,0.9398118333889882,0.020909089476360353,0.06399999999999995,0.2395238095238095,0.09281183338898824,0.13903659485820463,-0.1967310996404014,-0.05612898580478059,100k
E387A|99800|vol3|E387C.DRG|99744,e387,E387A,99800,vol3,E387C.DRG,99744,0.0005611222444889779,6.28,0.881,0.0202,0.9492424242424243,0.022506060606060606,1.0209111387039869,0.019557734448286526,1.0358512251826224,0.020290424280001256,0.06824242424242433,0.1141614161416142,0.08660880094019807,0.13991113870398686,-0.09844620810550497,-0.031795324342251144,100k
E387A|99800|vol3|E387C.DRG|99744,e387,E387A,99800,vol3,E387C.DRG,99744,0.0005611222444889779,7.31,0.979,0.0194,1.0522056074766355,0.020965420560747666,1.1096147162547414,0.019060072158207413,1.1141287173292649,0.020127279035579735,0.07320560747663551,0.08069178148183839,0.06192310985262939,0.13061471625474141,-0.03997732946684285,-0.01752205370064883,100k
E387A|99800|vol3|E387C.DRG|99744,e387,E387A,99800,vol3,E387C.DRG,99744,0.0005611222444889779,8.33,1.064,0.0204,1.1379607843137254,0.020803921568627447,1.1348792830384737,0.02474407697362865,1.13261717474563,0.026270110640306123,0.07396078431372533,0.019800076893502216,-0.005343609568095431,0.07087928303847368,0.26274801381301843,0.21294494968767885,100k
E387A|99800|vol3|E387C.DRG|99744,e387,E387A,99800,vol3,E387C.DRG,99744,0.0005611222444889779,9.33,1.11,0.0252,1.1802233009708738,0.02668252427184466,1.165029879601298,0.03479758414828654,1.160137286281753,0.03628827404881544,0.0702233009708737,0.05883032824780398,-0.020086014689120857,0.05502987960129779,0.36000153805188306,0.3808565138208945,100k
E387A|149600|vol1|E387A.DRG|151600,e387,E387A,149600,vol1,E387A.DRG,151600,0.013368983957219251,-1.89,0.133,0.012,0.12190683229813665,0.013399378881987578,0.16291495863039643,0.012386458541877669,0.19496783984621818,0.014234403032972338,-0.01109316770186336,0.11661490683229818,0.07306100754808154,0.02991495863039642,0.06231812372342571,0.03220487848980572,150k
E387A|149600|vol1|E387A.DRG|151600,e387,E387A,149600,vol1,E387A.DRG,151600,0.013368983957219251,0.16,0.322,0.0113,0.3239699248120301,0.012045864661654136,0.39443491193734165,0.011063187685634024,0.4143975766578845,0.011323548357559365,0.001969924812030066,0.06600572227027758,0.09042765184585444,0.07243491193734164,-0.05996384023756602,-0.020956841979289858,150k
E387A|149600|vol1|E387A.DRG|151600,e387,E387A,149600,vol1,E387A.DRG,151600,0.013368983957219251,2.2,0.523,0.0132,0.5392105263157895,0.014282456140350877,0.6077930321355263,0.012760225487691687,0.6266675904513458,0.012927899359478906,0.016210526315789453,0.08200425305688466,0.08745706413555632,0.08479303213552625,-0.0948406049744532,-0.033316250932447916,150k
E387A|149600|vol1|E387A.DRG|151600,e387,E387A,149600,vol1,E387A.DRG,151600,0.013368983957219251,3.23,0.623,0.0143,0.6462549019607843,0.015556862745098038,0.7176564927311265,0.013612997055724418,0.7361593763304473,0.013765591634452925,0.02325490196078428,0.08789249965720546,0.08990447436966298,0.09465649273112653,-0.11514346690559717,-0.048042163935355396,150k
E387A|149600|vol1|E387A.DRG|151600,e387,E387A,149600,vol1,E387A.DRG,151600,0.013368983957219251,4.24,0.72,0.0153,0.7501075949367089,0.016610759493670885,0.8225048074196005,0.01429392002636958,0.8427399131778637,0.014492933571771253,0.030107594936708892,0.08567055514188793,0.09263231824115481,0.10250480741960055,-0.1274972359154665,-0.06575686102159604,150k
E387A|149600|vol1|E387A.DRG|151600,e387,E387A,149600,vol1,E387A.DRG,151600,0.013368983957219251,6.29,0.913,0.0158,0.9532765957446808,0.0167,1.0347729840924846,0.014863007786899623,1.045533477548771,0.015208526070653811,0.04027659574468079,0.05696202531645556,0.0922568818040902,0.1217729840924846,-0.0893098161285143,-0.05930330462660624,150k
E387A|149600|vol1|E387A.DRG|151600,e387,E387A,149600,vol1,E387A.DRG,151600,0.013368983957219251,7.31,1.005,0.0155,1.0450817610062892,0.017549056603773584,1.1179455295275833,0.015806844572568878,1.1173251182091186,0.017391061675653484,0.04008176100628935,0.13219720024345702,0.07224335720282937,0.11294552952758341,-0.009003043963407467,0.019796424036701826,150k
E387A|149600|vol1|E387A.DRG|151600,e387,E387A,149600,vol1,E387A.DRG,151600,0.013368983957219251,8.33,1.07,0.0195,1.1188553459119497,0.021013207547169812,1.1349963741268048,0.023785513398534065,1.1321509039858149,0.0257202890045416,0.04885534591194962,0.07760038703434934,0.013295558073865177,0.0649963741268047,0.22400585188174982,0.21976991787354178,150k
E387A|149600|vol1|E387A.DRG|151600,e387,E387A,149600,vol1,E387A.DRG,151600,0.013368983957219251,9.35,1.109,0.0273,1.1621438848920862,0.028495683453237407,1.1719283689695832,0.03193717508329319,1.1756019489243195,0.03341048598034078,0.05314388489208621,0.04379792869001485,0.013458064032233263,0.0629283689695832,0.1724753342087325,0.16985989316092265,150k
E387A|199800|vol4|e387_c_drg.txt|199879,e387,E387A,199800,vol4,e387_c_drg.txt,199879,0.0003953953953953954,-3.95,-0.097,0.0187,0.00550485436893202,0.018302912621359222,-0.04614232041628518,0.018423242515217878,-0.034283056227401326,0.02329783793261874,0.10250485436893203,-0.0212346191786513,-0.03978791059633335,0.05085767958371482,0.27290330312949845,-0.014799865496370222,200k
E387A|199800|vol4|e387_c_drg.txt|199879,e387,E387A,199800,vol4,e387_c_drg.txt,199879,0.0003953953953953954,-2.93,-0.004,0.0141,0.10137,0.014475,0.05478263718070621,0.013873552769417763,0.07778956539464274,0.01557445018947727,0.10537,0.02659574468085109,-0.02358043460535726,0.05878263718070621,0.07595510808133131,-0.01606008727533594,200k
E387A|199800|vol4|e387_c_drg.txt|199879,e387,E387A,199800,vol4,e387_c_drg.txt,199879,0.0003953953953953954,-1.88,0.092,0.012,0.20102857142857145,0.011930476190476191,0.15631689675802507,0.011158068550821632,0.18192154112889516,0.012410639903174408,0.10902857142857145,-0.005793650793650771,-0.01910703029967628,0.06431689675802507,0.04024681873817575,-0.07016095409819739,200k
E387A|199800|vol4|e387_c_drg.txt|199879,e387,E387A,199800,vol4,e387_c_drg.txt,199879,0.0003953953953953954,-0.87,0.188,0.0102,0.2942692307692308,0.010242307692307693,0.276538783930505,0.009314844068489576,0.28582496313843786,0.009828483911341755,0.10626923076923078,0.004147812971342371,-0.008444267630792923,0.08853878393050502,-0.040403373282442354,-0.08677999328533574,200k
E387A|199800|vol4|e387_c_drg.txt|199879,e387,E387A,199800,vol4,e387_c_drg.txt,199879,0.0003953953953953954,0.15,0.291,0.0093,0.401,0.01051764705882353,0.3924042643858812,0.009536623533524356,0.4126324294057198,0.009712021630362121,0.11000000000000004,0.13092979127134732,0.01163242940571979,0.10140426438588124,-0.07659749599465286,0.025443390701543733,200k
E387A|199800|vol4|e387_c_drg.txt|199879,e387,E387A,199800,vol4,e387_c_drg.txt,199879,0.0003953953953953954,1.18,0.397,0.0101,0.5052115384615384,0.01116153846153846,0.49558499448379817,0.01001981698968737,0.5148118553513922,0.010192923205678748,0.10821153846153841,0.10510281797410505,0.009600316889853744,0.09858499448379815,-0.08678151844366827,-0.00793891191214161,200k
E387A|199800|vol4|e387_c_drg.txt|199879,e387,E387A,199800,vol4,e387_c_drg.txt,199879,0.0003953953953953954,2.2,0.503,0.0107,0.6131515151515151,0.011953535353535353,0.6050298777263675,0.010654845705858862,0.6239261122869519,0.010834125783743608,0.11015151515151511,0.11715283677900504,0.010774597135436825,0.10202987772636751,-0.09364673602280105,-0.004220027489825904,200k
E387A|199800|vol4|e387_c_drg.txt|199879,e387,E387A,199800,vol4,e387_c_drg.txt,199879,0.0003953953953953954,3.22,0.605,0.0115,0.7197981651376146,0.012761467889908257,0.7148842057164441,0.011303856121643226,0.7345346168844071,0.011493697138389283,0.11479816513761465,0.10969285999202234,0.0147364517467925,0.10988420571644408,-0.0993436462369289,-0.017055989422328156,200k
E387A|199800|vol4|e387_c_drg.txt|199879,e387,E387A,199800,vol4,e387_c_drg.txt,199879,0.0003953953953953954,4.24,0.705,0.0119,0.821483870967742,0.013464516129032258,0.8234510660826031,0.011906739520467021,0.8441635635948816,0.012121258733039484,0.11648387096774204,0.13147194361615605,0.022679692627139647,0.11845106608260314,-0.099762767790551,0.0005663462577328213,200k
E387A|199800|vol4|e387_c_drg.txt|199879,e387,E387A,199800,vol4,e387_c_drg.txt,199879,0.0003953953953953954,5.26,0.805,0.0125,0.9277943925233645,0.013844859813084111,0.9317576195880125,0.012432238646922665,0.9525219590372563,0.012568325244653542,0.12279439252336444,0.10758878504672886,0.024727566513891852,0.12675761958801246,-0.09220278035781755,-0.0054209082461868785,200k
E387A|199800|vol4|e387_c_drg.txt|199879,e387,E387A,199800,vol4,e387_c_drg.txt,199879,0.0003953953953953954,6.29,0.905,0.0128,1.0364285714285715,0.014171428571428573,1.0383754647142331,0.01268870388817884,1.0518566624893815,0.013187169534817182,0.13142857142857145,0.10714285714285719,0.01542809106081,0.13337546471423312,-0.06945376266411021,-0.008695008736028147,200k
E387A|199800|vol4|e387_c_drg.txt|199879,e387,E387A,199800,vol4,e387_c_drg.txt,199879,0.0003953953953953954,7.31,0.994,0.0145,1.1311188118811881,0.015438613861386138,1.1142700994947448,0.015062144558035619,1.1100660869524863,0.016937962179422613,0.13711881188118813,0.06473199044042326,-0.021052724928701805,0.12027009949474476,0.09711677042370549,0.03876859020935298,200k
E387A|199800|vol4|e387_c_drg.txt|199879,e387,E387A,199800,vol4,e387_c_drg.txt,199879,0.0003953953953953954,8.32,1.058,0.0181,1.1967766990291262,0.01948640776699029,1.138215654619984,0.02287261161724945,1.1332820426100736,0.024782122641622127,0.13877669902912615,0.07659711419835856,-0.06349465641905261,0.08021565461998392,0.2717645518843501,0.2636801998480358,200k
E387A|199800|vol4|e387_c_drg.txt|199879,e387,E387A,199800,vol4,e387_c_drg.txt,199879,0.0003953953953953954,9.34,1.106,0.0246,1.2273617021276595,0.028082978723404258,1.1783558261565954,0.029824977038969937,1.1773979175263818,0.03149893278333779,0.1213617021276594,0.14158450095139258,-0.049963784601277705,0.0723558261565953,0.1216378822765937,0.21239744060853402,200k
E387A|199800|vol4|e387_c_drg.txt|199879,e387,E387A,199800,vol4,e387_c_drg.txt,199879,0.0003953953953953954,10.34,1.131,0.0322,1.2325471698113208,0.039784905660377366,1.2296389845667426,0.03737451463517517,1.23260795978018,0.0392753887814015,0.10154716981132084,0.235556076409235,6.07899688591651e-05,0.09863898456674258,-0.012806788668178358,0.16069921227252074,200k
E387A|199800|vol4|e387_c_drg.txt|199879,e387,E387A,199800,vol4,e387_c_drg.txt,199879,0.0003953953953953954,11.34,1.126,0.0475,1.2255882352941176,0.05851372549019608,1.2771035112669602,0.047114948618248234,1.2828106316446186,0.04902365118389206,0.09958823529411776,0.23186790505675958,0.05722239635050097,0.1511035112669603,-0.16218543985708225,-0.008106344878984557,200k
E387A|303100|vol1|E387A.DRG|303000,e387,E387A,303100,vol1,E387A.DRG,303000,0.0003299241174529858,-3.91,-0.094,0.0166,-0.0731301775147929,0.01604437869822485,-0.050020983612392884,0.015469225749079014,-0.03146359690402132,0.01766361704249692,0.020869822485207107,-0.03347116275753911,0.041666580610771574,0.043979016387607116,0.1009224710241488,-0.06811893077837268,300k
E387A|303100|vol1|E387A.DRG|303000,e387,E387A,303100,vol1,E387A.DRG,303000,0.0003299241174529858,-2.92,0.003,0.0125,0.019426035502958613,0.013291124260355029,0.0450386535856164,0.012158491896917648,0.06856740611711196,0.014096352377789055,0.016426035502958614,0.06328994082840225,0.04914137061415334,0.0420386535856164,0.06058389807067509,-0.027320648246588197,300k
E387A|303100|vol1|E387A.DRG|303000,e387,E387A,303100,vol1,E387A.DRG,303000,0.0003299241174529858,-1.89,0.103,0.0106,0.11852500000000003,0.0108225,0.15003040091084222,0.009937785424283412,0.17704489124995754,0.010994113598508857,0.015525000000000039,0.020990566037735893,0.058519891249957504,0.04703040091084222,0.015857112359330683,-0.06247307318081023,300k
E387A|303100|vol1|E387A.DRG|303000,e387,E387A,303100,vol1,E387A.DRG,303000,0.0003299241174529858,-0.9,0.202,0.0093,0.21901,0.009189,0.2544791666605898,0.007857074805703496,0.28953525761323323,0.009149895257120143,0.017009999999999997,-0.01193548387096774,0.07052525761323322,0.05247916666058977,-0.004255603752296927,-0.1551532466985488,300k
E387A|303100|vol1|E387A.DRG|303000,e387,E387A,303100,vol1,E387A.DRG,303000,0.0003299241174529858,0.14,0.302,0.008,0.3275348837209302,0.008306201550387598,0.3896664746035147,0.007918640566033136,0.4046159037346521,0.00800291591449918,0.025534883720930213,0.038275193798449667,0.07708102001372191,0.08766647460351473,-0.036513156350542024,-0.010169929245857972,300k
E387A|303100|vol1|E387A.DRG|303000,e387,E387A,303100,vol1,E387A.DRG,303000,0.0003299241174529858,1.18,0.417,0.0085,0.4409662162162162,0.008852702702702704,0.49546863490204246,0.00816444654291281,0.5144479173512593,0.008254390284968426,0.023966216216216196,0.04149443561208273,0.0734817011350431,0.07846863490204248,-0.06758528302905902,-0.039476877304375275,300k
E387A|303100|vol1|E387A.DRG|303000,e387,E387A,303100,vol1,E387A.DRG,303000,0.0003299241174529858,2.21,0.521,0.0091,0.5516216216216216,0.00927027027027027,0.6042848163806684,0.00856856116571098,0.6240560303364056,0.008681520626085735,0.03062162162162163,0.018711018711018663,0.0724344087147839,0.08328481638066842,-0.06350943683623266,-0.058399871899892326,300k
E387A|303100|vol1|E387A.DRG|303000,e387,E387A,303100,vol1,E387A.DRG,303000,0.0003299241174529858,3.23,0.624,0.0093,0.6605161290322581,0.009896774193548388,0.7150807334997705,0.009038723094807915,0.7348742365145227,0.009162961298057723,0.03651612903225809,0.06416926812348266,0.07435810748226457,0.09108073349977053,-0.07414667457695763,-0.02809429088086925,300k
E387A|303100|vol1|E387A.DRG|303000,e387,E387A,303100,vol1,E387A.DRG,303000,0.0003299241174529858,4.25,0.722,0.0098,0.7681827956989247,0.01058225806451613,0.8253326994379813,0.00955088468852013,0.8460487526256626,0.0096623028639237,0.046182795698924695,0.07982225148123771,0.07786595692673792,0.10333269943798129,-0.08693373332835033,-0.025419929742843784,300k
E387A|303100|vol1|E387A.DRG|303000,e387,E387A,303100,vol1,E387A.DRG,303000,0.0003299241174529858,5.27,0.823,0.0105,0.871279569892473,0.011075806451612904,0.9338931726455734,0.010092122140026165,0.9538065335339864,0.010117532379555889,0.04827956989247306,0.05483870967741935,0.08252696364151335,0.11089317264557341,-0.08651957545876647,-0.03884551047369868,300k
E387A|303100|vol1|E387A.DRG|303000,e387,E387A,303100,vol1,E387A.DRG,303000,0.0003299241174529858,6.29,0.914,0.0114,0.9684554455445544,0.01185049504950495,1.0377115273425757,0.010804618901299818,1.0437779507439757,0.012112319312666505,0.05445544554455439,0.03951710960569729,0.0753225051994213,0.12371152734257562,0.022093951524201804,-0.05222641216668267,300k
E387A|303100|vol1|E387A.DRG|303000,e387,E387A,303100,vol1,E387A.DRG,303000,0.0003299241174529858,7.31,0.991,0.0138,1.0466490066225165,0.014249668874172181,1.1030654660235517,0.015117765975579392,1.0981682950986782,0.01722456605973689,0.055649006622516484,0.03258470102696965,0.05151928847616172,0.11206546602355172,0.20876956593403873,0.09549028808546318,300k
E387A|303100|vol1|E387A.DRG|303000,e387,E387A,303100,vol1,E387A.DRG,303000,0.0003299241174529858,8.32,1.053,0.0176,1.1101920529801323,0.01859735099337748,1.1515206828325903,0.021057896717361472,1.1492426527269854,0.02259586124584085,0.05719205298013241,0.05666767007826582,0.0390505997468531,0.09852068283259041,0.21500429033614735,0.1964714043955381,300k
E387A|303100|vol1|E387A.DRG|303000,e387,E387A,303100,vol1,E387A.DRG,303000,0.0003299241174529858,9.34,1.103,0.0233,1.1537210884353741,0.025126530612244895,1.1973395957147341,0.02682447489761183,1.1948372062621524,0.02913944229057242,0.05072108843537415,0.0783918717701671,0.041116117826778265,0.09433959571473416,0.15970814834149502,0.15126501706488532,300k
E387A REPEAT|99500|vol3|E387C.DRG|99744,e387,E387A REPEAT,99500,vol3,E387C.DRG,99744,0.0024522613065326633,-3.95,-0.152,0.0274,-0.10082524271844662,0.029400970873786406,-0.15258989008898285,0.029498666236621257,-0.12353970362960708,0.03647599270245192,0.05117475728155338,0.07302813407979582,-0.02271446091116046,-0.0005898900889828584,0.2406390543712803,0.07659365827084877,100k
E387A REPEAT|99500|vol3|E387C.DRG|99744,e387,E387A REPEAT,99500,vol3,E387C.DRG,99744,0.0024522613065326633,-2.9,-0.005,0.0193,0.04504950495049504,0.02058019801980198,0.0411871388221055,0.02013843944632707,0.07081360278825292,0.02264761017012227,0.05004950495049504,0.06633150361668286,0.025764097837757884,0.0461871388221055,0.10045637793820318,0.043442458358915484,100k
E387A REPEAT|99500|vol3|E387C.DRG|99744,e387,E387A REPEAT,99500,vol3,E387C.DRG,99744,0.0024522613065326633,-1.87,0.127,0.0146,0.1766880733944954,0.01741284403669725,0.17236893621491028,0.015411406110399695,0.20149056538264337,0.018002500856789068,0.04968807339449541,0.19266055045871572,0.024802491988147962,0.04536893621491028,0.033863326338255104,0.0555757609862805,100k
E387A REPEAT|99500|vol3|E387C.DRG|99744,e387,E387A REPEAT,99500,vol3,E387C.DRG,99744,0.0024522613065326633,-0.88,0.221,0.0146,0.27323000000000003,0.016582,0.2989343062234351,0.013377648483832258,0.3041987956359503,0.014127278909596301,0.052230000000000026,0.1357534246575342,0.030968795635950286,0.07793430622343508,-0.14803528467034727,-0.08372270658683166,100k
E387A REPEAT|99500|vol3|E387C.DRG|99744,e387,E387A REPEAT,99500,vol3,E387C.DRG,99744,0.0024522613065326633,0.16,0.318,0.0154,0.3664444444444444,0.019266666666666665,0.3994142846231343,0.014319007501981743,0.41720425593461363,0.014806201026058823,0.0484444444444444,0.2510822510822509,0.05075981149016923,0.08141428462313427,-0.23151205747099526,-0.07019431805313363,100k
E387A REPEAT|99500|vol3|E387C.DRG|99744,e387,E387A REPEAT,99500,vol3,E387C.DRG,99744,0.0024522613065326633,1.18,0.413,0.0175,0.4618086956521739,0.02172869565217391,0.5027916997822189,0.01578012269507555,0.5193037203075274,0.016341303199107295,0.04880869565217394,0.24163975155279482,0.057495024655353444,0.08979169978221896,-0.24793906359158835,-0.09827870313854009,100k
E387A REPEAT|99500|vol3|E387C.DRG|99744,e387,E387A REPEAT,99500,vol3,E387C.DRG,99744,0.0024522613065326633,2.19,0.506,0.0183,0.547,0.0241,0.6081546039359791,0.017316834423666407,0.6246175515743077,0.0179478310275757,0.041000000000000036,0.3169398907103825,0.07761755157430761,0.10215460393597908,-0.2552767208474813,-0.05372489488161711,100k
E387A REPEAT|99500|vol3|E387C.DRG|99744,e387,E387A REPEAT,99500,vol3,E387C.DRG,99744,0.0024522613065326633,3.21,0.599,0.0218,0.6395754716981132,0.027599056603773583,0.7149362378701323,0.01875444320188748,0.7317190157724153,0.019500569961672203,0.040575471698113263,0.266011770815302,0.09214354407430203,0.1159362378701323,-0.29343345891736333,-0.13970444028039075,100k
E387A REPEAT|99500|vol3|E387C.DRG|99744,e387,E387A REPEAT,99500,vol3,E387C.DRG,99744,0.0024522613065326633,4.22,0.683,0.0221,0.7384807692307692,0.028026923076923078,0.8193821623316803,0.019676847512087346,0.836746139645485,0.02063516895435271,0.05548076923076917,0.268186564566655,0.09826537041471584,0.1363821623316802,-0.2637376247932339,-0.10964490895532379,100k
E387A REPEAT|99500|vol3|E387C.DRG|99744,e387,E387A REPEAT,99500,vol3,E387C.DRG,99744,0.0024522613065326633,5.25,0.78,0.0224,0.846,0.026067,0.9210279942212217,0.019872491333797575,0.9388603855065949,0.020914360850439608,0.06599999999999995,0.16370535714285714,0.09286038550659492,0.1410279942212217,-0.19766905089041287,-0.11283520831260822,100k
E387A REPEAT|99500|vol3|E387C.DRG|99744,e387,E387A REPEAT,99500,vol3,E387C.DRG,99744,0.0024522613065326633,6.27,0.876,0.0217,0.9482222222222222,0.022522222222222225,1.019827326356871,0.019606637160075078,1.034983801651103,0.020302444407436768,0.07222222222222219,0.03789042498719927,0.08676157942888085,0.1438273263568709,-0.09855944910246231,-0.09646833363709321,100k
E387A REPEAT|99500|vol3|E387C.DRG|99744,e387,E387A REPEAT,99500,vol3,E387C.DRG,99744,0.0024522613065326633,7.29,0.973,0.0196,1.0504299065420561,0.020982242990654206,1.1081788384243756,0.019087534244278184,1.1137772617162087,0.020016953305271232,0.07742990654205617,0.07052260156399015,0.06334735517415258,0.1351788384243756,-0.04600507609281466,-0.026146212026623223,100k
E387A REPEAT|99500|vol3|E387C.DRG|99744,e387,E387A REPEAT,99500,vol3,E387C.DRG,99744,0.0024522613065326633,8.32,1.059,0.0203,1.1375098039215685,0.020749019607843134,1.1348815523587663,0.024648877081528065,1.132390154107238,0.026168018742516175,0.07850980392156859,0.02211919250458795,-0.00511964981433044,0.07588155235876637,0.2611689244644917,0.21423039810483088,100k
E387A REPEAT|99500|vol3|E387C.DRG|99744,e387,E387A REPEAT,99500,vol3,E387C.DRG,99744,0.0024522613065326633,9.32,1.106,0.0256,1.1800873786407768,0.026584466019417476,1.1643824981769282,0.03473381672541959,1.159374927010367,0.03620740730330166,0.07408737864077675,0.03845570388349509,-0.0207124516304098,0.05838249817692809,0.36197609825435356,0.35678971583670277,100k
E387A REPEAT|149600|vol1|E387A.DRG|151600,e387,E387A REPEAT,149600,vol1,E387A.DRG,151600,0.013368983957219251,-2.9,0.025,0.0147,0.02492592592592593,0.016684444444444446,0.06766463586268576,0.015430831701435482,0.09041392318030313,0.017834166466285134,-7.407407407407016e-05,0.13499622071050657,0.06548799725437719,0.042664635862685756,0.06890981750510249,0.04971644227452259,150k
E387A REPEAT|149600|vol1|E387A.DRG|151600,e387,E387A REPEAT,149600,vol1,E387A.DRG,151600,0.013368983957219251,-1.88,0.114,0.013,0.12285714285714286,0.013385714285714286,0.16365469542489683,0.012340322962295485,0.19608206518413923,0.01421064407025367,0.008857142857142855,0.0296703296703297,0.07322492232699637,0.049654695424896825,0.061627625312440724,-0.05074438751573185,150k
E387A REPEAT|149600|vol1|E387A.DRG|151600,e387,E387A REPEAT,149600,vol1,E387A.DRG,151600,0.013368983957219251,-0.89,0.195,0.0107,0.21693788819875776,0.012032919254658386,0.2863946655771283,0.0106577526127105,0.306390373638324,0.011858506761105692,0.02193788819875775,0.12457189295872771,0.08945248543956624,0.09139466557712828,-0.01449461181127535,-0.003948353952289678,150k
E387A REPEAT|149600|vol1|E387A.DRG|151600,e387,E387A REPEAT,149600,vol1,E387A.DRG,151600,0.013368983957219251,0.14,0.298,0.0114,0.3218496240601504,0.012029323308270676,0.39253170485671574,0.011050602930895305,0.41244144287483486,0.01131168044415083,0.0238496240601504,0.0552037989711119,0.09059181881468448,0.09453170485671575,-0.059657791691942956,-0.030648865710938198,150k
E387A REPEAT|149600|vol1|E387A.DRG|151600,e387,E387A REPEAT,149600,vol1,E387A.DRG,151600,0.013368983957219251,1.16,0.398,0.0123,0.42973684210526314,0.013005263157894737,0.4958454037754835,0.011843821966129785,0.5152740770617479,0.012011806703389161,0.03173684210526312,0.0573384681215233,0.08553723495648474,0.09784540377548345,-0.07638880062972861,-0.037087645030098815,150k
E387A REPEAT|149600|vol1|E387A.DRG|151600,e387,E387A REPEAT,149600,vol1,E387A.DRG,151600,0.013368983957219251,2.18,0.501,0.0133,0.5371052631578948,0.014257894736842105,0.6056353788933321,0.012742717722147088,0.6245254075015457,0.012910282193015642,0.03610526315789475,0.07202216066481996,0.08742014434365097,0.10463537889333208,-0.09451693736693538,-0.041900923146835474,150k
E387A REPEAT|149600|vol1|E387A.DRG|151600,e387,E387A REPEAT,149600,vol1,E387A.DRG,151600,0.013368983957219251,3.21,0.601,0.0145,0.6441895424836601,0.01553202614379085,0.7155530885949205,0.013597716247429125,0.7340412697874762,0.013749991621551518,0.04318954248366014,0.07117421681316201,0.08985172730381608,0.11455308859492053,-0.11473290771865753,-0.06222646569454315,150k
E387A REPEAT|149600|vol1|E387A.DRG|151600,e387,E387A REPEAT,149600,vol1,E387A.DRG,151600,0.013368983957219251,4.24,0.702,0.0153,0.7501075949367089,0.016610759493670885,0.8225048074196005,0.01429392002636958,0.8427399131778637,0.014492933571771253,0.04810759493670891,0.08567055514188793,0.09263231824115481,0.12050480741960057,-0.1274972359154665,-0.06575686102159604,150k
E387A REPEAT|149600|vol1|E387A.DRG|151600,e387,E387A REPEAT,149600,vol1,E387A.DRG,151600,0.013368983957219251,5.26,0.8,0.0153,0.8527531645569619,0.016675316455696202,0.9281056418731733,0.014783807381021176,0.9484602854336499,0.014925781944526777,0.052753164556961885,0.08988996442458841,0.09570712087668798,0.1281056418731733,-0.10491761975358453,-0.03373807967181853,150k
E387A REPEAT|149600|vol1|E387A.DRG|151600,e387,E387A REPEAT,149600,vol1,E387A.DRG,151600,0.013368983957219251,6.27,0.894,0.0159,0.9513617021276595,0.0167,1.032773007461225,0.01486689077789589,1.0437631432724945,0.015204862218225045,0.05736170212765945,0.050314465408804944,0.09240144114483506,0.1387730074612249,-0.08952920848951823,-0.06497542277384341,150k
E387A REPEAT|149600|vol1|E387A.DRG|151600,e387,E387A REPEAT,149600,vol1,E387A.DRG,151600,0.013368983957219251,7.3,0.988,0.0154,1.0443584905660377,0.01751509433962264,1.1174557570388914,0.015769514280227746,1.1171797673681707,0.0173094025841938,0.0563584905660377,0.13734378828718444,0.07282127680213302,0.12945575703889145,-0.011743685271710247,0.02399443378102241,150k
E387A REPEAT|149600|vol1|E387A.DRG|151600,e387,E387A REPEAT,149600,vol1,E387A.DRG,151600,0.013368983957219251,8.31,1.058,0.0186,1.1174088050314466,0.020945283018867927,1.134690057723918,0.023599700972225808,1.1318602023039188,0.02555697082162223,0.05940880503144652,0.1260904848853725,0.014451397272472244,0.07669005772391801,0.2201778700531286,0.268801127539022,150k
E387A REPEAT|149600|vol1|E387A.DRG|151600,e387,E387A REPEAT,149600,vol1,E387A.DRG,151600,0.013368983957219251,9.34,1.104,0.0249,1.1618561151079136,0.02840431654676259,1.1714069560538098,0.031863296094549194,1.1750476658096314,0.03333795589392522,0.05785611510791355,0.14073560428765425,0.013191550701717736,0.06740695605380975,0.1736932954905035,0.27965044556422475,150k
E387A REPEAT|202000|vol1|E387A.DRG|202300,e387,E387A REPEAT,202000,vol1,E387A.DRG,202300,0.0014851485148514852,-3.94,-0.096,0.0179,-0.06936153846153843,0.019176153846153843,-0.04498065180897878,0.01826338489600049,-0.030572018706314312,0.02352783545553587,0.02663846153846157,0.07129351095831528,0.03878951975522412,0.05101934819102122,0.22693193037011658,0.020300832178798345,200k
E387A REPEAT|202000|vol1|E387A.DRG|202300,e387,E387A REPEAT,202000,vol1,E387A.DRG,202300,0.0014851485148514852,-2.94,-0.005,0.0138,0.029028985507246384,0.014341304347826087,0.053424017524223384,0.013850167894895075,0.07746741439523216,0.015792248077788656,0.03402898550724638,0.03922495274102078,0.04843842888798578,0.05842401752422338,0.10117236861949096,0.003635354702541665,200k
E387A REPEAT|202000|vol1|E387A.DRG|202300,e387,E387A REPEAT,202000,vol1,E387A.DRG,202300,0.0014851485148514852,-1.9,0.089,0.0118,0.12595625,0.011529999999999999,0.1544028443745754,0.011191666069249796,0.18258884042628493,0.012692247816263751,0.036956249999999996,-0.022881355932203487,0.056632590426284934,0.06540284437457541,0.10080206559095861,-0.0515537229449325,200k
E387A REPEAT|202000|vol1|E387A.DRG|202300,e387,E387A REPEAT,202000,vol1,E387A.DRG,202300,0.0014851485148514852,-0.88,0.183,0.0092,0.22731875,0.01051,0.2745634551212919,0.00926755157142812,0.30007560147313433,0.01056721160822485,0.04431875000000002,0.14239130434782613,0.07275685147313432,0.09156345512129188,0.005443540268777394,0.0073425621117522676,200k
E387A REPEAT|202000|vol1|E387A.DRG|202300,e387,E387A REPEAT,202000,vol1,E387A.DRG,202300,0.0014851485148514852,0.16,0.285,0.0088,0.3342317073170732,0.010323170731707318,0.3933510939817108,0.009489850929333073,0.41207608752570574,0.00971984699873192,0.049231707317073214,0.17308758314855874,0.07784438020863255,0.10835109398171083,-0.05844364572236566,0.07839215106057645,200k
E387A REPEAT|202000|vol1|E387A.DRG|202300,e387,E387A REPEAT,202000,vol1,E387A.DRG,202300,0.0014851485148514852,1.18,0.389,0.0102,0.4424512195121951,0.010945121951219512,0.49552951235361387,0.009960563785378022,0.5145708943931201,0.010133915988198058,0.053451219512195114,0.07305117168818732,0.07211967488092497,0.10652951235361385,-0.07411575372452274,-0.023474138688429316,200k
E387A REPEAT|202000|vol1|E387A.DRG|202300,e387,E387A REPEAT,202000,vol1,E387A.DRG,202300,0.0014851485148514852,2.2,0.493,0.0107,0.5489857142857143,0.011797142857142858,0.6049408409594512,0.01058783852825884,0.6241808658833506,0.010762699532051515,0.055985714285714305,0.10253671562082795,0.07519515159763634,0.11194084095945123,-0.08768592002469613,-0.010482380536556967,200k
E387A REPEAT|202000|vol1|E387A.DRG|202300,e387,E387A REPEAT,202000,vol1,E387A.DRG,202300,0.0014851485148514852,3.21,0.595,0.0116,0.6547515923566879,0.01250955414012739,0.713770042856842,0.011225017546011344,0.7332200912840419,0.011399244365089498,0.05975159235668792,0.07840983966615436,0.07846849892735397,0.118770042856842,-0.08875694230190886,-0.03232607361971165,200k
E387A REPEAT|202000|vol1|E387A.DRG|202300,e387,E387A REPEAT,202000,vol1,E387A.DRG,202300,0.0014851485148514852,4.24,0.695,0.0121,0.763,0.0131,0.8234945649506203,0.011831158650680004,0.8442605579162835,0.0120424921091908,0.06800000000000006,0.08264462809917363,0.0812605579162835,0.1284945649506204,-0.08072579319154198,-0.022218293332231024,200k
E387A REPEAT|202000|vol1|E387A.DRG|202300,e387,E387A REPEAT,202000,vol1,E387A.DRG,202300,0.0014851485148514852,5.26,0.794,0.013,0.8635109489051095,0.013546715328467154,0.9318460784305969,0.012357216825678984,0.9528778962461533,0.012449049356522874,0.06951094890510945,0.042055025266704175,0.08936694734104378,0.13784607843059682,-0.08102820095714548,-0.049444859563155016,200k
E387A REPEAT|202000|vol1|E387A.DRG|202300,e387,E387A REPEAT,202000,vol1,E387A.DRG,202300,0.0014851485148514852,6.27,0.893,0.013,0.9603780487804877,0.014142682926829268,1.0364661467205565,0.012615995655439863,1.0373422440911997,0.014169916027208374,0.0673780487804877,0.08789868667917451,0.07696419531071197,0.14346614672055646,0.0019255964741628688,-0.02953879573539507,200k
E387A REPEAT|202000|vol1|E387A.DRG|202300,e387,E387A REPEAT,202000,vol1,E387A.DRG,202300,0.0014851485148514852,7.29,0.98,0.014,1.0553896103896103,0.015023376623376624,1.1132707936813282,0.014936537556983301,1.108580123121648,0.01680588859791949,0.07538961038961034,0.07309833024118743,0.05319051273203779,0.13327079368132821,0.11864922375501437,0.0668955397845215,200k
E387A REPEAT|202000|vol1|E387A.DRG|202300,e387,E387A REPEAT,202000,vol1,E387A.DRG,202300,0.0014851485148514852,8.3,1.044,0.0185,1.115727272727273,0.02066363636363637,1.1377749167231457,0.022691203999169917,1.137930626522572,0.024075111038672704,0.07172727272727286,0.11695331695331736,0.02220335379529903,0.09377491672314564,0.165095562804222,0.22655156752269828,200k
E387A REPEAT|202000|vol1|E387A.DRG|202300,e387,E387A REPEAT,202000,vol1,E387A.DRG,202300,0.0014851485148514852,9.33,1.092,0.0245,1.161705035971223,0.027556834532374105,1.1782636497821461,0.029677877097344953,1.179991311787287,0.03150904999426049,0.06970503597122302,0.12476875642343283,0.01828627581606379,0.08626364978214607,0.14342051723115273,0.2113419223406103,200k
E387A REPEAT|302200|vol1|E387A.DRG|303000,e387,E387A REPEAT,302200,vol1,E387A.DRG,303000,0.0026472534745201853,-3.94,-0.11,0.0164,-0.07601960784313723,0.016261437908496726,-0.052771442542485524,0.015626856124011036,-0.034489665049590446,0.0178639279276896,0.03398039215686277,-0.008448908018492409,0.041529942793546784,0.05722855745751448,0.0985454071288223,-0.04714291926761986,300k
E387A REPEAT|302200|vol1|E387A.DRG|303000,e387,E387A REPEAT,302200,vol1,E387A.DRG,303000,0.0026472534745201853,-2.97,-0.018,0.0128,0.014751479289940837,0.013430177514792899,0.040072327443460634,0.01228480931331993,0.06351533525745873,0.014276517259845007,0.032751479289940835,0.049232618343195186,0.048763855967517894,0.058072327443460636,0.06301776310252734,-0.04024927239688054,300k
E387A REPEAT|302200|vol1|E387A.DRG|303000,e387,E387A REPEAT,302200,vol1,E387A.DRG,303000,0.0026472534745201853,-1.91,0.082,0.0105,0.11649500000000003,0.0108555,0.1480583124890002,0.00999586874471928,0.17477235859615398,0.011031370534698527,0.034495000000000026,0.03385714285714285,0.05827735859615395,0.0660583124890002,0.016201053355306215,-0.048012500502925694,300k
E387A REPEAT|302200|vol1|E387A.DRG|303000,e387,E387A REPEAT,302200,vol1,E387A.DRG,303000,0.0026472534745201853,-0.89,0.183,0.0096,0.220025,0.0091725,0.25593552726272584,0.007859957438366217,0.29067152394013496,0.009131266789025308,0.037025,-0.044531249999999904,0.07064652394013496,0.07293552726272584,-0.004495307819535838,-0.18125443350351897,300k
E387A REPEAT|302200|vol1|E387A.DRG|303000,e387,E387A REPEAT,302200,vol1,E387A.DRG,303000,0.0026472534745201853,0.15,0.284,0.0082,0.32862790697674416,0.008311627906976744,0.39076378316553595,0.007930073970293543,0.40567082659112325,0.008005086955331765,0.04462790697674418,0.013613159387407715,0.07704291961437909,0.10676378316553597,-0.03688097627513738,-0.03291780850078756,300k
E387A REPEAT|302200|vol1|E387A.DRG|303000,e387,E387A REPEAT,302200,vol1,E387A.DRG,303000,0.0026472534745201853,1.18,0.396,0.0085,0.4409662162162162,0.008852702702702704,0.4954569550343856,0.008175283943884644,0.5144479173512593,0.008254390284968426,0.04496621621621616,0.04149443561208273,0.0734817011350431,0.09945695503438556,-0.06758528302905902,-0.038201888954747805,300k
E387A REPEAT|302200|vol1|E387A.DRG|303000,e387,E387A REPEAT,302200,vol1,E387A.DRG,303000,0.0026472534745201853,2.2,0.501,0.0088,0.5505472972972973,0.009266216216216218,0.6032070704836563,0.008576387774810724,0.6229918738996566,0.008677373729570033,0.049547297297297344,0.05297911547911557,0.07244457660235926,0.10220707048365629,-0.06354724225144762,-0.02541048013514508,300k
E387A REPEAT|302200|vol1|E387A.DRG|303000,e387,E387A REPEAT,302200,vol1,E387A.DRG,303000,0.0026472534745201853,3.22,0.605,0.0097,0.6594516129032258,0.009889677419354839,0.7139968454349748,0.009047212780252781,0.733777590797349,0.009157979298293872,0.054451612903225866,0.01955437312936477,0.07432597789412321,0.10899684543497479,-0.07398604525047281,-0.06729765152033183,300k
E387A REPEAT|302200|vol1|E387A.DRG|303000,e387,E387A REPEAT,302200,vol1,E387A.DRG,303000,0.0026472534745201853,4.24,0.708,0.01,0.7671720430107527,0.01057741935483871,0.8242616196766704,0.009559356729993527,0.8449923037932281,0.009657839829456717,0.05917204301075274,0.057741935483870965,0.07782026078247539,0.11626161967667048,-0.08693798501629092,-0.0440643270006473,300k
E387A REPEAT|302200|vol1|E387A.DRG|303000,e387,E387A REPEAT,302200,vol1,E387A.DRG,303000,0.0026472534745201853,5.27,0.81,0.0107,0.871279569892473,0.011075806451612904,0.9338969947012215,0.010105758213380103,0.9538065335339864,0.010117532379555889,0.06127956989247296,0.035122098281579854,0.08252696364151335,0.1238969947012214,-0.08651957545876647,-0.05553661557195295,300k
E387A REPEAT|302200|vol1|E387A.DRG|303000,e387,E387A REPEAT,302200,vol1,E387A.DRG,303000,0.0026472534745201853,6.29,0.905,0.0111,0.9684554455445544,0.01185049504950495,1.0377302354348825,0.010813580800268827,1.0437779507439757,0.012112319312666505,0.0634554455445544,0.06761216662206748,0.0753225051994213,0.1327302354348825,0.022093951524201804,-0.02580353150731296,300k
E387A REPEAT|302200|vol1|E387A.DRG|303000,e387,E387A REPEAT,302200,vol1,E387A.DRG,303000,0.0026472534745201853,7.3,0.985,0.0137,1.0460198675496688,0.014206622516556288,1.1027546933510588,0.015047324850349925,1.097662608389487,0.017171384919280417,0.061019867549668816,0.03697974573403557,0.051642740839818124,0.11775469335105881,0.20868875760364705,0.09834487958758574,300k
E387A REPEAT|302200|vol1|E387A.DRG|303000,e387,E387A REPEAT,302200,vol1,E387A.DRG,303000,0.0026472534745201853,8.32,1.05,0.0175,1.1101920529801323,0.01859735099337748,1.1513954637712696,0.021072616093003777,1.1492426527269854,0.02259586124584085,0.060192052980132305,0.06270577105014159,0.0390505997468531,0.10139546377126951,0.21500429033614735,0.20414949102878716,300k
E387A REPEAT|302200|vol1|E387A.DRG|303000,e387,E387A REPEAT,302200,vol1,E387A.DRG,303000,0.0026472534745201853,9.33,1.102,0.0231,1.1533265306122449,0.025059183673469387,1.1967672021808353,0.026782313035035674,1.1943995364938966,0.029073544051045817,0.05132653061224479,0.08481314603763583,0.04107300588165175,0.09476720218083523,0.16019517753990153,0.15940749069418508,300k
E387B|97000|vol3|E387C.DRG|99744,e387,E387B,97000,vol3,E387C.DRG,99744,0.02828865979381443,-3.91,-0.029,0.0177,-0.09523300970873788,0.029032038834951455,-0.23096596612434334,0.022673773894700155,-0.11577866156694773,0.035891800052600974,-0.06623300970873788,0.6402281827656189,-0.02054565185820985,-0.20196596612434334,0.23628244838909154,0.28100417484181667,100k
E387B|97000|vol3|E387C.DRG|99744,e387,E387B,97000,vol3,E387C.DRG,99744,0.02828865979381443,-2.9,0.076,0.0163,0.04504950495049504,0.02058019801980198,-0.06397190270928636,0.018122276124114028,0.07081360278825292,0.02264761017012227,-0.030950495049504957,0.26258883557067375,0.025764097837757884,-0.13997190270928636,0.10045637793820318,0.11179608123398953,100k
E387B|97000|vol3|E387C.DRG|99744,e387,E387B,97000,vol3,E387C.DRG,99744,0.02828865979381443,-1.86,0.18,0.0153,0.1776697247706422,0.01740183486238532,0.08822563974135714,0.015164809539680186,0.20252345353254814,0.01795995764352934,-0.0023302752293578033,0.13737482760688377,0.024853728761905947,-0.09177436025864286,0.03207263978526889,-0.008835977798680643,100k
E387B|97000|vol3|E387C.DRG|99744,e387,E387B,97000,vol3,E387C.DRG,99744,0.02828865979381443,-0.85,0.282,0.0148,0.27590000000000003,0.01666,0.24035049551462637,0.014256977306135139,0.30749130440540856,0.014143887626468801,-0.006099999999999939,0.1256756756756757,0.03159130440540853,-0.041649504485373606,-0.15102715327318125,-0.036690722558436625,100k
E387B|97000|vol3|E387C.DRG|99744,e387,E387B,97000,vol3,E387C.DRG,99744,0.02828865979381443,0.18,0.379,0.0168,0.3683434343434343,0.019315151515151514,0.33892925060730317,0.015000037813833203,0.4191929265610604,0.014836028643043373,-0.010656565656565697,0.14971139971139974,0.05084949221762608,-0.040070749392696836,-0.23189685406270577,-0.10714060631945214,100k
E387B|97000|vol3|E387C.DRG|99744,e387,E387B,97000,vol3,E387C.DRG,99744,0.02828865979381443,1.2,0.469,0.0178,0.46349565217391303,0.021775652173913043,0.43189325959981584,0.016101144657335153,0.5213891427088497,0.016373115631354195,-0.005504347826086942,0.22335124572545187,0.0578934905349367,-0.037106740400184135,-0.2480998731707801,-0.09544131138566556,100k
E387B|97000|vol3|E387C.DRG|99744,e387,E387B,97000,vol3,E387C.DRG,99744,0.02828865979381443,2.22,0.567,0.0181,0.5496896551724139,0.024217241379310344,0.5323072339836686,0.017087125730130954,0.6277703027063755,0.01799512222992508,-0.01731034482758609,0.3379691369784719,0.0780806475339616,-0.03469276601633131,-0.2569293113088034,-0.05595990441265456,100k
E387B|97000|vol3|E387C.DRG|99744,e387,E387B,97000,vol3,E387C.DRG,99744,0.02828865979381443,3.24,0.667,0.0182,0.6424905660377359,0.027618867924528303,0.6374287079539775,0.01776614020742192,0.7348533520460439,0.01953682877486508,-0.024509433962264127,0.5175202156334232,0.09236278600830794,-0.02957129204602249,-0.2926274593060191,-0.023838450141652815,100k
E387B|97000|vol3|E387C.DRG|99744,e387,E387B,97000,vol3,E387C.DRG,99744,0.02828865979381443,4.25,0.766,0.0189,0.741625,0.027975,0.7423567923197889,0.01814117765232531,0.8397318167173863,0.02064559345210165,-0.024375000000000036,0.4801587301587301,0.0981068167173863,-0.02364320768021111,-0.26199844675239853,-0.040149330564798434,100k
E387B|97000|vol3|E387C.DRG|99744,e387,E387B,97000,vol3,E387C.DRG,99744,0.02828865979381443,5.28,0.859,0.0197,0.849,0.025956,0.8446364229985825,0.018582444482941732,0.9417147291537749,0.02089854672820184,-0.010000000000000009,0.3175634517766498,0.09271472915377488,-0.014363577001417438,-0.19484717490361228,-0.056728706449658224,100k
E387B|97000|vol3|E387C.DRG|99744,e387,E387B,97000,vol3,E387C.DRG,99744,0.02828865979381443,6.3,0.952,0.0207,0.9512828282828283,0.022473737373737375,0.9428527461521097,0.018815649737747474,1.0375860722456614,0.020266384025130233,-0.0007171717171716718,0.08568779583272344,0.08630324396283306,-0.00914725384789028,-0.09821923749926155,-0.09103141363538769,100k
E387B|97000|vol3|E387C.DRG|99744,e387,E387B,97000,vol3,E387C.DRG,99744,0.02828865979381443,7.32,1.041,0.0199,1.0530934579439253,0.020957009345794392,1.0136357151134154,0.02005678953854766,1.114304445135793,0.02018244190073399,0.012093457943925356,0.05311604752735632,0.061210987191867794,-0.02736428488658449,-0.0369598272482443,0.007878871283801948,100k
E387B|97000|vol3|E387C.DRG|99744,e387,E387B,97000,vol3,E387C.DRG,99744,0.02828865979381443,8.34,1.101,0.0256,1.1384117647058822,0.02085882352941176,1.0347891832516765,0.029642384822324445,1.1328441953840216,0.02637220253809607,0.037411764705882256,-0.18520220588235317,-0.005567569321860644,-0.06621081674832352,0.2643187906024627,0.1579056571220486,100k
E387B|97000|vol3|E387C.DRG|99744,e387,E387B,97000,vol3,E387C.DRG,99744,0.02828865979381443,9.35,1.134,0.0307,1.180495145631068,0.026878640776699023,1.1188410041725387,0.03744145549970664,1.1616620048245248,0.036450007539843,0.04649514563106805,-0.12447424180133479,-0.01883314080654319,-0.015158995827461164,0.35609563901167784,0.21959138435526518,100k
E387B|202600|vol1|E387A.DRG|202300,e387,E387B,202600,vol1,E387A.DRG,202300,0.0014807502467917078,-3.92,-0.057,0.0147,-0.06731538461538458,0.01905153846153846,-0.14221264930826347,0.014843645034340582,-0.02830033531023011,0.02330793986459926,-0.01031538461538458,0.2960230245944531,0.039015049305154474,-0.08521264930826347,0.22341510170707152,0.009771771043577007,200k
E387B|202600|vol1|E387A.DRG|202300,e387,E387B,202600,vol1,E387A.DRG,202300,0.0014807502467917078,-2.91,0.04,0.0131,0.031811594202898544,0.014256521739130435,-0.047189825115811296,0.012451609529516171,0.08046922704770013,0.015700882167170322,-0.008188405797101457,0.08828410222369729,0.04865763284480158,-0.0871898251158113,0.10131225936235864,-0.04949545576212438,200k
E387B|202600|vol1|E387A.DRG|202300,e387,E387B,202600,vol1,E387A.DRG,202300,0.0014807502467917078,-1.88,0.142,0.0126,0.12794375,0.01151,0.058357032918442645,0.011214325210708519,0.1848925024075957,0.012650580439635538,-0.014056249999999992,-0.08650793650793656,0.0569487524075957,-0.08364296708155734,0.0990947384566063,-0.10997418962630802,200k
E387B|202600|vol1|E387A.DRG|202300,e387,E387B,202600,vol1,E387A.DRG,202300,0.0014807502467917078,-0.85,0.246,0.0122,0.23030000000000003,0.01048,0.1813916602245926,0.009772173866091501,0.3035310944451005,0.01050471054328253,-0.015699999999999964,-0.14098360655737713,0.07323109444510048,-0.06460833977540739,0.002357876267417059,-0.19900214212364753,200k
E387B|202600|vol1|E387A.DRG|202300,e387,E387B,202600,vol1,E387A.DRG,202300,0.0014807502467917078,0.17,0.349,0.0105,0.3352926829268293,0.010329268292682927,0.3112407464321517,0.009629811426989704,0.4130809385734255,0.009723906498628648,-0.013707317073170688,-0.01626016260162603,0.0777882556465962,-0.03775925356784826,-0.0586064546782183,-0.08287510219145679,200k
E387B|202600|vol1|E387A.DRG|202300,e387,E387B,202600,vol1,E387A.DRG,202300,0.0014807502467917078,1.19,0.457,0.0107,0.4435121951219512,0.010951219512195121,0.4103769662233307,0.009808720974008025,0.5155757454408398,0.010137975488094784,-0.013487804878048792,0.023478459083656245,0.07206355031888861,-0.04662303377666932,-0.07426059017397292,-0.0832971052328948,200k
E387B|202600|vol1|E387A.DRG|202300,e387,E387B,202600,vol1,E387A.DRG,202300,0.0014807502467917078,2.21,0.56,0.0106,0.5500285714285714,0.011805714285714286,0.5174856116543328,0.0101556961893209,0.6252622240775523,0.010769067790597569,-0.009971428571428631,0.1137466307277628,0.07523365264898085,-0.04251438834566723,-0.08780887543341022,-0.041915453837650975,200k
E387B|202600|vol1|E387A.DRG|202300,e387,E387B,202600,vol1,E387A.DRG,202300,0.0014807502467917078,3.24,0.662,0.011,0.6579044585987261,0.012526751592356689,0.6278428277077996,0.010558990422224237,0.7364542796325538,0.011417979736276914,-0.004095541401273883,0.13879559930515362,0.07854982103382768,-0.03415717229220039,-0.08851232084432022,-0.04009177979779656,200k
E387B|202600|vol1|E387A.DRG|202300,e387,E387B,202600,vol1,E387A.DRG,202300,0.0014807502467917078,4.25,0.759,0.0121,0.763985401459854,0.013104379562043796,0.7349626255467253,0.011103945128158025,0.8453254337822627,0.0120464779645568,0.004985401459854044,0.08300657537552038,0.0813400323224086,-0.024037374453274696,-0.08072885804919423,-0.08231858444975,200k
E387B|202600|vol1|E387A.DRG|202300,e387,E387B,202600,vol1,E387A.DRG,202300,0.0014807502467917078,5.26,0.852,0.0133,0.8635109489051095,0.013546715328467154,0.841270220481392,0.011771811892638947,0.9528778962461533,0.012449049356522874,0.011510948905109508,0.01855002469677852,0.08936694734104378,-0.010729779518607985,-0.08102820095714548,-0.1149013614557182,200k
E387B|202600|vol1|E387A.DRG|202300,e387,E387B,202600,vol1,E387A.DRG,202300,0.0014807502467917078,6.29,0.939,0.0143,0.9622682926829268,0.014156097560975611,0.9475739235997835,0.012541340540253996,1.0387723559862234,0.014217836079719753,0.02326829268292685,-0.01006310762408317,0.07650406330329662,0.008573923599783595,0.004361266830650954,-0.12298317900321709,200k
E387B|202600|vol1|E387A.DRG|202300,e387,E387B,202600,vol1,E387A.DRG,202300,0.0014807502467917078,7.3,1.006,0.0175,1.0559870129870128,0.015079220779220779,1.0084843732302868,0.017764699227243764,1.1088707221652216,0.01687786109733289,0.0499870129870128,-0.13833024118738413,0.05288370917820884,0.0024843732302868293,0.11927939410441175,0.015125670128214981,200k
E387B|202600|vol1|E387A.DRG|202300,e387,E387B,202600,vol1,E387A.DRG,202300,0.0014807502467917078,8.32,1.055,0.0246,1.1169220779220779,0.02077532467532468,1.0610303086061772,0.024512399827441658,1.1385118246097188,0.0242190560374995,0.061922077922077934,-0.15547460669411872,0.02158974668764091,0.006030308606177259,0.16576065192689945,-0.0035609826243228775,200k
E387B|202600|vol1|E387A.DRG|202300,e387,E387B,202600,vol1,E387A.DRG,202300,0.0014807502467917078,9.33,1.086,0.0316,1.161705035971223,0.027556834532374105,1.1259136639739917,0.030898612495713528,1.179991311787287,0.03150904999426049,0.07570503597122302,-0.12794827429195876,0.01828627581606379,0.03991366397399165,0.14342051723115273,-0.022195807097673256,200k
FX63-137A|200100|vol4|fx63137_c_drg.txt|200082,fx63137,FX63-137A,200100,vol4,fx63137_c_drg.txt,200082,8.995502248875562e-05,-6.92,-0.021,0.036,-0.03888235294117646,0.07628235294117647,-0.0008151303213828674,0.060102357038049954,0.027996764444311924,0.04951240560256123,-0.017882352941176457,1.118954248366013,0.06687911738548838,0.020184869678617132,-0.35093237566044033,0.66950991772361,200k
FX63-137A|200100|vol4|fx63137_c_drg.txt|200082,fx63137,FX63-137A,200100,vol4,fx63137_c_drg.txt,200082,8.995502248875562e-05,-5.89,0.085,0.0201,0.139923076923077,0.02626538461538461,0.12830314713745006,0.028166904933644803,0.16017286273068326,0.021627709620246842,0.054923076923077005,0.3067355530042095,0.020249785807606252,0.04330314713745005,-0.17656984898752673,0.4013385539126768,200k
FX63-137A|200100|vol4|fx63137_c_drg.txt|200082,fx63137,FX63-137A,200100,vol4,fx63137_c_drg.txt,200082,8.995502248875562e-05,-4.88,0.186,0.0172,0.26502912621359226,0.01926504854368932,0.2847824635719535,0.018718811374895068,0.30333410976566233,0.016846125750996845,0.07902912621359226,0.12006096184240228,0.03830498355207007,0.09878246357195353,-0.12556017116732596,0.08830298691250396,200k
FX63-137A|200100|vol4|fx63137_c_drg.txt|200082,fx63137,FX63-137A,200100,vol4,fx63137_c_drg.txt,200082,8.995502248875562e-05,-3.85,0.292,0.0149,0.38087755102040816,0.016376530612244897,0.42117509529779773,0.015728573817872894,0.442672296124263,0.014515838263574436,0.08887755102040817,0.09909601424462398,0.06179474510385485,0.12917509529779775,-0.11361944680024001,0.05560898106529487,200k
FX63-137A|200100|vol4|fx63137_c_drg.txt|200082,fx63137,FX63-137A,200100,vol4,fx63137_c_drg.txt,200082,8.995502248875562e-05,-2.83,0.403,0.0142,0.5005333333333333,0.014287619047619049,0.5581053049602542,0.013343451931301285,0.5812639662779411,0.012936940343974844,0.09753333333333325,0.006170355466130153,0.0807306329446078,0.1551053049602542,-0.0945349046011475,-0.060320286528078554,200k
FX63-137A|200100|vol4|fx63137_c_drg.txt|200082,fx63137,FX63-137A,200100,vol4,fx63137_c_drg.txt,200082,8.995502248875562e-05,-1.8,0.515,0.0142,0.6085841584158416,0.014766336633663366,0.6971588879739244,0.013221969283734552,0.7092883195454838,0.013533903836066221,0.09358415841584156,0.03988286152558911,0.1007041611296422,0.18215888797392443,-0.08346232570558645,-0.06887540255390487,200k
FX63-137A|200100|vol4|fx63137_c_drg.txt|200082,fx63137,FX63-137A,200100,vol4,fx63137_c_drg.txt,200082,8.995502248875562e-05,-0.79,0.61,0.0149,0.7068000000000001,0.01552,0.8074203633857352,0.013787986724559125,0.819184382380753,0.0141706020749896,0.09680000000000011,0.04161073825503361,0.11238438238075288,0.1974203633857352,-0.0869457425908763,-0.07463176345240773,200k
FX63-137A|200100|vol4|fx63137_c_drg.txt|200082,fx63137,FX63-137A,200100,vol4,fx63137_c_drg.txt,200082,8.995502248875562e-05,0.24,0.724,0.0156,0.8042897196261682,0.016088785046728973,0.9174187282141952,0.014342502276632021,0.9287941584450928,0.014703262812924708,0.08028971962616827,0.03133237479031881,0.12450443881892459,0.19341872821419526,-0.08611726925184797,-0.08060882842102425,200k
FX63-137A|200100|vol4|fx63137_c_drg.txt|200082,fx63137,FX63-137A,200100,vol4,fx63137_c_drg.txt,200082,8.995502248875562e-05,1.27,0.829,0.0159,0.9043092783505154,0.016530927835051546,1.0279529802023237,0.014728920113171754,1.0391657420373404,0.015034993176670852,0.07530927835051549,0.039680995915191516,0.1348564636868249,0.19895298020232377,-0.09049308504080285,-0.0736528230709589,200k
FX63-137A|200100|vol4|fx63137_c_drg.txt|200082,fx63137,FX63-137A,200100,vol4,fx63137_c_drg.txt,200082,8.995502248875562e-05,2.3,0.931,0.0167,1.0081844660194175,0.016761165048543688,1.1374720191408965,0.015018186099679696,1.1488756916097211,0.015294260714655748,0.07718446601941742,0.0036625777571070864,0.14069122559030367,0.2064720191408964,-0.08751804123636342,-0.10070741918085649,200k
FX63-137A|200100|vol4|fx63137_c_drg.txt|200082,fx63137,FX63-137A,200100,vol4,fx63137_c_drg.txt,200082,8.995502248875562e-05,3.32,1.031,0.0163,1.107377358490566,0.017056603773584908,1.2420271442728088,0.01535641580411639,1.2541917139713739,0.015615785085625476,0.07637735849056604,0.04641740942238709,0.1468143554808079,0.2110271442728089,-0.08447277705956849,-0.05788860097445453,200k
FX63-137A|200100|vol4|fx63137_c_drg.txt|200082,fx63137,FX63-137A,200100,vol4,fx63137_c_drg.txt,200082,8.995502248875562e-05,4.33,1.122,0.0163,1.2092574257425743,0.017285148514851485,1.340861981851359,0.01578334642358664,1.354326049035774,0.01601777294158128,0.08725742574257422,0.060438559193342706,0.1450686232931997,0.21886198185135886,-0.0733216478979783,-0.0316965384302673,200k
FX63-137A|200100|vol4|fx63137_c_drg.txt|200082,fx63137,FX63-137A,200100,vol4,fx63137_c_drg.txt,200082,8.995502248875562e-05,5.36,1.21,0.0166,1.3078299999999998,0.017319,1.4377596088821583,0.01628403259435395,1.4521698752932553,0.016504024761009397,0.09782999999999986,0.04331325301204825,0.14433987529325543,0.2277596088821583,-0.04705671453262914,-0.01903418106301517,200k
FX63-137A|200100|vol4|fx63137_c_drg.txt|200082,fx63137,FX63-137A,200100,vol4,fx63137_c_drg.txt,200082,8.995502248875562e-05,6.38,1.299,0.0175,1.4068490566037735,0.018097169811320753,1.5318585879925968,0.01708015545644526,1.544270718494628,0.01727304991180383,0.10784905660377353,0.03412398921832867,0.13742166189085459,0.23285858799259684,-0.04553860676056612,-0.023991116774556683,200k
FX63-137A|200100|vol4|fx63137_c_drg.txt|200082,fx63137,FX63-137A,200100,vol4,fx63137_c_drg.txt,200082,8.995502248875562e-05,7.39,1.385,0.0185,1.49562,0.019154,1.6202430796043272,0.018261207394911286,1.6277368963899157,0.018593218965869712,0.11061999999999994,0.03535135135135145,0.13211689638991575,0.23524307960432722,-0.029277489512910548,-0.012907708383173695,200k
FX63-137A|200100|vol4|fx63137_c_drg.txt|200082,fx63137,FX63-137A,200100,vol4,fx63137_c_drg.txt,200082,8.995502248875562e-05,8.41,1.46,0.0198,1.5778282828282828,0.02039090909090909,1.6867080948875373,0.020186767108981162,1.6906447399579247,0.020839414885999184,0.11782828282828284,0.02984389348025706,0.11281645712964194,0.2267080948875373,0.021995380053459745,0.019533692372785887,200k
FX63-137A|200100|vol4|fx63137_c_drg.txt|200082,fx63137,FX63-137A,200100,vol4,fx63137_c_drg.txt,200082,8.995502248875562e-05,9.42,1.525,0.0219,1.64462,0.022494,1.72111116030108,0.023710916300702996,1.7248659184900883,0.024596313845052654,0.11962000000000006,0.027123287671232912,0.08024591849008833,0.1961111603010801,0.09346109384958898,0.08269024204123272,200k
FX63-137A|200100|vol4|fx63137_c_drg.txt|200082,fx63137,FX63-137A,200100,vol4,fx63137_c_drg.txt,200082,8.995502248875562e-05,10.43,1.573,0.0254,1.6981981132075472,0.026149999999999996,1.7290004849538463,0.029831218565009542,1.7354035405526638,0.030597443841601686,0.12519811320754726,0.029527559055118002,0.03720542734511656,0.15600048495384633,0.17007433428687152,0.17445742381927337,200k
FX63-137A|200100|vol4|fx63137_c_drg.txt|200082,fx63137,FX63-137A,200100,vol4,fx63137_c_drg.txt,200082,8.995502248875562e-05,11.44,1.599,0.0298,1.7218541666666667,0.031929166666666654,1.7259525232026847,0.03807806549953129,1.7311568907029296,0.038729322996918135,0.12285416666666671,0.07144854586129712,0.009302724036262866,0.1269525232026847,0.2129763172726551,0.2777874328701776,200k
FX63-137A|200100|vol4|fx63137_c_drg.txt|200082,fx63137,FX63-137A,200100,vol4,fx63137_c_drg.txt,200082,8.995502248875562e-05,12.44,1.607,0.0368,1.7188823529411765,0.04326470588235294,1.7250701388733798,0.04739649127698616,1.7220011378052391,0.04875183446122221,0.11188235294117654,0.17567135549872126,0.003118784864062585,0.1180701388733798,0.1268269012111183,0.2879481325267979,200k
FX63-137A|299500|vol1|FX63137B.DRG|302300,fx63137,FX63-137A,299500,vol1,FX63137B.DRG,302300,0.009348914858096828,-4.88,0.191,0.0144,0.24481250000000004,0.01618333333333333,0.31213189314302314,0.014304525670089585,0.3230141892226808,0.013091767919234526,0.05381250000000004,0.12384259259259245,0.07820168922268078,0.12113189314302314,-0.19103390818324234,-0.006630161799334366,300k
FX63-137A|299500|vol1|FX63137B.DRG|302300,fx63137,FX63-137A,299500,vol1,FX63137B.DRG,302300,0.009348914858096828,-3.85,0.301,0.0128,0.36,0.014,0.44215595040386313,0.012704688249767365,0.459098818865904,0.0116459431073652,0.059,0.09374999999999997,0.09909881886590399,0.14115595040386314,-0.16814692090248567,-0.00744623048692464,300k
FX63-137A|299500|vol1|FX63137B.DRG|302300,fx63137,FX63-137A,299500,vol1,FX63137B.DRG,302300,0.009348914858096828,-2.83,0.412,0.0123,0.47450943396226414,0.012075471698113207,0.5745368609093338,0.010563586710982313,0.6002934762875158,0.010189224332173506,0.06250943396226416,-0.018254333486731156,0.1257840423252517,0.16253686090933378,-0.1562048599918815,-0.14117181211525914,300k
FX63-137A|299500|vol1|FX63137B.DRG|302300,fx63137,FX63-137A,299500,vol1,FX63137B.DRG,302300,0.009348914858096828,-1.79,0.527,0.0116,0.5932857142857143,0.011619047619047619,0.7123743305581081,0.010522973573826366,0.7249794171196112,0.010677679753915113,0.06628571428571428,0.001642036124794821,0.13169370283389692,0.18537433055810804,-0.08101936544173206,-0.09284710570462353,300k
FX63-137A|299500|vol1|FX63137B.DRG|302300,fx63137,FX63-137A,299500,vol1,FX63137B.DRG,302300,0.009348914858096828,-0.77,0.635,0.0121,0.6997669902912621,0.011976699029126214,0.8241593424239236,0.010941103993968783,0.8382843012601259,0.011116288217543319,0.0647669902912621,-0.010190162882131048,0.13851731096886377,0.18915934242392363,-0.07184039688151607,-0.0957765294240675,300k
FX63-137A|299500|vol1|FX63137B.DRG|302300,fx63137,FX63-137A,299500,vol1,FX63137B.DRG,302300,0.009348914858096828,0.23,0.736,0.0122,0.8009038461538462,0.012451923076923077,0.9335313404762177,0.011328111432291212,0.9478331799154577,0.011502767581180467,0.06490384615384626,0.020649432534678415,0.14692933376161144,0.19753134047621768,-0.07622561510210923,-0.07146627604170402,300k
FX63-137A|299500|vol1|FX63137B.DRG|302300,fx63137,FX63-137A,299500,vol1,FX63137B.DRG,302300,0.009348914858096828,1.24,0.838,0.0123,0.9038019801980198,0.013040594059405941,1.0440323641574103,0.011705957489751697,1.0580634407812526,0.011857375051082565,0.06580198019801986,0.06021089913869438,0.15426146058323276,0.20603236415741033,-0.09073352049249181,-0.04829613904457749,300k
FX63-137A|299500|vol1|FX63137B.DRG|302300,fx63137,FX63-137A,299500,vol1,FX63137B.DRG,302300,0.009348914858096828,2.23,0.935,0.0125,1.0056435643564356,0.013364356435643565,1.1511496994386916,0.012098799438137898,1.1651181931800092,0.012229427239542704,0.0706435643564356,0.06914851485148518,0.15947462882357355,0.21614969943869156,-0.08492209868586972,-0.03209604494896823,300k
FX63-137A|299500|vol1|FX63137B.DRG|302300,fx63137,FX63-137A,299500,vol1,FX63137B.DRG,302300,0.009348914858096828,3.2,1.024,0.013,1.1021584158415842,0.013568316831683167,1.2532636417281868,0.012574120685618466,1.2675824712368722,0.012680399292578302,0.07815841584158423,0.043716679360243677,0.16542405539528793,0.2292636417281868,-0.06544050747926984,-0.03275994726011796,300k
FX63-137A|299500|vol1|FX63137B.DRG|302300,fx63137,FX63-137A,299500,vol1,FX63137B.DRG,302300,0.009348914858096828,4.28,1.125,0.0136,1.2142201834862385,0.013853211009174311,1.3620824660971826,0.01325236541493034,1.3770301755589962,0.013319810278178343,0.0892201834862385,0.018618456556934712,0.1628099920727577,0.23708246609718264,-0.03850376137653017,-0.02556136654923962,300k
FX63-137A|299500|vol1|FX63137B.DRG|302300,fx63137,FX63-137A,299500,vol1,FX63137B.DRG,302300,0.009348914858096828,5.34,1.22,0.0144,1.3130693069306931,0.014428712871287129,1.4626857773327404,0.014021427256180084,1.477822448157503,0.014094767250369324,0.09306930693069315,0.001993949394939544,0.16475314122680995,0.24268577733274044,-0.023144519119397754,-0.02628977387638306,300k
FX63-137A|299500|vol1|FX63137B.DRG|302300,fx63137,FX63-137A,299500,vol1,FX63137B.DRG,302300,0.009348914858096828,6.37,1.3,0.0155,1.3941458333333332,0.014405208333333332,1.5507305792241808,0.014797475728256418,1.565439238664045,0.014982729092932861,0.09414583333333315,-0.07063172043010758,0.1712934053307118,0.25073057922418074,0.04009110776018134,-0.045324146564102066,300k
FX63-137A|299500|vol1|FX63137B.DRG|302300,fx63137,FX63-137A,299500,vol1,FX63137B.DRG,302300,0.009348914858096828,7.39,1.379,0.0165,1.4786822429906543,0.01521588785046729,1.6246954217271659,0.016061742270057272,1.6354264613594653,0.01648204969160062,0.09968224299065431,-0.07782497875955825,0.15674421836881103,0.24569542172716585,0.08321314231390349,-0.026561074541983556,300k
FX63-137A|299500|vol1|FX63137B.DRG|302300,fx63137,FX63-137A,299500,vol1,FX63137B.DRG,302300,0.009348914858096828,8.4,1.452,0.0183,1.5506116504854368,0.016801941747572817,1.6845685612912675,0.01837399573342249,1.6909457557625889,0.019022375371435394,0.09861165048543685,-0.08186110669001002,0.14033410527715207,0.23256856129126757,0.1321533937697015,0.004043482700682498,300k
FX63-137A|299500|vol1|FX63137B.DRG|302300,fx63137,FX63-137A,299500,vol1,FX63137B.DRG,302300,0.009348914858096828,9.41,1.512,0.0205,1.615790476190476,0.019203809523809522,1.7219931146820253,0.022377672914883216,1.728537669783648,0.023125475689528285,0.10379047619047599,-0.0632288037166087,0.11274719359317209,0.2099931146820253,0.2042129276931512,0.09159380072601046,300k
FX63-137A|299500|vol1|FX63137B.DRG|302300,fx63137,FX63-137A,299500,vol1,FX63137B.DRG,302300,0.009348914858096828,10.43,1.552,0.024,1.669877551020408,0.022320408163265304,1.7384081800823636,0.02841050925115951,1.748645691135422,0.028950728551272533,0.11787755102040798,-0.06998299319727902,0.07876814011501398,0.1864081800823636,0.2970519328996564,0.1837712187983129,300k
FX63-137A|299500|vol1|FX63137B.DRG|302300,fx63137,FX63-137A,299500,vol1,FX63137B.DRG,302300,0.009348914858096828,11.44,1.571,0.0295,1.7050612244897958,0.027240816326530613,1.7463971718948348,0.03599266103508704,1.7572805800977345,0.03647856650025751,0.13406122448979585,-0.0765824974057419,0.05221935560793867,0.17539717189483484,0.3391142931619854,0.22009020457922174,300k
FX63-137B|100800|vol1|FX63137B.DRG|100800,fx63137,FX63-137B,100800,vol1,FX63137B.DRG,100800,0.0,-3.87,0.21,0.0308,0.15304580152671754,0.03832213740458015,0.1990725026727354,0.03222665246956612,0.24757167457373377,0.029856863449951202,-0.05695419847328245,0.24422524040844648,0.09452587304701623,-0.010927497327264585,-0.22089775069845674,0.046319885375523236,100k
FX63-137B|100800|vol1|FX63137B.DRG|100800,fx63137,FX63-137B,100800,vol1,FX63137B.DRG,100800,0.0,-2.85,0.345,0.0279,0.28815789473684206,0.035096842105263155,0.36036175898467,0.02749074785793009,0.4018259798388525,0.02550075033457121,-0.056842105263157916,0.25795132993774744,0.11366808510201043,0.015361758984670015,-0.2734175269077245,-0.014668535558061298,100k
FX63-137B|100800|vol1|FX63137B.DRG|100800,fx63137,FX63-137B,100800,vol1,FX63137B.DRG,100800,0.0,-1.82,0.473,0.0276,0.4035820895522388,0.035283582089552235,0.49873201400411726,0.025375857967773516,0.5287425251738619,0.026061785734212802,-0.06941791044776119,0.27839065541855923,0.1251604356216231,0.025732014004117287,-0.2613622486496371,-0.08058485624009,100k
FX63-137B|100800|vol1|FX63137B.DRG|100800,fx63137,FX63-137B,100800,vol1,FX63137B.DRG,100800,0.0,-0.79,0.581,0.0287,0.478910447761194,0.040817910447761195,0.627983745289128,0.026924365841226164,0.6484497837412507,0.027174766988471863,-0.10208955223880595,0.42222684486972806,0.16953933598005672,0.046983745289128076,-0.3342440440881912,-0.061868786019994286,100k
FX63-137B|100800|vol1|FX63137B.DRG|100800,fx63137,FX63-137B,100800,vol1,FX63137B.DRG,100800,0.0,0.22,0.684,0.0265,0.5555106382978723,0.04737872340425532,0.7538113745664565,0.026833234396309386,0.7702743574383567,0.02736530350325334,-0.12848936170212777,0.7878763548775594,0.21476371914048442,0.06981137456645647,-0.4224136587691275,0.012574882879599484,100k
FX63-137B|100800|vol1|FX63137B.DRG|100800,fx63137,FX63-137B,100800,vol1,FX63137B.DRG,100800,0.0,1.26,0.778,0.026,0.6221413043478261,0.05091521739130434,0.8845943905672544,0.026207943350048446,0.8977756869411558,0.02682193252014964,-0.15585869565217392,0.958277591973244,0.27563438259332973,0.1065943905672544,-0.4732040066919075,0.007997821155709508,100k
FX63-137B|100800|vol1|FX63137B.DRG|100800,fx63137,FX63-137B,100800,vol1,FX63137B.DRG,100800,0.0,2.27,0.87,0.0271,0.686,0.0557,1.0049215196915884,0.025512821046352246,1.0167939313361436,0.0261806556702589,-0.18399999999999994,1.0553505535055352,0.33079393133614354,0.1349215196915884,-0.5299702752197684,-0.05856748906449272,100k
FX63-137B|100800|vol1|FX63137B.DRG|100800,fx63137,FX63-137B,100800,vol1,FX63137B.DRG,100800,0.0,3.3,0.974,0.0263,0.7711239669421488,0.06072231404958678,1.125599898449317,0.025017059614726073,1.1375321056115149,0.025678571343113073,-0.20287603305785118,1.3088332338245923,0.36640813866936606,0.15159989844931698,-0.5771147436485448,-0.04878100324235464,100k
FX63-137B|100800|vol1|FX63137B.DRG|100800,fx63137,FX63-137B,100800,vol1,FX63137B.DRG,100800,0.0,4.32,1.074,0.0249,1.0027741935483871,0.047238709677419354,1.2480609763449806,0.024971609439855772,1.2598069516574792,0.025437639706338087,-0.07122580645161292,0.8971369348361188,0.2570327581090921,0.17406097634498052,-0.46150858310811205,0.002875881118705767,100k
FX63-137B|100800|vol1|FX63137B.DRG|100800,fx63137,FX63-137B,100800,vol1,FX63137B.DRG,100800,0.0,5.34,1.174,0.0234,1.182,0.03685,1.3716122223507616,0.025342132832137335,1.382568294143081,0.025556671313215273,0.008000000000000007,0.5747863247863247,0.20056829414308108,0.1976122223507617,-0.30646753559795736,0.08299712957851854,100k
FX63-137B|100800|vol1|FX63137B.DRG|100800,fx63137,FX63-137B,100800,vol1,FX63137B.DRG,100800,0.0,6.36,1.277,0.0262,1.3122613636363636,0.03172159090909091,1.4869867013604157,0.025874535309379675,1.4983039154682698,0.025882299407998573,0.035261363636363674,0.21074774462179033,0.1860425518319062,0.20998670136041575,-0.1840794025062244,-0.012422316435890299,100k
FX63-137B|100800|vol1|FX63137B.DRG|100800,fx63137,FX63-137B,100800,vol1,FX63137B.DRG,100800,0.0,7.39,1.373,0.0259,1.4152799999999999,0.029824000000000003,1.5868646879527901,0.026619497676619475,1.5980413328911012,0.026649848444523963,0.04227999999999987,0.15150579150579166,0.1827613328911013,0.21386468795279012,-0.10642943788479212,0.027779833074111013,100k
FX63-137B|100800|vol1|FX63137B.DRG|100800,fx63137,FX63-137B,100800,vol1,FX63137B.DRG,100800,0.0,8.4,1.459,0.0274,1.4985652173913044,0.029491304347826087,1.6638325784539298,0.02778523124682582,1.6748854924186873,0.028051219279024306,0.039565217391304364,0.07632497619803233,0.1763202750273829,0.20483257845392977,-0.04883083677199021,0.01405953455568686,100k
FX63-137B|100800|vol1|FX63137B.DRG|100800,fx63137,FX63-137B,100800,vol1,FX63137B.DRG,100800,0.0,9.42,1.532,0.0291,1.5761739130434782,0.029343478260869565,1.7139978952244461,0.029932957402632993,1.720815230585535,0.030729922865419278,0.044173913043478175,0.008366950545345838,0.1446413175420569,0.1819978952244461,0.04724881597961683,0.028623965726219645,100k
FX63-137B|100800|vol1|FX63137B.DRG|100800,fx63137,FX63-137B,100800,vol1,FX63137B.DRG,100800,0.0,10.42,1.56,0.0353,1.6442941176470587,0.031194117647058824,1.734395660702486,0.034084394457151654,1.7408760414356301,0.03501449849208942,0.08429411764705863,-0.11631394767538739,0.09658192378857144,0.1743956607024859,0.12247119435323438,-0.034436417644429014,100k
FX63-137B|100800|vol1|FX63137B.DRG|100800,fx63137,FX63-137B,100800,vol1,FX63137B.DRG,100800,0.0,11.44,1.597,0.0522,1.697,0.0349,1.7401732141330486,0.041094779128820404,1.7325961106947736,0.0422604235448934,0.10000000000000009,-0.3314176245210728,0.03559611069477353,0.14317321413304862,0.21090038810582806,-0.21274369485018388,100k
FX63-137B|155600|vol4|fx63137_c_drg.txt|149988,fx63137,FX63-137B,155600,vol4,fx63137_c_drg.txt,149988,0.0360668380462725,-6.93,-0.092,0.0463,-0.1269999999999999,0.09585555555555553,-0.0708004658931334,0.07623536828732015,-0.046719101084967254,0.07120934585197827,-0.03499999999999989,1.0703143748500112,0.08028089891503264,0.021199534106866605,-0.25711821876920754,0.646552230827649,150k
FX63-137B|155600|vol4|fx63137_c_drg.txt|149988,fx63137,FX63-137B,155600,vol4,fx63137_c_drg.txt,149988,0.0360668380462725,-5.9,0.056,0.0233,0.05318181818181813,0.038907272727272735,0.041474558014956996,0.0463867542651672,0.07458725064064424,0.037916921873075396,-0.0028181818181818724,0.669840031213422,0.02140543245882611,-0.014525441985043006,-0.025454131959836264,0.9908478225393649,150k
FX63-137B|155600|vol4|fx63137_c_drg.txt|149988,fx63137,FX63-137B,155600,vol4,fx63137_c_drg.txt,149988,0.0360668380462725,-4.89,0.164,0.0196,0.20780612244897959,0.02646734693877551,0.22486047141557636,0.024234008741750173,0.24735408325162422,0.022417280049428303,0.04380612244897958,0.35037484381507716,0.03954796080264464,0.06086047141557635,-0.15302126422855516,0.23642901743623335,150k
FX63-137B|155600|vol4|fx63137_c_drg.txt|149988,fx63137,FX63-137B,155600,vol4,fx63137_c_drg.txt,149988,0.0360668380462725,-3.86,0.273,0.0175,0.3540761904761905,0.021787619047619045,0.37532363040090627,0.019275017383516377,0.3980552313673411,0.01838118593736137,0.08107619047619047,0.24500680272108818,0.04397904089115062,0.10232363040090625,-0.15634719437734665,0.10142956477236428,150k
FX63-137B|155600|vol4|fx63137_c_drg.txt|149988,fx63137,FX63-137B,155600,vol4,fx63137_c_drg.txt,149988,0.0360668380462725,-2.83,0.39,0.0162,0.481010101010101,0.01926161616161616,0.5221153406711411,0.016507778080013275,0.5435989911360407,0.01623471899176273,0.09101010101010099,0.18898865195161488,0.06258889012593971,0.13211534067114106,-0.15714658336330675,0.018998646914399717,150k
FX63-137B|155600|vol4|fx63137_c_drg.txt|149988,fx63137,FX63-137B,155600,vol4,fx63137_c_drg.txt,149988,0.0360668380462725,-1.81,0.499,0.0157,0.5850654205607476,0.020093457943925235,0.6655044402395907,0.01590084073119404,0.6752235548465018,0.016755213468379593,0.08606542056074762,0.2798380856003336,0.09015813428575414,0.16650444023959066,-0.16613588785273659,0.012792403260766885,150k
FX63-137B|155600|vol4|fx63137_c_drg.txt|149988,fx63137,FX63-137B,155600,vol4,fx63137_c_drg.txt,149988,0.0360668380462725,-0.79,0.604,0.0166,0.67982,0.02089,0.7826026066680348,0.01650379197865523,0.7897628996623236,0.01745934616334597,0.07582,0.25843373493975896,0.10994289966232362,0.17860260666803485,-0.16422469299444853,-0.005795663936431934,150k
FX63-137B|155600|vol4|fx63137_c_drg.txt|149988,fx63137,FX63-137B,155600,vol4,fx63137_c_drg.txt,149988,0.0360668380462725,0.25,0.707,0.0172,0.7794380952380953,0.021467619047619048,0.8961013369929226,0.01707400678099069,0.9024812895985792,0.0179977800459869,0.0724380952380953,0.24811738648947954,0.12304319436048394,0.18910133699292264,-0.16163129194417974,-0.007325187151703985,150k
FX63-137B|155600|vol4|fx63137_c_drg.txt|149988,fx63137,FX63-137B,155600,vol4,fx63137_c_drg.txt,149988,0.0360668380462725,1.26,0.811,0.0182,0.8661176470588235,0.0221,1.0064277474148087,0.017375075505152014,1.0128643959537558,0.018215879156529023,0.05511764705882349,0.2142857142857143,0.14674674889493222,0.19542774741480862,-0.17575207436520263,-0.04532552169494432,150k
FX63-137B|155600|vol4|fx63137_c_drg.txt|149988,fx63137,FX63-137B,155600,vol4,fx63137_c_drg.txt,149988,0.0360668380462725,2.29,0.912,0.0184,0.9640686274509803,0.022062745098039217,1.1156738793317333,0.017524002305420974,1.1226594541129318,0.018305945671814407,0.05206862745098029,0.19906223358908792,0.15859082666195146,0.2036738793317333,-0.17027796901658845,-0.047608570357555766,150k
FX63-137B|155600|vol4|fx63137_c_drg.txt|149988,fx63137,FX63-137B,155600,vol4,fx63137_c_drg.txt,149988,0.0360668380462725,3.3,1.008,0.0186,1.0595882352941175,0.021829411764705882,1.2169411230161886,0.0177099329106092,1.2250675531114763,0.018451456809950518,0.05158823529411749,0.1736242884250475,0.1654793178173588,0.2089411230161886,-0.15474328814562432,-0.047853069322085925,150k
FX63-137B|155600|vol4|fx63137_c_drg.txt|149988,fx63137,FX63-137B,155600,vol4,fx63137_c_drg.txt,149988,0.0360668380462725,4.32,1.1,0.0183,1.1555242718446603,0.02151747572815534,1.3157396021680037,0.017937607437272594,1.3252510184004616,0.018662317498951742,0.055524271844660245,0.1758183458008382,0.16972674655580122,0.21573960216800359,-0.13269020331542233,-0.019802872280186117,150k
FX63-137B|155600|vol4|fx63137_c_drg.txt|149988,fx63137,FX63-137B,155600,vol4,fx63137_c_drg.txt,149988,0.0360668380462725,5.35,1.196,0.0193,1.2619278350515464,0.021637113402061856,1.41591093687487,0.018399734818147915,1.4264617765800727,0.01902006944880124,0.06592783505154642,0.12109395865605461,0.1645339415285263,0.21991093687486996,-0.12095162162487122,-0.04664586434466768,150k
FX63-137B|155600|vol4|fx63137_c_drg.txt|149988,fx63137,FX63-137B,155600,vol4,fx63137_c_drg.txt,149988,0.0360668380462725,6.36,1.29,0.0202,1.3663888888888889,0.02192222222222222,1.5179001503485074,0.019276301242465505,1.5261054155270384,0.01980186540017199,0.07638888888888884,0.08525852585258527,0.1597165266381495,0.2279001503485074,-0.09672180130994462,-0.04572766126408387,150k
FX63-137B|155600|vol4|fx63137_c_drg.txt|149988,fx63137,FX63-137B,155600,vol4,fx63137_c_drg.txt,149988,0.0360668380462725,7.38,1.379,0.0219,1.463076923076923,0.022553846153846153,1.6144304415656785,0.02043208054957198,1.61987618737392,0.02103808229157036,0.08407692307692294,0.029855988760098363,0.1567992642969971,0.2354304415656785,-0.06720644682668929,-0.06702828540767213,150k
FX63-137B|155600|vol4|fx63137_c_drg.txt|149988,fx63137,FX63-137B,155600,vol4,fx63137_c_drg.txt,149988,0.0360668380462725,8.4,1.462,0.0235,1.5454313725490196,0.023605882352941178,1.68705849489413,0.022057151754938706,1.6913812249830256,0.02292760060971145,0.08343137254901967,0.004505632040050122,0.14594985243400593,0.2250584948941301,-0.028733589920023325,-0.06139779766218273,150k
FX63-137B|155600|vol4|fx63137_c_drg.txt|149988,fx63137,FX63-137B,155600,vol4,fx63137_c_drg.txt,149988,0.0360668380462725,9.42,1.532,0.0249,1.618747572815534,0.02523980582524272,1.7241374937080447,0.025089067807150107,1.7292648796994745,0.026187632224441513,0.08674757281553402,0.013646820290872289,0.11051730688394046,0.19213749370804467,0.037552840372918346,0.00759308462450234,150k
FX63-137B|155600|vol4|fx63137_c_drg.txt|149988,fx63137,FX63-137B,155600,vol4,fx63137_c_drg.txt,149988,0.0360668380462725,10.42,1.587,0.0275,1.6721249999999999,0.02792708333333333,1.7298222458446695,0.030690666087999464,1.735729351611864,0.03166032105302439,0.0851249999999999,0.01553030303030296,0.06360435161186406,0.14282224584466952,0.1336780384521975,0.11602422138179867,150k
FX63-137B|155600|vol4|fx63137_c_drg.txt|149988,fx63137,FX63-137B,155600,vol4,fx63137_c_drg.txt,149988,0.0360668380462725,11.43,1.615,0.0326,1.7046095238095238,0.03341714285714286,1.7229624126100607,0.038884348926237454,1.7225929364312802,0.0399473453589118,0.0896095238095238,0.02506573181419827,0.0179834126217564,0.10796241261006068,0.19541474654746308,0.19277143945513672,150k
FX63-137B|200700|vol1|FX63137B.DRG|201100,fx63137,FX63-137B,200700,vol1,FX63137B.DRG,201100,0.001993024414549078,-4.88,0.186,0.016,0.2441603773584906,0.020405660377358487,0.2852067793265396,0.018670697518424605,0.3028828175340291,0.016826762623915515,0.05816037735849061,0.2753537735849054,0.058722440175538515,0.0992067793265396,-0.17538749970640552,0.16691859490153782,200k
FX63-137B|200700|vol1|FX63137B.DRG|201100,fx63137,FX63-137B,200700,vol1,FX63137B.DRG,201100,0.001993024414549078,-3.86,0.291,0.0148,0.3536388888888889,0.017325,0.4201315424162619,0.01571543403506108,0.4418459521340147,0.014504648215378318,0.06263888888888891,0.17060810810810806,0.08820706324512578,0.1291315424162619,-0.1627908677992313,0.061853651017640454,200k
FX63-137B|200700|vol1|FX63137B.DRG|201100,fx63137,FX63-137B,200700,vol1,FX63137B.DRG,201100,0.001993024414549078,-2.85,0.399,0.0143,0.4704144144144144,0.015286486486486487,0.5556595361249208,0.013374633281292266,0.5811129873991214,0.013205903663051388,0.07141441441441437,0.06898506898506898,0.11069857298470703,0.15665953612492078,-0.13610601921339932,-0.06471095935019121,200k
FX63-137B|200700|vol1|FX63137B.DRG|201100,fx63137,FX63-137B,200700,vol1,FX63137B.DRG,201100,0.001993024414549078,-1.79,0.52,0.014,0.5844193548387097,0.014861290322580645,0.6985000082653648,0.013204025456740098,0.7102757711292542,0.013473751481638298,0.06441935483870964,0.06152073732718894,0.12585641629054456,0.17850000826536483,-0.09336597366879265,-0.056855324518564426,200k
FX63-137B|200700|vol1|FX63137B.DRG|201100,fx63137,FX63-137B,200700,vol1,FX63137B.DRG,201100,0.001993024414549078,-0.79,0.626,0.0147,0.6877563025210084,0.01572689075630252,0.8075976656826953,0.013761512724998332,0.8191501154644728,0.014126296611166102,0.06175630252100839,0.06985651403418514,0.13139381294346442,0.1815976656826953,-0.10177435387188558,-0.0638426717688209,200k
FX63-137B|200700|vol1|FX63137B.DRG|201100,fx63137,FX63-137B,200700,vol1,FX63137B.DRG,201100,0.001993024414549078,0.25,0.733,0.015,0.7950775193798449,0.016515503875968993,0.918671294727334,0.014319618224475654,0.9303895173613477,0.014629801956113346,0.06207751937984496,0.10103359173126622,0.13531199798150273,0.185671294727334,-0.1141776801977838,-0.04535878503495634,200k
FX63-137B|200700|vol1|FX63137B.DRG|201100,fx63137,FX63-137B,200700,vol1,FX63137B.DRG,201100,0.001993024414549078,1.28,0.842,0.0158,0.9,0.0169,1.0292151808381922,0.014704596068568766,1.0406634298275355,0.014988832285531934,0.05800000000000005,0.06962025316455675,0.14066342982753544,0.18721518083819222,-0.11308684700994466,-0.06932936274881239,200k
FX63-137B|200700|vol1|FX63137B.DRG|201100,fx63137,FX63-137B,200700,vol1,FX63137B.DRG,201100,0.001993024414549078,2.3,0.946,0.0158,1.002,0.017336363636363636,1.1376723766830972,0.01499213079634125,1.149107527918118,0.0152506861626278,0.05600000000000005,0.0972382048331414,0.147107527918118,0.19167237668309722,-0.12030651395434819,-0.05113096225688305,200k
FX63-137B|200700|vol1|FX63137B.DRG|201100,fx63137,FX63-137B,200700,vol1,FX63137B.DRG,201100,0.001993024414549078,3.3,1.046,0.0161,1.1024926470588234,0.0175,1.2402514146057255,0.015324241313671393,1.251948699516339,0.015579464084339885,0.0564926470588234,0.08695652173913056,0.14945605245751548,0.19425141460572548,-0.10974490946629235,-0.04818376933718053,200k
FX63-137B|200700|vol1|FX63137B.DRG|201100,fx63137,FX63-137B,200700,vol1,FX63137B.DRG,201100,0.001993024414549078,4.33,1.14,0.0164,1.202,0.017400000000000002,1.3411160756587268,0.01576092690670689,1.3547780193791417,0.01597799702458955,0.062000000000000055,0.06097560975609761,0.1527780193791417,0.2011160756587269,-0.08172430893163518,-0.038967871542262784,200k
FX63-137B|200700|vol1|FX63137B.DRG|201100,fx63137,FX63-137B,200700,vol1,FX63137B.DRG,201100,0.001993024414549078,5.35,1.229,0.0164,1.293311475409836,0.017188524590163935,1.4370852925391855,0.016257124554762258,1.4511409245570386,0.016482440021013952,0.06431147540983595,0.04808076769292279,0.15782944914720254,0.2080852925391854,-0.04107883521044252,-0.008711917392545314,200k
FX63-137B|200700|vol1|FX63137B.DRG|201100,fx63137,FX63-137B,200700,vol1,FX63137B.DRG,201100,0.001993024414549078,6.36,1.32,0.0183,1.3884719101123595,0.01741685393258427,1.5301684536267692,0.017038974225303313,1.5429598650492085,0.017223202908723364,0.06847191011235942,-0.04825934794621478,0.15448795493684897,0.21016845362676917,-0.011118599524947178,-0.06890851227850753,200k
FX63-137B|200700|vol1|FX63137B.DRG|201100,fx63137,FX63-137B,200700,vol1,FX63137B.DRG,201100,0.001993024414549078,7.38,1.407,0.0199,1.4796688741721853,0.01817682119205298,1.6194801238588532,0.018225443471359497,1.6223438427015435,0.01872333855950554,0.07266887417218526,-0.0865918998968352,0.14267496852935824,0.21248012385885318,0.03006671857956671,-0.08414856927841725,200k
FX63-137B|200700|vol1|FX63137B.DRG|201100,fx63137,FX63-137B,200700,vol1,FX63137B.DRG,201100,0.001993024414549078,8.42,1.486,0.0215,1.564329411764706,0.01916,1.6871663126245964,0.020193948877671824,1.691593753733338,0.020804454908541367,0.07832941176470598,-0.10883720930232552,0.12726434196863212,0.2011663126245964,0.08582750044579161,-0.06074656382921742,200k
FX63-137B|200700|vol1|FX63137B.DRG|201100,fx63137,FX63-137B,200700,vol1,FX63137B.DRG,201100,0.001993024414549078,9.43,1.551,0.0247,1.6316642335766425,0.021425547445255474,1.7212731712095954,0.023745565140317792,1.7232369495308686,0.024818078596518963,0.08066423357664254,-0.1325689293418836,0.09157271595422611,0.1702731712095955,0.15834046527547369,-0.03864108743652664,200k
FX63-137B|200700|vol1|FX63137B.DRG|201100,fx63137,FX63-137B,200700,vol1,FX63137B.DRG,201100,0.001993024414549078,10.44,1.597,0.0272,1.6862189781021897,0.0243007299270073,1.7290114577397784,0.029894727007777785,1.7355811228088156,0.030589304489580717,0.0892189781021897,-0.10659081150708448,0.04936214470662592,0.1320114577397784,0.2587813033379064,0.09907084587418333,200k
FX63-137B|200700|vol1|FX63137B.DRG|201100,fx63137,FX63-137B,200700,vol1,FX63137B.DRG,201100,0.001993024414549078,11.44,1.613,0.0364,1.7150629921259843,0.029096062992125984,1.7260352726823542,0.03806607521982787,1.7306809079788243,0.03897263209689578,0.10206299212598435,-0.20065761010642905,0.015617915852840003,0.11303527268235425,0.33944692474176347,0.04577129724801833,200k
FX63-137B|200700|vol1|FX63137B.DRG|201100,fx63137,FX63-137B,200700,vol1,FX63137B.DRG,201100,0.001993024414549078,12.44,1.616,0.0504,1.7295842696629213,0.03577191011235955,1.7251709311264787,0.04738523654803866,1.7224039827367987,0.04876641609242886,0.11358426966292123,-0.2902398787230248,-0.007180286926122603,0.10917093112647858,0.3632600534680306,-0.0598167351579631,200k
FX63-137B|308600|vol1|FX63137B.DRG|302300,fx63137,FX63-137B,308600,vol1,FX63137B.DRG,302300,0.020414776409591703,-4.89,0.19,0.0137,0.24371875000000007,0.016224999999999996,0.3115879100921133,0.014106664529979138,0.32176378661681276,0.01311095670845339,0.053718750000000065,0.18430656934306539,0.0780450366168127,0.12158791009211328,-0.19192870826173236,0.029683542334243647,300k
FX63-137B|308600|vol1|FX63137B.DRG|302300,fx63137,FX63-137B,308600,vol1,FX63137B.DRG,302300,0.020414776409591703,-3.84,0.304,0.0124,0.36112264150943396,0.013981132075471699,0.44416273013319363,0.012520517745219006,0.4604830802131747,0.011631661550745674,0.05712264150943397,0.12751065124771768,0.09936043870374073,0.14016273013319364,-0.16804580001414207,0.00971917300153281,300k
FX63-137B|308600|vol1|FX63137B.DRG|302300,fx63137,FX63-137B,308600,vol1,FX63137B.DRG,302300,0.020414776409591703,-2.83,0.42,0.0118,0.47450943396226414,0.012075471698113207,0.5750838363627625,0.010415154244431521,0.6002934762875158,0.010189224332173506,0.05450943396226415,0.023345059162136205,0.1257840423252517,0.15508383636276252,-0.1562048599918815,-0.11735980979393885,300k
FX63-137B|308600|vol1|FX63137B.DRG|302300,fx63137,FX63-137B,308600,vol1,FX63137B.DRG,302300,0.020414776409591703,-1.79,0.538,0.0119,0.5932857142857143,0.011619047619047619,0.7128935411508164,0.010365452911074975,0.7249794171196112,0.010677679753915113,0.05528571428571427,-0.023609443777511067,0.13169370283389692,0.17489354115081635,-0.08101936544173206,-0.12895353688445596,300k
FX63-137B|308600|vol1|FX63137B.DRG|302300,fx63137,FX63-137B,308600,vol1,FX63137B.DRG,302300,0.020414776409591703,-0.79,0.647,0.012,0.6976893203883495,0.011968932038834952,0.8226301892500317,0.010767816837073816,0.8360709519947988,0.011107807199373891,0.0506893203883495,-0.0025889967637539833,0.13838163160644923,0.1756301892500317,-0.0719466729919608,-0.10268193024384868,300k
FX63-137B|308600|vol1|FX63137B.DRG|302300,fx63137,FX63-137B,308600,vol1,FX63137B.DRG,302300,0.020414776409591703,0.24,0.754,0.0122,0.8019134615384615,0.01245673076923077,0.935472276705518,0.011156888942277591,0.9489279547118338,0.01150660839297971,0.047913461538461544,0.021043505674653237,0.14701449317337223,0.18147227670551802,-0.07627381484377486,-0.0855009063706893,300k
FX63-137B|308600|vol1|FX63137B.DRG|302300,fx63137,FX63-137B,308600,vol1,FX63137B.DRG,302300,0.020414776409591703,1.28,0.862,0.0129,0.9078811881188119,0.013064356435643566,1.0494117603621758,0.011544412698084946,1.0624275072824407,0.011871273923693979,0.04588118811881192,0.012740808964617484,0.15454631916362882,0.18741176036217577,-0.0913234813997031,-0.10508428697015922,300k
FX63-137B|308600|vol1|FX63137B.DRG|302300,fx63137,FX63-137B,308600,vol1,FX63137B.DRG,302300,0.020414776409591703,2.28,0.964,0.013,1.0107920792079208,0.01337920792079208,1.1576260597383665,0.01194941940038686,1.1705195744241546,0.012248376959033245,0.046792079207920834,0.029169840060929302,0.15972749521623375,0.19362605973836655,-0.0845215178995355,-0.0808138922779338,300k
FX63-137B|308600|vol1|FX63137B.DRG|302300,fx63137,FX63-137B,308600,vol1,FX63137B.DRG,302300,0.020414776409591703,3.31,1.062,0.0134,1.1130495049504951,0.01359009900990099,1.265821865415393,0.01247447261400204,1.2791649488107553,0.01273287482185879,0.051049504950495095,0.0141864932761932,0.16611544386026011,0.20382186541539293,-0.06307711131594217,-0.06906920791029551,300k
FX63-137B|308600|vol1|FX63137B.DRG|302300,fx63137,FX63-137B,308600,vol1,FX63137B.DRG,302300,0.020414776409591703,4.33,1.156,0.0139,1.2194495412844037,0.01386697247706422,1.3682861369111408,0.013138168574673805,1.3820628094837057,0.013350412612037595,0.06344954128440383,-0.002376080786746724,0.162613268199302,0.21228613691114084,-0.03725109182130473,-0.054808016210517535,300k
FX63-137B|308600|vol1|FX63137B.DRG|302300,fx63137,FX63-137B,308600,vol1,FX63137B.DRG,302300,0.020414776409591703,5.36,1.247,0.0146,1.314891089108911,0.014440594059405941,1.4658500773767822,0.013901238066383827,1.47970292719693,0.01410984385794392,0.06789108910891084,-0.010918215109182113,0.16481183808801902,0.21885007737678208,-0.022904196330246283,-0.04786040641206665,300k
FX63-137B|308600|vol1|FX63137B.DRG|302300,fx63137,FX63-137B,308600,vol1,FX63137B.DRG,302300,0.020414776409591703,6.37,1.333,0.0148,1.3941458333333332,0.014405208333333332,1.5520197650545084,0.014670039362575967,1.565439238664045,0.014982729092932861,0.06114583333333323,-0.026675112612612722,0.1712934053307118,0.2190197650545085,0.04009110776018134,-0.008781124150272556,300k
FX63-137B|308600|vol1|FX63137B.DRG|302300,fx63137,FX63-137B,308600,vol1,FX63137B.DRG,302300,0.020414776409591703,7.39,1.411,0.0162,1.4786822429906543,0.01521588785046729,1.6254056264784176,0.015942951622049402,1.6354264613594653,0.01648204969160062,0.06768224299065428,-0.060747663551401834,0.15674421836881103,0.21440562647841754,0.08321314231390349,-0.01586718382411094,300k
FX63-137B|308600|vol1|FX63137B.DRG|302300,fx63137,FX63-137B,308600,vol1,FX63137B.DRG,302300,0.020414776409591703,8.42,1.491,0.0185,1.5520097087378641,0.01683495145631068,1.685943243727133,0.018339069817240868,1.692016887753613,0.019074908864802943,0.061009708737864043,-0.09000262398320638,0.14000717901574888,0.1949432437271328,0.13305398677895208,-0.008698928797790858,300k
FX63-137B|308600|vol1|FX63137B.DRG|302300,fx63137,FX63-137B,308600,vol1,FX63137B.DRG,302300,0.020414776409591703,9.42,1.539,0.021,1.6164285714285713,0.019228571428571428,1.7227954648918546,0.022345033489823266,1.7288878396946024,0.023168036356470842,0.0774285714285714,-0.08435374149659872,0.11245926826603103,0.18379546489185472,0.2048755906039814,0.06404921380110781,300k
FX63-137B|308600|vol1|FX63137B.DRG|302300,fx63137,FX63-137B,308600,vol1,FX63137B.DRG,302300,0.020414776409591703,10.43,1.575,0.026,1.669877551020408,0.022320408163265304,1.7396819091332438,0.0282853204182057,1.748645691135422,0.028950728551272533,0.09487755102040807,-0.14152276295133442,0.07876814011501398,0.16468190913324388,0.2970519328996564,0.08789693916175768,300k
FX63-137B|308600|vol1|FX63137B.DRG|302300,fx63137,FX63-137B,308600,vol1,FX63137B.DRG,302300,0.020414776409591703,11.43,1.589,0.0313,1.704734693877551,0.027189795918367347,1.748577307916398,0.035717091558043895,1.7572063003985654,0.036402049296530736,0.11573469387755098,-0.13131642433331164,0.05247160652101446,0.15957730791639801,0.3388128916385244,0.141121136039741,300k
NACA 6409|61400|vol1|N6409.DRG|61000,naca6409,NACA 6409,61400,vol1,N6409.DRG,61000,0.006514657980456026,-0.83,0.325,0.0325,0.2841870503597122,0.0370841726618705,0.32127255305667324,0.039652435383346674,0.2900592279700773,0.039956344400421534,-0.04081294964028781,0.1410514665190923,0.005872177610365126,-0.003727446943326773,0.0774500691909507,0.2200749348722053,60k
NACA 6409|61400|vol1|N6409.DRG|61000,naca6409,NACA 6409,61400,vol1,N6409.DRG,61000,0.006514657980456026,0.19,0.438,0.0305,0.4412230215827338,0.03635035971223022,0.4710496660401873,0.037730605818198676,0.46421048594880837,0.03688611436717888,0.0032230215827337982,0.1918150725321383,0.022987464366074573,0.033049666040187275,0.014738634203072478,0.23706904321962874,60k
NACA 6409|61400|vol1|N6409.DRG|61000,naca6409,NACA 6409,61400,vol1,N6409.DRG,61000,0.006514657980456026,1.19,0.541,0.028,0.5526229508196722,0.03650327868852459,0.5901438776622805,0.03503034990237425,0.5846790900558856,0.037053212036278656,0.011622950819672129,0.30368852459016393,0.03205613923621342,0.049143877662280455,0.0150653137885651,0.2510839250847945,60k
NACA 6409|61400|vol1|N6409.DRG|61000,naca6409,NACA 6409,61400,vol1,N6409.DRG,61000,0.006514657980456026,2.22,0.629,0.0313,0.663,0.03703548387096774,0.6979424949895985,0.037421267353117224,0.7019814850289263,0.03782416072722183,0.03400000000000003,0.18324229619705246,0.03898148502892629,0.06894249498959848,0.021295168142040407,0.19556764706444799,60k
NACA 6409|61400|vol1|N6409.DRG|61000,naca6409,NACA 6409,61400,vol1,N6409.DRG,61000,0.006514657980456026,3.23,0.716,0.0336,0.764,0.03964193548387097,0.787118817060682,0.0410478442406146,0.7974334594311014,0.04097331002951201,0.04800000000000004,0.17981950844854078,0.03343345943110143,0.07111881706068202,0.03358500359253993,0.22166203097067264,60k
NACA 6409|61400|vol1|N6409.DRG|61000,naca6409,NACA 6409,61400,vol1,N6409.DRG,61000,0.006514657980456026,4.26,0.805,0.0365,0.8569760479041916,0.043742514970059876,0.8597170284368661,0.045999787097298954,0.8723244867034097,0.045902214531052254,0.051976047904191525,0.19842506767287338,0.0153484387992181,0.0547170284368661,0.049373008444315844,0.2602681396520262,60k
NACA 6409|102600|vol1|N6409.DRG|100700,naca6409,NACA 6409,102600,vol1,N6409.DRG,100700,0.018518518518518517,-0.84,0.459,0.02,0.4495079365079365,0.022444444444444444,0.5185944628821113,0.021947478772447158,0.4963635458285518,0.023638417783253974,-0.009492063492063496,0.12222222222222218,0.04685560932061528,0.05959446288211129,0.05319683192715728,0.09737393862235787,100k
NACA 6409|102600|vol1|N6409.DRG|100700,naca6409,NACA 6409,102600,vol1,N6409.DRG,100700,0.018518518518518517,0.14,0.549,0.018,0.5506190476190476,0.020266666666666665,0.6422493057445009,0.02016617091472589,0.6287825915900953,0.020354844880109097,0.00161904761904752,0.12592592592592594,0.07816354397104774,0.09324930574450085,0.0043508986895936675,0.12034282859588283,100k
NACA 6409|102600|vol1|N6409.DRG|100700,naca6409,NACA 6409,102600,vol1,N6409.DRG,100700,0.018518518518518517,1.18,0.646,0.0187,0.6512558139534883,0.01935813953488372,0.7714289510608106,0.017964340256953308,0.7620661953749803,0.019336686653098737,0.005255813953488286,0.035194627533888724,0.11081038142149202,0.12542895106081053,-0.001108209895187759,-0.03934009321105311,100k
NACA 6409|102600|vol1|N6409.DRG|100700,naca6409,NACA 6409,102600,vol1,N6409.DRG,100700,0.018518518518518517,2.2,0.739,0.018,0.7495147058823529,0.018945588235294117,0.8866363652777565,0.018518545298936134,0.8894805553548586,0.018928191045579537,0.010514705882352926,0.05253267973856213,0.13996584947250568,0.14763636527775648,-0.0009182712882026083,0.028808072163118613,100k
NACA 6409|102600|vol1|N6409.DRG|100700,naca6409,NACA 6409,102600,vol1,N6409.DRG,100700,0.018518518518518517,3.23,0.829,0.0188,0.8502426470588236,0.01962720588235294,0.9975196642775316,0.019470596865867017,1.0094062938557307,0.019523873538727834,0.021242647058823616,0.04400031289111373,0.1591636467969071,0.16851966427753162,-0.005264750583678982,0.035670046056756166,100k
NACA 6409|102600|vol1|N6409.DRG|100700,naca6409,NACA 6409,102600,vol1,N6409.DRG,100700,0.018518518518518517,4.24,0.922,0.0193,0.9412285714285714,0.02052285714285714,1.1025350498663502,0.02061330477614987,1.118257305731471,0.020556877108671833,0.019228571428571373,0.06336047372316787,0.17702873430289967,0.18053504986635016,0.0016576622630018294,0.06804687959325739,100k
NACA 6409|102600|vol1|N6409.DRG|100700,naca6409,NACA 6409,102600,vol1,N6409.DRG,100700,0.018518518518518517,5.27,1.015,0.0202,1.033695652173913,0.021378260869565218,1.2047187650098905,0.02192222211889106,1.2257902305783794,0.02167851003701246,0.018695652173913002,0.05832974601808014,0.19209457840446653,0.1897187650098906,0.014044602097389827,0.08525852073718115,100k
NACA 6409|102600|vol1|N6409.DRG|100700,naca6409,NACA 6409,102600,vol1,N6409.DRG,100700,0.018518518518518517,6.29,1.093,0.0205,1.128304347826087,0.02182173913043478,1.3007278858515188,0.02322419959725941,1.3211333764816442,0.022846414390596637,0.035304347826087046,0.0644750795334039,0.19282902865555718,0.2077278858515188,0.0469566267856599,0.13288778523216627,100k
NACA 6409|102600|vol1|N6409.DRG|100700,naca6409,NACA 6409,102600,vol1,N6409.DRG,100700,0.018518518518518517,7.32,1.179,0.022,1.217121212121212,0.022312121212121214,1.393808818762814,0.024300320057013138,1.4069145600591764,0.02347765482041708,0.038121212121212,0.01418732782369159,0.18979334793796432,0.21480881876281388,0.052237687184250356,0.10456000259150632,100k
NACA 6409|102600|vol1|N6409.DRG|100700,naca6409,NACA 6409,102600,vol1,N6409.DRG,100700,0.018518518518518517,8.31,1.248,0.0231,1.299751552795031,0.022995031055900624,1.476803066406109,0.02474084213865727,1.4667367867797072,0.024809691512269295,0.051751552795030964,-0.004544110134172099,0.16698523398467624,0.22880306640610892,0.07891532966218898,0.07103212721460042,100k
NACA 6409|102600|vol1|N6409.DRG|100700,naca6409,NACA 6409,102600,vol1,N6409.DRG,100700,0.018518518518518517,9.34,1.312,0.0242,1.37972049689441,0.0245944099378882,1.5298968936848754,0.02500214111622149,1.4392115813576782,0.0298615988968323,0.06772049689440984,0.016297931317694192,0.05949108446326834,0.2178968936848753,0.21416203813167667,0.0331463271165905,100k
NACA 6409|200100|vol1|N6409.DRG|200600,naca6409,NACA 6409,200100,vol1,N6409.DRG,200600,0.0024987506246876563,-0.87,0.536,0.0124,0.4872012578616352,0.014079874213836477,0.5791697814131406,0.012758787029836465,0.5852702436295606,0.012553330523249747,-0.048798742138364826,0.1354737269222966,0.09806898576792539,0.04316978141314054,-0.10842026479800336,0.028934437890037575,200k
NACA 6409|200100|vol1|N6409.DRG|200600,naca6409,NACA 6409,200100,vol1,N6409.DRG,200600,0.0024987506246876563,0.18,0.639,0.012,0.5968238993710692,0.013617610062893082,0.6896767146678005,0.01265547576438729,0.7015725337030748,0.011624517019418908,-0.042176100628930846,0.13480083857442346,0.10474863433200565,0.05067671466780044,-0.1463614418586706,0.05462298036560753,200k
NACA 6409|200100|vol1|N6409.DRG|200600,naca6409,NACA 6409,200100,vol1,N6409.DRG,200600,0.0024987506246876563,1.2,0.73,0.0112,0.6983241379310344,0.012856551724137931,0.8020001382075801,0.011381573132348069,0.8097467257673651,0.011304874380816479,-0.031675862068965555,0.1479064039408867,0.11142258783633063,0.07200013820758011,-0.12069156462912274,0.016211886816791886,200k
NACA 6409|200100|vol1|N6409.DRG|200600,naca6409,NACA 6409,200100,vol1,N6409.DRG,200600,0.0024987506246876563,2.18,0.821,0.0115,0.7947784431137724,0.012774850299401199,0.9021640218254818,0.01181430111624747,0.9133504511354498,0.01154942786053417,-0.026221556886227515,0.11085654777401732,0.11857200802167733,0.08116402182548188,-0.09592460264872689,0.02733053184760604,200k
NACA 6409|200100|vol1|N6409.DRG|200600,naca6409,NACA 6409,200100,vol1,N6409.DRG,200600,0.0024987506246876563,3.17,0.912,0.0124,0.8914071856287425,0.013308383233532934,1.0032119872583198,0.012555378177192596,1.0178811112979527,0.012288786850070376,-0.020592814371257484,0.0732567123816883,0.12647392566921012,0.0912119872583198,-0.07661309158076363,0.012530498160693293,200k
NACA 6409|200100|vol1|N6409.DRG|200600,naca6409,NACA 6409,200100,vol1,N6409.DRG,200600,0.0024987506246876563,4.21,1.006,0.0134,0.9944662576687117,0.013826993865030675,1.1092911778460537,0.013437732200434477,1.1243760382932417,0.01320554462295535,-0.011533742331288344,0.031865213808259275,0.12990978062453007,0.10329117784605368,-0.04494463859183509,0.0028158358533191567,200k
NACA 6409|200100|vol1|N6409.DRG|200600,naca6409,NACA 6409,200100,vol1,N6409.DRG,200600,0.0024987506246876563,5.2,1.092,0.0143,1.09162,0.014407000000000001,1.2088704102692394,0.014378384347687003,1.2240611361842453,0.014110779475318752,-0.00038000000000004697,0.007482517482517566,0.13244113618424525,0.11687041026923928,-0.02056087489978827,0.005481422915175052,200k
NACA 6409|200100|vol1|N6409.DRG|200600,naca6409,NACA 6409,200100,vol1,N6409.DRG,200600,0.0024987506246876563,6.22,1.175,0.0155,1.1875,0.015325,1.309521801920273,0.01539677150858071,1.3231131258256192,0.015065575409167087,0.012499999999999956,-0.011290322580645148,0.13561312582561924,0.13452180192027297,-0.016928195160385857,-0.006659902672212213,200k
NACA 6409|200100|vol1|N6409.DRG|200600,naca6409,NACA 6409,200100,vol1,N6409.DRG,200600,0.0024987506246876563,7.38,1.265,0.0165,1.2918070175438596,0.016503508771929826,1.4182323714648615,0.016364539400672857,1.424221856509574,0.016160001794536256,0.026807017543859724,0.00021265284423181244,0.13241483896571427,0.15323237146486157,-0.020814178496261767,-0.008209733292554176,200k
NACA 6409|200100|vol1|N6409.DRG|200600,naca6409,NACA 6409,200100,vol1,N6409.DRG,200600,0.0024987506246876563,8.32,1.315,0.0177,1.3629158415841585,0.017784653465346537,1.4886818146754708,0.0170590824241164,1.4684701056473108,0.018613438390113216,0.047915841584158514,0.0047826816579963904,0.10555426406315238,0.17368181467547084,0.04660112868555856,-0.036210032535796556,200k
NACA 6409|200100|vol1|N6409.DRG|200600,naca6409,NACA 6409,200100,vol1,N6409.DRG,200600,0.0024987506246876563,9.31,1.342,0.0206,1.4143762376237625,0.0195980198019802,1.5106633292149607,0.019609362884128533,1.4397247006038512,0.026886187710230013,0.07237623762376244,-0.04863981543785444,0.025348462980088637,0.16866332921496063,0.37188287295808387,-0.04808918038211008,200k
NACA 6409|200100|vol1|N6409.DRG|200600,naca6409,NACA 6409,200100,vol1,N6409.DRG,200600,0.0024987506246876563,10.33,1.339,0.024,1.4541666666666668,0.022199999999999998,1.4475149210608065,0.030716881417632187,1.417028267507135,0.03550073030985996,0.11516666666666686,-0.07500000000000012,-0.037138399159531765,0.10851492106080651,0.599131995939638,0.27987005906800777,200k
NACA 6409|200100|vol1|N6409.DRG|200600,naca6409,NACA 6409,200100,vol1,N6409.DRG,200600,0.0024987506246876563,11.33,1.325,0.0286,1.44,0.0277,1.4147292044465487,0.0427693934670419,1.4225927289712168,0.0443125622853038,0.11499999999999999,-0.03146853146853152,-0.017407271028783144,0.08972920444654875,0.5997314904441806,0.49543333800845807,200k
RG15|59600|vol2|RG15C.DRG|59700,rg15,RG15,59600,vol2,RG15C.DRG,59700,0.0016778523489932886,-2.93,-0.125,0.0159,-0.12966887417218545,0.014549668874172186,-0.17717188030968054,0.019073458626459948,-0.21833359631449378,0.020298863059141865,-0.00466887417218545,-0.08492648590112042,-0.08866472214230833,-0.052171880309680535,0.3951426135322811,0.19958859285911615,60k
RG15|59600|vol2|RG15C.DRG|59700,rg15,RG15,59600,vol2,RG15C.DRG,59700,0.0016778523489932886,-1.92,-0.069,0.0132,-0.06466666666666666,0.014197435897435898,-0.09491517842273005,0.0162176958915689,-0.1151318109558527,0.01680466911825647,0.004333333333333342,0.0755633255633256,-0.05046514428918604,-0.025915178422730042,0.18364113348745215,0.22861332511885601,60k
RG15|59600|vol2|RG15C.DRG|59700,rg15,RG15,59600,vol2,RG15C.DRG,59700,0.0016778523489932886,-0.91,0.017,0.0141,0.019499999999999976,0.016657692307692307,-0.007960189097543502,0.01632200525210289,-0.054781433437668725,0.016830456559778825,0.0024999999999999745,0.18139661756683034,-0.0742814334376687,-0.024960189097543502,0.010371439746593044,0.15758902497183627,60k
RG15|59600|vol2|RG15C.DRG|59700,rg15,RG15,59600,vol2,RG15C.DRG,59700,0.0016778523489932886,0.12,0.12,0.0188,0.1318961038961039,0.019014285714285713,0.07595619528313663,0.017760877508280135,0.026065988611207003,0.017713590217325437,0.011896103896103905,0.011398176291793191,-0.1058301152848969,-0.044043804716863366,-0.0684062244832602,-0.055272472963822664,60k
RG15|59600|vol2|RG15C.DRG|59700,rg15,RG15,59600,vol2,RG15C.DRG,59700,0.0016778523489932886,1.14,0.215,0.0164,0.269,0.0212,0.22045103748499348,0.019836616603021148,0.1248754855833937,0.0194203489129168,0.05400000000000002,0.29268292682926816,-0.14412451441660631,0.005451037484993482,-0.08394580599449049,0.2095497928671431,60k
RG15|59600|vol2|RG15C.DRG|59700,rg15,RG15,59600,vol2,RG15C.DRG,59700,0.0016778523489932886,2.18,0.392,0.0213,0.42731847133757966,0.021928662420382165,0.43582884393763827,0.021550029215530793,0.33684524506211516,0.021368644067728,0.03531847133757965,0.02951466762357583,-0.0904732262754645,0.04382884393763825,-0.025538190242449153,0.011738460823041946,60k
RG15|59600|vol2|RG15C.DRG|59700,rg15,RG15,59600,vol2,RG15C.DRG,59700,0.0016778523489932886,3.21,0.54,0.0195,0.5436209150326797,0.021940522875816992,0.6185633549544081,0.021368813367466124,0.5287548380854965,0.02201590520534712,0.0036209150326796946,0.12515501927266628,-0.014866076947183227,0.07856335495440803,0.0034357581155558823,0.09583658294698072,60k
RG15|59600|vol2|RG15C.DRG|59700,rg15,RG15,59600,vol2,RG15C.DRG,59700,0.0016778523489932886,4.23,0.622,0.0187,0.6162875816993464,0.02120718954248366,0.7324441649500798,0.020551737739134282,0.6998833848258931,0.021310840309376786,-0.00571241830065361,0.13407430708468762,0.08359580312654669,0.1104441649500798,0.004887529612798788,0.09902340850985457,60k
RG15|59600|vol2|RG15C.DRG|59700,rg15,RG15,59600,vol2,RG15C.DRG,59700,0.0016778523489932886,5.23,0.691,0.0186,0.7108235294117647,0.0212,0.8300585629966741,0.021769945881609385,0.7953055399626008,0.02184959163376298,0.019823529411764795,0.13978494623655924,0.08448201055083604,0.13905856299667418,0.030641114800140614,0.17042719793598854,60k
RG15|59600|vol2|RG15C.DRG|59700,rg15,RG15,59600,vol2,RG15C.DRG,59700,0.0016778523489932886,6.25,0.772,0.0219,0.7971372549019609,0.022486274509803922,0.9184625070883022,0.024686034928572905,0.8783393667824377,0.024179819731782983,0.025137254901960837,0.026770525561822946,0.08120211188047688,0.14646250708830222,0.07531462009149993,0.12721620678415096,60k
RG15|59600|vol2|RG15C.DRG|59700,rg15,RG15,59600,vol2,RG15C.DRG,59700,0.0016778523489932886,7.28,0.853,0.0242,0.8725359477124183,0.02524640522875817,0.9969146386543966,0.029363422324344766,0.9467925326497385,0.02854142627118549,0.01953594771241829,0.043239885485874895,0.07425658493732024,0.14391463865439658,0.1305144638443005,0.2133645588572218,60k
RG15|59600|vol2|RG15C.DRG|59700,rg15,RG15,59600,vol2,RG15C.DRG,59700,0.0016778523489932886,8.29,0.911,0.0289,0.9306644736842105,0.03187828947368421,1.075736861624995,0.03665600130261866,1.022399611721113,0.03949631342322606,0.019664473684210426,0.10305499908941898,0.09173513803690247,0.1647368616249949,0.23897216805909838,0.2683737474954554,60k
RG15|99600|vol2|RG15C.DRG|100100,rg15,RG15,99600,vol2,RG15C.DRG,100100,0.0050200803212851405,-2.93,-0.139,0.0141,-0.12600000000000003,0.013216,-0.1807394882512396,0.015754756597407882,-0.24458465282028746,0.01691891515913442,0.012999999999999984,-0.06269503546099287,-0.11858465282028743,-0.041739488251239576,0.28018425840908145,0.11735862392963703,100k
RG15|99600|vol2|RG15C.DRG|100100,rg15,RG15,99600,vol2,RG15C.DRG,100100,0.0050200803212851405,-1.93,-0.059,0.0125,-0.04064968152866241,0.010496815286624203,-0.10941208673102977,0.013636901087636067,-0.1716149009942961,0.014019925031259865,0.018350318471337584,-0.1602547770700638,-0.1309652194656337,-0.05041208673102977,0.3356360618372567,0.09095208701088528,100k
RG15|99600|vol2|RG15C.DRG|100100,rg15,RG15,99600,vol2,RG15C.DRG,100100,0.0050200803212851405,-0.91,0.021,0.0113,0.09578343949044589,0.012965605095541403,0.034488565352686094,0.013807935416351886,-0.025519512634098275,0.014230438398038088,0.07478343949044589,0.14739868102136314,-0.12130295212454417,0.013488565352686093,0.09755297135585558,0.22194118728777756,100k
RG15|99600|vol2|RG15C.DRG|100100,rg15,RG15,99600,vol2,RG15C.DRG,100100,0.0050200803212851405,0.13,0.141,0.0129,0.2438354430379747,0.0142,0.19584691839943108,0.013959214687532643,0.13734555708844753,0.01439205424677009,0.1028354430379747,0.10077519379844968,-0.10648988594952716,0.054846918399431094,0.013524946955640089,0.08210966570020488,100k
RG15|99600|vol2|RG15C.DRG|100100,rg15,RG15,99600,vol2,RG15C.DRG,100100,0.0050200803212851405,1.16,0.31,0.0144,0.3989873417721519,0.0142,0.3781147336320358,0.014047308916794442,0.3118963057841463,0.014501582436021364,0.0889873417721519,-0.013888888888888805,-0.0870910359880056,0.0681147336320358,0.021238199719814294,-0.02449243633371927,100k
RG15|99600|vol2|RG15C.DRG|100100,rg15,RG15,99600,vol2,RG15C.DRG,100100,0.0050200803212851405,2.19,0.452,0.0131,0.4924379084967321,0.014067973856209151,0.5267328751053154,0.013961875051521737,0.47569779997605444,0.014328520126275973,0.04043790849673207,0.07389113406176724,-0.016740108520677643,0.0747328751053154,0.018520525608726874,0.0657919886657814,100k
RG15|99600|vol2|RG15C.DRG|100100,rg15,RG15,99600,vol2,RG15C.DRG,100100,0.0050200803212851405,3.21,0.544,0.0134,0.5814342105263158,0.014690789473684211,0.6370476588107195,0.013984954951365945,0.6101959577025817,0.01431042220693044,0.03743421052631579,0.09632757266300078,0.028761747176265895,0.09304765881071941,-0.02589154704280038,0.043653354579548116,100k
RG15|99600|vol2|RG15C.DRG|100100,rg15,RG15,99600,vol2,RG15C.DRG,100100,0.0050200803212851405,4.23,0.63,0.0149,0.668,0.0161,0.7372882567763047,0.014815394802182247,0.7160917850596109,0.01445750301206,0.038000000000000034,0.08053691275167783,0.04809178505961087,0.10728825677630471,-0.10201844645590057,-0.005678201195822365,100k
RG15|99600|vol2|RG15C.DRG|100100,rg15,RG15,99600,vol2,RG15C.DRG,100100,0.0050200803212851405,5.25,0.718,0.0159,0.7640774193548386,0.017876774193548387,0.8354991071743868,0.01642922409260738,0.8063931900310352,0.015826708910867914,0.04607741935483867,0.12432542097788592,0.04231577067619652,0.11749910717438683,-0.11467758447272486,0.03328453412625021,100k
RG15|99600|vol2|RG15C.DRG|100100,rg15,RG15,99600,vol2,RG15C.DRG,100100,0.0050200803212851405,6.27,0.801,0.0182,0.8528181818181817,0.0202,0.9253610964495249,0.01906989373176514,0.8860489525649481,0.01876211438645196,0.05181818181818165,0.10989010989010979,0.03323077074676639,0.12436109644952487,-0.07118245611623954,0.0477963588881944,100k
RG15|99600|vol2|RG15C.DRG|100100,rg15,RG15,99600,vol2,RG15C.DRG,100100,0.0050200803212851405,7.28,0.877,0.021,0.9328311688311689,0.023085714285714282,1.0053735187653108,0.022716226574051073,0.9535219907426867,0.023346185621575637,0.0558311688311689,0.09931972789115623,0.02069082191151783,0.12837351876531078,0.01128279301379629,0.08172507495481293,100k
RG15|99600|vol2|RG15C.DRG|100100,rg15,RG15,99600,vol2,RG15C.DRG,100100,0.0050200803212851405,8.29,0.946,0.0247,0.9848169934640522,0.03093464052287581,1.0887795156101998,0.02838526305518447,1.035079033497676,0.03214131996096324,0.03881699346405221,0.2524145960678466,0.05026204003362389,0.14277951561019986,0.03900738517375381,0.1492009334082781,100k
RG15|146100|vol1|RG15B.DRG|151800,rg15,RG15,146100,vol1,RG15B.DRG,151800,0.039014373716632446,-2.92,-0.133,0.0127,-0.1653658536585366,0.013378048780487805,-0.16813674213384183,0.01379986095270008,-0.23659955048673464,0.014495969991315779,-0.032365853658536586,0.05338966775494529,-0.07123369682819805,-0.035136742133841825,0.08356384620591967,0.08660322462205353,150k
RG15|146100|vol1|RG15B.DRG|151800,rg15,RG15,146100,vol1,RG15B.DRG,151800,0.039014373716632446,-1.9,-0.043,0.0106,-0.08010810810810809,0.01241891891891892,-0.059616763600489904,0.011729995976898186,-0.13918685175240939,0.011910850106377588,-0.03710810810810809,0.17159612442631314,-0.059078743644301296,-0.016616763600489907,-0.04091087282704954,0.10660339404699863,150k
RG15|146100|vol1|RG15B.DRG|151800,rg15,RG15,146100,vol1,RG15B.DRG,151800,0.039014373716632446,-0.9,0.065,0.0097,0.029151515151515147,0.011596969696969698,0.10180957088488807,0.011406088782022256,0.026963037721669372,0.01168866670986901,-0.03584848484848485,0.1955638862855358,-0.0021884774298457747,0.036809570884888065,0.007906980469499057,0.17588544144559337,150k
RG15|146100|vol1|RG15B.DRG|151800,rg15,RG15,146100,vol1,RG15B.DRG,151800,0.039014373716632446,0.13,0.214,0.0101,0.18609090909090908,0.010538636363636363,0.2765190692678747,0.010772180890602027,0.22641657566553203,0.011209590842751034,-0.02790909090909091,0.043429342934293395,0.04032566657462294,0.06251906926787468,0.06366615717283919,0.06655256342594332,150k
RG15|146100|vol1|RG15B.DRG|151800,rg15,RG15,146100,vol1,RG15B.DRG,151800,0.039014373716632446,1.16,0.345,0.0097,0.32742201834862383,0.010066055045871559,0.4141299142816657,0.010402361617390471,0.39314817956809445,0.010665489738780858,-0.01757798165137614,0.037737633595006065,0.06572616121947061,0.0691299142816657,0.05955011076113158,0.07240841416396604,150k
RG15|146100|vol1|RG15B.DRG|151800,rg15,RG15,146100,vol1,RG15B.DRG,151800,0.039014373716632446,2.19,0.461,0.0103,0.439,0.01048,0.5281927474026247,0.010506742671813445,0.5189961023981817,0.01044218513528102,-0.02200000000000002,0.017475728155339768,0.07999610239818172,0.06719274740262465,-0.003608288618223217,0.020072104059557717,150k
RG15|146100|vol1|RG15B.DRG|151800,rg15,RG15,146100,vol1,RG15B.DRG,151800,0.039014373716632446,3.21,0.564,0.0112,0.5415172413793103,0.011329310344827585,0.6338276512436182,0.011082394149517718,0.6187372489634463,0.010771830967170246,-0.022482758620689602,0.011545566502462985,0.07722000758413594,0.06982765124361823,-0.049206823777394104,-0.01050052236448943,150k
RG15|146100|vol1|RG15B.DRG|151800,rg15,RG15,146100,vol1,RG15B.DRG,151800,0.039014373716632446,4.24,0.665,0.0128,0.6450192307692307,0.011961538461538461,0.7385484665594765,0.012264525710250131,0.7142141433825934,0.01161225311199977,-0.019980769230769302,-0.06550480769230778,0.06919491261336264,0.07354846655947644,-0.029200704463041686,-0.04183392888670853,150k
RG15|146100|vol1|RG15B.DRG|151800,rg15,RG15,146100,vol1,RG15B.DRG,151800,0.039014373716632446,5.26,0.763,0.0142,0.7398571428571428,0.013710714285714284,0.8383070790991322,0.014079783917197369,0.8091484062620585,0.013085287085065634,-0.023142857142857243,-0.034456740442656085,0.06929126340491576,0.07530707909913215,-0.04561594586653348,-0.008465921324129027,150k
RG15|146100|vol1|RG15B.DRG|151800,rg15,RG15,146100,vol1,RG15B.DRG,151800,0.039014373716632446,6.28,0.86,0.0164,0.8265,0.0166725,0.9330231532400978,0.016697217998536334,0.8925300304650227,0.016113304554820435,-0.033499999999999974,0.01661585365853649,0.06603003046502265,0.07302315324009778,-0.03353998771507364,0.01812304869123978,150k
RG15|146100|vol1|RG15B.DRG|151800,rg15,RG15,146100,vol1,RG15B.DRG,151800,0.039014373716632446,7.3,0.949,0.019,0.9085714285714286,0.019899999999999998,1.0205467228283682,0.019778666705193817,0.964580455552746,0.020794725088774127,-0.04042857142857137,0.047368421052631476,0.05600902698131738,0.07154672282836827,0.04496105973739344,0.04098245816809565,150k
RG15|200900|vol2|RG15C.DRG|200400,rg15,RG15,200900,vol2,RG15C.DRG,200400,0.0024888003982080635,-4.0,-0.232,0.0144,-0.16945070422535213,0.014371830985915492,-0.2675535991232023,0.015399114378966294,-0.3107115776460551,0.01774097563346416,0.06254929577464788,-0.001956181533646363,-0.14126087342070298,-0.0355535991232023,0.23442695999211619,0.06938294298377047,200k
RG15|200900|vol2|RG15C.DRG|200400,rg15,RG15,200900,vol2,RG15C.DRG,200400,0.0024888003982080635,-2.96,-0.139,0.0123,-0.05226760563380284,0.011295774647887323,-0.13724087646166347,0.012352864034447106,-0.20018621888618537,0.013662096459980797,0.08673239436619717,-0.08164433757013632,-0.14791861325238254,0.0017591235383365433,0.20948734246712797,0.004297888979439538,200k
RG15|200900|vol2|RG15C.DRG|200400,rg15,RG15,200900,vol2,RG15C.DRG,200400,0.0024888003982080635,-1.92,-0.027,0.0108,0.056,0.0088,0.004400050407177798,0.00997295845703264,-0.0843354876658347,0.0104316449956034,0.083,-0.18518518518518517,-0.1403354876658347,0.0314000504071778,0.18541420404584089,-0.076577920645126,200k
RG15|200900|vol2|RG15C.DRG|200400,rg15,RG15,200900,vol2,RG15C.DRG,200400,0.0024888003982080635,-0.91,0.098,0.0094,0.1667741935483871,0.00866967741935484,0.14550745910545201,0.009352042856035176,0.07405125488727794,0.00982664391658199,0.0687741935483871,-0.07769389155799582,-0.09272293866110916,0.04750745910545201,0.13344977457226398,-0.0051018238260451005,200k
RG15|200900|vol2|RG15C.DRG|200400,rg15,RG15,200900,vol2,RG15C.DRG,200400,0.0024888003982080635,0.12,0.221,0.0085,0.2791907894736842,0.008728947368421053,0.2897384866120351,0.008731547952900882,0.23757623299500835,0.009298781054282614,0.058190789473684196,0.026934984520123825,-0.041614556478675846,0.0687384866120351,0.06528091667994967,0.02724093563539786,200k
RG15|200900|vol2|RG15C.DRG|200400,rg15,RG15,200900,vol2,RG15C.DRG,200400,0.0024888003982080635,1.15,0.329,0.0083,0.391,0.009,0.41250365967721075,0.008563244529440574,0.4033073473967676,0.0088691303460621,0.062,0.08433734939759027,0.012307347396767587,0.08350365967721074,-0.014541072659766566,0.031716208366334216,200k
RG15|200900|vol2|RG15C.DRG|200400,rg15,RG15,200900,vol2,RG15C.DRG,200400,0.0024888003982080635,2.19,0.43,0.0087,0.5003333333333334,0.009666666666666667,0.5234026382131085,0.008809926681218855,0.5155633288885291,0.008989801674230833,0.07033333333333341,0.11111111111111124,0.015229995555195663,0.09340263821310851,-0.0700205164588794,0.012635250714810966,200k
RG15|200900|vol2|RG15C.DRG|200400,rg15,RG15,200900,vol2,RG15C.DRG,200400,0.0024888003982080635,3.19,0.526,0.0096,0.603,0.010658823529411764,0.6283687071718396,0.009512277652491678,0.6157252999170753,0.009440237374968408,0.07699999999999996,0.11029411764705885,0.012725299917075272,0.10236870717183955,-0.11432651559347162,-0.009137744532116758,200k
RG15|200900|vol2|RG15C.DRG|200400,rg15,RG15,200900,vol2,RG15C.DRG,200400,0.0024888003982080635,4.22,0.627,0.0107,0.706,0.012072549019607842,0.7346005846148672,0.010783344009645509,0.7102148826069616,0.010277327036953415,0.07899999999999996,0.12827560930914414,0.0042148826069616785,0.10760058461486721,-0.14870281162152957,0.0077891597799541286,200k
RG15|200900|vol2|RG15C.DRG|200400,rg15,RG15,200900,vol2,RG15C.DRG,200400,0.0024888003982080635,5.25,0.716,0.0121,0.8011806451612903,0.013989677419354838,0.8370500159089511,0.012750771343558807,0.8054689006122319,0.012181271173131733,0.08518064516129031,0.15617168754998664,0.0042882554509415804,0.12105001590895115,-0.12926718694179176,0.053782755666017174,200k
RG15|200900|vol2|RG15C.DRG|200400,rg15,RG15,200900,vol2,RG15C.DRG,200400,0.0024888003982080635,6.26,0.804,0.0144,0.8847908496732025,0.01699673202614379,0.9360809338604686,0.014997262152008846,0.8906760498841393,0.015100538976038419,0.08079084967320249,0.18032861292665206,0.005885200210936747,0.1320809338604686,-0.11156221367664745,0.041476538333947634,200k
RG15|200900|vol2|RG15C.DRG|200400,rg15,RG15,200900,vol2,RG15C.DRG,200400,0.0024888003982080635,7.28,0.89,0.0165,0.9581241830065359,0.021330065359477124,1.0283500862578463,0.017837173862619456,0.9671982152730235,0.019245662330132886,0.06812418300653589,0.2927312339077044,0.00907403226648762,0.13835008625784628,-0.09772136157183034,0.08104084015875487,200k
RG15|200900|vol2|RG15C.DRG|200400,rg15,RG15,200900,vol2,RG15C.DRG,200400,0.0024888003982080635,8.3,0.965,0.0191,1.0158026315789475,0.027431578947368425,1.1082032573124978,0.02231380506666617,1.0448983994783878,0.025407012253382565,0.05080263157894749,0.43620832185175007,0.02909576789944035,0.14320325731249783,-0.0738042348152942,0.1682620453751923,200k
RG15|302600|vol1|RG15B.DRG|302700,rg15,RG15,302600,vol1,RG15B.DRG,302700,0.00033046926635822867,-3.99,-0.215,0.0126,-0.23932432432432432,0.013291216216216217,-0.22686667336472552,0.012855225302854975,-0.28536375189553626,0.01436972930146561,-0.024324324324324326,0.05485842985842988,-0.04603942757121193,-0.011866673364725522,0.0811448002729451,0.02025597641706151,300k
RG15|302600|vol1|RG15B.DRG|302700,rg15,RG15,302600,vol1,RG15B.DRG,302700,0.00033046926635822867,-2.97,-0.095,0.0109,-0.12206,0.01099,-0.0849370101305941,0.010323810540204394,-0.15237126673227702,0.010889628391696195,-0.02706,0.008256880733944936,-0.03031126673227702,0.010062989869405903,-0.009132994386151505,-0.052861418329872074,300k
RG15|302600|vol1|RG15B.DRG|302700,rg15,RG15,302600,vol1,RG15B.DRG,302700,0.00033046926635822867,-1.97,0.034,0.0092,0.0013750000000000164,0.009005,0.057083626023981045,0.007879234860080174,-0.015280574350692976,0.008226005703504898,-0.03262499999999999,-0.021195652173912935,-0.01665557435069299,0.023083626023981042,-0.0865068624647532,-0.14356142825215495,300k
RG15|302600|vol1|RG15B.DRG|302700,rg15,RG15,302600,vol1,RG15B.DRG,302700,0.00033046926635822867,-0.93,0.146,0.0076,0.11837499999999998,0.008485,0.1830591511941892,0.0073784753293029215,0.12767312055767693,0.007663726895233393,-0.02762500000000001,0.11644736842105256,0.009298120557676953,0.037059151194189205,-0.09679117321939974,-0.029147982986457693,300k
RG15|302600|vol1|RG15B.DRG|302700,rg15,RG15,302600,vol1,RG15B.DRG,302700,0.00033046926635822867,0.05,0.239,0.0069,0.22466,0.007934,0.28523042893219946,0.007074698531757563,0.2524358971511115,0.0073276930197538875,-0.014339999999999992,0.14985507246376814,0.02777589715111148,0.046230428932199474,-0.07641882786061414,0.025318627790951214,300k
RG15|302600|vol1|RG15B.DRG|302700,rg15,RG15,302600,vol1,RG15B.DRG,302700,0.00033046926635822867,1.09,0.331,0.0075,0.33574846625766874,0.0074368098159509205,0.39703828402097713,0.007089337648006562,0.37765333442542687,0.00717181592931149,0.004748466257668726,-0.008425357873210564,0.041904868167758125,0.06603828402097711,-0.035632736777946795,-0.05475498026579172,300k
RG15|302600|vol1|RG15B.DRG|302700,rg15,RG15,302600,vol1,RG15B.DRG,302700,0.00033046926635822867,2.17,0.44,0.0078,0.45633742331288346,0.0077018404907975456,0.517538133730932,0.0074534515458669955,0.5028607888105717,0.007478089645112624,0.01633742331288346,-0.012584552461853088,0.04652336549768826,0.07753813373093205,-0.02905160733363246,-0.044429288991410784,300k
RG15|302600|vol1|RG15B.DRG|302700,rg15,RG15,302600,vol1,RG15B.DRG,302700,0.00033046926635822867,3.2,0.543,0.0087,0.5669597315436242,0.008476510067114095,0.6276080995159419,0.00823271551766274,0.6101214946772147,0.008108603534333745,0.023959731543624185,-0.02568849803286256,0.043161763133590436,0.08460809951594184,-0.04340306681256708,-0.05371086003876538,300k
RG15|302600|vol1|RG15B.DRG|302700,rg15,RG15,302600,vol1,RG15B.DRG,302700,0.00033046926635822867,4.23,0.639,0.01,0.6730064935064937,0.00969805194805195,0.7337070233830455,0.009529441345344607,0.7092118858014904,0.009108005833021954,0.03400649350649365,-0.030194805194804983,0.03620539229499675,0.09470702338304549,-0.06084171524246361,-0.04705586546553935,300k
RG15|302600|vol1|RG15B.DRG|302700,rg15,RG15,302600,vol1,RG15B.DRG,302700,0.00033046926635822867,5.24,0.73,0.0115,0.7681038961038962,0.01146883116883117,0.836804769266857,0.011398574617538843,0.8041163541826699,0.010852027375488453,0.038103896103896195,-0.002710333145115632,0.036012458078773735,0.106804769266857,-0.0537808765568896,-0.008819598474883214,300k
RG15|302600|vol1|RG15B.DRG|302700,rg15,RG15,302600,vol1,RG15B.DRG,302700,0.00033046926635822867,6.27,0.82,0.0131,0.8591217948717949,0.01334551282051282,0.9445989726371067,0.01319401098967158,0.8939393720296678,0.013737100198371955,0.0391217948717949,0.01874143668036786,0.034817577157872925,0.12459897263710673,0.029342250322313794,0.0071764114253113995,300k
RG15|302600|vol1|RG15B.DRG|302700,rg15,RG15,302600,vol1,RG15B.DRG,302700,0.00033046926635822867,7.29,0.907,0.015,0.94372049689441,0.015557142857142856,1.0403279889831465,0.016015145723268582,0.9781515703871767,0.017369202260594237,0.036720496894409926,0.037142857142857116,0.03443107349276675,0.13332798898314646,0.11647764760477199,0.06767638155123884,300k
RG15|302600|vol1|RG15B.DRG|302700,rg15,RG15,302600,vol1,RG15B.DRG,302700,0.00033046926635822867,8.3,0.981,0.0185,1.011472049689441,0.019885714285714288,1.123820326551219,0.019735299904963356,1.054522127852043,0.022228398669573598,0.03047204968944095,0.07490347490347507,0.04305007816260198,0.142820326551219,0.11780740436074115,0.06677296783585711,300k
SD2030|101000|vol4|sd2030_c_drg.txt|100002,sd2030,SD2030,101000,vol4,sd2030_c_drg.txt,100002,0.009881188118811881,-2.94,-0.119,0.0155,-0.16559633027522935,0.018656880733944954,-0.22409934110357474,0.020175011738018736,-0.26671324560999476,0.02168830870358048,-0.04659633027522936,0.2036697247706422,-0.10111691533476541,-0.10509934110357474,0.162483108128576,0.30161366051733784,100k
SD2030|101000|vol4|sd2030_c_drg.txt|100002,sd2030,SD2030,101000,vol4,sd2030_c_drg.txt,100002,0.009881188118811881,-0.91,0.094,0.0148,0.013134615384615385,0.01383076923076923,-0.00869995880186466,0.015219043369436596,-0.029215654687169614,0.015704958468630723,-0.08086538461538462,-0.06548856548856559,-0.042350270071785,-0.10269995880186467,0.13550867681979648,0.028313741178148312,100k
SD2030|101000|vol4|sd2030_c_drg.txt|100002,sd2030,SD2030,101000,vol4,sd2030_c_drg.txt,100002,0.009881188118811881,0.11,0.165,0.015,0.122,0.0154,0.0967551597604637,0.016123427350123776,0.0709888966232024,0.0164962221792141,-0.04300000000000001,0.026666666666666738,-0.051011103376797595,-0.06824484023953631,0.07118325839052593,0.07489515667491847,100k
SD2030|101000|vol4|sd2030_c_drg.txt|100002,sd2030,SD2030,101000,vol4,sd2030_c_drg.txt,100002,0.009881188118811881,1.66,0.376,0.0182,0.3178349514563107,0.017562135922330097,0.33168656400514335,0.017892265129484844,0.3086166251111087,0.018132756056956058,-0.05816504854368931,-0.035047476795049645,-0.009218326345201977,-0.044313435994856654,0.03249149973269608,-0.016908509368964666,100k
SD2030|101000|vol4|sd2030_c_drg.txt|100002,sd2030,SD2030,101000,vol4,sd2030_c_drg.txt,100002,0.009881188118811881,3.19,0.593,0.0156,0.5761834862385321,0.017068807339449543,0.6069333917476242,0.01757243475459074,0.581899359954723,0.0179129522736018,-0.016816513761467866,0.09415431663138102,0.005715873716190867,0.013933391747624202,0.04945541404063209,0.12643812529427817,100k
SD2030|101000|vol4|sd2030_c_drg.txt|100002,sd2030,SD2030,101000,vol4,sd2030_c_drg.txt,100002,0.009881188118811881,4.72,0.743,0.0152,0.733640776699029,0.0150873786407767,0.8092694986932558,0.014791697866119499,0.7803637748517285,0.01524156482982729,-0.009359223300970942,-0.007409299948901359,0.046722998152699424,0.06626949869325582,0.010219547922915554,-0.026861982492138253,100k
SD2030|101000|vol4|sd2030_c_drg.txt|100002,sd2030,SD2030,101000,vol4,sd2030_c_drg.txt,100002,0.009881188118811881,6.27,0.844,0.0187,0.8686796116504854,0.016888349514563108,0.9216651717673374,0.01838173756956181,0.896193421008908,0.01855467418345261,0.024679611650485378,-0.09687970510357719,0.027513809358422625,0.07766517176733745,0.09866711175373315,-0.017019381306855173,100k
SD2030|101000|vol4|sd2030_c_drg.txt|100002,sd2030,SD2030,101000,vol4,sd2030_c_drg.txt,100002,0.009881188118811881,7.76,0.914,0.0273,0.9684158415841584,0.023799009900990098,1.0252884194552718,0.027610241251196606,1.0126243819957073,0.026216714042512825,0.05441584158415835,-0.12824139556812833,0.04420854041154887,0.11128841945527179,0.10158843378699316,0.011364148395480018,100k
SD2030|198100|vol4|sd2030_c_drg.txt|199829,sd2030,SD2030,198100,vol4,sd2030_c_drg.txt,199829,0.00872791519434629,-3.96,-0.176,0.0154,-0.23598058252427181,0.019489320388349513,-0.2919711715484475,0.01909559088622118,-0.31588957229268716,0.02109566961878068,-0.059980582524271825,0.26554028495776055,-0.07990898976841534,-0.1159711715484475,0.08242202387885336,0.2399734341702064,200k
SD2030|198100|vol4|sd2030_c_drg.txt|199829,sd2030,SD2030,198100,vol4,sd2030_c_drg.txt,199829,0.00872791519434629,-2.94,-0.061,0.0141,-0.12124324324324325,0.016184684684684682,-0.1602885214036785,0.01574245951910696,-0.18307653889422207,0.016750633741773074,-0.06024324324324325,0.1478499776372115,-0.06183329565097882,-0.0992885214036785,0.034968185547905144,0.11648649071680564,200k
SD2030|198100|vol4|sd2030_c_drg.txt|199829,sd2030,SD2030,198100,vol4,sd2030_c_drg.txt,199829,0.00872791519434629,-1.93,0.06,0.0122,-0.0011351351351351093,0.013272972972972974,-0.034604739568072584,0.011656835754073882,-0.0598528958946943,0.01202575339938089,-0.061135135135135105,0.08794860434204697,-0.058717760759559194,-0.09460473956807258,-0.09396685852760561,-0.044521659502140855,200k
SD2030|198100|vol4|sd2030_c_drg.txt|199829,sd2030,SD2030,198100,vol4,sd2030_c_drg.txt,199829,0.00872791519434629,-0.9,0.176,0.0112,0.1127979797979798,0.011630303030303029,0.13586145545742856,0.011196296127009306,0.1364782586457427,0.011634278885702091,-0.06320202020202019,0.03841991341991331,0.0236802788477629,-0.04013854454257143,0.0003418531218578719,-0.0003307029455977104,200k
SD2030|198100|vol4|sd2030_c_drg.txt|199829,sd2030,SD2030,198100,vol4,sd2030_c_drg.txt,199829,0.00872791519434629,0.14,0.315,0.0104,0.25066990291262137,0.011798058252427183,0.29326829514025254,0.010796507116591568,0.2990331906028217,0.011302615947218025,-0.06433009708737863,0.13442867811799847,0.04836328769020032,-0.021731704859747458,-0.041993546277603155,0.03812568428765085,200k
SD2030|198100|vol4|sd2030_c_drg.txt|199829,sd2030,SD2030,198100,vol4,sd2030_c_drg.txt,199829,0.00872791519434629,1.18,0.436,0.0098,0.39201886792452834,0.011093396226415095,0.43591938541556874,0.010348932267726044,0.43928014128148063,0.010743109652703057,-0.04398113207547166,0.13197920677705055,0.047261273356952294,-8.061458443126002e-05,-0.03157613471679226,0.05601349670673925,200k
SD2030|198100|vol4|sd2030_c_drg.txt|199829,sd2030,SD2030,198100,vol4,sd2030_c_drg.txt,199829,0.00872791519434629,2.2,0.538,0.0095,0.4959433962264151,0.010419811320754716,0.5662979333579234,0.009998540787073629,0.5635931663788402,0.010162788023953031,-0.042056603773584944,0.09682224428997008,0.06764977015242507,0.02829793335792341,-0.02466678991487418,0.05247797758669778,200k
SD2030|198100|vol4|sd2030_c_drg.txt|199829,sd2030,SD2030,198100,vol4,sd2030_c_drg.txt,199829,0.00872791519434629,3.23,0.64,0.0096,0.5949207920792079,0.009894059405940596,0.6826454501832493,0.009694972277665173,0.6707534370140061,0.009653390950114452,-0.04507920792079212,0.030631188118812127,0.07583264493479824,0.04264545018324928,-0.02432454121729261,0.009892945590122323,200k
SD2030|198100|vol4|sd2030_c_drg.txt|199829,sd2030,SD2030,198100,vol4,sd2030_c_drg.txt,199829,0.00872791519434629,4.23,0.721,0.0116,0.6909038461538461,0.009616346153846154,0.7722464993402605,0.009933404847605631,0.750919429604111,0.00991647411619991,-0.030096153846153828,-0.17100464190981424,0.06001558345026481,0.05124649934026049,0.03121018706608406,-0.1436719958960662,200k
SD2030|198100|vol4|sd2030_c_drg.txt|199829,sd2030,SD2030,198100,vol4,sd2030_c_drg.txt,199829,0.00872791519434629,5.25,0.794,0.0147,0.7830961538461539,0.011283653846153846,0.8536848008974677,0.012139935515271066,0.824902761590779,0.012197146572297491,-0.010903846153846097,-0.2324045002616431,0.04180660774462508,0.05968480089746764,0.08095717385508233,-0.17415404658019953,200k
SD2030|198100|vol4|sd2030_c_drg.txt|199829,sd2030,SD2030,198100,vol4,sd2030_c_drg.txt,199829,0.00872791519434629,6.27,0.867,0.0182,0.8665480769230769,0.014116346153846155,0.9346980320167144,0.015325057406630071,0.905656532210818,0.015042444421443892,-0.00045192307692309974,-0.224376584953508,0.039108455287741095,0.06769803201671443,0.06560467259053518,-0.15796387875658954,200k
SD2030|198100|vol4|sd2030_c_drg.txt|199829,sd2030,SD2030,198100,vol4,sd2030_c_drg.txt,199829,0.00872791519434629,7.28,0.936,0.0211,0.9406153846153846,0.017592307692307692,1.0015410950029335,0.020029246368929523,0.9838136091202171,0.018183832692884393,0.004615384615384577,-0.16624134159679188,0.04319822450483246,0.06554109500293348,0.03362407086793665,-0.05074661758627857,200k
SD2030|198100|vol4|sd2030_c_drg.txt|199829,sd2030,SD2030,198100,vol4,sd2030_c_drg.txt,199829,0.00872791519434629,8.3,0.991,0.0277,1.0086831683168318,0.021887128712871292,1.0764358225221333,0.025673977775250326,1.0612973037454847,0.022317246899659703,0.01768316831683181,-0.20985094899381615,0.0526141354286529,0.08543582252213333,0.01965164971755611,-0.07314159656136002,200k
SD2030|198100|vol4|sd2030_c_drg.txt|199829,sd2030,SD2030,198100,vol4,sd2030_c_drg.txt,199829,0.00872791519434629,9.3,1.036,0.0344,1.0676565656565657,0.027569696969696973,1.154140550239363,0.033246425610358586,1.1359800289500965,0.02795665216887888,0.031656565656565716,-0.1985553206483438,0.06832346329353078,0.11814055023936287,0.014035526020007667,-0.03353413923376203,200k
SD2030|198100|vol4|sd2030_c_drg.txt|199829,sd2030,SD2030,198100,vol4,sd2030_c_drg.txt,199829,0.00872791519434629,10.31,1.074,0.0536,1.1095533980582526,0.03401553398058253,1.206123788244237,0.04459608924670987,1.2001718966751478,0.036077779690053234,0.03555339805825253,-0.36538182872047514,0.0906184986168952,0.13212378824423698,0.06062658638985107,-0.16798340957630836,200k
SD6060|59100|vol1|SD6060.DRG|61000,sd6060,SD6060,59100,vol1,SD6060.DRG,61000,0.032148900169204735,-6.0,-0.399,0.0288,-0.41553535353535354,0.028652525252525256,-0.5000230326040511,0.04616951733587108,-0.5023641406079998,0.05107943042648901,-0.016535353535353514,-0.005120650953984147,-0.0868287870726463,-0.1010230326040511,0.7827200212304913,0.6031082408288571,60k
SD6060|59100|vol1|SD6060.DRG|61000,sd6060,SD6060,59100,vol1,SD6060.DRG,61000,0.032148900169204735,-4.97,-0.331,0.0223,-0.3391428571428571,0.022484615384615384,-0.4285424740721813,0.031419946766324904,-0.4618282563047892,0.035018225053860645,-0.008142857142857063,0.008278716798896133,-0.12268539916193211,-0.0975424740721813,0.5574304676708464,0.4089662227051526,60k
SD6060|59100|vol1|SD6060.DRG|61000,sd6060,SD6060,59100,vol1,SD6060.DRG,61000,0.032148900169204735,-3.96,-0.277,0.0158,-0.265252427184466,0.01916893203883495,-0.345547410689928,0.024059254498062618,-0.397940519487687,0.02682178748576794,0.011747572815534013,0.2132235467617055,-0.13268809230322098,-0.06854741068992798,0.3992322280359087,0.5227376264596592,60k
SD6060|59100|vol1|SD6060.DRG|61000,sd6060,SD6060,59100,vol1,SD6060.DRG,61000,0.032148900169204735,-2.96,-0.187,0.0156,-0.18553773584905658,0.014304716981132075,-0.2846180421439796,0.018559786470415788,-0.30666945562692327,0.021612741022160875,0.0014622641509434153,-0.08303096274794386,-0.12113171977786669,-0.09761804214397962,0.5108821132685173,0.18972990194973005,60k
SD6060|59100|vol1|SD6060.DRG|61000,sd6060,SD6060,59100,vol1,SD6060.DRG,61000,0.032148900169204735,-1.93,-0.125,0.0145,-0.09759183673469389,0.012542857142857142,-0.11942715574202577,0.019383162443290546,-0.133917997765321,0.020818393918127537,0.02740816326530611,-0.13497536945812819,-0.03632616103062712,0.005572844257974233,0.6597808362971841,0.33676982367520997,60k
SD6060|59100|vol1|SD6060.DRG|61000,sd6060,SD6060,59100,vol1,SD6060.DRG,61000,0.032148900169204735,-0.93,-0.009,0.0186,-0.0005794392523364601,0.013457943925233645,-0.07137455033362726,0.019651909836164924,-0.07037180179209351,0.020953617685134474,0.00842056074766354,-0.2764546276756104,-0.06979236253975706,-0.06237455033362726,0.5569702029926311,0.05655429226693149,60k
SD6060|59100|vol1|SD6060.DRG|61000,sd6060,SD6060,59100,vol1,SD6060.DRG,61000,0.032148900169204735,0.12,0.143,0.0217,0.14789719626168224,0.019055140186915887,0.04728861043204908,0.021037082415236566,0.04360812363327557,0.022102679662674027,0.004897196261682252,-0.12188294069512043,-0.10428907262840667,-0.09571138956795092,0.15993267149253076,-0.030549197454536155,60k
SD6060|59100|vol1|SD6060.DRG|61000,sd6060,SD6060,59100,vol1,SD6060.DRG,61000,0.032148900169204735,1.15,0.273,0.0231,0.29992307692307696,0.021556043956043956,0.21550756890823455,0.022995414279390797,0.20559875495542157,0.02384358590626664,0.02692307692307694,-0.06683792398078107,-0.09432432196765539,-0.05749243109176547,0.10612067570873986,-0.004527520372692709,60k
SD6060|59100|vol1|SD6060.DRG|61000,sd6060,SD6060,59100,vol1,SD6060.DRG,61000,0.032148900169204735,2.17,0.395,0.0258,0.43377235772357725,0.024226016260162603,0.3814870297880467,0.02549816821978078,0.36561336019679597,0.02603808948585292,0.03877235772357723,-0.06100712169912392,-0.06815899752678128,-0.013512970211953301,0.07479864647288714,-0.011698906210047344,60k
SD6060|59100|vol1|SD6060.DRG|61000,sd6060,SD6060,59100,vol1,SD6060.DRG,61000,0.032148900169204735,3.19,0.49,0.0249,0.548,0.02810736842105263,0.5223301104065173,0.02789535679171534,0.509405816419428,0.028111515453993343,0.05800000000000005,0.12880997674910172,-0.038594183580572095,0.03233011040651734,0.00014754255462798798,0.1202954534825438,60k
SD6060|59100|vol1|SD6060.DRG|61000,sd6060,SD6060,59100,vol1,SD6060.DRG,61000,0.032148900169204735,4.21,0.579,0.0258,0.6473333333333333,0.02683333333333333,0.642681410600855,0.028063962586661776,0.6417123094069855,0.027835114085898165,0.06833333333333336,0.0400516795865632,-0.005621023926347779,0.06368141060085508,0.03733344419496277,0.0877504878551076,60k
SD6060|59100|vol1|SD6060.DRG|61000,sd6060,SD6060,59100,vol1,SD6060.DRG,61000,0.032148900169204735,5.23,0.661,0.0242,0.7334528301886792,0.024812264150943394,0.7472475872230645,0.025783551427614383,0.7606599174285406,0.025538303258848805,0.07245283018867921,0.02530017152658655,0.027207087239861316,0.08624758722306447,0.02926130011709579,0.06543600940555305,60k
SD6060|59100|vol1|SD6060.DRG|61000,sd6060,SD6060,59100,vol1,SD6060.DRG,61000,0.032148900169204735,6.25,0.742,0.0218,0.8266857142857144,0.022756190476190475,0.8358344443529301,0.02455579218413442,0.8548269230330338,0.02430583351244823,0.08468571428571436,0.04386194844910436,0.0281412087473194,0.09383444435293009,0.06809764744582913,0.12641248551075318,60k
SD6060|59100|vol1|SD6060.DRG|61000,sd6060,SD6060,59100,vol1,SD6060.DRG,61000,0.032148900169204735,7.26,0.813,0.024,0.9171237113402062,0.02263917525773196,0.9045876519108288,0.025831787544699617,0.9211356970659281,0.025777918649001533,0.10412371134020626,-0.05670103092783509,0.004011985725721923,0.09158765191082885,0.13864212611709872,0.0763244810291507,60k
SD6060|59100|vol1|SD6060.DRG|61000,sd6060,SD6060,59100,vol1,SD6060.DRG,61000,0.032148900169204735,8.28,0.866,0.0312,0.9844579439252337,0.02434766355140187,0.9543336211131271,0.033402705977132685,0.9787477687375049,0.03140572985073702,0.11845794392523368,-0.21962616822429898,-0.005710175187728761,0.08833362111312715,0.2898868010244362,0.07059955054912458,60k
SD6060|59100|vol1|SD6060.DRG|61000,sd6060,SD6060,59100,vol1,SD6060.DRG,61000,0.032148900169204735,9.28,0.892,0.0457,1.0401134020618557,0.031364948453608245,1.0307402620591442,0.0452711573381687,1.0492280276876118,0.040719522999585304,0.14811340206185564,-0.3136772767262966,0.009114625625756156,0.13874026205914414,0.2982493199315589,-0.009383865685586364,60k
SD6060|100600|vol1|SD6060.DRG|101800,sd6060,SD6060,100600,vol1,SD6060.DRG,101800,0.011928429423459244,-5.98,-0.388,0.0237,-0.4308051948051948,0.025450649350649352,-0.5063873716174917,0.03901601003714816,-0.5262220770910012,0.04460396050602964,-0.04280519480519479,0.07386706120883348,-0.09541688228580641,-0.11838737161749169,0.7525666984560301,0.646245149246758,100k
SD6060|100600|vol1|SD6060.DRG|101800,sd6060,SD6060,100600,vol1,SD6060.DRG,101800,0.011928429423459244,-4.99,-0.322,0.0183,-0.36268750000000005,0.020220535714285715,-0.44201309342644834,0.026059570930010035,-0.47484600762382934,0.030358656199804167,-0.04068750000000004,0.10494730679156912,-0.11215850762382928,-0.12001309342644834,0.5013774426538026,0.4240202693994554,100k
SD6060|100600|vol1|SD6060.DRG|101800,sd6060,SD6060,100600,vol1,SD6060.DRG,101800,0.011928429423459244,-3.96,-0.248,0.0145,-0.2885106382978723,0.017025531914893616,-0.34661849532229355,0.020260218872550573,-0.38395514511733914,0.022582659175755106,-0.040510638297872326,0.1741746148202493,-0.09544450681946681,-0.09861849532229355,0.32639962666894534,0.397256473969005,100k
SD6060|100600|vol1|SD6060.DRG|101800,sd6060,SD6060,100600,vol1,SD6060.DRG,101800,0.011928429423459244,-2.95,-0.161,0.0132,-0.19805434782608697,0.015610869565217393,-0.24491284717432293,0.014568103754066057,-0.23968275223494356,0.017620693724034246,-0.037054347826086964,0.1826416337285904,-0.041628404408856595,-0.08391284717432293,0.12874517658484222,0.1036442237928831,100k
SD6060|100600|vol1|SD6060.DRG|101800,sd6060,SD6060,100600,vol1,SD6060.DRG,101800,0.011928429423459244,-1.92,-0.035,0.0138,-0.07050000000000001,0.015414285714285715,-0.015522474505479502,0.015341482611876577,-0.011855337561118269,0.016212330856684457,-0.035500000000000004,0.11697722567287795,0.05864466243888174,0.019477525494520503,0.05177308616117875,0.11170163854178097,100k
SD6060|100600|vol1|SD6060.DRG|101800,sd6060,SD6060,100600,vol1,SD6060.DRG,101800,0.011928429423459244,-0.89,0.144,0.0151,0.08612612612612612,0.015995495495495497,0.16419661624942028,0.015132294913977225,0.1928192880833991,0.016236471131832894,-0.05787387387387387,0.05930433745003289,0.10669316195727298,0.02019661624942029,0.01506521860515407,0.002138736024981734,100k
SD6060|100600|vol1|SD6060.DRG|101800,sd6060,SD6060,100600,vol1,SD6060.DRG,101800,0.011928429423459244,0.16,0.249,0.0169,0.225,0.016925531914893616,0.27727709791077093,0.01531048245155459,0.31243297806241815,0.016080371826100556,-0.023999999999999994,0.0015107641948886377,0.08743297806241815,0.028277097910770932,-0.04993403415873521,-0.09405429280742057,100k
SD6060|100600|vol1|SD6060.DRG|101800,sd6060,SD6060,100600,vol1,SD6060.DRG,101800,0.011928429423459244,1.17,0.341,0.0177,0.32425454545454546,0.01850727272727273,0.3693932589012879,0.01585721617294125,0.4092349174254137,0.016379358505604853,-0.016745454545454563,0.045608628659476236,0.08498037197086822,0.028393258901287854,-0.11497719048210354,-0.10411208062478824,100k
SD6060|100600|vol1|SD6060.DRG|101800,sd6060,SD6060,100600,vol1,SD6060.DRG,101800,0.011928429423459244,2.19,0.429,0.018,0.4200408163265306,0.019646938775510204,0.4600974053166573,0.01651026439048148,0.5037983921117773,0.01676658555441346,-0.008959183673469373,0.09149659863945585,0.08375757578524673,0.031097405316657334,-0.14660570046093327,-0.08276308941769545,100k
SD6060|100600|vol1|SD6060.DRG|101800,sd6060,SD6060,100600,vol1,SD6060.DRG,101800,0.011928429423459244,3.21,0.519,0.018,0.5132549019607843,0.01966078431372549,0.5531622308583668,0.0168723350052317,0.5962688480709608,0.016898497446010467,-0.005745098039215746,0.09226579520697178,0.08301394611017654,0.03416223085836678,-0.1404972875770083,-0.06264805526490552,100k
SD6060|100600|vol1|SD6060.DRG|101800,sd6060,SD6060,100600,vol1,SD6060.DRG,101800,0.011928429423459244,4.22,0.611,0.017,0.6065135135135135,0.018086486486486485,0.6500932328189243,0.016532681567651322,0.6872944953626406,0.016611900550550077,-0.0044864864864865295,0.06391096979332259,0.08078098184912719,0.039093232818924295,-0.08152970655954442,-0.02748931954992229,100k
SD6060|100600|vol1|SD6060.DRG|101800,sd6060,SD6060,100600,vol1,SD6060.DRG,101800,0.011928429423459244,5.25,0.704,0.0176,0.7064,0.01694,0.7489640304615187,0.01629598741583335,0.7778460336305353,0.01642097536026626,0.0024000000000000687,-0.03750000000000005,0.07144603363053526,0.044964030461518756,-0.03063899880364472,-0.07409162410037799,100k
SD6060|100600|vol1|SD6060.DRG|101800,sd6060,SD6060,100600,vol1,SD6060.DRG,101800,0.011928429423459244,6.26,0.788,0.0174,0.7988571428571429,0.017666666666666667,0.8432388065233021,0.01686228949141604,0.8601357295175165,0.017269158302179972,0.010857142857142899,0.0153256704980844,0.06127858666037356,0.05523880652330204,-0.02250047346151107,-0.030902902792181608,100k
SD6060|100600|vol1|SD6060.DRG|101800,sd6060,SD6060,100600,vol1,SD6060.DRG,101800,0.011928429423459244,7.27,0.863,0.0206,0.88796875,0.018921875,0.90434966087855,0.021283960267249616,0.9238024459937136,0.020082892892408593,0.024968749999999984,-0.08146237864077666,0.035833695993713666,0.041349660878549965,0.06135850133290658,0.033201954720855124,100k
SD6060|100600|vol1|SD6060.DRG|101800,sd6060,SD6060,100600,vol1,SD6060.DRG,101800,0.011928429423459244,8.29,0.921,0.0289,0.9587647058823529,0.023697058823529408,0.964270773808905,0.029596087876112204,0.9780025091803146,0.026161692291925564,0.03776470588235281,-0.18003256665988204,0.019237803297961764,0.04327077380890498,0.10400588050821562,0.024086085678623016,100k
SD6060|100600|vol1|SD6060.DRG|101800,sd6060,SD6060,100600,vol1,SD6060.DRG,101800,0.011928429423459244,9.3,0.96,0.0374,1.0054117647058824,0.031584313725490205,1.059373752970507,0.03826223968252027,1.0565642540888467,0.03367240127349811,0.045411764705882485,-0.15549963300828334,0.05115248938296424,0.09937375297050699,0.06611153771318794,0.023054536965782624,100k
SD6060|155700|vol1|SD6060.DRG|152300,sd6060,SD6060,155700,vol1,SD6060.DRG,152300,0.021836865767501604,-5.99,-0.403,0.0206,-0.44553535353535356,0.023522222222222222,-0.4946280136306979,0.03363124519779853,-0.5176584616673223,0.03949273284911451,-0.04253535353535354,0.1418554476806904,-0.07212310813196876,-0.09162801363069789,0.6789541598584345,0.6325847183397345,150k
SD6060|155700|vol1|SD6060.DRG|152300,sd6060,SD6060,155700,vol1,SD6060.DRG,152300,0.021836865767501604,-4.97,-0.328,0.0159,-0.38036458333333334,0.01919791666666667,-0.3827638968401442,0.021401610353339748,-0.4069237023400488,0.024759199151261672,-0.052364583333333325,0.20741614255765203,-0.02655911900671548,-0.05476389684014421,0.28968156186712984,0.34601322976979537,150k
SD6060|155700|vol1|SD6060.DRG|152300,sd6060,SD6060,155700,vol1,SD6060.DRG,152300,0.021836865767501604,-3.95,-0.197,0.0123,-0.2788359375,0.0174125,-0.23865266884743205,0.016127113945498858,-0.25723864705394545,0.017973558942066755,-0.08183593750000001,0.4156504065040651,0.021597290446054573,-0.041652668847432045,0.03222161907059607,0.3111474752438096,150k
SD6060|155700|vol1|SD6060.DRG|152300,sd6060,SD6060,155700,vol1,SD6060.DRG,152300,0.021836865767501604,-2.93,-0.083,0.0112,-0.14416406250000005,0.013587500000000002,-0.12165825743963973,0.011287558302951965,-0.1308894063530555,0.012372785886145448,-0.061164062500000047,0.21316964285714307,0.013274656146944563,-0.03865825743963973,-0.08939938280438303,0.00781770562071119,150k
SD6060|155700|vol1|SD6060.DRG|152300,sd6060,SD6060,155700,vol1,SD6060.DRG,152300,0.021836865767501604,-1.91,-0.012,0.0114,-0.040617647058823515,0.013012745098039215,-0.02556576247844401,0.011243900237661968,0.024335894830188713,0.01196708160418414,-0.028617647058823515,0.1414688682490539,0.06495354188901223,-0.013565762478444009,-0.08035687212628471,-0.013692961608599367,150k
SD6060|155700|vol1|SD6060.DRG|152300,sd6060,SD6060,155700,vol1,SD6060.DRG,152300,0.021836865767501604,-0.89,0.115,0.0119,0.036824074074074065,0.013454629629629629,0.10863896101467392,0.011654082729128547,0.19315489810362382,0.012343565968585445,-0.07817592592592594,0.13064114534702756,0.15633082402954976,-0.006361038985326084,-0.0825785392559162,-0.020665316879954095,150k
SD6060|155700|vol1|SD6060.DRG|152300,sd6060,SD6060,155700,vol1,SD6060.DRG,152300,0.021836865767501604,0.13,0.211,0.0117,0.19381372549019607,0.012795098039215688,0.23844663927592905,0.011776203329453092,0.3246951513212996,0.012339253491522238,-0.017186274509803923,0.09359812300988779,0.13088142583110354,0.027446639275929052,-0.03562649901519569,0.006513105081460848,150k
SD6060|155700|vol1|SD6060.DRG|152300,sd6060,SD6060,155700,vol1,SD6060.DRG,152300,0.021836865767501604,1.15,0.3,0.0118,0.27699038461538467,0.012304807692307693,0.346930409877097,0.01181900015030612,0.422899730447169,0.012256674523820947,-0.023009615384615323,0.04278031290743164,0.14590934583178433,0.04693040987709701,-0.003911736752849557,0.001610182229332195,150k
SD6060|155700|vol1|SD6060.DRG|152300,sd6060,SD6060,155700,vol1,SD6060.DRG,152300,0.021836865767501604,2.18,0.398,0.0115,0.379,0.0128,0.4449593247657159,0.011890883238554301,0.5104492195974214,0.0122955102207495,-0.019000000000000017,0.11304347826086963,0.1314492195974214,0.046959324765715904,-0.03941326400394541,0.0339898468308088,150k
SD6060|155700|vol1|SD6060.DRG|152300,sd6060,SD6060,155700,vol1,SD6060.DRG,152300,0.021836865767501604,3.21,0.499,0.0123,0.4848348623853211,0.013366972477064221,0.5442880810916455,0.011978141500889059,0.5984885454024459,0.012398567888023519,-0.014165137614678913,0.08674572984261958,0.1136536830171248,0.045288081091645505,-0.07244756362761604,-0.026167357651296044,150k
SD6060|155700|vol1|SD6060.DRG|152300,sd6060,SD6060,155700,vol1,SD6060.DRG,152300,0.021836865767501604,4.23,0.598,0.0126,0.5888640776699029,0.013027184466019416,0.6459526760637575,0.012099491551481602,0.6873199674277164,0.012536445125491567,-0.00913592233009708,0.033903529049160025,0.0984558897578135,0.04795267606375753,-0.0376704069715073,-0.03972289273955539,150k
SD6060|155700|vol1|SD6060.DRG|152300,sd6060,SD6060,155700,vol1,SD6060.DRG,152300,0.021836865767501604,5.24,0.695,0.0134,0.6918857142857143,0.013515238095238096,0.7496774664376652,0.012467921499581555,0.777693939245911,0.012918944203042036,-0.003114285714285625,0.008599857853589203,0.08580822496019669,0.054677466437665245,-0.04412011745513794,-0.06955809704615266,150k
SD6060|155700|vol1|SD6060.DRG|152300,sd6060,SD6060,155700,vol1,SD6060.DRG,152300,0.021836865767501604,6.27,0.784,0.0154,0.789,0.0143,0.8496396595240389,0.014004918156580896,0.8659794962058334,0.0141610208521023,0.0050000000000000044,-0.07142857142857144,0.07697949620583333,0.06563965952403883,-0.009718821531307705,-0.09058973009214966,150k
SD6060|155700|vol1|SD6060.DRG|152300,sd6060,SD6060,155700,vol1,SD6060.DRG,152300,0.021836865767501604,7.27,0.86,0.0199,0.8754406779661017,0.017096610169491523,0.9099672114738907,0.019837503124875012,0.9260404129561166,0.017850472083892722,0.015440677966101712,-0.14087386082957173,0.05059973499001491,0.049967211473890716,0.04409423312151356,-0.0031405464886928905,150k
SD6060|155700|vol1|SD6060.DRG|152300,sd6060,SD6060,155700,vol1,SD6060.DRG,152300,0.021836865767501604,8.28,0.916,0.0251,0.9462897196261681,0.02191588785046728,0.9784294450162909,0.026380453789707898,0.9794772919470351,0.023263902369390646,0.03028971962616811,-0.12685705775030767,0.033187572320867,0.062429445016290885,0.06150855160972299,0.05101409520748594,150k
SD6060|155700|vol1|SD6060.DRG|152300,sd6060,SD6060,155700,vol1,SD6060.DRG,152300,0.021836865767501604,9.31,0.95,0.0336,0.9932816901408451,0.030509154929577464,1.0656686206766344,0.03406762106739688,1.0525305235289233,0.029321511264544967,0.04328169014084515,-0.09198943661971828,0.05924883338807818,0.11566862067663441,-0.03892745203116463,0.013917293672526225,150k
SD6060|155700|vol1|SD6060.DRG|152300,sd6060,SD6060,155700,vol1,SD6060.DRG,152300,0.021836865767501604,10.29,0.961,0.0465,1.0208873239436618,0.041206338028169,1.1321202225428857,0.046018265794640655,1.1237131102427904,0.03765727501801026,0.05988732394366181,-0.11384219294260221,0.10282578629912864,0.17112022254288572,-0.08612905635372332,-0.010359875384071938,150k
SD6060|199700|vol1|SD6060.DRG|202700,sd6060,SD6060,199700,vol1,SD6060.DRG,202700,0.015022533800701052,-3.97,-0.154,0.0117,-0.20494782608695652,0.01374695652173913,-0.22061082340040203,0.014414182356241262,-0.20691319773691663,0.015289184010240247,-0.05094782608695653,0.1749535488665923,-0.001965371649960107,-0.06661082340040203,0.11218683103145576,0.23198139796933856,200k
SD6060|199700|vol1|SD6060.DRG|202700,sd6060,SD6060,199700,vol1,SD6060.DRG,202700,0.015022533800701052,-2.93,-0.076,0.0102,-0.1023684210526316,0.011205263157894737,-0.12468916473459654,0.010379271515403734,-0.1015945223306098,0.011361923413889214,-0.026368421052631597,0.09855521155830749,0.0007738987220217985,-0.04868916473459654,0.013980952860004973,0.017575638765071913,200k
SD6060|199700|vol1|SD6060.DRG|202700,sd6060,SD6060,199700,vol1,SD6060.DRG,202700,0.015022533800701052,-1.92,-0.006,0.0102,-0.025862385321100925,0.010156880733944955,-0.04658439109882699,0.009823033658244211,-0.010910698212079184,0.009751649082979732,-0.019862385321100927,-0.00422737902500446,0.014951687109021741,-0.04058439109882699,-0.03989725404679735,-0.03695748448586174,200k
SD6060|199700|vol1|SD6060.DRG|202700,sd6060,SD6060,199700,vol1,SD6060.DRG,202700,0.015022533800701052,-0.9,0.078,0.0101,0.057873684210526306,0.00914421052631579,0.059118484359981016,0.01009221045837335,0.12244916933349038,0.010169583668935995,-0.020126315789473694,-0.0946326211568525,0.06457548512296407,-0.018881515640018984,0.11213358875206572,-0.0007712417452127868,200k
SD6060|199700|vol1|SD6060.DRG|202700,sd6060,SD6060,199700,vol1,SD6060.DRG,202700,0.015022533800701052,0.15,0.213,0.0097,0.16377966101694916,0.009189830508474576,0.19525855339371445,0.01017992151306854,0.27303653063332994,0.010356364115225229,-0.04922033898305084,-0.05259479294076537,0.10925686961638079,-0.017741446606285544,0.12693744522000827,0.04947644464624126,200k
SD6060|199700|vol1|SD6060.DRG|202700,sd6060,SD6060,199700,vol1,SD6060.DRG,202700,0.015022533800701052,1.16,0.305,0.0098,0.28474766355140185,0.0107,0.3254582747115728,0.010225040632064405,0.4032659073389811,0.010400158468502825,-0.02025233644859814,0.09183673469387753,0.11851824378757925,0.0204582747115728,-0.028022573037119136,0.043371493067796515,200k
SD6060|199700|vol1|SD6060.DRG|202700,sd6060,SD6060,199700,vol1,SD6060.DRG,202700,0.015022533800701052,2.18,0.404,0.01,0.3903703703703704,0.010718518518518518,0.4386966136617142,0.010225848643728854,0.5089446929487524,0.010395338530370737,-0.013629629629629603,0.07185185185185176,0.11857432257838202,0.03469661366171417,-0.030151553835487465,0.022584864372885392,200k
SD6060|199700|vol1|SD6060.DRG|202700,sd6060,SD6060,199700,vol1,SD6060.DRG,202700,0.015022533800701052,3.2,0.507,0.0103,0.4963773584905661,0.010732075471698114,0.5406966208529483,0.01028319161212168,0.5995638001557189,0.01049308364084061,-0.010622641509433928,0.04194907492214693,0.10318644166515278,0.033696620852948334,-0.022268929387214635,-0.0016318823182834797,200k
SD6060|199700|vol1|SD6060.DRG|202700,sd6060,SD6060,199700,vol1,SD6060.DRG,202700,0.015022533800701052,4.22,0.609,0.0109,0.6053999999999999,0.01084,0.6426344645773412,0.010498332274825543,0.6876215470390693,0.010763526685393661,-0.0036000000000000476,-0.005504587155963238,0.08222154703906936,0.033634464577341205,-0.00705473381977304,-0.03685025001600519,200k
SD6060|199700|vol1|SD6060.DRG|202700,sd6060,SD6060,199700,vol1,SD6060.DRG,202700,0.015022533800701052,5.25,0.707,0.0121,0.7143406593406594,0.011631868131868133,0.748592763826004,0.011075479263833904,0.77737732678022,0.011367260031590679,0.007340659340659417,-0.03868858414312949,0.0630366674395606,0.041592763826004076,-0.022748547118798618,-0.08467113522033852,200k
SD6060|199700|vol1|SD6060.DRG|202700,sd6060,SD6060,199700,vol1,SD6060.DRG,202700,0.015022533800701052,6.26,0.794,0.0143,0.8093809523809524,0.013061904761904762,0.8474598671381373,0.013065782709346765,0.8603367485164327,0.013128919283325956,0.015380952380952384,-0.08658008658008656,0.05095579613548029,0.05345986713813722,0.005130532081097558,-0.08630890144428217,200k
SD6060|199700|vol1|SD6060.DRG|202700,sd6060,SD6060,199700,vol1,SD6060.DRG,202700,0.015022533800701052,7.28,0.873,0.0179,0.8968762886597939,0.016543298969072168,0.9128794494663719,0.01911015214280619,0.9298955627453677,0.016572163540829236,0.023876288659793854,-0.07579335368311908,0.03301927408557381,0.0398794494663719,0.0017447893440740748,0.06760626496123964,200k
SD6060|199700|vol1|SD6060.DRG|202700,sd6060,SD6060,199700,vol1,SD6060.DRG,202700,0.015022533800701052,8.3,0.934,0.0239,0.9643663366336633,0.022051485148514863,0.9862462517080465,0.02490527154107112,0.9858208293618342,0.021681287491586137,0.030366336633663282,-0.07734371763536144,0.021454492728170904,0.05224625170804642,-0.016787878659213943,0.042061570756113824,200k
SD6060|199700|vol1|SD6060.DRG|202700,sd6060,SD6060,199700,vol1,SD6060.DRG,202700,0.015022533800701052,9.31,0.971,0.0315,1.0096603773584905,0.02979433962264152,1.0672432227562596,0.0320053917022526,1.0499657032079772,0.02706419354778941,0.03866037735849048,-0.05414794848757076,0.04030532584948676,0.09624322275625963,-0.09163304538481526,0.016044181023891976,200k
SD6060|307400|vol1|SD6060.DRG|303500,sd6060,SD6060,307400,vol1,SD6060.DRG,303500,0.012687052700065062,-3.99,-0.191,0.0112,-0.21563076923076924,0.012355384615384615,-0.24943776344892457,0.012692991981379222,-0.20172040725483162,0.012982350038734778,-0.024630769230769234,0.10315934065934067,0.013910361975937618,-0.05843776344892457,0.05074430645966947,0.13330285548028767,300k
SD6060|307400|vol1|SD6060.DRG|303500,sd6060,SD6060,307400,vol1,SD6060.DRG,303500,0.012687052700065062,-2.96,-0.099,0.0094,-0.12781481481481483,0.010355555555555557,-0.15309371088519066,0.00971194535547918,-0.11730367040255166,0.009518594534920637,-0.02881481481481482,0.10165484633569752,0.010511144412263168,-0.05409371088519066,-0.08082241615573259,0.033185676114806384,300k
SD6060|307400|vol1|SD6060.DRG|303500,sd6060,SD6060,307400,vol1,SD6060.DRG,303500,0.012687052700065062,-1.94,-0.012,0.0082,-0.041387755102040825,0.009144897959183674,-0.05642876762920111,0.00797879088366527,-0.03541550378557819,0.007949822931666368,-0.029387755102040825,0.11523145843703335,0.005972251316462639,-0.044428767629201116,-0.13068216100948005,-0.026976721504235367,300k
SD6060|307400|vol1|SD6060.DRG|303500,sd6060,SD6060,307400,vol1,SD6060.DRG,303500,0.012687052700065062,-0.91,0.078,0.0077,0.04727722772277228,0.008707920792079207,0.04321339689376246,0.008080311999046243,0.06918029020749401,0.007994505701129999,-0.030722772277227722,0.13089880416613073,0.021903062484721736,-0.03478660310623754,-0.08192714518006829,0.049391168707304256,300k
SD6060|307400|vol1|SD6060.DRG|303500,sd6060,SD6060,307400,vol1,SD6060.DRG,303500,0.012687052700065062,0.12,0.177,0.008,0.13870940170940171,0.008017094017094018,0.15224149072885357,0.008011214477211693,0.2022434055600693,0.008145429284142318,-0.03829059829059828,0.0021367521367522072,0.0635340038506676,-0.024758509271146423,0.016007703885555592,0.0014018096514615934,300k
SD6060|307400|vol1|SD6060.DRG|303500,sd6060,SD6060,307400,vol1,SD6060.DRG,303500,0.012687052700065062,1.15,0.302,0.0077,0.2769230769230769,0.00836923076923077,0.28132295184264733,0.008058799106559753,0.350623727947869,0.008342027997710008,-0.025076923076923108,0.0869130869130869,0.07370065102479212,-0.020677048157352662,-0.003250331155973275,0.046597286566201594,300k
SD6060|307400|vol1|SD6060.DRG|303500,sd6060,SD6060,307400,vol1,SD6060.DRG,303500,0.012687052700065062,2.18,0.407,0.0078,0.3895148514851485,0.0084,0.4146106555952096,0.008172103298527354,0.4854802027900941,0.008497774310366269,-0.017485148514851445,0.0769230769230769,0.09596535130494555,0.0076106555952096255,0.011639798853127294,0.047705551093250545,300k
SD6060|307400|vol1|SD6060.DRG|303500,sd6060,SD6060,307400,vol1,SD6060.DRG,303500,0.012687052700065062,3.2,0.51,0.0087,0.49906,0.008704,0.532514196897736,0.00833717630578401,0.5959579005107146,0.00867809567803214,-0.010940000000000005,0.0004597701149425898,0.09689790051071462,0.02251419689773604,-0.0029761399319692744,-0.041703872898389685,300k
SD6060|307400|vol1|SD6060.DRG|303500,sd6060,SD6060,307400,vol1,SD6060.DRG,303500,0.012687052700065062,4.22,0.61,0.0095,0.6071176470588234,0.009117647058823529,0.6391454301225912,0.008639941234807462,0.6892429167614306,0.008999250444040374,-0.002882352941176558,-0.04024767801857588,0.08212526970260714,0.029145430122591187,-0.012985435169765356,-0.09053250159921454,300k
SD6060|307400|vol1|SD6060.DRG|303500,sd6060,SD6060,307400,vol1,SD6060.DRG,303500,0.012687052700065062,5.24,0.705,0.0109,0.7128514851485148,0.009771287128712872,0.7423075055205786,0.009536086930715159,0.7751447692971101,0.009819902986319363,0.007851485148514858,-0.10355163956762642,0.06229328414859525,0.0373075055205786,0.0049753790842594035,-0.1251296393839304,300k
SD6060|307400|vol1|SD6060.DRG|303500,sd6060,SD6060,307400,vol1,SD6060.DRG,303500,0.012687052700065062,6.27,0.794,0.0131,0.8102272727272728,0.012277272727272727,0.8436947258232947,0.012051474037113789,0.8592622916730438,0.011918123542084531,0.016227272727272757,-0.06280360860513538,0.049035018945771,0.049694725823294705,-0.029253173173418405,-0.0800401498386421,300k
SD6060|307400|vol1|SD6060.DRG|303500,sd6060,SD6060,307400,vol1,SD6060.DRG,303500,0.012687052700065062,7.28,0.871,0.017,0.8956181818181819,0.01585818181818182,0.9185671702640726,0.017433865650283816,0.9328987620453526,0.015162455437505634,0.024618181818181872,-0.06716577540106948,0.037280580227170734,0.047567170264072645,-0.04387176213848912,0.025521508840224406,300k
SD6060|307400|vol1|SD6060.DRG|303500,sd6060,SD6060,307400,vol1,SD6060.DRG,303500,0.012687052700065062,8.29,0.937,0.0212,0.9618190476190476,0.02061904761904762,0.9977833078001963,0.022114510989258714,0.9968891297309463,0.019271690587268003,0.02481904761904752,-0.027403414195866976,0.03507008211189877,0.06078330780019625,-0.06534526020178283,0.04313731081409026,300k
SD6060|307400|vol1|SD6060.DRG|303500,sd6060,SD6060,307400,vol1,SD6060.DRG,303500,0.012687052700065062,9.3,0.978,0.0284,1.0105148514851485,0.026988118811881203,1.0730621494990824,0.02832358617201176,1.0576593477731746,0.023601485249261363,0.032514851485148544,-0.049714126342211215,0.04714449628802608,0.09506214949908243,-0.1254860920920844,-0.002690627746064836,300k
SD7003|60300|vol1|SD7003.DRG|61100,sd7003,SD7003,60300,vol1,SD7003.DRG,61100,0.013266998341625208,-2.95,-0.172,0.0122,-0.149328125,0.015353125000000002,-0.19857492004392185,0.016327232957616653,-0.21975380484131124,0.016608635990752806,0.02267187499999998,0.2584528688524591,-0.07042567984131123,-0.026574920043921868,0.08177559882778287,0.338297783411201,60k
SD7003|60300|vol1|SD7003.DRG|61100,sd7003,SD7003,60300,vol1,SD7003.DRG,61100,0.013266998341625208,-1.41,-0.039,0.0114,-0.020526315789473667,0.012578947368421054,-0.04911487678290804,0.01419722514292065,-0.0577826442733647,0.014705000556845474,0.018473684210526333,0.10341643582640822,-0.03725632848389103,-0.010114876782908039,0.1690167806697237,0.2453706265719868,60k
SD7003|60300|vol1|SD7003.DRG|61100,sd7003,SD7003,60300,vol1,SD7003.DRG,61100,0.013266998341625208,0.12,0.142,0.0121,0.1392,0.013088,0.08740406425104975,0.014954435828610871,0.07800911469408135,0.015475760644583636,-0.002799999999999997,0.08165289256198356,-0.06119088530591864,-0.05459593574895023,0.18243892455559563,0.2359037874885018,60k
SD7003|60300|vol1|SD7003.DRG|61100,sd7003,SD7003,60300,vol1,SD7003.DRG,61100,0.013266998341625208,1.67,0.37,0.0158,0.36904379562043793,0.013001459854014599,0.37974651292323297,0.016867509123767242,0.37986412267652186,0.016985848967022283,-0.0009562043795620645,-0.17712279404970904,0.010820327056083934,0.009746512923232975,0.3064570561879928,0.06756386859286333,60k
SD7003|60300|vol1|SD7003.DRG|61100,sd7003,SD7003,60300,vol1,SD7003.DRG,61100,0.013266998341625208,3.2,0.501,0.0193,0.5262675159235669,0.013589808917197453,0.5506593239303531,0.01859562629521157,0.556808574684505,0.01839000925176358,0.025267515923566908,-0.29586482294313715,0.030541058760938045,0.049659323930353105,0.3532205907981261,-0.03649604688022954,60k
SD7003|60300|vol1|SD7003.DRG|61100,sd7003,SD7003,60300,vol1,SD7003.DRG,61100,0.013266998341625208,4.73,0.651,0.0223,0.6636912751677854,0.017009395973154363,0.7065693721077757,0.0217087137600258,0.7053161258692013,0.0216270506745791,0.012691275167785343,-0.23724681734733802,0.04162485070141597,0.05556937210777568,0.2714767008018804,-0.026515078025748883,60k
SD7003|60300|vol1|SD7003.DRG|61100,sd7003,SD7003,60300,vol1,SD7003.DRG,61100,0.013266998341625208,6.26,0.779,0.0267,0.7999754601226994,0.01995092024539877,0.849982839017793,0.026024996214861557,0.8445646905804273,0.026579811285078386,0.020975460122699352,-0.25277452264424083,0.04458923045772789,0.07098283901779301,0.3322599137354789,-0.025281040641889296,60k
SD7003|60300|vol1|SD7003.DRG|61100,sd7003,SD7003,60300,vol1,SD7003.DRG,61100,0.013266998341625208,7.78,0.871,0.0399,0.9243783783783784,0.026574324324324324,0.9820762298294456,0.034169474501220654,0.9734777773562063,0.03446654792813985,0.053378378378378444,-0.3339768339768339,0.04909939897782789,0.11107622982944565,0.29698680227935365,-0.14362219295186326,60k
SD7003|102000|vol1|SD7003.DRG|101600,sd7003,SD7003,102000,vol1,SD7003.DRG,101600,0.00392156862745098,-2.93,-0.138,0.0116,-0.16419760479041917,0.013562275449101798,-0.1841383261624872,0.01294760194423176,-0.2129047981899025,0.013957300472506408,-0.02619760479041916,0.16916167664670678,-0.04870719339948332,-0.0461383261624872,0.029126751251079462,0.11617258139928974,100k
SD7003|102000|vol1|SD7003.DRG|101600,sd7003,SD7003,102000,vol1,SD7003.DRG,101600,0.00392156862745098,-1.41,-0.014,0.0091,-0.037999999999999985,0.009807741935483871,-0.05533917390271849,0.011636427838568308,-0.06726429946601738,0.012055949699609724,-0.023999999999999987,0.07777383906416159,-0.029264299466017392,-0.04133917390271849,0.22922786701717357,0.27872833390860524,100k
SD7003|102000|vol1|SD7003.DRG|101600,sd7003,SD7003,102000,vol1,SD7003.DRG,101600,0.00392156862745098,0.13,0.176,0.0125,0.12381818181818181,0.009027272727272728,0.17454779744192087,0.01135314985952671,0.17794688894336808,0.01178142261271519,-0.052181818181818176,-0.27781818181818185,0.05412870712518626,-0.0014522025580791242,0.3050921323249456,-0.09174801123786325,100k
SD7003|102000|vol1|SD7003.DRG|101600,sd7003,SD7003,102000,vol1,SD7003.DRG,101600,0.00392156862745098,1.67,0.362,0.0123,0.35391061452513967,0.011736871508379888,0.3876171458509343,0.011962995456003324,0.3970690039266,0.01216977903535574,-0.008089385474860322,-0.04578280419675709,0.04315838940146033,0.02561714585093433,0.03688440541133678,-0.027398743414363897,100k
SD7003|102000|vol1|SD7003.DRG|101600,sd7003,SD7003,102000,vol1,SD7003.DRG,101600,0.00392156862745098,3.2,0.494,0.0142,0.4978153846153846,0.013673846153846153,0.5443044357383944,0.013731138433829016,0.5479803738148123,0.013761340466296158,0.0038153846153846094,-0.037053087757313245,0.050164989199427745,0.05030443573839438,0.006398661464053062,-0.03301842015288622,100k
SD7003|102000|vol1|SD7003.DRG|101600,sd7003,SD7003,102000,vol1,SD7003.DRG,101600,0.00392156862745098,4.73,0.632,0.0158,0.6472954545454546,0.015398863636363638,0.7061958988499736,0.015983677426007616,0.7005242799701292,0.016314334727406756,0.015295454545454557,-0.025388377445339488,0.053228825424674664,0.07419589884997357,0.059450561590874786,0.011625153544785742,100k
SD7003|102000|vol1|SD7003.DRG|101600,sd7003,SD7003,102000,vol1,SD7003.DRG,101600,0.00392156862745098,6.26,0.784,0.0183,0.796136690647482,0.018493525179856116,0.854762689288601,0.019396073086678747,0.8443394677487549,0.01984409793644571,0.012136690647482018,0.010575146440224921,0.04820277710127285,0.07076268928860097,0.07302949240097782,0.05989470419009547,100k
SD7003|102000|vol1|SD7003.DRG|101600,sd7003,SD7003,102000,vol1,SD7003.DRG,101600,0.00392156862745098,7.78,0.904,0.0254,0.9277500000000001,0.0248,0.9948665746364288,0.025755140729243543,0.981672465101421,0.025969046893125264,0.02375000000000005,-0.023622047244094484,0.05392246510142096,0.09086657463642878,0.04713898762601874,0.013981918474155289,100k
SD7003|102000|vol1|SD7003.DRG|101600,sd7003,SD7003,102000,vol1,SD7003.DRG,101600,0.00392156862745098,9.31,0.995,0.0356,1.0337272727272726,0.0362,1.1219528784540225,0.03908962367430821,1.1110510817099253,0.03719832406524565,0.03872727272727261,0.016853932584269756,0.07732380898265268,0.12695287845402248,0.027578012852089613,0.09802313691876996,100k
SD7003|200800|vol1|SD7003.DRG|202200,sd7003,SD7003,200800,vol1,SD7003.DRG,202200,0.0069721115537848604,-2.92,-0.115,0.0097,-0.14784444444444442,0.010824444444444444,-0.16952625611050703,0.010620430183029075,-0.20318269664421432,0.010863788415112013,-0.03284444444444441,0.1159221076746849,-0.0553382521997699,-0.05452625611050703,0.0036347334839676292,0.09488970959062622,200k
SD7003|200800|vol1|SD7003.DRG|202200,sd7003,SD7003,200800,vol1,SD7003.DRG,202200,0.0069721115537848604,-1.4,0.026,0.0081,-0.0014852071005917148,0.008812426035502958,0.00378235376827216,0.008458105281713058,-0.009272083402157575,0.008554576861225453,-0.027485207100591713,0.08795383154357514,-0.007786876301565861,-0.02221764623172784,-0.029259726349894797,0.04421052860655041,200k
SD7003|200800|vol1|SD7003.DRG|202200,sd7003,SD7003,200800,vol1,SD7003.DRG,202200,0.0069721115537848604,0.14,0.199,0.0079,0.17155629139072848,0.0074033112582781455,0.20649190976833998,0.008029936125389164,0.23085216676723602,0.008033370806460619,-0.027443708609271533,-0.06287199262301965,0.059295875376507545,0.007491909768339966,0.08510510043434424,0.01644761080875484,200k
SD7003|200800|vol1|SD7003.DRG|202200,sd7003,SD7003,200800,vol1,SD7003.DRG,202200,0.0069721115537848604,1.66,0.35,0.0091,0.3305098039215686,0.008727450980392158,0.370944677782641,0.008605832134781043,0.39058187733167726,0.008628205477313767,-0.019490196078431388,-0.04093945270415856,0.06007207341010867,0.02094467778264103,-0.01137164829700728,-0.05430416101307225,200k
SD7003|200800|vol1|SD7003.DRG|202200,sd7003,SD7003,200800,vol1,SD7003.DRG,202200,0.0069721115537848604,3.2,0.507,0.011,0.4906086956521739,0.010282608695652173,0.5412905956623241,0.010021648188845681,0.5446027312143715,0.010097447121447986,-0.016391304347826097,-0.06521739130434782,0.05399403556219762,0.034290595662324064,-0.018007256687933654,-0.08894107374130163,200k
SD7003|200800|vol1|SD7003.DRG|202200,sd7003,SD7003,200800,vol1,SD7003.DRG,202200,0.0069721115537848604,4.74,0.657,0.0128,0.651,0.01232290076335878,0.7070569525297058,0.012078511523084255,0.7004785359291237,0.012286245073181146,-0.006000000000000005,-0.037273377862595346,0.04947853592912366,0.05005695252970577,-0.0029745991533606077,-0.056366287259042636,200k
SD7003|200800|vol1|SD7003.DRG|202200,sd7003,SD7003,200800,vol1,SD7003.DRG,202200,0.0069721115537848604,6.28,0.799,0.0153,0.8026470588235294,0.015323529411764706,0.8712284307704155,0.014869818807993738,0.8554787343874243,0.015218315882456661,0.0036470588235293366,0.0015378700499808474,0.0528316755638949,0.07222843077041541,-0.006866142027780298,-0.02811641777818703,200k
SD7003|200800|vol1|SD7003.DRG|202200,sd7003,SD7003,200800,vol1,SD7003.DRG,202200,0.0069721115537848604,7.8,0.926,0.0222,0.9384516129032259,0.020103225806451613,1.0139917786001655,0.02020383048870404,0.9985894479656338,0.01975532646179057,0.012451612903225828,-0.09444928799767514,0.060137835062407885,0.0879917786001655,-0.017305647760738587,-0.08991754555387205,200k
SD7003|200800|vol1|SD7003.DRG|202200,sd7003,SD7003,200800,vol1,SD7003.DRG,202200,0.0069721115537848604,9.31,1.024,0.0308,1.0507260273972603,0.02810068493150685,1.1391905397216007,0.02883860275303926,1.1251821200271905,0.027016224368606623,0.026726027397260266,-0.08764009962640096,0.07445609262993025,0.11519053972160065,-0.038591961923473174,-0.06368172879742663,200k
SD7003|300300|vol1|SD7003.DRG|302800,sd7003,SD7003,300300,vol1,SD7003.DRG,302800,0.008325008325008326,-2.94,-0.112,0.0093,-0.148,0.009867441860465117,-0.1581724690591969,0.009373406893198672,-0.182579250547085,0.009476178916081879,-0.03599999999999999,0.06101525381345352,-0.034579250547084994,-0.046172469059196905,-0.03965191281753297,0.00789321432243794,300k
SD7003|300300|vol1|SD7003.DRG|302800,sd7003,SD7003,300300,vol1,SD7003.DRG,302800,0.008325008325008326,-1.91,0.0,0.0079,-0.044999999999999984,0.008190697674418605,-0.026349462599745698,0.007624348811715736,-0.03922484888333486,0.007594846559005651,-0.044999999999999984,0.03679717397703845,0.005775151116665121,-0.026349462599745698,-0.07274729688460246,-0.03489255547902088,300k
SD7003|300300|vol1|SD7003.DRG|302800,sd7003,SD7003,300300,vol1,SD7003.DRG,302800,0.008325008325008326,-0.9,0.103,0.0074,0.056403141361256535,0.007477486910994764,0.0932748939996162,0.006873419620119355,0.08820990465449503,0.007015511210285787,-0.04659685863874346,0.010471204188481605,0.0318067632932385,-0.009725106000383787,-0.061782214560575956,-0.07115951079468184,300k
SD7003|300300|vol1|SD7003.DRG|302800,sd7003,SD7003,300300,vol1,SD7003.DRG,302800,0.008325008325008326,0.14,0.196,0.0072,0.16094764397905761,0.007041884816753927,0.20039183524732873,0.006914832945371534,0.2152138755717204,0.006825114703890009,-0.03505235602094239,-0.02196044211751016,0.05426623159266278,0.004391835247328724,-0.0307829677003779,-0.03960653536506473,300k
SD7003|300300|vol1|SD7003.DRG|302800,sd7003,SD7003,300300,vol1,SD7003.DRG,302800,0.008325008325008326,1.15,0.301,0.0078,0.26999324324324325,0.007430405405405406,0.3119708888705408,0.0072258064569039595,0.3303344096775513,0.007252363813501165,-0.031006756756756737,-0.04738392238392231,0.060341166434308036,0.010970888870540818,-0.023961221789422178,-0.07361455680718464,300k
SD7003|300300|vol1|SD7003.DRG|302800,sd7003,SD7003,300300,vol1,SD7003.DRG,302800,0.008325008325008326,2.18,0.409,0.0084,0.38284210526315793,0.00818421052631579,0.4276727783863457,0.00785350451042329,0.44133770268740496,0.00791052711296599,-0.026157894736842047,-0.025689223057643946,0.05849559742424704,0.018672778386345734,-0.03344041706524897,-0.06505898685437024,300k
SD7003|300300|vol1|SD7003.DRG|302800,sd7003,SD7003,300300,vol1,SD7003.DRG,302800,0.008325008325008326,3.2,0.516,0.0095,0.49557894736842106,0.009257894736842104,0.5399474751489365,0.008679503710678086,0.5445440774931866,0.008751092438416406,-0.02042105263157895,-0.025484764542936415,0.0489651301247655,0.02394747514893647,-0.054742715577534184,-0.08636803045493832,300k
SD7003|300300|vol1|SD7003.DRG|302800,sd7003,SD7003,300300,vol1,SD7003.DRG,302800,0.008325008325008326,4.23,0.62,0.0109,0.6057346938775511,0.010377551020408163,0.6529387419910011,0.009830234150681967,0.6497063525498981,0.01005201415031904,-0.014265306122448917,-0.04793109904512261,0.04397165867234698,0.03293874199100111,-0.0313693345808595,-0.09814365590073697,300k
SD7003|300300|vol1|SD7003.DRG|302800,sd7003,SD7003,300300,vol1,SD7003.DRG,302800,0.008325008325008326,5.25,0.719,0.0123,0.7098175182481752,0.011609489051094891,0.7641256747983284,0.011346038854261836,0.7558795604281255,0.01142851636608264,-0.00918248175182479,-0.05613910153700074,0.04606204217995036,0.04512567479832841,-0.015588341934409592,-0.07755781672668002,300k
SD7003|300300|vol1|SD7003.DRG|302800,sd7003,SD7003,300300,vol1,SD7003.DRG,302800,0.008325008325008326,6.26,0.814,0.0138,0.8076315789473685,0.013215789473684209,0.8767648503727116,0.01297102309481989,0.8611519252800867,0.013079815753593984,-0.006368421052631468,-0.042334096109839944,0.05352034633271818,0.06276485037271162,-0.01028873230471632,-0.06007079023044276,300k
SD7003|300300|vol1|SD7003.DRG|302800,sd7003,SD7003,300300,vol1,SD7003.DRG,302800,0.008325008325008326,7.28,0.903,0.0168,0.9018771929824562,0.01613859649122807,0.9776503461304735,0.015976865847551248,0.959945307293494,0.015802565293271596,-0.0011228070175438587,-0.03936925647451957,0.058068114311037866,0.0746503461304735,-0.02082158743724215,-0.04899608050290186,300k
SD7003|300300|vol1|SD7003.DRG|302800,sd7003,SD7003,300300,vol1,SD7003.DRG,302800,0.008325008325008326,8.31,0.983,0.0205,0.9906,0.019640000000000005,1.0704970411233599,0.019910988569557964,1.0541471688524802,0.019046946168903522,0.007600000000000051,-0.04195121951219494,0.06354716885248013,0.08749704112335988,-0.030196223579250652,-0.02873226489961154,300k
SD7003|300300|vol1|SD7003.DRG|302800,sd7003,SD7003,300300,vol1,SD7003.DRG,302800,0.008325008325008326,9.32,1.053,0.0253,1.0664671052631578,0.024228289473684217,1.153190086885995,0.02473273898262054,1.1383615231687945,0.022971735370079238,0.013467105263157864,-0.04236009985437876,0.07189441790563667,0.10019008688599507,-0.05186309602953179,-0.022421384086144604,300k
SD7003|300300|vol1|SD7003.DRG|302800,sd7003,SD7003,300300,vol1,SD7003.DRG,302800,0.008325008325008326,10.34,1.101,0.0337,1.1261907894736842,0.031005921052631585,1.2286757142308196,0.030826540319664576,1.213782090375961,0.027851238167191227,0.02519078947368425,-0.07994299547087286,0.08759130090227685,0.12767571423081958,-0.10174453066836438,-0.08526586588532419,300k
SD7003 REPEAT|99600|vol1|SD7003.DRG|101600,sd7003,SD7003 REPEAT,99600,vol1,SD7003.DRG,101600,0.020080321285140562,-2.94,-0.131,0.0129,-0.16501197604790419,0.013588622754491018,-0.18536372120472672,0.013081126487366295,-0.21380329488871563,0.013970795562866255,-0.03401197604790418,0.05338160887527272,-0.04879131884081145,-0.05436372120472671,0.028124469659659153,0.014040812974131402,100k
SD7003 REPEAT|99600|vol1|SD7003.DRG|101600,sd7003,SD7003 REPEAT,99600,vol1,SD7003.DRG,101600,0.020080321285140562,-1.91,-0.053,0.0111,-0.08113173652694608,0.010874850299401198,-0.1124353045617447,0.011766772066470315,-0.12125813491096146,0.012580801255802106,-0.02813173652694608,-0.020283756810702887,-0.04012639838401538,-0.05943530456174471,0.15687121288417574,0.0600695555378662,100k
SD7003 REPEAT|99600|vol1|SD7003.DRG|101600,sd7003,SD7003 REPEAT,99600,vol1,SD7003.DRG,101600,0.020080321285140562,-0.9,0.036,0.011,0.013,0.009445806451612904,0.012365439834026187,0.011650643560718866,0.014137418767193223,0.011955780941395733,-0.023,-0.141290322580645,0.0011374187671932233,-0.02363456016597381,0.26572368411743624,0.05914941461080605,100k
SD7003 REPEAT|99600|vol1|SD7003.DRG|101600,sd7003,SD7003 REPEAT,99600,vol1,SD7003.DRG,101600,0.020080321285140562,0.13,0.181,0.0108,0.12381818181818181,0.009027272727272728,0.17117303603572906,0.011508071927992905,0.17794688894336808,0.01178142261271519,-0.05718181818181818,-0.16414141414141417,0.05412870712518626,-0.009826963964270935,0.3050921323249456,0.06556221555489852,100k
SD7003 REPEAT|99600|vol1|SD7003.DRG|101600,sd7003,SD7003 REPEAT,99600,vol1,SD7003.DRG,101600,0.020080321285140562,1.16,0.318,0.0124,0.2939242424242424,0.010978030303030302,0.3298118333358331,0.011791951830535916,0.3372815978250074,0.011818967498631613,-0.024075757575757584,-0.11467497556207239,0.04335735540076496,0.011811833335833077,0.07660182859662762,-0.049036142698716395,100k
SD7003 REPEAT|99600|vol1|SD7003.DRG|101600,sd7003,SD7003 REPEAT,99600,vol1,SD7003.DRG,101600,0.020080321285140562,2.19,0.413,0.0127,0.40271508379888266,0.012405027932960893,0.4395814645574543,0.012617977607432577,0.448288154248919,0.012696836976973188,-0.010284916201117322,-0.02322614701095324,0.045573070450036335,0.026581464557454304,0.023523449168295737,-0.006458456107671049,100k
SD7003 REPEAT|99600|vol1|SD7003.DRG|101600,sd7003,SD7003 REPEAT,99600,vol1,SD7003.DRG,101600,0.020080321285140562,3.19,0.502,0.0129,0.4968384615384615,0.013664615384615384,0.5431650313100017,0.013892066853733174,0.546969281417094,0.013746105387271225,-0.005161538461538495,0.059272510435301115,0.05013081987863249,0.04116503131000171,0.005963578217326791,0.07690440726613754,100k
SD7003 REPEAT|99600|vol1|SD7003.DRG|101600,sd7003,SD7003 REPEAT,99600,vol1,SD7003.DRG,101600,0.020080321285140562,4.21,0.598,0.0145,0.5964846153846154,0.014606153846153847,0.6527086803091894,0.01536413550225776,0.6501007059843552,0.015300083447814323,-0.0015153846153845851,0.0073209549071618,0.05361609059973982,0.054708680309189406,0.04750939973449646,0.05959555187984551,100k
SD7003 REPEAT|99600|vol1|SD7003.DRG|101600,sd7003,SD7003 REPEAT,99600,vol1,SD7003.DRG,101600,0.020080321285140562,5.23,0.692,0.0166,0.696159090909091,0.016364772727272728,0.7559992863403264,0.01714079021472316,0.7476059471212434,0.017434197017840394,0.004159090909091057,-0.014170317634173034,0.05144685621215239,0.06399928634032648,0.06534916850909982,0.032577723778503535,100k
SD7003 REPEAT|99600|vol1|SD7003.DRG|101600,sd7003,SD7003 REPEAT,99600,vol1,SD7003.DRG,101600,0.020080321285140562,6.25,0.783,0.0185,0.7952446043165469,0.0184568345323741,0.8533049071978365,0.01957767464987841,0.8434296736187056,0.019808827615598035,0.012244604316546837,-0.0023332685203187892,0.04818506930215871,0.07030490719783644,0.07325162290708509,0.058252683777211475,100k
SD7003 REPEAT|99600|vol1|SD7003.DRG|101600,sd7003,SD7003 REPEAT,99600,vol1,SD7003.DRG,101600,0.020080321285140562,7.28,0.865,0.0231,0.8871294964028777,0.022235971223021584,0.9482484414742983,0.02324478534736773,0.9371384690137861,0.02344167066290869,0.022129496402877757,-0.037403843159238746,0.05000897261090831,0.08324844147429833,0.05422292679704538,0.006267763955312977,100k
SD7003 REPEAT|99600|vol1|SD7003.DRG|101600,sd7003,SD7003 REPEAT,99600,vol1,SD7003.DRG,101600,0.020080321285140562,8.29,0.936,0.029,0.9635714285714285,0.028442857142857134,1.0406417269861736,0.029665401238694104,1.0257509547264891,0.02962292228395059,0.02757142857142847,-0.019211822660098868,0.062179526155060616,0.10464172698617358,0.04148898034984532,0.022944870299796624,100k
SD7003 REPEAT|99600|vol1|SD7003.DRG|101600,sd7003,SD7003 REPEAT,99600,vol1,SD7003.DRG,101600,0.020080321285140562,9.3,0.992,0.0376,1.0332727272727271,0.036050000000000006,1.1203105605959383,0.039445476890531045,1.11066293964408,0.03708207094979854,0.04127272727272713,-0.041223404255319035,0.0773902123713528,0.12831056059593826,0.02862887516778181,0.049081832194974556,100k
SD7003 REPEAT|99600|vol1|SD7003.DRG|101600,sd7003,SD7003 REPEAT,99600,vol1,SD7003.DRG,101600,0.020080321285140562,10.32,1.024,0.048,1.0796363636363635,0.05135000000000001,1.1563532954566387,0.05299562763125053,1.1502534303603067,0.048939888725403426,0.055636363636363484,0.06979166666666678,0.07061706672394319,0.13235329545663865,-0.046934981004801965,0.10407557565105263,100k
SD7003 REPEAT|201500|vol1|SD7003.DRG|202200,sd7003,SD7003 REPEAT,201500,vol1,SD7003.DRG,202200,0.0034739454094292804,-2.93,-0.126,0.0101,-0.14882222222222222,0.010842222222222222,-0.17051562951946478,0.010626324874378423,-0.20416810868957075,0.010886433644890288,-0.022822222222222216,0.07348734873487349,-0.05534588646734853,-0.04451562951946478,0.004077708587954444,0.05211137370083403,200k
SD7003 REPEAT|201500|vol1|SD7003.DRG|202200,sd7003,SD7003 REPEAT,201500,vol1,SD7003.DRG,202200,0.0034739454094292804,-1.92,-0.038,0.0086,-0.05509322033898305,0.009438983050847458,-0.057985265341917,0.008884729012214028,-0.08297921001402347,0.009094505946228038,-0.01709322033898305,0.09755616870319278,-0.027885989675040426,-0.019985265341917004,-0.03649515024698471,0.03310802467604972,200k
SD7003 REPEAT|201500|vol1|SD7003.DRG|202200,sd7003,SD7003 REPEAT,201500,vol1,SD7003.DRG,202200,0.0034739454094292804,-0.91,0.072,0.0079,0.05389349112426034,0.008290532544378698,0.06901539411629466,0.008222657063344609,0.06921617352226309,0.008360523232662093,-0.018106508875739655,0.0494344992884427,0.015322682398002746,-0.0029846058837053324,0.00844224275204744,0.04084266624615289,200k
SD7003 REPEAT|201500|vol1|SD7003.DRG|202200,sd7003,SD7003 REPEAT,201500,vol1,SD7003.DRG,202200,0.0034739454094292804,0.12,0.184,0.0076,0.1694635761589404,0.007386092715231788,0.2040819806238923,0.008017389188871309,0.22874075256644505,0.008026511899751365,-0.014536423841059604,-0.02814569536423839,0.059277176407504656,0.020081980623892298,0.08670608523487507,0.05491963011464592,200k
SD7003 REPEAT|201500|vol1|SD7003.DRG|202200,sd7003,SD7003 REPEAT,201500,vol1,SD7003.DRG,202200,0.0034739454094292804,1.14,0.286,0.0086,0.27619205298013244,0.008264238410596026,0.31488864712764986,0.008298999481892548,0.3364228768067854,0.008376316141923267,-0.009807947019867536,-0.03904204527953185,0.06023082382665296,0.02888864712764988,0.01356177372418728,-0.035000060245052554,200k
SD7003 REPEAT|201500|vol1|SD7003.DRG|202200,sd7003,SD7003 REPEAT,201500,vol1,SD7003.DRG,202200,0.0034739454094292804,2.18,0.392,0.0094,0.38454901960784316,0.009237254901960784,0.42836451564124367,0.008998035955313377,0.44252757176954766,0.009100768095554034,-0.0074509803921568585,-0.017313308302044278,0.0579785521617045,0.036364515641243655,-0.014775689082454396,-0.0427621324134706,200k
SD7003 REPEAT|201500|vol1|SD7003.DRG|202200,sd7003,SD7003 REPEAT,201500,vol1,SD7003.DRG,202200,0.0034739454094292804,3.21,0.496,0.0102,0.49165217391304344,0.010295652173913043,0.5423638010352857,0.010018548027114563,0.5456146641547537,0.010111515526587192,-0.004347826086956552,0.009377664109121749,0.05396249024171024,0.0463638010352857,-0.01788489395479123,-0.01778940910641549,200k
SD7003 REPEAT|201500|vol1|SD7003.DRG|202200,sd7003,SD7003 REPEAT,201500,vol1,SD7003.DRG,202200,0.0034739454094292804,4.22,0.596,0.0115,0.5970434782608696,0.01161304347826087,0.6517599212380618,0.011232632127446391,0.6478198911333576,0.01153242444564702,0.0010434782608695903,0.009829867674858288,0.05077641287248802,0.05575992123806184,-0.006942110633165638,-0.02324938022205291,200k
SD7003 REPEAT|201500|vol1|SD7003.DRG|202200,sd7003,SD7003 REPEAT,201500,vol1,SD7003.DRG,202200,0.0034739454094292804,5.24,0.696,0.0131,0.7010000000000001,0.013200763358778627,0.7597876749092138,0.012988324064384884,0.7513475536331693,0.0131486907608229,0.0050000000000001155,0.00769185944875014,0.05034755363316923,0.06378767490921389,-0.003944665663679069,-0.008524880581306637,200k
SD7003 REPEAT|201500|vol1|SD7003.DRG|202200,sd7003,SD7003 REPEAT,201500,vol1,SD7003.DRG,202200,0.0034739454094292804,6.27,0.791,0.0144,0.8017254901960784,0.015296078431372548,0.8702401132554194,0.014830630623550077,0.854517233235682,0.015191875698992528,0.01072549019607838,0.06222766884531588,0.052791743039603545,0.07924011325541935,-0.00681238219636079,0.029904904413199825,200k
SD7003 REPEAT|201500|vol1|SD7003.DRG|202200,sd7003,SD7003 REPEAT,201500,vol1,SD7003.DRG,202200,0.0034739454094292804,7.28,0.878,0.0177,0.8948039215686275,0.018068627450980396,0.9682124298119161,0.017949487966361737,0.951628849561649,0.017862334228869865,0.016803921568627533,0.020826409659909336,0.05682492799302141,0.09021242981191613,-0.011417204913333787,0.01409536533117157,200k
SD7003 REPEAT|201500|vol1|SD7003.DRG|202200,sd7003,SD7003 REPEAT,201500,vol1,SD7003.DRG,202200,0.0034739454094292804,8.3,0.953,0.0225,0.9771612903225807,0.022522580645161293,1.0567004697893652,0.022644756040072347,1.041427502989622,0.021970616139800347,0.024161290322580742,0.001003584229390829,0.06426621266704136,0.1037004697893652,-0.024507160793740084,0.0064336017809932255,200k
SD7003 REPEAT|201500|vol1|SD7003.DRG|202200,sd7003,SD7003 REPEAT,201500,vol1,SD7003.DRG,202200,0.0034739454094292804,9.31,1.022,0.0284,1.0507260273972603,0.02810068493150685,1.1392733057074982,0.02879825115977881,1.1251821200271905,0.027016224368606623,0.028726027397260268,-0.010539262975110916,0.07445609262993025,0.11727330570749817,-0.038591961923473174,0.014022928161225598,200k
SD7003 REPEAT|201500|vol1|SD7003.DRG|202200,sd7003,SD7003 REPEAT,201500,vol1,SD7003.DRG,202200,0.0034739454094292804,10.33,1.07,0.0353,1.1108082191780824,0.0358554794520548,1.2123655446487442,0.03734870036168308,1.2012364755037053,0.03386396547499082,0.040808219178082306,0.015735961814583598,0.0904282563256229,0.14236554464874418,-0.05554280705483215,0.058036837441447026,200k
SD7003 REPEAT|303700|vol1|SD7003.DRG|302800,sd7003,SD7003 REPEAT,303700,vol1,SD7003.DRG,302800,0.0029634507737899243,-3.98,-0.214,0.0104,-0.2527786259541985,0.011145801526717557,-0.288244844380933,0.010380649719821004,-0.3057726841887424,0.01137338861665025,-0.03877862595419848,0.07171168526130361,-0.05299405823454395,-0.07424484438093301,0.020419086898967716,-0.0018606038633649903,300k
SD7003 REPEAT|303700|vol1|SD7003.DRG|302800,sd7003,SD7003 REPEAT,303700,vol1,SD7003.DRG,302800,0.0029634507737899243,-2.92,-0.112,0.0093,-0.146,0.009834883720930233,-0.15519363912865217,0.009314250188501655,-0.1797956699322549,0.009439648190701757,-0.03399999999999999,0.0575143785946488,-0.03379566993225491,-0.043193639128652164,-0.04018710759003189,0.0015322783335113583,300k
SD7003 REPEAT|303700|vol1|SD7003.DRG|302800,sd7003,SD7003 REPEAT,303700,vol1,SD7003.DRG,302800,0.0029634507737899243,-1.92,-0.005,0.008,-0.045999999999999985,0.008206976744186046,-0.026969632886839883,0.007612128342082139,-0.04061663919074992,0.007613111921695712,-0.04099999999999999,0.02587209302325568,0.0053833608092500665,-0.021969632886839882,-0.07236097298692085,-0.04848395723973267,300k
SD7003 REPEAT|303700|vol1|SD7003.DRG|302800,sd7003,SD7003 REPEAT,303700,vol1,SD7003.DRG,302800,0.0029634507737899243,-0.91,0.099,0.0074,0.05539790575916229,0.007481675392670157,0.09261631072348525,0.006846253722667686,0.0869887126264448,0.007017341945924209,-0.04360209424083771,0.01103721522569684,0.0315908068672825,-0.0063836892765147535,-0.06206276300103298,-0.07483057801788029,300k
SD7003 REPEAT|303700|vol1|SD7003.DRG|302800,sd7003,SD7003 REPEAT,303700,vol1,SD7003.DRG,302800,0.0029634507737899243,0.12,0.191,0.0073,0.15893717277486913,0.007050261780104712,0.19828339411089627,0.006885095601229924,0.2127714915156199,0.0068287761751668515,-0.032062827225130874,-0.034210715054149035,0.05383431874075076,0.007283394110896263,-0.03141523135536268,-0.05683621900959942,300k
SD7003 REPEAT|303700|vol1|SD7003.DRG|302800,sd7003,SD7003 REPEAT,303700,vol1,SD7003.DRG,302800,0.0029634507737899243,1.16,0.296,0.0081,0.2710810810810811,0.0074351351351351356,0.31308485926603197,0.007204873754570686,0.33146527356574174,0.0072572600384022135,-0.024918918918918898,-0.08208208208208198,0.06038419248466065,0.017084859266031982,-0.023923586256336303,-0.11050941301596465,300k
SD7003 REPEAT|303700|vol1|SD7003.DRG|302800,sd7003,SD7003 REPEAT,303700,vol1,SD7003.DRG,302800,0.0029634507737899243,2.17,0.402,0.0084,0.38173684210526315,0.008173684210526316,0.4265837586790174,0.007819727573624391,0.44032587548342667,0.007902286276441966,-0.020263157894736872,-0.026942355889724268,0.05858903337816351,0.024583758679017353,-0.033203868303944874,-0.06908005075900098,300k
SD7003 REPEAT|303700|vol1|SD7003.DRG|302800,sd7003,SD7003 REPEAT,303700,vol1,SD7003.DRG,302800,0.0029634507737899243,3.19,0.507,0.0098,0.4944736842105263,0.00924736842105263,0.5388582597713615,0.008639473037746674,0.5435322502892083,0.008742851601892383,-0.012526315789473719,-0.05639097744360907,0.049058566078681975,0.031858259771361475,-0.05455788027344746,-0.11842111859727816,300k
SD7003 REPEAT|303700|vol1|SD7003.DRG|302800,sd7003,SD7003 REPEAT,303700,vol1,SD7003.DRG,302800,0.0029634507737899243,4.21,0.611,0.0109,0.6035986394557823,0.01035578231292517,0.6507893425920452,0.009769671193874875,0.6476636259591748,0.010026398829797695,-0.007401360544217694,-0.04992822817200281,0.04406498650339252,0.03978934259204525,-0.0318067214213616,-0.10369989047019494,300k
SD7003 REPEAT|303700|vol1|SD7003.DRG|302800,sd7003,SD7003 REPEAT,303700,vol1,SD7003.DRG,302800,0.0029634507737899243,5.23,0.711,0.0121,0.7078613138686132,0.011583211678832117,0.7620353392566999,0.011274641940196353,0.7537629763651303,0.011400303976332592,-0.003138686131386792,-0.04270977860891594,0.04590166249651717,0.051035339256699896,-0.015790758864726785,-0.0682114099011278,300k
SD7003 REPEAT|303700|vol1|SD7003.DRG|302800,sd7003,SD7003 REPEAT,303700,vol1,SD7003.DRG,302800,0.0029634507737899243,6.27,0.809,0.0138,0.8085555555555556,0.013244444444444442,0.8780185776392241,0.012950265280482048,0.8621204878488455,0.013106509376531999,-0.0004444444444444695,-0.040257648953301264,0.05356493229328996,0.06901857763922403,-0.010414560496744898,-0.061574979675213894,300k
SD7003 REPEAT|303700|vol1|SD7003.DRG|302800,sd7003,SD7003 REPEAT,303700,vol1,SD7003.DRG,302800,0.0029634507737899243,7.29,0.899,0.0167,0.9028011695906433,0.016167251461988306,0.9788441232210552,0.015960133587021818,0.9609138698622529,0.01582925891620961,0.0038011695906432497,-0.03190111006058047,0.05811270027160964,0.07984412322105516,-0.020905999178238044,-0.04430337802264561,300k
SD7003 REPEAT|303700|vol1|SD7003.DRG|302800,sd7003,SD7003 REPEAT,303700,vol1,SD7003.DRG,302800,0.0029634507737899243,8.31,0.978,0.0207,0.9906,0.019640000000000005,1.0708996529976675,0.01983723020143449,1.0541471688524802,0.019046946168903522,0.012600000000000056,-0.05120772946859879,0.06354716885248013,0.09289965299766756,-0.030196223579250652,-0.04167970041379267,300k
SD7003 REPEAT|303700|vol1|SD7003.DRG|302800,sd7003,SD7003 REPEAT,303700,vol1,SD7003.DRG,302800,0.0029634507737899243,9.32,1.049,0.0248,1.0664671052631578,0.024228289473684217,1.1536734361557857,0.024627111585880858,1.1383615231687945,0.022971735370079238,0.017467105263157867,-0.023052843803055736,0.07189441790563667,0.10467343615578573,-0.05186309602953179,-0.006971307020933116,300k
SD7003 REPEAT|303700|vol1|SD7003.DRG|302800,sd7003,SD7003 REPEAT,303700,vol1,SD7003.DRG,302800,0.0029634507737899243,10.34,1.099,0.0325,1.1261907894736842,0.031005921052631585,1.2291601888266894,0.03066794527305981,1.213782090375961,0.027851238167191227,0.02719078947368425,-0.04597165991902818,0.08759130090227685,0.13016018882668945,-0.10174453066836438,-0.05637091467508282,300k
SD7032B|61200|vol1|SD7032D.DRG|60300,sd7032,SD7032B,61200,vol1,SD7032D.DRG,60300,0.014705882352941176,-2.9,0.012,0.0214,-0.004463414634146335,0.023008536585365853,-0.17188620657140558,0.03152935900653399,-0.16860150605901744,0.03415008772599696,-0.016463414634146335,0.07516526099840438,-0.1641380914248711,-0.18388620657140559,0.4842355401132935,0.473334533015607,60k
SD7032B|61200|vol1|SD7032D.DRG|60300,sd7032,SD7032B,61200,vol1,SD7032D.DRG,60300,0.014705882352941176,-1.89,0.091,0.0161,0.10596026490066227,0.017880132450331127,-0.045769991946490216,0.026192392602349616,-0.040975413786209836,0.027063846589838677,0.014960264900662268,0.11056723293982154,-0.1469356786868721,-0.1367699919464902,0.5136267399035668,0.6268566833757526,60k
SD7032B|61200|vol1|SD7032D.DRG|60300,sd7032,SD7032B,61200,vol1,SD7032D.DRG,60300,0.014705882352941176,-0.87,0.206,0.0175,0.22822516556291392,0.017812582781456955,0.10133820850071956,0.022529660521226142,0.1022139960225785,0.023502927073560023,0.02222516556291393,0.017861873226111623,-0.12601116954033542,-0.10466179149928043,0.31945644053521327,0.28740917264149374,60k
SD7032B|61200|vol1|SD7032D.DRG|60300,sd7032,SD7032B,61200,vol1,SD7032D.DRG,60300,0.014705882352941176,0.17,0.357,0.0202,0.3573907284768212,0.022697350993377483,0.29077045256122125,0.0241329862162615,0.27943020780459576,0.024466405073896618,0.0003907284768212005,0.12363123729591502,-0.07796052067222542,-0.06622954743877874,0.07794099324785968,0.1947022879337377,60k
SD7032B|61200|vol1|SD7032D.DRG|60300,sd7032,SD7032B,61200,vol1,SD7032D.DRG,60300,0.014705882352941176,1.2,0.501,0.0219,0.4865658536585366,0.027041463414634145,0.4588416370279145,0.02610086205075035,0.45013865965236005,0.026011299310720975,-0.014434146341463394,0.234770018933066,-0.036427194006176555,-0.04215836297208553,-0.03809572315363936,0.19182018496576947,60k
SD7032B|61200|vol1|SD7032D.DRG|60300,sd7032,SD7032B,61200,vol1,SD7032D.DRG,60300,0.014705882352941176,2.23,0.603,0.022,0.6161951219512195,0.028548780487804876,0.6068977876139534,0.027078761281382386,0.5999499778028358,0.026795609059601988,0.013195121951219524,0.2976718403547671,-0.01624514414838374,0.0038977876139534295,-0.06140967839070346,0.23085278551738125,60k
SD7032B|61200|vol1|SD7032D.DRG|60300,sd7032,SD7032B,61200,vol1,SD7032D.DRG,60300,0.014705882352941176,3.25,0.679,0.0205,0.7356324786324786,0.029373504273504273,0.7502349870171536,0.026409499059232455,0.7443491624809778,0.026882712467936682,0.056632478632478556,0.4328538670002084,0.008716683848499218,0.07123498701715358,-0.08479723026490765,0.28826824679182705,60k
SD7032B|61200|vol1|SD7032D.DRG|60300,sd7032,SD7032B,61200,vol1,SD7032D.DRG,60300,0.014705882352941176,4.26,0.764,0.0197,0.8365096774193548,0.029181290322580645,0.8810127441680431,0.02539904322728362,0.8762596102428827,0.026050591900425482,0.07250967741935477,0.4812837727198298,0.0397499328235279,0.11701274416804308,-0.10728444107670629,0.2892915343798792,60k
SD7032B|61200|vol1|SD7032D.DRG|60300,sd7032,SD7032B,61200,vol1,SD7032D.DRG,60300,0.014705882352941176,5.27,0.839,0.0274,0.9303419354838709,0.02957225806451613,0.9966858234192092,0.025614137931669386,0.992213543026122,0.02628970149294013,0.09134193548387093,0.07927949140569811,0.06187160754225107,0.15768582341920923,-0.11100121486883524,-0.0651774477492925,60k
SD7032B|61200|vol1|SD7032D.DRG|60300,sd7032,SD7032B,61200,vol1,SD7032D.DRG,60300,0.014705882352941176,6.29,0.909,0.0256,1.0162,0.031264,1.1006125759621772,0.027274743481527315,1.0966930987596246,0.027922302887151213,0.10719999999999996,0.22124999999999995,0.08049309875962463,0.19161257596217718,-0.10688642249388393,0.0654196672471607,60k
SD7032B|61200|vol1|SD7032D.DRG|60300,sd7032,SD7032B,61200,vol1,SD7032D.DRG,60300,0.014705882352941176,7.31,0.973,0.0295,1.0975496688741722,0.03247417218543046,1.194069845860185,0.030098444553854988,1.1918561276176167,0.03050070784068531,0.12454966887417218,0.10081939611628678,0.09430645874344457,0.22106984586018508,-0.06077027409587185,0.02028625606288101,60k
SD7032B|61200|vol1|SD7032D.DRG|60300,sd7032,SD7032B,61200,vol1,SD7032D.DRG,60300,0.014705882352941176,8.31,1.037,0.0333,1.1763576158940399,0.029494039735099335,1.2756732909714315,0.033675220865611206,1.2727509509407424,0.03408920660455107,0.13935761589403994,-0.1142931010480681,0.09639333504670256,0.23867329097143153,0.15579984670540964,0.011267893862198295,60k
SD7032B|61200|vol1|SD7032D.DRG|60300,sd7032,SD7032B,61200,vol1,SD7032D.DRG,60300,0.014705882352941176,9.33,1.106,0.0328,1.2397090909090909,0.03374909090909091,1.34373318225039,0.037597293372937796,1.3363000400848928,0.038428716751167706,0.13370909090909078,0.028935698447893485,0.09659094917580191,0.23773318225038986,0.13865931543703472,0.1462589442968839,60k
SD7032B|61200|vol1|SD7032D.DRG|60300,sd7032,SD7032B,61200,vol1,SD7032D.DRG,60300,0.014705882352941176,10.34,1.151,0.0398,1.295,0.04064375,1.390134691113597,0.042734970422266656,1.389589995551077,0.04337671945191645,0.1439999999999999,0.021199748743718525,0.09458999555107717,0.23913469111359698,0.06724205940437215,0.07374297543383553,60k
SD7032B|61200|vol1|SD7032D.DRG|60300,sd7032,SD7032B,61200,vol1,SD7032D.DRG,60300,0.014705882352941176,11.35,1.167,0.0477,1.3455,0.04372109375,1.4243041340575648,0.05176358911132694,1.4218147949630973,0.05263520469388211,0.17849999999999988,-0.08341522536687625,0.07631479496309734,0.2573041340575648,0.20388581756105098,0.08519054740727337,60k
SD7032B|101300|vol1|SD7032D.DRG|100700,sd7032,SD7032B,101300,vol1,SD7032D.DRG,100700,0.005923000987166831,-2.89,0.076,0.0178,0.06392441860465115,0.020426162790697675,-0.030282287846193624,0.024200978802422165,-0.03400453739593218,0.02486467867034237,-0.012075581395348853,0.14753723543245367,-0.09792895600058332,-0.10628228784619362,0.2172956284117176,0.3596055506978744,100k
SD7032B|101300|vol1|SD7032D.DRG|100700,sd7032,SD7032B,101300,vol1,SD7032D.DRG,100700,0.005923000987166831,-1.86,0.207,0.0145,0.21764788732394363,0.016791549295774647,0.1415656694843806,0.018214162677252836,0.13994265842810774,0.01849955774720014,0.010647887323943644,0.15803788246721698,-0.07770522889583589,-0.0654343305156194,0.10171833589264374,0.25614915015536793,100k
SD7032B|101300|vol1|SD7032D.DRG|100700,sd7032,SD7032B,101300,vol1,SD7032D.DRG,100700,0.005923000987166831,-0.84,0.341,0.0143,0.33616901408450706,0.01657605633802817,0.30435859477631316,0.01621245759395592,0.29824000057430394,0.016733563112469558,-0.004830985915492969,0.1591647788830888,-0.03792901351020311,-0.03664140522368686,0.009502065583599735,0.13373829328363065,100k
SD7032B|101300|vol1|SD7032D.DRG|100700,sd7032,SD7032B,101300,vol1,SD7032D.DRG,100700,0.005923000987166831,0.19,0.457,0.0148,0.4509367088607595,0.01700886075949367,0.441157193921187,0.01594753742186754,0.43907304120377555,0.016087398437852528,-0.006063291139240534,0.14924734861443711,-0.011863667656983934,-0.015842806078813,-0.054175428599873655,0.07753631228834716,100k
SD7032B|101300|vol1|SD7032D.DRG|100700,sd7032,SD7032B,101300,vol1,SD7032D.DRG,100700,0.005923000987166831,1.21,0.553,0.0139,0.5606811594202898,0.017644202898550725,0.5686619066096392,0.015963548447248788,0.5675521381468966,0.016057987381374515,0.007681159420289796,0.26936711500364935,0.006870978726606802,0.015661906609639176,-0.08990009502251303,0.14845672282365385,100k
SD7032B|101300|vol1|SD7032D.DRG|100700,sd7032,SD7032B,101300,vol1,SD7032D.DRG,100700,0.005923000987166831,2.23,0.642,0.0144,0.6597246376811595,0.0171268115942029,0.6901994489832597,0.015978764002988238,0.6888492321190431,0.01607332920830416,0.017724637681159505,0.18936191626409038,0.029124594437883622,0.048199448983259674,-0.06151071261012325,0.10963638909640541,100k
SD7032B|101300|vol1|SD7032D.DRG|100700,sd7032,SD7032B,101300,vol1,SD7032D.DRG,100700,0.005923000987166831,3.25,0.729,0.0152,0.7600128205128205,0.01709871794871795,0.8039376938830203,0.016146632608542984,0.8014492609535403,0.016368112812995113,0.031012820512820505,0.12491565452091782,0.04143644044071981,0.0749376938830203,-0.04272865006101924,0.06227846108835424,100k
SD7032B|101300|vol1|SD7032D.DRG|100700,sd7032,SD7032B,101300,vol1,SD7032D.DRG,100700,0.005923000987166831,4.26,0.816,0.0176,0.8591140939597315,0.01751006711409396,0.9086890105318581,0.016802995030609842,0.9081798192684958,0.016953389506916557,0.043114093959731536,-0.005109823062843204,0.049065725308764296,0.09268901053185818,-0.031791860279583445,-0.04528437326080448,100k
SD7032B|101300|vol1|SD7032D.DRG|100700,sd7032,SD7032B,101300,vol1,SD7032D.DRG,100700,0.005923000987166831,5.28,0.903,0.0192,0.957006711409396,0.018947651006711412,1.0091817898369329,0.018135126973948788,1.0088247621564956,0.018282608500804032,0.05400671140939595,-0.013143176733780536,0.051818050747099664,0.10618178983693283,-0.0350989421154008,-0.055462136773500564,100k
SD7032B|101300|vol1|SD7032D.DRG|100700,sd7032,SD7032B,101300,vol1,SD7032D.DRG,100700,0.005923000987166831,6.3,0.981,0.0219,1.0529342105263158,0.020617105263157895,1.1076078503926425,0.019975101075655456,1.1066944521204842,0.020146233686518702,0.07193421052631577,-0.05857966834895454,0.05376024159416848,0.12660785039264255,-0.02283887920389216,-0.08789492805226225,100k
SD7032B|101300|vol1|SD7032D.DRG|100700,sd7032,SD7032B,101300,vol1,SD7032D.DRG,100700,0.005923000987166831,7.32,1.053,0.0253,1.1464113924050634,0.022429746835443038,1.2024769785463463,0.02220089173034389,1.2001541089565753,0.022312125627794464,0.09341139240506346,-0.11344874168209335,0.05374271655151186,0.14947697854634634,-0.005243982846151034,-0.1224943980101229,100k
SD7032B|101300|vol1|SD7032D.DRG|100700,sd7032,SD7032B,101300,vol1,SD7032D.DRG,100700,0.005923000987166831,8.34,1.131,0.0242,1.2348544303797468,0.02443101265822785,1.2871847997150174,0.02471912603809761,1.2838666075045035,0.024835679379406592,0.10385443037974684,0.00954597761272107,0.049012177124756695,0.15618479971501742,0.01656364911433419,0.021451489177587196,100k
SD7032B|101300|vol1|SD7032D.DRG|100700,sd7032,SD7032B,101300,vol1,SD7032D.DRG,100700,0.005923000987166831,9.35,1.192,0.0274,1.3012048192771084,0.027212048192771083,1.3482407533689147,0.027584270854495684,1.3392413013661093,0.028339712135958924,0.10920481927710846,-0.006859555008354665,0.0380364820890009,0.15624075336891474,0.041439877483658384,0.00672521366772565,100k
SD7032B|101300|vol1|SD7032D.DRG|100700,sd7032,SD7032B,101300,vol1,SD7032D.DRG,100700,0.005923000987166831,10.37,1.254,0.031,1.3564857142857143,0.030837142857142855,1.3824967809786268,0.032382125103118845,1.3826514056851842,0.03257580245740778,0.10248571428571429,-0.005253456221198231,0.026165691399469893,0.12849678097862682,0.05638199389351651,0.044584680745769184,100k
SD7032B|101300|vol1|SD7032D.DRG|100700,sd7032,SD7032B,101300,vol1,SD7032D.DRG,100700,0.005923000987166831,11.37,1.267,0.0416,1.3750571428571428,0.040051428571428564,1.409156937021345,0.03965428716144387,1.4100062402710116,0.040051954380391275,0.10805714285714285,-0.03722527472527486,0.03494909741386887,0.14215693702134513,1.3128344767348312e-05,-0.04677194323452235,100k
SD7032B|203400|vol1|SD7032D.DRG|201700,sd7032,SD7032B,203400,vol1,SD7032D.DRG,201700,0.008357915437561455,-3.91,0.067,0.0153,0.03322966507177035,0.015670813397129186,0.019191757104227963,0.019282790992498768,0.015070859516727503,0.019835143400888728,-0.03377033492822965,0.024236169747005657,-0.01815880555504285,-0.04780824289577204,0.2657379612804544,0.2603131367646254,200k
SD7032B|203400|vol1|SD7032D.DRG|201700,sd7032,SD7032B,203400,vol1,SD7032D.DRG,201700,0.008357915437561455,-2.88,0.196,0.0123,0.1377081339712919,0.013551674641148325,0.15143068114754518,0.014316916108938874,0.14059820062727202,0.015135634292686648,-0.05829186602870812,0.10176216594701828,0.002890066655980128,-0.044569318852454826,0.11688294572309058,0.1639769194259247,200k
SD7032B|203400|vol1|SD7032D.DRG|201700,sd7032,SD7032B,203400,vol1,SD7032D.DRG,201700,0.008357915437561455,-1.85,0.301,0.01,0.24109493670886076,0.011560126582278481,0.26452255789332296,0.010560416278369799,0.2639545884637536,0.010901346840568453,-0.05990506329113923,0.15601265822784807,0.022859651754892824,-0.03647744210667703,-0.056987242918250476,0.05604162783697988,200k
SD7032B|203400|vol1|SD7032D.DRG|201700,sd7032,SD7032B,203400,vol1,SD7032D.DRG,201700,0.008357915437561455,-0.83,0.383,0.0093,0.33599367088607596,0.010462658227848101,0.3666031438706701,0.009561062298709698,0.3712295841435722,0.009897664720584377,-0.04700632911392405,0.12501701374710775,0.035235913257496254,-0.016396856129329895,-0.05400095223983326,0.028071214915021372,200k
SD7032B|203400|vol1|SD7032D.DRG|201700,sd7032,SD7032B,203400,vol1,SD7032D.DRG,201700,0.008357915437561455,0.19,0.483,0.0096,0.43937037037037036,0.010262222222222223,0.4807773633077071,0.009305101947103147,0.47913902669105196,0.00943693391073909,-0.04362962962962963,0.06898148148148164,0.039768656320681606,-0.0022226366922928897,-0.08042003901416411,-0.030718547176755404,200k
SD7032B|203400|vol1|SD7032D.DRG|201700,sd7032,SD7032B,203400,vol1,SD7032D.DRG,201700,0.008357915437561455,1.21,0.582,0.0102,0.5495060240963856,0.010646987951807229,0.5871170484331989,0.009409006137446833,0.5875251769383475,0.009515477132496196,-0.03249397590361436,0.04382234821639489,0.03801915284196189,0.005117048433198934,-0.10627520425802389,-0.07754841789736941,200k
SD7032B|203400|vol1|SD7032D.DRG|201700,sd7032,SD7032B,203400,vol1,SD7032D.DRG,201700,0.008357915437561455,2.24,0.675,0.0108,0.662433734939759,0.010833132530120483,0.6967733348630774,0.009898465057971446,0.6970161882793651,0.010018552479338604,-0.012566265060241055,0.00306782686300761,0.03458245333960608,0.02177333486307731,-0.07519339844841903,-0.08347545759523656,200k
SD7032B|203400|vol1|SD7032D.DRG|201700,sd7032,SD7032B,203400,vol1,SD7032D.DRG,201700,0.008357915437561455,3.24,0.768,0.012,0.7676912751677852,0.011491946308724833,0.8031458514348616,0.010688638578764337,0.8022859522926736,0.010812423065902806,-0.00030872483221477953,-0.04233780760626391,0.034594677124888396,0.0351458514348616,-0.05913038788791807,-0.10928011843630527,200k
SD7032B|203400|vol1|SD7032D.DRG|201700,sd7032,SD7032B,203400,vol1,SD7032D.DRG,201700,0.008357915437561455,4.27,0.86,0.0139,0.87310625,0.012480625,0.9096189832615714,0.011814231228140303,0.9091721771148409,0.011879284578546421,0.013106249999999986,-0.1021133093525179,0.03606592711484091,0.04961898326157144,-0.048181915685599014,-0.15005530732803568,200k
SD7032B|203400|vol1|SD7032D.DRG|201700,sd7032,SD7032B,203400,vol1,SD7032D.DRG,201700,0.008357915437561455,5.3,0.952,0.0146,0.9767499999999999,0.013575,1.0122359969886896,0.013180697446431543,1.0114182474493645,0.01327194980115265,0.02474999999999994,-0.07020547945205478,0.034668247449364586,0.060235996988689644,-0.022324139878257897,-0.09721250366907243,200k
SD7032B|203400|vol1|SD7032D.DRG|201700,sd7032,SD7032B,203400,vol1,SD7032D.DRG,201700,0.008357915437561455,6.31,1.04,0.0156,1.0718999999999999,0.01522,1.1097500145896266,0.014735964339144241,1.1091025779032369,0.014836930697790117,0.03189999999999982,-0.02435897435897437,0.037202577903237,0.0697500145896266,-0.025168810920491586,-0.055386901336907574,200k
SD7032B|203400|vol1|SD7032D.DRG|201700,sd7032,SD7032B,203400,vol1,SD7032D.DRG,201700,0.008357915437561455,7.34,1.124,0.0172,1.1627922077922077,0.017345454545454546,1.2063352284979856,0.016572255928014326,1.204655907008251,0.01664904930866089,0.0387922077922076,0.00845665961945034,0.04186369921604327,0.08233522849798547,-0.04014914887175158,-0.03649674837126011,200k
SD7032B|203400|vol1|SD7032D.DRG|201700,sd7032,SD7032B,203400,vol1,SD7032D.DRG,201700,0.008357915437561455,8.34,1.194,0.0187,1.2452597402597403,0.019618181818181816,1.292621443954562,0.01860122562815108,1.2899401078416768,0.01867310481531751,0.05125974025974034,0.049100631988332324,0.0446803675819365,0.09862144395456207,-0.04817352655934827,-0.005282051970530618,200k
SD7032B|203400|vol1|SD7032D.DRG|201700,sd7032,SD7032B,203400,vol1,SD7032D.DRG,201700,0.008357915437561455,9.35,1.257,0.0213,1.306616352201258,0.02315786163522012,1.361437385390974,0.02101097057122528,1.3517935176566473,0.021783422818191085,0.04961635220125804,0.0872235509493015,0.04517716545538941,0.10443738539097414,-0.05935085193438986,-0.013569456749986867,200k
SD7032B|203400|vol1|SD7032D.DRG|201700,sd7032,SD7032B,203400,vol1,SD7032D.DRG,201700,0.008357915437561455,10.37,1.305,0.0263,1.3553825503355705,0.027677181208053684,1.4011574210896043,0.025601103153122702,1.39922188014124,0.025820149984558623,0.0503825503355706,0.052364304488733214,0.0438393298056694,0.09615742108960434,-0.06709611103585543,-0.026574024596094994,200k
SD7032B|203400|vol1|SD7032D.DRG|201700,sd7032,SD7032B,203400,vol1,SD7032D.DRG,201700,0.008357915437561455,11.38,1.337,0.0312,1.379785234899329,0.034726845637583895,1.4203573002608751,0.03214590774771726,1.417086542157135,0.032560397171108486,0.04278523489932895,0.11303992428153514,0.037301307257806116,0.08335730026087518,-0.062385408945139595,0.030317556016578814,200k
SD7032B|305400|vol1|SD7032D.DRG|301200,sd7032,SD7032B,305400,vol1,SD7032D.DRG,301200,0.0137524557956778,-2.87,0.213,0.0101,0.12624460431654677,0.011729496402877697,0.16449524181417707,0.011332374336208805,0.16310562231992679,0.011542371251817233,-0.08675539568345322,0.16133627751264334,0.036861018003380014,-0.04850475818582292,-0.015953383217250084,0.1220172610107728,300k
SD7032B|305400|vol1|SD7032D.DRG|301200,sd7032,SD7032B,305400,vol1,SD7032D.DRG,301200,0.0137524557956778,-1.85,0.318,0.0088,0.2302515337423313,0.010188343558282208,0.2675184263511496,0.008638502537892188,0.26550029343195236,0.009359373741418108,-0.08774846625766872,0.1577663134411599,0.03524875968962107,-0.05048157364885042,-0.08136453311787092,-0.018351984330433193,300k
SD7032B|305400|vol1|SD7032D.DRG|301200,sd7032,SD7032B,305400,vol1,SD7032D.DRG,301200,0.0137524557956778,-0.83,0.413,0.0081,0.339,0.008888535031847134,0.36667789147493923,0.007678477978012608,0.36676763973699805,0.007735348534208963,-0.07399999999999995,0.09735000393174498,0.02776763973699803,-0.046322108525060746,-0.12973864573929975,-0.05203975580091255,300k
SD7032B|305400|vol1|SD7032D.DRG|301200,sd7032,SD7032B,305400,vol1,SD7032D.DRG,301200,0.0137524557956778,0.19,0.499,0.0082,0.441,0.008303821656050956,0.47743708488113173,0.007542932551941354,0.47810227897654245,0.007676794552065146,-0.057999999999999996,0.012661177567189676,0.03710227897654245,-0.021562915118868264,-0.07551066604722878,-0.08013017659251787,300k
SD7032B|305400|vol1|SD7032D.DRG|301200,sd7032,SD7032B,305400,vol1,SD7032D.DRG,301200,0.0137524557956778,1.22,0.594,0.0093,0.5481916167664671,0.008269461077844311,0.5897860211745111,0.00772671733561639,0.5893410857019663,0.00786315324939088,-0.04580838323353287,-0.11081063679093418,0.0411494689354992,-0.0042139788254889066,-0.04913353175360096,-0.16917017896597952,300k
SD7032B|305400|vol1|SD7032D.DRG|301200,sd7032,SD7032B,305400,vol1,SD7032D.DRG,301200,0.0137524557956778,2.22,0.689,0.0104,0.6565748502994012,0.008808383233532934,0.6962194396719171,0.00821076092842345,0.6961179956293662,0.008296720860780043,-0.03242514970059873,-0.15304007369875633,0.039543145329964946,0.007219439671917183,-0.058088114377792474,-0.21050375688236053,300k
SD7032B|305400|vol1|SD7032D.DRG|301200,sd7032,SD7032B,305400,vol1,SD7032D.DRG,301200,0.0137524557956778,3.26,0.786,0.0115,0.762,0.009601612903225807,0.8067548009281383,0.009057986275220037,0.8063159109743664,0.009150216375690532,-0.02400000000000002,-0.16507713884992978,0.04431591097436638,0.020754800928138306,-0.047012573000482255,-0.21234901954608376,300k
SD7032B|305400|vol1|SD7032D.DRG|301200,sd7032,SD7032B,305400,vol1,SD7032D.DRG,301200,0.0137524557956778,4.26,0.879,0.0124,0.8629742268041237,0.010581958762886598,0.9103972183346182,0.010140288859392749,0.9090659480448341,0.010255203963157707,-0.01602577319587628,-0.14661622879946784,0.04609172124071037,0.03139721833461817,-0.03087847978343069,-0.18223476940381056,300k
SD7032B|305400|vol1|SD7032D.DRG|301200,sd7032,SD7032B,305400,vol1,SD7032D.DRG,301200,0.0137524557956778,5.3,0.97,0.0136,0.9685824742268041,0.011707731958762886,1.0147245127192812,0.011445114171338098,1.0140632004739782,0.011531850476329352,-0.0014175257731958713,-0.13913735597331717,0.04548072624717414,0.04472451271928124,-0.015022677582047934,-0.15844748740161044,300k
SD7032B|305400|vol1|SD7032D.DRG|301200,sd7032,SD7032B,305400,vol1,SD7032D.DRG,301200,0.0137524557956778,6.3,1.052,0.0142,1.0628433734939757,0.013099397590361446,1.113372395735748,0.012854803698460636,1.1123612970203647,0.012986463887241298,0.010843373493975683,-0.0775072119463771,0.04951792352638895,0.06137239573574793,-0.00862128982200256,-0.09473213391122284,300k
SD7032B|305400|vol1|SD7032D.DRG|301200,sd7032,SD7032B,305400,vol1,SD7032D.DRG,301200,0.0137524557956778,7.31,1.125,0.0157,1.1539574468085105,0.014704255319148934,1.2107538808108016,0.014495452914409426,1.2096592338860075,0.014574426647650799,0.028957446808510534,-0.06342322807968565,0.055701787077496956,0.0857538808108016,-0.008829326523531111,-0.07672274430513205,300k
SD7032B|305400|vol1|SD7032D.DRG|301200,sd7032,SD7032B,305400,vol1,SD7032D.DRG,301200,0.0137524557956778,8.34,1.199,0.0183,1.230659574468085,0.01733404255319149,1.3042687281485534,0.016283704832795978,1.2971570822280107,0.0165966627417309,0.03165957446808498,-0.05278455993489127,0.06649750775992569,0.10526872814855337,-0.042539402404133675,-0.11018006378164058,300k
SD7032B|305400|vol1|SD7032D.DRG|301200,sd7032,SD7032B,305400,vol1,SD7032D.DRG,301200,0.0137524557956778,9.34,1.257,0.0212,1.2992553191489362,0.02029503546099291,1.3776659542368708,0.0187919468356579,1.3740378770777457,0.01905714501981416,0.04225531914893632,-0.04268700655693821,0.0747825579288095,0.12066595423687088,-0.060994741475469655,-0.11358741341236317,300k
SD7032B|305400|vol1|SD7032D.DRG|301200,sd7032,SD7032B,305400,vol1,SD7032D.DRG,301200,0.0137524557956778,10.36,1.309,0.0254,1.3491702127659575,0.024707801418439715,1.4277711581103323,0.023074816838928633,1.4249038668680472,0.02326448336115547,0.04017021276595756,-0.027251912659853706,0.07573365410208965,0.11877115811033234,-0.05841547909669863,-0.09154264413666796,300k
SD7032B|305400|vol1|SD7032D.DRG|301200,sd7032,SD7032B,305400,vol1,SD7032D.DRG,301200,0.0137524557956778,11.37,1.344,0.0306,1.376020979020979,0.030571328671328668,1.458652591094994,0.028421534497373346,1.4532633942681958,0.028901115596078365,0.03202097902097889,-0.000936971525206885,0.07724241524721687,0.11465259109499382,-0.05463331650405868,-0.07119168309237428,300k
SD7032C F0|62200|vol1|SD7032D.DRG|60300,sd7032,SD7032C F0,62200,vol1,SD7032D.DRG,60300,0.03054662379421222,-2.92,0.023,0.0172,-0.006560975609756092,0.023152439024390244,-0.15136940057722512,0.02902623897823058,-0.1710102823963725,0.03432019791942413,-0.029560975609756093,0.34607203630175837,-0.1644493067866164,-0.1743694005772251,0.4823577716053615,0.687572033618057,60k
SD7032C F0|62200|vol1|SD7032D.DRG|60300,sd7032,SD7032C F0,62200,vol1,SD7032D.DRG,60300,0.03054662379421222,-1.88,0.126,0.0194,0.10715894039735101,0.017879470198675498,-0.032246357071659314,0.025205553426819727,-0.03957159604298642,0.027028935614188888,-0.018841059602648993,-0.07837782481054138,-0.14673053644033743,-0.15824635707165932,0.5117302310328624,0.2992553312793674,60k
SD7032C F0|62200|vol1|SD7032D.DRG|60300,sd7032,SD7032C F0,62200,vol1,SD7032D.DRG,60300,0.03054662379421222,-0.85,0.269,0.0218,0.2306225165562914,0.017811258278145694,0.06898011724655048,0.021466461721476957,0.10502163150902533,0.02343310512226044,-0.038377483443708615,-0.1829698037547847,-0.12560088504726608,-0.20001988275344953,0.3156344575056058,-0.015299921033167097,60k
SD7032C F0|62200|vol1|SD7032D.DRG|60300,sd7032,SD7032C F0,62200,vol1,SD7032D.DRG,60300,0.03054662379421222,0.18,0.405,0.0226,0.3586423841059603,0.022754966887417218,0.26364457744955627,0.02294907547191151,0.28120130985942837,0.024485543739045827,-0.04635761589403975,0.006856941921115886,-0.0774410742465319,-0.14135542255044375,0.07605270797320139,0.015445817341217286,60k
SD7032C F0|62200|vol1|SD7032D.DRG|60300,sd7032,SD7032C F0,62200,vol1,SD7032D.DRG,60300,0.03054662379421222,1.2,0.542,0.0206,0.4865658536585366,0.027041463414634145,0.4579499780958013,0.024678815767627628,0.45013865965236005,0.026011299310720975,-0.05543414634146343,0.3126923987686478,-0.036427194006176555,-0.08405002190419875,-0.03809572315363936,0.19800076541881687,60k
SD7032C F0|62200|vol1|SD7032D.DRG|60300,sd7032,SD7032C F0,62200,vol1,SD7032D.DRG,60300,0.03054662379421222,2.22,0.621,0.0238,0.6149365853658537,0.028534146341463413,0.6119112948797422,0.025037188104151537,0.5984954989858409,0.02678799440184586,-0.00606341463414628,0.19891371182619375,-0.016441086380012848,-0.009088705120257834,-0.06119517012079633,0.05198269345174516,60k
SD7032C F0|62200|vol1|SD7032D.DRG|60300,sd7032,SD7032C F0,62200,vol1,SD7032D.DRG,60300,0.03054662379421222,3.25,0.722,0.0243,0.7356324786324786,0.029373504273504273,0.7583589579862293,0.02394066768078935,0.7443491624809778,0.026882712467936682,0.013632478632478628,0.2087861840948261,0.008716683848499218,0.036358957986229345,-0.08479723026490765,-0.014787338239121314,60k
SD7032C F0|62200|vol1|SD7032D.DRG|60300,sd7032,SD7032C F0,62200,vol1,SD7032D.DRG,60300,0.03054662379421222,4.25,0.764,0.0248,0.8355806451612903,0.02917741935483871,0.8854459577087933,0.023547969673348046,0.8751115515024546,0.026048224478717418,0.07158064516129026,0.17650884495317384,0.039530906341164296,0.1214459577087933,-0.1072471433496518,-0.05048509381661102,60k
SD7032C F0|62200|vol1|SD7032D.DRG|60300,sd7032,SD7032C F0,62200,vol1,SD7032D.DRG,60300,0.03054662379421222,5.27,0.831,0.0246,0.9303419354838709,0.02957225806451613,0.9977174197650361,0.024757188427859712,0.992213543026122,0.02628970149294013,0.09934193548387094,0.2021243115656963,0.06187160754225107,0.16671741976503618,-0.11100121486883524,0.006389773490232196,60k
SD7032C F0|62200|vol1|SD7032D.DRG|60300,sd7032,SD7032C F0,62200,vol1,SD7032D.DRG,60300,0.03054662379421222,6.28,0.896,0.0301,1.0154,0.031241333333333333,1.096630010193047,0.027018026410720094,1.095727973871228,0.027899774242544768,0.11940000000000006,0.0379180509413068,0.08032797387122792,0.20063001019304705,-0.1069595543549752,-0.10239114914551178,60k
SD7032C F0|62200|vol1|SD7032D.DRG|60300,sd7032,SD7032C F0,62200,vol1,SD7032D.DRG,60300,0.03054662379421222,7.3,0.982,0.0302,1.0967615894039735,0.032503973509933774,1.1878814017946844,0.02978277951273378,1.1910471793843855,0.030464822853046653,0.11476158940397352,0.07629051357396599,0.09428558998041203,0.2058814017946844,-0.06273542698599362,-0.01381524792272251,60k
SD7032C F0|62200|vol1|SD7032D.DRG|60300,sd7032,SD7032C F0,62200,vol1,SD7032D.DRG,60300,0.03054662379421222,8.32,1.072,0.0368,1.1771456953642385,0.029464238410596023,1.2706165603870243,0.03277830562791542,1.2735598991739736,0.03412509159218973,0.10514569536423846,-0.19934134753815155,0.09641420380973509,0.19861656038702424,0.1581867861861163,-0.10928517315447223,60k
SD7032C F0|62200|vol1|SD7032D.DRG|60300,sd7032,SD7032C F0,62200,vol1,SD7032D.DRG,60300,0.03054662379421222,9.33,1.146,0.0335,1.2397090909090909,0.03374909090909091,1.3385411028478227,0.035928501158066894,1.3363000400848928,0.038428716751167706,0.09370909090909096,0.007435549525101706,0.09659094917580191,0.19254110284782278,0.13865931543703472,0.0724925718825938,60k
SD7032C F0|102100|vol1|SD7032D.DRG|100700,sd7032,SD7032C F0,102100,vol1,SD7032D.DRG,100700,0.013712047012732615,-2.89,0.111,0.0194,0.06392441860465115,0.020426162790697675,-0.11486928100926701,0.0245863734610999,-0.03400453739593218,0.02486467867034237,-0.047075581395348856,0.052894989211220336,-0.09792895600058332,-0.225869281009267,0.2172956284117176,0.2673388382010257,100k
SD7032C F0|102100|vol1|SD7032D.DRG|100700,sd7032,SD7032C F0,102100,vol1,SD7032D.DRG,100700,0.013712047012732615,-1.85,0.244,0.0161,0.21880985915492956,0.01678943661971831,0.043976515549404314,0.02076175955719401,0.14149459315503124,0.018482244074310622,-0.02519014084507043,0.0428221502930627,-0.07731526599989832,-0.20002348445059567,0.10082574495705231,0.28955028305552866,100k
SD7032C F0|102100|vol1|SD7032D.DRG|100700,sd7032,SD7032C F0,102100,vol1,SD7032D.DRG,100700,0.013712047012732615,-0.84,0.362,0.0159,0.33616901408450706,0.01657605633802817,0.2080580585036355,0.017387259780785154,0.29824000057430394,0.016733563112469558,-0.025830985915492932,0.04251926654265215,-0.03792901351020311,-0.15394194149636448,0.009502065583599735,0.09353835099277691,100k
SD7032C F0|102100|vol1|SD7032D.DRG|100700,sd7032,SD7032C F0,102100,vol1,SD7032D.DRG,100700,0.013712047012732615,0.19,0.479,0.0148,0.4509367088607595,0.01700886075949367,0.4009982074306675,0.016775552307286726,0.43907304120377555,0.016087398437852528,-0.028063291139240498,0.14924734861443711,-0.011863667656983934,-0.07800179256933248,-0.054175428599873655,0.13348326400585986,100k
SD7032C F0|102100|vol1|SD7032D.DRG|100700,sd7032,SD7032C F0,102100,vol1,SD7032D.DRG,100700,0.013712047012732615,1.22,0.57,0.0148,0.5616521739130436,0.01763913043478261,0.5504605434581731,0.01608955534594575,0.5687413253427019,0.01605813779144245,-0.00834782608695639,0.19183313748531133,0.00708915142965838,-0.019539456541826872,-0.08962985160666416,0.08713211796930737,100k
SD7032C F0|102100|vol1|SD7032D.DRG|100700,sd7032,SD7032C F0,102100,vol1,SD7032D.DRG,100700,0.013712047012732615,2.24,0.663,0.0152,0.6606956521739131,0.017121739130434785,0.6798918964213404,0.015358318958702207,0.6900384193148486,0.016073479618372095,-0.0023043478260869055,0.1264302059496569,0.029342767140935422,0.01689189642134037,-0.06122389227384934,0.010415720967250474,100k
SD7032C F0|102100|vol1|SD7032D.DRG|100700,sd7032,SD7032C F0,102100,vol1,SD7032D.DRG,100700,0.013712047012732615,3.26,0.753,0.0159,0.761,0.0171,0.8003189431945041,0.015518818892592262,0.8025254992514541,0.01637189233705995,0.008000000000000007,0.07547169811320752,0.0415254992514541,0.04731894319450414,-0.0425793954935703,-0.023973654553945817,100k
SD7032C F0|102100|vol1|SD7032D.DRG|100700,sd7032,SD7032C F0,102100,vol1,SD7032D.DRG,100700,0.013712047012732615,4.27,0.844,0.0176,0.8600738255033556,0.0175241610738255,0.909236581121717,0.016735727227224616,0.9091665343948486,0.01696642106568016,0.016073825503355677,-0.004309029896278403,0.049092708891492975,0.06523658112171704,-0.031826916324022674,-0.049106407544055944,100k
SD7032C F0|102100|vol1|SD7032D.DRG|100700,sd7032,SD7032C F0,102100,vol1,SD7032D.DRG,100700,0.013712047012732615,5.3,0.927,0.0186,0.9589261744966442,0.018975838926174497,1.0116089286669239,0.018492116601369193,1.0107981924092013,0.01830867161833124,0.031926174496644144,0.02020639388034936,0.05187201791255713,0.08460892866692382,-0.035158777982827114,-0.005800182722086293,100k
SD7032C F0|102100|vol1|SD7032D.DRG|100700,sd7032,SD7032C F0,102100,vol1,SD7032D.DRG,100700,0.013712047012732615,6.31,1.011,0.0217,1.0538684210526315,0.02063421052631579,1.1089572836534125,0.020291545632524173,1.1076451250010708,0.020166205585435904,0.042868421052631556,-0.04911472228959497,0.053776703948439364,0.09795728365341261,-0.022681019963570522,-0.06490573122008421,100k
SD7032C F0|102100|vol1|SD7032D.DRG|100700,sd7032,SD7032C F0,102100,vol1,SD7032D.DRG,100700,0.013712047012732615,7.33,1.091,0.0235,1.1472784810126582,0.022449367088607595,1.203819207804053,0.022124617386209997,1.200974819726653,0.022336866350849485,0.0562784810126582,-0.04470778346350661,0.05369633871399482,0.11281920780405308,-0.005011309998810632,-0.0585269197357448,100k
SD7032C F0|102100|vol1|SD7032D.DRG|100700,sd7032,SD7032C F0,102100,vol1,SD7032D.DRG,100700,0.013712047012732615,8.34,1.177,0.0241,1.2348544303797468,0.02443101265822785,1.2870618868440904,0.02410486596425161,1.2838666075045035,0.024835679379406592,0.0578544303797468,0.01373496507169499,0.049012177124756695,0.11006188684409035,0.01656364911433419,0.0002019072303572135,100k
SD7032C F0|102100|vol1|SD7032D.DRG|100700,sd7032,SD7032C F0,102100,vol1,SD7032D.DRG,100700,0.013712047012732615,9.36,1.25,0.028,1.3017771084337348,0.02724277108433735,1.3472505876997751,0.026722647365766884,1.3396798302762392,0.02837841424412499,0.05177710843373484,-0.027043889845094714,0.03790272184250432,0.09725058769977513,0.041686036867246375,-0.04561973693689701,100k
SD7032C F0|102100|vol1|SD7032D.DRG|100700,sd7032,SD7032C F0,102100,vol1,SD7032D.DRG,100700,0.013712047012732615,10.38,1.281,0.0334,1.3566714285714285,0.03092928571428573,1.3744249802682131,0.031365855424188294,1.3829249540310424,0.032650563976637625,0.07567142857142861,-0.0739734816082117,0.026253525459613902,0.09342498026821322,0.05565205346972713,-0.060902532209931304,100k
SD7032C F0|102100|vol1|SD7032D.DRG|100700,sd7032,SD7032C F0,102100,vol1,SD7032D.DRG,100700,0.013712047012732615,11.38,1.304,0.0382,1.3752428571428572,0.04014357142857144,1.3808539403032438,0.03939470637150886,1.4102797886168699,0.04012671589962112,0.07124285714285716,0.05087883320867645,0.035036931474012656,0.07685394030324377,-0.0004198811503433054,0.031275035903373355,100k
SD7032C F0|151200|vol1|SD7032D.DRG|151200,sd7032,SD7032C F0,151200,vol1,SD7032D.DRG,151200,0.0,-2.88,0.196,0.0137,0.1011276595744681,0.016017021276595746,-0.0014208458802350535,0.020605614509695155,0.09216660722887796,0.018406207922858263,-0.0948723404255319,0.16912564062742666,-0.00896105234559015,-0.19742084588023506,0.14916547871192654,0.5040594532624201,150k
SD7032C F0|151200|vol1|SD7032D.DRG|151200,sd7032,SD7032C F0,151200,vol1,SD7032D.DRG,151200,0.0,-1.86,0.29,0.0117,0.21940425531914892,0.013087234042553192,0.16431036222185197,0.016552767019885374,0.23601586536217845,0.013253092534362952,-0.07059574468085106,0.11856701218403344,0.016611610043029523,-0.125689637778148,0.012673303714938652,0.4147664119560148,150k
SD7032C F0|151200|vol1|SD7032D.DRG|151200,sd7032,SD7032C F0,151200,vol1,SD7032D.DRG,151200,0.0,-0.85,0.383,0.0112,0.31372727272727274,0.012248484848484849,0.3135197332091397,0.013420583552120849,0.35868771000670896,0.011993715558051994,-0.06927272727272726,0.09361471861471865,0.044960437279436216,-0.06948026679086033,-0.020800065770124235,0.19826638858221865,150k
SD7032C F0|151200|vol1|SD7032D.DRG|151200,sd7032,SD7032C F0,151200,vol1,SD7032D.DRG,151200,0.0,0.18,0.485,0.0118,0.41128318584070794,0.012030973451327434,0.45783450723069086,0.012170830601484252,0.4774110148718161,0.011365925802045408,-0.07371681415929204,0.01957402129893512,0.06612782903110814,-0.02716549276930913,-0.055277958344147796,0.031426322159682385,150k
SD7032C F0|151200|vol1|SD7032D.DRG|151200,sd7032,SD7032C F0,151200,vol1,SD7032D.DRG,151200,0.0,1.2,0.588,0.0121,0.5180062111801242,0.012767080745341615,0.5730422215477938,0.011439941806281698,0.5849933465526082,0.011400960413401226,-0.06999378881987572,0.055130640110877295,0.06698713537248391,-0.014957778452206139,-0.1070033439272209,-0.0545502639436613,150k
SD7032C F0|151200|vol1|SD7032D.DRG|151200,sd7032,SD7032C F0,151200,vol1,SD7032D.DRG,151200,0.0,2.23,0.684,0.0132,0.6267639751552795,0.013150931677018633,0.6869474520610838,0.011483327082590712,0.6961280242204552,0.011841918657126709,-0.05723602484472057,-0.003717297195558082,0.06936404906517568,0.0029474520610837107,-0.09953766410173326,-0.13005097859161274,150k
SD7032C F0|151200|vol1|SD7032D.DRG|151200,sd7032,SD7032C F0,151200,vol1,SD7032D.DRG,151200,0.0,3.24,0.78,0.0141,0.7345465838509317,0.013489440993788819,0.7978152445247018,0.012450055545672046,0.8023290195321394,0.012561750883533085,-0.04545341614906828,-0.043302057178097944,0.06778243568120768,0.017815244524701734,-0.06877157553696156,-0.11701733718637973,150k
SD7032C F0|151200|vol1|SD7032D.DRG|151200,sd7032,SD7032C F0,151200,vol1,SD7032D.DRG,151200,0.0,4.27,0.871,0.0166,0.8449782608695652,0.01383695652173913,0.90581854499575,0.01393927589104481,0.9086478570575416,0.013502708913251699,-0.026021739130434818,-0.16644840230487168,0.06366959618797641,0.03481854499574999,-0.024156150809775106,-0.16028458487681868,150k
SD7032C F0|151200|vol1|SD7032D.DRG|151200,sd7032,SD7032C F0,151200,vol1,SD7032D.DRG,151200,0.0,5.3,0.963,0.0188,0.947231884057971,0.015105797101449275,1.0105988052971435,0.015420733793917538,1.0106681583315467,0.014932218987777933,-0.015768115942028982,-0.19650015417823008,0.06343627427357568,0.047598805297143554,-0.011490827826271326,-0.1797482024511948,150k
SD7032C F0|151200|vol1|SD7032D.DRG|151200,sd7032,SD7032C F0,151200,vol1,SD7032D.DRG,151200,0.0,6.31,1.051,0.0196,1.0417650602409638,0.01683012048192771,1.110486884289971,0.016812481769078767,1.107539040079251,0.01662473687853937,-0.00923493975903611,-0.1413203835751168,0.06577397983828726,0.059486884289971176,-0.01220333530047402,-0.14222031790414452,150k
SD7032C F0|151200|vol1|SD7032D.DRG|151200,sd7032,SD7032C F0,151200,vol1,SD7032D.DRG,151200,0.0,7.32,1.139,0.0201,1.1334084507042252,0.018807042253521127,1.205556518654095,0.01831572310343861,1.2024286297021571,0.01846976823658453,-0.005591549295774767,-0.06432625604372501,0.06902017899793189,0.06655651865409506,-0.01793338965213686,-0.08876999485380045,150k
SD7032C F0|151200|vol1|SD7032D.DRG|151200,sd7032,SD7032C F0,151200,vol1,SD7032D.DRG,151200,0.0,8.35,1.218,0.0236,1.221176056338028,0.02156338028169014,1.2922871236012878,0.020252273875382375,1.2865385900760287,0.02078821347701498,0.003176056338028088,-0.08629744569109574,0.0653625337380006,0.07428712360128786,-0.0359482972775548,-0.14185280189057728,150k
SD7032C F0|151200|vol1|SD7032D.DRG|151200,sd7032,SD7032C F0,151200,vol1,SD7032D.DRG,151200,0.0,9.36,1.274,0.0275,1.2894635761589404,0.024947682119205294,1.352810850702168,0.02287045673758884,1.3446536730792888,0.023964517930945638,0.01546357615894034,-0.09281155930162568,0.055190096920348486,0.07881085070216809,-0.03940903942746624,-0.16834702772404214,150k
SD7032C F0|151200|vol1|SD7032D.DRG|151200,sd7032,SD7032C F0,151200,vol1,SD7032D.DRG,151200,0.0,10.37,1.312,0.0319,1.3419197080291971,0.029244525547445246,1.377356579700839,0.02776299116042696,1.3851402676299864,0.028164476467432767,0.02991970802919708,-0.08324371324623048,0.0432205596007893,0.06535657970083886,-0.03693166703150123,-0.1296867974787786,150k
SD7032C F0|151200|vol1|SD7032D.DRG|151200,sd7032,SD7032C F0,151200,vol1,SD7032D.DRG,151200,0.0,11.37,1.305,0.0528,1.3601678832116788,0.036397810218978095,1.3766387180358615,0.036243725203467095,1.400454928352227,0.03518873656889387,0.05516788321167887,-0.31064753373147547,0.04028704514054815,0.07163871803586153,-0.033218307442402326,-0.31356581054039595,150k
SD7032C F0|200300|vol1|SD7032E.DRG|201400,sd7032,SD7032C F0,200300,vol1,SD7032E.DRG,201400,0.0054917623564653024,-2.89,0.196,0.0129,0.11285863874345549,0.015099476439790576,0.09182835330643059,0.017092580032605432,0.14331595994218913,0.015232870272804518,-0.08314136125654452,0.1705020495961687,0.030457321198733636,-0.10417164669356942,0.00883433498809391,0.32500620407794045,200k
SD7032C F0|200300|vol1|SD7032E.DRG|201400,sd7032,SD7032C F0,200300,vol1,SD7032E.DRG,201400,0.0054917623564653024,-1.85,0.3,0.0107,0.21279220779220778,0.013074025974025974,0.23631541400354542,0.013319778361126865,0.26116290897140254,0.011621751249805154,-0.0872077922077922,0.22187158635756773,0.04837070117919476,-0.06368458599645457,-0.11108091165690193,0.24483909917073515,200k
SD7032C F0|200300|vol1|SD7032E.DRG|201400,sd7032,SD7032C F0,200300,vol1,SD7032E.DRG,201400,0.0054917623564653024,-0.83,0.387,0.009,0.3128802395209581,0.011640119760479042,0.36171661525614557,0.010782570467184217,0.3661958253658296,0.009641780993317703,-0.0741197604790419,0.29334664005322697,0.053315585844871505,-0.025283384743854442,-0.1716768219126208,0.19806338524269082,200k
SD7032C F0|200300|vol1|SD7032E.DRG|201400,sd7032,SD7032C F0,200300,vol1,SD7032E.DRG,201400,0.0054917623564653024,0.2,0.493,0.0088,0.4146467065868264,0.011023353293413174,0.4744370631801187,0.009797813443066159,0.4789429412153718,0.009458756990627884,-0.0783532934131736,0.252653783342406,0.06429623462854539,-0.018562936819881304,-0.14193469637956618,0.11338789125751801,200k
SD7032C F0|200300|vol1|SD7032E.DRG|201400,sd7032,SD7032C F0,200300,vol1,SD7032E.DRG,201400,0.0054917623564653024,1.23,0.592,0.0099,0.5205,0.010777777777777777,0.5802527930189912,0.009426609229361758,0.5897927951037713,0.0095352406119588,-0.07150000000000001,0.08866442199775514,0.06929279510377129,-0.011747206981008729,-0.1152869535295958,-0.04781724955941849,200k
SD7032C F0|200300|vol1|SD7032E.DRG|201400,sd7032,SD7032C F0,200300,vol1,SD7032E.DRG,201400,0.0054917623564653024,2.24,0.686,0.0112,0.6271690140845071,0.011001408450704225,0.6880757514602082,0.00986527756754081,0.6966060638821933,0.009993181992577281,-0.05883098591549296,-0.017731388329979933,0.06943704979768617,0.0020757514602081084,-0.09164521639612469,-0.11917164575528483,200k
SD7032C F0|200300|vol1|SD7032E.DRG|201400,sd7032,SD7032C F0,200300,vol1,SD7032E.DRG,201400,0.0054917623564653024,3.26,0.777,0.0123,0.729887323943662,0.011432394366197182,0.7985030826183623,0.011086950170530222,0.805015070651032,0.01078779367517928,-0.047112676056338065,-0.07053704339860309,0.07512774670736999,0.021503082618362312,-0.05638369971944206,-0.09862193735526653,200k
SD7032C F0|200300|vol1|SD7032E.DRG|201400,sd7032,SD7032C F0,200300,vol1,SD7032E.DRG,201400,0.0054917623564653024,4.28,0.869,0.0141,0.8292984293193718,0.012445549738219895,0.9061273964494904,0.012492565982400049,0.9089741581982775,0.011975471117494437,-0.039701570680628184,-0.11733689799858898,0.07967572887890573,0.03712739644949037,-0.037770820141585296,-0.11400241259574118,200k
SD7032C F0|200300|vol1|SD7032E.DRG|201400,sd7032,SD7032C F0,200300,vol1,SD7032E.DRG,201400,0.0054917623564653024,5.3,0.959,0.0155,0.9280942408376963,0.013567015706806282,1.0109402281044662,0.013757061154878649,1.0121053537973197,0.0132362770732446,-0.030905759162303648,-0.12470866407701407,0.08401111295962338,0.05194022810446619,-0.024378141863265965,-0.11244766742718393,200k
SD7032C F0|200300|vol1|SD7032E.DRG|201400,sd7032,SD7032C F0,200300,vol1,SD7032E.DRG,201400,0.0054917623564653024,6.32,1.048,0.0167,1.0182763157894736,0.015032894736842106,1.112056187458567,0.015001706518896952,1.1100400926842804,0.01486360568662906,-0.029723684210526402,-0.09982666246454451,0.09176377689480675,0.064056187458567,-0.011261240976972916,-0.10169422042533222,200k
SD7032C F0|200300|vol1|SD7032E.DRG|201400,sd7032,SD7032C F0,200300,vol1,SD7032E.DRG,201400,0.0054917623564653024,7.33,1.127,0.0178,1.104483870967742,0.016458064516129033,1.2082120596309647,0.016403472810461086,1.2038855604768286,0.01665731617830247,-0.02251612903225797,-0.0753896339253352,0.09940168950908657,0.08121205963096467,0.01210662784668069,-0.07845658368196146,200k
SD7032C F0|200300|vol1|SD7032E.DRG|201400,sd7032,SD7032C F0,200300,vol1,SD7032E.DRG,201400,0.0054917623564653024,8.35,1.197,0.0195,1.1830112994350284,0.018454802259887007,1.2958489235010051,0.01833024041889325,1.2885242294015185,0.018868999816913614,-0.013988700564971701,-0.05359988410835861,0.10551292996649009,0.09884892350100505,0.022443890278190548,-0.059987670825987126,200k
SD7032C F0|200300|vol1|SD7032E.DRG|201400,sd7032,SD7032C F0,200300,vol1,SD7032E.DRG,201400,0.0054917623564653024,9.36,1.258,0.0226,1.2452090395480226,0.022163841807909604,1.3600086366969046,0.0209030220990875,1.3525915837029616,0.02166438126297835,-0.012790960451977362,-0.019299035048247554,0.10738254415493897,0.10200863669690463,-0.02253492644731884,-0.07508751773949114,200k
SD7032C F0|200300|vol1|SD7032E.DRG|201400,sd7032,SD7032C F0,200300,vol1,SD7032E.DRG,201400,0.0054917623564653024,10.38,1.303,0.027,1.2961290322580645,0.026977419354838716,1.3879260199993655,0.026154452633529914,1.3974577973145432,0.026069155704228773,-0.006870967741935408,-0.0008363201911586388,0.1013287650564787,0.08492601999936555,-0.03366755131999073,-0.03131656912852168,200k
SD7032C F0|200300|vol1|SD7032E.DRG|201400,sd7032,SD7032C F0,200300,vol1,SD7032E.DRG,201400,0.0054917623564653024,11.37,1.328,0.0331,1.3261214285714287,0.03576714285714285,1.3891188800127612,0.0342607127075518,1.4177949503491813,0.03245486174956527,-0.0018785714285713961,0.0805783340526542,0.09167352177775268,0.06111888001276111,-0.09260681292903725,0.03506684917074934,200k
SD7032C F0|302000|vol1|SD7032D.DRG|301200,sd7032,SD7032C F0,302000,vol1,SD7032D.DRG,301200,0.0026490066225165563,-2.87,0.185,0.0108,0.12624460431654677,0.011729496402877697,0.15609516099876444,0.012701685323146224,0.16310562231992679,0.011542371251817233,-0.058755395683453226,0.08606448174793487,0.036861018003380014,-0.028904839001235555,-0.015953383217250084,0.17608197436539105,300k
SD7032C F0|302000|vol1|SD7032D.DRG|301200,sd7032,SD7032C F0,302000,vol1,SD7032D.DRG,301200,0.0026490066225165563,-1.84,0.294,0.0092,0.23131901840490798,0.010175460122699386,0.2669042884999415,0.010195197532115449,0.2664911365735833,0.009343144970518986,-0.062680981595092,0.10602827420645504,0.035172118168675326,-0.02709571150005846,-0.08179631605293938,0.10817364479515747,300k
SD7032C F0|302000|vol1|SD7032D.DRG|301200,sd7032,SD7032C F0,302000,vol1,SD7032D.DRG,301200,0.0026490066225165563,-0.85,0.387,0.0081,0.337,0.0089,0.3757560441973502,0.008391100405018118,0.3645846075950462,0.0077364966515059,-0.04999999999999999,0.09876543209876548,0.027584607595046162,-0.011243955802649808,-0.13073071331394379,0.03593832160717515,300k
SD7032C F0|302000|vol1|SD7032D.DRG|301200,sd7032,SD7032C F0,302000,vol1,SD7032D.DRG,301200,0.0026490066225165563,0.2,0.482,0.0083,0.442,0.008298089171974523,0.47712771279237365,0.007663667129005346,0.47919379504751836,0.007676220493416677,-0.03999999999999998,-0.00023022024403338673,0.03719379504751835,-0.004872287207626336,-0.07494119015472962,-0.07666661096321131,300k
SD7032C F0|302000|vol1|SD7032D.DRG|301200,sd7032,SD7032C F0,302000,vol1,SD7032D.DRG,301200,0.0026490066225165563,1.2,0.575,0.0091,0.5460239520958083,0.008258682634730539,0.58033021540547,0.007666085765962896,0.5872055475034184,0.007854481897163097,-0.028976047904191615,-0.09245245772191886,0.04118159540761002,0.0053302154054700734,-0.04894251970255419,-0.15757299275133016,300k
SD7032C F0|302000|vol1|SD7032D.DRG|301200,sd7032,SD7032C F0,302000,vol1,SD7032D.DRG,301200,0.0026490066225165563,2.22,0.668,0.0102,0.6565748502994012,0.008808383233532934,0.6873116832845133,0.008423722499779374,0.6961179956293662,0.008296720860780043,-0.011425149700598825,-0.13643301632030067,0.039543145329964946,0.01931168328451327,-0.058088114377792474,-0.17414485296280655,300k
SD7032C F0|302000|vol1|SD7032D.DRG|301200,sd7032,SD7032C F0,302000,vol1,SD7032D.DRG,301200,0.0026490066225165563,3.25,0.764,0.0114,0.761,0.009593548387096775,0.7972969572542503,0.00965121371692729,0.8052579128058912,0.009141253283495424,-0.0030000000000000027,-0.15846066779852852,0.0442579128058912,0.0332969572542503,-0.04714575726846637,-0.15340230553269385,300k
SD7032C F0|302000|vol1|SD7032D.DRG|301200,sd7032,SD7032C F0,302000,vol1,SD7032D.DRG,301200,0.0026490066225165563,4.26,0.857,0.0121,0.8629742268041237,0.010581958762886598,0.9047453203789291,0.010794294210128539,0.9090659480448341,0.010255203963157707,0.005974226804123739,-0.1254579534804464,0.04609172124071037,0.04774532037892909,-0.03087847978343069,-0.10790956941086452,300k
SD7032C F0|302000|vol1|SD7032D.DRG|301200,sd7032,SD7032C F0,302000,vol1,SD7032D.DRG,301200,0.0026490066225165563,5.28,0.947,0.0131,0.9665515463917526,0.011686082474226804,1.010692707032113,0.01184954796363225,1.0120440225426486,0.011507299581845282,0.019551546391752606,-0.10793263555520584,0.04549247615089602,0.06369270703211305,-0.015298787491515685,-0.09545435392120229,300k
SD7032C F0|302000|vol1|SD7032D.DRG|301200,sd7032,SD7032C F0,302000,vol1,SD7032D.DRG,301200,0.0026490066225165563,6.3,1.025,0.014,1.0628433734939757,0.013099397590361446,1.113913351889929,0.012921592831202236,1.1123612970203647,0.012986463887241298,0.03784337349397582,-0.06432874354561102,0.04951792352638895,0.088913351889929,-0.00862128982200256,-0.07702908348555457,300k
SD7032C F0|302000|vol1|SD7032D.DRG|301200,sd7032,SD7032C F0,302000,vol1,SD7032D.DRG,301200,0.0026490066225165563,7.33,1.108,0.0155,1.1554468085106382,0.01475531914893617,1.2150456733992567,0.014328865957167739,1.2113582212324543,0.0146136933679242,0.047446808510638094,-0.0480439258750858,0.0559114127218161,0.10704567339925664,-0.009598286528568967,-0.0755570350214362,300k
SD7032C F0|302000|vol1|SD7032D.DRG|301200,sd7032,SD7032C F0,302000,vol1,SD7032D.DRG,301200,0.0026490066225165563,8.33,1.179,0.0174,1.2299148936170212,0.017308510638297876,1.3041888185742179,0.016161406720428862,1.2963075885547874,0.0165770293815942,0.05091489361702117,-0.005258009293225475,0.06639269493776623,0.12518881857421782,-0.04226136332522767,-0.07118352181443315,300k
SD7032C F0|302000|vol1|SD7032D.DRG|301200,sd7032,SD7032C F0,302000,vol1,SD7032D.DRG,301200,0.0026490066225165563,9.34,1.239,0.0203,1.2992553191489362,0.02029503546099291,1.3727422103188154,0.018939075995307548,1.3740378770777457,0.01905714501981416,0.060255319148936115,-0.0002445585717777648,0.0747825579288095,0.13374221031881528,-0.060994741475469655,-0.06704059136416014,300k
SD7032C F0|302000|vol1|SD7032D.DRG|301200,sd7032,SD7032C F0,302000,vol1,SD7032D.DRG,301200,0.0026490066225165563,10.36,1.292,0.0237,1.3491702127659575,0.024707801418439715,1.408805530725344,0.02419722214315504,1.4249038668680472,0.02326448336115547,0.05717021276595746,0.0425232666008319,0.07573365410208965,0.11680553072534394,-0.05841547909669863,0.02097983726392582,300k
SD7032C F0|302000|vol1|SD7032D.DRG|301200,sd7032,SD7032C F0,302000,vol1,SD7032D.DRG,301200,0.0026490066225165563,11.38,1.325,0.0292,1.3762447552447552,0.03063216783216784,1.420235054102511,0.031199840520434206,1.4535031654283077,0.02895966450893889,0.05124475524475525,0.04904684356739177,0.0772584101835525,0.0952350541025111,-0.05459957429041633,0.06848768905596594,300k
SD7032D|59200|vol1|SD7032D.DRG|60300,sd7032,SD7032D,59200,vol1,SD7032D.DRG,60300,0.018581081081081082,-2.91,0.062,0.0208,-0.0055121951219512366,0.02308048780487805,-0.148740357234999,0.028950353545424645,-0.16980589422769501,0.03423514282271055,-0.06751219512195124,0.10963883677298322,-0.1642936991057438,-0.210740357234999,0.4832937289772085,0.39184392045310795,60k
SD7032D|59200|vol1|SD7032D.DRG|60300,sd7032,SD7032D,59200,vol1,SD7032D.DRG,60300,0.018581081081081082,-1.89,0.153,0.0196,0.10596026490066227,0.017880132450331127,-0.023950842975187552,0.024802335170669078,-0.040975413786209836,0.027063846589838677,-0.04703973509933773,-0.08774834437086086,-0.1469356786868721,-0.17695084297518754,0.5136267399035668,0.26542526380964687,60k
SD7032D|59200|vol1|SD7032D.DRG|60300,sd7032,SD7032D,59200,vol1,SD7032D.DRG,60300,0.018581081081081082,-0.85,0.31,0.0205,0.2306225165562914,0.017811258278145694,0.10598887314476466,0.021987671745099573,0.10502163150902533,0.02343310512226044,-0.0793774834437086,-0.13115813277338081,-0.12560088504726608,-0.20401112685523534,0.3156344575056058,0.0725693534194913,60k
SD7032D|59200|vol1|SD7032D.DRG|60300,sd7032,SD7032D,59200,vol1,SD7032D.DRG,60300,0.018581081081081082,0.19,0.444,0.0207,0.35989403973509937,0.022812582781456953,0.30222022979081264,0.023807845569358995,0.282972411914261,0.024504682404195035,-0.08410596026490064,0.10205713920081899,-0.07692162782083839,-0.14177977020918736,0.07417396087713021,0.15013746711879206,60k
SD7032D|59200|vol1|SD7032D.DRG|60300,sd7032,SD7032D,59200,vol1,SD7032D.DRG,60300,0.018581081081081082,1.2,0.565,0.0263,0.4865658536585366,0.027041463414634145,0.47335663029963415,0.026019632251402924,0.45013865965236005,0.026011299310720975,-0.07843414634146334,0.028192525271260236,-0.036427194006176555,-0.0916433697003658,-0.03809572315363936,-0.010660370669090372,60k
SD7032D|59200|vol1|SD7032D.DRG|60300,sd7032,SD7032D,59200,vol1,SD7032D.DRG,60300,0.018581081081081082,2.23,0.671,0.0239,0.6161951219512195,0.028548780487804876,0.6167199989510876,0.027587478766615693,0.5999499778028358,0.026795609059601988,-0.054804878048780536,0.19450964384120814,-0.01624514414838374,-0.054280001048912396,-0.06140967839070346,0.15428781450274862,60k
SD7032D|59200|vol1|SD7032D.DRG|60300,sd7032,SD7032D,59200,vol1,SD7032D.DRG,60300,0.018581081081081082,3.26,0.755,0.0225,0.7366495726495725,0.029370085470085468,0.7484303537354563,0.027792764525634162,0.7456966776586392,0.026871689512644424,-0.018350427350427467,0.30533713200379864,0.009047105009066692,-0.006569646264543705,-0.08506600908552865,0.23523397891707393,60k
SD7032D|59200|vol1|SD7032D.DRG|60300,sd7032,SD7032D,59200,vol1,SD7032D.DRG,60300,0.018581081081081082,4.26,0.839,0.0287,0.8365096774193548,0.029181290322580645,0.8685700610265804,0.02725902157190375,0.8762596102428827,0.026050591900425482,-0.002490322580645188,0.016769697650893554,0.0397499328235279,0.02957006102658044,-0.10728444107670629,-0.05020830759917242,60k
SD7032D|59200|vol1|SD7032D.DRG|60300,sd7032,SD7032D,59200,vol1,SD7032D.DRG,60300,0.018581081081081082,5.29,0.917,0.0269,0.9322,0.029580000000000002,0.983718322835696,0.027357746184136885,0.9945096605069783,0.02629443633635626,0.015199999999999991,0.09962825278810415,0.06230966050697828,0.06671832283569601,-0.11107382230032935,0.01701658677088791,60k
SD7032D|59200|vol1|SD7032D.DRG|60300,sd7032,SD7032D,59200,vol1,SD7032D.DRG,60300,0.018581081081081082,6.31,1.0,0.0291,1.0178,0.031309333333333335,1.0889159069374188,0.02853713990551585,1.098623348536418,0.02796736017636411,0.017800000000000038,0.07592210767468502,0.08082334853641804,0.0889159069374188,-0.10674047643841741,-0.019342271288115172,60k
SD7032D|59200|vol1|SD7032D.DRG|60300,sd7032,SD7032D,59200,vol1,SD7032D.DRG,60300,0.018581081081081082,7.32,1.073,0.033,1.0983377483443708,0.03244437086092715,1.1836984122221703,0.03062290609048883,1.1926650758508481,0.03053659282832397,0.02533774834437086,-0.016837246638571283,0.09432732750647732,0.11069841222217036,-0.058801511078173566,-0.0720331487730658,60k
SD7032D|59200|vol1|SD7032D.DRG|60300,sd7032,SD7032D,59200,vol1,SD7032D.DRG,60300,0.018581081081081082,8.33,1.141,0.0356,1.1779337748344372,0.029434437086092714,1.266986400821765,0.033458936948863066,1.274368847407205,0.03416097657982839,0.03693377483443716,-0.1731899694917777,0.09643507257276784,0.12598640082176504,0.16057855905010285,-0.06014222053755432,60k
SD7032D|59200|vol1|SD7032D.DRG|60300,sd7032,SD7032D,59200,vol1,SD7032D.DRG,60300,0.018581081081081082,9.33,1.192,0.0369,1.2397090909090909,0.03374909090909091,1.3328151376338608,0.0368743892886074,1.3363000400848928,0.038428716751167706,0.04770909090909092,-0.08539049026853911,0.09659094917580191,0.1408151376338609,0.13865931543703472,-0.0006940572193116505,60k
SD7032D|59200|vol1|SD7032D.DRG|60300,sd7032,SD7032D,59200,vol1,SD7032D.DRG,60300,0.018581081081081082,10.36,1.229,0.0449,1.2959999999999998,0.040704687499999996,1.3796359667514337,0.04266226493221948,1.390228110390919,0.04356005579334151,0.06699999999999973,-0.09343680400890882,0.09422811039091927,0.15063596675143365,0.07014838999418715,-0.04983819750067977,60k
SD7032D|59200|vol1|SD7032D.DRG|60300,sd7032,SD7032D,59200,vol1,SD7032D.DRG,60300,0.018581081081081082,11.34,1.14,0.0845,1.345,0.043690625000000004,1.4120965300481785,0.052427012911704006,1.4214957375431765,0.052543536523169586,0.20500000000000007,-0.48295118343195265,0.07649573754317651,0.2720965300481786,0.20262725752194163,-0.379561977376284,60k
SD7032D|99800|vol1|SD7032D.DRG|100700,sd7032,SD7032D,99800,vol1,SD7032D.DRG,100700,0.009018036072144289,-2.89,0.153,0.0182,0.06392441860465115,0.020426162790697675,-0.019171507745514772,0.022424503483714435,-0.03400453739593218,0.02486467867034237,-0.08907558139534885,0.12231663685152055,-0.09792895600058332,-0.17217150774551476,0.2172956284117176,0.2321155760282656,100k
SD7032D|99800|vol1|SD7032D.DRG|100700,sd7032,SD7032D,99800,vol1,SD7032D.DRG,100700,0.009018036072144289,-1.89,0.266,0.016,0.2141619718309859,0.01679788732394366,0.15152167921015294,0.017858763664200316,0.1352868542473373,0.018551498765868684,-0.051838028169014116,0.04986795774647879,-0.0788751175836486,-0.11447832078984707,0.10439476156179654,0.11617272901251972,100k
SD7032D|99800|vol1|SD7032D.DRG|100700,sd7032,SD7032D,99800,vol1,SD7032D.DRG,100700,0.009018036072144289,-0.85,0.383,0.0157,0.3350070422535211,0.016578169014084508,0.3009779618033513,0.01584427169893431,0.2966880658473804,0.016750876785359074,-0.04799295774647888,0.0559343321072936,-0.03831897640614074,-0.08202203819664872,0.010417783238175266,0.009189280186898798,100k
SD7032D|99800|vol1|SD7032D.DRG|100700,sd7032,SD7032D,99800,vol1,SD7032D.DRG,100700,0.009018036072144289,0.2,0.486,0.0165,0.4520253164556962,0.017016455696202533,0.4434447754698296,0.015701633037223,0.4403411515091521,0.016087057057992907,-0.033974683544303774,0.031300345224395884,-0.011684164946544118,-0.04255522453017041,-0.054617639231243326,-0.04838587653193953,100k
SD7032D|99800|vol1|SD7032D.DRG|100700,sd7032,SD7032D,99800,vol1,SD7032D.DRG,100700,0.009018036072144289,1.21,0.581,0.0174,0.5606811594202898,0.017644202898550725,0.5622744235458119,0.016045306076493175,0.5675521381468966,0.016057987381374515,-0.020318840579710118,0.014034649341995737,0.006870978726606802,-0.018725576454188042,-0.08990009502251303,-0.0778559726153347,100k
SD7032D|99800|vol1|SD7032D.DRG|100700,sd7032,SD7032D,99800,vol1,SD7032D.DRG,100700,0.009018036072144289,2.23,0.68,0.0174,0.6597246376811595,0.0171268115942029,0.6781080887902694,0.016348790534946547,0.6888492321190431,0.01607332920830416,-0.02027536231884053,-0.01570048309178724,0.029124594437883622,-0.0018919112097306456,-0.06151071261012325,-0.060414337072037444,100k
SD7032D|99800|vol1|SD7032D.DRG|100700,sd7032,SD7032D,99800,vol1,SD7032D.DRG,100700,0.009018036072144289,3.25,0.777,0.0188,0.7600128205128205,0.01709871794871795,0.7917298395086538,0.016565586685633616,0.8014492609535403,0.016368112812995113,-0.016987179487179538,-0.09049372613202393,0.04143644044071981,0.014729839508653808,-0.04272865006101924,-0.11885177204076514,100k
SD7032D|99800|vol1|SD7032D.DRG|100700,sd7032,SD7032D,99800,vol1,SD7032D.DRG,100700,0.009018036072144289,4.26,0.869,0.0178,0.8591140939597315,0.01751006711409396,0.899502556136652,0.017129308368803893,0.9081798192684958,0.016953389506916557,-0.00988590604026851,-0.016288364376743775,0.049065725308764296,0.03050255613665198,-0.031791860279583445,-0.03767930512337679,100k
SD7032D|99800|vol1|SD7032D.DRG|100700,sd7032,SD7032D,99800,vol1,SD7032D.DRG,100700,0.009018036072144289,5.28,0.961,0.0205,0.957006711409396,0.018947651006711412,1.0024408708101458,0.01831889270158003,1.0088247621564956,0.018282608500804032,-0.003993288590603994,-0.07572434113602872,0.051818050747099664,0.0414408708101458,-0.0350989421154008,-0.10639547797170588,100k
SD7032D|99800|vol1|SD7032D.DRG|100700,sd7032,SD7032D,99800,vol1,SD7032D.DRG,100700,0.009018036072144289,6.3,1.046,0.022,1.0529342105263158,0.020617105263157895,1.1024667482338746,0.019934639645908407,1.1066944521204842,0.020146233686518702,0.0069342105263157094,-0.06285885167464109,0.05376024159416848,0.05646674823387454,-0.02283887920389216,-0.09388001609507235,100k
SD7032D|99800|vol1|SD7032D.DRG|100700,sd7032,SD7032D,99800,vol1,SD7032D.DRG,100700,0.009018036072144289,7.31,1.131,0.0224,1.1455443037974684,0.02241012658227848,1.1975502910599165,0.02180755306138855,1.1993333981864973,0.022287384904739443,0.014544303797468405,0.00045207956600364134,0.0537890943890289,0.0665502910599165,-0.005477063107537276,-0.026448524045153972,100k
SD7032D|99800|vol1|SD7032D.DRG|100700,sd7032,SD7032D,99800,vol1,SD7032D.DRG,100700,0.009018036072144289,8.34,1.207,0.0261,1.2348544303797468,0.02443101265822785,1.2821272901065348,0.024091253833432517,1.2838666075045035,0.024835679379406592,0.027854430379746775,-0.063945875163684,0.049012177124756695,0.07512729010653474,0.01656364911433419,-0.07696345465775802,100k
SD7032D|99800|vol1|SD7032D.DRG|100700,sd7032,SD7032D,99800,vol1,SD7032D.DRG,100700,0.009018036072144289,9.35,1.26,0.0306,1.3012048192771084,0.027212048192771083,1.33936843992623,0.02727736845038277,1.3392413013661093,0.028339712135958924,0.041204819277108395,-0.1107173793212064,0.0380364820890009,0.07936843992623,0.041439877483658384,-0.10858273037964804,100k
SD7032D|99800|vol1|SD7032D.DRG|100700,sd7032,SD7032D,99800,vol1,SD7032D.DRG,100700,0.009018036072144289,10.35,1.275,0.0387,1.3561142857142856,0.030652857142857145,1.3745013599531353,0.03290826722396552,1.3821043089934677,0.032426279418948115,0.0811142857142857,-0.20793650793650784,0.025990023279182095,0.09950135995313536,0.05785503999923935,-0.1496571776753096,100k
SD7032D|99800|vol1|SD7032D.DRG|100700,sd7032,SD7032D,99800,vol1,SD7032D.DRG,100700,0.009018036072144289,11.35,1.271,0.0469,1.3746857142857143,0.03986714285714286,1.4100999336104492,0.04071532077758645,1.409459143579295,0.03990243134193161,0.10368571428571438,-0.14995431008224178,0.03477342929358063,0.13909993361044926,0.000885152089157793,-0.13186949301521417,100k
SD7032D|147800|vol1|SD7032D.DRG|151200,sd7032,SD7032D,147800,vol1,SD7032D.DRG,151200,0.023004059539918808,-2.87,0.196,0.0133,0.10228723404255319,0.015988297872340428,0.11983382239467986,0.016457568852467887,0.09357689407332205,0.01835568718375537,-0.09371276595744682,0.2021276595744683,-0.008710339969231137,-0.07616617760532014,0.14807012793466276,0.23741119191487878,150k
SD7032D|147800|vol1|SD7032D.DRG|151200,sd7032,SD7032D,147800,vol1,SD7032D.DRG,151200,0.023004059539918808,-1.87,0.285,0.0115,0.2182446808510638,0.013115957446808511,0.2483615359616618,0.012855288689433777,0.23460557851773434,0.013303613273465848,-0.06675531914893618,0.14051803885291406,0.016360897666670537,-0.036638464038338175,0.014307443998531613,0.11785119038554584,150k
SD7032D|147800|vol1|SD7032D.DRG|151200,sd7032,SD7032D,147800,vol1,SD7032D.DRG,151200,0.023004059539918808,-0.86,0.37,0.0114,0.31281818181818183,0.012254545454545455,0.3463834968948853,0.011791682930855758,0.3574946443341805,0.012002003135912235,-0.05718181818181817,0.07496012759170657,0.04467646251599866,-0.023616503105114706,-0.02060805270745862,0.03435815182945245,150k
SD7032D|147800|vol1|SD7032D.DRG|151200,sd7032,SD7032D,147800,vol1,SD7032D.DRG,151200,0.023004059539918808,0.16,0.473,0.0118,0.4091946902654867,0.01201504424778761,0.4561161381088911,0.01157091553147438,0.47531194969264356,0.01136692642234532,-0.06380530973451326,0.01822408879556025,0.06611725942715685,-0.016883861891108853,-0.05394219214478816,-0.019413938010645785,150k
SD7032D|147800|vol1|SD7032D.DRG|151200,sd7032,SD7032D,147800,vol1,SD7032D.DRG,151200,0.023004059539918808,1.2,0.579,0.0128,0.5180062111801242,0.012767080745341615,0.5671427496981785,0.011724646368877321,0.5849933465526082,0.011400960413401226,-0.060993788819875716,-0.0025718167701863828,0.06698713537248391,-0.011857250301821498,-0.1070033439272209,-0.08401200243145933,150k
SD7032D|147800|vol1|SD7032D.DRG|151200,sd7032,SD7032D,147800,vol1,SD7032D.DRG,151200,0.023004059539918808,2.23,0.683,0.0134,0.6267639751552795,0.013150931677018633,0.6824945498812347,0.012081449696162948,0.6961280242204552,0.011841918657126709,-0.05623602484472057,-0.01858718828219158,0.06936404906517568,-0.0005054501187653493,-0.09953766410173326,-0.09839927640575019,150k
SD7032D|147800|vol1|SD7032D.DRG|151200,sd7032,SD7032D,147800,vol1,SD7032D.DRG,151200,0.023004059539918808,3.24,0.784,0.0138,0.7345465838509317,0.013489440993788819,0.7939651607135063,0.012631793999523595,0.8023290195321394,0.012561750883533085,-0.049453416149068286,-0.022504275812404426,0.06778243568120768,0.009965160713506283,-0.06877157553696156,-0.08465260873017429,150k
SD7032D|147800|vol1|SD7032D.DRG|151200,sd7032,SD7032D,147800,vol1,SD7032D.DRG,151200,0.023004059539918808,4.27,0.882,0.0152,0.8449782608695652,0.01383695652173913,0.9026762139193955,0.013599294333341273,0.9086478570575416,0.013502708913251699,-0.03702173913043483,-0.08967391304347827,0.06366959618797641,0.020676213919395448,-0.024156150809775106,-0.10530958333281101,150k
SD7032D|147800|vol1|SD7032D.DRG|151200,sd7032,SD7032D,147800,vol1,SD7032D.DRG,151200,0.023004059539918808,5.28,0.975,0.0165,0.9452463768115942,0.015081159420289855,1.0052300869561217,0.014892249770304362,1.0086871816077796,0.014904461510602667,-0.029753623188405798,-0.08599033816425124,0.06344080479618541,0.030230086956121727,-0.011716467200092253,-0.09743940786034176,150k
SD7032D|147800|vol1|SD7032D.DRG|151200,sd7032,SD7032D,147800,vol1,SD7032D.DRG,151200,0.023004059539918808,6.3,1.063,0.0178,1.040855421686747,0.016810843373493974,1.1057451128795242,0.01638329530389967,1.1065944711782738,0.016606644150192168,-0.022144578313253005,-0.05557059699472054,0.06573904949152687,0.042745112879524205,-0.012146875606715346,-0.07959015146631075,150k
SD7032D|147800|vol1|SD7032D.DRG|151200,sd7032,SD7032D,147800,vol1,SD7032D.DRG,151200,0.023004059539918808,7.34,1.146,0.02,1.135112676056338,0.018860563380281692,1.204177107239742,0.0181782209975869,1.2040618328162127,0.018514786590767645,-0.010887323943661986,-0.05697183098591543,0.06894915675987479,0.05817710723974212,-0.01833332242214721,-0.091088950120655,150k
SD7032D|147800|vol1|SD7032D.DRG|151200,sd7032,SD7032D,147800,vol1,SD7032D.DRG,151200,0.023004059539918808,8.34,1.221,0.0228,1.2203239436619717,0.02153661971830986,1.289259343304727,0.020363563749658465,1.2857219885190008,0.020765704299923422,-0.0006760563380283635,-0.055411415863602695,0.06539804485702905,0.06825934330472694,-0.035795562556691536,-0.10686123905006736,150k
SD7032D|147800|vol1|SD7032D.DRG|151200,sd7032,SD7032D,147800,vol1,SD7032D.DRG,151200,0.023004059539918808,9.34,1.275,0.0283,1.288298013245033,0.024873509933774834,1.349826863382619,0.023487511757724174,1.343758702518462,0.023892139650469088,0.013298013245033102,-0.12107738749912245,0.055460689273429065,0.07482686338261901,-0.039454435096559444,-0.17005258806628357,150k
SD7032D|147800|vol1|SD7032D.DRG|151200,sd7032,SD7032D,147800,vol1,SD7032D.DRG,151200,0.023004059539918808,10.35,1.298,0.0346,1.3415547445255473,0.02910145985401459,1.3831267467498547,0.028958249438450913,1.3848339744155416,0.028023991265403548,0.043554744525547306,-0.15891734525969387,0.04327922988999422,0.08512674674985465,-0.037024554576165186,-0.16305637461124525,150k
SD7032D|147800|vol1|SD7032D.DRG|151200,sd7032,SD7032D,147800,vol1,SD7032D.DRG,151200,0.023004059539918808,11.37,1.297,0.0547,1.3601678832116788,0.036397810218978095,1.4057593982089518,0.03644066764286382,1.400454928352227,0.03518873656889387,0.06316788321167888,-0.33459213493641504,0.04028704514054815,0.10875939820895186,-0.033218307442402326,-0.3338086354138241,150k
SD7032D|199100|vol1|SD7032E.DRG|201400,sd7032,SD7032D,199100,vol1,SD7032E.DRG,201400,0.011551983927674536,-3.89,0.083,0.0145,0.019664921465968568,0.017717277486910994,0.0281949210664345,0.016269806379919753,0.013695088986810428,0.02068231364997813,-0.06333507853403143,0.2218812059938616,-0.00596983247915814,-0.0548050789335655,0.16735280944025507,0.12205561240825878,200k
SD7032D|199100|vol1|SD7032E.DRG|201400,sd7032,SD7032D,199100,vol1,SD7032E.DRG,201400,0.011551983927674536,-2.89,0.18,0.0119,0.11285863874345549,0.015099476439790576,0.14700238093075227,0.013424107629312277,0.14331595994218913,0.015232870272804518,-0.0671413612565445,0.26886356636895586,0.030457321198733636,-0.032997619069247724,0.00883433498809391,0.1280762713707795,200k
SD7032D|199100|vol1|SD7032E.DRG|201400,sd7032,SD7032D,199100,vol1,SD7032E.DRG,201400,0.011551983927674536,-1.87,0.278,0.0106,0.21083116883116884,0.013103896103896104,0.25605422906518616,0.010666456326358705,0.2591175482221137,0.011664407791888588,-0.06716883116883118,0.23621661357510412,0.04828637939094485,-0.02194577093481387,-0.10985193263090065,0.00626946475082124,200k
SD7032D|199100|vol1|SD7032E.DRG|201400,sd7032,SD7032D,199100,vol1,SD7032E.DRG,201400,0.011551983927674536,-0.88,0.364,0.0096,0.307940119760479,0.011670059880239522,0.34762423237019835,0.009894079784270968,0.36072266440225964,0.009650665653642452,-0.056059880239520965,0.2156312375249503,0.052782544641780615,-0.01637576762980164,-0.17304060538853233,0.030633310861559224,200k
SD7032D|199100|vol1|SD7032E.DRG|201400,sd7032,SD7032D,199100,vol1,SD7032E.DRG,201400,0.011551983927674536,0.18,0.474,0.0098,0.41267065868263475,0.011035329341317365,0.4556209217130749,0.00966512345941683,0.4767536768299438,0.009462310854757783,-0.06132934131736523,0.12605401442013933,0.06408301814730905,-0.018379078286925088,-0.14254386415727935,-0.013762912304405031,200k
SD7032D|199100|vol1|SD7032E.DRG|201400,sd7032,SD7032D,199100,vol1,SD7032E.DRG,201400,0.011551983927674536,1.2,0.581,0.0105,0.5172857142857143,0.010773015873015874,0.5670035849444574,0.009713827070019478,0.5866250574212094,0.009524683186274828,-0.06371428571428561,0.026001511715797412,0.06933934313549506,-0.01399641505554261,-0.11587587927609527,-0.07487361237909743,200k
SD7032D|199100|vol1|SD7032E.DRG|201400,sd7032,SD7032D,199100,vol1,SD7032E.DRG,201400,0.011551983927674536,2.23,0.691,0.0112,0.6261619718309859,0.010997183098591549,0.6825739078126813,0.010040255203919716,0.6955432304824988,0.009985391681963536,-0.06483802816901407,-0.018108651911468848,0.0693812586515129,-0.008426092187318601,-0.0920045985919428,-0.10354864250716822,200k
SD7032D|199100|vol1|SD7032E.DRG|201400,sd7032,SD7032D,199100,vol1,SD7032E.DRG,201400,0.011551983927674536,3.24,0.793,0.0126,0.7278732394366197,0.01142394366197183,0.7948026873598588,0.010720374757263873,0.802889403851643,0.010772213053951788,-0.06512676056338029,-0.09333780460541029,0.07501616441502323,0.001802687359858779,-0.05704952924352482,-0.1491766065663593,200k
SD7032D|199100|vol1|SD7032E.DRG|201400,sd7032,SD7032D,199100,vol1,SD7032E.DRG,201400,0.011551983927674536,4.27,0.891,0.0134,0.8283298429319371,0.012434554973821989,0.9043817823380046,0.011821004276483775,0.9079630680453458,0.011963110274791003,-0.06267015706806289,-0.07204813628194116,0.07963322511340865,0.013381782338004578,-0.03791407895364979,-0.11783550175494222,200k
SD7032D|199100|vol1|SD7032E.DRG|201400,sd7032,SD7032D,199100,vol1,SD7032E.DRG,201400,0.011551983927674536,5.28,0.984,0.0145,0.9261570680628273,0.013545026178010471,1.0072634602638368,0.01310894967601249,1.0100831734914562,0.013211555387837736,-0.057842931937172715,-0.06586026358548482,0.08392610542862888,0.023263460263836855,-0.024619427514588697,-0.09593450510258689,200k
SD7032D|199100|vol1|SD7032E.DRG|201400,sd7032,SD7032D,199100,vol1,SD7032E.DRG,201400,0.011551983927674536,6.3,1.073,0.0159,1.0165131578947368,0.015003947368421054,1.107717774176066,0.014541677318222142,1.1081228913018932,0.014831479503088166,-0.05648684210526311,-0.05635551142005954,0.09160973340715639,0.03471777417606603,-0.011494832732876846,-0.08542909948288417,200k
SD7032D|199100|vol1|SD7032E.DRG|201400,sd7032,SD7032D,199100,vol1,SD7032E.DRG,201400,0.011551983927674536,7.33,1.156,0.018,1.104483870967742,0.016458064516129033,1.206458393611394,0.016248671499243462,1.2038855604768286,0.01665731617830247,-0.051516129032257885,-0.08566308243727586,0.09940168950908657,0.05045839361139404,0.01210662784668069,-0.0972960278198076,200k
SD7032D|199100|vol1|SD7032E.DRG|201400,sd7032,SD7032D,199100,vol1,SD7032E.DRG,201400,0.011551983927674536,8.32,1.225,0.0201,1.1811638418079096,0.018344632768361586,1.2929162535768166,0.01837183140634305,1.2866212386796934,0.01878596868485229,-0.043836158192090524,-0.08733170306658776,0.10545739687178379,0.06791625357681652,0.024058040412335866,-0.08597853699785814,200k
SD7032D|199100|vol1|SD7032E.DRG|201400,sd7032,SD7032D,199100,vol1,SD7032E.DRG,201400,0.011551983927674536,9.35,1.281,0.025,1.2445932203389831,0.022127118644067797,1.360330619221848,0.021481464455556383,1.3519572534623532,0.02163670421895791,-0.0364067796610168,-0.11491525423728818,0.10736403312337006,0.07933061922184814,-0.022163501402897964,-0.14074142177774474,200k
SD7032D|199100|vol1|SD7032E.DRG|201400,sd7032,SD7032D,199100,vol1,SD7032E.DRG,201400,0.011551983927674536,10.35,1.307,0.0317,1.294967741935484,0.026805645161290324,1.3978019929724403,0.026679036939008437,1.3966991606848607,0.02589487172883098,-0.012032258064516022,-0.1543960516943115,0.10173141874937675,0.0908019929724404,-0.033976926389168896,-0.15839000192402405,200k
SD7032D|199100|vol1|SD7032E.DRG|201400,sd7032,SD7032D,199100,vol1,SD7032E.DRG,201400,0.011551983927674536,11.37,1.307,0.048,1.3261214285714287,0.03576714285714285,1.4178199135781877,0.033785242670266225,1.4177949503491813,0.03245486174956527,0.019121428571428734,-0.2548511904761906,0.09167352177775268,0.11081991357818777,-0.09260681292903725,-0.296140777702787,200k
SD7032D|302600|vol1|SD7032D.DRG|301200,sd7032,SD7032D,302600,vol1,SD7032D.DRG,301200,0.004626569729015202,-2.9,0.168,0.0104,0.12341726618705037,0.011785611510791365,0.1373476812023607,0.011050017547734504,0.16003088745921323,0.011631647016721418,-0.04458273381294964,0.13323187603763134,0.03661362127216286,-0.0306523187976393,-0.013063767962228497,0.0625016872821639,300k
SD7032D|302600|vol1|SD7032D.DRG|301200,sd7032,SD7032D,302600,vol1,SD7032D.DRG,301200,0.004626569729015202,-1.9,0.272,0.0096,0.22491411042944787,0.010252760736196319,0.24353060549444988,0.009046828909023013,0.26054607772379773,0.009440517595913718,-0.04708588957055215,0.06799591002044997,0.035631967294349864,-0.02846939450555014,-0.07922189556370506,-0.057621988643436074,300k
SD7032D|302600|vol1|SD7032D.DRG|301200,sd7032,SD7032D,302600,vol1,SD7032D.DRG,301200,0.004626569729015202,-0.88,0.377,0.0086,0.33379754601226996,0.008938650306748466,0.35246745937073026,0.008118267192953462,0.3616120781701534,0.007785182964203267,-0.04320245398773004,0.0393779426451705,0.02781453215788343,-0.02453254062926974,-0.12904267456065036,-0.05601544267982995,300k
SD7032D|302600|vol1|SD7032D.DRG|301200,sd7032,SD7032D,302600,vol1,SD7032D.DRG,301200,0.004626569729015202,0.17,0.478,0.008,0.439,0.008315286624203822,0.4576555874897819,0.007836674726577111,0.4759192468345906,0.007677942669362084,-0.03899999999999998,0.03941082802547775,0.03691924683459058,-0.02034441251021807,-0.07664726228276743,-0.020415659177861138,300k
SD7032D|302600|vol1|SD7032D.DRG|301200,sd7032,SD7032D,302600,vol1,SD7032D.DRG,301200,0.004626569729015202,1.17,0.586,0.0084,0.5427724550898203,0.00824251497005988,0.5665254609946873,0.007856822658270477,0.5840022402055963,0.007841474868821424,-0.04322754491017966,-0.018748217850014133,0.04122978511577602,-0.019474539005312708,-0.048655064952286456,-0.06466396925351453,300k
SD7032D|302600|vol1|SD7032D.DRG|301200,sd7032,SD7032D,302600,vol1,SD7032D.DRG,301200,0.004626569729015202,2.2,0.692,0.0094,0.6544071856287426,0.008797604790419161,0.6812629577857455,0.00819410273843469,0.6939824574308181,0.00828804950855226,-0.03759281437125739,-0.06408459676391906,0.03957527180207554,-0.010737042214254422,-0.05791977407553263,-0.12828694271971386,300k
SD7032D|302600|vol1|SD7032D.DRG|301200,sd7032,SD7032D,302600,vol1,SD7032D.DRG,301200,0.004626569729015202,3.21,0.794,0.0103,0.757,0.009561290322580646,0.7930200861589397,0.008957512742935466,0.8010259201319904,0.009105400914714994,-0.03700000000000003,-0.07171938615721882,0.04402592013199036,-0.0009799138410603314,-0.047680741038580325,-0.13033856864704219,300k
SD7032D|302600|vol1|SD7032D.DRG|301200,sd7032,SD7032D,302600,vol1,SD7032D.DRG,301200,0.004626569729015202,4.24,0.891,0.0114,0.8609432989690722,0.010560309278350517,0.9031798682541268,0.010060761788176746,0.9070467701135044,0.010230653068673637,-0.030056701030927835,-0.07365708084644594,0.04610347114443225,0.012179868254126758,-0.031216529837123343,-0.11747703612484689,300k
SD7032D|302600|vol1|SD7032D.DRG|301200,sd7032,SD7032D,302600,vol1,SD7032D.DRG,301200,0.004626569729015202,5.29,0.988,0.0127,0.9675670103092784,0.011696907216494846,1.0112388468929467,0.011297945152574356,1.0130536115083135,0.011519575029087318,-0.020432989690721604,-0.07898368374056329,0.04548660119903514,0.023238846892946752,-0.015160604775718465,-0.11039801948233413,300k
SD7032D|302600|vol1|SD7032D.DRG|301200,sd7032,SD7032D,302600,vol1,SD7032D.DRG,301200,0.004626569729015202,6.28,1.074,0.0145,1.061012048192771,0.013069277108433735,1.1108898187619296,0.012569674998470658,1.1104150177197227,0.012955691932847407,-0.012987951807229114,-0.09867054424594937,0.04940296952695178,0.03688981876192954,-0.008691006751477494,-0.13312586217443742,300k
SD7032D|302600|vol1|SD7032D.DRG|301200,sd7032,SD7032D,302600,vol1,SD7032D.DRG,301200,0.004626569729015202,7.3,1.155,0.0158,1.1532127659574467,0.014678723404255318,1.2111204207316395,0.01420292379386499,1.2088097402127842,0.0145547932875141,-0.0017872340425533206,-0.0709668731483977,0.055596974255337495,0.056120420731639475,-0.008442840247626144,-0.10108077254019057,300k
SD7032D|302600|vol1|SD7032D.DRG|301200,sd7032,SD7032D,302600,vol1,SD7032D.DRG,301200,0.004626569729015202,8.35,1.224,0.0186,1.2314042553191489,0.017359574468085108,1.3059583006014286,0.016319445040165602,1.298006575901234,0.0166162961018676,0.0074042553191489,-0.06668954472660701,0.06660232058208515,0.08195830060142861,-0.04281662362081488,-0.1226104817115267,300k
SD7032D|302600|vol1|SD7032D.DRG|301200,sd7032,SD7032D,302600,vol1,SD7032D.DRG,301200,0.004626569729015202,9.33,1.276,0.0228,1.2987659574468087,0.020251773049645393,1.375994538733069,0.019330686438190893,1.373539190903331,0.01901589660470297,0.02276595744680865,-0.11176433992783369,0.07477323345652231,0.09999453873306896,-0.06102559227346584,-0.15216287551794333,300k
SD7032D|302600|vol1|SD7032D.DRG|301200,sd7032,SD7032D,302600,vol1,SD7032D.DRG,301200,0.004626569729015202,10.35,1.313,0.0282,1.3486808510638297,0.024664539007092198,1.426182069110243,0.02394917236404774,1.4244051806936324,0.02322323494604428,0.03568085106382979,-0.12537095719531213,0.07572432962980269,0.11318206911024298,-0.058436286225883885,-0.1507385686507893,300k
SD7032D|302600|vol1|SD7032D.DRG|301200,sd7032,SD7032D,302600,vol1,SD7032D.DRG,301200,0.004626569729015202,11.36,1.321,0.0399,1.3757972027972027,0.03051048951048951,1.4536483282519708,0.02980693823389965,1.4530236231080838,0.02884256668321785,0.05479720279720279,-0.23532607743134057,0.077226420310881,0.13264832825197082,-0.054667193284402324,-0.25295894150627435,300k
SD7037|62600|vol1|SD7037A.DRG|60900,sd7037,SD7037,62600,vol1,SD7037A.DRG,60900,0.027156549520766772,-3.95,-0.225,0.0261,-0.21140186915887849,0.03412242990654205,-0.304131294432424,0.033778780697738646,-0.3081357333006215,0.038113863212775954,0.01359813084112152,0.30737279335410156,-0.09673386414174301,-0.07913129443242398,0.1169738883533805,0.2942061570014806,60k
SD7037|62600|vol1|SD7037A.DRG|60900,sd7037,SD7037,62600,vol1,SD7037A.DRG,60900,0.027156549520766772,-2.95,-0.138,0.0208,-0.13970454545454547,0.025153030303030302,-0.2055062156148743,0.02643370060293634,-0.20884927803056777,0.027375313092180397,-0.0017045454545454586,0.20928030303030304,-0.0691447325760223,-0.0675062156148743,0.08835049941805088,0.27085099052578565,60k
SD7037|62600|vol1|SD7037A.DRG|60900,sd7037,SD7037,62600,vol1,SD7037A.DRG,60900,0.027156549520766772,-1.92,-0.058,0.0153,-0.05309090909090907,0.020627272727272727,-0.12395744293952503,0.021112144733130233,-0.11958709810151374,0.02233282197876589,0.004909090909090932,0.34818775995246587,-0.06649618901060467,-0.06595744293952502,0.08268418583704187,0.37987874072746625,60k
SD7037|62600|vol1|SD7037A.DRG|60900,sd7037,SD7037,62600,vol1,SD7037A.DRG,60900,0.027156549520766772,-0.9,0.068,0.0166,0.04295505617977527,0.018178651685393257,-0.009452673706427958,0.018642283366913783,-0.006297820564909314,0.02107066942074824,-0.025044943820224735,0.09509949912007569,-0.049252876744684586,-0.07745267370642796,0.1590886819003606,0.1230291184887821,60k
SD7037|62600|vol1|SD7037A.DRG|60900,sd7037,SD7037,62600,vol1,SD7037A.DRG,60900,0.027156549520766772,0.13,0.223,0.0176,0.14774468085106382,0.016714893617021276,0.11556952612092122,0.020577117329468275,0.1217965150683161,0.02074026449559361,-0.07525531914893618,-0.05029013539651848,-0.025948165782747723,-0.10743047387907878,0.2408253962485994,0.16915439371978824,60k
SD7037|62600|vol1|SD7037A.DRG|60900,sd7037,SD7037,62600,vol1,SD7037A.DRG,60900,0.027156549520766772,1.16,0.339,0.0196,0.29019148936170214,0.01956382978723404,0.30087533544785694,0.02272720985657484,0.31056787931520347,0.023001321172573527,-0.048808510638297886,-0.0018454190186714115,0.020376389953501328,-0.038124664552143084,0.17570646559103414,0.15955152329463476,60k
SD7037|62600|vol1|SD7037A.DRG|60900,sd7037,SD7037,62600,vol1,SD7037A.DRG,60900,0.027156549520766772,2.19,0.485,0.017,0.4513023255813954,0.021130232558139533,0.4855517624542043,0.024459644273224217,0.4820384436493495,0.024249331661261798,-0.033697674418604606,0.24295485636114894,0.03073611806795412,0.0005517624542042965,0.14761309865095462,0.4388026043073068,60k
SD7037|62600|vol1|SD7037A.DRG|60900,sd7037,SD7037,62600,vol1,SD7037A.DRG,60900,0.027156549520766772,3.22,0.597,0.0187,0.6108450704225352,0.022029577464788733,0.6344169117862674,0.025155891404459108,0.6453605328942417,0.024954916901861003,0.013845070422535244,0.1780522708443172,0.03451546247170645,0.03741691178626738,0.1327914455802897,0.3452348344630538,60k
SD7037|62600|vol1|SD7037A.DRG|60900,sd7037,SD7037,62600,vol1,SD7037A.DRG,60900,0.027156549520766772,4.24,0.685,0.0179,0.7114084507042253,0.020449295774647887,0.7697723446546214,0.024050075992913096,0.7808044181367803,0.02357331533370261,0.02640845070422526,0.1424187583602172,0.06939596743255494,0.08477234465462136,0.15276905344230696,0.3435796644085529,60k
SD7037|62600|vol1|SD7037A.DRG|60900,sd7037,SD7037,62600,vol1,SD7037A.DRG,60900,0.027156549520766772,5.26,0.779,0.0163,0.8066733333333332,0.019367333333333334,0.8877156315436548,0.023199373969720462,0.8957548207285815,0.023683833762413314,0.027673333333333217,0.18817995910020463,0.08908148739524824,0.10871563154365482,0.2228753104409477,0.42327447666996715,60k
SD7037|62600|vol1|SD7037A.DRG|60900,sd7037,SD7037,62600,vol1,SD7037A.DRG,60900,0.027156549520766772,6.27,0.837,0.0206,0.8964285714285714,0.0191,0.9775055189470802,0.02383259601108441,0.9969012231549007,0.024892838146865513,0.059428571428571386,-0.07281553398058259,0.10047265172632935,0.1405055189470802,0.303289955333273,0.15692213646040817,60k
SD7037|62600|vol1|SD7037A.DRG|60900,sd7037,SD7037,62600,vol1,SD7037A.DRG,60900,0.027156549520766772,7.29,0.917,0.0321,0.9789999999999999,0.0208,1.0412285449548728,0.025733473733956777,1.0840940577764497,0.027774755159330998,0.06199999999999983,-0.35202492211838005,0.10509405777644987,0.12422854495487279,0.3353247672755288,-0.19833415159013146,60k
SD7037|62600|vol1|SD7037A.DRG|60900,sd7037,SD7037,62600,vol1,SD7037A.DRG,60900,0.027156549520766772,8.31,1.008,0.0255,1.0456470588235294,0.02326470588235294,1.0988550897549585,0.03191716434816523,1.1624562977757935,0.031691217110992174,0.03764705882352937,-0.08765859284890422,0.11680923895226414,0.09085508975495848,0.3622014940249481,0.251653503849617,60k
SD7037|103900|vol1|SD7037B.DRG|101400,sd7037,SD7037,103900,vol1,SD7037B.DRG,101400,0.02406159769008662,-2.95,-0.128,0.0169,-0.12180620155038763,0.01932868217054264,-0.19623502492458686,0.02218281636998559,-0.1887238242872277,0.02292236801045774,0.0061937984496123755,0.14370900417412075,-0.06691762273684007,-0.06823502492458686,0.18592503142257483,0.312592684614532,100k
SD7037|103900|vol1|SD7037B.DRG|101400,sd7037,SD7037,103900,vol1,SD7037B.DRG,101400,0.02406159769008662,-1.93,-0.019,0.0137,-0.012307189542483657,0.01666470588235294,-0.07278498635416406,0.01744730334470133,-0.049145220463321364,0.018255713040340193,0.006692810457516343,0.21640188922284223,-0.036838030920837705,-0.05378498635416405,0.09547166143940457,0.2735257915840387,100k
SD7037|103900|vol1|SD7037B.DRG|101400,sd7037,SD7037,103900,vol1,SD7037B.DRG,101400,0.02406159769008662,-0.9,0.109,0.0147,0.12012650602409639,0.01535421686746988,0.12608304032340487,0.01531977061877107,0.1133032652684604,0.0156596958940637,0.011126506024096386,0.044504548807474814,-0.006823240755635979,0.017083040323404866,0.01989544821664082,0.04216126658306607,100k
SD7037|103900|vol1|SD7037B.DRG|101400,sd7037,SD7037,103900,vol1,SD7037B.DRG,101400,0.02406159769008662,0.14,0.236,0.0135,0.27988554216867473,0.015479518072289157,0.2946849706972068,0.015517844105661916,0.30230826200993166,0.01552596642989178,0.04388554216867474,0.14663096831771533,0.022422719841256933,0.058684970697206795,0.0030006333133700044,0.14946993375273454,100k
SD7037|103900|vol1|SD7037B.DRG|101400,sd7037,SD7037,103900,vol1,SD7037B.DRG,101400,0.02406159769008662,1.16,0.368,0.0132,0.4154520547945205,0.01614041095890411,0.44742303143258855,0.015702010342294345,0.45181838511334355,0.01548545158795685,0.047452054794520526,0.2227584059775841,0.036366330318823026,0.07942303143258855,-0.04057885345143214,0.18954623805260187,100k
SD7037|103900|vol1|SD7037B.DRG|101400,sd7037,SD7037,103900,vol1,SD7037B.DRG,101400,0.02406159769008662,2.19,0.486,0.0137,0.53432,0.016572,0.5734059594406007,0.01561280588119505,0.5853613206762228,0.015378067374019944,0.04832000000000003,0.20963503649635032,0.0510413206762228,0.0874059594406007,-0.0720451741479638,0.13962086724051453,100k
SD7037|103900|vol1|SD7037B.DRG|101400,sd7037,SD7037,103900,vol1,SD7037B.DRG,101400,0.02406159769008662,3.22,0.579,0.013,0.6332,0.016503333333333335,0.684344223487131,0.015333459435945239,0.7041035842938633,0.015147552511715824,0.054200000000000026,0.2694871794871797,0.07090358429386334,0.10534422348713102,-0.08215193829231535,0.17949687968809536,100k
SD7037|103900|vol1|SD7037B.DRG|101400,sd7037,SD7037,103900,vol1,SD7037B.DRG,101400,0.02406159769008662,4.23,0.667,0.0127,0.726909090909091,0.01699090909090909,0.7871618668800832,0.015385756499249061,0.8053100823405128,0.015782178874123528,0.05990909090909091,0.337866857551897,0.07840099143142187,0.12016186688008312,-0.07113982014254251,0.2114768897046505,100k
SD7037|103900|vol1|SD7037B.DRG|101400,sd7037,SD7037,103900,vol1,SD7037B.DRG,101400,0.02406159769008662,5.26,0.753,0.0159,0.8225625,0.017723437499999998,0.8850442380688397,0.016333095736894284,0.9064515762996389,0.016661475230959986,0.06956249999999997,0.1146816037735847,0.08388907629963893,0.1320442380688397,-0.05991852703743347,0.027238725590835414,100k
SD7037|103900|vol1|SD7037B.DRG|101400,sd7037,SD7037,103900,vol1,SD7037B.DRG,101400,0.02406159769008662,6.26,0.834,0.015,0.9163125000000001,0.0191296875,0.9762715006244261,0.01749405466419439,1.0003917294103497,0.018144588361165143,0.08231250000000012,0.2753125,0.08407922941034962,0.14227150062442617,-0.051495830176779236,0.16627031094629263,100k
SD7037|103900|vol1|SD7037B.DRG|101400,sd7037,SD7037,103900,vol1,SD7037B.DRG,101400,0.02406159769008662,7.27,0.907,0.0182,1.0046648044692736,0.022578770949720668,1.0437931461733403,0.020357303661073533,1.084401646755018,0.02080940751208021,0.09766480446927361,0.2405918104242125,0.07973684228574429,0.13679314617334026,-0.07836402794379504,0.1185331681908534,100k
SD7037|103900|vol1|SD7037B.DRG|101400,sd7037,SD7037,103900,vol1,SD7037B.DRG,101400,0.02406159769008662,8.3,0.977,0.018,1.0904883720930232,0.026120155038759692,1.103451770871006,0.02647978094698358,1.1651086813984575,0.02381868047091983,0.1134883720930232,0.4511197243755386,0.07462030930543428,0.12645177087100612,-0.08811106076609061,0.4710989414990879,100k
SD7037|103900|vol1|SD7037B.DRG|101400,sd7037,SD7037,103900,vol1,SD7037B.DRG,101400,0.02406159769008662,9.31,1.011,0.0189,1.1586046511627905,0.029251937984496122,1.1886123859924538,0.03339971102140161,1.2263874761790767,0.02770429429139555,0.14760465116279065,0.5477215864812763,0.06778282501628619,0.17761238599245388,-0.05290739006491949,0.7671804773228365,100k
SD7037|103900|vol1|SD7037B.DRG|101400,sd7037,SD7037,103900,vol1,SD7037B.DRG,101400,0.02406159769008662,10.3,1.039,0.0567,1.207875,0.03275,1.2676717709440153,0.04250050342427514,1.2659842742185141,0.03514773726066244,0.1688750000000001,-0.42239858906525574,0.058109274218514084,0.22867177094401536,0.07321335147060885,-0.25043203837257255,100k
SD7037|153400|vol1|SD7037B.DRG|151400,sd7037,SD7037,153400,vol1,SD7037B.DRG,151400,0.01303780964797914,-2.98,-0.058,0.0157,-0.07933999999999998,0.017721999999999998,-0.10021563204719187,0.018219039120193414,-0.09392400146563044,0.021605068034607308,-0.021339999999999977,0.12878980891719743,-0.014584001465630464,-0.04221563204719187,0.2191100346804712,0.16044835160467613,150k
SD7037|153400|vol1|SD7037B.DRG|151400,sd7037,SD7037,153400,vol1,SD7037B.DRG,151400,0.01303780964797914,-1.92,0.079,0.0127,0.05163522012578616,0.013579245283018869,0.05342711173928842,0.01369482176755483,0.06807175175267734,0.015284983465007394,-0.02736477987421384,0.06923191204872989,0.016436531626891175,-0.02557288826071158,0.1256136218499261,0.07833242264211263,150k
SD7037|153400|vol1|SD7037B.DRG|151400,sd7037,SD7037,153400,vol1,SD7037B.DRG,151400,0.01303780964797914,-0.89,0.195,0.01,0.19146052631578947,0.012070394736842105,0.2444713366140336,0.01170651030843274,0.23178569983046862,0.011887104914787202,-0.0035394736842105368,0.20703947368421044,0.04032517351467915,0.049471336614033606,-0.015185072737965474,0.1706510308432739,150k
SD7037|153400|vol1|SD7037B.DRG|151400,sd7037,SD7037,153400,vol1,SD7037B.DRG,151400,0.01303780964797914,0.14,0.309,0.0101,0.30394736842105263,0.011460526315789473,0.3699636587203331,0.011354173989107338,0.37059598850730197,0.011312991233679034,-0.005052631578947364,0.13470557582073994,0.06664862008624933,0.0609636587203331,-0.012873325189889049,0.1241756424858751,150k
SD7037|153400|vol1|SD7037B.DRG|151400,sd7037,SD7037,153400,vol1,SD7037B.DRG,151400,0.01303780964797914,1.17,0.415,0.0102,0.4125629139072848,0.010926490066225166,0.47444123320663967,0.011334368623296185,0.4921552160981125,0.011054755572427029,-0.0024370860927152016,0.07122451629658487,0.07959230219082775,0.05944123320663969,0.011738948685666533,0.11121261012707685,150k
SD7037|153400|vol1|SD7037B.DRG|151400,sd7037,SD7037,153400,vol1,SD7037B.DRG,151400,0.01303780964797914,2.17,0.508,0.0115,0.5155238095238095,0.010604761904761905,0.574442752960128,0.011430421704745439,0.5973994268945337,0.011077500416987024,0.007523809523809488,-0.07784679089026911,0.08187561737072424,0.06644275296012803,0.04457794681961154,-0.006050286543874877,150k
SD7037|153400|vol1|SD7037B.DRG|151400,sd7037,SD7037,153400,vol1,SD7037B.DRG,151400,0.01303780964797914,3.23,0.609,0.0118,0.6284642857142858,0.011992857142857142,0.6810561985696182,0.011619198419058799,0.7054966573095028,0.01164711603161304,0.019464285714285823,0.01634382566585951,0.07703237159521703,0.0720561985696182,-0.02882891934137842,-0.01532216787637296,150k
SD7037|153400|vol1|SD7037B.DRG|151400,sd7037,SD7037,153400,vol1,SD7037B.DRG,151400,0.01303780964797914,4.22,0.696,0.0129,0.7300753424657535,0.013162328767123288,0.7788260847106592,0.012291873406187636,0.8047643928301752,0.012444997641537177,0.0340753424657535,0.02033556334289052,0.07468905036442175,0.08282608471065922,-0.054498800195437465,-0.04714159641956313,150k
SD7037|153400|vol1|SD7037B.DRG|151400,sd7037,SD7037,153400,vol1,SD7037B.DRG,151400,0.01303780964797914,5.24,0.784,0.0142,0.8299182389937106,0.014215723270440251,0.8788498369616909,0.013438390025485844,0.9049005938469428,0.013602483141051338,0.045918238993710614,0.0011072725662148258,0.07498235485323212,0.09484983696169091,-0.043138158904940625,-0.053634505247475824,150k
SD7037|153400|vol1|SD7037B.DRG|151400,sd7037,SD7037,153400,vol1,SD7037B.DRG,151400,0.01303780964797914,6.26,0.866,0.0154,0.9235786163522012,0.01581949685534591,0.9758531505235671,0.014800865921778872,1.0000919772826062,0.015436534641787056,0.057578616352201184,0.02724005554194224,0.07651336093040506,0.10985315052356714,-0.024208242339227123,-0.03890481027409926,150k
SD7037|153400|vol1|SD7037B.DRG|151400,sd7037,SD7037,153400,vol1,SD7037B.DRG,151400,0.01303780964797914,7.28,0.936,0.0213,1.0129682539682539,0.018135978835978835,1.0514512172246324,0.01799167898825139,1.088353321152919,0.017631745637035536,0.0769682539682538,-0.14854559455498423,0.0753850671846652,0.11545121722463236,-0.02780292166767323,-0.15532023529336192,150k
SD7037|153400|vol1|SD7037B.DRG|151400,sd7037,SD7037,153400,vol1,SD7037B.DRG,151400,0.01303780964797914,8.3,0.997,0.0253,1.0971587301587302,0.02132010582010582,1.1125339666223408,0.023404330342040723,1.168178095117587,0.02026662906038651,0.10015873015873022,-0.15730807035154865,0.07101936495885686,0.11553396662234083,-0.04941236073630711,-0.07492765446479353,150k
SD7037|153400|vol1|SD7037B.DRG|151400,sd7037,SD7037,153400,vol1,SD7037B.DRG,151400,0.01303780964797914,9.3,1.053,0.0331,1.169637168141593,0.02531504424778761,1.185632929430178,0.02878760545175857,1.226155624211024,0.02427865289460506,0.11663716814159297,-0.23519503783118992,0.05651845606943118,0.13263292943017801,-0.040939740931842335,-0.13028382320971085,150k
SD7037|153400|vol1|SD7037B.DRG|151400,sd7037,SD7037,153400,vol1,SD7037B.DRG,151400,0.01303780964797914,10.32,1.089,0.0402,1.2257123287671234,0.02987123287671233,1.264425465010911,0.035815151258715906,1.2617015270946395,0.030903318361568677,0.13671232876712347,-0.25693450555441966,0.035989198327516014,0.17542546501091105,0.034551151240261126,-0.10907583933542521,150k
SD7037|204200|vol1|SD7037A.DRG|202100,sd7037,SD7037,204200,vol1,SD7037A.DRG,202100,0.01028403525954946,-2.97,-0.001,0.0145,-0.02120567375886526,0.01537517730496454,-0.02021548408145199,0.01494125802980955,-0.024869763075031002,0.01618147245523127,-0.02020567375886526,0.06035705551479581,-0.0036640893161657417,-0.01921548408145199,0.05244135623765356,0.030431588262727505,200k
SD7037|204200|vol1|SD7037A.DRG|202100,sd7037,SD7037,204200,vol1,SD7037A.DRG,202100,0.01028403525954946,-1.91,0.12,0.0117,0.08712280701754388,0.011924561403508772,0.1136874981842608,0.011254878332824063,0.11888981631856123,0.012357286297178038,-0.032877192982456116,0.01919328235117704,0.03176700930101735,-0.0063125018157391966,0.03628853750058579,-0.038044586938114314,200k
SD7037|204200|vol1|SD7037A.DRG|202100,sd7037,SD7037,204200,vol1,SD7037A.DRG,202100,0.01028403525954946,-0.89,0.217,0.0091,0.19080597014925374,0.009338059701492537,0.26513718365842237,0.009460722028206355,0.25551710604036243,0.00964876302249848,-0.02619402985074626,0.026160406757421588,0.06471113589110869,0.04813718365842237,0.033272792307836946,0.03963978331937964,200k
SD7037|204200|vol1|SD7037A.DRG|202100,sd7037,SD7037,204200,vol1,SD7037A.DRG,202100,0.01028403525954946,0.13,0.318,0.0088,0.2958507462686567,0.008348507462686568,0.37801973937560257,0.009284576011893867,0.39197839652375205,0.009149799243916804,-0.0221492537313433,-0.05130597014925373,0.09612765025509534,0.060019739375602565,0.0959802437515434,0.05506545589703029,200k
SD7037|204200|vol1|SD7037A.DRG|202100,sd7037,SD7037,204200,vol1,SD7037A.DRG,202100,0.01028403525954946,1.16,0.416,0.0092,0.4063835616438356,0.008971232876712329,0.4706192567972288,0.00930849120527815,0.4951394424738783,0.009083606880071161,-0.00961643835616438,-0.024865991661703397,0.08875588083004271,0.05461925679722884,0.012526037937387036,0.011792522312842486,200k
SD7037|204200|vol1|SD7037A.DRG|202100,sd7037,SD7037,204200,vol1,SD7037A.DRG,202100,0.01028403525954946,2.18,0.514,0.0097,0.5133333333333334,0.009533333333333333,0.5709015260311943,0.00948723859976765,0.5973668143464784,0.009348498651135868,-0.0006666666666665932,-0.017182130584192514,0.084033481013145,0.05690152603119425,-0.019388253377356494,-0.021934164972407168,200k
SD7037|204200|vol1|SD7037A.DRG|202100,sd7037,SD7037,204200,vol1,SD7037A.DRG,202100,0.01028403525954946,3.22,0.611,0.0105,0.6199012345679012,0.009982716049382716,0.6762686597770539,0.009876592037797593,0.7032463142023492,0.009898028099229017,0.008901234567901262,-0.049265138154027124,0.08334507963444793,0.06526865977705387,-0.008483457781906501,-0.05937218687641976,200k
SD7037|204200|vol1|SD7037A.DRG|202100,sd7037,SD7037,204200,vol1,SD7037A.DRG,202100,0.01028403525954946,4.23,0.703,0.012,0.7142893081761007,0.010854088050314466,0.7767538816365341,0.010815306179396043,0.8043132731915741,0.010963307859797652,0.011289308176100743,-0.09549266247379454,0.09002396501547338,0.07375388163653418,0.010062550531826734,-0.09872448505032974,200k
SD7037|204200|vol1|SD7037A.DRG|202100,sd7037,SD7037,204200,vol1,SD7037A.DRG,202100,0.01028403525954946,5.26,0.792,0.0126,0.8092269938650307,0.012154601226993866,0.8783087546369405,0.012006044768186534,0.9053875039142953,0.012296792418883604,0.017226993865030682,-0.03534910896874083,0.09616051004926462,0.08630875463694043,0.011698548494865407,-0.047139304112179856,200k
SD7037|204200|vol1|SD7037A.DRG|202100,sd7037,SD7037,204200,vol1,SD7037A.DRG,202100,0.01028403525954946,6.26,0.874,0.0147,0.9000245398773006,0.013995092024539876,0.9747864256530311,0.013453005114829398,1.0006988141240947,0.013921410810945568,0.02602453987730058,-0.04795292350068868,0.1006742742467941,0.10078642565303109,-0.005264789503713922,-0.08482958402521097,200k
SD7037|204200|vol1|SD7037A.DRG|202100,sd7037,SD7037,204200,vol1,SD7037A.DRG,202100,0.01028403525954946,7.28,0.944,0.0187,0.9765034965034964,0.017253146853146852,1.0543444319143351,0.016788170119194593,1.092284815720909,0.016032130030701017,0.03250349650349649,-0.07737182603492776,0.11578131921741264,0.11034443191433518,-0.07077067347995886,-0.10223689202167957,200k
SD7037|204200|vol1|SD7037A.DRG|202100,sd7037,SD7037,204200,vol1,SD7037A.DRG,202100,0.01028403525954946,8.28,1.008,0.0226,1.0434999999999999,0.021199999999999997,1.119456526190229,0.021414812861715857,1.1711333811524898,0.018689864580758796,0.035499999999999865,-0.061946902654867346,0.1276333811524899,0.11145652619022894,-0.118402614115151,-0.052441908773634596,200k
SD7037|204200|vol1|SD7037A.DRG|202100,sd7037,SD7037,204200,vol1,SD7037A.DRG,202100,0.01028403525954946,9.31,1.069,0.0273,1.1061351351351352,0.025932432432432432,1.1887385310671588,0.026213972248041516,1.2358209267686389,0.022244779580631376,0.03713513513513522,-0.05009405009405016,0.1296857916335037,0.11973853106715882,-0.14220235072083282,-0.03978123633547564,200k
SD7037|204200|vol1|SD7037A.DRG|202100,sd7037,SD7037,204200,vol1,SD7037A.DRG,202100,0.01028403525954946,10.35,1.117,0.0339,1.1576666666666666,0.032499999999999994,1.2598279689755343,0.032150184184008786,1.2649155470763311,0.029332549317665563,0.04066666666666663,-0.041297935103245,0.10724888040966452,0.1428279689755343,-0.09746002099490558,-0.05161698572245469,200k
SD7037|302900|vol1|SD7037B.DRG|302200,sd7037,SD7037,302900,vol1,SD7037B.DRG,302200,0.00231099372730274,-2.96,0.021,0.0117,-0.0002804878048780493,0.012046341463414635,0.01963637124209864,0.011633562901461957,0.038488255533656084,0.012547655227641362,-0.02128048780487805,0.029601834479883314,0.03876874333853413,-0.0013636287579013619,0.04161543699796679,-0.005678384490431033,300k
SD7037|302900|vol1|SD7037B.DRG|302200,sd7037,SD7037,302900,vol1,SD7037B.DRG,302200,0.00231099372730274,-1.93,0.119,0.01,0.10793243243243243,0.01072027027027027,0.1257241477671007,0.009322605662885642,0.1552465405901868,0.009593645234084354,-0.011067567567567563,0.072027027027027,0.04731410815775437,0.006724147767100702,-0.10509296946647902,-0.06773943371143586,300k
SD7037|302900|vol1|SD7037B.DRG|302200,sd7037,SD7037,302900,vol1,SD7037B.DRG,302200,0.00231099372730274,-0.93,0.214,0.0085,0.20724375,0.00930375,0.2365697785930263,0.0074311737894934456,0.2670636663053134,0.007891816861158342,-0.006756249999999991,0.09455882352941163,0.059819916305313414,0.022569778593026307,-0.1517595742406726,-0.12574426005959471,300k
SD7037|302900|vol1|SD7037B.DRG|302200,sd7037,SD7037,302900,vol1,SD7037B.DRG,302200,0.00231099372730274,0.09,0.313,0.0067,0.30350625000000003,0.007646249999999999,0.36678551029592393,0.0074428142318271944,0.38084139749381135,0.0073063394552613575,-0.009493749999999967,0.14123134328358197,0.07733514749381132,0.05378551029592393,-0.04445454238857505,0.11086779579510361,300k
SD7037|302900|vol1|SD7037B.DRG|302200,sd7037,SD7037,302900,vol1,SD7037B.DRG,302200,0.00231099372730274,1.01,0.406,0.0075,0.4030170454545455,0.007688636363636364,0.4539318220868669,0.007462728182475397,0.4764608509987969,0.007377112535310635,-0.0029829545454545525,0.02515151515151519,0.07344380554425145,0.04793182208686686,-0.04051743554931142,-0.004969575669947051,300k
SD7037|302900|vol1|SD7037B.DRG|302200,sd7037,SD7037,302900,vol1,SD7037B.DRG,302200,0.00231099372730274,2.16,0.519,0.0084,0.5283173652694612,0.008071257485029942,0.5667478689232831,0.007665529984130647,0.5945801127233127,0.007679823013168728,0.009317365269461142,-0.03913601368691165,0.06626274745385152,0.04774786892328309,-0.04849733422421743,-0.08743690665111344,300k
SD7037|302900|vol1|SD7037B.DRG|302200,sd7037,SD7037,302900,vol1,SD7037B.DRG,302200,0.00231099372730274,3.18,0.615,0.0092,0.6364251497005988,0.008865269461077845,0.6701305295704816,0.0082535427150918,0.697637886445235,0.008447264896774092,0.021425149700598833,-0.03638375423066905,0.06121273674463612,0.05513052957048159,-0.0471508019174108,-0.10287579183784791,300k
SD7037|302900|vol1|SD7037B.DRG|302200,sd7037,SD7037,302900,vol1,SD7037B.DRG,302200,0.00231099372730274,4.2,0.708,0.0103,0.7418251748251748,0.009901398601398602,0.7715040351046195,0.009344305481524255,0.8000449455970392,0.00942474481895083,0.033825174825174886,-0.03869916491275714,0.058219770771864354,0.06350403510461955,-0.04814004582952991,-0.09278587558016942,300k
SD7037|302900|vol1|SD7037B.DRG|302200,sd7037,SD7037,302900,vol1,SD7037B.DRG,302200,0.00231099372730274,5.23,0.798,0.0116,0.8444465408805032,0.011174842767295598,0.8732538302854016,0.010485376974199854,0.9023788895625794,0.010681633455099815,0.04644654088050315,-0.03665148557796565,0.057932348682076196,0.07525383028540156,-0.044135682484877,-0.09608819187932288,300k
SD7037|302900|vol1|SD7037B.DRG|302200,sd7037,SD7037,302900,vol1,SD7037B.DRG,302200,0.00231099372730274,6.25,0.876,0.014,0.9381069182389937,0.012650314465408805,0.9745030825378198,0.012071214964290483,1.0011002728413887,0.01243088227108277,0.062106918238993725,-0.09640610961365684,0.06299335460239497,0.09850308253781981,-0.017345987321188985,-0.13777035969353696,300k
SD7037|302900|vol1|SD7037B.DRG|302200,sd7037,SD7037,302900,vol1,SD7037B.DRG,302200,0.00231099372730274,7.27,0.947,0.0168,1.026132075471698,0.014608805031446539,1.0574051294746625,0.015519854344031159,1.0964234745350068,0.014281109398180874,0.0791320754716981,-0.13042827193770598,0.07029139906330872,0.11040512947466252,-0.02243137837490991,-0.07619914618862143,300k
SD7037|302900|vol1|SD7037B.DRG|302200,sd7037,SD7037,302900,vol1,SD7037B.DRG,302200,0.00231099372730274,8.28,1.015,0.0206,1.1092719999999998,0.016863199999999995,1.1345708216171284,0.01907810447326741,1.1868452306234434,0.016315141321819715,0.09427199999999991,-0.18139805825242744,0.07757323062344357,0.11957082161712851,-0.03250027741948622,-0.07387842362779565,300k
SD7037|302900|vol1|SD7037B.DRG|302200,sd7037,SD7037,302900,vol1,SD7037B.DRG,302200,0.00231099372730274,9.3,1.076,0.0246,1.181896,0.0196376,1.2045122789979312,0.022908083635301623,1.2466775039845228,0.02064911986773693,0.10589599999999999,-0.2017235772357723,0.06478150398452276,0.12851227899793116,0.05150934267613811,-0.068777087995869,300k
SD7037|302900|vol1|SD7037B.DRG|302200,sd7037,SD7037,302900,vol1,SD7037B.DRG,302200,0.00231099372730274,10.32,1.126,0.0292,1.2372369942196533,0.02304797687861272,1.2637397296217658,0.027591493940091468,1.2797740553386812,0.02670565867072905,0.11123699421965338,-0.21068572333518087,0.042537061119027886,0.13773972962176595,0.15869860558175333,-0.05508582396947028,300k
SD7062|102600|vol3|SD7062B.DRG|99400,sd7062,SD7062,102600,vol3,SD7062B.DRG,99400,0.031189083820662766,-2.86,0.195,0.0189,0.15651456310679615,0.0231,0.16182597781586763,0.018823843261050962,0.15035238182281238,0.019453966223120588,-0.038485436893203856,0.22222222222222215,-0.00616218128398377,-0.033174022184132373,-0.15783696003806977,-0.004029457087250699,100k
SD7062|102600|vol3|SD7062B.DRG|99400,sd7062,SD7062,102600,vol3,SD7062B.DRG,99400,0.031189083820662766,-1.85,0.277,0.0199,0.26023232323232326,0.02324141414141414,0.2635831547026409,0.017652732321606256,0.2463019957501647,0.01797079861363766,-0.016767676767676765,0.1679102583625195,-0.013930327482158555,-0.013416845297359148,-0.22677688610972724,-0.11292802403988667,100k
SD7062|102600|vol3|SD7062B.DRG|99400,sd7062,SD7062,102600,vol3,SD7062B.DRG,99400,0.031189083820662766,-0.83,0.369,0.0206,0.3539333333333333,0.022957142857142857,0.34722251848943664,0.01768325827952848,0.3491937967358898,0.01762923621032813,-0.015066666666666673,0.11442441054091534,-0.004739536597443528,-0.021777481510563357,-0.23208056333356,-0.14158940390638444,100k
SD7062|102600|vol3|SD7062B.DRG|99400,sd7062,SD7062,102600,vol3,SD7062B.DRG,99400,0.031189083820662766,0.2,0.477,0.0183,0.4525882352941176,0.02284705882352941,0.46103084724998694,0.017356680970383915,0.4790148428852117,0.017473863230013383,-0.024411764705882355,0.24847315975570552,0.026426607591094053,-0.015969152750013038,-0.23518106356790033,-0.051547487957163136,100k
SD7062|102600|vol3|SD7062B.DRG|99400,sd7062,SD7062,102600,vol3,SD7062B.DRG,99400,0.031189083820662766,1.22,0.577,0.0197,0.5668076923076923,0.024330769230769232,0.587191589676225,0.01752454864508829,0.5971394152396003,0.01779786329891321,-0.010192307692307612,0.23506442795782911,0.030331722931908,0.010191589676225021,-0.26850387958940336,-0.11042900278739642,100k
SD7062|102600|vol3|SD7062B.DRG|99400,sd7062,SD7062,102600,vol3,SD7062B.DRG,99400,0.031189083820662766,2.24,0.678,0.0212,0.6769622641509434,0.024328301886792452,0.700258982489136,0.018190611491024945,0.6972508159962493,0.018524288401344707,-0.0010377358490566424,0.14756140975436094,0.02028855184530587,0.022258982489135937,-0.23857043177348417,-0.1419522881592007,100k
SD7062|102600|vol3|SD7062B.DRG|99400,sd7062,SD7062,102600,vol3,SD7062B.DRG,99400,0.031189083820662766,3.26,0.771,0.0238,0.7806938775510204,0.024477551020408165,0.8154000303646213,0.019110283740226105,0.8043019537126901,0.019532376102945028,0.009693877551020358,0.02846853026925055,0.02360807616166971,0.04440003036462126,-0.2020289902915572,-0.19704690167117211,100k
SD7062|102600|vol3|SD7062B.DRG|99400,sd7062,SD7062,102600,vol3,SD7062B.DRG,99400,0.031189083820662766,4.27,0.864,0.0204,0.8761470588235294,0.024426470588235293,0.9275922865222497,0.020131226803832586,0.9125836781852442,0.020767003899856033,0.0121470588235294,0.19737600922722015,0.03643661936171483,0.06359228652224969,-0.14981561397338333,-0.013175156674873312,100k
SD7062|102600|vol3|SD7062B.DRG|99400,sd7062,SD7062,102600,vol3,SD7062B.DRG,99400,0.031189083820662766,5.3,0.95,0.0266,0.964,0.025166666666666667,1.0370371440507549,0.021317261948167018,1.020742552106629,0.022309603913731466,0.014000000000000012,-0.053884711779448556,0.05674255210662893,0.08703714405075491,-0.11352567230206095,-0.19859917488093914,100k
SD7062|102600|vol3|SD7062B.DRG|99400,sd7062,SD7062,102600,vol3,SD7062B.DRG,99400,0.031189083820662766,6.32,1.037,0.0248,1.051,0.0258,1.139994571625921,0.022821784925567436,1.123883390487403,0.0242432411012964,0.014000000000000012,0.04032258064516133,0.07288339048740311,0.10299457162592107,-0.06033949219781393,-0.07976673687228075,100k
SD7062|102600|vol3|SD7062B.DRG|99400,sd7062,SD7062,102600,vol3,SD7062B.DRG,99400,0.031189083820662766,7.33,1.118,0.0277,1.1372857142857142,0.02655982142857143,1.236660636018222,0.024830377758399014,1.220920746191743,0.026627461762967954,0.01928571428571413,-0.04116168127900974,0.08363503190602883,0.11866063601822185,0.0025467164596130075,-0.10359647081592002,100k
SD7062|102600|vol3|SD7062B.DRG|99400,sd7062,SD7062,102600,vol3,SD7062B.DRG,99400,0.031189083820662766,8.35,1.195,0.0297,1.2245000000000001,0.028650000000000002,1.3287631071043298,0.02732073422741841,1.3130610979108408,0.029357954793889324,0.02950000000000008,-0.03535353535353531,0.08856109791084066,0.1337631071043297,0.024710464010098517,-0.08010995867278084,100k
SD7062|102600|vol3|SD7062B.DRG|99400,sd7062,SD7062,102600,vol3,SD7062B.DRG,99400,0.031189083820662766,9.37,1.259,0.0372,1.309271844660194,0.03253398058252427,1.4145908578109914,0.03018034499078274,1.3967877483960585,0.0321854175326526,0.05027184466019419,-0.1254306295020357,0.08751590373586438,0.15559085781099147,-0.010713815021420933,-0.18870040347358225,100k
SD7062|102600|vol3|SD7062B.DRG|99400,sd7062,SD7062,102600,vol3,SD7062B.DRG,99400,0.031189083820662766,10.38,1.314,0.0429,1.3873084112149532,0.037622429906542056,1.491973858709745,0.03345832497473037,1.470415234955518,0.03496514634872723,0.07330841121495313,-0.1230202818987866,0.08310682374056477,0.17797385870974503,-0.07063030124358761,-0.2200856649247,100k
SD7062|102600|vol3|SD7062B.DRG|99400,sd7062,SD7062,102600,vol3,SD7062B.DRG,99400,0.031189083820662766,11.28,0.87,0.1586,1.4487835051546392,0.04210515463917525,1.5527325615266199,0.03701734365414086,1.525853823790684,0.03760150935619686,0.5787835051546392,-0.734519832035465,0.07707031863604485,0.6827325615266199,-0.1069618511456109,-0.7665993464429958,100k
SD7062|210500|vol3|SD7062B.DRG|199800,sd7062,SD7062,210500,vol3,SD7062B.DRG,199800,0.0508313539192399,-4.91,-0.014,0.0147,-0.03752830188679246,0.017722641509433965,-0.052598546633542985,0.01667109464849416,-0.04472761046322355,0.016712673306624223,-0.02352830188679246,0.20562187139006566,-0.007199308576431092,-0.038598546633542986,-0.05698745315545223,0.13408807132613326,200k
SD7062|210500|vol3|SD7062B.DRG|199800,sd7062,SD7062,210500,vol3,SD7062B.DRG,199800,0.0508313539192399,-3.9,0.081,0.0141,0.062201257861635245,0.015372327044025157,0.05305592690958386,0.014716640056726047,0.05651733559472568,0.014742337637294805,-0.018798742138364757,0.09023596056916007,-0.005683922266909565,-0.02794407309041614,-0.040982045524149385,0.043733337356457264,200k
SD7062|210500|vol3|SD7062B.DRG|199800,sd7062,SD7062,210500,vol3,SD7062B.DRG,199800,0.0508313539192399,-2.86,0.183,0.0125,0.17679754601226996,0.013812269938650307,0.16412460676731844,0.01262008095904838,0.16196419080791527,0.013025394894082847,-0.006202453987730033,0.10498159509202451,-0.014833355204354692,-0.01887539323268156,-0.05696927790019366,0.0096064767238703,200k
SD7062|210500|vol3|SD7062B.DRG|199800,sd7062,SD7062,210500,vol3,SD7062B.DRG,199800,0.0508313539192399,-1.85,0.284,0.0118,0.28465277777777775,0.012818055555555556,0.2781200802003771,0.011501144623723432,0.26395033616377905,0.011778133704253126,0.0006527777777777799,0.08627589453860651,-0.0207024416139987,-0.005879919799622879,-0.08112945421364719,-0.02532672680309897,200k
SD7062|210500|vol3|SD7062B.DRG|199800,sd7062,SD7062,210500,vol3,SD7062B.DRG,199800,0.0508313539192399,-0.84,0.383,0.0114,0.37653472222222223,0.012888194444444445,0.386898206558349,0.011581947751656578,0.3641194213703111,0.011583982052779667,-0.006465277777777778,0.13054337231968813,-0.012415300851911115,0.0038982065583489933,-0.10119434473825528,0.015960329092682215,200k
SD7062|210500|vol3|SD7062B.DRG|199800,sd7062,SD7062,210500,vol3,SD7062B.DRG,199800,0.0508313539192399,0.2,0.483,0.011,0.4824117647058824,0.012672549019607843,0.4933486303501915,0.01150203581753511,0.47683683819741013,0.011474212750043575,-0.0005882352941176117,0.15204991087344036,-0.005574926508472244,0.010348630350191512,-0.09456158091873382,0.045639619775919134,200k
SD7062|210500|vol3|SD7062B.DRG|199800,sd7062,SD7062,210500,vol3,SD7062B.DRG,199800,0.0508313539192399,1.22,0.59,0.0112,0.5909483870967742,0.01266258064516129,0.5963031081719273,0.011436746911598978,0.5924529487937519,0.011544763513248913,0.0009483870967742503,0.13058755760368665,0.0015045616969776576,0.006303108171927363,-0.08827719745575913,0.021138117107051616,200k
SD7062|210500|vol3|SD7062B.DRG|199800,sd7062,SD7062,210500,vol3,SD7062B.DRG,199800,0.0508313539192399,2.24,0.695,0.012,0.7041354838709677,0.013123225806451613,0.7109984104257929,0.011665378113643677,0.7139938805929971,0.011910357208125902,0.009135483870967742,0.09360215053763436,0.009858396722029372,0.015998410425792975,-0.09242152929575005,-0.0278851571963603,200k
SD7062|210500|vol3|SD7062B.DRG|199800,sd7062,SD7062,210500,vol3,SD7062B.DRG,199800,0.0508313539192399,3.26,0.795,0.0127,0.7978427672955974,0.014001886792452829,0.8282581055555188,0.012226601540226078,0.8210279632665789,0.012690190340240411,0.0028427672955974037,0.10251077105927792,0.023185195970981454,0.03325810555551878,-0.09367997839544287,-0.037275469273537164,200k
SD7062|210500|vol3|SD7062B.DRG|199800,sd7062,SD7062,210500,vol3,SD7062B.DRG,199800,0.0508313539192399,4.29,0.892,0.0136,0.8927682119205298,0.01500728476821192,0.9440074836351544,0.013110889777261363,0.9263502895864366,0.013686561196202679,0.0007682119205297822,0.10347682119205302,0.03358207766590682,0.052007483635154395,-0.08800549815691958,-0.03596398696607616,200k
SD7062|210500|vol3|SD7062B.DRG|199800,sd7062,SD7062,210500,vol3,SD7062B.DRG,199800,0.0508313539192399,5.3,0.985,0.0151,0.9964437086092716,0.016077483443708608,1.0534015622268766,0.014274817254532567,1.030049650613436,0.014976938010914228,0.011443708609271575,0.06473400289460977,0.033605942004164446,0.06840156222687666,-0.06845259313422225,-0.054647863938240615,200k
SD7062|210500|vol3|SD7062B.DRG|199800,sd7062,SD7062,210500,vol3,SD7062B.DRG,199800,0.0508313539192399,6.33,1.075,0.0167,1.0972847682119204,0.01738609271523179,1.15927065989093,0.01571935135604589,1.133029437440926,0.016458214615804354,0.02228476821192049,0.041083396121664055,0.03574466922900554,0.08427065989092997,-0.0533689837403507,-0.05872147568587482,200k
SD7062|210500|vol3|SD7062B.DRG|199800,sd7062,SD7062,210500,vol3,SD7062B.DRG,199800,0.0508313539192399,7.35,1.164,0.0186,1.1948431372549018,0.01879607843137255,1.2584904073060599,0.01734452517704905,1.231908537939501,0.018011554691325624,0.030843137254901842,0.010541851149061887,0.03706540068459918,0.09449040730605995,-0.04173869261672563,-0.06749864639521237,200k
SD7062|210500|vol3|SD7062B.DRG|199800,sd7062,SD7062,210500,vol3,SD7062B.DRG,199800,0.0508313539192399,8.36,1.243,0.0201,1.2892418300653594,0.02031437908496732,1.3490738614201963,0.0192485653792499,1.324854195757884,0.01964182145056617,0.04624183006535931,0.010665626117777043,0.03561236569252468,0.10607386142019615,-0.03310746696160854,-0.04235993138060193,200k
SD7062|210500|vol3|SD7062B.DRG|199800,sd7062,SD7062,210500,vol3,SD7062B.DRG,199800,0.0508313539192399,9.38,1.316,0.0221,1.3720254777070064,0.022238853503184716,1.4287354069312412,0.021636141494786255,1.4041623448115124,0.021623668440321688,0.05602547770700639,0.00628296394500968,0.03213686710450592,0.11273540693124118,-0.027662624908920345,-0.020989072634106192,200k
SD7062|210500|vol3|SD7062B.DRG|199800,sd7062,SD7062,210500,vol3,SD7062B.DRG,199800,0.0508313539192399,10.4,1.379,0.0254,1.4477837837837837,0.02460810810810811,1.4948021495699422,0.02463045647757619,1.4730733787215824,0.02397100156056166,0.06878378378378369,-0.031176846137475973,0.0252895949377987,0.11580214956994217,-0.02589010681957022,-0.03029698907180355,200k
SD7062|210500|vol3|SD7062B.DRG|199800,sd7062,SD7062,210500,vol3,SD7062B.DRG,199800,0.0508313539192399,11.4,1.43,0.029,1.5112972972972973,0.027851351351351354,1.5475171846155082,0.028232919610393797,1.522328540585707,0.027020337891329363,0.0812972972972974,-0.039608574091332664,0.011031243288409653,0.11751718461550831,-0.029837455624273337,-0.026451047917455336,200k
SD7062|305800|vol3|SD7062B.DRG|299500,sd7062,SD7062,305800,vol3,SD7062B.DRG,299500,0.020601700457815567,-4.98,-0.02,0.0133,-0.06931481481481488,0.015291975308641978,-0.06995742118551249,0.014308761116183781,-0.06330185358258131,0.013980872132373982,-0.04931481481481488,0.14977257959714124,0.006012961232233577,-0.04995742118551248,-0.0857379867417815,0.075846700464946,300k
SD7062|305800|vol3|SD7062B.DRG|299500,sd7062,SD7062,305800,vol3,SD7062B.DRG,299500,0.020601700457815567,-3.9,0.09,0.0125,0.04068518518518519,0.01322530864197531,0.04790906792274763,0.01266723817326112,0.04919416177651931,0.012487821115597915,-0.049314814814814804,0.05802469135802471,0.008508976591334115,-0.04209093207725237,-0.05576335088594538,0.013379053860889528,300k
SD7062|305800|vol3|SD7062B.DRG|299500,sd7062,SD7062,305800,vol3,SD7062B.DRG,299500,0.020601700457815567,-2.92,0.188,0.0115,0.147,0.0117,0.15530833619105372,0.011112918598055896,0.15253228923292142,0.011125823559326899,-0.04100000000000001,0.017391304347826132,0.005532289232921428,-0.03269166380894628,-0.04907490945923943,-0.03365925234296556,300k
SD7062|305800|vol3|SD7062B.DRG|299500,sd7062,SD7062,305800,vol3,SD7062B.DRG,299500,0.020601700457815567,-1.87,0.293,0.0106,0.25983448275862064,0.010466896551724138,0.27671630618919796,0.00973506941083811,0.26380921526381224,0.009945085225705136,-0.03316551724137934,-0.012556929082628454,0.003974732505191592,-0.016283693810802025,-0.049853490329284655,-0.08159722539263106,300k
SD7062|305800|vol3|SD7062B.DRG|299500,sd7062,SD7062,305800,vol3,SD7062B.DRG,299500,0.020601700457815567,-0.82,0.398,0.0101,0.36411034482758625,0.010322068965517241,0.39435291988607657,0.009801131513237126,0.3760126733080627,0.009709893682455608,-0.03388965517241377,0.021987026288835785,0.011902328480476454,-0.003647080113923451,-0.05930742035407011,-0.029590939283452855,300k
SD7062|305800|vol3|SD7062B.DRG|299500,sd7062,SD7062,305800,vol3,SD7062B.DRG,299500,0.020601700457815567,0.21,0.502,0.0102,0.48460714285714285,0.010403571428571429,0.507915879196222,0.009786795586533661,0.48371122747331086,0.00960530878977289,-0.017392857142857154,0.01995798319327725,-0.0008959153838319911,0.005915879196222051,-0.07672967348561312,-0.04051023661434702,300k
SD7062|305800|vol3|SD7062B.DRG|299500,sd7062,SD7062,305800,vol3,SD7062B.DRG,299500,0.020601700457815567,1.22,0.605,0.0099,0.6036774193548387,0.01057741935483871,0.614847168813648,0.009850454424018844,0.5918625689236939,0.009623156156967707,-0.001322580645161331,0.06842619745845545,-0.011814850431144719,0.009847168813648,-0.0902170147423028,-0.005004603634460269,300k
SD7062|305800|vol3|SD7062B.DRG|299500,sd7062,SD7062,305800,vol3,SD7062B.DRG,299500,0.020601700457815567,2.25,0.712,0.0103,0.715316129032258,0.010976129032258065,0.7217673568054007,0.010061753949468831,0.7144263576905999,0.01004469618471045,0.003316129032258086,0.06564359536486071,-0.0008897713416581299,0.009767356805400751,-0.08485986679003132,-0.023130684517589203,300k
SD7062|305800|vol3|SD7062B.DRG|299500,sd7062,SD7062,305800,vol3,SD7062B.DRG,299500,0.020601700457815567,3.27,0.812,0.0115,0.8274375,0.011625,0.8339452379916931,0.010536124756209774,0.8245403491633442,0.01071601595193957,0.015437499999999993,0.010869565217391314,-0.0028971508366558707,0.021945237991693012,-0.07819217617724133,-0.08381523859045438,300k
SD7062|305800|vol3|SD7062B.DRG|299500,sd7062,SD7062,305800,vol3,SD7062B.DRG,299500,0.020601700457815567,4.28,0.906,0.0124,0.9382129032258065,0.012420645161290322,0.9456367452120272,0.011292716351959347,0.9283137710253488,0.011539004926408008,0.0322129032258065,0.0016649323621228068,-0.009899132200457683,0.0396367452120272,-0.07098183898127922,-0.08929706839037524,300k
SD7062|305800|vol3|SD7062B.DRG|299500,sd7062,SD7062,305800,vol3,SD7062B.DRG,299500,0.020601700457815567,5.31,0.997,0.0139,1.0432064516129032,0.013550322580645162,1.0575435512329896,0.012402773437213443,1.032772709105094,0.012739851086930874,0.046206451612903154,-0.0251566488744487,-0.010433742507809152,0.0605435512329896,-0.05981197044503865,-0.10771414120766591,300k
SD7062|305800|vol3|SD7062B.DRG|299500,sd7062,SD7062,305800,vol3,SD7062B.DRG,299500,0.020601700457815567,6.31,1.084,0.0154,1.1424161073825503,0.014633557046979865,1.1622908369691052,0.013692343254057096,1.1323519166277192,0.013981936967914811,0.05841610738255021,-0.04976902292338545,-0.010064190754831115,0.0782908369691051,-0.04452916519019123,-0.1108868016846042,300k
SD7062|305800|vol3|SD7062B.DRG|299500,sd7062,SD7062,305800,vol3,SD7062B.DRG,299500,0.020601700457815567,7.33,1.168,0.0162,1.2408493150684932,0.015756164383561644,1.262959654510468,0.015208072846287527,1.2313673963977114,0.015330414653549354,0.07284931506849324,-0.02739726027397255,-0.009481918670781742,0.09495965451046806,-0.027021153095893893,-0.06123007121681924,300k
SD7062|305800|vol3|SD7062B.DRG|299500,sd7062,SD7062,305800,vol3,SD7062B.DRG,299500,0.020601700457815567,8.37,1.249,0.0181,1.334876712328767,0.017109589041095892,1.356073643794132,0.017088604393766492,1.3227421842253633,0.016915835798382014,0.08587671232876692,-0.054718837508514334,-0.012134528103403763,0.10707364379413198,-0.01132424877350929,-0.05587821028914417,300k
SD7062|305800|vol3|SD7062B.DRG|299500,sd7062,SD7062,305800,vol3,SD7062B.DRG,299500,0.020601700457815567,9.38,1.323,0.0201,1.4164025974025976,0.019021428571428575,1.4343144782416049,0.019334781779226044,1.3985880579180214,0.018836649211229087,0.0934025974025976,-0.05366027007818036,-0.01781453948457612,0.1113144782416049,-0.009714273536585914,-0.03807055824746051,300k
SD7062|305800|vol3|SD7062B.DRG|299500,sd7062,SD7062,305800,vol3,SD7062B.DRG,299500,0.020601700457815567,10.39,1.388,0.0231,1.4908243243243242,0.021408108108108108,1.4997710336124368,0.02210390776386856,1.4653611435622105,0.021119519390256265,0.10282432432432431,-0.07324207324207321,-0.025463180762113735,0.1117710336124369,-0.01348034662355536,-0.04312087602300597,300k
SD7062|305800|vol3|SD7062B.DRG|299500,sd7062,SD7062,305800,vol3,SD7062B.DRG,299500,0.020601700457815567,11.4,1.442,0.027,1.5515608108108108,0.024820270270270273,1.5530995476030796,0.025600745262221405,1.5154189603253674,0.024329304947318716,0.10956081081081082,-0.0807307307307306,-0.03614185048544338,0.11109954760307961,-0.01978082098242241,-0.051824249547355344,300k
SD7080|103500|vol3|SD7080.DRG|99943,sd7080,SD7080,103500,vol3,SD7080.DRG,99943,0.034367149758454105,-3.98,-0.252,0.0182,-0.27428431372549017,0.024915686274509803,-0.34342766246970596,0.02436958958162115,-0.3129090019262871,0.02499870713503077,-0.022284313725490168,0.36899375134669243,-0.03862468820079695,-0.09142766246970596,0.00333207199698536,0.3389884385506126,100k
SD7080|103500|vol3|SD7080.DRG|99943,sd7080,SD7080,103500,vol3,SD7080.DRG,99943,0.034367149758454105,-2.95,-0.156,0.0171,-0.17358823529411763,0.019005882352941175,-0.25012800696563103,0.019606178890719354,-0.21996790880223896,0.019765119673942337,-0.017588235294117627,0.11145510835913297,-0.04637967350812133,-0.09412800696563103,0.03994749135567863,0.1465601690479154,100k
SD7080|103500|vol3|SD7080.DRG|99943,sd7080,SD7080,103500,vol3,SD7080.DRG,99943,0.034367149758454105,-1.92,-0.029,0.0137,-0.04853781512605042,0.014287394957983193,-0.12679339579668633,0.014684409314444234,-0.12648087974541647,0.015099014480964427,-0.019537815126050417,0.04287554437833522,-0.07794306461936605,-0.09779339579668633,0.0568066834694547,0.07185469448498052,100k
SD7080|103500|vol3|SD7080.DRG|99943,sd7080,SD7080,103500,vol3,SD7080.DRG,99943,0.034367149758454105,-0.9,0.109,0.0123,0.10317647058823527,0.013858823529411764,0.08471990786776405,0.014689999750016936,0.05885518093121206,0.01495602318762214,-0.005823529411764727,0.12673362027737914,-0.04432128965702321,-0.024280092132235948,0.07916975462468764,0.19430892276560455,100k
SD7080|103500|vol3|SD7080.DRG|99943,sd7080,SD7080,103500,vol3,SD7080.DRG,99943,0.034367149758454105,0.14,0.243,0.0128,0.23985106382978724,0.014853191489361702,0.2554668469394004,0.0145813418451361,0.23772210410418132,0.015019099941194635,-0.0031489361702127516,0.16040558510638292,-0.0021289597256059223,0.012466846939400422,0.011169885741509615,0.13916733165125772,100k
SD7080|103500|vol3|SD7080.DRG|99943,sd7080,SD7080,103500,vol3,SD7080.DRG,99943,0.034367149758454105,1.16,0.351,0.0153,0.34865384615384615,0.014994230769230768,0.4028795846160312,0.014467926985553511,0.4062330780080607,0.015029235357773564,-0.002346153846153831,-0.01998491704374059,0.05757923185421454,0.051879584616031205,0.002334537135084512,-0.05438385715336525,100k
SD7080|103500|vol3|SD7080.DRG|99943,sd7080,SD7080,103500,vol3,SD7080.DRG,99943,0.034367149758454105,2.18,0.448,0.0126,0.43741509433962267,0.015543396226415094,0.5073013396654382,0.014159340798462958,0.5423772154088012,0.014718209395732169,-0.010584905660377342,0.23360287511230907,0.10496212106917857,0.05930133966543821,-0.05308922314420376,0.1237572062272189,100k
SD7080|103500|vol3|SD7080.DRG|99943,sd7080,SD7080,103500,vol3,SD7080.DRG,99943,0.034367149758454105,3.2,0.535,0.0144,0.5218762886597939,0.01512577319587629,0.603977490763076,0.01409381383925045,0.6543565612264846,0.014499268279493212,-0.013123711340206179,0.05040091638029791,0.1324802725666907,0.06897749076307602,-0.04141969526251259,-0.021262927829829796,100k
SD7080|103500|vol3|SD7080.DRG|99943,sd7080,SD7080,103500,vol3,SD7080.DRG,99943,0.034367149758454105,4.22,0.629,0.017,0.6339619047619047,0.015118095238095238,0.7069341342971968,0.015228149021305025,0.7558341783199412,0.01513552369990856,0.004961904761904723,-0.1107002801120449,0.12187227355803643,0.07793413429719676,0.0011528212740322503,-0.10422652815852798,100k
SD7080|103500|vol3|SD7080.DRG|99943,sd7080,SD7080,103500,vol3,SD7080.DRG,99943,0.034367149758454105,5.25,0.726,0.0171,0.7330380952380953,0.016981904761904764,0.8088122900827593,0.017142755053837125,0.8546199460669888,0.01658658518255354,0.007038095238095288,-0.006906154274575239,0.1215818508288935,0.08281229008275937,-0.02327887153377747,0.002500295546030656,100k
SD7080|103500|vol3|SD7080.DRG|99943,sd7080,SD7080,103500,vol3,SD7080.DRG,99943,0.034367149758454105,6.26,0.803,0.0197,0.8217358490566037,0.019169811320754716,0.9064579003628231,0.019245051934094908,0.9488819560499581,0.018504365780159238,0.018735849056603637,-0.02691313092615647,0.12714610699335438,0.1034579003628231,-0.03471320241295312,-0.023093810452035055,100k
SD7080|103500|vol3|SD7080.DRG|99943,sd7080,SD7080,103500,vol3,SD7080.DRG,99943,0.034367149758454105,7.28,0.868,0.0208,0.9041958762886598,0.022368041237113404,0.9989920563734813,0.021058142087621506,1.0375444814068273,0.021203428756687643,0.036195876288659834,0.07538659793814445,0.13334860511816748,0.13099205637348132,-0.05206591261524578,0.012410677289495513,100k
SD7080|103500|vol3|SD7080.DRG|99943,sd7080,SD7080,103500,vol3,SD7080.DRG,99943,0.034367149758454105,8.3,0.932,0.0291,0.9844271844660194,0.02416504854368932,1.0664534755080974,0.023700364540581727,1.1140908692550124,0.024323783424468406,0.05242718446601935,-0.1695859606979615,0.12966368478899304,0.1344534755080974,0.006568779718861322,-0.18555448314152145,100k
SD7080|103500|vol3|SD7080.DRG|99943,sd7080,SD7080,103500,vol3,SD7080.DRG,99943,0.034367149758454105,9.31,0.973,0.0283,1.0228823529411766,0.02905294117647059,1.1198521228096263,0.03059048684940582,1.1789121314520086,0.029075855791331182,0.0498823529411766,0.026605695281646347,0.156029778510832,0.14685212280962634,0.0007887192804820042,0.08093593107441065,100k
SD7080|103500|vol3|SD7080.DRG|99943,sd7080,SD7080,103500,vol3,SD7080.DRG,99943,0.034367149758454105,10.31,0.999,0.0628,1.0517142857142858,0.037118367346938776,1.1928821369405516,0.039144128579629706,1.2351818785442699,0.03682363740849997,0.052714285714285825,-0.4089431951124398,0.18346759282998404,0.19388213694055156,-0.007940272148395376,-0.37668585064283905,100k
SD7080|149800|vol3|SD7080.DRG|149842,sd7080,SD7080,149800,vol3,SD7080.DRG,149842,0.00028037383177570094,-6.0,-0.388,0.0349,-0.40895,0.04315166666666667,-0.481490289056217,0.04739507145667734,-0.4584592359222234,0.04953771547042283,-0.02094999999999997,0.23643744030563527,-0.049509235922223394,-0.09349028905621698,0.14799077989470064,0.3580249701053679,150k
SD7080|149800|vol3|SD7080.DRG|149842,sd7080,SD7080,149800,vol3,SD7080.DRG,149842,0.00028037383177570094,-4.98,-0.305,0.026,-0.30185000000000006,0.028021666666666677,-0.4180470951353691,0.029016124771822548,-0.39136339655260793,0.030616807927060417,0.0031499999999999306,0.07775641025641071,-0.08951339655260787,-0.11304709513536909,0.0926119524318232,0.11600479891625189,150k
SD7080|149800|vol3|SD7080.DRG|149842,sd7080,SD7080,149800,vol3,SD7080.DRG,149842,0.00028037383177570094,-3.95,-0.186,0.0195,-0.19421978021978026,0.0203967032967033,-0.3133751469318523,0.021065975593424376,-0.29917671940538376,0.021172239871037175,-0.00821978021978026,0.04598478444632305,-0.1049569391856035,-0.1273751469318523,0.03802264331899288,0.08030644068842956,150k
SD7080|149800|vol3|SD7080.DRG|149842,sd7080,SD7080,149800,vol3,SD7080.DRG,149842,0.00028037383177570094,-2.94,-0.079,0.0147,-0.07084615384615386,0.016315384615384617,-0.1767362374588741,0.01674974295300069,-0.17106412485875847,0.017041971769787456,0.008153846153846137,0.10989010989011004,-0.1002179710126046,-0.0977362374588741,0.044533866135016024,0.13943829612249597,150k
SD7080|149800|vol3|SD7080.DRG|149842,sd7080,SD7080,149800,vol3,SD7080.DRG,149842,0.00028037383177570094,-1.91,0.034,0.0115,0.031285714285714306,0.012833333333333334,-0.022995922553582022,0.011969762136041845,-0.03017194964786179,0.012779405449371875,-0.002714285714285697,0.1159420289855073,-0.061457663933576094,-0.056995922553582025,-0.004202172776217533,0.040848881394943026,150k
SD7080|149800|vol3|SD7080.DRG|149842,sd7080,SD7080,149800,vol3,SD7080.DRG,149842,0.00028037383177570094,-0.89,0.171,0.0106,0.15056363636363634,0.01158,0.19363498821566505,0.011588845473401924,0.16804952036281476,0.011852192838063283,-0.02043636363636367,0.09245283018867924,0.017485883999178414,0.022634988215665036,0.023505426430335312,0.09328730881150225,150k
SD7080|149800|vol3|SD7080.DRG|149842,sd7080,SD7080,149800,vol3,SD7080.DRG,149842,0.00028037383177570094,0.15,0.267,0.0105,0.2502522522522523,0.011322522522522522,0.31821469169808525,0.011114296517323185,0.327661140193746,0.011178055835353942,-0.016747747747747732,0.07833547833547817,0.0774088879414937,0.051214691698085235,-0.012759231600662307,0.05850443022125567,150k
SD7080|149800|vol3|SD7080.DRG|149842,sd7080,SD7080,149800,vol3,SD7080.DRG,149842,0.00028037383177570094,1.17,0.361,0.0107,0.342395061728395,0.011775308641975308,0.40814126827606934,0.010928095522836738,0.4487286612359712,0.01074027913609234,-0.018604938271604976,0.10049613476404753,0.1063335995075762,0.04714126827606935,-0.087898291021724,0.02131733858287276,150k
SD7080|149800|vol3|SD7080.DRG|149842,sd7080,SD7080,149800,vol3,SD7080.DRG,149842,0.00028037383177570094,2.2,0.461,0.0106,0.4526893203883495,0.012472815533980584,0.5019988166530563,0.01089114021514585,0.5544945706801435,0.01073100490383811,-0.008310679611650496,0.17668071075288524,0.10180525029179399,0.040998816653056325,-0.13964855211697258,0.027466058032627316,150k
SD7080|149800|vol3|SD7080.DRG|149842,sd7080,SD7080,149800,vol3,SD7080.DRG,149842,0.00028037383177570094,3.21,0.555,0.0112,0.5626435643564356,0.011635643564356434,0.6014007471626236,0.011449357374530683,0.6547272150416324,0.011226173756600384,0.007643564356435539,0.038896746817538776,0.09208365068519686,0.046400747162623546,-0.03519098926426233,0.022264051297382403,150k
SD7080|149800|vol3|SD7080.DRG|149842,sd7080,SD7080,149800,vol3,SD7080.DRG,149842,0.00028037383177570094,4.24,0.648,0.013,0.6625909090909091,0.012181818181818183,0.7028289129367455,0.01292849110036057,0.7553436143007465,0.012337090734306664,0.014590909090909099,-0.06293706293706283,0.09275270520983736,0.05482891293674552,0.012746254308755964,-0.0055006845876483515,150k
SD7080|149800|vol3|SD7080.DRG|149842,sd7080,SD7080,149800,vol3,SD7080.DRG,149842,0.00028037383177570094,5.25,0.74,0.0146,0.7498181818181818,0.014936363636363638,0.8016689819644999,0.01460242294087921,0.8528529335905618,0.013763302647109872,0.009818181818181837,0.023038605230386172,0.10303475177237997,0.06166898196449988,-0.07853725430183459,0.0001659548547403973,150k
SD7080|149800|vol3|SD7080.DRG|149842,sd7080,SD7080,149800,vol3,SD7080.DRG,149842,0.00028037383177570094,6.27,0.83,0.0168,0.8404230769230768,0.017115384615384616,0.9020896775195577,0.016308962524495294,0.9486356190046712,0.0157022444549418,0.010423076923076868,0.018772893772893852,0.10821254208159437,0.07208967751955775,-0.08256549252025439,-0.029228421160994333,150k
SD7080|149800|vol3|SD7080.DRG|149842,sd7080,SD7080,149800,vol3,SD7080.DRG,149842,0.00028037383177570094,7.28,0.92,0.0192,0.929425925925926,0.019462962962962967,0.9993008985783584,0.017735297248664527,1.0392492906506625,0.018120008269012736,0.009425925925925949,0.013695987654321267,0.10982336472473653,0.07930089857835831,-0.06900052661590149,-0.0762866016320558,150k
SD7080|149800|vol3|SD7080.DRG|149842,sd7080,SD7080,149800,vol3,SD7080.DRG,149842,0.00028037383177570094,8.3,0.977,0.0228,1.002148148148148,0.02267407407407408,1.0709383177755676,0.021136369005817137,1.1219630242864789,0.020502859131357735,0.02514814814814803,-0.005523066926575513,0.11981487613833086,0.0939383177755676,-0.09575760119787857,-0.072966271674687,150k
SD7080|149800|vol3|SD7080.DRG|149842,sd7080,SD7080,149800,vol3,SD7080.DRG,149842,0.00028037383177570094,9.31,1.013,0.0304,1.0365840707964602,0.029643362831858415,1.124483005713725,0.02771028249540357,1.1836439387700208,0.02484007985954495,0.0235840707964603,-0.024889380530973188,0.14705986797356063,0.11148300571372505,-0.16203569748676638,-0.08847754949330357,150k
SD7080|149800|vol3|SD7080.DRG|149842,sd7080,SD7080,149800,vol3,SD7080.DRG,149842,0.00028037383177570094,10.32,1.041,0.0379,1.0660796460176991,0.03688318584070797,1.191172885889471,0.034803753051954184,1.229472128497171,0.031878108675066,0.025079646017699186,-0.026828869638312287,0.1633924824794719,0.15017288588947109,-0.1357007821194737,-0.08169517013313507,150k
SD7080|205700|vol3|SD7080.DRG|199879,sd7080,SD7080,205700,vol3,SD7080.DRG,199879,0.028298492950899368,-4.98,-0.3,0.025,-0.26592000000000005,0.025252000000000004,-0.3719720594108542,0.024438208651666935,-0.3749278893767056,0.028306423064566533,0.034079999999999944,0.010080000000000089,-0.10900788937670558,-0.07197205941085422,0.12095766927635551,-0.02247165393332265,200k
SD7080|205700|vol3|SD7080.DRG|199879,sd7080,SD7080,205700,vol3,SD7080.DRG,199879,0.028298492950899368,-3.96,-0.187,0.0175,-0.15236000000000002,0.018316000000000002,-0.23492713263868317,0.0177269951963324,-0.25425887884219317,0.019075642258338427,0.034639999999999976,0.04662857142857147,-0.10189887884219315,-0.04792713263868317,0.04147424428578428,0.01297115407613708,200k
SD7080|205700|vol3|SD7080.DRG|199879,sd7080,SD7080,205700,vol3,SD7080.DRG,199879,0.028298492950899368,-2.93,-0.074,0.0143,-0.04633027522935781,0.015412844036697248,-0.08811118871578419,0.01384730556852056,-0.10499922319353193,0.014773013019842992,0.02766972477064219,0.07782126130749983,-0.05866894796417412,-0.014111188715784193,-0.04151284573637734,-0.03165695325031054,200k
SD7080|205700|vol3|SD7080.DRG|199879,sd7080,SD7080,205700,vol3,SD7080.DRG,199879,0.028298492950899368,-1.91,0.028,0.0111,0.03984615384615386,0.01201153846153846,0.037310179306694315,0.009797268224375414,0.04049418636355361,0.011048606214168472,0.011846153846153857,0.08212058212058199,0.0006480325173997548,0.009310179306694314,-0.08016727003400484,-0.11736322302924206,200k
SD7080|205700|vol3|SD7080.DRG|199879,sd7080,SD7080,205700,vol3,SD7080.DRG,199879,0.028298492950899368,-0.88,0.129,0.0084,0.139,0.010089583333333334,0.20145326916252207,0.009322845379991907,0.20544174229808584,0.009648954676391397,0.010000000000000009,0.2011408730158732,0.06644174229808583,0.07245326916252207,-0.04367164058065861,0.10986254523713192,200k
SD7080|205700|vol3|SD7080.DRG|199879,sd7080,SD7080,205700,vol3,SD7080.DRG,199879,0.028298492950899368,0.14,0.24,0.0083,0.2481919191919192,0.009450505050505051,0.3132847473436237,0.0091307126983235,0.34707337574077923,0.00911233378780099,0.008191919191919222,0.13861506632590978,0.09888145654886002,0.07328474734362372,-0.03578340637847595,0.10008586726789163,200k
SD7080|205700|vol3|SD7080.DRG|199879,sd7080,SD7080,205700,vol3,SD7080.DRG,199879,0.028298492950899368,1.17,0.34,0.0086,0.3543846153846154,0.009717948717948718,0.4011659585869489,0.008975994910488382,0.45297048371003906,0.00890120192861851,0.014384615384615385,0.1299940369707812,0.09858586832542365,0.0611659585869489,-0.08404518412632757,0.043720338428881615,200k
SD7080|205700|vol3|SD7080.DRG|199879,sd7080,SD7080,205700,vol3,SD7080.DRG,199879,0.028298492950899368,2.18,0.435,0.0087,0.46405813953488373,0.00962093023255814,0.4967010651389002,0.009085135960298706,0.5513418769796284,0.009046542987124996,0.02905813953488373,0.10585404971932642,0.08728373744474471,0.061701065138900224,-0.0597018408354488,0.04426850118375941,200k
SD7080|205700|vol3|SD7080.DRG|199879,sd7080,SD7080,205700,vol3,SD7080.DRG,199879,0.028298492950899368,3.21,0.533,0.0097,0.5699381443298969,0.010181443298969072,0.5978833303648976,0.00998537276023145,0.652355436790684,0.009755313481535244,0.03693814432989684,0.04963332979062593,0.0824172924607871,0.06488333036489757,-0.04185357664143512,0.02941987218880925,200k
SD7080|205700|vol3|SD7080.DRG|199879,sd7080,SD7080,205700,vol3,SD7080.DRG,199879,0.028298492950899368,4.24,0.625,0.0112,0.6721379310344827,0.011751724137931035,0.6983641016965642,0.011490803191121822,0.7533031021048388,0.010967813472459518,0.047137931034482716,0.049261083743842374,0.08116517107035603,0.07336410169656415,-0.06670601320033448,0.025964570635877003,200k
SD7080|205700|vol3|SD7080.DRG|199879,sd7080,SD7080,205700,vol3,SD7080.DRG,199879,0.028298492950899368,5.25,0.721,0.0126,0.7678196721311475,0.013475409836065573,0.7982389857921071,0.012934865011850724,0.8510648619464543,0.012413697257100826,0.04681967213114757,0.06947697111631534,0.08324518981530671,0.07723898579210708,-0.07878888967986566,0.02657658824212093,200k
SD7080|205700|vol3|SD7080.DRG|199879,sd7080,SD7080,205700,vol3,SD7080.DRG,199879,0.028298492950899368,6.27,0.813,0.0138,0.8622950819672132,0.015231147540983606,0.9005820545130906,0.014369206757406107,0.9480975338702647,0.014299954129516894,0.04929508196721322,0.10370634354953666,0.08580245190305158,0.08758205451309065,-0.06113744279353075,0.041246866478703445,200k
SD7080|205700|vol3|SD7080.DRG|199879,sd7080,SD7080,205700,vol3,SD7080.DRG,199879,0.028298492950899368,7.29,0.9,0.0158,0.9553300970873786,0.017498058252427184,1.002196514663338,0.01567838317523748,1.0424581124157863,0.01640204746888098,0.05533009708737857,0.10747204129285962,0.08712801532840775,0.10219651466333801,-0.0626361375493864,-0.007697267390032922,200k
SD7080|205700|vol3|SD7080.DRG|199879,sd7080,SD7080,205700,vol3,SD7080.DRG,199879,0.028298492950899368,8.3,0.961,0.0197,1.013811320754717,0.02251509433962265,1.0746295595362054,0.01968305871981586,1.1290897654050047,0.01852654902278867,0.05281132075471706,0.14289818982856092,0.11527844465028769,0.11362955953620546,-0.17714983808950038,-0.0008599634611238205,200k
SD7080|205700|vol3|SD7080.DRG|199879,sd7080,SD7080,205700,vol3,SD7080.DRG,199879,0.028298492950899368,9.31,1.007,0.0246,1.0547830188679246,0.028327358490566043,1.1311826412288903,0.02554790073005347,1.191057288466848,0.02286024205008731,0.04778301886792469,0.1515186378278879,0.13627426959892341,0.12418264122889044,-0.19299774958895186,0.0385325500021736,200k
SD7080|205700|vol3|SD7080.DRG|199879,sd7080,SD7080,205700,vol3,SD7080.DRG,199879,0.028298492950899368,10.31,1.042,0.0323,1.086242718446602,0.03600776699029126,1.1902156627926643,0.0316297124230426,1.232713078296654,0.02923353560871773,0.04424271844660188,0.11479154768703591,0.14647035985005208,0.1482156627926643,-0.18813250439551168,-0.02075193736710229,200k
SD7080|301800|vol3|SD7080.DRG|299767,sd7080,SD7080,301800,vol3,SD7080.DRG,299767,0.006736249171636846,-6.02,-0.393,0.036,-0.3711946902654867,0.038401769911504416,-0.4312642210561435,0.0334237227399487,-0.4452418605479335,0.036280290757461565,0.021805309734513334,0.06671583087512274,-0.07404717028244684,-0.038264221056143466,-0.05524430667991938,-0.07156325722364708,300k
SD7080|301800|vol3|SD7080.DRG|299767,sd7080,SD7080,301800,vol3,SD7080.DRG,299767,0.006736249171636846,-4.99,-0.285,0.021,-0.25800000000000006,0.022177083333333337,-0.2968283954202512,0.01887545148597298,-0.3176750601215295,0.019992059855011762,0.026999999999999913,0.0560515873015874,-0.059675060121529455,-0.011828395420251214,-0.098526187843528,-0.10116897685842965,300k
SD7080|301800|vol3|SD7080.DRG|299767,sd7080,SD7080,301800,vol3,SD7080.DRG,299767,0.006736249171636846,-3.96,-0.18,0.0153,-0.15605660377358493,0.01632452830188679,-0.16709493157988511,0.013962635976936814,-0.17499040433535024,0.014899083097912678,0.02394339622641506,0.06696263411024783,-0.0189338005617653,0.012905068420114879,-0.0873192277053028,-0.08740941327210364,300k
SD7080|301800|vol3|SD7080.DRG|299767,sd7080,SD7080,301800,vol3,SD7080.DRG,299767,0.006736249171636846,-2.97,-0.092,0.0127,-0.06477777777777778,0.012999074074074074,-0.05789404704510463,0.011349709274686249,-0.036333844315835605,0.01187620345047076,0.027222222222222217,0.023549139690872037,0.028443933461942177,0.034105952954895366,-0.08638081583386137,-0.10632210435541344,300k
SD7080|301800|vol3|SD7080.DRG|299767,sd7080,SD7080,301800,vol3,SD7080.DRG,299767,0.006736249171636846,-1.93,-0.003,0.0101,0.027773109243697483,0.010054621848739495,0.0403690587378004,0.008192209414342278,0.09769844053831987,0.008641214066555833,0.030773109243697482,-0.004492886263416293,0.06992533129462239,0.043369058737800406,-0.1405729428164277,-0.18889015699581402,300k
SD7080|301800|vol3|SD7080.DRG|299767,sd7080,SD7080,301800,vol3,SD7080.DRG,299767,0.006736249171636846,-0.9,0.09,0.0075,0.12298319327731096,0.008496638655462185,0.15807926573153558,0.007406005263335292,0.2101594437616962,0.007460735645240021,0.03298319327731096,0.13288515406162477,0.08717625048438525,0.06807926573153558,-0.1219191555893953,-0.01253263155529434,300k
SD7080|301800|vol3|SD7080.DRG|299767,sd7080,SD7080,301800,vol3,SD7080.DRG,299767,0.006736249171636846,0.13,0.216,0.0069,0.2553061224489796,0.00756530612244898,0.29432223281330017,0.007471909353012878,0.336871875028724,0.007194289276146292,0.0393061224489796,0.09642117716651882,0.08156575257974441,0.07832223281330017,-0.04904188149131831,0.08288541348012729,300k
SD7080|301800|vol3|SD7080.DRG|299767,sd7080,SD7080,301800,vol3,SD7080.DRG,299767,0.006736249171636846,1.14,0.317,0.0073,0.36342857142857143,0.007588571428571429,0.3967657403190557,0.0074128133290310705,0.44775910864822355,0.007224776257764543,0.04642857142857143,0.039530332681017646,0.08433053721965211,0.0797657403190557,-0.04793987567108815,0.01545388068918773,300k
SD7080|301800|vol3|SD7080.DRG|299767,sd7080,SD7080,301800,vol3,SD7080.DRG,299767,0.006736249171636846,2.18,0.42,0.0081,0.4719428571428571,0.008214285714285716,0.4969976797326094,0.007695634988352725,0.5509369919352155,0.007545581829018629,0.051942857142857124,0.014109347442680997,0.0789941347923584,0.0769976797326094,-0.08140742951077576,-0.04992160637620674,300k
SD7080|301800|vol3|SD7080.DRG|299767,sd7080,SD7080,301800,vol3,SD7080.DRG,299767,0.006736249171636846,3.21,0.516,0.0091,0.5734697986577182,0.009146308724832214,0.5956155374501823,0.008797893850733157,0.6508486791659653,0.008414483349043912,0.057469798657718174,0.005088870860682797,0.07737888050824715,0.07961553745018224,-0.08001319415354928,-0.03319847794141138,300k
SD7080|301800|vol3|SD7080.DRG|299767,sd7080,SD7080,301800,vol3,SD7080.DRG,299767,0.006736249171636846,4.22,0.608,0.0102,0.6758255033557047,0.010434228187919463,0.694377385525347,0.010073071245790618,0.7493406685722501,0.009506664556493518,0.0678255033557047,0.02296354783524142,0.07351516521654544,0.08637738552534702,-0.08889623791243706,-0.012443995510723779,300k
SD7080|301800|vol3|SD7080.DRG|299767,sd7080,SD7080,301800,vol3,SD7080.DRG,299767,0.006736249171636846,5.24,0.705,0.0113,0.7788979591836734,0.011981632653061226,0.7970233138499399,0.011254085237381311,0.8491757856760036,0.010898791373524662,0.07389795918367348,0.06032147372223243,0.07027782649233016,0.09202331384993989,-0.09037510253328496,-0.004063253329087435,300k
SD7080|301800|vol3|SD7080.DRG|299767,sd7080,SD7080,301800,vol3,SD7080.DRG,299767,0.006736249171636846,6.26,0.799,0.0122,0.8780357142857143,0.01366875,0.9009475725655317,0.01247678101504091,0.9488496573974198,0.012630973857508939,0.07903571428571421,0.12038934426229504,0.07081394311170552,0.10194757256553166,-0.0759232660258664,0.022686968445976206,300k
SD7080|301800|vol3|SD7080.DRG|299767,sd7080,SD7080,301800,vol3,SD7080.DRG,299767,0.006736249171636846,7.28,0.881,0.014,0.9691071428571428,0.01558125,1.0052393113558928,0.013859835613040708,1.048971961572658,0.014288810024657641,0.08810714285714283,0.11294642857142852,0.0798648187155152,0.12423931135589283,-0.0829484139810579,-0.01001174192566376,300k
SD7080|301800|vol3|SD7080.DRG|299767,sd7080,SD7080,301800,vol3,SD7080.DRG,299767,0.006736249171636846,8.3,0.944,0.0192,1.0277142857142858,0.02146761904761905,1.0810671679305837,0.018198851934384027,1.1401116673212475,0.016531386182855566,0.08371428571428585,0.11810515873015902,0.11239738160696167,0.1370671679305837,-0.22993853458150298,-0.05214312841749851,300k
SD7080|301800|vol3|SD7080.DRG|299767,sd7080,SD7080,301800,vol3,SD7080.DRG,299767,0.006736249171636846,9.31,0.997,0.0237,1.0760990099009902,0.026309900990099014,1.145969232476884,0.022892099488862144,1.2071177982425023,0.020610671115022773,0.07909900990099017,0.11012240464552807,0.13101878834151215,0.14896923247688398,-0.21661920648127808,-0.034088629161934794,300k
SD7080|301800|vol3|SD7080.DRG|299767,sd7080,SD7080,301800,vol3,SD7080.DRG,299767,0.006736249171636846,10.31,1.036,0.0294,1.1113980582524272,0.03333106796116505,1.201897214804618,0.027985414971868502,1.25232494218522,0.026004262521271724,0.07539805825242718,0.1337097945974507,0.14092688393279285,0.16589721480461805,-0.21981910235909602,-0.04811513701127539,300k
SD8000|62500|vol1|SD8000.DRG|60800,sd8000,SD8000,62500,vol1,SD8000.DRG,60800,0.0272,-3.94,-0.138,0.0151,-0.2061377245508982,0.021137724550898202,-0.26559286579136604,0.02134796709357492,-0.3190757790755527,0.022167948344692986,-0.0681377245508982,0.3998493080065034,-0.11293805452465447,-0.12759286579136603,0.04873863273760025,0.4137726552036371,60k
SD8000|62500|vol1|SD8000.DRG|60800,sd8000,SD8000,62500,vol1,SD8000.DRG,60800,0.0272,-2.93,-0.065,0.0139,-0.12287500000000003,0.016675000000000002,-0.16804730097147327,0.017632169915599682,-0.24723564113550106,0.018454160002826875,-0.057875000000000024,0.1996402877697844,-0.12436064113550103,-0.10304730097147327,0.10669625204359054,0.26850143277695565,60k
SD8000|62500|vol1|SD8000.DRG|60800,sd8000,SD8000,62500,vol1,SD8000.DRG,60800,0.0272,-1.91,-0.004,0.0114,-0.035064516129032254,0.014722580645161291,-0.1084960036861415,0.01590444635292502,-0.15818092019410968,0.016388827155193495,-0.031064516129032254,0.29145444255800795,-0.12311640406507743,-0.1044960036861415,0.11317625287247658,0.39512687306359834,60k
SD8000|62500|vol1|SD8000.DRG|60800,sd8000,SD8000,62500,vol1,SD8000.DRG,60800,0.0272,-0.88,0.111,0.0165,0.058632258064516156,0.015918709677419356,0.0033611352454238235,0.01573127269610337,-0.04561877415001038,0.016139169024292944,-0.052367741935483846,-0.035229716520039055,-0.10425103221452653,-0.10763886475457618,0.013849071397181712,-0.04658953356949275,60k
SD8000|62500|vol1|SD8000.DRG|60800,sd8000,SD8000,62500,vol1,SD8000.DRG,60800,0.0272,0.13,0.2,0.0158,0.16775776397515527,0.01506583850931677,0.09325717410325718,0.016904547560711566,0.03882472603257308,0.017539721855297577,-0.032242236024844745,-0.04646591713185004,-0.12893303794258218,-0.10674282589674283,0.16420482301406242,0.06990807346275726,60k
SD8000|62500|vol1|SD8000.DRG|60800,sd8000,SD8000,62500,vol1,SD8000.DRG,60800,0.0272,1.17,0.36,0.0156,0.29935570469798656,0.014524161073825504,0.22794228971501687,0.019035825128128864,0.1672888543424113,0.019222445707390175,-0.06064429530201343,-0.06896403372913433,-0.13206685035557525,-0.13205771028498312,0.32348062030457747,0.2202452005210811,60k
SD8000|62500|vol1|SD8000.DRG|60800,sd8000,SD8000,62500,vol1,SD8000.DRG,60800,0.0272,2.2,0.508,0.0135,0.4618053691275168,0.014869798657718121,0.43643315506474023,0.020733757162758302,0.3725323109354326,0.02109416151699488,-0.04619463087248321,0.10146656723837937,-0.0892730581920842,-0.07156684493525978,0.41859093068795683,0.5358338639080223,60k
SD8000|62500|vol1|SD8000.DRG|60800,sd8000,SD8000,62500,vol1,SD8000.DRG,60800,0.0272,3.23,0.599,0.015,0.5912619047619048,0.016186904761904763,0.6243889615513734,0.019930240848233582,0.5434853358784322,0.02028994030407692,-0.007738095238095211,0.07912698412698427,-0.04777656888347259,0.02538896155137338,0.2534786979057594,0.32868272321557224,60k
SD8000|62500|vol1|SD8000.DRG|60800,sd8000,SD8000,62500,vol1,SD8000.DRG,60800,0.0272,4.24,0.677,0.0205,0.7041438848920863,0.01774388489208633,0.7270740711758271,0.019253134620950553,0.6883170689109314,0.01989062141020056,0.0271438848920863,-0.13444463941042298,-0.015826815981154985,0.05007407117582707,0.1209845832054323,-0.06082270141704624,60k
SD8000|62500|vol1|SD8000.DRG|60800,sd8000,SD8000,62500,vol1,SD8000.DRG,60800,0.0272,5.26,0.753,0.0241,0.7877985611510792,0.019798561151079135,0.8220195787973239,0.02116139401863372,0.7803810003377056,0.02126022438066789,0.034798561151079155,-0.17848293978924754,-0.007417560813373525,0.0690195787973239,0.07382674015728094,-0.12193385814797844,60k
SD8000|62500|vol1|SD8000.DRG|60800,sd8000,SD8000,62500,vol1,SD8000.DRG,60800,0.0272,6.28,0.823,0.0294,0.8759250000000001,0.020345000000000002,0.9121001658609467,0.02541509133736905,0.8640256251692255,0.02557899183764798,0.05292500000000011,-0.3079931972789115,-0.011899374830774523,0.08910016586094671,0.25726182539434644,-0.1355411109738418,60k
SD8000|62500|vol1|SD8000.DRG|60800,sd8000,SD8000,62500,vol1,SD8000.DRG,60800,0.0272,7.28,0.889,0.0341,0.9576285714285715,0.0222,0.99881299783652,0.03132857987607992,0.9466648276597698,0.03140681490732721,0.06862857142857148,-0.34897360703812313,-0.010963743768801715,0.10981299783651999,0.4147213922219464,-0.08127331741701112,60k
SD8000|62500|vol1|SD8000.DRG|60800,sd8000,SD8000,62500,vol1,SD8000.DRG,60800,0.0272,8.3,0.946,0.0422,1.029757142857143,0.027300000000000005,1.087274259649274,0.039793052017881136,1.0342771346264996,0.04012442721173407,0.08375714285714309,-0.3530805687203791,0.004519991769356579,0.14127425964927398,0.4697592385250573,-0.057036682040731396,60k
SD8000|62500|vol1|SD8000.DRG|60800,sd8000,SD8000,62500,vol1,SD8000.DRG,60800,0.0272,9.31,0.984,0.0523,1.0892727272727272,0.03134242424242425,1.1503949786076093,0.05138797536723918,1.0597512994808438,0.05445957728401645,0.10527272727272718,-0.40071846572802583,-0.02952142779188338,0.16639497860760932,0.7375674856159167,-0.017438329498294842,60k
SD8000|102500|vol1|SD8000.DRG|101100,sd8000,SD8000,102500,vol1,SD8000.DRG,101100,0.013658536585365854,-3.93,-0.133,0.0149,-0.21664102564102566,0.01647948717948718,-0.2635537137594072,0.017263391397189003,-0.3247895347870403,0.01811402601344864,-0.08364102564102566,0.10600585097229392,-0.10814850914601465,-0.13055371375940722,0.09918626812587047,0.15861687229456398,100k
SD8000|102500|vol1|SD8000.DRG|101100,sd8000,SD8000,102500,vol1,SD8000.DRG,101100,0.013658536585365854,-2.91,-0.053,0.0123,-0.13165753424657534,0.013717808219178082,-0.16719904991763182,0.014467483407334367,-0.24973019836824847,0.01523138940045426,-0.07865753424657534,0.11526896090878712,-0.11807266412167314,-0.11419904991763183,0.1103369544968654,0.17621816319791603,100k
SD8000|102500|vol1|SD8000.DRG|101100,sd8000,SD8000,102500,vol1,SD8000.DRG,101100,0.013658536585365854,-1.91,0.046,0.0111,-0.046846715328467126,0.0123,-0.09167480171360815,0.013585673376622904,-0.1568205539585312,0.013757335769809998,-0.09284671532846712,0.10810810810810807,-0.10997383863006407,-0.13767480171360813,0.11848258291138192,0.22393453843449582,100k
SD8000|102500|vol1|SD8000.DRG|101100,sd8000,SD8000,102500,vol1,SD8000.DRG,101100,0.013658536585365854,-0.88,0.138,0.0115,0.04337226277372264,0.0123,0.02449018821148135,0.01347240934364333,-0.010599382440512242,0.013820594899377169,-0.09462773722627738,0.06956521739130438,-0.053971645214234885,-0.11350981178851866,0.12362560157537954,0.17151385596898525,100k
SD8000|102500|vol1|SD8000.DRG|101100,sd8000,SD8000,102500,vol1,SD8000.DRG,101100,0.013658536585365854,0.15,0.296,0.0127,0.17354491017964074,0.013617365269461078,0.18160777644018752,0.013728592707130668,0.1540373271505916,0.014076267480071212,-0.12245508982035924,0.07223348578433687,-0.019507583029049147,-0.11439222355981246,0.03369977976865239,0.0809915517425723,100k
SD8000|102500|vol1|SD8000.DRG|101100,sd8000,SD8000,102500,vol1,SD8000.DRG,101100,0.013658536585365854,1.17,0.454,0.0137,0.31646621621621623,0.01466554054054054,0.36503124428188505,0.014011801187039362,0.3179222606248062,0.01418156000105387,-0.13753378378378378,0.07047741171828761,0.0014560444085899849,-0.08896875571811497,-0.0330012070232791,0.022759210732800135,100k
SD8000|102500|vol1|SD8000.DRG|101100,sd8000,SD8000,102500,vol1,SD8000.DRG,101100,0.013658536585365854,2.21,0.548,0.013,0.487222972972973,0.015157432432432432,0.5255024306414995,0.013781831936929048,0.4856052650259652,0.013989089774886485,-0.06077702702702703,0.165956340956341,-0.0016177079470078293,-0.022497569358500558,-0.07708051233308083,0.06014091822531142,100k
SD8000|102500|vol1|SD8000.DRG|101100,sd8000,SD8000,102500,vol1,SD8000.DRG,101100,0.013658536585365854,3.23,0.624,0.0127,0.58725,0.014203571428571428,0.6344147828005161,0.013499297497196996,0.5904218998725672,0.014006676820034885,-0.03674999999999995,0.11839145106861644,0.003171899872567163,0.01041478280051611,-0.013862331000812727,0.06293681080291309,100k
SD8000|102500|vol1|SD8000.DRG|101100,sd8000,SD8000,102500,vol1,SD8000.DRG,101100,0.013658536585365854,4.24,0.715,0.014,0.6795733333333334,0.014006666666666667,0.7311933730506543,0.014433266750546379,0.6867077636552131,0.014533476386595209,-0.035426666666666606,0.0004761904761904981,0.00713443032187977,0.01619337305065438,0.03761135553987685,0.030947625039027028,100k
SD8000|102500|vol1|SD8000.DRG|101100,sd8000,SD8000,102500,vol1,SD8000.DRG,101100,0.013658536585365854,5.26,0.803,0.0166,0.7720533333333334,0.016386666666666664,0.827744794866457,0.016721027192414816,0.7787382933708467,0.01649181418722906,-0.030946666666666678,-0.012851405622490132,0.006684960037513288,0.024744794866456976,0.006416650970040389,0.007290794723784094,100k
SD8000|102500|vol1|SD8000.DRG|101100,sd8000,SD8000,102500,vol1,SD8000.DRG,101100,0.013658536585365854,6.28,0.885,0.02,0.8578536585365854,0.019729268292682928,0.9178212810956844,0.02028907676248256,0.865762975951782,0.01994494615081618,-0.027146341463414658,-0.013536585365853636,0.007909317415196626,0.032821281095684385,0.010931873140639594,0.014453838124127948,100k
SD8000|102500|vol1|SD8000.DRG|101100,sd8000,SD8000,102500,vol1,SD8000.DRG,101100,0.013658536585365854,7.3,0.958,0.0236,0.9411702127659575,0.0233,1.010210309119666,0.024267297583043405,0.9526188505756973,0.024283532794845405,-0.016829787234042493,-0.012711864406779584,0.011448637809739814,0.052210309119665954,0.04221170793327912,0.028275321315398557,100k
SD8000|102500|vol1|SD8000.DRG|101100,sd8000,SD8000,102500,vol1,SD8000.DRG,101100,0.013658536585365854,8.31,1.021,0.028,1.0206808510638299,0.026666666666666672,1.1030093060789616,0.02983588113163712,1.044204338216703,0.03077168299426243,-0.0003191489361700217,-0.04761904761904746,0.023523487152873113,0.08200930607896173,0.15393811228484094,0.06556718327275425,100k
SD8000|102500|vol1|SD8000.DRG|101100,sd8000,SD8000,102500,vol1,SD8000.DRG,101100,0.013658536585365854,9.32,1.062,0.0364,1.0827834394904459,0.034545222929936316,1.1855187982660653,0.03773616882207838,1.1115418495600669,0.040422396473655704,0.02078343949044581,-0.05095541401273862,0.028758410069620988,0.12351879826606527,0.17012984850725416,0.036707934672482866,100k
SD8000|200000|vol1|SD8000.DRG|201600,sd8000,SD8000,200000,vol1,SD8000.DRG,201600,0.008,-3.92,-0.115,0.0113,-0.20006896551724138,0.013658620689655171,-0.2565929563872331,0.013633238488708833,-0.3155854036685898,0.013896596751666164,-0.08506896551724137,0.20872749465974974,-0.1155164381513484,-0.14159295638723313,0.017423140111887878,0.20648128218662246,200k
SD8000|200000|vol1|SD8000.DRG|201600,sd8000,SD8000,200000,vol1,SD8000.DRG,201600,0.008,-2.91,-0.004,0.0098,-0.10391095890410962,0.012019178082191781,-0.1264944974896296,0.011688712029831998,-0.18532385781946759,0.011873403408858042,-0.09991095890410961,0.22644674308079404,-0.08141289891535797,-0.1224944974896296,-0.01212850598742073,0.1927257173297958,200k
SD8000|200000|vol1|SD8000.DRG|201600,sd8000,SD8000,200000,vol1,SD8000.DRG,201600,0.008,-1.89,0.133,0.0093,0.012088607594936697,0.010581012658227848,0.014075929380109991,0.01037316452350852,-0.040234684206786706,0.010359866808697517,-0.12091139240506331,0.13774329658363965,-0.052323291801723404,-0.11892407061989002,-0.020900253753913276,0.11539403478586248,200k
SD8000|200000|vol1|SD8000.DRG|201600,sd8000,SD8000,200000,vol1,SD8000.DRG,201600,0.008,-0.85,0.25,0.0087,0.15689873417721514,0.009264556962025317,0.15486854199308797,0.009529708282502587,0.11884204699112744,0.00943436126783928,-0.09310126582278486,0.0648916048304963,-0.038056687186087707,-0.09513145800691203,0.018328378411399258,0.0953687681037457,200k
SD8000|200000|vol1|SD8000.DRG|201600,sd8000,SD8000,200000,vol1,SD8000.DRG,201600,0.008,0.17,0.35,0.0089,0.27512499999999995,0.008924342105263158,0.29549511201882006,0.008923758523134024,0.2667162963330375,0.008992790047931076,-0.07487500000000002,0.0027350680070963684,-0.008408703666962447,-0.05450488798117992,0.0076698026432168364,0.0026694969813510568,200k
SD8000|200000|vol1|SD8000.DRG|201600,sd8000,SD8000,200000,vol1,SD8000.DRG,201600,0.008,1.18,0.448,0.009,0.3842695035460993,0.008988652482269504,0.41387256560101526,0.008645906926478803,0.3937128313229425,0.008752955965737419,-0.06373049645390072,-0.0012608353033884134,0.009443327776843202,-0.034127434398984746,-0.026221562909124176,-0.03934367483568843,200k
SD8000|200000|vol1|SD8000.DRG|201600,sd8000,SD8000,200000,vol1,SD8000.DRG,201600,0.008,2.21,0.546,0.0103,0.488,0.0095,0.5222837419347517,0.008755817011527776,0.4923681671791556,0.0087281469570699,-0.05800000000000005,-0.0776699029126214,0.004368167179155613,-0.023716258065248352,-0.0812476887294842,-0.14992067849244894,200k
SD8000|200000|vol1|SD8000.DRG|201600,sd8000,SD8000,200000,vol1,SD8000.DRG,201600,0.008,3.23,0.642,0.0119,0.591877300613497,0.01006319018404908,0.6289531910293136,0.009521551207942498,0.5877115830405761,0.009640065636538271,-0.050122699386503045,-0.15435376604629591,-0.004165717572920835,-0.013046808970686441,-0.042046760497629516,-0.1998696463913868,200k
SD8000|200000|vol1|SD8000.DRG|201600,sd8000,SD8000,200000,vol1,SD8000.DRG,201600,0.008,4.26,0.737,0.0138,0.6936338028169015,0.011287323943661972,0.7337086503934502,0.011261979014442123,0.6845085136251955,0.01103842154550943,-0.04336619718309853,-0.18207797509695856,-0.009125289191705965,-0.003291349606549754,-0.022051497715036696,-0.18391456417086063,200k
SD8000|200000|vol1|SD8000.DRG|201600,sd8000,SD8000,200000,vol1,SD8000.DRG,201600,0.008,5.27,0.826,0.0162,0.7888860759493671,0.013426582278481012,0.8338062016119333,0.013742558632214972,0.7801480364301195,0.013094721170928298,-0.03711392405063285,-0.17119862478512268,-0.008738039519247565,0.00780620161193335,-0.02471672244429568,-0.15169391159166837,200k
SD8000|200000|vol1|SD8000.DRG|201600,sd8000,SD8000,200000,vol1,SD8000.DRG,201600,0.008,6.28,0.915,0.0187,0.8783797468354431,0.016111392405063294,0.9349865240335983,0.015892094064456377,0.8741190703404913,0.01565652978976881,-0.03662025316455697,-0.138428213632979,-0.004260676494951765,0.01998652403359824,-0.02823235905740444,-0.1501553976226537,200k
SD8000|200000|vol1|SD8000.DRG|201600,sd8000,SD8000,200000,vol1,SD8000.DRG,201600,0.008,7.3,0.992,0.0218,0.9634078947368421,0.01896184210526316,1.0308322902974236,0.018654782374555912,0.9655428806704015,0.01888895854372532,-0.02859210526315792,-0.13019072911636886,0.00213498593355943,0.03883229029742363,-0.0038436962576336308,-0.14427603786440768,200k
SD8000|200000|vol1|SD8000.DRG|201600,sd8000,SD8000,200000,vol1,SD8000.DRG,201600,0.008,8.32,1.058,0.0264,1.041921052631579,0.021981578947368425,1.1198272367559243,0.022372119068442314,1.0527330546529008,0.02290691596784133,-0.01607894736842108,-0.16736443381180208,0.01081200202132182,0.061827236755924275,0.04209602152277078,-0.15257124740748812,200k
SD8000|200000|vol1|SD8000.DRG|201600,sd8000,SD8000,200000,vol1,SD8000.DRG,201600,0.008,9.33,1.105,0.0354,1.1061232876712328,0.027016438356164383,1.2021185472195253,0.02725016863295197,1.1344656479765296,0.028772704562458368,0.00112328767123282,-0.23682377524959372,0.0283423603052968,0.09711854721952529,0.06500731825345345,-0.23022122505785397,200k
SD8000|302300|vol1|SD8000.DRG|302100,sd8000,SD8000,302300,vol1,SD8000.DRG,302100,0.0006615944426066821,-3.94,-0.076,0.0095,-0.17887499999999995,0.01305,-0.21291004808179811,0.011552353130783921,-0.25685648915851844,0.011954286336350876,-0.10287499999999995,0.3736842105263159,-0.07798148915851849,-0.13691004808179813,-0.08396273284667626,0.21603717166146544,300k
SD8000|302300|vol1|SD8000.DRG|302100,sd8000,SD8000,302300,vol1,SD8000.DRG,302100,0.0006615944426066821,-2.91,0.053,0.0084,-0.05905714285714288,0.010014285714285715,-0.06619379500766374,0.009768981767959284,-0.1190519158622382,0.009873014179320261,-0.11205714285714288,0.1921768707482995,-0.05999477300509533,-0.11919379500766375,-0.014107000638490411,0.16297401999515296,300k
SD8000|302300|vol1|SD8000.DRG|302100,sd8000,SD8000,302300,vol1,SD8000.DRG,302100,0.0006615944426066821,-1.88,0.16,0.0076,0.06592546583850932,0.007642236024844721,0.07526776767470006,0.00824349150929967,0.02067229990779735,0.008359855165608962,-0.09407453416149068,0.005557371690094879,-0.04525316593071197,-0.08473223232529994,0.09390172436853278,0.08466993543416718,300k
SD8000|302300|vol1|SD8000.DRG|302100,sd8000,SD8000,302300,vol1,SD8000.DRG,302100,0.0006615944426066821,-0.85,0.251,0.0074,0.17532298136645963,0.007450310559006212,0.1972401811979331,0.007479371100839205,0.14113010424698696,0.0074034457280797335,-0.07567701863354037,0.00679872419002859,-0.034192877119472664,-0.0537598188020669,-0.006290319115600689,0.010725824437730404,300k
SD8000|302300|vol1|SD8000.DRG|302100,sd8000,SD8000,302300,vol1,SD8000.DRG,302100,0.0006615944426066821,0.15,0.344,0.0071,0.27230714285714286,0.007347857142857143,0.2997040075852138,0.007111206444227475,0.26331985875501474,0.007099457838469201,-0.07169285714285711,0.03490945674044261,-0.008987284102128124,-0.044295992414786156,-0.03380567960951866,0.001578372426404906,300k
SD8000|302300|vol1|SD8000.DRG|302100,sd8000,SD8000,302300,vol1,SD8000.DRG,302100,0.0006615944426066821,1.18,0.45,0.0079,0.3729518072289157,0.007408433734939759,0.4082728952024949,0.007054213355973756,0.38324718064328217,0.007141356566767515,-0.07704819277108432,-0.06222357785572679,0.010295373414366482,-0.04172710479750513,-0.03605042276515904,-0.10706160050965124,300k
SD8000|302300|vol1|SD8000.DRG|302100,sd8000,SD8000,302300,vol1,SD8000.DRG,302100,0.0006615944426066821,2.2,0.552,0.0093,0.4804819277108434,0.0077156626506024095,0.5179427561819979,0.007342304258584665,0.48740494747727625,0.007398618369320556,-0.07151807228915663,-0.1703588547739344,0.006923019766432836,-0.034057243818002125,-0.04109099835476865,-0.2105049184317564,300k
SD8000|302300|vol1|SD8000.DRG|302100,sd8000,SD8000,302300,vol1,SD8000.DRG,302100,0.0006615944426066821,3.23,0.65,0.0105,0.5863313609467455,0.008820710059171597,0.6265464994304253,0.00833764345262518,0.5858210273934967,0.008424879714796033,-0.06366863905325448,-0.1599323753169908,-0.0005103335532488096,-0.023453500569574737,-0.04487511115547754,-0.20593871879760203,300k
SD8000|302300|vol1|SD8000.DRG|302100,sd8000,SD8000,302300,vol1,SD8000.DRG,302100,0.0006615944426066821,4.25,0.744,0.0123,0.6895460992907801,0.010253191489361702,0.7315039908208607,0.010189029241741636,0.6813264127108475,0.009763120322688194,-0.05445390070921985,-0.1664071959868535,-0.008219686579932661,-0.012496009179139289,-0.047796938853817986,-0.17162363888279383,300k
SD8000|302300|vol1|SD8000.DRG|302100,sd8000,SD8000,302300,vol1,SD8000.DRG,302100,0.0006615944426066821,5.26,0.833,0.014,0.7848156028368793,0.012187234042553192,0.8370737957262269,0.012138000084293478,0.7822374035696121,0.011536990475659623,-0.04818439716312062,-0.12948328267477202,-0.0025781992672672116,0.004073795726226903,-0.053354482618711105,-0.1329999939790373,300k
SD8000|302300|vol1|SD8000.DRG|302100,sd8000,SD8000,302300,vol1,SD8000.DRG,302100,0.0006615944426066821,6.29,0.92,0.0163,0.8785263157894736,0.014260765550239234,0.9455048631866821,0.013919121170830885,0.8800610231236414,0.01399429963642566,-0.04147368421052644,-0.1251064079607831,0.0015347073341678286,0.025504863186682103,-0.01868524609529842,-0.1460661858385959,300k
SD8000|302300|vol1|SD8000.DRG|302100,sd8000,SD8000,302300,vol1,SD8000.DRG,302100,0.0006615944426066821,7.3,1.001,0.0185,0.9688947368421053,0.016338755980861243,1.0432040876532966,0.01637599022139398,0.9737375564683806,0.016690417669415578,-0.03210526315789464,-0.11682400103452736,0.004842819626275308,0.04220408765329675,0.021523161798013342,-0.11481133938410917,300k
SD8000|302300|vol1|SD8000.DRG|302100,sd8000,SD8000,302300,vol1,SD8000.DRG,302100,0.0006615944426066821,8.31,1.07,0.0229,1.0530638297872341,0.019346808510638303,1.133815051952251,0.019395130580172684,1.0618779081251482,0.019894013646145584,-0.016936170212765944,-0.15516120040880776,0.008814078337914033,0.0638150519522509,0.028284000185683715,-0.15305106636800506,300k
SD8000|302300|vol1|SD8000.DRG|302100,sd8000,SD8000,302300,vol1,SD8000.DRG,302100,0.0006615944426066821,9.34,1.126,0.0286,1.1200404624277456,0.024197687861271678,1.2171207951741532,0.023288901758056032,1.1422287720334052,0.0242929821094143,-0.005959537572254314,-0.15392699785763364,0.02218830960565965,0.09112079517415328,0.003938155111718003,-0.18570273573230658,300k
SD8020|59800|vol1|SD8020.DRG|61400,sd8020,SD8020,59800,vol1,SD8020.DRG,61400,0.026755852842809364,-6.03,-0.59,0.0197,-0.5759006622516556,0.023858278145695362,-0.6664024560353109,0.02543062517800955,-0.6785122131919353,0.02537927553011248,0.014099337748344376,0.21108010891854637,-0.10261155094027974,-0.07640245603531093,0.06375134765085912,0.29089467908677924,60k
SD8020|59800|vol1|SD8020.DRG|61400,sd8020,SD8020,59800,vol1,SD8020.DRG,61400,0.026755852842809364,-5.05,-0.533,0.0204,-0.49866887417218536,0.018860927152317877,-0.5872579796914735,0.0212285011230384,-0.6036036660507024,0.021346622579516,0.03433112582781467,-0.07544474743539827,-0.10493479187851701,-0.0542579796914735,0.13179073367518143,0.040612800148941065,60k
SD8020|59800|vol1|SD8020.DRG|61400,sd8020,SD8020,59800,vol1,SD8020.DRG,61400,0.026755852842809364,-4.01,-0.442,0.0167,-0.40170886075949364,0.018005696202531646,-0.5079894075879013,0.019203309719115606,-0.5295261780860543,0.01935156206943528,0.04029113924050637,0.07818540134920038,-0.12781731732656065,-0.06598940758790134,0.07474667192898665,0.1498987855757848,60k
SD8020|59800|vol1|SD8020.DRG|61400,sd8020,SD8020,59800,vol1,SD8020.DRG,61400,0.026755852842809364,-2.98,-0.356,0.0159,-0.2796903225806452,0.017750967741935485,-0.43073706163098124,0.018103486522326014,-0.4090393864565921,0.01835511128144211,0.0763096774193548,0.11641306553053356,-0.1293490638759469,-0.07473706163098126,0.03403440016846945,0.13858405800792536,60k
SD8020|59800|vol1|SD8020.DRG|61400,sd8020,SD8020,59800,vol1,SD8020.DRG,61400,0.026755852842809364,-1.96,-0.224,0.0147,-0.1178064516129032,0.01761935483870968,-0.22611540837903926,0.018157864622769346,-0.20882725346924633,0.018574093884817854,0.1061935483870968,0.19859556725916183,-0.09102080185634312,-0.0021154083790392575,0.05418694695963649,0.23522888590267663,60k
SD8020|59800|vol1|SD8020.DRG|61400,sd8020,SD8020,59800,vol1,SD8020.DRG,61400,0.026755852842809364,-0.94,-0.082,0.0136,-0.023026315789473673,0.015196052631578949,-0.04166222938362829,0.017216059316618477,-0.07927629398365131,0.017842707093139062,0.05897368421052633,0.117356811145511,-0.05624997819417764,0.04033777061637171,0.17416723446061874,0.265886714457241,60k
SD8020|59800|vol1|SD8020.DRG|61400,sd8020,SD8020,59800,vol1,SD8020.DRG,61400,0.026755852842809364,0.08,-0.024,0.0128,0.04900684931506849,0.014945890410958904,0.0011342442611747777,0.016626219821671312,0.011369325348603104,0.01746801001193813,0.07300684931506848,0.1676476883561643,-0.037637523966465386,0.02513424426117478,0.16875003975205857,0.29892342356807117,60k
SD8020|59800|vol1|SD8020.DRG|61400,sd8020,SD8020,59800,vol1,SD8020.DRG,61400,0.026755852842809364,1.09,0.021,0.014,0.10089041095890411,0.019165753424657535,0.05532873908082169,0.01729432555827037,0.05464178426894404,0.018002494590095428,0.0798904109589041,0.36898238747553824,-0.04624862668996007,0.034328739080821694,-0.06069465722466859,0.23530896844788357,60k
SD8020|59800|vol1|SD8020.DRG|61400,sd8020,SD8020,59800,vol1,SD8020.DRG,61400,0.026755852842809364,2.14,0.184,0.0163,0.2645806451612903,0.01555741935483871,0.26297917846676266,0.01811290545879315,0.27527590205825364,0.018158776535432623,0.08058064516129032,-0.04555709479517108,0.010695256896963323,0.07897917846676267,0.16721007008047464,0.11122119379099098,60k
SD8020|59800|vol1|SD8020.DRG|61400,sd8020,SD8020,59800,vol1,SD8020.DRG,61400,0.026755852842809364,3.14,0.284,0.0155,0.3974457831325301,0.014009638554216868,0.4324711640468886,0.018203243031645295,0.44281081007968465,0.018599390393739347,0.11344578313253012,-0.09615235134084721,0.04536502694715455,0.14847116404688865,0.32761386539419135,0.17440277623518033,60k
SD8020|59800|vol1|SD8020.DRG|61400,sd8020,SD8020,59800,vol1,SD8020.DRG,61400,0.026755852842809364,4.17,0.369,0.0175,0.48927710843373495,0.015995180722891567,0.5031615665551752,0.01940118707485907,0.5351645311895672,0.019512855408214128,0.12027710843373496,-0.08598967297762482,0.04588742275583224,0.1341615665551752,0.21992090907033185,0.10863926142051822,60k
SD8020|59800|vol1|SD8020.DRG|61400,sd8020,SD8020,59800,vol1,SD8020.DRG,61400,0.026755852842809364,5.18,0.443,0.0196,0.5736953642384106,0.01783046357615894,0.5847890834344458,0.021816490525643027,0.6135615082310689,0.022111149614100354,0.1306953642384106,-0.09028247060413562,0.03986614399265831,0.1417890834344458,0.2400771028558733,0.11308625130831772,60k
SD8020|59800|vol1|SD8020.DRG|61400,sd8020,SD8020,59800,vol1,SD8020.DRG,61400,0.026755852842809364,6.2,0.513,0.0266,0.6547880794701987,0.020557615894039736,0.672286604570452,0.026562316023262606,0.6907588906427933,0.02633054272344753,0.14178807947019867,-0.22715729721655123,0.0359708111725946,0.15928660457045196,0.28081694196268825,-0.0014166908547891923,60k
SD8020|59800|vol1|SD8020.DRG|61400,sd8020,SD8020,59800,vol1,SD8020.DRG,61400,0.026755852842809364,7.21,0.582,0.0344,0.7290331125827815,0.02530662251655629,0.7591318928176175,0.03388973581555241,0.770031370874695,0.03310306641991487,0.1470331125827815,-0.26434236870475897,0.0409982582919135,0.17713189281761754,0.30807919540657497,-0.014833261175802108,60k
SD8020|100500|vol1|SD8020.DRG|101500,sd8020,SD8020,100500,vol1,SD8020.DRG,101500,0.009950248756218905,-6.05,-0.569,0.0179,-0.6319210526315789,0.01765,-0.6697556381069207,0.020351468421070305,-0.6786801259273462,0.019973749935656933,-0.06292105263157899,-0.013966480446927387,-0.04675907329576723,-0.10075563810692079,0.1316572201505345,0.13695354307655339,100k
SD8020|100500|vol1|SD8020.DRG|101500,sd8020,SD8020,100500,vol1,SD8020.DRG,101500,0.009950248756218905,-5.02,-0.489,0.0166,-0.5411235294117647,0.015091176470588235,-0.5871391985360159,0.0164467148888927,-0.6006719287330646,0.016507305176819684,-0.05212352941176468,-0.09089298369950395,-0.05954839932129996,-0.09813919853601594,0.09383819140882728,-0.009234042837789155,100k
SD8020|100500|vol1|SD8020.DRG|101500,sd8020,SD8020,100500,vol1,SD8020.DRG,101500,0.009950248756218905,-4.01,-0.41,0.0132,-0.4526,0.014199999999999999,-0.5007233467426001,0.014577059816790557,-0.5242289193915844,0.01492076825273098,-0.04260000000000003,0.07575757575757569,-0.07162891939158444,-0.09072334674260013,0.050758327657111295,0.10432271339322402,100k
SD8020|100500|vol1|SD8020.DRG|101500,sd8020,SD8020,100500,vol1,SD8020.DRG,101500,0.009950248756218905,-2.98,-0.319,0.0123,-0.35569736842105265,0.013323684210526316,-0.4147597175185552,0.01339231503236685,-0.439856186956215,0.01383210133604264,-0.036697368421052645,0.08322635857937524,-0.08415881853516233,-0.09575971751855522,0.038158899406715976,0.08880610019242687,100k
SD8020|100500|vol1|SD8020.DRG|101500,sd8020,SD8020,100500,vol1,SD8020.DRG,101500,0.009950248756218905,-1.96,-0.214,0.0118,-0.24698684210526317,0.012518421052631578,-0.3255299205471568,0.013207007597669292,-0.3439582585950638,0.013772348444884498,-0.032986842105263176,0.060883140053523584,-0.09697141648980062,-0.1115299205471568,0.10016657747658386,0.11923793200587225,100k
SD8020|100500|vol1|SD8020.DRG|101500,sd8020,SD8020,100500,vol1,SD8020.DRG,101500,0.009950248756218905,-0.94,-0.08,0.0119,-0.08807142857142856,0.010908571428571429,-0.15931103952887776,0.013768298522787858,-0.1702597411596017,0.014311714290196308,-0.008071428571428563,-0.08331332533013208,-0.08218831258817315,-0.07931103952887776,0.3119696180117097,0.15699987586452582,100k
SD8020|100500|vol1|SD8020.DRG|101500,sd8020,SD8020,100500,vol1,SD8020.DRG,101500,0.009950248756218905,0.09,0.006,0.0112,0.04286503067484662,0.010674846625766872,0.01214177977643544,0.01394667709391144,0.018659622394565326,0.014517094131611608,0.03686503067484662,-0.04688869412795782,-0.024205408280281296,0.00614177977643544,0.3599346801452252,0.2452390262420929,100k
SD8020|100500|vol1|SD8020.DRG|101500,sd8020,SD8020,100500,vol1,SD8020.DRG,101500,0.009950248756218905,1.1,0.126,0.0122,0.1314723926380368,0.012038036809815952,0.18341817212984546,0.01364448778488996,0.2038820814818749,0.014257418147509275,0.00547239263803681,-0.013275671326561343,0.07240968884383808,0.05741817212984546,0.18436405975130543,0.11840063810573441,100k
SD8020|100500|vol1|SD8020.DRG|101500,sd8020,SD8020,100500,vol1,SD8020.DRG,101500,0.009950248756218905,2.13,0.244,0.0124,0.23853378378378376,0.012937837837837838,0.33560476170740244,0.013209651269101171,0.35235045283676947,0.013735809361750659,-0.005466216216216235,0.04337401918047084,0.11381666905298571,0.09160476170740245,0.061677347785198185,0.06529445718557836,100k
SD8020|100500|vol1|SD8020.DRG|101500,sd8020,SD8020,100500,vol1,SD8020.DRG,101500,0.009950248756218905,3.15,0.334,0.0126,0.3375714285714285,0.014010714285714286,0.4150488593655035,0.013635341190753492,0.4632884212574526,0.013853122482674595,0.0035714285714285032,0.11196145124716556,0.1257169926860241,0.08104885936550349,-0.01124794923556293,0.08216993577408663,100k
SD8020|100500|vol1|SD8020.DRG|101500,sd8020,SD8020,100500,vol1,SD8020.DRG,101500,0.009950248756218905,4.18,0.42,0.0137,0.4259937106918239,0.015390566037735849,0.5031357145087211,0.014706114576440802,0.5362800955447967,0.014930074129084476,0.005993710691823917,0.12339898085663127,0.11028638485297282,0.08313571450872109,-0.02992040107701702,0.07343902017816073,100k
SD8020|100500|vol1|SD8020.DRG|101500,sd8020,SD8020,100500,vol1,SD8020.DRG,101500,0.009950248756218905,5.19,0.501,0.015,0.5142893081761006,0.016533962264150943,0.5877933102323568,0.01698628216349916,0.6122228006200555,0.017206891211244402,0.013289308176100634,0.10226415094339628,0.09793349244395488,0.08679331023235681,0.040699799379154765,0.1324188108999441,100k
SD8020|100500|vol1|SD8020.DRG|101500,sd8020,SD8020,100500,vol1,SD8020.DRG,101500,0.009950248756218905,6.22,0.583,0.0196,0.5986666666666667,0.019366666666666664,0.6747030684183303,0.02058988873032684,0.6919370897394437,0.02081329098049743,0.015666666666666718,-0.01190476190476201,0.093270423072777,0.09170306841833031,0.07469660828730297,0.050504527057491935,100k
SD8020|100500|vol1|SD8020.DRG|101500,sd8020,SD8020,100500,vol1,SD8020.DRG,101500,0.009950248756218905,7.23,0.655,0.0227,0.6761635220125787,0.02368616352201258,0.7647975190939728,0.025638563933382444,0.7722013906318073,0.02553792348213065,0.02116352201257865,0.043443326960906484,0.09603786861922858,0.10979751909397273,0.07817897391433395,0.1294521556556142,100k
SD8020|100500|vol1|SD8020.DRG|101500,sd8020,SD8020,100500,vol1,SD8020.DRG,101500,0.009950248756218905,8.24,0.723,0.0296,0.7451851851851852,0.03225555555555555,0.8460354458034248,0.03305205414637442,0.8384490424393988,0.03438892742672214,0.022185185185185197,0.08971471471471452,0.0932638572542136,0.12303544580342485,0.06613967220289126,0.11662345089102755,100k
SD8020|201100|vol1|SD8020.DRG|203300,sd8020,SD8020,201100,vol1,SD8020.DRG,203300,0.01093983092988563,-6.07,-0.605,0.0142,-0.6066896551724138,0.013213793103448276,-0.6788287935142578,0.015963110933457057,-0.6887107947817368,0.015461462542172838,-0.0016896551724138176,-0.0694511898980088,-0.082021139609323,-0.07382879351425786,0.170100244579886,0.12416274179275044,200k
SD8020|201100|vol1|SD8020.DRG|203300,sd8020,SD8020,201100,vol1,SD8020.DRG,203300,0.01093983092988563,-5.02,-0.518,0.0126,-0.5161724137931034,0.011403448275862068,-0.5938288298458363,0.01277517275381769,-0.6092280486445597,0.013106668166308235,0.0018275862068966031,-0.09496442255062956,-0.09305563485145629,-0.07582882984583628,0.14936007506180482,0.01390259950934048,200k
SD8020|201100|vol1|SD8020.DRG|203300,sd8020,SD8020,201100,vol1,SD8020.DRG,203300,0.01093983092988563,-4.0,-0.428,0.0114,-0.42566666666666664,0.010484313725490196,-0.5016953971482337,0.011187627230294992,-0.5304246131535638,0.0116218496611498,0.002333333333333354,-0.08032335741314073,-0.10475794648689718,-0.07369539714823375,0.10849884555571311,-0.01862919032500076,200k
SD8020|201100|vol1|SD8020.DRG|203300,sd8020,SD8020,201100,vol1,SD8020.DRG,203300,0.01093983092988563,-2.99,-0.335,0.0103,-0.3358888888888889,0.009657777777777777,-0.41249486048239226,0.010223635941144138,-0.44260451823478714,0.010535180427445966,-0.0008888888888888835,-0.062351672060409986,-0.10671562934589823,-0.07749486048239224,0.09084933095966057,-0.007413986296685611,200k
SD8020|201100|vol1|SD8020.DRG|203300,sd8020,SD8020,201100,vol1,SD8020.DRG,203300,0.01093983092988563,-1.98,-0.249,0.009,-0.2461111111111111,0.008872222222222222,-0.31398893039145975,0.009485173752355006,-0.34223050905999486,0.009881083641078682,0.0028888888888888853,-0.014197530864197446,-0.09611939794888374,-0.06498893039145975,0.11371011608901863,0.05390819470611185,200k
SD8020|201100|vol1|SD8020.DRG|203300,sd8020,SD8020,201100,vol1,SD8020.DRG,203300,0.01093983092988563,-0.93,-0.134,0.008,-0.12130769230769231,0.0086,-0.17674641985980746,0.009271265974683984,-0.18075167125468575,0.009547071626301423,0.012692307692307697,0.07499999999999998,-0.05944397894699344,-0.042746419859807455,0.11012460770946778,0.15890824683549792,200k
SD8020|201100|vol1|SD8020.DRG|203300,sd8020,SD8020,201100,vol1,SD8020.DRG,203300,0.01093983092988563,0.09,-0.003,0.0085,0.00972727272727273,0.008354545454545455,0.008404438118546636,0.009230160737607705,0.014174979133499249,0.009480037444095537,0.01272727272727273,-0.017112299465240684,0.004447706406226519,0.011404438118546637,0.13471612497335037,0.08590126324796524,200k
SD8020|201100|vol1|SD8020.DRG|203300,sd8020,SD8020,201100,vol1,SD8020.DRG,203300,0.01093983092988563,1.12,0.137,0.0087,0.13412987012987015,0.007752597402597402,0.18665521223675646,0.009356125716942687,0.2258897137006506,0.009541287267858849,-0.002870129870129856,-0.10889685027616058,0.09175984357078046,0.04965521223675645,0.2307213663206824,0.07541674907387219,200k
SD8020|201100|vol1|SD8020.DRG|203300,sd8020,SD8020,201100,vol1,SD8020.DRG,203300,0.01093983092988563,2.12,0.229,0.009,0.23665942028985507,0.009018840579710146,0.3105256104364866,0.009703395024158781,0.355813249722038,0.009925669755070863,0.007659420289855057,0.0020933977455718975,0.11915382943218292,0.08152561043648657,0.10054830965754372,0.07815500268430908,200k
SD8020|201100|vol1|SD8020.DRG|203300,sd8020,SD8020,201100,vol1,SD8020.DRG,203300,0.01093983092988563,3.16,0.317,0.0097,0.33666666666666667,0.010366666666666668,0.4147052301922869,0.01039145816433422,0.46009580606177514,0.010728036838141667,0.019666666666666666,0.06872852233676988,0.12342913939510847,0.09770523019228688,0.03485885898472658,0.07128434683857944,200k
SD8020|201100|vol1|SD8020.DRG|203300,sd8020,SD8020,201100,vol1,SD8020.DRG,203300,0.01093983092988563,4.19,0.41,0.0108,0.4318362573099416,0.011571345029239767,0.5060699342203395,0.011480935730175192,0.5445446002423662,0.011824180991695004,0.021836257309941598,0.07142083604071912,0.1127083429324246,0.09606993422033955,0.02185017919838556,0.06304960464585108,200k
SD8020|201100|vol1|SD8020.DRG|203300,sd8020,SD8020,201100,vol1,SD8020.DRG,203300,0.01093983092988563,5.2,0.496,0.0127,0.521054054054054,0.013281081081081081,0.595012137936715,0.013205491004056434,0.6236660833555645,0.01344568158385859,0.02505405405405403,0.045754415833156044,0.10261202930151048,0.09901213793671504,0.012393607250239714,0.03980244126428616,200k
SD8020|201100|vol1|SD8020.DRG|203300,sd8020,SD8020,201100,vol1,SD8020.DRG,203300,0.01093983092988563,6.21,0.579,0.0142,0.6076928104575163,0.015845751633986927,0.6811858147442146,0.015563827271590471,0.7002120051702917,0.015840023243915785,0.02869281045751637,0.11589800239344551,0.09251919471277537,0.10218581474421462,-0.0003615095202461358,0.09604417405566693,200k
SD8020|201100|vol1|SD8020.DRG|203300,sd8020,SD8020,201100,vol1,SD8020.DRG,203300,0.01093983092988563,7.23,0.66,0.0167,0.692359477124183,0.0195124183006536,0.767709221808356,0.018650385015349193,0.7746213354699133,0.01921981890221192,0.03235947712418297,0.16840828147626347,0.0822618583457303,0.10770922180835596,-0.014995547652434188,0.1167895218771972,200k
SD8020|201100|vol1|SD8020.DRG|203300,sd8020,SD8020,201100,vol1,SD8020.DRG,203300,0.01093983092988563,8.24,0.734,0.0199,0.7675576923076923,0.024450000000000006,0.8525694377958232,0.022859326127997483,0.8498279902039474,0.024597854451402355,0.033557692307692344,0.22864321608040228,0.08227029789625506,0.11856943779582318,0.006047216826271936,0.14870985567826545,200k
SD8020|306700|vol1|SD8020.DRG|304800,sd8020,SD8020,306700,vol1,SD8020.DRG,304800,0.006194978806651451,-6.03,-0.566,0.0128,-0.6086534653465346,0.012729207920792079,-0.6817022016374318,0.013892109065364871,-0.6942057318207773,0.013876547212774865,-0.04265346534653469,-0.005530631188118871,-0.08555226647424263,-0.11570220163743183,0.0901343822115361,0.08532102073163052,300k
SD8020|306700|vol1|SD8020.DRG|304800,sd8020,SD8020,306700,vol1,SD8020.DRG,304800,0.006194978806651451,-4.51,-0.426,0.0102,-0.47501342281879194,0.00971543624161074,-0.5507746336113446,0.010532472361932445,-0.5716719503981696,0.011047047080223261,-0.04901342281879195,-0.047506250822476614,-0.0966585275793777,-0.12477463361134461,0.13706135324210122,0.03259532960122004,300k
SD8020|306700|vol1|SD8020.DRG|304800,sd8020,SD8020,306700,vol1,SD8020.DRG,304800,0.006194978806651451,-2.99,-0.289,0.0083,-0.331718954248366,0.008543790849673204,-0.3935888675771175,0.00896837273889516,-0.41908334087791976,0.009215191414527974,-0.042718954248366026,0.02937239152689205,-0.08736438662955376,-0.1045888675771175,0.07858345044582293,0.08052683601146515,300k
SD8020|306700|vol1|SD8020.DRG|304800,sd8020,SD8020,306700,vol1,SD8020.DRG,304800,0.006194978806651451,-1.42,-0.098,0.0073,-0.16542105263157894,0.007378947368421053,-0.1953213812178925,0.007553009002067122,-0.21410983292373176,0.007859536864929937,-0.06742105263157894,0.010814708002883913,-0.04868878029215282,-0.0973213812178925,0.06512981764385736,0.03465876740645505,300k
SD8020|306700|vol1|SD8020.DRG|304800,sd8020,SD8020,306700,vol1,SD8020.DRG,304800,0.006194978806651451,0.61,0.068,0.0074,0.04566428571428572,0.008011428571428572,0.06605327176803398,0.007266529211799485,0.09331830691636318,0.00747132643373649,-0.022335714285714285,0.08262548262548267,0.047654021202077464,-0.0019467282319660245,-0.06741645798581626,-0.018036593000069646,300k
SD8020|306700|vol1|SD8020.DRG|304800,sd8020,SD8020,306700,vol1,SD8020.DRG,304800,0.006194978806651451,1.63,0.188,0.0081,0.15501398601398603,0.008562937062937063,0.20034860105354846,0.0077738078844456476,0.2431549747727853,0.008002435591286085,-0.03298601398601397,0.05715272381939057,0.08814098875879928,0.012348601053548458,-0.06545668472526738,-0.04027063154992,300k
SD8020|306700|vol1|SD8020.DRG|304800,sd8020,SD8020,306700,vol1,SD8020.DRG,304800,0.006194978806651451,3.16,0.352,0.0095,0.32872972972972975,0.009324324324324324,0.39477893280700455,0.009063834271882298,0.4347561980254095,0.009456539793818419,-0.023270270270270232,-0.018492176386913188,0.10602646829567974,0.042778932807004566,0.014179630061685487,-0.04591218190712654,300k
SD8020|306700|vol1|SD8020.DRG|304800,sd8020,SD8020,306700,vol1,SD8020.DRG,304800,0.006194978806651451,4.69,0.485,0.0115,0.472130081300813,0.0111739837398374,0.5520970204449389,0.010948546896637414,0.5882577489648999,0.01132735889657234,-0.012869918699186966,-0.028349240014139125,0.11612766766408689,0.06709702044493893,0.01372609449825205,-0.04795244377065967,300k
SD8020|306700|vol1|SD8020.DRG|304800,sd8020,SD8020,306700,vol1,SD8020.DRG,304800,0.006194978806651451,6.21,0.616,0.0144,0.6086666666666666,0.014266666666666665,0.6875308042924306,0.013538592064202088,0.7108009441568129,0.014018314709385433,-0.007333333333333414,-0.009259259259259325,0.10213427749014636,0.07153080429243064,-0.01740784747298359,-0.05981999554152161,300k
SD8020|306700|vol1|SD8020.DRG|304800,sd8020,SD8020,306700,vol1,SD8020.DRG,304800,0.006194978806651451,7.75,0.738,0.0186,0.7359629629629629,0.01932962962962963,0.8191478090378587,0.017386020150146234,0.8230539902646935,0.0187139128492936,-0.0020370370370370594,0.03922739944245335,0.08709102730173057,0.08114780903785868,-0.03185352187980998,-0.06526773386310561,300k
