case,draw,e_mean,P_true,P_model,dP_pct,profile_frac_true,FM_true
correlated_signed,0,-0.05813899534490732,306.9907911464415,300.1943559256242,-2.213888955898752,0.38284273085293086,0.5611861803995551
correlated_signed,1,-0.2192112624173446,331.1258632110623,300.1943559256242,-9.34131420164003,0.4275138532303191,0.5202825017588156
correlated_signed,2,0.07427541954892174,292.5808560094742,300.1943559256242,2.602186629703311,0.3526577740807396,0.5888252216816864
correlated_signed,3,0.007965437595204157,299.3242458163347,300.1943559256242,0.2906914897309716,0.36714513945402605,0.5755597510358327
correlated_signed,4,-0.06112792507408263,307.3629562580652,300.1943559256242,-2.3322915746626736,0.383584826078355,0.5605066779981168
correlated_signed,5,0.027594734924031143,297.23753633375367,300.1943559256242,0.9947665521458521,0.36273232027162616,0.5796003769193722
correlated_signed,6,0.07156305012339804,292.84035545865964,300.1943559256242,2.511266063533632,0.35322761997350405,0.5883034364204223
correlated_signed,7,0.03401701822709393,296.571984551888,300.1943559256242,1.2214138767050104,0.3613118001713014,0.5809010863119881
correlated_signed,8,-0.1505022004584202,319.70469397891725,300.1943559256242,-6.102612323414815,0.4072154677184445,0.53886913266977
correlated_signed,9,-0.22570275990863722,332.3107434653336,300.1943559256242,-9.664564920411525,0.42953977898900764,0.5184273937339553
correlated_signed,10,-0.05671802647991245,306.8146880299146,300.1943559256242,-2.157762441817932,0.3824909546954106,0.5615082856141108
correlated_signed,11,-0.0043098734872889415,300.67094670051966,300.1943559256242,-0.15850908780027403,0.3699605250917585,0.5729818277706631
correlated_signed,12,-0.022178844507354873,302.691709166599,300.1943559256242,-0.8250484454466113,0.3741380947548941,0.5691566160310232
correlated_signed,13,-0.025419912886266854,303.06617090428244,300.1943559256242,-0.9475867828102889,0.3749061103969521,0.568453379108236
correlated_signed,14,-0.026197335301318275,303.156362196651,300.1943559256242,-0.9770556189433988,0.37509080792996274,0.5682842600056568
correlated_signed,15,-0.0017640752391116952,300.3889323125212,300.1943559256242,-0.06477481889863651,0.36937304102303326,0.573519760633784
correlated_signed,16,-0.023293448199172968,302.8202062550261,300.1943559256242,-0.867131807971385,0.37440185449098085,0.5689151032522559
correlated_signed,17,-0.023851821753091598,302.8846886593103,300.1943559256242,-0.8882366241735717,0.3745341300644416,0.5687939845369231
correlated_signed,18,0.04518645839816171,295.43392303912384,300.1943559256242,1.611335908053445,0.3588679516886254,0.5831388151212705
correlated_signed,19,-0.12070198426005833,315.3097388720088,300.1943559256242,-4.793820514538635,0.39901258303276543,0.5463801759392837
correlated_signed,20,-0.1519664056020977,319.9286394414564,300.1943559256242,-6.168339149094331,0.40762741115167855,0.5384919320866087
correlated_signed,21,-0.18481779769179543,325.1661272705693,300.1943559256242,-7.6796963922894,0.41709981401453844,0.5298183831190758
correlated_signed,22,-0.20678848873962133,328.9130180627539,300.1943559256242,-8.73138506535196,0.42369119505522834,0.5237828325132433
correlated_signed,23,-0.034332978143607654,304.1089164698441,300.1943559256242,-1.2872232059687165,0.37703480040435955,0.5665042350402679
correlated_signed,24,0.07129759122188538,292.86582300391024,300.1943559256242,2.5023517071898613,0.3532834908313657,0.5882522777007718
correlated_signed,25,0.0339271760810451,296.58123811924366,300.1943559256242,1.2182556891639467,0.36133159421854144,0.5808829617468567
correlated_signed,26,-0.03984239027088273,304.7631500657895,300.1943559256242,-1.499129451568865,0.37836293472113913,0.5652881234159846
correlated_signed,27,0.013593780378943555,298.7176664582128,300.1943559256242,0.49434286392230375,0.3658687455905225,0.5767284886572709
correlated_signed,28,0.035859093982255535,296.38260750908233,300.1943559256242,1.2860904519928962,0.36090643757698515,0.5812722595833075
correlated_signed,29,0.11767381315123564,288.5996034981993,300.1943559256242,4.017591253377191,0.3437867254281578,0.5969481062991469
correlated_signed,30,0.007773386293669526,299.3450630231344,300.1943559256242,0.2837170233952332,0.3671888522333522,0.575519725176771
correlated_signed,31,-0.08931842758187514,310.9934590709416,300.1943559256242,-3.4724534649630514,0.39073085426014365,0.5539633873747288
correlated_signed,32,-0.020118642969999226,302.4549682147384,300.1943559256242,-0.7474211127883315,0.3736515613026875,0.569602112581658
correlated_signed,33,-0.04902895846519998,305.8709063827945,300.1943559256242,-1.8558647909017267,0.3805987938095169,0.5632408501398691
correlated_signed,34,0.028633708964208377,297.1293032358155,300.1943559256242,1.031555170233806,0.36250174626580545,0.5798115036167913
correlated_signed,35,-0.03876281023013515,304.63436070658173,300.1943559256242,-1.4574865325957238,0.3781019353716554,0.5655271085280712
correlated_signed,36,-0.05057970316022898,306.0600181733095,300.1943559256242,-1.9165071879345585,0.3809788735145231,0.5628928286648275
correlated_signed,37,-0.0476378167820227,305.7017824844208,300.1943559256242,-1.801568350056067,0.3802584877532872,0.5635524527207515
correlated_signed,38,-0.12565532328509424,316.01940319716357,300.1943559256242,-5.007618871321691,0.4003525718271984,0.5451532056197871
correlated_signed,39,0.0116019174293548,298.93156333182094,300.1943559256242,0.42243534932494037,0.36631942902245684,0.5763158176508894
correlated_signed,40,0.03550844402855982,296.41860471910144,300.1943559256242,1.2737902231544618,0.3609835296674959,0.5812016696339335
correlated_signed,41,-0.04583966656004562,305.4839089555465,300.1943559256242,-1.7315324555088107,0.3798195337754323,0.5639543826658395
correlated_signed,42,-0.03374946736070828,304.0400625890485,300.1943559256242,-1.2648683961831249,0.37689469038579493,0.5666325273609754
correlated_signed,43,-0.08979589397907771,311.05689016245,300.1943559256242,-3.492137477216073,0.3908542248439396,0.5538504225279677
correlated_signed,44,0.01089740370911261,299.007419318113,300.1943559256242,0.39695891500552427,0.36647910368045045,0.576169610597952
correlated_signed,45,-0.0403566176238219,304.82459715490086,300.1943559256242,-1.5189854337521567,0.37848738321411834,0.5651741716507024
correlated_signed,46,-0.013989676281279388,301.7565268241541,300.1943559256242,-0.517692496984568,0.3722117251632151,0.5709205052447768
correlated_signed,47,0.04183442682620806,295.7729060814801,300.1943559256242,1.4948799410741564,0.359597842870757,0.5824704844008244
correlated_signed,48,-0.14001601602265584,318.1232774861713,300.1943559256242,-5.635840829449023,0.4042899702521525,0.5415478940133716
correlated_signed,49,-0.1178592043752601,314.90606832020075,300.1943559256242,-4.6717779917843485,0.3982476768492237,0.5470805674448522
correlated_signed,50,-0.27240160447669315,341.46642027795457,300.1943559256242,-12.086712455864555,0.4447199552989509,0.5045268976109916
correlated_signed,51,-0.09372147318925023,311.58094093955964,300.1943559256242,-3.6544549161446245,0.39187155782810057,0.552918896760313
correlated_signed,52,0.0943694560076452,290.69835531592383,300.1943559256242,3.26661655838416,0.3484934547834543,0.5926383275368925
correlated_signed,53,-0.023499827591716177,302.8440308845397,300.1943559256242,-0.8749305545750222,0.37445073355550795,0.5688703469198306
correlated_signed,54,-0.017097702819112905,302.10962139255076,300.1943559256242,-0.6339637440536566,0.3729404612539988,0.5702532346111974
correlated_signed,55,-0.19053131243969532,326.1207673101468,300.1943559256242,-7.949941856927522,0.4187935626118874,0.5282674677142716
correlated_signed,56,-0.009764655696675596,301.2800864463631,300.1943559256242,-0.36037248048658216,0.37122571392850234,0.5718233512161457
correlated_signed,57,-0.051425996481958454,306.1634838265172,300.1943559256242,-1.9496537687281195,0.38118662161430217,0.5627026033025752
correlated_signed,58,-0.21555616825692184,330.4674328331844,300.1943559256242,-9.160683897962679,0.4263817767007436,0.5213191235076415
correlated_signed,59,-0.22457927485728998,332.104239792949,300.1943559256242,-9.608394005213256,0.4291877366498762,0.5187497537770317
correlated_signed,60,0.030780143636433773,296.9063923947912,300.1943559256242,1.1074074573851038,0.36202633934305983,0.5802468133322788
correlated_signed,61,-0.013242818511293391,301.67200964454184,300.1943559256242,-0.48982128658828245,0.37203704091593504,0.5710804557113017
correlated_signed,62,-0.028434736543886507,303.4167357958496,300.1943559256242,-1.0620310253398555,0.375623395935745,0.5677965934954875
correlated_signed,63,-0.059444607014649146,307.1530674434748,300.1943559256242,-2.2655516924411625,0.3831665300279151,0.5608896924172333
correlated_signed,64,-0.12422347416448627,315.81343397627705,300.1943559256242,-4.945666133957459,0.39996428092614256,0.5455087470333578
correlated_signed,65,-0.11850817089287308,314.9979903527527,300.1943559256242,-4.69959646744112,0.398422030230989,0.5469209196138911
correlated_signed,66,-0.021715668224846236,302.6383979926957,300.1943559256242,-0.8075783123628741,0.37402859975984737,0.569256875614378
correlated_signed,67,-0.04608589752734094,305.51369504940726,300.1943559256242,-1.7411131513835418,0.3798795813347039,0.5638993998803539
correlated_signed,68,-0.04232023722698814,305.05984532416613,300.1943559256242,-1.594929477975605,0.3789633668229223,0.564738335345833
correlated_signed,69,-0.028394267621249608,303.41201564788827,300.1943559256242,-1.0604918580410347,0.37561374912022094,0.5678054266435384
correlated_signed,70,0.07495148388661281,292.5163784923625,300.1943559256242,2.6248025744179655,0.35251602835943885,0.5889550126312504
correlated_signed,71,0.20165807957447648,281.7088858860967,300.1943559256242,6.56190520273533,0.32784034208729373,0.6115497036564032
correlated_signed,72,-0.07414189863361333,309.01143246012145,300.1943559256242,-2.8533172589448106,0.3868503842389046,0.557516556597228
correlated_signed,73,-0.04047523553089484,304.8387806370824,300.1943559256242,-1.5235675401114572,0.3785161018254186,0.5651478753384086
correlated_signed,74,-0.04610375551884757,305.51585589529554,300.1943559256242,-1.7418081146973508,0.3798839370570215,0.5638954115459676
correlated_signed,75,-0.07759781597572625,309.45702203166525,300.1943559256242,-2.9931995225796557,0.38772710415045575,0.5567137843664542
correlated_signed,76,-0.008462821621119627,301.1341011325271,300.1943559256242,-0.3120686774990399,0.37092296741501507,0.5721005625645461
correlated_signed,77,-0.12428755727102599,315.82263776966636,300.1943559256242,-4.948436234466526,0.3999816426272962,0.5454928496655825
correlated_signed,78,0.04807259034812208,295.1437888638557,300.1943559256242,1.7112225472236637,0.35824190940805156,0.5837120559024171
correlated_signed,79,-0.01092784904341077,301.41084973632786,300.1943559256242,-0.4035998743136883,0.37149664380768566,0.5715752729408831
correlated_signed,80,-0.023141411678196864,302.8026614560383,300.1943559256242,-0.861387914449616,0.3743658543290799,0.5689480669605198
correlated_signed,81,-0.05016994590599306,306.00998860395765,300.1943559256242,-1.9004715188758434,0.3808783690376508,0.5629848559835496
correlated_signed,82,0.20751264499930108,281.26411253740014,300.1943559256242,6.730415486514263,0.3267842160906843,0.61251676957055
correlated_signed,83,-0.08978174214561802,311.0550091414693,300.1943559256242,-3.4915538720373496,0.390850567067778,0.5538537717876989
correlated_signed,84,-0.0619048115710025,307.46007869541677,300.1943559256242,-2.3631434691039304,0.3837781920997483,0.5603296216408395
correlated_signed,85,0.20233791369333173,281.6570174684352,300.1943559256242,6.581529061056142,0.32771735094112686,0.6116623232785897
correlated_signed,86,-0.08833989923032813,310.86367036311896,300.1943559256242,-3.4321522437896776,0.39047826422436327,0.5541946726033122
correlated_signed,87,-0.061282093381984,307.3822168018736,300.1943559256242,-2.3384114250442747,0.383623182592399,0.5604715567053992
correlated_signed,88,-0.3510821186574016,359.9366920231093,300.1943559256242,-16.598012212005713,0.47299118163588494,0.47863693633021054
correlated_signed,89,-0.021592783442269035,302.6242625351745,300.1943559256242,-0.8029450742627976,0.37399956069213824,0.5692834653672574
correlated_signed,90,-0.008546414134140845,301.1434635343373,300.1943559256242,-0.31516792613525996,0.37094239211109403,0.5720827762446246
correlated_signed,91,-0.04878639741362517,305.84138211246915,300.1943559256242,-1.8463904877229158,0.3805394130708114,0.5632952223469044
correlated_signed,92,0.07365953595944123,292.63966445888167,300.1943559256242,2.5815678406793867,0.3527870026108967,0.5887068922357865
correlated_signed,93,-0.012446882750982958,301.58207926442617,300.1943559256242,-0.46014781189475,0.37185106089047826,0.5712507492167652
correlated_signed,94,-0.014977923696442486,301.8685574521151,300.1943559256242,-0.5546127561683749,0.37244312479854025,0.5707086230696646
correlated_signed,95,-0.08546008371813141,310.48331668344355,300.1943559256242,-3.313853017200773,0.3897368174974517,0.5548735816500889
correlated_signed,96,-0.16995852697665467,322.7453966415533,300.1943559256242,-6.987254024563109,0.4127599556141157,0.5337922501146397
correlated_signed,97,-0.03563619657476768,304.26299630612135,300.1943559256242,-1.3372116983964881,0.3773481060788788,0.5662173554038469
correlated_signed,98,-0.08838299465180599,310.8693805150525,300.1943559256242,-3.4339260340602755,0.39048938154897217,0.5541844929741045
correlated_signed,99,-0.0256570129702574,303.09366239996984,300.1943559256242,-0.9565711309791841,0.3749624202871895,0.5684018187109192
correlated_signed,100,-0.0019526138202242145,300.409768650004,300.1943559256242,-0.07170629814996866,0.36941648440222397,0.5734799814738021
correlated_signed,101,-0.0074416519344990524,301.01985685455827,300.1943559256242,-0.27423470915172865,0.3706858411293338,0.5723176884372454
correlated_signed,102,-0.2819739415034912,343.4926240629201,300.1943559256242,-12.605297786354967,0.4479699746832637,0.5015507810392061
correlated_signed,103,-0.18600109587578348,325.3627284837327,300.1943559256242,-7.735481158336443,0.4174494422364703,0.529498239160017
correlated_signed,104,-0.20119385309654025,327.9391635463899,300.1943559256242,-8.460352011857513,0.42199252077242866,0.525338267849111
correlated_signed,105,-0.04555397436521791,305.44936858492474,300.1943559256242,-1.7204202070037857,0.3797498871226861,0.5640181548994813
correlated_signed,106,-0.13430003952679698,317.27747164698985,300.1943559256242,-5.384282606857348,0.4027133231353719,0.5429915649428891
correlated_signed,107,-0.08720994923087533,310.7141446351534,300.1943559256242,-3.3856806621667346,0.39018700111359583,0.5544613689976833
correlated_signed,108,-0.04636217043872517,305.5471335838021,300.1943559256242,-1.7518664290495785,0.3799469781176087,0.5638376877493211
correlated_signed,109,-0.028002469857039528,303.3663381048795,300.1943559256242,-1.0455946427908116,0.3755203800065937,0.5678909204738332
correlated_signed,110,-0.038495379417192804,304.6025020482229,300.1943559256242,-1.4471798796652064,0.37803733784241467,0.5655862575182632
correlated_signed,111,0.053000242981766775,294.6520944929625,300.1943559256242,1.880950971076202,0.3571781321409765,0.584686112643229
correlated_signed,112,-0.08415987985848387,310.3123769359963,300.1943559256242,-3.2605921524229124,0.3894030021500049,0.5551792411540621
correlated_signed,113,-0.1432654969517595,318.6091681749517,300.1943559256242,-5.779749639600994,0.4051919214907279,0.540722013760915
correlated_signed,114,-0.04797018495864294,305.74214418261795,300.1943559256242,-1.814531742696246,0.38033973655955955,0.5634780569308935
correlated_signed,115,-0.0748772232711495,309.10596239352594,300.1943559256242,-2.883026389687127,0.3870365878843761,0.5573460584616291
correlated_signed,116,-0.21095100675964198,329.6466352822474,300.1943559256242,-8.934500220639533,0.4249641975694418,0.5226171721412133
correlated_signed,117,0.0024978121788463547,299.9200190270637,300.1943559256242,0.09147001905724045,0.36839376911029076,0.5744164362461848
correlated_signed,118,-0.11619727530354951,314.67128440683297,300.1943559256242,-4.600651282336833,0.39780188736843447,0.5474887574917708
correlated_signed,119,-0.04271207617103234,305.1069045013446,300.1943559256242,-1.6101073109929387,0.37905849475487496,0.5646512310741608
correlated_signed,120,-0.1110219105580638,313.94579504158185,300.1943559256242,-4.3801953500081945,0.3964201705772117,0.5487539350598943
correlated_signed,121,-0.1351986127935335,317.40969118805793,300.1943559256242,-5.423695539350757,0.40296034471377085,0.5427653775238881
correlated_signed,122,-0.048345252215575556,305.7877250002817,300.1943559256242,-1.8291673005030884,0.3804314657571445,0.5633940647296726
correlated_signed,123,-0.06539348058990763,307.8982077063032,300.1943559256242,-2.502077500895197,0.38464896911164503,0.5595322912328698
correlated_signed,124,-0.20736670894267661,329.0144601394313,300.1943559256242,-8.759525098560585,0.42386755984538405,0.523621339287806
correlated_signed,125,-0.05106945650715113,306.1198716462514,300.1943559256242,-1.9356847658274967,0.381099070085817,0.5627827702028587
correlated_signed,126,0.06305254926173105,293.66314987904195,300.1943559256242,2.224046854115824,0.35502777119920526,0.586655110230943
correlated_signed,127,-0.07025151239978665,308.5137950282246,300.1943559256242,-2.696618185854302,0.3858682639451263,0.5584158390444268
correlated_signed,128,-0.012608856561606268,301.60036845207543,300.1943559256242,-0.4661839551680201,0.3718888927276921,0.5712161083124552
correlated_signed,129,-0.0399189453390334,304.77229376585956,300.1943559256242,-1.5020846493849351,0.3783814565907607,0.5652711637911838
correlated_signed,130,-0.08401588633721147,310.29347580765545,300.1943559256242,-3.2546993957073944,0.3893660689778421,0.5552130591760173
correlated_signed,131,-0.0012521042731608967,300.33239150323834,300.1943559256242,-0.045960935789581756,0.36925512410898753,0.5736277318818951
correlated_signed,132,-0.03419277215954941,304.09236466226616,300.1943559256242,-1.2818502499959785,0.3770011251026083,0.566535069970086
correlated_signed,133,-0.32527925681799863,353.3929520012842,300.1943559256242,-15.053666400077681,0.4633135787344723,0.48749980418576
correlated_signed,134,-0.04747427419230674,305.6819327574895,300.1943559256242,-1.7951917479594097,0.38021852203431494,0.5635890474890142
correlated_signed,135,0.10785836719651277,289.472840501054,300.1943559256242,3.703807032815977,0.34575336480056007,0.5951473258239455
correlated_signed,136,-0.07852469199215117,309.5770985244144,300.1943559256242,-3.0308258083406696,0.38796292898629936,0.5564978503617698
correlated_signed,137,-0.17955044954362806,324.2979109132992,300.1943559256242,-7.432534770203629,0.4155507393563467,0.5312368223412123
correlated_signed,138,-0.15967547065452412,321.1206659481879,300.1943559256242,-6.51665004517027,0.40981045058149,0.5364930058959516
correlated_signed,139,0.00983490444794208,299.12202005025335,300.1943559256242,0.35849446162161935,0.3667201813245986,0.5759488664269813
correlated_signed,140,0.11462849650065594,288.86889218998766,300.1943559256242,3.920624214596239,0.34439446513683636,0.5963916208590555
correlated_signed,141,-0.0743439347815104,309.03739030192827,300.1943559256242,-2.861477171957878,0.3869015269523397,0.5574697275611525
correlated_signed,142,-0.03127237419608589,303.7486909204842,300.1943559256242,-1.170156481691778,0.3763010781960844,0.5671760708498796
correlated_signed,143,-0.08016764907683764,309.790538932346,300.1943559256242,-3.097635918706175,0.3883816650467504,0.5561144329077998
correlated_signed,144,-0.01738206551893238,302.1420385669325,300.1943559256242,-0.644624842854109,0.3730072802500427,0.5701920514869678
correlated_signed,145,-0.16709380577678914,322.2887081874236,300.1943559256242,-6.855453418166495,0.4119338978566631,0.5345486424198195
correlated_signed,146,-0.11042661166795183,313.8628885695098,300.1943559256242,-4.354937503501134,0.39626186592345336,0.5488988876608989
correlated_signed,147,-0.05730911331875147,306.8878778792468,300.1943559256242,-2.1810968878530645,0.38263720467873175,0.5613743712449736
correlated_signed,148,-0.017440923696323756,302.1487507062868,300.1943559256242,-0.6468319912275352,0.37302111366836077,0.5701793848532877
correlated_signed,149,0.014472121715963238,298.6236119966663,300.1943559256242,0.5259945516215487,0.36567036729794977,0.5769101349550846
correlated_signed,150,-0.02977541319247647,303.5733300554887,300.1943559256242,-1.1130668590837265,0.37594326583134996,0.5675037032581758
correlated_signed,151,-0.030360719440831935,303.64183103691727,300.1943559256242,-1.1353755507006857,0.3760830867871735,0.5673756756057623
correlated_signed,152,-0.10363589174411901,312.92497349374565,300.1943559256242,-4.068265126297399,0.39446513374557146,0.5505440756884693
correlated_signed,153,-0.011989711710908235,301.5304903695014,300.1943559256242,-0.443117524280836,0.3717443226917928,0.5713484845647958
correlated_signed,154,-0.04043989935950279,304.83455502318634,300.1943559256242,-1.5222024606787687,0.37850754611270143,0.5651557094112678
correlated_signed,155,-0.04093743118990934,304.89408017815407,300.1943559256242,-1.5414285019190042,0.3786280464163958,0.5650453728225876
correlated_signed,156,-0.10920417807157838,313.69299051332825,300.1943559256242,-4.303135548427404,0.3959371948863508,0.5491961746097819
correlated_signed,157,-0.05998143596027671,307.2199215949236,300.1943559256242,-2.2868196934711684,0.3832998284480411,0.5607676371964552
correlated_signed,158,0.03350353836163467,296.6248936243562,300.1943559256242,1.2033589823342161,0.3614249598342475,0.5807974708348445
correlated_signed,159,-0.0670070310467618,308.1019572595367,300.1943559256242,-2.5665534241482617,0.38505307564635693,0.5591622694782586
correlated_signed,160,-0.049309909331987645,305.90512226602067,300.1943559256242,-1.8668423392499653,0.3806675962237085,0.5631778509387345
correlated_signed,161,-0.12250718161724074,315.5674375278,300.1943559256242,-4.8715677772746995,0.399499866853007,0.545933991107939
correlated_signed,162,-0.19595062567214602,327.0388982353468,300.1943559256242,-8.208363731217208,0.42041320433495477,0.5267844068723019
correlated_signed,163,-0.07050066910099388,308.545540760472,300.1943559256242,-2.7066295673127017,0.38593101084644565,0.5583583845908899
correlated_signed,164,-0.17151523412857983,322.9948978491574,300.1943559256242,-7.0591028141197745,0.41321026625597645,0.5333799161119968
correlated_signed,165,0.05652124875444294,294.30356219024384,300.1943559256242,2.0016046328288937,0.356421932472347,0.5853785335693651
correlated_signed,166,-0.034341859816907655,304.1099651444092,300.1943559256242,-1.2875636011880218,0.37703693385041837,0.5665022815415326
correlated_signed,167,-0.07999000856378807,309.7674244053815,300.1943559256242,-3.0904051638526604,0.3883363458920299,0.5561559295854959
correlated_signed,168,-0.05798176537240315,306.97127919558574,300.1943559256242,-2.2076733978893253,0.38280377448524594,0.5612218509500557
correlated_signed,169,-0.03779765842625097,304.51946692879335,300.1943559256242,-1.420306900832872,0.3778689099317537,0.5657404792206573
correlated_signed,170,-0.0022548408183756786,300.44318567594206,300.1943559256242,-0.0828208999841409,0.36948614570404004,0.5734161957350746
correlated_signed,171,-0.05530809883781485,306.64047745320306,300.1943559256242,-2.102175675278419,0.38214256143708947,0.5618272932631726
correlated_signed,172,-0.009965297772111944,301.30262021015955,300.1943559256242,-0.3678243102440681,0.3712724186477324,0.5717805858095378
correlated_signed,173,-0.09924165202600259,312.3256139000192,300.1943559256242,-3.8841700566634993,0.3933113090190127,0.5516005814008531
correlated_signed,174,-0.23700470093755857,334.4223596686415,300.1943559256242,-10.234962691170438,0.4331146439415199,0.5151539300617218
correlated_signed,175,-0.07309776428529904,308.8774615340193,300.1943559256242,-2.8111813549849196,0.3865862950886084,0.5577583709110762
correlated_signed,176,0.018261522879528466,298.2196933201317,300.1943559256242,0.6621503038609818,0.3648170054830201,0.5776915210392571
correlated_signed,177,-0.008758394212192945,301.1672124804593,300.1943559256242,-0.3230287078139968,0.37099165995437766,0.572037663898315
correlated_signed,178,-0.27365360307250064,341.728344829199,300.1943559256242,-12.15409536025877,0.4451422516623348,0.5041401929235185
correlated_signed,179,-0.06937588628999185,308.4023641881622,300.1943559256242,-2.66146087567932,0.38564791350651484,0.5586176038110626
correlated_signed,180,-0.06480528917666571,307.8241095092304,300.1943559256242,-2.4786081882184137,0.3845018738507624,0.5596669795911889
correlated_signed,181,-0.09761487856182649,312.10521237819813,300.1943559256242,-3.816295268449651,0.3928859004232109,0.5519901089507596
correlated_signed,182,0.006729234504001369,299.4583816251569,300.1943559256242,0.24576847589745052,0.3674266964586226,0.5753019417449191
correlated_signed,183,-0.1121584576259939,314.10439027270786,300.1943559256242,-4.428474984067188,0.39672276526407646,0.5484768624071695
correlated_signed,184,0.01043137275588546,299.057655587457,300.1943559256242,0.3800940443856262,0.3665848049928886,0.5760728245642046
correlated_signed,185,0.005214222971442283,299.623219335973,300.1943559256242,0.19061826747506516,0.36777235289157917,0.5749854394687407
correlated_signed,186,-0.015280875385411534,301.90294595819825,300.1943559256242,-0.5659401656884115,0.37251411992589667,0.570643616045855
correlated_signed,187,-0.07577434527573867,309.2214963280693,300.1943559256242,-2.919312049660255,0.38726401029135815,0.5571378181926971
correlated_signed,188,-0.06958249730890226,308.4286382540851,300.1943559256242,-2.6697528397727606,0.3856998838628093,0.5585700169452923
correlated_signed,189,-0.014094143279402746,301.76835889840254,300.1943559256242,-0.5215931115257323,0.37223617246628216,0.5708981199551971
correlated_signed,190,-0.036035187244129074,304.3102523940211,300.1943559256242,-1.3525329613501262,0.3774441329539593,0.5661294280002984
correlated_signed,191,0.09568028374414729,290.57794273755457,300.1943559256242,3.3094092061746925,0.3482252518327703,0.5928839108384482
correlated_signed,192,-0.09814388721014296,312.1767970077187,300.1943559256242,-3.838350959119548,0.39302413556144655,0.5518635332460964
correlated_signed,193,-0.05518825663690624,306.6256937584362,300.1943559256242,-2.097455615666278,0.38211297819183265,0.561854381277349
correlated_signed,194,-0.053759509712073904,306.44973273907254,300.1943559256242,-2.041240746903989,0.38176064826708433,0.5621769935506713
correlated_signed,195,0.002441427395595048,299.92619674885765,300.1943559256242,0.08940838768782707,0.36840669048095454,0.5744046047220583
correlated_signed,196,-0.1898256125553461,326.00212068332934,300.1943559256242,-7.916440759222595,0.41858359650271226,0.5284597276236482
correlated_signed,197,-0.04235577311663121,305.06411153410534,300.1943559256242,-1.5963056368682977,0.37897199197705267,0.5647304376889071
correlated_signed,198,-0.08763268957766944,310.7700421909589,300.1943559256242,-3.4030584771862444,0.39029591749575077,0.5543616392177723
correlated_signed,199,-0.059809915842968076,307.19855297691726,300.1943559256242,-2.280022800699626,0.38325722853156896,0.5608066439769562
correlated_signed,200,-0.04616870363793877,305.52371540558767,300.1943559256242,-1.744335778611697,0.37989977933518193,0.5638809055012497
correlated_signed,201,-0.06958363023726004,308.4287823571998,300.1943559256242,-2.669798314101262,0.38570016887574743,0.5585697559720486
correlated_signed,202,-0.08667295578930896,310.6432145615892,300.1943559256242,-3.363620432112599,0.3900487374425674,0.5545879707531615
correlated_signed,203,0.054881187513586116,294.46561744338834,300.1943559256242,1.9454694004597144,0.3567737613366151,0.5850563783275483
correlated_signed,204,0.016023642488788303,298.4578690079815,300.1943559256242,0.5818197802639506,0.3653204803409126,0.5772305111132661
correlated_signed,205,-0.04517534904979393,305.4036244093936,300.1943559256242,-1.7056996274498586,0.3796576250491883,0.5641026350331071
correlated_signed,206,-0.03140781165607099,303.76458342678205,300.1943559256242,-1.1753271105149694,0.37633348539870615,0.5671463970581047
correlated_signed,207,-0.17313563305465138,323.2556124317322,300.1943559256242,-7.134062215541029,0.41368007238532967,0.5329497305761458
correlated_signed,208,-0.059893906188188926,307.2090158329723,300.1943559256242,-2.283350925860161,0.38327808774748495,0.560787544154143
correlated_signed,209,-0.14577549637528375,318.9870292920048,300.1943559256242,-5.891359723337699,0.4058914394951433,0.5400814931186054
correlated_signed,210,-0.003169925301879493,300.54448938081765,300.1943559256242,-0.11649970888329207,0.3696972292659939,0.5732229159633472
correlated_signed,211,-0.0012128875120552593,300.32806288905704,300.1943559256242,-0.04452030294691664,0.3692460948737333,0.5736359995491904
correlated_signed,212,0.0955480561123418,290.59007613692347,300.1943559256242,3.3050955890783067,0.3482522874294687,0.5928591553633196
correlated_signed,213,-0.15345737506737678,320.1574792066169,300.1943559256242,-6.235407440882959,0.4080477621126638,0.5381070329450153
correlated_signed,214,-0.10899004203533845,313.66327729594786,300.1943559256242,-4.2940702164555375,0.3958803775150247,0.5492481997674856
correlated_signed,215,-0.006047538460368475,300.8642679025947,300.1943559256242,-0.22266252541074538,0.3703626099113352,0.5726136567400194
correlated_signed,216,-0.007555144151734756,301.0325422934656,300.1943559256242,-0.278437128908233,0.3707121800044202,0.5722935711136644
correlated_signed,217,0.04283852904178421,295.67113544778294,300.1943559256242,1.5298146946238187,0.3593788882601089,0.5826709719294518
correlated_signed,218,-0.04793681316876247,305.7380903485656,300.1943559256242,-1.8132298846444315,0.3803315770896021,0.5634855281817256
correlated_signed,219,-0.04903177199356289,305.8712489308732,300.1943559256242,-1.855974703438688,0.380599482692649,0.5632402193613193
correlated_signed,220,-0.007552735877843171,301.03227308180266,300.1943559256242,-0.27834794841107907,0.37071162106121247,0.5722940829128254
correlated_signed,221,-0.13622511419140296,317.5610728455881,300.1943559256242,-5.468780151277653,0.403242913650137,0.5425066408259143
correlated_signed,222,0.01745585364499817,298.3053194718773,300.1943559256242,0.6332560401843683,0.3649981014596797,0.5775256993595178
correlated_signed,223,-0.04879206651319921,305.84207197718973,300.1943559256242,-1.8466118853611242,0.38054080069320884,0.5632939517649952
correlated_signed,224,-0.022176389399272477,302.6914264527458,300.1943559256242,-0.8249558160219049,0.3741375141950075,0.5691571476232832
correlated_signed,225,-0.007415794953675278,301.0169671310182,300.1943559256242,-0.2732773548395781,0.37067984086353023,0.5723231826108561
correlated_signed,226,-0.03234495590794519,303.87467174282756,300.1943559256242,-1.211129508127623,0.3765578789125664,0.5669409301935421
correlated_signed,227,0.12325269325135842,288.11005286451245,300.1943559256242,4.194335789731909,0.3426789817347068,0.597962427889876
correlated_signed,228,-0.012039834450145906,301.5361440782433,300.1943559256242,-0.44498418480502416,0.37175602208199954,0.5713377719614556
correlated_signed,229,0.051764167698183705,294.7750014660318,300.1943559256242,1.8384715232430906,0.35744437313392663,0.5844423267672141
correlated_signed,230,-0.19394301786151447,326.69732016926895,300.1943559256242,-8.112391074990443,0.41981170253986455,0.5273351856668517
correlated_signed,231,-0.22764813854953195,332.6697541171292,300.1943559256242,-9.762053144173347,0.4301507705084332,0.5178679172162833
correlated_signed,232,-0.01645891759602454,302.03686859226303,300.1943559256242,-0.6100290587789549,0.37279044936112005,0.5703905937005205
correlated_signed,233,-0.09264464459807026,311.4367356669592,300.1943559256242,-3.6098438153928027,0.3915919554569719,0.5531749160159254
correlated_signed,234,-0.16030021390450305,321.2182326668797,300.1943559256242,-6.545044646658759,0.40998841365989347,0.5363300517268736
correlated_signed,235,0.05953257386949129,294.0073148070152,300.1943559256242,2.1043833969471764,0.355777764322626,0.5859683720040951
correlated_signed,236,-0.024483511070333173,302.95772673726105,300.1943559256242,-0.912130824784461,0.3746838882580862,0.56865685778565
correlated_signed,237,0.01240213293250874,298.8455309019756,300.1943559256242,0.45134522158573936,0.3661382351514392,0.5764817289071669
correlated_signed,238,-0.028086397556538967,303.37611967348994,300.1943559256242,-1.0487851684865985,0.37554037680128627,0.5678726103227212
correlated_signed,239,-0.05896781585270231,307.0937541488589,300.1943559256242,-2.246674876979205,0.3830482185006433,0.560998024830575
correlated_signed,240,-0.08464479682548713,310.37607278310935,300.1943559256242,-3.2804451600236937,0.38952743194980166,0.5550653064577259
correlated_signed,241,-0.11484951765790478,314.48153397002386,300.1943559256242,-4.543089657455526,0.3974411175396483,0.547819098688982
correlated_signed,242,-0.076344008409032,309.29497589344106,300.1943559256242,-2.942375621048628,0.38740856251444045,0.5570054583482625
correlated_signed,243,-0.0486558384596348,305.82549685452875,300.1943559256242,-1.841292170476904,0.3805074590750356,0.5633244811489073
correlated_signed,244,0.018603983843248757,298.1833376949815,300.1943559256242,0.6744234088290457,0.36474008329968377,0.5777619553269748
correlated_signed,245,0.027925482970675135,297.2030576008366,300.1943559256242,1.0064830250855452,0.3626588868482532,0.5796676167442387
correlated_signed,246,0.031654441688365544,296.8158604713047,300.1943559256242,1.1382462678897705,0.361833056016195,0.5804237945984609
correlated_signed,247,-0.02467666820556805,302.9800791112252,300.1943559256242,-0.9194410384249553,0.37472970541777606,0.5686149051016479
correlated_signed,248,0.036660967503046746,296.3003796959786,300.1943559256242,1.3141988659079844,0.3607302671719672,0.5814335713394634
correlated_signed,249,-0.06963104137688092,308.4348131444909,300.1943559256242,-2.671701399350886,0.3857120965706988,0.5585588343301667
correlated_signed,250,-0.13325925813399864,317.12467137409783,300.1943559256242,-5.338693888152798,0.4024275946161864,0.5432531946660414
correlated_signed,251,-0.15409923818801602,320.25624473220296,300.1943559256242,-6.26432400197361,0.40822899681113767,0.537941083295072
correlated_signed,252,-0.02431607721071204,302.93835825150256,300.1943559256242,-0.9057956020215314,0.3746441819067349,0.5686932150813081
correlated_signed,253,-0.03035886790914083,303.6416142135653,300.1943559256242,-1.1353049537921494,0.3760826443171498,0.5673760807553169
correlated_signed,254,-0.07882243613094386,309.61572256342737,300.1943559256242,-3.042922549216828,0.3880387459801805,0.5564284282105117
correlated_signed,255,0.11525835695549026,288.81307522784016,300.1943559256242,3.940708255263564,0.34426858864647014,0.596506881429579
correlated_signed,256,0.12752724496867068,287.7382236999183,300.1943559256242,4.32898071918884,0.3418350971160562,0.5987351434811616
correlated_signed,257,-0.09153612823488233,311.288644915231,300.1943559256242,-3.5639876914327893,0.3913045498216555,0.5534380803521713
correlated_signed,258,-0.02485310731983364,303.00050459379105,300.1943559256242,-0.926120130370347,0.37477156698833647,0.568576574370482
correlated_signed,259,-0.10587297760560314,313.2323746660337,300.1943559256242,-4.162410975018318,0.3950551972484808,0.5500037807895024
correlated_signed,260,0.11419538324697935,288.9073102977672,300.1943559256242,3.906805132837879,0.34448107607506695,0.5963123143452859
correlated_signed,261,-0.15126864737363463,319.82182262642135,300.1943559256242,-6.137000452193549,0.40743099561969254,0.5386717821649507
correlated_signed,262,-0.00809462934698857,301.09288219090735,300.1943559256242,-0.29842162283777107,0.3708374338172059,0.5721788818311403
correlated_signed,263,-0.04756834112018049,305.6933491508068,300.1943559256242,-1.7988592949301527,0.380241508595069,0.5635679997539588
correlated_signed,264,-0.06979226322098613,308.4553254772563,300.1943559256242,-2.6781737481271577,0.38575266238439,0.5585216900795426
correlated_signed,265,-0.04512824946307018,305.3979365420717,300.1943559256242,-1.703868950578399,0.3796461511773208,0.5641131411294296
correlated_signed,266,-0.049414268822435846,305.9178369470402,300.1943559256242,-1.870920989287334,0.3806931593968996,0.5631544439187038
correlated_signed,267,-0.019414341387211487,302.3742639427747,300.1943559256242,-0.7209304088006053,0.37348552940947266,0.5697541404414703
correlated_signed,268,-0.10000022492897272,312.4286614673552,300.1943559256242,-3.915871701485782,0.39351000063193464,0.5514186483979808
correlated_signed,269,0.008658291807359561,299.24921039673967,300.1943559256242,0.31583893826536547,0.36698752670103163,0.5757040700678925
correlated_signed,270,-0.02707484483768685,303.25833807795567,300.1943559256242,-1.010353803213094,0.3752995061161424,0.5680931646051874
correlated_signed,271,-0.019313141320804486,302.36267718599225,300.1943559256242,-0.7171259629488705,0.3734616848435409,0.5697759738272808
correlated_signed,272,-0.11513311036279715,314.5214127119058,300.1943559256242,-4.555192812708369,0.39751697456224955,0.5477496397255842
correlated_signed,273,-0.08340200954136456,310.21296281713984,300.1943559256242,-3.2295900211691833,0.38920869460937024,0.555357159708303
correlated_signed,274,-0.0622365776386736,307.5016035152782,300.1943559256242,-2.3763282877615657,0.3838608287080404,0.560253955105431
correlated_signed,275,-0.07816397299870394,309.53033873653095,300.1943559256242,-3.0161769760648314,0.3878711166171819,0.5565819187451747
correlated_signed,276,0.2728783586607077,276.57471441756815,300.1943559256242,8.540058174803178,0.31544245677320515,0.6229021521085821
correlated_signed,277,0.08103368642160447,291.93992362011664,300.1943559256242,2.8274420994398013,0.35124598294952225,0.5901179433284895
correlated_signed,278,-0.03982666339720856,304.7612718362673,300.1943559256242,-1.4985223952919695,0.37835912996155785,0.5652916072594802
correlated_signed,279,-0.01925048047787992,302.3555041207792,300.1943559256242,-0.7147705815508061,0.37344692236588817,0.569789491157478
correlated_signed,280,0.05782562682103435,294.17503385147614,300.1943559256242,2.046170266504373,0.3561426163694187,0.5856342918851953
correlated_signed,281,0.06255139732860869,293.7120110498185,300.1943559256242,2.207041125977721,0.3551343549283196,0.5865575158286007
correlated_signed,282,-0.1467174824248604,319.1294149060392,300.1943559256242,-5.933348070089367,0.40615460205725584,0.539840525618698
correlated_signed,283,-0.01280030035743579,301.62199296259985,300.1943559256242,-0.47331994028454266,0.37193361788035073,0.5711751555109059
correlated_signed,284,-0.041009819756624676,304.90274596067235,300.1943559256242,-1.5442268386967672,0.3786455851509175,0.5650293134097218
correlated_signed,285,-0.06079112686370952,307.3209014316773,300.1943559256242,-2.318926396757774,0.38350105905745124,0.560583379599648
correlated_signed,286,-0.1526548672683301,320.03420652849104,300.1943559256242,-6.199290637733931,0.4078213998263224,0.5383143041630476
correlated_signed,287,-0.10060652991386371,312.5111497181642,300.1943559256242,-3.9412333939597874,0.39366895627536824,0.5512730998342921
correlated_signed,288,-0.1330057067860653,317.08750257059785,300.1943559256242,-5.327597747631967,0.4023580492509298,0.5433168744590815
correlated_signed,289,-0.02547095109827947,303.07208759941597,300.1943559256242,-0.9495205238416317,0.37491823022388315,0.5684422815356567
correlated_signed,290,-0.16037525350972381,321.2299615003136,300.1943559256242,-6.548456898740701,0.4100097999377542,0.5363104691064597
correlated_signed,291,0.05125788581863517,294.82542595950076,300.1943559256242,1.821053916449178,0.3575535384243458,0.5843423686286874
correlated_signed,292,-0.03500682349742362,304.1885333978878,300.1943559256242,-1.313059840766275,0.3771967329580357,0.5663559608268125
correlated_signed,293,-0.04548357093706699,305.4408599425827,300.1943559256242,-1.7176824403731386,0.3797327280138585,0.5640338667055249
correlated_signed,294,-0.016723677821518193,302.06701131115904,300.1943559256242,-0.6199470036156288,0.3728526105990969,0.5703336754726417
correlated_signed,295,-0.14563967293760502,318.9665249853401,300.1943559256242,-5.885310084053063,0.40585352329099433,0.5401162114765865
correlated_signed,296,-0.050528242278521075,306.0537326516135,300.1943559256242,-1.914492816416353,0.3809662483253178,0.5629043889688636
correlated_signed,297,0.01521792696430744,298.54387734824365,300.1943559256242,0.5528428826076134,0.36550209425549307,0.5770642152041903
correlated_signed,298,-0.09527360916283877,311.7894034081862,300.1943559256242,-3.7188715703022384,0.3922752924949431,0.5525492151435503
correlated_signed,299,-0.044080998668975385,305.27161271410097,300.1943559256242,-1.6631932276099968,0.3793912137618528,0.5643465755875305
correlated_signed,300,-0.043406703899193426,305.1904228878421,300.1943559256242,-1.6370326810857787,0.3792272510451875,0.5644967087026835
correlated_signed,301,0.012335855672812361,298.85265131503263,300.1943559256242,0.4489518847123249,0.36615323549315903,0.5764679937538686
correlated_signed,302,-0.08051985707335009,309.83639458831396,300.1943559256242,-3.111977427797441,0.3884715512449083,0.5560321282255741
correlated_signed,303,-0.05345814957997471,306.41268585889287,300.1943559256242,-2.029397025726367,0.38168641706321316,0.5622449636428741
correlated_signed,304,-0.15130223799076412,319.8269608220308,300.1943559256242,-6.138508412782383,0.4074404467752861,0.5386631281092037
correlated_signed,305,-0.004921258159372673,300.7388884164173,300.1943559256242,-0.18106487446980535,0.37010189458806064,0.572852382061541
correlated_signed,306,0.19229150175627366,282.42950754352177,300.1943559256242,6.290011456881832,0.32954441789927125,0.6099893290110919
correlated_signed,307,-0.05712765740818341,306.86539978293564,300.1943559256242,-2.1739315876049394,0.3825922957471082,0.561415492283845
correlated_signed,308,0.024859042494187297,297.52356965715876,300.1943559256242,0.897672164777753,0.3633408629667444,0.579043160627599
correlated_signed,309,-0.12372493641902955,315.7418787713608,300.1943559256242,-4.924124384841283,0.39982926726081447,0.5456323732725786
correlated_signed,310,-0.016676415998017485,302.06162940439356,300.1943559256242,-0.6181763246299216,0.37284151277589817,0.570343837246242
correlated_signed,311,-0.07932621512743566,309.68113091560576,300.1943559256242,-3.063401041559382,0.3881670960642828,0.5563109039113947
correlated_signed,312,-0.0746649309977027,309.07865562689904,300.1943559256242,-2.874446209575662,0.38698281112399735,0.5573952993742929
correlated_signed,313,-0.08360082170153837,310.2390261828045,300.1943559256242,-3.2377197610404953,0.3892596481959122,0.5553105038331849
correlated_signed,314,0.15739566469748073,285.21641552765226,300.1943559256242,5.251429995802547,0.3360536735985338,0.6040289999861599
correlated_signed,315,0.0076483613703338975,299.3586192330025,300.1943559256242,0.27917575741195605,0.36721731482103603,0.5754936632440776
correlated_signed,316,-0.06797744022032655,308.224834990471,300.1943559256242,-2.6053965006080797,0.38529652684402826,0.5589393524173607
correlated_signed,317,-0.036450714175263195,304.35950863677016,300.1943559256242,-1.3684976460245004,0.3775441925116749,0.5660378080551114
correlated_signed,318,0.10299967918671556,289.9108270055103,300.1943559256242,3.547135174747522,0.3467353047805669,0.594248199593592
correlated_signed,319,0.07280641168586789,292.7212373814286,300.1943559256242,2.552981331674901,0.3529661689422401,0.5885428367344072
correlated_signed,320,-0.004539221957952974,300.6964238733182,300.1943559256242,-0.1669683800115695,0.370013544118988,0.5729332806242052
correlated_signed,321,0.06304406020855323,293.6639771597682,300.1943559256242,2.2237588787756453,0.35502957609016594,0.5866534575653832
correlated_signed,322,-0.03698326037505485,304.42269842144674,300.1943559256242,-1.3889708348780039,0.377672509373838,0.5659203141941915
correlated_signed,323,-0.05283998685930876,306.33676756738424,300.1943559256242,-2.005117338847968,0.38153424272906067,0.5623843026673976
correlated_signed,324,-0.06835176384648865,308.27230211175396,300.1943559256242,-2.620393116992179,0.3853905189917721,0.5588532881311881
correlated_signed,325,-0.07610219916039516,309.2637743736104,300.1943559256242,-2.9325835094509696,0.3873471899078357,0.5570616544310799
correlated_signed,326,-0.1723314160944289,323.1260891615592,300.1943559256242,-7.09683742821193,0.4134467670096791,0.5331633604181946
correlated_signed,327,-0.052239025547270244,306.2630568550332,300.1943559256242,-1.9815321481237418,0.38138642118983324,0.5625196560384979
correlated_signed,328,-0.14642697590134043,319.0854697794776,300.1943559256242,-5.92039301159942,0.4060734060481477,0.5399148735818169
correlated_signed,329,-0.006606032910889371,300.92654584705247,300.1943559256242,-0.24331184188728347,0.37049203052332,0.572495152098425
correlated_signed,330,-0.01888290042237201,302.313444045126,300.1943559256242,-0.7009572882856868,0.3733603468195109,0.5698687644532239
correlated_signed,331,-0.042579093056301316,305.0909291396611,300.1943559256242,-1.604955358012428,0.3790262045963936,0.5646807976869677
correlated_signed,332,-0.03242136042931246,303.8836565467835,300.1943559256242,-1.2140503583124844,0.3765761855034325,0.5669241676868554
correlated_signed,333,-0.14611403696476932,319.03816492686036,300.1943559256242,-5.906443514541933,0.40598597737675546,0.5399949285420852
correlated_signed,334,-0.06585647327367444,307.9565995545519,300.1943559256242,-2.520564144478623,0.3847648352079661,0.5594261979820934
correlated_signed,335,-0.05124683859408633,306.1415650270704,300.1943559256242,-1.9426336639130606,0.3811426227039032,0.5627428910773509
correlated_signed,336,0.035572894699370576,296.4119864826294,300.1943559256242,1.276051447135549,0.3609693573713567,0.5812146466027728
correlated_signed,337,-0.09171669005697199,311.31274212025136,300.1943559256242,-3.571452334043049,0.3913513348575387,0.5533952414127233
correlated_signed,338,-0.010229383614756475,301.3322931513017,300.1943559256242,-0.37763533864129234,0.37133390976419856,0.5717242811659375
correlated_signed,339,-0.08308758834104037,310.1717667576844,300.1943559256242,-3.2167372731428614,0.38912813931169,0.5554309205193864
correlated_signed,340,-0.015124032833181806,301.8851398819118,300.1943559256242,-0.5600752514512546,0.37247736127126085,0.5706772742815522
correlated_signed,341,-0.0336079530642328,304.02337652779863,300.1943559256242,-1.259449403498188,0.3768607265468601,0.5666636264915005
correlated_signed,342,-0.043579202977058445,305.21118208480044,300.1943559256242,-1.643722921587563,0.3792691825087716,0.5644583139907586
correlated_signed,343,-0.06519134559245525,307.8727329494884,300.1943559256242,-2.4940100899172357,0.3845984061515767,0.5595785894076616
correlated_signed,344,-0.13978468384332418,318.0888273857826,300.1943559256242,-5.625620870504745,0.40422591644792627,0.5416065454698885
correlated_signed,345,-0.015566679515201062,301.93540741339416,300.1943559256242,-0.5766304464537941,0.3725811218165147,0.5705822654488752
correlated_signed,346,-0.10865382707406544,313.6166534817889,300.1943559256242,-4.279842096122638,0.39579120213592067,0.5493298537219568
correlated_signed,347,-0.05607018605629672,306.734576210474,300.1943559256242,-2.132208362568832,0.3823307930330859,0.5616549382664127
correlated_signed,348,-0.04664781146225432,305.5817263734856,300.1943559256242,-1.7629884194308347,0.380016685828767,0.5637738596078818
correlated_signed,349,-0.035114911225007574,304.2013146517569,300.1943559256242,-1.3172062489998593,0.3772227208037928,0.5663321649484263
correlated_signed,350,-0.05730787828231188,306.8877248581569,300.1943559256242,-2.1810481131581083,0.38263689898052444,0.5613746511587326
correlated_signed,351,-0.0711238035119731,308.6250106907818,300.1943559256242,-2.7316822918167234,0.3860880302173807,0.5582146091686769
correlated_signed,352,-0.007393047191012037,301.0144250117739,300.1943559256242,-0.2724351452982966,0.3706745622733153,0.572328015978584
correlated_signed,353,-0.028038776058005654,303.37056929669967,300.1943559256242,-1.0469747867892476,0.3755290301347527,0.567882999946755
correlated_signed,354,-0.14355433420852384,318.6525370208974,300.1943559256242,-5.7925730853549355,0.4052722926597979,0.5406484211119922
correlated_signed,355,-0.014813786747190688,301.8499348475729,300.1943559256242,-0.548477481959609,0.3724046716492282,0.5707438328778597
correlated_signed,356,-0.13013242696663022,316.6678215979485,300.1943559256242,-5.2021280814693895,0.401571664502985,0.5440369340470051
correlated_signed,357,-0.0018080307420381535,300.393789351004,300.1943559256242,-0.06639066200757306,0.36938316839730445,0.5735104874499218
correlated_signed,358,-0.07748788734477705,309.4427968495927,300.1943559256242,-2.9887400896469267,0.38769915440642555,0.5567393766669485
correlated_signed,359,-0.08276411109832323,310.1294136985218,300.1943559256242,-3.203519993287533,0.3890452992899185,0.5555067733471537
correlated_signed,360,-0.016499835086831612,302.04152595275644,300.1943559256242,-0.6115616126973036,0.37280005472291344,0.5703817985060927
correlated_signed,361,-0.09097494054431521,311.21381186577537,300.1943559256242,-3.540799129089994,0.39115921429804246,0.5535711575093593
correlated_signed,362,0.11995943112821299,288.3984513365193,300.1943559256242,4.090141446474271,0.343332018119623,0.5973644655756958
correlated_signed,363,-0.06279451002040266,307.57150235764084,300.1943559256242,-2.3985142886997863,0.383999880742808,0.5601266315623982
correlated_signed,364,-0.01661109238544366,302.0541915754818,300.1943559256242,-0.6157291313048451,0.3728261748637116,0.5703578814771422
correlated_signed,365,-0.0938838092481371,311.6027102496172,300.1943559256242,-3.661185846186645,0.3919137442772752,0.5528802685339264
correlated_signed,366,-0.03613108874903003,304.3216167137365,300.1943559256242,-1.356216765894294,0.3774672214057275,0.566108286964488
correlated_signed,367,-0.02694949079456892,303.2437593532602,300.1943559256242,-1.0055947842552677,0.37526967870489003,0.5681204762035108
correlated_signed,368,0.1278572855763093,287.7096313188212,300.1943559256242,4.339348860020695,0.3417701149996458,0.5987946453435978
correlated_signed,369,-0.1642858217601912,321.84412501885527,300.1943559256242,-6.726787102906629,0.4111274833502725,0.5352870474440493
correlated_signed,370,-0.02694459088726413,303.2431895683874,300.1943559256242,-1.0054087767321758,0.3752685128925818,0.5681215436846033
correlated_signed,371,-0.03891883258278284,304.6529556236306,300.1943559256242,-1.463501212019928,0.3781396327147335,0.5654925908028098
correlated_signed,372,0.1786259352575156,283.5013200417721,300.1943559256242,5.888168662280839,0.33206294389508195,0.6076831880315152
correlated_signed,373,-0.1379818214642821,317.8209810697445,300.1943559256242,-5.546086065429454,0.4037274303045779,0.5420629888543551
correlated_signed,374,0.05767040569203746,294.1903121597186,300.1943559256242,2.040870660161639,0.35617583176874823,0.5856038779029216
correlated_signed,375,-0.09400034392576068,311.6183424050215,300.1943559256242,-3.6660186275393,0.39194403398196986,0.5528525336189879
correlated_signed,376,-0.13688986700829311,317.65929925432033,300.1943559256242,-5.498011035626427,0.4034261189278787,0.5423388873026261
correlated_signed,377,-0.22557341995770078,332.2869390829166,300.1943559256242,-9.658093467611202,0.42949922019190334,0.5184645328440523
correlated_signed,378,0.14569083314780737,286.18905767641394,300.1943559256242,4.893722479440736,0.338295592674447,0.601976147533965
correlated_signed,379,-0.10492361898033005,313.1017336507844,300.1943559256242,-4.122422950093381,0.39480457044753015,0.5502332686127412
correlated_signed,380,-0.028735902605211795,303.4518750660756,300.1943559256242,-1.0734878931764977,0.37569520248409516,0.5677308435215381
correlated_signed,381,-0.10389828075838341,312.9609490352289,300.1943559256242,-4.079292687781182,0.3945342495073264,0.5504807894650477
correlated_signed,382,-0.1682900112304763,322.4790197431655,300.1943559256242,-6.910422834728794,0.4122784176883859,0.5342331776823174
correlated_signed,383,0.09283637481259531,290.8395493913782,300.1943559256242,3.2164836432397914,0.3488076629082064,0.5923506190762912
correlated_signed,384,0.06819734874414099,293.16418808091095,300.1943559256242,2.398030909141265,0.3539373230466012,0.5876535896680234
correlated_signed,385,-0.050786985353937796,306.08534288850615,300.1943559256242,-1.9246223642364217,0.38102973584820976,0.5628462563694446
correlated_signed,386,-0.1996702562949757,327.67633375915125,300.1943559256242,-8.386927892609673,0.42153234130199346,0.5257596425412444
correlated_signed,387,-0.07836436764701489,309.55631124736766,300.1943559256242,-3.0243141495061496,0.3879221168033643,0.5565352202094962
correlated_signed,388,0.07789591147109005,292.2365034995641,300.1943559256242,2.7230863806416976,0.3519000334547153,0.5895190548896355
correlated_signed,389,-0.012518833308921807,301.5902027835622,300.1943559256242,-0.4628289795407217,0.3718678652460302,0.5712353622274813
correlated_signed,390,-0.04535503713211204,305.4253291630129,300.1943559256242,-1.7126848161950572,0.3797014051187336,0.5640625476386928
correlated_signed,391,-0.045916974521245935,305.4932590963609,300.1943559256242,-1.734540129104856,0.37983838454167207,0.5639371218870507
correlated_signed,392,-0.13324870819166712,317.12312439279236,300.1943559256242,-5.338232113972229,0.4024247004338857,0.5432558447482208
correlated_signed,393,-0.13229179015683476,316.9829647706681,300.1943559256242,-5.296375739683727,0.4021623644458011,0.5434960548687446
correlated_signed,394,-0.036160620987248156,304.32511673688384,300.1943559256242,-1.3573512615559202,0.3774743319209807,0.5661017761919641
correlated_signed,395,0.027135329458508578,297.2854637011628,300.1943559256242,0.9784845139234498,0.36283436854550233,0.5795069357102072
correlated_signed,396,-0.05656347939414635,306.7955667642759,300.1943559256242,-2.1516643503925486,0.38245273455646545,0.5615432820337762
correlated_signed,397,-0.05043857539178457,306.04278221104823,300.1943559256242,-1.9109832433136473,0.38094425187430014,0.5629245301055588
correlated_signed,398,-0.029504017610751495,303.5415954697922,300.1943559256242,-1.102728454394341,0.3758784693102156,0.5675630344688392
correlated_signed,399,-0.2671191511170233,340.3713248168983,300.1943559256242,-11.803864180652461,0.4429473071497826,0.5061501395109712
correlated_signed,400,-0.009290570083700765,301.2268789533644,300.1943559256242,-0.34277254119146416,0.371115405422099,0.5719243557458604
correlated_signed,401,-0.07617591706811214,309.27328472720984,300.1943559256242,-2.9355683953088803,0.3873658978467842,0.5570445244289147
correlated_signed,402,-0.021069343120603004,302.56409085127933,300.1943559256242,-0.7832175057482005,0.37387591710232193,0.5693966801773644
correlated_signed,403,-0.029403044204587253,303.5297930677285,300.1943559256242,-1.0988829493123398,0.37585436739531886,0.567585103490025
correlated_signed,404,0.11205396633903512,289.09769691241553,300.1943559256242,3.8383768296052927,0.3449099497456187,0.5959196102373988
correlated_signed,405,-0.04152107957610258,304.96398720051417,300.1943559256242,-1.563998201451212,0.37876950328934467,0.5649158472679973
correlated_signed,406,0.034694368556792844,296.502270411097,300.1943559256242,1.2452132354359962,0.36116263688966366,0.581037668773214
correlated_signed,407,-0.06694234241227283,308.09377518395644,300.1943559256242,-2.563965874875478,0.38503685803354704,0.5591771192000451
correlated_signed,408,-0.02251355361049223,302.73026532422017,300.1943559256242,-0.8376795084825832,0.37421726062022176,0.569084127452357
correlated_signed,409,0.0274082092609258,297.25699042002344,300.1943559256242,0.9881569148131016,0.3627737464165026,0.5795624447823718
correlated_signed,410,-0.12499711397516793,315.92463675926325,300.1943559256242,-4.979124450375046,0.4001739820774183,0.5453167326427117
correlated_signed,411,-0.0069996330767499474,300.97047841607434,300.1943559256242,-0.2578732952596021,0.3705832951543939,0.5724115851767249
correlated_signed,412,-0.03841630059261202,304.5930848946144,300.1943559256242,-1.444132906205689,0.37801824076426793,0.5656037438355429
correlated_signed,413,-0.035209691990298726,304.2125247294037,300.1943559256242,-1.320842660029736,0.37724551221357505,0.5663112958999014
correlated_signed,414,-0.22225488472826463,331.67891832506143,300.1943559256242,-9.492482235057462,0.4284612772523869,0.5194149614395774
correlated_signed,415,-0.06388869813060499,307.70882660540855,300.1943559256242,-2.4420718647179176,0.3842728803494577,0.5598766583959429
correlated_signed,416,-0.007242387510939754,300.997591355506,300.1943559256242,-0.2668577599789161,0.3706396057333967,0.5723600241106302
correlated_signed,417,0.05957047830775502,294.0035965587427,300.1943559256242,2.1056747058006167,0.3557696710172208,0.5859757827138773
correlated_signed,418,-0.12857812992414563,316.44195452277404,300.1943559256242,-5.134464114169948,0.4011475785108487,0.5444252517167315
correlated_signed,419,-0.02382018330243758,302.8810329989801,300.1943559256242,-0.8870403824081456,0.37452663255461205,0.5688008496649803
correlated_signed,420,-0.09044434057088029,311.1431427635155,300.1943559256242,-3.518890611133582,0.39102190151549643,0.553696888602317
correlated_signed,421,0.011171036803512092,298.97794431748713,300.1943559256242,0.4068566365033857,0.3664170692805049,0.5762264127655123
correlated_signed,422,-0.07553758354254625,309.1909836550742,300.1943559256242,-2.909731591489873,0.3872039642335042,0.5571927996147665
correlated_signed,423,0.12524918926830353,287.93603399639534,300.1943559256242,4.257307346736027,0.34228430861299153,0.5983238162029025
correlated_signed,424,-0.013954757210634947,301.7525724015549,300.1943559256242,-0.5163887961349696,0.3722035541508405,0.5709279870712262
correlated_signed,425,-0.17128196092388026,322.95744985147763,300.1943559256242,-7.0483260058938875,0.4131427228693396,0.5334417632843661
correlated_signed,426,-0.04694726190065174,305.61801384275316,300.1943559256242,-1.774652563483879,0.38008979151931943,0.5637069200933784
correlated_signed,427,-0.0032702569941370947,300.5556078278928,300.1943559256242,-0.12019469704103512,0.36972038778339456,0.5732017107458502
correlated_signed,428,-0.192935964440775,326.5266240512528,300.1943559256242,-8.064355610247375,0.41951064351379386,0.5276108570549133
correlated_signed,429,-0.05394974823989729,306.4731313541068,300.1943559256242,-2.0487197036623432,0.3818075230588752,0.5621340724642275
correlated_signed,430,-0.029666941508145018,303.56064421158163,300.1943559256242,-1.1089343596237424,0.37591736516318486,0.5675274193152848
correlated_signed,431,-0.04796652090767084,305.7416990785797,300.1943559256242,-1.8143888025982795,0.38033884067430257,0.5634788772517608
correlated_signed,432,-0.08258701931774744,310.10623965013303,300.1943559256242,-3.196286451924206,0.38899996267479964,0.555548286016413
correlated_signed,433,-0.04597002996592411,305.4996768533729,300.1943559256242,-1.7366044319238303,0.37985132267763533,0.5639252750316076
correlated_signed,434,-0.03040918103530056,303.64750641947285,300.1943559256242,-1.1372233991206506,0.3760946682792228,0.5673650709634416
correlated_signed,435,-0.0741695808941791,309.01498843849953,300.1943559256242,-2.8544351707492654,0.3868573908139862,0.5575101409979273
correlated_signed,436,-0.01865343051026351,302.28720309045104,300.1943559256242,-0.6923373346375483,0.3733063208045706,0.569918233621923
correlated_signed,437,-0.046117853174634106,305.51756179165795,300.1943559256242,-1.7423567518726775,0.3798873756718979,0.5638922629646413
correlated_signed,438,-0.018666724632337952,302.28872300051955,300.1943559256242,-0.6928366543437783,0.37330945031719875,0.5699153680693004
correlated_signed,439,-0.004993614970041054,300.74693477702687,300.1943559256242,-0.18373548904574002,0.3701186327958368,0.5728370556354371
correlated_signed,440,-0.05439351187282956,306.5277492232882,300.1943559256242,-2.0661729039906445,0.3819169119961936,0.5620339100559848
correlated_signed,441,-0.03253384551389479,303.89688683435486,300.1943559256242,-1.2183510490348577,0.37660314032162123,0.5668994863946174
correlated_signed,442,-0.0612494696845731,307.3781405321133,300.1943559256242,-2.3371162939736023,0.38361506528397116,0.5604789893507425
correlated_signed,443,-0.14249420571857574,318.4935029209077,300.1943559256242,-5.745532272232175,0.40497746352689856,0.5409183842803381
correlated_signed,444,-0.07231340618420463,308.7770207246789,300.1943559256242,-2.7795672031913945,0.38638815160816586,0.5579398017978934
correlated_signed,445,0.15830198726365444,285.14191890864885,300.1943559256242,5.278928147284348,0.33588133003431797,0.6041868094955692
correlated_signed,446,0.02817137845521563,297.1774386504647,300.1943559256242,1.0151905504199388,0.36260431211533706,0.579717588479034
correlated_signed,447,-0.014686519177917648,301.83549962758593,300.1943559256242,-0.5437212335814058,0.3723748616160143,0.5707711285760503
correlated_signed,448,-0.12748316631351977,316.28332210187176,300.1943559256242,-5.086884148467822,0.40084936956350503,0.5446983090342103
correlated_signed,449,0.019528645240955617,298.085297550239,300.1943559256242,0.7075351896648936,0.3645325538784706,0.5779519809728081
correlated_signed,450,-0.11363208877899555,314.3106303894251,300.1943559256242,-4.491185820317654,0.3971158080849645,0.5481169703305502
correlated_signed,451,-0.06352121770329595,307.6626707517891,300.1943559256242,-2.427436129289161,0.38418115003831055,0.5599606516174025
correlated_signed,452,-0.007571620969167421,301.0343842084526,300.1943559256242,-0.27904728725164146,0.3707160042022326,0.5722900694676946
correlated_signed,453,-0.07684957674888182,309.36026411519424,300.1943559256242,-2.962858923005372,0.38753694275267836,0.556887906447251
correlated_signed,454,0.045737134762411,295.37844183313246,300.1943559256242,1.6304216592802028,0.35874833120249394,0.5832483465965035
correlated_signed,455,-0.02705302929841612,303.25580065213353,300.1943559256242,-1.0095255292481968,0.3752943148638195,0.5680979179978576
correlated_signed,456,0.15688496543788313,285.2584444577762,300.1943559256242,5.235922637185535,0.3361508653556884,0.6039400045983249
correlated_signed,457,0.0468302718480279,295.2684797277395,300.1943559256242,1.66827024761559,0.35851111411910763,0.5834655563707468
correlated_signed,458,0.047578496641187594,295.1933454496094,300.1943559256242,1.6941474301860586,0.35834892816728714,0.5836140632829044
correlated_signed,459,-0.048392795084900936,305.7935053128245,300.1943559256242,-1.8310229909796096,0.38044309640361185,0.5633834150824248
correlated_signed,460,-0.043763169166076414,305.2333295354552,300.1943559256242,-1.6508595629120706,0.3793139118150639,0.5644173574230978
correlated_signed,461,-0.12917082721406056,316.52798846753694,300.1943559256242,-5.160249057592547,0.4013091864455699,0.5442772741513802
correlated_signed,462,-0.18643965082579558,325.4357394589864,300.1943559256242,-7.756180552057427,0.417579174613243,0.5293794471254373
correlated_signed,463,-0.03236547209057087,303.8770842077836,300.1943559256242,-1.2119137880239768,0.3765627944304014,0.5669364292790225
correlated_signed,464,-0.06974679459268952,308.4495397608092,300.1943559256242,-2.6763482421100617,0.38574122092172125,0.5585321665009098
correlated_signed,465,0.03923327749932439,296.03745793869507,300.1943559256242,1.4041797331572763,0.3601663092105164,0.581949963753337
correlated_signed,466,-0.056760207733641176,306.8199079753873,300.1943559256242,-2.1594270376662066,0.38250138764568387,0.5614987326423994
correlated_signed,467,-0.17055339411761636,322.8406276019316,300.1943559256242,-7.014690760739892,0.4129319147513004,0.5336347930535574
correlated_signed,468,-0.026408591732056286,303.1808956265442,300.1943559256242,-0.9850685659952619,0.37514102951215544,0.5682382743953514
correlated_signed,469,-0.10111108757749765,312.5798802590594,300.1943559256242,-3.962354942093624,0.39380133660245276,0.5511518850929136
correlated_signed,470,0.02315355659158611,297.70266138552205,300.1943559256242,0.836974224048153,0.3637212896330665,0.5786948203951414
correlated_signed,471,-0.187370632466575,325.5909934283302,300.1943559256242,-7.800165856951549,0.41785485016780644,0.5291270192557462
correlated_signed,472,-0.061933674250940846,307.4636900655867,300.1943559256242,-2.3642902803943566,0.38378537980539407,0.5603230401899026
correlated_signed,473,0.04968431153108773,294.98246011800273,300.1943559256242,1.7668493935322653,0.3578932666693978,0.5840312935610478
correlated_signed,474,-0.11760762620063335,314.87047036147885,300.1943559256242,-4.661000575571948,0.3981801289693323,0.5471424181063591
correlated_signed,475,-0.07482490199741094,309.09923123802923,300.1943559256242,-2.880911504288925,0.38702333272148026,0.5573581956062852
correlated_signed,476,-0.026912155153550305,303.2394179294209,300.1943559256242,-1.0041774992805843,0.3752607957939227,0.5681286098794385
correlated_signed,477,-0.06648331486376131,308.0357481762032,300.1943559256242,-2.5456111172179647,0.38492181854148766,0.5592824555689095
correlated_signed,478,-0.046886234631412525,305.610616693749,300.1943559256242,-1.7722750690799496,0.380074890437027,0.5637205643282588
correlated_signed,479,0.006797902674864013,299.450922065847,300.1943559256242,0.24826567727640425,0.36741104513641665,0.5753162729676472
correlated_signed,480,-0.03652175370751586,304.3679338622814,300.1943559256242,-1.371227870063874,0.3775613043442526,0.5660221395353785
correlated_signed,481,-0.07860857746193022,309.5879778053636,300.1943559256242,-3.0342334176959245,0.3879842863668659,0.5564782943859494
correlated_signed,482,-0.054009208750737225,306.48044670297264,300.1943559256242,-2.0510576922516113,0.381822176536881,0.5621206549497814
correlated_signed,483,-0.011412649767444986,301.46544062482394,300.1943559256242,-0.4216352947672013,0.3716096817226102,0.5714717692224219
correlated_signed,484,-0.09907778479140496,312.30337638126156,300.1943559256242,-3.8773261422747414,0.3932684144487718,0.5516398580346996
correlated_signed,485,0.17435475254043212,283.84140851185,300.1943559256242,5.7612973031352235,0.3328581034390483,0.6069550842934198
correlated_signed,486,-0.06140265320374482,307.39728298690954,300.1943559256242,-2.343198024164728,0.38365318287749883,0.5604440868265037
correlated_signed,487,-0.06708585685167712,308.1119289966816,300.1943559256242,-2.5697067610591207,0.38507283936547265,0.5591441727500853
correlated_signed,488,-0.08184664757786565,310.0094523864354,300.1943559256242,-3.1660636104012636,0.3888105393635093,0.5557217322941187
correlated_signed,489,-0.0756451720462515,309.2048471843525,300.1943559256242,-2.914084737279714,0.3872312478184592,0.5571678172870177
correlated_signed,490,-0.029638782339502772,303.5573514396682,300.1943559256242,-1.1078616604389389,0.3759106419619255,0.567533575443162
correlated_signed,491,-0.016430306680434086,302.03361223589144,300.1943559256242,-0.6089574920657302,0.3727837332607412,0.570396743329236
correlated_signed,492,-0.04561964304018947,305.4573061385318,300.1943559256242,-1.72297408087555,0.3797658936731507,0.5640034984380851
correlated_signed,493,-0.024490910861409244,302.9585828868625,300.1943559256242,-0.9124108433892859,0.37468564328984344,0.5686552507830892
correlated_signed,494,-0.09700128866704368,312.0222877088376,300.1943559256242,-3.7907329857957377,0.39272568753950265,0.5521368086840721
correlated_signed,495,-0.08040824205463527,309.8218590814516,300.1943559256242,-3.107431859188574,0.3884430616433999,0.5560582148512923
correlated_signed,496,-0.10089378639999268,312.5502701377255,300.1943559256242,-3.953256609458892,0.39374431236206886,0.5512040996384736
correlated_signed,497,-0.037995425042906726,304.54299071169544,300.1943559256242,-1.4279214819256763,0.3779166347480304,0.5656967797980359
correlated_signed,498,-0.16665839320245648,322.219572345681,300.1943559256242,-6.835468205645764,0.41180864086999247,0.5346633358296246
correlated_signed,499,-0.1029591754439473,312.832287952679,300.1943559256242,-4.039842597374881,0.3942869941986479,0.5507071901284148
correlated_signed,500,-0.08464251464560775,310.3757728509357,300.1943559256242,-3.28035169491186,0.3895268461521596,0.5550658428459321
correlated_signed,501,-0.08614059457245078,310.57297882386024,300.1943559256242,-3.341766221111656,0.3899117650037226,0.5547133901830669
correlated_signed,502,0.0208782575541258,297.9425189650228,300.1943559256242,0.7557957717561457,0.3642300787573728,0.5782289442785135
correlated_signed,503,-0.0589015165176841,307.08551121086253,300.1943559256242,-2.244050934889745,0.38303177279257106,0.5610130834075675
correlated_signed,504,-0.21572058621398837,330.49691788528867,300.1943559256242,-9.168788064214894,0.42643256853472467,0.5212726143958369
correlated_signed,505,-0.056661593077581264,306.80770510672164,300.1943559256242,-2.1555355589250915,0.38247699757872655,0.5615210655025754
correlated_signed,506,-0.016258975421297898,302.01411610047063,300.1943559256242,-0.602541430295606,0.37274352025843394,0.5704335645529788
correlated_signed,507,-0.09112528053985265,311.23385026254556,300.1943559256242,-3.5470095324171265,0.3911981383251424,0.5535355165408721
correlated_signed,508,-0.11990068953768736,315.1956912145855,300.1943559256242,-4.759371941651437,0.398796675307334,0.5465778733261496
correlated_signed,509,-0.012154350341129558,301.549063311185,300.1943559256242,-0.4492494092620688,0.37178275459429966,0.5713132942071054
correlated_signed,510,0.03378475817443423,296.59591017786727,300.1943559256242,1.2132486066982457,0.36136297627752945,0.5808542265336721
correlated_signed,511,-0.04906798344842727,305.8756578694537,300.1943559256242,-1.8573893664510586,0.38060834917424724,0.5632321007325669
correlated_signed,512,0.04610453453106831,295.34145834767213,300.1943559256242,1.6431481056206216,0.358668567842677,0.5833213825711142
correlated_signed,513,-0.057014846503663376,306.85142954527265,300.1943559256242,-2.169477792400589,0.38256438132937054,0.5614410522296077
correlated_signed,514,-0.08653779842083424,310.6253751422021,300.1943559256242,-3.3580705413402256,0.3900139532049782,0.5546198210970932
correlated_signed,515,-0.12480236064038863,315.8966243706068,300.1943559256242,-4.970698397384842,0.40012117150175,0.5453650890337023
correlated_signed,516,-0.0783203836703813,309.55060965519914,300.1943559256242,-3.022527960774046,0.387910921766374,0.5565454709923799
correlated_signed,517,-0.0764619838283063,309.3102046290913,300.1943559256242,-2.947154205403057,0.3874385125587505,0.5569780344653278
correlated_signed,518,-0.017179973145061395,302.1189982316958,300.1943559256242,-0.6370477584450226,0.37295979047591554,0.5702355357192576
correlated_signed,519,-0.009971968103983035,301.3033695003509,300.1943559256242,-0.36807207850538526,0.3712739715478265,0.5717791638889111
correlated_signed,520,0.08819216935767853,291.26969286775204,300.1943559256242,3.064054818063179,0.3497630110937079,0.5914758432420811
correlated_signed,521,-0.04855875299863585,305.813687183406,300.1943559256242,-1.8375015551255163,0.3804837011759168,0.563346235162767
correlated_signed,522,-0.059311977114777426,307.13656210846443,300.1943559256242,-2.2602995016883036,0.38313361162013115,0.5609198342862767
correlated_signed,523,0.038214885998733066,296.1413945963225,300.1943559256242,1.3685899382038045,0.36038936937476107,0.581745716998617
correlated_signed,524,-0.0628742391180039,307.5814977780729,300.1943559256242,-2.4016860265693456,0.38401975979196756,0.5601084292327271
correlated_signed,525,0.0178104630822645,298.2676150672367,300.1943559256242,0.6459772234921262,0.3649183709230288,0.5775987051300776
correlated_signed,526,0.04191185369656287,295.7650515269803,300.1943559256242,1.4975753138432826,0.3595809495408627,0.5824859529119875
correlated_signed,527,-0.07905672158201256,309.6461321915649,300.1943559256242,-3.052444478813405,0.38809842520115945,0.5563737826788324
correlated_signed,528,-0.104243619144526,313.0083297964994,300.1943559256242,-4.093812416815275,0.39462525259183334,0.5503974619935044
correlated_signed,529,-0.00999879620996269,301.30638325091775,300.1943559256242,-0.3690686248646336,0.37128021745248097,0.5717734447955279
correlated_signed,530,-0.06898262585522658,308.3523867834724,300.1943559256242,-2.645684355794147,0.3855490332708261,0.5587081438960881
correlated_signed,531,0.04647876704229854,295.303813699434,300.1943559256242,1.6561053394210223,0.35858735801836994,0.5833957430149878
correlated_signed,532,-0.11755989144613162,314.86371826065056,300.1943559256242,-4.6589560766359055,0.39816731499165803,0.5471541513093039
correlated_signed,533,-0.04479495414275176,305.3577029802052,300.1943559256242,-1.6909175711593871,0.37956497766717134,0.5641874679764022
correlated_signed,534,-0.07804918598778365,309.5154666544116,300.1943559256242,-3.011516945999618,0.3878419096199597,0.5566086622552927
correlated_signed,535,-0.01605259621264413,301.9906407985842,300.1943559256242,-0.5948147492948378,0.3726950928820042,0.5704779073071639
correlated_signed,536,0.003209986098208106,299.84205038357777,300.1943559256242,0.11749704272491435,0.36823064353024404,0.574565803084024
correlated_signed,537,-0.011625814582116945,301.48946094765114,300.1943559256242,-0.42956892023890386,0.37165940612450965,0.5714262388318562
correlated_signed,538,-0.1989453273100509,327.55163342209835,300.1943559256242,-8.352050396042525,0.4213137494376459,0.525959801487983
correlated_signed,539,0.09265309604475579,290.85645547309406,300.1943559256242,3.2104841672987985,0.3488452646362389,0.5923161886031639
correlated_signed,540,-0.050539811949146564,306.05514573190646,300.1943559256242,-1.9149456847937094,0.3809690867038874,0.5629017899963884
correlated_signed,541,-0.00290767261332099,300.5154379107451,300.1943559256242,-0.10684375729683718,0.3696367101218929,0.5732783306344585
correlated_signed,542,-0.012767358628832182,301.6182714365679,300.1943559256242,-0.4720919273762048,0.3719259212464472,0.5711822029708035
correlated_signed,543,-0.1085927794893708,313.6081916381732,300.1943559256242,-4.27725935425349,0.39577501468572884,0.5493446758546104
correlated_signed,544,-0.10818037623047018,313.55105861727304,300.1943559256242,-4.259817444262655,0.3956656967324863,0.5494447734705156
correlated_signed,545,-0.12963747773817313,316.5958087079679,300.1943559256242,-5.18056535532742,0.40143651946448045,0.5441606806717385
correlated_signed,546,-0.011223294173964444,301.4441119084633,300.1943559256242,-0.41458961494612906,0.3715655225657162,0.5715122037696768
correlated_signed,547,-0.11536454241347065,314.5539756525431,300.1943559256242,-4.565073354145281,0.397578901259904,0.5476929361510433
correlated_signed,548,0.11357604304186868,288.96229888510237,300.1943559256242,3.8870320051640923,0.3446050039351731,0.5961988380774931
correlated_signed,549,0.018870929984460105,298.1550156425611,300.1943559256242,0.6839865761332459,0.36468014576179664,0.5778168375168612
correlated_signed,550,-0.010488196038042102,301.3613889244588,300.1943559256242,-0.3872536568137253,0.37139419306030474,0.5716690824696505
correlated_signed,551,-0.016751986702951343,302.0702352127101,300.1943559256242,-0.621007655972764,0.37285925829325695,0.5703275884804716
correlated_signed,552,-0.07058897636626692,308.55679632113606,300.1943559256242,-2.710178643029622,0.3859532548797969,0.558338016751873
correlated_signed,553,0.08467040523815073,291.5983245718564,300.1943559256242,2.9479014896224434,0.3504910027611642,0.5908092493433282
correlated_signed,554,-0.03614138478943181,304.32283692806806,300.1943559256242,-1.3566122884887775,0.37746970036579375,0.5661060170945118
correlated_signed,555,-0.04825081680553022,305.7762451569089,300.1943559256242,-1.8254816453842972,0.380408365702366,0.5634152163858281
correlated_signed,556,-0.10120752421581296,312.59302561055466,300.1943559256242,-3.9663935753887785,0.39382664893192676,0.5511287077250746
correlated_signed,557,-0.03910648909240915,304.6753287370896,300.1943559256242,-1.4707370071739916,0.378184983469783,0.5654510651999352
correlated_signed,558,-0.29031400337711416,345.3033841296695,300.1943559256242,-13.063592851179754,0.45084212095726817,0.49892066510467925
correlated_signed,559,-0.07160912412721179,308.68697889650264,300.1943559256242,-2.751208684356538,0.3862104129880989,0.5581025488883028
correlated_signed,560,-0.014107917681119339,301.76991919289514,300.1943559256242,-0.5221074623623445,0.3722393961867201,0.5708951681402199
correlated_signed,561,0.10117598692474648,290.076218001198,300.1943559256242,3.4880963334899864,0.347105330505035,0.5939093807944128
correlated_signed,562,-0.08551718144267918,310.49083457394204,300.1943559256242,-3.316194071379506,0.3897514901805793,0.5548601465423015
correlated_signed,563,-0.04488400052012714,305.368449414247,300.1943559256242,-1.69437723463168,0.3795866613055283,0.5641676132667875
correlated_signed,564,-0.00490168898748412,300.73671244877767,300.1943559256242,-0.18034263882758234,0.3700973679407775,0.5728565269094344
correlated_signed,565,-0.03203674159185028,303.83844162691076,300.1943559256242,-1.199349786608367,0.37648404885363007,0.567008532996915
correlated_signed,566,-0.00707656005957439,300.9790688606997,300.1943559256242,-0.26072010191469086,0.3706011376564713,0.5723952475995088
correlated_signed,567,-0.007650013867099246,301.0431484524751,300.1943559256242,-0.2819504550142243,0.37073419995084744,0.572273408438954
correlated_signed,568,-0.028238792893267684,303.39388529765233,300.1943559256242,-1.0545793857674914,0.3755766923758427,0.5678393578107195
correlated_signed,569,-0.06326694855762467,307.6307555575919,300.1943559256242,-2.4173134504997495,0.38411770556827374,0.5600187447966236
correlated_signed,570,-0.016227007693331106,302.01047917858443,300.1943559256242,-0.6013444493382306,0.37273601811778634,0.5704404339231975
correlated_signed,571,-0.16867519790316873,322.54041881278687,300.1943559256242,-6.928143446149934,0.412389481279959,0.5341314806227337
correlated_signed,572,-0.011270138121125364,301.4493875769105,300.1943559256242,-0.41633246011026787,0.3715764459364561,0.5715022017319832
correlated_signed,573,-0.008202643940398597,301.10497120068464,300.1943559256242,-0.3024245237231579,0.3708625221986044,0.572155909529104
correlated_signed,574,-0.18220516741404347,324.7340785111504,300.1943559256242,-7.556867051969592,0.4163299868153637,0.530523290104738
correlated_signed,575,-0.008751599295678446,301.1664510622612,300.1943559256242,-0.32277670145803516,0.3709900804918995,0.5720391101410001
correlated_signed,576,-0.014431177335465173,301.80654892644094,300.1943559256242,-0.5341809203781245,0.3723150672090427,0.5708258796086126
correlated_signed,577,-0.12942336559301518,316.5646818412261,300.1943559256242,-5.171242041401341,0.4013780853095932,0.544214186365869
correlated_signed,578,-0.13965614257742293,318.0696930070536,300.1943559256242,-5.6199435137735625,0.40419033349423716,0.5416391273303621
correlated_signed,579,-0.13507821942043577,317.39196002591285,300.1943559256242,-5.418412016134424,0.40292723009663234,0.5427956992077632
correlated_signed,580,-0.02915177847665171,303.500434217289,300.1943559256242,-1.0893158358046453,0.37579440498479433,0.5676400083272781
correlated_signed,581,-0.015229598527763321,301.89712395733,300.1943559256242,-0.564022607895543,0.3725021015327956,0.5706546207442266
correlated_signed,582,-0.006554671131747382,300.92081555238127,300.1943559256242,-0.24141222182438005,0.3704801245605067,0.5725060538536952
correlated_signed,583,-0.07802031395410385,309.5117265080753,300.1943559256242,-3.0103449350918154,0.3878345639764931,0.5566153883246812
correlated_signed,584,0.04716913462709388,295.2344389663492,300.1943559256242,1.6799926785778323,0.3584376434601887,0.5835328303879436
correlated_signed,585,0.07630431612491541,292.38759888881367,300.1943559256242,2.6700027861917737,0.35223273548306433,0.5892144127350074
correlated_signed,586,-0.24020311295942479,335.03149126261593,300.1943559256242,-10.3981674097867,0.4341374954137963,0.5142173122380681
correlated_signed,587,-0.014188241219366453,301.7790187047645,300.1943559256242,-0.5251070090762593,0.3722581960007326,0.5708779540009884
correlated_signed,588,-0.09320382432821007,311.5115762790191,300.1943559256242,-3.6330015367576918,0.3917370976701765,0.5530420158523953
correlated_signed,589,0.08545961148449377,291.5244953458339,300.1943559256242,2.973973274357385,0.3503275976763408,0.5909588730594236
correlated_signed,590,0.04643560073502012,295.3081544966829,300.1943559256242,1.6546110747497846,0.35859672336375836,0.5833871675593056
correlated_signed,591,-0.09854059018696763,312.2305335245763,300.1943559256242,-3.8549008846390334,0.39312786303967473,0.5517685546523026
correlated_signed,592,-0.010037243582593754,301.31070254304217,300.1943559256242,-0.37049683532514954,0.3712891688337113,0.5717652484191945
correlated_signed,593,-0.12058403833725462,315.29293862282276,300.1943559256242,-4.788747494044135,0.39898078768733414,0.5464092895660989
correlated_signed,594,0.024808956431947162,297.528820672649,300.1943559256242,0.8958914457258432,0.36335202369091335,0.579032941234965
correlated_signed,595,0.18471700724055676,283.02054736707106,300.1943559256242,6.068043016070891,0.3309355915272413,0.608715471362884
correlated_signed,596,-0.04819637118211014,305.7696276244762,300.1943559256242,-1.823356931218526,0.3803950489345178,0.563427409936775
correlated_signed,597,0.11597711518722353,288.74945701983705,300.1943559256242,3.963608806024839,0.34412505972181295,0.5966383057076645
correlated_signed,598,-0.015352101570159421,301.91103402168244,300.1943559256242,-0.5686039603093572,0.3725308153971335,0.57062832875885
correlated_signed,599,-0.00023564654582557563,300.2203078897229,300.1943559256242,-0.008644306669691924,0.3690212403569261,0.5738418887891839
correlated_signed,600,-0.09341069733093672,311.5392876186752,300.1943559256242,-3.641573356531902,0.3917908219916353,0.5529928229187775
correlated_signed,601,0.15568334536760572,285.35747987113746,300.1943559256242,5.199399735793449,0.3363797712177199,0.603730402830869
correlated_signed,602,-0.04663593293739641,305.58028740164843,300.1943559256242,-1.7625258231873622,0.3800137864803351,0.5637765144077377
correlated_signed,603,-0.03910635243802079,304.6753124414596,300.1943559256242,-1.4707317373134214,0.37818495044063427,0.5654510954432093
correlated_signed,604,-0.16223507466447537,321.5213308552889,300.1943559256242,-6.633144641735631,0.41054057995092785,0.5358244534530587
correlated_signed,605,-0.08636338172201746,310.60236170311737,300.1943559256242,-3.35091005761296,0.3899690744894976,0.5546609144949236
correlated_signed,606,0.22219923928719018,280.16702581778895,300.1943559256242,7.148353754113933,0.32416482129952606,0.6149152810626217
correlated_signed,607,0.024174498019449348,297.59538158845083,300.1943559256242,0.8733248222136555,0.36349346086265866,0.5789034333342885
correlated_signed,608,-0.014107629609185289,301.76988656111865,300.1943559256242,-0.5220967053567594,0.3722393287666319,0.5708952298737447
correlated_signed,609,-0.0510697286248441,306.1199049193407,300.1943559256242,-1.9356954247316194,0.3810991368911111,0.5627827090323292
correlated_signed,610,-0.03650882218967019,304.3664001032108,300.1943559256242,-1.3707308612816187,0.37755818931378093,0.5660249918258131
correlated_signed,611,-0.01667675792402056,302.0616683391184,300.1943559256242,-0.618189134610017,0.3728415930631186,0.5703437637308738
correlated_signed,612,0.05272722528994419,294.67921674963475,300.1943559256242,1.8715738547232688,0.35723690344797554,0.5846322981837435
correlated_signed,613,-0.16103901683418054,321.3338009300414,300.1943559256242,-6.578655884700874,0.41019907195971883,0.5361371597304843
correlated_signed,614,0.12811795227312808,287.6870607814631,300.1943559256242,4.347534821408625,0.3417188096510664,0.5988416238671624
correlated_signed,615,0.053749740832557645,294.5777095948393,300.1943559256242,1.9066773037613873,0.35701689172596984,0.5848337538407744
correlated_signed,616,-0.04378897311736254,305.23643672154043,300.1943559256242,-1.6518607182261043,0.3793201866130701,0.5644116118792918
correlated_signed,617,0.03473360235035891,296.4982351882268,300.1943559256242,1.2465911424568958,0.3611540008112759,0.5810455764624242
correlated_signed,618,-0.23762527789863921,334.5401425000445,300.1943559256242,-10.266566612231212,0.4333127150802797,0.5149725578808028
correlated_signed,619,-0.06373126638138461,307.6890486018797,300.1943559256242,-2.4358009198932757,0.38423357684317916,0.559912646806636
correlated_signed,620,-0.07422302950245489,309.021854885738,300.1943559256242,-2.8565937394226566,0.3868709197644836,0.5574977531587296
correlated_signed,621,0.06197352196593545,293.7684096812589,300.1943559256242,2.1874190799948585,0.355257336485722,0.5864449066045169
correlated_signed,622,0.026227287298815873,297.3803210068232,300.1943559256242,0.9462747599685575,0.36303624437367976,0.5793220867179781
correlated_signed,623,-0.22847994018456533,332.82381849051427,300.1943559256242,-9.803824351537513,0.43041256452104126,0.517628195855619
correlated_signed,624,-0.02748463652845573,303.3060232383757,300.1943559256242,-1.0259167554697528,0.37539704777025307,0.5680038501677906
correlated_signed,625,-0.11995114011886343,315.2028656556169,300.1943559256242,-4.7615397464027565,0.3988102621056596,0.5465654324817659
correlated_signed,626,-0.09397783352350952,311.61532250802793,300.1943559256242,-3.6650850447540098,0.39193818270405445,0.5528578913699908
correlated_signed,627,-0.13653883992779944,317.607411215986,300.1943559256242,-5.482572092286665,0.40332935497774813,0.5424274900664113
correlated_signed,628,0.21660270521401503,280.58197842092756,300.1943559256242,6.989892086110493,0.32515796666633934,0.6140058832855839
correlated_signed,629,-0.004242667596970585,300.6634833565041,300.1943559256242,-0.15603073098293013,0.36994499186943564,0.5729960508461143
correlated_signed,630,-0.04890883949813318,305.85628374759017,300.1943559256242,-1.8511726333007068,0.3805693854425528,0.5632677780267767
correlated_signed,631,-0.06138274738090741,307.394795118171,300.1943559256242,-2.34240764869773,0.3836482291538339,0.5604486227230381
correlated_signed,632,-0.016865992488665906,302.0832204172078,300.1943559256242,-0.6252795136965532,0.37288603238519513,0.5703030726583527
correlated_signed,633,0.047114575254425195,295.2399182917041,300.1943559256242,1.6781056107138668,0.3584494707098659,0.5835220006687207
correlated_signed,634,-0.0398577414109624,304.7649834815577,300.1943559256242,-1.4997220165255807,0.37836664865555136,0.5652847227369232
correlated_signed,635,-0.054551344043061424,306.54718738104,300.1943559256242,-2.07238288815847,0.3819558334293115,0.5619982714935583
correlated_signed,636,0.039237591382325965,296.03701809781944,300.1943559256242,1.404330395744992,0.36016536492802476,0.5819508283928955
correlated_signed,637,-0.097326606577868,312.0662392806918,300.1943559256242,-3.804283149126312,0.39281061386595806,0.5520590454665308
correlated_signed,638,-0.08185940767303503,310.0111191624515,300.1943559256242,-3.166584238445693,0.3888138024282799,0.5557187444547294
correlated_signed,639,0.01124567290745454,298.96990748810424,300.1943559256242,0.40955574686683194,0.36640015248909463,0.576241902726425
correlated_signed,640,-0.09282167607629527,311.46041955154095,300.1943559256242,-3.617173457268911,0.3916378943659996,0.553132851834024
correlated_signed,641,0.008722463964439035,299.2422658259256,300.1943559256242,0.31816698656214704,0.36697293555503663,0.5757174305357063
correlated_signed,642,0.03806590137279114,296.15661697778785,300.1943559256242,1.3633796161776153,0.3604220252341166,0.5817158154111984
correlated_signed,643,-0.08939020489140505,311.0029903796885,300.1943559256242,-3.4754117447129897,0.39074939543451015,0.5539464100626689
correlated_signed,644,-0.13243674631099814,317.0041765087088,300.1943559256242,-5.302712654520108,0.40220208123777146,0.5434596878612739
correlated_signed,645,-0.019736101672507427,302.4111193172706,300.1943559256242,-0.7330297234608981,0.37356136250572236,0.569684703520739
correlated_signed,646,-0.15923216920456498,321.0515236712843,300.1943559256242,-6.496517290170273,0.4096842685857922,0.5366085460405513
correlated_signed,647,-0.2232980211810058,331.8694749447206,300.1943559256242,-9.544450879181488,0.4287869829418888,0.5191167178683628
correlated_signed,648,-0.03403690679545484,304.07396985115867,300.1943559256242,-1.2758783421788709,0.3769636958368422,0.5665693422327561
correlated_signed,649,-0.12567274423152855,316.0219133444374,300.1943559256242,-5.008373391361143,0.4003573008069421,0.5451488754943905
correlated_signed,650,-0.07594147297667725,309.2430443455659,300.1943559256242,-2.926076620119602,0.3873064076151306,0.5570989969070193
correlated_signed,651,-0.015562988287388632,301.93498804593963,300.1943559256242,-0.5764923540595343,0.3725802563152474,0.5705830579491858
correlated_signed,652,-0.030506437190865664,303.65889789070854,300.1943559256242,-1.1409321410141138,0.376117913023962,0.5673437868143654
correlated_signed,653,-0.03456304159179869,304.13608668483886,300.1943559256242,-1.2960417825390302,0.3770900713259605,0.5664536259917233
correlated_signed,654,-0.06686418170501435,308.0838906227504,300.1943559256242,-2.560839737896889,0.3850172647915172,0.5591950598301577
correlated_signed,655,-0.10892441444900448,313.65417377263026,300.1943559256242,-4.291292440049957,0.3958629676776484,0.5492641411865102
correlated_signed,656,-0.00383627206915286,300.6183737877742,300.1943559256242,-0.14104855162622967,0.3698510903301435,0.5730820322778069
correlated_signed,657,-0.09275557278093594,311.4515749394832,300.1943559256242,-3.614436374594124,0.39162073955901944,0.5531485597151814
correlated_signed,658,-0.10100263826972493,312.56510083080735,300.1943559256242,-3.957813867351576,0.3937728751967092,0.5511779459288418
correlated_signed,659,-0.06116822557333157,307.3679904656735,300.1943559256242,-2.3338912191802854,0.3835948519423229,0.5604974977764048
correlated_signed,660,-0.2024365281627433,328.154283285746,300.1943559256242,-8.520360325687161,0.42236861760352995,0.5249938853078691
correlated_signed,661,-0.06460129176254942,307.7984324582772,300.1943559256242,-2.4704727934843307,0.38445088479825684,0.5597136679188788
correlated_signed,662,-0.0740492056153829,308.9995269497259,300.1943559256242,-2.849574273145827,0.3868269248649514,0.5575380372694749
correlated_signed,663,-0.2728342630642698,341.55683092362773,300.1943559256242,-12.109983245292547,0.4448657960561062,0.5043933485538125
correlated_signed,664,-0.16465456556269456,321.90233571623133,300.1943559256242,-6.743654016149635,0.4112331965679661,0.5351902496835066
correlated_signed,665,-0.12256938835885811,315.57633674994145,300.1943559256242,-4.874250389852806,0.3995166802239183,0.5459185958258562
correlated_signed,666,0.018205089140112766,298.2256866645579,300.1943559256242,0.6601273294344641,0.3648296845574799,0.5776799113640219
correlated_signed,667,-0.20948762549326663,329.387833981643,300.1943559256242,-8.862949703736094,0.42451576262901014,0.523027794391758
correlated_signed,668,-0.04522714739785296,305.4098803595825,300.1943559256242,-1.7077130667212252,0.37967024439484565,0.5640910800791687
correlated_signed,669,-0.08985101488522824,311.0642172337109,300.1943559256242,-3.4944107055296123,0.39086847242196676,0.5538373766669508
correlated_signed,670,-0.006917196708388762,300.9612742140358,300.1943559256242,-0.25482291381654315,0.37056417673729636,0.5724290910520451
correlated_signed,671,-0.16696138375062256,322.2676742030874,300.1943559256242,-6.849373996956625,0.41189579518691954,0.5345835316934516
correlated_signed,672,-0.06009439797765224,307.23399909045065,300.1943559256242,-2.291296922107223,0.3833278897360721,0.5607419427680548
correlated_signed,673,-0.1257150702829907,316.02801243412836,300.1943559256242,-5.0102066543244925,0.4003687908442276,0.545138354556442
correlated_signed,674,-0.002649237043156403,300.486824222463,300.1943559256242,-0.09733148785992571,0.3695770915134128,0.5733329207261364
correlated_signed,675,0.047764579840641225,295.17467621165804,300.1943559256242,1.7005793919688323,0.35830861567183325,0.5836509757551481
correlated_signed,676,-0.29748841681587473,346.89615249106504,300.1943559256242,-13.462760030653182,0.4533436872787513,0.49662987900960837
correlated_signed,677,-0.17415738220783714,323.42053691851595,300.1943559256242,-7.18141810479507,0.4139768741010619,0.532677959214385
correlated_signed,678,-0.008720620470082449,301.16297979911513,300.1943559256242,-0.3216278023736563,0.37098287970925803,0.5720457035734973
correlated_signed,679,-0.09920311322141435,312.32038328158353,300.1943559256242,-3.8825603467022702,0.39330122008265433,0.5516098193873554
correlated_signed,680,-0.05128442753842647,306.1461631024924,300.1943559256242,-1.9441064087011266,0.3811518532165027,0.5627344391223037
correlated_signed,681,0.0615374219127891,293.81101208646373,300.1943559256242,2.1726019708485182,0.3553502030114787,0.5863598724971788
correlated_signed,682,-0.023095444637470753,302.79735799969404,300.1943559256242,-0.8596515145526635,0.37435497134927465,0.5689580320093868
correlated_signed,683,-0.11563171389415315,314.5915884748117,300.1943559256242,-4.576483630407121,0.3976504156313796,0.5476274535603662
correlated_signed,684,-0.07919797535132071,309.6644740475172,300.1943559256242,-3.058186816883563,0.38813441562275264,0.5563408278965317
correlated_signed,685,-0.013986393286615878,301.7561550283302,300.1943559256242,-0.5175699241526244,0.37221095693166295,0.5709212086796608
correlated_signed,686,-0.06181611441635879,307.4489820796613,300.1943559256242,-2.3596195066137353,0.38375610546238303,0.5603498453571801
correlated_signed,687,-0.031625548146948866,303.7901423877655,300.1943559256242,-1.1836415868792534,0.3763855968402322,0.5670986809970873
correlated_signed,688,0.10602444490995806,289.6377088864618,300.1943559256242,3.6447764622046006,0.34612333851064336,0.5948085544895753
correlated_signed,689,-0.059268425195721626,307.13114323813545,300.1943559256242,-2.258575030645056,0.3831228033986278,0.5609297308766327
correlated_signed,690,0.31456548444637167,273.8262816144938,300.1943559256242,9.629489965558793,0.3086145906933684,0.6291543067255135
correlated_signed,691,-0.06339508757758801,307.64683706137794,300.1943559256242,-2.422414352424136,0.38414967576373593,0.5599894711610729
correlated_signed,692,0.016374159792867608,298.4204945736423,300.1943559256242,0.594416732173924,0.36524152842235,0.5773028039306011
correlated_signed,693,0.2797414677054211,276.10998872747865,300.1943559256242,8.722743899684453,0.31429749651769967,0.6239505696511419
correlated_signed,694,-0.10655739010009135,313.32672929646,300.1943559256242,-4.191271328916949,0.3952360808434364,0.5498381537097
correlated_signed,695,-0.009514898830978448,301.25204943307574,300.1943559256242,-0.35109919067504575,0.3711675931170225,0.5718765698244963
correlated_signed,696,-0.025713311063477504,303.10019206800666,300.1943559256242,-0.9587048172277165,0.3749757932817316,0.5683895736700258
correlated_signed,697,-0.07602262123003065,309.2535097244799,300.1943559256242,-2.9293616770676767,0.3873269968932531,0.5570801442488911
correlated_signed,698,-0.008349242547723266,301.1213827492185,300.1943559256242,-0.30785818500519935,0.3708965779425143,0.5721247262168736
correlated_signed,699,0.038998186126649854,296.0614332236515,300.1943559256242,1.3959679438728658,0.36021777685775214,0.5819028370049576
correlated_signed,700,-0.08384238280443868,310.2707089951199,300.1943559256242,-3.247600491238815,0.38932157620896957,0.5552537991757756
correlated_signed,701,-0.24782019872747996,336.50329478125116,300.1943559256242,-10.790069345154581,0.4365936498272762,0.5119682207811234
correlated_signed,702,-0.0932729855696716,311.5208392508359,300.1943559256242,-3.635866978417966,0.3917550569732795,0.5530255713301009
correlated_signed,703,-0.07628547528304246,309.2874216516049,300.1943559256242,-2.940005021033001,0.3873937046464153,0.5570190630170291
correlated_signed,704,-0.014084035926216898,301.7672140163235,300.1943559256242,-0.521215697943322,0.3722338070071598,0.5709002858991131
correlated_signed,705,-0.048499404568916105,305.806469108626,300.1943559256242,-1.8351845856499176,0.38046917943685254,0.56335953205032
correlated_signed,706,0.03349011451133079,296.6262775245952,300.1943559256242,1.2028868213582913,0.36142791911923866,0.5807947611438431
correlated_signed,707,-0.05260111271825699,306.30745732995285,300.1943559256242,-1.9957403119126902,0.3814754716734372,0.5624381166145256
correlated_signed,708,-0.008583916931830929,301.14766437850665,300.1943559256242,-0.3165584746771371,0.37095110744376203,0.5720747960067877
correlated_signed,709,0.06807409978197072,293.1760851732592,300.1943559256242,2.393875594667763,0.3539633665480586,0.5876297426778272
correlated_signed,710,-0.17219545341957807,323.10421672771935,300.1943559256242,-7.09054837913221,0.4134073505548932,0.5331994527281254
correlated_signed,711,-0.06244836287080493,307.5281265677808,300.1943559256242,-2.3847479331423664,0.38391359931898583,0.5602056354878526
correlated_signed,712,-0.24499160712369825,335.95322867818356,300.1943559256242,-10.644003301665986,0.43567821634625936,0.5128064812262592
correlated_signed,713,0.09805110058215853,290.3608874464805,300.1943559256242,3.386636735278695,0.34774122832526355,0.5933271129430492
correlated_signed,714,-0.010466105160314139,301.3589048673388,300.1943559256242,-0.3864325635996207,0.3713890468169868,0.5716737946526059
correlated_signed,715,-0.013012240713185921,301.64594243898597,300.1943559256242,-0.4812219589711072,0.3719831441881254,0.5711298065089343
correlated_signed,716,-0.01942227550942002,302.3751724498172,300.1943559256242,-0.7212286996065915,0.3734873989629063,0.569752428576325
correlated_signed,717,-0.07930734503783636,309.6786796168247,300.1943559256242,-3.0626337282681937,0.38816228688580223,0.5563153074561111
correlated_signed,718,-0.059713259676358175,307.18651462855956,300.1943559256242,-2.276193247411933,0.38323322658600767,0.5608286214524769
correlated_signed,719,-0.05174230880113659,306.20220281443386,300.1943559256242,-1.9620521451475457,0.3812643291511917,0.5626314500919101
correlated_signed,720,-0.026135605987770594,303.14919551639827,300.1943559256242,-0.9747146403409164,0.3750761357190987,0.5682976946794475
correlated_signed,721,-0.015209486353302373,301.8948405761374,300.1943559256242,-0.563270524023528,0.3724973878080571,0.5706589368885393
correlated_signed,722,-0.05853164928295363,307.03954727198646,300.1943559256242,-2.2294168315388148,0.382940052707448,0.5610970672625841
correlated_signed,723,-0.0971327544815886,312.04004536942784,300.1943559256242,-3.796208089182711,0.39276000302405445,0.5521053875384117
correlated_signed,724,-0.1283035808555061,316.4021417317079,300.1943559256242,-5.122527210902072,0.40107276359418,0.5444937565745549
correlated_signed,725,-0.019884470690631383,302.4281220929473,300.1943559256242,-0.7386106000541107,0.3735963409460289,0.5696526753524898
correlated_signed,726,0.014713614408043627,298.5977810009577,300.1943559256242,0.5346908203116908,0.3656158630677051,0.5769600420888588
correlated_signed,727,-0.021201758412349715,302.5793064706642,300.1943559256242,-0.7882067590340073,0.37390718751367236,0.5693680472841174
correlated_signed,728,0.11906530834003926,288.47704360992805,300.1943559256242,4.061783277126223,0.3435097525320324,0.5972017204971707
correlated_signed,729,0.12195340701955722,288.2236328574588,300.1943559256242,4.15327603412921,0.34293632307179056,0.5977267895077139
correlated_signed,730,-0.038879181983197286,304.648229448788,300.1943559256242,-1.4619725613447223,0.37813005181025783,0.5655013635968869
correlated_signed,731,-0.02449022255418296,302.95850324974765,300.1943559256242,-0.912384796753755,0.374685480041146,0.5686554002624784
correlated_signed,732,-0.046057265552982875,305.5102307031036,300.1943559256242,-1.7399989405413359,0.37987259795452466,0.5639057942400673
correlated_signed,733,-0.059887886945579255,307.2082659408456,300.1943559256242,-2.283112400553679,0.383276592776404,0.5607889130302732
correlated_signed,734,-0.05332453823059414,306.3962682687305,300.1943559256242,-2.024147480042674,0.381653515233645,0.5622750903318408
correlated_signed,735,0.06389463271720437,293.581152056399,300.1943559256242,2.2525982417136876,0.35484882483714486,0.5868189641739014
correlated_signed,736,-0.09110765101702721,311.2315001288626,300.1943559256242,-3.5462812082544795,0.3911935735154428,0.5535396963303577
correlated_signed,737,-0.002367372796403073,300.45563342602895,300.1943559256242,-0.08696042654465864,0.3695120903862241,0.5733924393501324
correlated_signed,738,-0.05990676713500181,307.21061811374227,300.1943559256242,-2.2838605746108467,0.38328128200035005,0.5607846193239862
correlated_signed,739,-0.12254057011274283,315.57221388855083,300.1943559256242,-4.873007598938206,0.3995088909871338,0.5459257280956656
correlated_signed,740,-0.0678467834192148,308.2082756904098,300.1943559256242,-2.6001637194308853,0.3852637300896866,0.5589693828965803
correlated_signed,741,0.10468279566494605,289.7586677823179,300.1943559256242,3.6015102578902543,0.3463945092023183,0.5945602534885697
correlated_signed,742,-0.06591332403774422,307.96377347205555,300.1943559256242,-2.522834896727332,0.3847790672775525,0.5594131663310691
correlated_signed,743,-0.14929422009453053,319.5205210033905,300.1943559256242,-6.048489473250832,0.40687625221212365,0.5391797390382692
correlated_signed,744,-0.13297788139629318,317.0834248987212,300.1943559256242,-5.326380266799338,0.402350418656244,0.5433238614765317
correlated_signed,745,-0.02221364205997729,302.69571637304125,300.1943559256242,-0.8263613629518163,0.3741463235357687,0.5691490813109714
correlated_signed,746,-0.04779231703202783,305.72054097938894,300.1943559256242,-1.8075936396230847,0.3802962516009111,0.5635178741047289
correlated_signed,747,0.0046118891282975185,299.6888930090706,300.1943559256242,0.1686625458415966,0.36790996138114873,0.574859437481216
correlated_signed,748,0.10600674079726702,289.639303129714,300.1943559256242,3.6442059768329105,0.34612691402425966,0.5948052805234142
correlated_signed,749,-0.014755790145132624,301.8433561680963,300.1943559256242,-0.5463099348636176,0.3723910864354463,0.5707562722432254
correlated_signed,750,0.05331831700272153,294.6205139195263,300.1943559256242,1.8918716595614953,0.3571096864594059,0.5847487855296365
correlated_signed,751,-0.04751027012679327,305.6863011224694,300.1943559256242,-1.7965951292808788,0.3802273178071448,0.5635809936049134
correlated_signed,752,0.09234486096725925,290.8849005832276,300.1943559256242,3.200391400079917,0.3489085210774281,0.5922582670856951
correlated_signed,753,-0.11750144874024149,314.8554525141439,300.1943559256242,-4.656453134747946,0.3981516277046242,0.5471685154767838
correlated_signed,754,0.02317846519764152,297.7000414630038,300.1943559256242,0.8378616443459246,0.3637157276920714,0.5786999132234837
correlated_signed,755,0.048259011960559865,295.12510327006885,300.1943559256242,1.7176623063868963,0.35820154804390747,0.5837490131231496
correlated_signed,756,-0.1299952703739959,316.6478576851849,300.1943559256242,-5.196151295588086,0.4015342048175361,0.5440712343054571
correlated_signed,757,-0.05389762421469688,306.4667193605363,300.1943559256242,-2.0466703360155276,0.3817946785292349,0.5621458336080295
correlated_signed,758,-0.1217277638039281,315.4560422402629,300.1943559256242,-4.837975588058258,0.3992893265875195,0.5461267737829094
correlated_signed,759,0.051107545048951986,294.84040888192493,300.1943559256242,1.8158796699550752,0.35758596814578214,0.5843126740756999
correlated_signed,760,-0.015408048055032512,301.91738782464597,300.1943559256242,-0.5706964780784628,0.3725439303610436,0.5706163199803027
correlated_signed,761,-0.00799874795384693,301.08215333501454,300.1943559256242,-0.2948688255203432,0.37081516648252655,0.5721992710277215
correlated_signed,762,-0.09958513998545081,312.3722530994964,300.1943559256242,-3.8985207722637516,0.3934012528337575,0.5515182238829065
correlated_signed,763,-0.1543442055138863,320.29397840485325,300.1943559256242,-6.275366954861386,0.40829820857010446,0.5378777087409353
correlated_signed,764,-0.08685615724763812,310.6674037701112,300.1943559256242,-3.371144741093233,0.3900958964516662,0.554544789393614
correlated_signed,765,-0.028545093264242937,303.4296094008569,300.1943559256242,-1.0662286655613245,0.37564970487628335,0.5677725036011867
correlated_signed,766,-0.17241935070622996,323.14023913433755,300.1943559256242,-7.10090556044125,0.4134722639239431,0.5331400137584051
correlated_signed,767,-0.18207247261656997,324.7122091208153,300.1943559256242,-7.550641000403148,0.41629096530863885,0.5305590208774453
correlated_signed,768,-0.008556106062543202,301.1445491370674,300.1943559256242,-0.31552728221909965,0.3709446443933556,0.572080713931134
correlated_signed,769,0.0054185336122382355,299.60096078869975,300.1943559256242,0.19806182709239578,0.36772570004228333,0.5750281574135946
correlated_signed,770,-0.037260978566097315,304.45567908537066,300.1943559256242,-1.3996530373642813,0.37773946067906394,0.5658590099575951
correlated_signed,771,-0.0048427271592315505,300.730156784902,300.1943559256242,-0.1781666544539569,0.37008372985210025,0.572869014695581
correlated_signed,772,-0.23374170081641643,333.8062355941014,300.1943559256242,-10.06927854677593,0.43207625102693903,0.5161047770954753
correlated_signed,773,0.04953673830637887,294.9972112202679,300.1943559256242,1.761760622704914,0.3579251606740057,0.5840020895455083
correlated_signed,774,-0.07962462677163486,309.719909151302,300.1943559256242,-3.0755379115859176,0.38824316456787844,0.5562412514623954
correlated_signed,775,-0.06963179488798145,308.4349089975085,300.1943559256242,-2.6717316462874328,0.38571228614509234,0.5585586607456102
correlated_signed,776,0.05093853275219882,294.85725771070605,300.1943559256242,1.8100616740302762,0.35762243258361626,0.5842792851004217
correlated_signed,777,-0.07259118601334093,308.8125722976849,300.1943559256242,-2.7907595561727936,0.3864583003124936,0.5578755698507533
correlated_signed,778,0.10713043924303062,289.53821558920276,300.1943559256242,3.6803916590894534,0.3459001204921036,0.5950129470212471
correlated_signed,779,-0.005177387573923212,300.7673762677216,300.1943559256242,-0.19051944702517126,0.3701611515853115,0.5727981230872508
correlated_signed,780,-0.06185233818047283,307.4535136644831,300.1943559256242,-2.361058636910116,0.38376512529419815,0.5603415863127172
correlated_signed,781,-0.0868898898330176,310.67185875023404,300.1943559256242,-3.3725303819787706,0.39010458103000845,0.5545368373202157
correlated_signed,782,-0.21085648940898727,329.62989044107053,300.1943559256242,-8.929874191948814,0.42493520445606137,0.5226437205212199
correlated_signed,783,-0.06546331940081464,307.907011947325,300.1943559256242,-2.504865340000828,0.38466644205278133,0.5595162920650375
correlated_signed,784,-0.07888773943916944,309.624197200944,300.1943559256242,-3.045576334332778,0.38805537872538065,0.5564131983669017
correlated_signed,785,-0.0568663219157667,306.8330417109987,300.1943559256242,-2.163615022800369,0.3825276360835197,0.5614746981576584
correlated_signed,786,-0.11038079338332096,313.85651213375377,300.1943559256242,-4.352994339753336,0.39624968705963015,0.5489100393099248
correlated_signed,787,-0.06840996129914141,308.27968542904097,300.1943559256242,-2.6227253645222124,0.3854051364860145,0.5588399035640486
correlated_signed,788,-0.028461565370379555,303.41986522936827,300.1943559256242,-1.063051458844247,0.37562979155874754,0.5677907373158332
correlated_signed,789,-0.04897801406092395,305.86470423433434,300.1943559256242,-1.8538746806057924,0.38058632067905673,0.5632522712108429
correlated_signed,790,-0.09561571532358275,311.83544710497625,300.1943559256242,-3.7330878472687474,0.3923643937312916,0.5524676291573919
correlated_signed,791,0.06993957017451984,292.9963057183347,300.1943559256242,2.456703400966829,0.353569592274417,0.5879903060215109
correlated_signed,792,-0.015170830157882073,301.89045211159197,300.1943559256242,-0.5618250508104162,0.3724883282296131,0.5706672323343265
correlated_signed,793,0.05638280115988176,294.31722286524564,300.1943559256242,1.9968702487619803,0.3564516053318709,0.5853513633488215
correlated_signed,794,-0.07487342516448235,309.1054737397121,300.1943559256242,-2.8828728609289107,0.3870356256342703,0.5573469395499138
correlated_signed,795,-0.09392410735268554,311.60811544830307,300.1943559256242,-3.66285695295777,0.3919242180245912,0.5528706781964442
correlated_signed,796,-0.025279339289290992,303.0498778643604,300.1943559256242,-0.9422613725699107,0.3748727330991638,0.5684839411771472
correlated_signed,797,-0.05611087164462516,306.7396041425887,300.1943559256242,-2.133812565632018,0.3823408474681078,0.5616457318836765
correlated_signed,798,-0.019282580828275664,302.35917867609686,300.1943559256242,-0.7159771897620183,0.37345448484674915,0.5697825665372774
correlated_signed,799,0.03583375019170499,296.38520844990484,300.1943559256242,1.2852016116597833,0.3609120084130629,0.5812671586055175
correlated_signed,800,-0.07479863237265898,309.0958519265457,300.1943559256242,-2.8798497118094195,0.3870166778775327,0.5573642891416273
correlated_signed,801,-0.20380549150573954,328.3920497227949,300.1943559256242,-8.586594535699989,0.4227837344674673,0.5246137728848762
correlated_signed,802,0.012387370163189027,298.8471168407093,300.1943559256242,0.45081214072177905,0.36614157625866073,0.576478669602199
correlated_signed,803,-0.03983609240809435,304.76239791706155,300.1943559256242,-1.4988863529944003,0.37836141108706167,0.5652895185376886
correlated_signed,804,-0.1839435306630988,325.0212398708015,300.1943559256242,-7.638542008837989,0.4168418808948765,0.5300545645747136
correlated_signed,805,-0.022248052257737534,302.69967925301785,300.1943559256242,-0.8276597231870533,0.3741544610781832,0.5691416301338331
correlated_signed,806,-0.08948170519822485,311.01514288945896,300.1943559256242,-3.479183316704505,0.3907730339608033,0.5539247653366556
correlated_signed,807,-0.02476974389667862,302.99085310212854,300.1943559256242,-0.9229642241251776,0.3747517871749657,0.5685946858435471
correlated_signed,808,-0.25540576696512296,337.9993648357663,300.1943559256242,-11.18493489729234,0.43906836415458306,0.5097021213776534
correlated_signed,809,-0.13322317281535226,317.11938019248066,300.1943559256242,-5.337114450899698,0.40241769545000694,0.5432622589201587
correlated_signed,810,0.009467942226719636,299.16165642567705,300.1943559256242,0.3451978145480459,0.36680351864534444,0.5758725581195145
correlated_signed,811,-0.04880941293823329,305.8441828902683,300.1943559256242,-1.8472893325132012,0.3805450466320953,0.5632900639543442
correlated_signed,812,0.11227193206389031,289.0782848760675,300.1943559256242,3.845349730894637,0.34486624715590475,0.5959596271142074
correlated_signed,813,0.05811091905608844,294.1469643967306,300.1943559256242,2.055908189056546,0.3560815837267517,0.5856901769801862
correlated_signed,814,-0.032015991236712484,303.83600328385046,300.1943559256242,-1.1985568921613703,0.37647907934366287,0.567013083349596
correlated_signed,815,-0.20633026266600552,328.83273361585316,300.1943559256242,-8.709101851059838,0.4235515372489608,0.5239107139597122
correlated_signed,816,-0.0036926350651893904,300.60243899393674,300.1943559256242,-0.13575507560028566,0.36981791321162594,0.5731124110789463
correlated_signed,817,0.07872617943424726,292.1578598801515,300.1943559256242,2.7507375802826126,0.35172672926760384,0.5896777427313709
correlated_signed,818,-0.025594099290382213,303.08636632358514,300.1943559256242,-0.9541868982893509,0.3749474769792369,0.5684155016161755
correlated_signed,819,-0.04391561011257398,305.2516881642456,300.1943559256242,-1.6567745354778156,0.37935098424286284,0.5643834119068397
correlated_signed,820,-0.07237032449007988,308.7843036605616,300.1943559256242,-2.7818602283554124,0.3864025232729005,0.557926642324513
correlated_signed,821,-0.006445399903260633,300.9086264268431,300.1943559256242,-0.2373712278376787,0.3704547974306829,0.572529244768738
correlated_signed,822,-0.04496042696405018,305.37767442883825,300.1943559256242,-1.6973469042583487,0.37960527387949905,0.5641505705894976
correlated_signed,823,-0.008672034545850719,301.1575360485218,300.1943559256242,-0.31982600719060605,0.3709715868675896,0.572056043920246
correlated_signed,824,0.13303597895926686,287.2631588962349,300.1943559256242,4.501515989406876,0.34075373603407344,0.5997253084563317
correlated_signed,825,-0.14870295956816657,319.430566948392,300.1943559256242,-6.0220320198334845,0.40671042982919703,0.5393315760811993
correlated_signed,826,-0.07414165952900482,309.01140174640386,300.1943559256242,-2.8533076031982527,0.3868503237209703,0.5575166120107233
correlated_signed,827,-0.08156934996790882,309.97324209818555,300.1943559256242,-3.154751715460594,0.3887396414423119,0.5557866502823742
correlated_signed,828,-0.2649697238449673,339.93031149897485,300.1943559256242,-11.6894416970728,0.4422302035427559,0.5068068002924065
correlated_signed,829,-0.2120634960404093,329.8440307067164,300.1943559256242,-8.988998441950113,0.4253057589328725,0.5223044115454584
correlated_signed,830,-0.044716369480474916,305.34822076845734,300.1943559256242,-1.6878647040623311,0.37954584364834476,0.5642049881167827
correlated_signed,831,-0.038161359832932944,304.56273565447674,300.1943559256242,-1.4343119552906822,0.3779566874002598,0.5656601054238409
correlated_signed,832,-0.1041970933941234,313.001944282337,300.1943559256242,-4.0918558464799615,0.3946129896953888,0.5504086905817624
correlated_signed,833,-0.011666554202671056,301.4940528410419,300.1943559256242,-0.4310854237986912,0.37166891088789744,0.5714175357490574
correlated_signed,834,-0.04499945209269398,305.38238550673134,300.1943559256242,-1.698863401207127,0.37961477861073367,0.5641418675445937
correlated_signed,835,-0.15541818618754788,320.45966951588144,300.1943559256242,-6.323826527335574,0.408601929126461,0.5375996034342381
correlated_signed,836,0.003466535280395229,299.81399052370784,300.1943559256242,0.12686712893283117,0.3681719160811766,0.5746195771983791
correlated_signed,837,-0.06912217765706856,308.3701168482545,300.1943559256242,-2.6512818447493975,0.3855841158512948,0.5586760203904221
correlated_signed,838,-0.01676064419104904,302.07122119085085,300.1943559256242,-0.6213320348186395,0.3728612913546522,0.570325726898322
correlated_signed,839,-0.08454078250785708,310.3624043751331,300.1943559256242,-3.2761856159674645,0.3895007350270634,0.5550897516132588
correlated_signed,840,-0.13106307529906722,316.8034499241143,300.1943559256242,-5.2427124775530585,0.40182602840891113,0.5438040236997717
correlated_signed,841,-0.053389027274301386,306.4041918269444,300.1943559256242,-2.026681118262066,0.3816693949569384,0.5622605500010791
correlated_signed,842,0.013160572875282911,298.76411511518637,300.1943559256242,0.4787190757117642,0.3659666683485402,0.5766388250881858
correlated_signed,843,-0.012958136108871603,301.63982758632545,300.1943559256242,-0.4792045109784299,0.3719704997292209,0.5711413844685199
correlated_signed,844,-0.06026609770365086,307.25540305662724,300.1943559256242,-2.2981034867926047,0.38337055027175615,0.5607028804812735
correlated_signed,845,-0.023258140007637373,302.8161312529104,300.1943559256242,-0.8657977751840704,0.37439349336864514,0.5689227591510726
correlated_signed,846,-0.16175230764254891,321.4455729735129,300.1943559256242,-6.611140060603604,0.4104026663684992,0.5359507358464768
correlated_signed,847,-0.03959626593696856,304.7337629763799,300.1943559256242,-1.4896304913569918,0.37830339945040004,0.5653426371274902
correlated_signed,848,0.03657745304697191,296.3089377302573,300.1943559256242,1.311272695697079,0.3607486070391287,0.5814167783017299
correlated_signed,849,0.1830501429693563,283.1516244305558,300.1943559256242,6.018941805240551,0.3312433305212993,0.6084336837683527
correlated_signed,850,0.0171176638540709,298.3413024905052,300.1943559256242,0.6211186381671028,0.3650741731249193,0.5774560438592795
correlated_signed,851,-0.042690513008051136,305.1043138006857,300.1943559256242,-1.6092718630877794,0.3790532585375831,0.5646560256374703
correlated_signed,852,-0.04081888759252463,304.87989190925987,300.1943559256242,-1.5368465116847332,0.3785993285326845,0.5650716684684525
correlated_signed,853,-0.01718713327780477,302.11981438891183,300.1943559256242,-0.6373161810595493,0.3729614728287307,0.570233995265081
correlated_signed,854,0.12966440774385615,287.55337009873637,300.1943559256242,4.396048574408068,0.3414147507071873,0.5991200400946688
correlated_signed,855,-0.03680792085011537,304.40188562219754,300.1943559256242,-1.382228525941331,0.3776302515733555,0.565959007722307
correlated_signed,856,-0.013985573229419679,301.75606215806874,300.1943559256242,-0.5175393068413165,0.37221076503608386,0.5709213843897628
correlated_signed,857,-0.06283263386336012,307.57628162782726,300.1943559256242,-2.400030868158844,0.38400938599162326,0.5601179280438785
correlated_signed,858,-0.08582217135654135,310.53100764667056,300.1943559256242,-3.328701954558954,0.38982988401133567,0.5547883648807552
correlated_signed,859,-0.03926957653965219,304.69477973622986,300.1943559256242,-1.4770268839202283,0.37822440562788595,0.5654149681410295
correlated_signed,860,-0.08503031608220597,310.42676061441654,300.1943559256242,-3.296237949505282,0.38962641411099097,0.5549746730025721
correlated_signed,861,-0.12222910207329639,315.52767128689055,300.1943559256242,-4.859578653982667,0.39942472458967015,0.5460027956518774
correlated_signed,862,-0.11112034009041726,313.9595139260521,300.1943559256242,-4.38437358635676,0.3964463578548054,0.5487299565221274
correlated_signed,863,-0.11320139904725464,314.2502826233768,300.1943559256242,-4.47284456847994,0.3970008535182947,0.5482222291918118
correlated_signed,864,-0.08189395651563763,310.01563230715186,300.1943559256242,-3.1679939196734077,0.3888226376825419,0.5557106544158923
correlated_signed,865,0.019462902040301638,298.0922623162762,300.1943559256242,0.7051822120487246,0.3645473012601188,0.577938477437818
correlated_signed,866,-0.05388183064055865,306.46477666676367,300.1943559256242,-2.0460494055268303,0.38179078681167067,0.5621493970744385
correlated_signed,867,-0.06331553391127304,307.6368525224392,300.1943559256242,-2.419247413237696,0.3841298267906945,0.5600076459515178
correlated_signed,868,0.1551280535580482,285.4033153565802,300.1943559256242,5.182504817985112,0.3364856594671545,0.6036334443609996
correlated_signed,869,-0.04523570234569422,305.4109136495393,300.1943559256242,-1.7080456168311944,0.37967232867165857,0.5640891716028331
correlated_signed,870,0.04207566460024063,295.74843759936186,300.1943559256242,1.5032770290692319,0.3595452138695394,0.5825186745624503
correlated_signed,871,-0.07410587273671454,309.00680500278185,300.1943559256242,-2.8518624620834125,0.3868412662177829,0.5575249055507758
correlated_signed,872,-0.08644409670580443,310.613010559585,300.1943559256242,-3.354223512785589,0.38998984174739815,0.5546418988617923
correlated_signed,873,0.05414660569268139,294.5383649541753,300.1943559256242,1.9202900689453175,0.3569315733935724,0.5849118763224372
correlated_signed,874,-0.08993916505140005,311.0759366434769,300.1943559256242,-3.498046436913574,0.39089125955957416,0.553816511518453
correlated_signed,875,-0.046962940754067845,305.6199144383004,300.1943559256242,-1.7752634093389528,0.38009362003068925,0.5637034145018163
correlated_signed,876,-0.1108326794974666,313.91942900944076,300.1943559256242,-4.372164261105283,0.3963698353784204,0.5488000247859168
correlated_signed,877,-0.0815641463461689,309.9725628043321,300.1943559256242,-3.1545394825413258,0.38873831126085767,0.555787868268771
correlated_signed,878,0.038480725990619934,296.1142434428815,300.1943559256242,1.377884574312869,0.3603311149476385,0.5817990581112645
correlated_signed,879,0.19608184065425185,282.1365432763742,300.1943559256242,6.400380624058694,0.32885268633263887,0.6106227280974472
correlated_signed,880,-0.03976007344063289,304.75331981106217,300.1943559256242,-1.4959521649392915,0.37834302089733385,0.5653063575892874
correlated_signed,881,-0.08625951994784999,310.5886618281496,300.1943559256242,-3.3466469256616374,0.38994235508137476,0.5546853802410862
correlated_signed,882,-0.03563657552795366,304.26304117043077,300.1943559256242,-1.3372262464593918,0.3773481972596787,0.5662172719137716
correlated_signed,883,-0.040694993354756875,304.8650669812113,300.1943559256242,-1.5320584617439816,0.3785693191581365,0.5650991466731594
correlated_signed,884,-0.009615077313161987,301.2632934942846,300.1943559256242,-0.354818390339563,0.3711909033883727,0.5718552256592276
correlated_signed,885,-0.017034140227349934,302.10237785975306,300.1943559256242,-0.6315812366808358,0.37292552876414986,0.5702669076150116
correlated_signed,886,-0.04226650502795228,305.05339518414473,300.1943559256242,-1.5928487717985778,0.37895032587862476,0.5647502763387204
correlated_signed,887,0.050932362322335355,294.8578729429061,300.1943559256242,1.8098492434527678,0.35762376399768814,0.5842780659797153
correlated_signed,888,-0.08008439476531595,309.7797047940583,300.1943559256242,-3.0942468858011343,0.38836042409619353,0.5561338822749838
correlated_signed,889,-0.020617686008313558,302.51222263322467,300.1943559256242,-0.7662059692744048,0.3737692963903443,0.5694943079144006
correlated_signed,890,0.0973265759193428,290.42712062915564,300.1943559256242,3.363058957892675,0.34788900202367223,0.5931918021195768
correlated_signed,891,0.10204240492847187,289.9975743644534,300.1943559256242,3.516160982903971,0.3469294354078405,0.5940704413879488
correlated_signed,892,-0.0022272809801039666,300.4401375659053,300.1943559256242,-0.08180719203243507,0.3694797922406293,0.5734220133173437
correlated_signed,893,-0.08366429276128824,310.24734933563116,300.1943559256242,-3.24031564863796,0.38927591806244743,0.5552956062584177
correlated_signed,894,-0.14080149456801014,318.24039047966795,300.1943559256242,-5.6705669971193275,0.4045076172234555,0.5413486035268816
correlated_signed,895,-0.06462164948940828,307.80099437124505,300.1943559256242,-2.4712845587647156,0.3844559725836565,0.5597090092680502
correlated_signed,896,-0.025690368944854065,303.09753106230596,300.1943559256242,-0.9578352969443853,0.37497034351608904,0.5683945637717497
correlated_signed,897,-0.014172273690892523,301.77720969337156,300.1943559256242,-0.5245107042230381,0.37225445862924955,0.5708813761429806
correlated_signed,898,-0.13515766651150277,317.40366019010196,300.1943559256242,-5.421898491709453,0.40294908167169907,0.542775690625252
correlated_signed,899,-0.009143408223274958,301.2103730585629,300.1943559256242,-0.33731146859976097,0.371081177874934,0.5719556963692326
correlated_signed,900,-0.14425635184842825,318.7580675146829,300.1943559256242,-5.823762119590463,0.40546777045714943,0.540469429935123
correlated_signed,901,0.09489633037132132,290.6499221178686,300.1943559256242,3.2838246568960168,0.3483856030096125,0.5927370833247331
correlated_signed,902,-0.06740373435072866,308.1521587317493,300.1943559256242,-2.5824264346797747,0.3851525606458355,0.559071175641788
correlated_signed,903,-0.0053937082817281734,300.7914478383581,300.1943559256242,-0.19850694460394763,0.3702112136187683,0.5727522835293805
correlated_signed,904,-0.03298909896812907,303.9504643464736,300.1943559256242,-1.23576334351896,0.3767122728460851,0.5667995587419559
correlated_signed,905,-0.13332861337234295,317.1348421592175,300.1943559256242,-5.341729757050254,0.4024466220073851,0.5432357720763824
correlated_signed,906,-0.1257242698297675,316.0293381467835,300.1943559256242,-5.010605127364647,0.4003712882874021,0.5451360677540498
correlated_signed,907,-0.04739783048947375,305.67265686133635,300.1943559256242,-1.7922116397206156,0.38019984403521223,0.5636061500726067
correlated_signed,908,-0.09801460127298668,312.1592944598906,300.1943559256242,-3.8329592444038996,0.3929903427217365,0.5518944758313785
correlated_signed,909,-0.07776439475243885,309.47858443321036,300.1943559256242,-2.9999583087759008,0.3877694652188265,0.5566749962761466
correlated_signed,910,-0.031049510725482832,303.72254934030764,300.1943559256242,-1.161650138373569,0.3762477642183035,0.5672248880187486
correlated_signed,911,0.01680691093650252,298.3743873288389,300.1943559256242,0.6099614022096089,0.36514410156061616,0.5773920134472657
correlated_signed,912,-0.2415363365170724,335.28693850200057,300.1943559256242,-10.466432940443028,0.4345653347188543,0.5138255422369412
correlated_signed,913,-0.10575194483270156,313.2157038968905,300.1943559256242,-4.157310061168851,0.39502322703537984,0.5500330544937713
correlated_signed,914,-0.07398279418504543,308.99099852011466,300.1943559256242,-2.8468928339728943,0.3868101187941304,0.5575534258173139
correlated_signed,915,0.09693891734762607,290.46259465762444,300.1943559256242,3.3504352873632,0.34796812087156725,0.5931193559671352
correlated_signed,916,0.09777038534755118,290.38653898368267,300.1943559256242,3.377503990463095,0.34779846779388335,0.5932747009111057
correlated_signed,917,-0.15874976059066367,320.9763651278929,300.1943559256242,-6.474622888195553,0.4095470454576906,0.5367341961251915
correlated_signed,918,-0.042491239757930864,305.08037769221863,300.1943559256242,-1.6015522871561705,0.379004875656184,0.5647003276164407
correlated_signed,919,-0.024335528031928108,302.9406079506967,300.1943559256242,-0.9065314959424043,0.3746487941616785,0.5686889918497258
correlated_signed,920,-0.07668356879328594,309.3388182355423,300.1943559256242,-2.9561315201492566,0.38749477838000757,0.5569265144312718
correlated_signed,921,-0.03815080915662406,304.5614800035876,300.1943559256242,-1.4339055871123003,0.37795414046477926,0.5656624375356866
correlated_signed,922,-0.09660147306319115,311.96831472268894,300.1943559256242,-3.7740880215770263,0.39262136439132056,0.5522323326967219
correlated_signed,923,-0.020369373983710522,302.483726897665,300.1943559256242,-0.7568575657014818,0.3737107047732068,0.5695479575942556
correlated_signed,924,-0.2522062302082158,337.36457790975885,300.1943559256242,-11.017820013717396,0.4380210180534363,0.510661179305541
correlated_signed,925,-0.06125598664925152,307.3789547919441,300.1943559256242,-2.3373750070765085,0.38361668678321426,0.560477504618592
correlated_signed,926,0.06861337923717872,293.12404930856104,300.1943559256242,2.4120527243469287,0.3538494410924543,0.5877340596521504
correlated_signed,927,-0.05661344324531814,306.8017478322633,300.1943559256242,-2.1536356794979876,0.38246508997508144,0.5615319687464115
correlated_signed,928,-0.018971839731307696,302.3236179699965,300.1943559256242,-0.7042989425270807,0.3733812908141586,0.569849586988454
correlated_signed,929,0.02434028825553768,297.57798061992565,300.1943559256242,0.8792234224615803,0.36345649116051026,0.5789372848909763
correlated_signed,930,-0.055746448306370544,306.69458409946805,300.1943559256242,-2.1194466778505783,0.38225080843966674,0.5617281764720751
correlated_signed,931,0.06760168050674369,293.22171268384227,300.1943559256242,2.3779423351571514,0.3540632285153913,0.5875383030802261
correlated_signed,932,-0.050566638593545876,306.058422379799,300.1943559256242,-1.9159957790339357,0.3809756682298602,0.5628957635963062
correlated_signed,933,-0.021918846870358426,302.66177745689896,300.1943559256242,-0.8152405473882856,0.37407662322814317,0.569212902710021
correlated_signed,934,-0.006578930332756544,300.923522011983,300.1943559256242,-0.24230943512940925,0.37048574788932254,0.5725009048241245
correlated_signed,935,-0.009325345728867023,301.2307801577361,300.1943559256242,-0.34406319021222126,0.37112349462979144,0.5719169488227352
correlated_signed,936,-0.10990615170395979,313.7904959940567,300.1943559256242,-4.332871849850415,0.39612356847068764,0.5490255205426143
correlated_signed,937,0.2629246594055503,277.25763869152155,300.1943559256242,8.272708857490558,0.31711803725512633,0.6213678575447374
correlated_signed,938,-0.06358957065657031,307.6712531945497,300.1943559256242,-2.430157901101543,0.38419820889926226,0.5599450316040651
correlated_signed,939,-0.013186689910668924,301.6656630911916,300.1943559256242,-0.4877277547901197,0.3720239195977423,0.5710924703092691
correlated_signed,940,-0.022815952333170592,302.76512225858187,300.1943559256242,-0.8490959307928599,0.37428881366034283,0.5690186095918703
correlated_signed,941,0.009350137478437973,299.17438687289035,300.1943559256242,0.3409279328337765,0.3668302803173018,0.5758480536376769
correlated_signed,942,-0.10896719427801689,313.66010781915116,300.1943559256242,-4.29310312591328,0.39587431623197655,0.549253749816632
correlated_signed,943,-0.09814199306721601,312.17654054499417,300.1943559256242,-3.838271959338004,0.39302364042639504,0.5518639866190227
correlated_signed,944,-0.12239204708615224,315.550969861552,300.1943559256242,-4.86660330743572,0.3994687518592436,0.545962481771923
correlated_signed,945,-0.0038813573210757686,300.62337639978057,300.1943559256242,-0.1427102839753279,0.36986150531853346,0.5730724957395597
correlated_signed,946,-0.2638959770870882,339.7109836287495,300.1943559256242,-11.632425681682022,0.44187287472673675,0.5071340102954636
correlated_signed,947,-0.02969554038863288,303.563988596514,300.1943559256242,-1.110023849162342,0.37592419359891693,0.5675211668290192
correlated_signed,948,0.04099858776608616,295.8577718560483,300.1943559256242,1.465766487177461,0.35978031232510277,0.5823034048073105
correlated_signed,949,-0.29310208613182515,345.9184384319364,300.1943559256242,-13.21816862772088,0.45181084454028997,0.49803356802484033
correlated_signed,950,-0.06334819609830042,307.6409516487889,300.1943559256242,-2.420547616711944,0.38413797589056553,0.5600001841960847
correlated_signed,951,-0.09033692880263366,311.1288469546584,300.1943559256242,-3.514457478328163,0.39099411662324524,0.5537223299687263
correlated_signed,952,-0.01666513491204215,302.0603448551497,300.1943559256242,-0.6177536910448486,0.3728388638977912,0.5703462627038447
correlated_signed,953,-0.05081488163348569,306.0887519634034,300.1943559256242,-1.9257146824147051,0.3810365820151502,0.5628399876498312
correlated_signed,954,-0.29427389857836134,346.1784214882216,300.1943559256242,-13.283342550616473,0.45221928729577165,0.49765954048951927
correlated_signed,955,-0.13749403543826447,317.74870548007,300.1943559256242,-5.524601438713593,0.4035927749090604,0.5421862872734577
correlated_signed,956,-0.0022125866597413157,300.43851244714597,300.1943559256242,-0.0812667189479238,0.369476404799545,0.5734251150456352
correlated_signed,957,0.13656655716436536,286.9610993265292,300.1943559256242,4.611515857080354,0.3400643145652523,0.6003565881704126
correlated_signed,958,0.10940982103153192,289.3337899753062,300.1943559256242,3.7536459019338606,0.34544100007152934,0.5954333467791003
correlated_signed,959,0.2303029554846463,279.5728357757146,300.1943559256242,7.376081475402379,0.32273755779159496,0.6162221907140959
correlated_signed,960,-0.1665608158608012,322.20408876084565,300.1943559256242,-6.8309911645963135,0.4117805810878906,0.5346890291818088
correlated_signed,961,-0.19331841057920487,326.59139824242175,300.1943559256242,-8.08258957794215,0.4196249236860141,0.5275062138873954
correlated_signed,962,-0.017398824363028826,302.1439496502193,300.1943559256242,-0.6452532731011411,0.37301121896960887,0.5701884449801156
correlated_signed,963,0.055118379567223895,294.4421492929216,300.1943559256242,1.953594839093539,0.3567228349594862,0.585103009516871
correlated_signed,964,-0.019163277711443327,302.3455231573124,300.1943559256242,-0.7114929995404379,0.37342637994711714,0.5698083009172551
correlated_signed,965,-0.021463875403604126,302.60943803627924,300.1943559256242,-0.7980855211678763,0.37396910318322674,0.5693113539223248
correlated_signed,966,0.045707338203105415,295.3814423747431,300.1943559256242,1.6293892778731593,0.35875480168205565,0.5832424218489174
correlated_signed,967,-0.053160871347300555,306.37616390345516,300.1943559256242,-2.0177183169441815,0.38161322008408705,0.5623119867431973
correlated_signed,968,-0.2183986895699701,330.97894769783176,300.1943559256242,-9.301072465887595,0.427261643656329,0.5205134456129694
correlated_signed,969,-0.050677853247867444,306.07200828682346,300.1943559256242,-1.9203495262759298,0.38100295559081077,0.5628707778171892
correlated_signed,970,0.05789369449345141,294.16833540832005,300.1943559256242,2.0484939376428004,0.35612805270958114,0.5856476272328127
correlated_signed,971,-0.03397887288784082,304.06712236232966,300.1943559256242,-1.2736551083252607,0.3769497615945362,0.5665821011796357
correlated_signed,972,-0.05522198870780289,306.62985455603445,300.1943559256242,-2.098784099065664,0.38212130453799187,0.5618467572259359
correlated_signed,973,-0.1355365625263848,317.45948989410454,300.1943559256242,-5.438531377417469,0.40305332870583876,0.5426802359292584
correlated_signed,974,-0.17945885718202445,324.28291314230336,300.1943559256242,-7.428253614493861,0.4155239073778483,0.5312613915244029
correlated_signed,975,-0.01613225605393384,301.9997008103469,300.1943559256242,-0.5977969116785358,0.37271378374033626,0.5704607929350926
correlated_signed,976,0.17787287866071191,283.5611031127912,300.1943559256242,5.865844303129562,0.33220286061000104,0.607555070468548
correlated_signed,977,-0.05525231496808484,306.633595506176,300.1943559256242,-2.0999785003734455,0.3821287905169256,0.5618399026600586
correlated_signed,978,0.051850099927989925,294.76644762424803,300.1943559256242,1.8414267787680467,0.3574258509957463,0.5844592867230002
correlated_signed,979,-0.050013372706791126,305.9908831067662,300.1943559256242,-1.8943463681953756,0.3808399793040216,0.5630200076938892
correlated_signed,980,0.10765992117782537,289.4906544149708,300.1943559256242,3.6974255808998273,0.3457933605048853,0.5951107032238562
correlated_signed,981,-0.14374578567087729,318.68129962422137,300.1943559256242,-5.801075783359848,0.4053255834650872,0.5405996248616541
correlated_signed,982,-0.09137700253029339,311.2674164658512,300.1943559256242,-3.5574107518066596,0.3912633285100374,0.5534758248408352
correlated_signed,983,-0.059386524777591904,307.1458387352386,300.1943559256242,-2.2632515023609376,0.38315211345422406,0.560902893009412
correlated_signed,984,-0.04536577741751884,305.42662675479943,300.1943559256242,-1.7131023855938217,0.3797040222588005,0.5640601512440078
correlated_signed,985,-0.040059542846305814,304.78909046416476,300.1943559256242,-1.507512795665748,0.37841547780495943,0.5652400121289197
correlated_signed,986,-0.05613035453488017,306.7420119952158,300.1943559256242,-2.134580792178451,0.3823456623721997,0.5616413230979208
correlated_signed,987,-0.15112558023535186,319.7999429134891,300.1943559256242,-6.130578639023858,0.4073907468512884,0.5387086363968032
correlated_signed,988,-0.04229476757789404,305.05678779708614,300.1943559256242,-1.593943182374376,0.3789571851591479,0.5647439956110302
correlated_signed,989,-0.02337136584765126,302.82919995803354,300.1943559256242,-0.8700759480177139,0.3744203070473081,0.5688982070871007
correlated_signed,990,-0.03034608342196453,303.6401171106362,300.1943559256242,-1.134817499677243,0.3760795891715599,0.5673788782123378
correlated_signed,991,-0.05766007586401819,306.9313784301055,300.1943559256242,-2.194960495384942,0.3827240956368009,0.5612948091993558
correlated_signed,992,-0.2528366298527325,337.4892125110403,300.1943559256242,-11.050681089309204,0.438226965923761,0.5104725924222011
correlated_signed,993,-0.003906855010212467,300.6262057967995,300.1943559256242,-0.1436501086226661,0.3698673957152713,0.5730671021671833
correlated_signed,994,-0.08435900040525623,310.338524060296,300.1943559256242,-3.268742791565522,0.38945408672232795,0.5551324653398223
correlated_signed,995,-0.014887905960109249,301.85834347659727,300.1943559256242,-0.5512478243299094,0.3724220349136864,0.5707279341225355
correlated_signed,996,-0.15869983288126324,320.9685914185609,300.1943559256242,-6.472357747255684,0.409532848689772,0.5367471955736859
correlated_signed,997,-0.09769655634657486,312.11625939402376,300.1943559256242,-3.819699586156135,0.3929072371540586,0.5519705718653414
correlated_signed,998,0.06676346973907538,293.3027685104803,300.1943559256242,2.349649630019664,0.3542405535227249,0.5873759336936347
correlated_signed,999,-0.035653825839678,304.2650834740803,300.1943559256242,-1.3378884957737411,0.37735234794439065,0.5662134713222092
correlated_symmetric,0,0.05813899534490732,294.14420283088225,300.1943559256242,2.0568663385218913,0.35607557850409244,0.5856956757170675
correlated_symmetric,1,0.2192112624173446,280.388096500394,300.1943559256242,7.063873135998978,0.32469429649147086,0.6144304541182304
correlated_symmetric,2,-0.07427541954892174,309.02858611231903,300.1943559256242,-2.858709706384229,0.3868841817063413,0.5574856098070758
correlated_symmetric,3,-0.007965437595204157,301.0784264854756,300.1943559256242,-0.2936346420337098,0.37080743117588977,0.572206353900027
correlated_symmetric,4,-0.06112792507408263,307.3629562580652,300.1943559256242,-2.3322915746626736,0.383584826078355,0.5605066779981168
correlated_symmetric,5,-0.027594734924031143,303.318841620686,300.1943559256242,-1.0300994420152363,0.3754232629870574,0.5679798460913481
correlated_symmetric,6,0.07156305012339804,292.84035545865964,300.1943559256242,2.511266063533632,0.35322761997350405,0.5883034364204223
correlated_symmetric,7,-0.03401701822709393,304.0716230829616,300.1943559256242,-1.275116407781174,0.3769589203704615,0.566573714908393
correlated_symmetric,8,-0.1505022004584202,319.70469397891725,300.1943559256242,-6.102612323414815,0.4072154677184445,0.53886913266977
correlated_symmetric,9,0.22570275990863722,279.90917750909045,300.1943559256242,7.247057276596434,0.3235462054738055,0.6154817320220465
correlated_symmetric,10,0.05671802647991245,294.28415220448403,300.1943559256242,2.008332313128936,0.35637976658406467,0.5854171431445298
correlated_symmetric,11,-0.0043098734872889415,300.67094670051966,300.1943559256242,-0.15850908780027403,0.3699605250917585,0.5729818277706631
correlated_symmetric,12,0.022178844507354873,297.80528308950323,300.1943559256242,0.8022264787703479,0.3639390724761822,0.5784954060900668
correlated_symmetric,13,-0.025419912886266854,303.06617090428244,300.1943559256242,-0.9475867828102889,0.3749061103969521,0.568453379108236
correlated_symmetric,14,0.026197335301318275,297.3834527540098,300.1943559256242,0.945211694054664,0.36304290717896237,0.5793159858746387
correlated_symmetric,15,-0.0017640752391116952,300.3889323125212,300.1943559256242,-0.06477481889863651,0.36937304102303326,0.573519760633784
correlated_symmetric,16,-0.023293448199172968,302.8202062550261,300.1943559256242,-0.867131807971385,0.37440185449098085,0.5689151032522559
correlated_symmetric,17,0.023851821753091598,297.6292650923689,300.1943559256242,0.8618409323623694,0.3635654365817387,0.5788375282836025
correlated_symmetric,18,0.04518645839816171,295.43392303912384,300.1943559256242,1.611335908053445,0.3588679516886254,0.5831388151212705
correlated_symmetric,19,0.12070198426005833,288.3332768145457,300.1943559256242,4.113669862222499,0.343184554129772,0.5974994931164719
correlated_symmetric,20,-0.1519664056020977,319.9286394414564,300.1943559256242,-6.168339149094331,0.40762741115167855,0.5384919320866087
correlated_symmetric,21,0.18481779769179543,283.01263328636975,300.1943559256242,6.071009071128263,0.3309170019508415,0.608732493295859
correlated_symmetric,22,-0.20678848873962133,328.9130180627539,300.1943559256242,-8.73138506535196,0.42369119505522834,0.5237828325132433
correlated_symmetric,23,0.034332978143607654,296.5394540355738,300.1943559256242,1.2325179129830008,0.36124220524937534,0.5809648114157433
correlated_symmetric,24,0.07129759122188538,292.86582300391024,300.1943559256242,2.5023517071898613,0.3532834908313657,0.5882522777007718
correlated_symmetric,25,-0.0339271760810451,304.06102328845554,300.1943559256242,-1.2716747845589882,0.37693734980478144,0.5665934660865241
correlated_symmetric,26,0.03984239027088273,295.97538922287316,300.1943559256242,1.4254451067126146,0.36003302781820745,0.5820720038926974
correlated_symmetric,27,-0.013593780378943555,301.71170985101344,300.1943559256242,-0.5029151590233246,0.37211910743541643,0.571005311109588
correlated_symmetric,28,0.035859093982255535,296.38260750908233,300.1943559256242,1.2860904519928962,0.36090643757698515,0.5812722595833075
correlated_symmetric,29,0.11767381315123564,288.5996034981993,300.1943559256242,4.017591253377191,0.3437867254281578,0.5969481062991469
correlated_symmetric,30,0.007773386293669526,299.3450630231344,300.1943559256242,0.2837170233952332,0.3671888522333522,0.575519725176771
correlated_symmetric,31,0.08931842758187514,291.1650436920362,300.1943559256242,3.1010976177271776,0.34953084518060307,0.5916884286631793
correlated_symmetric,32,0.020118642969999226,298.02283392625407,300.1943559256242,0.728642826041813,0.36440026092316313,0.5780731158720097
correlated_symmetric,33,0.04902895846519998,295.04799943973137,300.1943559256242,1.7442438164858949,0.35803494771925903,0.5839015621100214
correlated_symmetric,34,-0.028633708964208377,303.4399489361706,300.1943559256242,-1.0695997748236807,0.3756708334887212,0.5677531570965975
correlated_symmetric,35,-0.03876281023013515,304.63436070658173,300.1943559256242,-1.4574865325957238,0.3781019353716554,0.5655271085280712
correlated_symmetric,36,-0.05057970316022898,306.0600181733095,300.1943559256242,-1.9165071879345585,0.3809788735145231,0.5628928286648275
correlated_symmetric,37,-0.0476378167820227,305.7017824844208,300.1943559256242,-1.801568350056067,0.3802584877532872,0.5635524527207515
correlated_symmetric,38,0.12565532328509424,287.9007097587254,300.1943559256242,4.270099291245757,0.34220413533659855,0.5983972280647921
correlated_symmetric,39,-0.0116019174293548,301.48676759891475,300.1943559256242,-0.4286794022780795,0.3716538310253419,0.5714313436985171
correlated_symmetric,40,-0.03550844402855982,304.2478736779778,300.1943559256242,-1.3323076685307906,0.3773173697967632,0.566245499207285
correlated_symmetric,41,-0.04583966656004562,305.4839089555465,300.1943559256242,-1.7315324555088107,0.3798195337754323,0.5639543826658395
correlated_symmetric,42,0.03374946736070828,296.59954650245845,300.1943559256242,1.2120077274413412,0.36137075353036274,0.580847105234946
correlated_symmetric,43,0.08979589397907771,291.12074375961635,300.1943559256242,3.1167865432152517,0.3494325147772158,0.5917784660486157
correlated_symmetric,44,0.01089740370911261,299.007419318113,300.1943559256242,0.39695891500552427,0.36647910368045045,0.576169610597952
correlated_symmetric,45,0.0403566176238219,295.9230458176897,300.1943559256242,1.4433854234407886,0.35992058632815715,0.5821749618185359
correlated_symmetric,46,0.013989676281279388,298.6752530276365,300.1943559256242,0.5086135803314067,0.36577930326995534,0.5768103870643196
correlated_symmetric,47,0.04183442682620806,295.7729060814801,300.1943559256242,1.4948799410741564,0.359597842870757,0.5824704844008244
correlated_symmetric,48,0.14001601602265584,286.66777973271786,300.1943559256242,4.718554769398296,0.339393451058534,0.6009708752177579
correlated_symmetric,49,-0.1178592043752601,314.90606832020075,300.1943559256242,-4.6717779917843485,0.3982476768492237,0.5470805674448522
correlated_symmetric,50,-0.27240160447669315,341.46642027795457,300.1943559256242,-12.086712455864555,0.4447199552989509,0.5045268976109916
correlated_symmetric,51,-0.09372147318925023,311.58094093955964,300.1943559256242,-3.6544549161446245,0.39187155782810057,0.552918896760313
correlated_symmetric,52,-0.0943694560076452,311.6678823369607,300.1943559256242,-3.681331013418906,0.3920400051435411,0.5527646571584348
correlated_symmetric,53,-0.023499827591716177,302.8440308845397,300.1943559256242,-0.8749305545750222,0.37445073355550795,0.5688703469198306
correlated_symmetric,54,-0.017097702819112905,302.10962139255076,300.1943559256242,-0.6339637440536566,0.3729404612539988,0.5702532346111974
correlated_symmetric,55,-0.19053131243969532,326.1207673101468,300.1943559256242,-7.949941856927522,0.4187935626118874,0.5282674677142716
correlated_symmetric,56,-0.009764655696675596,301.2800864463631,300.1943559256242,-0.36037248048658216,0.37122571392850234,0.5718233512161457
correlated_symmetric,57,-0.051425996481958454,306.1634838265172,300.1943559256242,-1.9496537687281195,0.38118662161430217,0.5627026033025752
correlated_symmetric,58,-0.21555616825692184,330.4674328331844,300.1943559256242,-9.160683897962679,0.4263817767007436,0.5213191235076415
correlated_symmetric,59,-0.22457927485728998,332.104239792949,300.1943559256242,-9.608394005213256,0.4291877366498762,0.5187497537770317
correlated_symmetric,60,-0.030780143636433773,303.69096899794545,300.1943559256242,-1.1513720950802722,0.3761833460132529,0.5672838728205954
correlated_symmetric,61,-0.013242818511293391,301.67200964454184,300.1943559256242,-0.48982128658828245,0.37203704091593504,0.5710804557113017
correlated_symmetric,62,0.028434736543886507,297.15001389911123,300.1943559256242,1.0245135063485515,0.3625458801497564,0.5797710921167791
correlated_symmetric,63,-0.059444607014649146,307.1530674434748,300.1943559256242,-2.2655516924411625,0.3831665300279151,0.5608896924172333
correlated_symmetric,64,-0.12422347416448627,315.81343397627705,300.1943559256242,-4.945666133957459,0.39996428092614256,0.5455087470333578
correlated_symmetric,65,0.11850817089287308,288.52607860079166,300.1943559256242,4.044097982899125,0.34362059486366403,0.5971002261248518
correlated_symmetric,66,0.021715668224846236,297.8541167202288,300.1943559256242,0.785699802025436,0.3640426540695819,0.5784005609214954
correlated_symmetric,67,0.04608589752734094,295.3433337763168,300.1943559256242,1.6425026721549192,0.35867261311499166,0.5833176784842897
correlated_symmetric,68,-0.04232023722698814,305.05984532416613,300.1943559256242,-1.594929477975605,0.3789633668229223,0.564738335345833
correlated_symmetric,69,-0.028394267621249608,303.41201564788827,300.1943559256242,-1.0604918580410347,0.37561374912022094,0.5678054266435384
correlated_symmetric,70,0.07495148388661281,292.5163784923625,300.1943559256242,2.6248025744179655,0.35251602835943885,0.5889550126312504
correlated_symmetric,71,-0.20165807957447648,328.0194467716212,300.1943559256242,-8.482756470646015,0.4221329387705167,0.5252096905910693
correlated_symmetric,72,0.07414189863361333,292.59359971917104,300.1943559256242,2.5977178631891906,0.35268578213276225,0.5887995758173812
correlated_symmetric,73,0.04047523553089484,295.9109789832804,300.1943559256242,1.44752214232167,0.3598946593152389,0.5821987020903593
correlated_symmetric,74,0.04610375551884757,295.3415367377915,300.1943559256242,1.6431211273005346,0.35866873693005297,0.5833212277448689
correlated_symmetric,75,-0.07759781597572625,309.45702203166525,300.1943559256242,-2.9931995225796557,0.38772710415045575,0.5567137843664542
correlated_symmetric,76,0.008462821621119627,299.2703691937696,300.1943559256242,0.3087464804296548,0.3670319789955493,0.5756633670658234
correlated_symmetric,77,-0.12428755727102599,315.82263776966636,300.1943559256242,-4.948436234466526,0.3999816426272962,0.5454928496655825
correlated_symmetric,78,-0.04807259034812208,305.75458564029304,300.1943559256242,-1.8185270068885213,0.38036477710689487,0.5634551284550274
correlated_symmetric,79,-0.01092784904341077,301.41084973632786,300.1943559256242,-0.4035998743136883,0.37149664380768566,0.5715752729408831
correlated_symmetric,80,-0.023141411678196864,302.8026614560383,300.1943559256242,-0.861387914449616,0.3743658543290799,0.5689480669605198
correlated_symmetric,81,-0.05016994590599306,306.00998860395765,300.1943559256242,-1.9004715188758434,0.3808783690376508,0.5629848559835496
correlated_symmetric,82,-0.20751264499930108,329.04008657273505,300.1943559256242,-8.766631126184807,0.42391209614219005,0.5235805584076741
correlated_symmetric,83,0.08978174214561802,291.1220562280244,300.1943559256242,3.116321660799841,0.34943542842955355,0.5917757981286711
correlated_symmetric,84,-0.0619048115710025,307.46007869541677,300.1943559256242,-2.3631434691039304,0.3837781920997483,0.5603296216408395
correlated_symmetric,85,0.20233791369333173,281.6570174684352,300.1943559256242,6.581529061056142,0.32771735094112686,0.6116623232785897
correlated_symmetric,86,0.08833989923032813,291.2559538636849,300.1943559256242,3.0689165125608766,0.3497325404002125,0.5915037440860105
correlated_symmetric,87,0.061282093381984,293.8359712178439,300.1943559256242,2.1639231852475755,0.3554045974741604,0.5863100656975455
correlated_symmetric,88,0.3510821186574016,271.5572807682438,300.1943559256242,10.545500778460172,0.3028736423603804,0.6344112133561242
correlated_symmetric,89,-0.021592783442269035,302.6242625351745,300.1943559256242,-0.8029450742627976,0.37399956069213824,0.5692834653672574
correlated_symmetric,90,0.008546414134140845,299.261319665401,300.1943559256242,0.3117797720288177,0.3670129677056564,0.5756807748639519
correlated_symmetric,91,0.04878639741362517,295.07227775291557,300.1943559256242,1.735872380731654,0.3580874159153673,0.5838535191644494
correlated_symmetric,92,0.07365953595944123,292.63966445888167,300.1943559256242,2.5815678406793867,0.3527870026108967,0.5887068922357865
correlated_symmetric,93,0.012446882750982958,298.8407237887287,300.1943559256242,0.4529610689380057,0.3661281077587444,0.5764910021153542
correlated_symmetric,94,-0.014977923696442486,301.8685574521151,300.1943559256242,-0.5546127561683749,0.37244312479854025,0.5707086230696646
correlated_symmetric,95,-0.08546008371813141,310.48331668344355,300.1943559256242,-3.313853017200773,0.3897368174974517,0.5548735816500889
correlated_symmetric,96,-0.16995852697665467,322.7453966415533,300.1943559256242,-6.987254024563109,0.4127599556141157,0.5337922501146397
correlated_symmetric,97,0.03563619657476768,296.4054870126853,300.1943559256242,1.2782721909519796,0.3609554387860555,0.5812273912594486
correlated_symmetric,98,-0.08838299465180599,310.8693805150525,300.1943559256242,-3.4339260340602755,0.39048938154897217,0.5541844929741045
correlated_symmetric,99,0.0256570129702574,297.4399796103233,300.1943559256242,0.9260276035889475,0.3631631441841755,0.5792058900386108
correlated_symmetric,100,0.0019526138202242145,299.97978205484577,300.1943559256242,0.07152944418741554,0.368518747594038,0.5743019990115847
correlated_symmetric,101,0.0074416519344990524,299.3810397081373,300.1943559256242,0.27166590719299866,0.3672643831436595,0.575450564863214
correlated_symmetric,102,-0.2819739415034912,343.4926240629201,300.1943559256242,-12.605297786354967,0.4479699746832637,0.5015507810392061
correlated_symmetric,103,0.18600109587578348,282.9198206681667,300.1943559256242,6.105805954726161,0.3306989145359278,0.6089321895957679
correlated_symmetric,104,-0.20119385309654025,327.9391635463899,300.1943559256242,-8.460352011857513,0.42199252077242866,0.525338267849111
correlated_symmetric,105,-0.04555397436521791,305.44936858492474,300.1943559256242,-1.7204202070037857,0.3797498871226861,0.5640181548994813
correlated_symmetric,106,0.13430003952679698,287.1547966099622,300.1943559256242,4.540951246366761,0.34050657650022387,0.5999516239808067
correlated_symmetric,107,0.08720994923087533,291.361134822425,300.1943559256242,3.0317087790664887,0.3499657400585452,0.5912902121238981
correlated_symmetric,108,0.04636217043872517,295.3155394570792,300.1943559256242,1.6520689962724164,0.35861265591139435,0.583372578790835
correlated_symmetric,109,0.028002469857039528,297.19503530328575,300.1943559256242,1.009209531134221,0.3626417983719553,0.5796832639266418
correlated_symmetric,110,0.038495379417192804,296.11274724142373,300.1943559256242,1.3783968175043515,0.3603279044471951,0.5818019978306314
correlated_symmetric,111,0.053000242981766775,294.6520944929625,300.1943559256242,1.880950971076202,0.3571781321409765,0.584686112643229
correlated_symmetric,112,-0.08415987985848387,310.3123769359963,300.1943559256242,-3.2605921524229124,0.3894030021500049,0.5551792411540621
correlated_symmetric,113,-0.1432654969517595,318.6091681749517,300.1943559256242,-5.779749639600994,0.4051919214907279,0.540722013760915
correlated_symmetric,114,0.04797018495864294,295.15405608395616,300.1943559256242,1.707684423701212,0.35826408469285964,0.5836917509176048
correlated_symmetric,115,-0.0748772232711495,309.10596239352594,300.1943559256242,-2.883026389687127,0.3870365878843761,0.5573460584616291
correlated_symmetric,116,-0.21095100675964198,329.6466352822474,300.1943559256242,-8.934500220639533,0.4249641975694418,0.5226171721412133
correlated_symmetric,117,0.0024978121788463547,299.9200190270637,300.1943559256242,0.09147001905724045,0.36839376911029076,0.5744164362461848
correlated_symmetric,118,-0.11619727530354951,314.67128440683297,300.1943559256242,-4.600651282336833,0.39780188736843447,0.5474887574917708
correlated_symmetric,119,0.04271207617103234,295.68394129449797,300.1943559256242,1.5254175155335639,0.3594064477103668,0.5826457368990285
correlated_symmetric,120,-0.1110219105580638,313.94579504158185,300.1943559256242,-4.3801953500081945,0.3964201705772117,0.5487539350598943
correlated_symmetric,121,-0.1351986127935335,317.40969118805793,300.1943559256242,-5.423695539350757,0.40296034471377085,0.5427653775238881
correlated_symmetric,122,-0.048345252215575556,305.7877250002817,300.1943559256242,-1.8291673005030884,0.3804314657571445,0.5633940647296726
correlated_symmetric,123,-0.06539348058990763,307.8982077063032,300.1943559256242,-2.502077500895197,0.38464896911164503,0.5595322912328698
correlated_symmetric,124,0.20736670894267661,281.275147188873,300.1943559256242,6.7262283660088835,0.3268104585567043,0.6124927400488699
correlated_symmetric,125,0.05106945650715113,294.8442054551628,300.1943559256242,1.814568633696624,0.35759418509892305,0.584305150152035
correlated_symmetric,126,0.06305254926173105,293.66314987904195,300.1943559256242,2.224046854115824,0.35502777119920526,0.586655110230943
correlated_symmetric,127,0.07025151239978665,292.9663041625892,300.1943559256242,2.4671955990623475,0.3535038322626124,0.58805051983845
correlated_symmetric,128,-0.012608856561606268,301.60036845207543,300.1943559256242,-0.4661839551680201,0.3718888927276921,0.5712161083124552
correlated_symmetric,129,-0.0399189453390334,304.77229376585956,300.1943559256242,-1.5020846493849351,0.3783814565907607,0.5652711637911838
correlated_symmetric,130,-0.08401588633721147,310.29347580765545,300.1943559256242,-3.2546993957073944,0.3893660689778421,0.5552130591760173
correlated_symmetric,131,-0.0012521042731608967,300.33239150323834,300.1943559256242,-0.045960935789581756,0.36925512410898753,0.5736277318818951
correlated_symmetric,132,0.03419277215954941,296.55388687700986,300.1943559256242,1.2275910752517567,0.36127308437084404,0.5809365367201512
correlated_symmetric,133,-0.32527925681799863,353.3929520012842,300.1943559256242,-15.053666400077681,0.4633135787344723,0.48749980418576
correlated_symmetric,134,0.04747427419230674,295.2038047054129,300.1943559256242,1.690544342811386,0.3583715106156926,0.5835933854761626
correlated_symmetric,135,0.10785836719651277,289.472840501054,300.1943559256242,3.703807032815977,0.34575336480056007,0.5951473258239455
correlated_symmetric,136,-0.07852469199215117,309.5770985244144,300.1943559256242,-3.0308258083406696,0.38796292898629936,0.5564978503617698
correlated_symmetric,137,0.17955044954362806,283.42802932336036,300.1943559256242,5.915549934242853,0.3318913332682434,0.6078403267789465
correlated_symmetric,138,0.15967547065452412,285.0292442502048,300.1943559256242,5.3205458672539505,0.33562049267180916,0.6044256499854199
correlated_symmetric,139,-0.00983490444794208,301.2879749235281,300.1943559256242,-0.3629812966088233,0.3712420648152127,0.5718083794460084
correlated_symmetric,140,-0.11462849650065594,314.45047180538603,300.1943559256242,-4.53366019707706,0.39738201800800943,0.5478732135482535
correlated_symmetric,141,-0.0743439347815104,309.03739030192827,300.1943559256242,-2.861477171957878,0.3869015269523397,0.5574697275611525
correlated_symmetric,142,-0.03127237419608589,303.7486909204842,300.1943559256242,-1.170156481691778,0.3763010781960844,0.5671760708498796
correlated_symmetric,143,-0.08016764907683764,309.790538932346,300.1943559256242,-3.097635918706175,0.3883816650467504,0.5561144329077998
correlated_symmetric,144,-0.01738206551893238,302.1420385669325,300.1943559256242,-0.644624842854109,0.3730072802500427,0.5701920514869678
correlated_symmetric,145,0.16709380577678914,284.42524048759583,300.1943559256242,5.5442039570732495,0.33421872538648434,0.6057092043880272
correlated_symmetric,146,-0.11042661166795183,313.8628885695098,300.1943559256242,-4.354937503501134,0.39626186592345336,0.5488988876608989
correlated_symmetric,147,0.05730911331875147,294.2258912483215,300.1943559256242,2.028531429365424,0.3562531681708807,0.5855330641249803
correlated_symmetric,148,0.017440923696323756,298.3069074978521,300.1943559256242,0.632720322705143,0.3650014590909306,0.5775226249232466
correlated_symmetric,149,-0.014472121715963238,301.8111901977314,300.1943559256242,-0.5357105119422138,0.37232465400332504,0.5708171014148842
correlated_symmetric,150,-0.02977541319247647,303.5733300554887,300.1943559256242,-1.1130668590837265,0.37594326583134996,0.5675037032581758
correlated_symmetric,151,-0.030360719440831935,303.64183103691727,300.1943559256242,-1.1353755507006857,0.3760830867871735,0.5673756756057623
correlated_symmetric,152,0.10363589174411901,289.8532569397325,300.1943559256242,3.567701496637624,0.34660640544803034,0.5943662279345236
correlated_symmetric,153,-0.011989711710908235,301.5304903695014,300.1943559256242,-0.443117524280836,0.3717443226917928,0.5713484845647958
correlated_symmetric,154,0.04043989935950279,295.91457339559986,300.1943559256242,1.4462898805267161,0.35990238255394436,0.5821916302465112
correlated_symmetric,155,-0.04093743118990934,304.89408017815407,300.1943559256242,-1.5414285019190042,0.3786280464163958,0.5650453728225876
correlated_symmetric,156,-0.10920417807157838,313.69299051332825,300.1943559256242,-4.303135548427404,0.3959371948863508,0.5491961746097819
correlated_symmetric,157,-0.05998143596027671,307.2199215949236,300.1943559256242,-2.2868196934711684,0.3832998284480411,0.5607676371964552
correlated_symmetric,158,-0.03350353836163467,304.0110680420648,300.1943559256242,-1.2554516981968737,0.3768356707059599,0.5666865689766069
correlated_symmetric,159,0.0670070310467618,293.27920279496703,300.1943559256242,2.357873679672952,0.35418900915126306,0.5874231308029629
correlated_symmetric,160,-0.049309909331987645,305.90512226602067,300.1943559256242,-1.8668423392499653,0.3806675962237085,0.5631778509387345
correlated_symmetric,161,-0.12250718161724074,315.5674375278,300.1943559256242,-4.8715677772746995,0.399499866853007,0.545933991107939
correlated_symmetric,162,0.19595062567214602,282.14665431227536,300.1943559256242,6.396567649309766,0.32887658389863594,0.6106008457657838
correlated_symmetric,163,-0.07050066910099388,308.545540760472,300.1943559256242,-2.7066295673127017,0.38593101084644565,0.5583583845908899
correlated_symmetric,164,-0.17151523412857983,322.9948978491574,300.1943559256242,-7.0591028141197745,0.41321026625597645,0.5333799161119968
correlated_symmetric,165,-0.05652124875444294,306.79034288912817,300.1943559256242,-2.149998237033064,0.38244229209510117,0.561552843714353
correlated_symmetric,166,0.034341859816907655,296.53853988529187,300.1943559256242,1.2328299861955583,0.3612402493200124,0.5809666023769174
correlated_symmetric,167,-0.07999000856378807,309.7674244053815,300.1943559256242,-3.0904051638526604,0.3883363458920299,0.5561559295854959
correlated_symmetric,168,-0.05798176537240315,306.97127919558574,300.1943559256242,-2.2076733978893253,0.38280377448524594,0.5612218509500557
correlated_symmetric,169,-0.03779765842625097,304.51946692879335,300.1943559256242,-1.420306900832872,0.3778689099317537,0.5657404792206573
correlated_symmetric,170,-0.0022548408183756786,300.44318567594206,300.1943559256242,-0.0828208999841409,0.36948614570404004,0.5734161957350746
correlated_symmetric,171,-0.05530809883781485,306.64047745320306,300.1943559256242,-2.102175675278419,0.38214256143708947,0.5618272932631726
correlated_symmetric,172,-0.009965297772111944,301.30262021015955,300.1943559256242,-0.3678243102440681,0.3712724186477324,0.5717805858095378
correlated_symmetric,173,-0.09924165202600259,312.3256139000192,300.1943559256242,-3.8841700566634993,0.3933113090190127,0.5516005814008531
correlated_symmetric,174,0.23700470093755857,279.08729341030556,300.1943559256242,7.562889108064015,0.32156675833014214,0.617294263522983
correlated_symmetric,175,0.07309776428529904,292.6933646656241,300.1943559256242,2.5627472862493343,0.35290496068847166,0.5885988827025939
correlated_symmetric,176,-0.018261522879528466,302.2424149825554,300.1943559256242,-0.6776213249385795,0.3732140874373394,0.570002687529223
correlated_symmetric,177,0.008758394212192945,299.23837791832057,300.1943559256242,0.31947038810797124,0.36696476642804066,0.5757249106444422
correlated_symmetric,178,-0.27365360307250064,341.728344829199,300.1943559256242,-12.15409536025877,0.4451422516623348,0.5041401929235185
correlated_symmetric,179,0.06937588628999185,293.05056321261196,300.1943559256242,2.4377338281480614,0.35368848436640554,0.5878814412846075
correlated_symmetric,180,0.06480528917666571,293.4926225329704,300.1943559256242,2.283441857861673,0.354655511903995,0.5869959730181408
correlated_symmetric,181,0.09761487856182649,290.40075470033526,300.1943559256242,3.3724434481566656,0.34783018473819294,0.5932456588968612
correlated_symmetric,182,0.006729234504001369,299.4583816251569,300.1943559256242,0.24576847589745052,0.3674266964586226,0.5753019417449191
correlated_symmetric,183,-0.1121584576259939,314.10439027270786,300.1943559256242,-4.428474984067188,0.39672276526407646,0.5484768624071695
correlated_symmetric,184,0.01043137275588546,299.057655587457,300.1943559256242,0.3800940443856262,0.3665848049928886,0.5760728245642046
correlated_symmetric,185,-0.005214222971442283,300.7714744699559,300.1943559256242,-0.19187941454511254,0.37016967524851285,0.5727903183512599
correlated_symmetric,186,-0.015280875385411534,301.90294595819825,300.1943559256242,-0.5659401656884115,0.37251411992589667,0.570643616045855
correlated_symmetric,187,0.07577434527573867,292.4380097063791,300.1943559256242,2.652304407020432,0.3523436602853596,0.5891128432685632
correlated_symmetric,188,0.06958249730890226,293.0306692102183,300.1943559256242,2.444688378425918,0.35364489661393417,0.5879213528468519
correlated_symmetric,189,-0.014094143279402746,301.76835889840254,300.1943559256242,-0.5215931115257323,0.37223617246628216,0.5708981199551971
correlated_symmetric,190,0.036035187244129074,296.36453920671863,300.1943559256242,1.2922655082679229,0.36086773520858595,0.5813076976971459
correlated_symmetric,191,-0.09568028374414729,311.8441412174637,300.1943559256242,-3.735771737239571,0.39238121514749524,0.5524522265445605
correlated_symmetric,192,0.09814388721014296,290.35241155179125,300.1943559256242,3.389654772017428,0.34772231278349164,0.5933444331946433
correlated_symmetric,193,0.05518825663690624,294.4352375542476,300.1943559256242,1.9559881552273675,0.35670783479470103,0.585116744551098
correlated_symmetric,194,-0.053759509712073904,306.44973273907254,300.1943559256242,-2.041240746903989,0.38176064826708433,0.5621769935506713
correlated_symmetric,195,0.002441427395595048,299.92619674885765,300.1943559256242,0.08940838768782707,0.36840669048095454,0.5744046047220583
correlated_symmetric,196,0.1898256125553461,282.6210993072717,300.1943559256242,6.217956359743149,0.32999601868517514,0.6095758110523668
correlated_symmetric,197,0.04235577311663121,295.7200406816796,300.1943559256242,1.5130240188086765,0.35948412431983245,0.5825746116934134
correlated_symmetric,198,0.08763268957766944,291.32175869254496,300.1943559256242,3.045634927133342,0.3498784578520009,0.59137013308232
correlated_symmetric,199,0.059809915842968076,293.9801149867361,300.1943559256242,2.1138303654206294,0.3557185552495805,0.5860225873387845
correlated_symmetric,200,0.04616870363793877,295.3350015653573,300.1943559256242,1.645370286119495,0.35865464026423666,0.5833341354727606
correlated_symmetric,201,-0.06958363023726004,308.4287823571998,300.1943559256242,-2.669798314101262,0.38570016887574743,0.5585697559720486
correlated_symmetric,202,0.08667295578930896,291.4111970914099,300.1943559256242,3.014008700379211,0.3500766754002178,0.5911886329042779
correlated_symmetric,203,0.054881187513586116,294.46561744338834,300.1943559256242,1.9454694004597144,0.3567737613366151,0.5850563783275483
correlated_symmetric,204,-0.016023642488788303,301.98734814660423,300.1943559256242,-0.5937309069350735,0.37268829984348073,0.5704841273847534
correlated_symmetric,205,-0.04517534904979393,305.4036244093936,300.1943559256242,-1.7056996274498586,0.3796576250491883,0.5641026350331071
correlated_symmetric,206,-0.03140781165607099,303.76458342678205,300.1943559256242,-1.1753271105149694,0.37633348539870615,0.5671463970581047
correlated_symmetric,207,0.17313563305465138,283.93893184888225,300.1943559256242,5.724971905364997,0.33308577102032033,0.6067466159827307
correlated_symmetric,208,0.059893906188188926,293.97188058440446,300.1943559256242,2.116690660633843,0.3557006282896171,0.5860390023255313
correlated_symmetric,209,0.14577549637528375,286.18195132355663,300.1943559256242,4.896327157342358,0.3382792679386145,0.6019910955548369
correlated_symmetric,210,0.003169925301879493,299.8464332951117,300.1943559256242,0.1160336064995308,0.3682398156846074,0.5745574045500949
correlated_symmetric,211,0.0012128875120552593,300.06097262549036,300.1943559256242,0.04445206551414297,0.36868845633468084,0.5741466042771693
correlated_symmetric,212,-0.0955480561123418,311.8263381543341,300.1943559256242,-3.7302757353847382,0.3923467686776887,0.552483767624713
correlated_symmetric,213,-0.15345737506737678,320.1574792066169,300.1943559256242,-6.235407440882959,0.4080477621126638,0.5381070329450153
correlated_symmetric,214,-0.10899004203533845,313.66327729594786,300.1943559256242,-4.2940702164555375,0.3958803775150247,0.5492481997674856
correlated_symmetric,215,0.006047538460368475,299.5324907893006,300.1943559256242,0.22096605766524371,0.36758214673624323,0.575159602811865
correlated_symmetric,216,-0.007555144151734756,301.0325422934656,300.1943559256242,-0.278437128908233,0.3707121800044202,0.5722935711136644
correlated_symmetric,217,0.04283852904178421,295.67113544778294,300.1943559256242,1.5298146946238187,0.3593788882601089,0.5826709719294518
correlated_symmetric,218,0.04793681316876247,295.1574023903402,300.1943559256242,1.7065313268419136,0.35827131175863125,0.5836851333944839
correlated_symmetric,219,-0.04903177199356289,305.8712489308732,300.1943559256242,-1.855974703438688,0.380599482692649,0.5632402193613193
correlated_symmetric,220,-0.007552735877843171,301.03227308180266,300.1943559256242,-0.27834794841107907,0.37071162106121247,0.5722940829128254
correlated_symmetric,221,0.13622511419140296,286.9902299033884,300.1943559256242,4.600897398730546,0.34013086548095905,0.6002956497575694
correlated_symmetric,222,-0.01745585364499817,302.15045343348265,300.1943559256242,-0.6473918822991469,0.37302462281505444,0.5701761716868373
correlated_symmetric,223,-0.04879206651319921,305.84207197718973,300.1943559256242,-1.8466118853611242,0.38054080069320884,0.5632939517649952
correlated_symmetric,224,-0.022176389399272477,302.6914264527458,300.1943559256242,-0.8249558160219049,0.3741375141950075,0.5691571476232832
correlated_symmetric,225,0.007415794953675278,299.38384489928416,300.1943559256242,0.27072637356659324,0.3672702717127857,0.5754451729609945
correlated_symmetric,226,0.03234495590794519,296.7444672073236,300.1943559256242,1.1625789524460781,0.36168055007064415,0.580563437770531
correlated_symmetric,227,0.12325269325135842,288.11005286451245,300.1943559256242,4.194335789731909,0.3426789817347068,0.597962427889876
correlated_symmetric,228,-0.012039834450145906,301.5361440782433,300.1943559256242,-0.44498418480502416,0.37175602208199954,0.5713377719614556
correlated_symmetric,229,-0.051764167698183705,306.2048794616054,300.1943559256242,-1.9629091301710722,0.38126970035409236,0.5626265319289298
correlated_symmetric,230,-0.19394301786151447,326.69732016926895,300.1943559256242,-8.112391074990443,0.41981170253986455,0.5273351856668517
correlated_symmetric,231,0.22764813854953195,279.76663582902745,300.1943559256242,7.301699874276887,0.32320373780489176,0.6157953211533194
correlated_symmetric,232,0.01645891759602454,298.41146101030085,300.1943559256242,0.5974619437494809,0.36522244243276336,0.577320280136412
correlated_symmetric,233,0.09264464459807026,290.85723519156403,300.1943559256242,3.21020748475127,0.34884699874470115,0.592314600745973
correlated_symmetric,234,-0.16030021390450305,321.2182326668797,300.1943559256242,-6.545044646658759,0.40998841365989347,0.5363300517268736
correlated_symmetric,235,-0.05953257386949129,307.1640171869337,300.1943559256242,-2.269035717509796,0.38318836635551223,0.560869697898316
correlated_symmetric,236,0.024483511070333173,297.5629528039408,300.1943559256242,0.8843181239087988,0.3634245599251109,0.5789665229419704
correlated_symmetric,237,0.01240213293250874,298.8455309019756,300.1943559256242,0.45134522158573936,0.3661382351514392,0.5764817289071669
correlated_symmetric,238,-0.028086397556538967,303.37611967348994,300.1943559256242,-1.0487851684865985,0.37554037680128627,0.5678726103227212
correlated_symmetric,239,0.05896781585270231,294.06274638026133,300.1943559256242,2.085136461805986,0.35589839489663055,0.5858579155086134
correlated_symmetric,240,-0.08464479682548713,310.37607278310935,300.1943559256242,-3.2804451600236937,0.38952743194980166,0.5550653064577259
correlated_symmetric,241,0.11484951765790478,288.8492985842347,300.1943559256242,3.9276734951395618,0.3443502838524267,0.5964320760697718
correlated_symmetric,242,-0.076344008409032,309.29497589344106,300.1943559256242,-2.942375621048628,0.38740856251444045,0.5570054583482625
correlated_symmetric,243,-0.0486558384596348,305.82549685452875,300.1943559256242,-1.841292170476904,0.3805074590750356,0.5633244811489073
correlated_symmetric,244,0.018603983843248757,298.1833376949815,300.1943559256242,0.6744234088290457,0.36474008329968377,0.5777619553269748
correlated_symmetric,245,0.027925482970675135,297.2030576008366,300.1943559256242,1.0064830250855452,0.3626588868482532,0.5796676167442387
correlated_symmetric,246,0.031654441688365544,296.8158604713047,300.1943559256242,1.1382462678897705,0.361833056016195,0.5804237945984609
correlated_symmetric,247,-0.02467666820556805,302.9800791112252,300.1943559256242,-0.9194410384249553,0.37472970541777606,0.5686149051016479
correlated_symmetric,248,0.036660967503046746,296.3003796959786,300.1943559256242,1.3141988659079844,0.3607302671719672,0.5814335713394634
correlated_symmetric,249,0.06963104137688092,293.02599614845286,300.1943559256242,2.4463221254743983,0.35363465707891095,0.5879307287797895
correlated_symmetric,250,-0.13325925813399864,317.12467137409783,300.1943559256242,-5.338693888152798,0.4024275946161864,0.5432531946660414
correlated_symmetric,251,-0.15409923818801602,320.25624473220296,300.1943559256242,-6.26432400197361,0.40822899681113767,0.537941083295072
correlated_symmetric,252,0.02431607721071204,297.58052140580224,300.1943559256242,0.8783621009446263,0.36346188952596026,0.5789323418412811
correlated_symmetric,253,-0.03035886790914083,303.6416142135653,300.1943559256242,-1.1353049537921494,0.3760826443171498,0.5673760807553169
correlated_symmetric,254,-0.07882243613094386,309.61572256342737,300.1943559256242,-3.042922549216828,0.3880387459801805,0.5564284282105117
correlated_symmetric,255,0.11525835695549026,288.81307522784016,300.1943559256242,3.940708255263564,0.34426858864647014,0.596506881429579
correlated_symmetric,256,0.12752724496867068,287.7382236999183,300.1943559256242,4.32898071918884,0.3418350971160562,0.5987351434811616
correlated_symmetric,257,0.09153612823488233,290.95960965829033,300.1943559256242,3.173892856874323,0.34907460076533225,0.5921061942398583
correlated_symmetric,258,0.02485310731983364,297.5241918732124,300.1943559256242,0.897461156217414,0.36334218547089403,0.5790419496677204
correlated_symmetric,259,0.10587297760560314,289.65135005786857,300.1943559256242,3.63989529675912,0.3461539311857499,0.5947805419036487
correlated_symmetric,260,-0.11419538324697935,314.3896474781765,300.1943559256242,-4.515190518014012,0.39726625852939657,0.5479792094423023
correlated_symmetric,261,0.15126864737363463,285.723098941376,300.1943559256242,5.064783714675232,0.3372234721433657,0.6029578531460004
correlated_symmetric,262,0.00809462934698857,299.3102466643547,300.1943559256242,0.29538222333596886,0.3671157400718865,0.5755866707502777
correlated_symmetric,263,-0.04756834112018049,305.6933491508068,300.1943559256242,-1.7988592949301527,0.380241508595069,0.5635679997539588
correlated_symmetric,264,0.06979226322098613,293.0104792719886,300.1943559256242,2.4517473475640363,0.3536006544154451,0.5879618636598982
correlated_symmetric,265,-0.04512824946307018,305.3979365420717,300.1943559256242,-1.703868950578399,0.3796461511773208,0.5641131411294296
correlated_symmetric,266,-0.049414268822435846,305.9178369470402,300.1943559256242,-1.870920989287334,0.3806931593968996,0.5631544439187038
correlated_symmetric,267,-0.019414341387211487,302.3742639427747,300.1943559256242,-0.7209304088006053,0.37348552940947266,0.5697541404414703
correlated_symmetric,268,0.10000022492897272,290.1831378607897,300.1943559256242,3.449965473058333,0.34734431557042866,0.593690551087201
correlated_symmetric,269,0.008658291807359561,299.24921039673967,300.1943559256242,0.31583893826536547,0.36698752670103163,0.5757040700678925
correlated_symmetric,270,-0.02707484483768685,303.25833807795567,300.1943559256242,-1.010353803213094,0.3752995061161424,0.5680931646051874
correlated_symmetric,271,-0.019313141320804486,302.36267718599225,300.1943559256242,-0.7171259629488705,0.3734616848435409,0.5697759738272808
correlated_symmetric,272,0.11513311036279715,288.8241693236532,300.1943559256242,3.9367157632953123,0.3442936115426205,0.596483968863842
correlated_symmetric,273,-0.08340200954136456,310.21296281713984,300.1943559256242,-3.2295900211691833,0.38920869460937024,0.555357159708303
correlated_symmetric,274,0.0622365776386736,293.7427287701352,300.1943559256242,2.196352972719079,0.3552013431373846,0.5864961774418508
correlated_symmetric,275,-0.07816397299870394,309.53033873653095,300.1943559256242,-3.0161769760648314,0.3878711166171819,0.5565819187451747
correlated_symmetric,276,0.2728783586607077,276.57471441756815,300.1943559256242,8.540058174803178,0.31544245677320515,0.6229021521085821
correlated_symmetric,277,0.08103368642160447,291.93992362011664,300.1943559256242,2.8274420994398013,0.35124598294952225,0.5901179433284895
correlated_symmetric,278,-0.03982666339720856,304.7612718362673,300.1943559256242,-1.4985223952919695,0.37835912996155785,0.5652916072594802
correlated_symmetric,279,-0.01925048047787992,302.3555041207792,300.1943559256242,-0.7147705815508061,0.37344692236588817,0.569789491157478
correlated_symmetric,280,-0.05782562682103435,306.9519091400424,300.1943559256242,-2.2015022592138838,0.3827650965182745,0.5612572665818378
correlated_symmetric,281,-0.06255139732860869,307.54103448988536,300.1943559256242,-2.388844980133135,0.3839392777962506,0.5601821228890618
correlated_symmetric,282,0.1467174824248604,286.10295460926943,300.1943559256242,4.925290385623387,0.3380977418373263,0.6021573130132679
correlated_symmetric,283,0.01280030035743579,298.80277388302324,300.1943559256242,0.46571925170472833,0.36604814530116214,0.5765642202226869
correlated_symmetric,284,0.041009819756624676,295.85663052974127,300.1943559256242,1.4661579117277554,0.35977785905979687,0.5823056511589454
correlated_symmetric,285,0.06079112686370952,293.8839983509553,300.1943559256242,2.147227344829129,0.3555092389919322,0.5862142497139816
correlated_symmetric,286,-0.1526548672683301,320.03420652849104,300.1943559256242,-6.199290637733931,0.4078213998263224,0.5383143041630476
correlated_symmetric,287,0.10060652991386371,290.1279740831352,300.1943559256242,3.469635037538481,0.3472210366244044,0.5938034330150587
correlated_symmetric,288,-0.1330057067860653,317.08750257059785,300.1943559256242,-5.327597747631967,0.4023580492509298,0.5433168744590815
correlated_symmetric,289,0.02547095109827947,297.45945859534885,300.1943559256242,0.9194185127580061,0.3632045669094357,0.5791679610379223
correlated_symmetric,290,0.16037525350972381,284.9719392070988,300.1943559256242,5.341724789072229,0.33548775465806546,0.6045471939831315
correlated_symmetric,291,-0.05125788581863517,306.1429163432694,300.1943559256242,-1.943066489565687,0.3811453354635559,0.5627404071283401
correlated_symmetric,292,-0.03500682349742362,304.1885333978878,300.1943559256242,-1.313059840766275,0.3771967329580357,0.5663559608268125
correlated_symmetric,293,0.04548357093706699,295.40398140283963,300.1943559256242,1.6216350571971474,0.35880340147914924,0.583197921047256
correlated_symmetric,294,0.016723677821518193,298.3832523132736,300.1943559256242,0.6069722741841882,0.3651628360438125,0.5773748591000988
correlated_symmetric,295,-0.14563967293760502,318.9665249853401,300.1943559256242,-5.885310084053063,0.40585352329099433,0.5401162114765865
correlated_symmetric,296,0.050528242278521075,294.89818205473676,300.1943559256242,1.7959330349159026,0.3577109841916818,0.5841982020628551
correlated_symmetric,297,0.01521792696430744,298.54387734824365,300.1943559256242,0.5528428826076134,0.36550209425549307,0.5770642152041903
correlated_symmetric,298,-0.09527360916283877,311.7894034081862,300.1943559256242,-3.7188715703022384,0.3922752924949431,0.5525492151435503
correlated_symmetric,299,-0.044080998668975385,305.27161271410097,300.1943559256242,-1.6631932276099968,0.3793912137618528,0.5643465755875305
correlated_symmetric,300,0.043406703899193426,295.6136347657531,300.1943559256242,1.549563559035745,0.3592551116705115,0.5827843089539407
correlated_symmetric,301,0.012335855672812361,298.85265131503263,300.1943559256242,0.4489518847123249,0.36615323549315903,0.5764679937538686
correlated_symmetric,302,-0.08051985707335009,309.83639458831396,300.1943559256242,-3.111977427797441,0.3884715512449083,0.5560321282255741
correlated_symmetric,303,0.05345814957997471,294.6066364016168,300.1943559256242,1.8966713011821161,0.35707960458899635,0.5847763302576523
correlated_symmetric,304,-0.15130223799076412,319.8269608220308,300.1943559256242,-6.138508412782383,0.4074404467752861,0.5386631281092037
correlated_symmetric,305,0.004921258159372673,299.65515205651286,300.1943559256242,0.17994146451707632,0.36783927024187857,0.5749241662199934
correlated_symmetric,306,-0.19229150175627366,326.4176126152147,300.1943559256242,-8.033652497943727,0.41931821377633016,0.5277870595675788
correlated_symmetric,307,-0.05712765740818341,306.86539978293564,300.1943559256242,-2.1739315876049394,0.3825922957471082,0.561415492283845
correlated_symmetric,308,0.024859042494187297,297.52356965715876,300.1943559256242,0.897672164777753,0.3633408629667444,0.579043160627599
correlated_symmetric,309,-0.12372493641902955,315.7418787713608,300.1943559256242,-4.924124384841283,0.39982926726081447,0.5456323732725786
correlated_symmetric,310,0.016676415998017485,298.38828671614584,300.1943559256242,0.6052748347982165,0.3651734748152252,0.5773651176422975
correlated_symmetric,311,0.07932621512743566,292.1010991387485,300.1943559256242,2.770703982538389,0.35160158963787047,0.5897923281859596
correlated_symmetric,312,-0.0746649309977027,309.07865562689904,300.1943559256242,-2.874446209575662,0.38698281112399735,0.5573952993742929
correlated_symmetric,313,0.08360082170153837,291.6985538522643,300.1943559256242,2.912528005765421,0.3507127063266532,0.5906062439809946
correlated_symmetric,314,0.15739566469748073,285.21641552765226,300.1943559256242,5.251429995802547,0.3360536735985338,0.6040289999861599
correlated_symmetric,315,-0.0076483613703338975,301.042963690787,300.1943559256242,-0.2818892541977612,0.37073381637168,0.5722737596651475
correlated_symmetric,316,0.06797744022032655,293.1854175349504,300.1943559256242,2.3906163033631502,0.3539837942098416,0.5876110378870623
correlated_symmetric,317,-0.036450714175263195,304.35950863677016,300.1943559256242,-1.3684976460245004,0.3775441925116749,0.5660378080551114
correlated_symmetric,318,0.10299967918671556,289.9108270055103,300.1943559256242,3.547135174747522,0.3467353047805669,0.594248199593592
correlated_symmetric,319,-0.07280641168586789,308.8401325665402,300.1943559256242,-2.799434312201389,0.3865126698354542,0.5578257861750924
correlated_symmetric,320,0.004539221957952974,299.69682137555014,300.1943559256242,0.16601262161890534,0.3679265699027361,0.5748442297952897
correlated_symmetric,321,0.06304406020855323,293.6639771597682,300.1943559256242,2.2237588787756453,0.35502957609016594,0.5866534575653832
correlated_symmetric,322,0.03698326037505485,296.26736605665405,300.1943559256242,1.3254885008898432,0.36065950901786537,0.5814983615780939
correlated_symmetric,323,0.05283998685930876,294.6680130336657,300.1943559256242,1.875447163424258,0.3572126273904216,0.5846545267672782
correlated_symmetric,324,0.06835176384648865,293.1492864175497,300.1943559256242,2.403236110232177,0.3539046993639907,0.5876834618666672
correlated_symmetric,325,0.07610219916039516,292.4068184100506,300.1943559256242,2.663254419961204,0.3522750309481746,0.5891756844452158
correlated_symmetric,326,0.1723314160944289,284.00337563108144,300.1943559256242,5.700981637477001,0.3332361288197655,0.6066089379137383
correlated_symmetric,327,-0.052239025547270244,306.2630568550332,300.1943559256242,-1.9815321481237418,0.38138642118983324,0.5625196560384979
correlated_symmetric,328,-0.14642697590134043,319.0854697794776,300.1943559256242,-5.92039301159942,0.4060734060481477,0.5399148735818169
correlated_symmetric,329,0.006606032910889371,299.4717678063492,300.1943559256242,0.24128755928080875,0.36745478080565364,0.5752762261520157
correlated_symmetric,330,-0.01888290042237201,302.313444045126,300.1943559256242,-0.7009572882856868,0.3733603468195109,0.5698687644532239
correlated_symmetric,331,-0.042579093056301316,305.0909291396611,300.1943559256242,-1.604955358012428,0.3790262045963936,0.5646807976869677
correlated_symmetric,332,-0.03242136042931246,303.8836565467835,300.1943559256242,-1.2140503583124844,0.3765761855034325,0.5669241676868554
correlated_symmetric,333,-0.14611403696476932,319.03816492686036,300.1943559256242,-5.906443514541933,0.40598597737675546,0.5399949285420852
correlated_symmetric,334,-0.06585647327367444,307.9565995545519,300.1943559256242,-2.520564144478623,0.3847648352079661,0.5594261979820934
correlated_symmetric,335,0.05124683859408633,294.8265267775066,300.1943559256242,1.8206737388215024,0.3575559211972782,0.5843401868221729
correlated_symmetric,336,-0.035572894699370576,304.2555024851145,300.1943559256242,-1.3347816313326892,0.37733287549730954,0.5662313013486431
correlated_symmetric,337,-0.09171669005697199,311.31274212025136,300.1943559256242,-3.571452334043049,0.3913513348575387,0.5533952414127233
correlated_symmetric,338,0.010229383614756475,299.0794435881781,300.1943559256242,0.3727813333039777,0.3666306377295748,0.5760308575478232
correlated_symmetric,339,-0.08308758834104037,310.1717667576844,300.1943559256242,-3.2167372731428614,0.38912813931169,0.5554309205193864
correlated_symmetric,340,0.015124032833181806,298.55390920846406,300.1943559256242,0.5494641559071746,0.36552327056660583,0.577044824983923
correlated_symmetric,341,0.0336079530642328,296.6141304614226,300.1943559256242,1.207031323366871,0.36140194331190145,0.5808185460823946
correlated_symmetric,342,0.043579202977058445,295.5961898026736,300.1943559256242,1.55555662812167,0.3592175499345206,0.5828187026589929
correlated_symmetric,343,-0.06519134559245525,307.8727329494884,300.1943559256242,-2.4940100899172357,0.3845984061515767,0.5595785894076616
correlated_symmetric,344,-0.13978468384332418,318.0888273857826,300.1943559256242,-5.625620870504745,0.40422591644792627,0.5416065454698885
correlated_symmetric,345,0.015566679515201062,298.5066320602635,300.1943559256242,0.5653890681464038,0.3654234605132336,0.5771362166777243
correlated_symmetric,346,0.10865382707406544,289.40149820674725,300.1943559256242,3.7293717502342023,0.3455931381246212,0.5952940395239978
correlated_symmetric,347,0.05607018605629672,294.34808185554135,300.1943559256242,1.9861770571863535,0.3565186251538812,0.585289996047537
correlated_symmetric,348,-0.04664781146225432,305.5817263734856,300.1943559256242,-1.7629884194308347,0.380016685828767,0.5637738596078818
correlated_symmetric,349,-0.035114911225007574,304.2013146517569,300.1943559256242,-1.3172062489998593,0.3772227208037928,0.5663321649484263
correlated_symmetric,350,0.05730787828231188,294.2260129129464,300.1943559256242,2.028489239815693,0.35625343259482156,0.5855328220028045
correlated_symmetric,351,0.0711238035119731,292.882502634462,300.1943559256242,2.496514208050153,0.3533200774427302,0.5882187767983578
correlated_symmetric,352,0.007393047191012037,299.3863128942235,300.1943559256242,0.2698997905379164,0.3672754523589842,0.5754404292724855
correlated_symmetric,353,-0.028038776058005654,303.37056929669967,300.1943559256242,-1.0469747867892476,0.3755290301347527,0.567882999946755
correlated_symmetric,354,0.14355433420852384,286.3687352571873,300.1943559256242,4.827908555038359,0.33870807939952063,0.6015984471222448
correlated_symmetric,355,-0.014813786747190688,301.8499348475729,300.1943559256242,-0.548477481959609,0.3724046716492282,0.5707438328778597
correlated_symmetric,356,0.13013242696663022,287.5129817989515,300.1943559256242,4.410713577983897,0.34132283811014197,0.5992042012802876
correlated_symmetric,357,0.0018080307420381535,299.99564172534133,300.1943559256242,0.06623902905390354,0.36855190551844796,0.5742716377766779
correlated_symmetric,358,-0.07748788734477705,309.4427968495927,300.1943559256242,-2.9887400896469267,0.38769915440642555,0.5567393766669485
correlated_symmetric,359,0.08276411109832323,291.7770985418351,300.1943559256242,2.8848245547216176,0.3508863379215914,0.5904472562731191
correlated_symmetric,360,0.016499835086831612,298.4071005255523,300.1943559256242,0.5989319278677345,0.3652132292464988,0.577328716248108
correlated_symmetric,361,-0.09097494054431521,311.21381186577537,300.1943559256242,-3.540799129089994,0.39115921429804246,0.5535711575093593
correlated_symmetric,362,-0.11995943112821299,315.20404477670365,300.1943559256242,-4.7618960161861414,0.3988124950400038,0.5465633878802255
correlated_symmetric,363,-0.06279451002040266,307.57150235764084,300.1943559256242,-2.3985142886997863,0.383999880742808,0.5601266315623982
correlated_symmetric,364,0.01661109238544366,298.3952458584068,300.1943559256242,0.6029285292538297,0.36518818038212075,0.5773516523977423
correlated_symmetric,365,-0.0938838092481371,311.6027102496172,300.1943559256242,-3.661185846186645,0.3919137442772752,0.5528802685339264
correlated_symmetric,366,0.03613108874903003,296.3547016731413,300.1943559256242,1.2956279184387016,0.3608466611924117,0.5813269942782774
correlated_symmetric,367,0.02694949079456892,297.30486343737334,300.1943559256242,0.9718954661027757,0.36287566564618645,0.5794691217346326
correlated_symmetric,368,-0.1278572855763093,316.3374774841728,300.1943559256242,-5.103132795688504,0.40095120848115495,0.5446050594499187
correlated_symmetric,369,-0.1642858217601912,321.84412501885527,300.1943559256242,-6.726787102906629,0.4111274833502725,0.5352870474440493
correlated_symmetric,370,0.02694459088726413,297.305375034547,300.1943559256242,0.9717217156741649,0.3628767546334254,0.57946812459595
correlated_symmetric,371,-0.03891883258278284,304.6529556236306,300.1943559256242,-1.463501212019928,0.3781396327147335,0.5654925908028098
correlated_symmetric,372,0.1786259352575156,283.5013200417721,300.1943559256242,5.888168662280839,0.33206294389508195,0.6076831880315152
correlated_symmetric,373,0.1379818214642821,286.8405401741508,300.1943559256242,4.65548410394355,0.3397887447298765,0.6006089181311931
correlated_symmetric,374,0.05767040569203746,294.1903121597186,300.1943559256242,2.040870660161639,0.35617583176874823,0.5856038779029216
correlated_symmetric,375,-0.09400034392576068,311.6183424050215,300.1943559256242,-3.6660186275393,0.39194403398196986,0.5528525336189879
correlated_symmetric,376,-0.13688986700829311,317.65929925432033,300.1943559256242,-5.498011035626427,0.4034261189278787,0.5423388873026261
correlated_symmetric,377,0.22557341995770078,279.9186704587956,300.1943559256242,7.243420181153383,0.3235690006518731,0.6154608590465854
correlated_symmetric,378,-0.14569083314780737,318.9742475119081,300.1943559256242,-5.887588647915156,0.40586780422398017,0.5401031349951427
correlated_symmetric,379,0.10492361898033005,289.7369343487306,300.1943559256242,3.60928150233928,0.34634580296887285,0.5946048519877101
correlated_symmetric,380,0.028735902605211795,297.1186692015814,300.1943559256242,1.0351711430008212,0.36247908302550225,0.5798322553717594
correlated_symmetric,381,0.10389828075838341,289.8295329534706,300.1943559256242,3.576179027213758,0.34655327256456325,0.5944148797486141
correlated_symmetric,382,-0.1682900112304763,322.4790197431655,300.1943559256242,-6.910422834728794,0.4122784176883859,0.5342331776823174
correlated_symmetric,383,-0.09283637481259531,311.4623864161265,300.1943559256242,-3.617782108510438,0.39164170911907203,0.5531293588370986
correlated_symmetric,384,0.06819734874414099,293.16418808091095,300.1943559256242,2.398030909141265,0.3539373230466012,0.5876535896680234
correlated_symmetric,385,0.050786985353937796,294.8723700629281,300.1943559256242,1.804843858907625,0.3576551353733953,0.5842493405108424
correlated_symmetric,386,-0.1996702562949757,327.67633375915125,300.1943559256242,-8.386927892609673,0.42153234130199346,0.5257596425412444
correlated_symmetric,387,-0.07836436764701489,309.55631124736766,300.1943559256242,-3.0243141495061496,0.3879221168033643,0.5565352202094962
correlated_symmetric,388,-0.07789591147109005,309.4956138225898,300.1943559256242,-3.005295545899814,0.387802916649178,0.5566443663332027
correlated_symmetric,389,0.012518833308921807,298.83299560842994,300.1943559256242,0.45555890320027276,0.3661118257209648,0.576505910861478
correlated_symmetric,390,-0.04535503713211204,305.4253291630129,300.1943559256242,-1.7126848161950572,0.3797014051187336,0.5640625476386928
correlated_symmetric,391,-0.045916974521245935,305.4932590963609,300.1943559256242,-1.734540129104856,0.37983838454167207,0.5639371218870507
correlated_symmetric,392,-0.13324870819166712,317.12312439279236,300.1943559256242,-5.338232113972229,0.4024247004338857,0.5432558447482208
correlated_symmetric,393,0.13229179015683476,287.32706759592924,300.1943559256242,4.478272248192911,0.3408994156440768,0.5995919146383377
correlated_symmetric,394,0.036160620987248156,296.3516726353573,300.1943559256242,1.296663270396011,0.3608401720900467,0.581332936073605
correlated_symmetric,395,-0.027135329458508578,303.2653738069377,300.1943559256242,-1.0126503539663998,0.375313899873466,0.5680799848989793
correlated_symmetric,396,0.05656347939414635,294.2993959883746,300.1943559256242,2.0030486020713654,0.3564128823624366,0.5853868203839157
correlated_symmetric,397,0.05043857539178457,294.9071301082462,300.1943559256242,1.792844349147258,0.35773034260936,0.5841804763624395
correlated_symmetric,398,0.029504017610751495,297.03880838173444,300.1943559256242,1.0623351073488292,0.36230883190022833,0.5799881470137552
correlated_symmetric,399,0.2671191511170233,276.96855355178434,300.1943559256242,8.385718189302452,0.3164097642948145,0.6220164083069856
correlated_symmetric,400,-0.009290570083700765,301.2268789533644,300.1943559256242,-0.34277254119146416,0.371115405422099,0.5719243557458604
correlated_symmetric,401,0.07617591706811214,292.3998076603155,300.1943559256242,2.665715934520635,0.35225960337649,0.5891898108642523
correlated_symmetric,402,-0.021069343120603004,302.56409085127933,300.1943559256242,-0.7832175057482005,0.37387591710232193,0.5693966801773644
correlated_symmetric,403,-0.029403044204587253,303.5297930677285,300.1943559256242,-1.0988829493123398,0.37585436739531886,0.567585103490025
correlated_symmetric,404,-0.11205396633903512,314.0897924167796,300.1943559256242,-4.424033135313383,0.39669492578692533,0.5485023537937832
correlated_symmetric,405,0.04152107957610258,295.8047054373535,300.1943559256242,1.4839691213770676,0.35966622676238913,0.5824078681504036
correlated_symmetric,406,-0.034694368556792844,304.1516020484781,300.1943559256242,-1.3010768630517102,0.3771216289746636,0.5664247300999579
correlated_symmetric,407,-0.06694234241227283,308.09377518395644,300.1943559256242,-2.563965874875478,0.38503685803354704,0.5591771192000451
correlated_symmetric,408,-0.02251355361049223,302.73026532422017,300.1943559256242,-0.8376795084825832,0.37421726062022176,0.569084127452357
correlated_symmetric,409,-0.0274082092609258,303.2971267776713,300.1943559256242,-1.0230135989126963,0.37537885207772004,0.5680205111322595
correlated_symmetric,410,0.12499711397516793,287.9579714781706,300.1943559256242,4.249364719664049,0.34233408888343886,0.5982782341538839
correlated_symmetric,411,-0.0069996330767499474,300.97047841607434,300.1943559256242,-0.2578732952596021,0.3705832951543939,0.5724115851767249
correlated_symmetric,412,-0.03841630059261202,304.5930848946144,300.1943559256242,-1.444132906205689,0.37801824076426793,0.5656037438355429
correlated_symmetric,413,0.035209691990298726,296.44929336845934,300.1943559256242,1.2633062857431459,0.36104923809308787,0.5811415032239521
correlated_symmetric,414,0.22225488472826463,280.16291899215906,300.1943559256242,7.149924410241378,0.3241549773456116,0.6149242949219869
correlated_symmetric,415,0.06388869813060499,293.5817294833741,300.1943559256242,2.252397127670921,0.35485008532316786,0.5868178099978117
correlated_symmetric,416,0.007242387510939754,299.4026613710713,300.1943559256242,0.26442468845382594,0.36730976780698765,0.5754090081351767
correlated_symmetric,417,0.05957047830775502,294.0035965587427,300.1943559256242,2.1056747058006167,0.3557696710172208,0.5859757827138773
correlated_symmetric,418,0.12857812992414563,287.64724039637525,300.1943559256242,4.361980150395032,0.34162827384518457,0.5989245243593568
correlated_symmetric,419,0.02382018330243758,297.6325885223534,300.1943559256242,0.8607146871883743,0.36357249536654845,0.578831064859951
correlated_symmetric,420,0.09044434057088029,291.06064199680543,300.1943559256242,3.1380793590495277,0.3492990619757871,0.591900663675697
correlated_symmetric,421,0.011171036803512092,298.97794431748713,300.1943559256242,0.4068566365033857,0.3664170692805049,0.5762264127655123
correlated_symmetric,422,0.07553758354254625,292.46054648740716,300.1943559256242,2.6443941007099463,0.3523932382261268,0.589067446705203
correlated_symmetric,423,-0.12524918926830353,315.96091266468113,300.1943559256242,-4.990033927326142,0.40024235759594673,0.5452541240959111
correlated_symmetric,424,0.013954757210634947,298.67899267482363,300.1943559256242,0.5073551498315079,0.36578719053641706,0.5768031650405359
correlated_symmetric,425,-0.17128196092388026,322.95744985147763,300.1943559256242,-7.0483260058938875,0.4131427228693396,0.5334417632843661
correlated_symmetric,426,-0.04694726190065174,305.61801384275316,300.1943559256242,-1.774652563483879,0.38008979151931943,0.5637069200933784
correlated_symmetric,427,-0.0032702569941370947,300.5556078278928,300.1943559256242,-0.12019469704103512,0.36972038778339456,0.5732017107458502
correlated_symmetric,428,0.192935964440775,282.3795647700865,300.1943559256242,6.308810331244228,0.3294265971579342,0.6100972141220623
correlated_symmetric,429,0.05394974823989729,294.5578774384782,300.1943559256242,1.9135385331269066,0.35697388880595093,0.5848731298424947
correlated_symmetric,430,-0.029666941508145018,303.56064421158163,300.1943559256242,-1.1089343596237424,0.37591736516318486,0.5675274193152848
correlated_symmetric,431,0.04796652090767084,295.1544234808021,300.1943559256242,1.707557821897231,0.3582648781730913,0.5836910243608042
correlated_symmetric,432,-0.08258701931774744,310.10623965013303,300.1943559256242,-3.196286451924206,0.38899996267479964,0.555548286016413
correlated_symmetric,433,0.04597002996592411,295.3549949440887,300.1943559256242,1.638489635989278,0.3586977649316381,0.5832946480168943
correlated_symmetric,434,-0.03040918103530056,303.64750641947285,300.1943559256242,-1.1372233991206506,0.3760946682792228,0.5673650709634416
correlated_symmetric,435,-0.0741695808941791,309.01498843849953,300.1943559256242,-2.8544351707492654,0.3868573908139862,0.5575101409979273
correlated_symmetric,436,0.01865343051026351,298.1780904579288,300.1943559256242,0.676195043237051,0.3647289795092943,0.5777721225835852
correlated_symmetric,437,0.046117853174634106,295.3401181427419,300.1943559256242,1.6436093455262275,0.3586656770086596,0.5833240295870318
correlated_symmetric,438,-0.018666724632337952,302.28872300051955,300.1943559256242,-0.6928366543437783,0.37330945031719875,0.5699153680693004
correlated_symmetric,439,0.004993614970041054,299.64726354435743,300.1943559256242,0.18257880108616648,0.3678227406143443,0.5749393016664623
correlated_symmetric,440,-0.05439351187282956,306.5277492232882,300.1943559256242,-2.0661729039906445,0.3819169119961936,0.5620339100559848
correlated_symmetric,441,0.03253384551389479,296.7249542411775,300.1943559256242,1.169231517220759,0.3616388548912055,0.5806016162643718
correlated_symmetric,442,-0.0612494696845731,307.3781405321133,300.1943559256242,-2.3371162939736023,0.38361506528397116,0.5604789893507425
correlated_symmetric,443,-0.14249420571857574,318.4935029209077,300.1943559256242,-5.745532272232175,0.40497746352689856,0.5409183842803381
correlated_symmetric,444,-0.07231340618420463,308.7770207246789,300.1943559256242,-2.7795672031913945,0.38638815160816586,0.5579398017978934
correlated_symmetric,445,-0.15830198726365444,320.9066802997251,300.1943559256242,-6.45431386930172,0.4094197586971897,0.5368507478392515
correlated_symmetric,446,0.02817137845521563,297.1774386504647,300.1943559256242,1.0151905504199388,0.36260431211533706,0.579717588479034
correlated_symmetric,447,-0.014686519177917648,301.83549962758593,300.1943559256242,-0.5437212335814058,0.3723748616160143,0.5707711285760503
correlated_symmetric,448,-0.12748316631351977,316.28332210187176,300.1943559256242,-5.086884148467822,0.40084936956350503,0.5446983090342103
correlated_symmetric,449,0.019528645240955617,298.085297550239,300.1943559256242,0.7075351896648936,0.3645325538784706,0.5779519809728081
correlated_symmetric,450,-0.11363208877899555,314.3106303894251,300.1943559256242,-4.491185820317654,0.3971158080849645,0.5481169703305502
correlated_symmetric,451,0.06352121770329595,293.6174973368996,300.1943559256242,2.2399409600505793,0.3549281545878743,0.5867463251296366
correlated_symmetric,452,-0.007571620969167421,301.0343842084526,300.1943559256242,-0.27904728725164146,0.3707160042022326,0.5722900694676946
correlated_symmetric,453,-0.07684957674888182,309.36026411519424,300.1943559256242,-2.962858923005372,0.38753694275267836,0.556887906447251
correlated_symmetric,454,0.045737134762411,295.37844183313246,300.1943559256242,1.6304216592802028,0.35874833120249394,0.5832483465965035
correlated_symmetric,455,-0.02705302929841612,303.25580065213353,300.1943559256242,-1.0095255292481968,0.3752943148638195,0.5680979179978576
correlated_symmetric,456,-0.15688496543788313,320.68664677827235,300.1943559256242,-6.39012913650153,0.409017480873594,0.5372190984788144
correlated_symmetric,457,-0.0468302718480279,305.6038342470219,300.1943559256242,-1.7700950430566749,0.38006122699912426,0.5637330753091712
correlated_symmetric,458,-0.047578496641187594,305.69458180633325,300.1943559256242,-1.799255272438418,0.38024399040678925,0.5635657272732654
correlated_symmetric,459,-0.048392795084900936,305.7935053128245,300.1943559256242,-1.8310229909796096,0.38044309640361185,0.5633834150824248
correlated_symmetric,460,-0.043763169166076414,305.2333295354552,300.1943559256242,-1.6508595629120706,0.3793139118150639,0.5644173574230978
correlated_symmetric,461,-0.12917082721406056,316.52798846753694,300.1943559256242,-5.160249057592547,0.4013091864455699,0.5442772741513802
correlated_symmetric,462,0.18643965082579558,282.88546918015606,300.1943559256242,6.118690647360528,0.33061816049232884,0.6090061337303622
correlated_symmetric,463,-0.03236547209057087,303.8770842077836,300.1943559256242,-1.2119137880239768,0.3765627944304014,0.5669364292790225
correlated_symmetric,464,-0.06974679459268952,308.4495397608092,300.1943559256242,-2.6763482421100617,0.38574122092172125,0.5585321665009098
correlated_symmetric,465,0.03923327749932439,296.03745793869507,300.1943559256242,1.4041797331572763,0.3601663092105164,0.581949963753337
correlated_symmetric,466,-0.056760207733641176,306.8199079753873,300.1943559256242,-2.1594270376662066,0.38250138764568387,0.5614987326423994
correlated_symmetric,467,0.17055339411761636,284.14616556602385,300.1943559256242,5.647864481166624,0.3335690379772488,0.6063041031554582
correlated_symmetric,468,-0.026408591732056286,303.1808956265442,300.1943559256242,-0.9850685659952619,0.37514102951215544,0.5682382743953514
correlated_symmetric,469,-0.10111108757749765,312.5798802590594,300.1943559256242,-3.962354942093624,0.39380133660245276,0.5511518850929136
correlated_symmetric,470,-0.02315355659158611,302.80406276114934,300.1943559256242,-0.8618467043434762,0.37436872981943425,0.5689454340049893
correlated_symmetric,471,-0.187370632466575,325.5909934283302,300.1943559256242,-7.800165856951549,0.41785485016780644,0.5291270192557462
correlated_symmetric,472,0.061933674250940846,293.7723009365635,300.1943559256242,2.1860655237361795,0.35526581992630246,0.586437138662265
correlated_symmetric,473,0.04968431153108773,294.98246011800273,300.1943559256242,1.7668493935322653,0.3578932666693978,0.5840312935610478
correlated_symmetric,474,0.11760762620063335,288.60544067740466,300.1943559256242,4.015487449238124,0.34379991099241236,0.5969360327493445
correlated_symmetric,475,-0.07482490199741094,309.09923123802923,300.1943559256242,-2.880911504288925,0.38702333272148026,0.5573581956062852
correlated_symmetric,476,-0.026912155153550305,303.2394179294209,300.1943559256242,-1.0041774992805843,0.3752607957939227,0.5681286098794385
correlated_symmetric,477,0.06648331486376131,293.3298881038539,300.1943559256242,2.340186970425589,0.3542998609044814,0.5873216283090315
correlated_symmetric,478,-0.046886234631412525,305.610616693749,300.1943559256242,-1.7722750690799496,0.380074890437027,0.5637205643282588
correlated_symmetric,479,-0.006797902674864013,300.94795747603115,300.1943559256242,-0.2504092590383994,0.37053651393704057,0.5724544206351455
correlated_symmetric,480,0.03652175370751586,296.3146462121004,300.1943559256242,1.3093209408038333,0.3607608397265941,0.5814055773492199
correlated_symmetric,481,0.07860857746193022,292.1689918904693,300.1943559256242,2.7468226464509846,0.3517512661561245,0.5896552752649207
correlated_symmetric,482,-0.054009208750737225,306.48044670297264,300.1943559256242,-2.0510576922516113,0.381822176536881,0.5621206549497814
correlated_symmetric,483,-0.011412649767444986,301.46544062482394,300.1943559256242,-0.4216352947672013,0.3716096817226102,0.5714717692224219
correlated_symmetric,484,0.09907778479140496,290.267181084945,300.1943559256242,3.4200128321686196,0.34753204368612123,0.5935186554739597
correlated_symmetric,485,0.17435475254043212,283.84140851185,300.1943559256242,5.7612973031352235,0.3328581034390483,0.6069550842934198
correlated_symmetric,486,-0.06140265320374482,307.39728298690954,300.1943559256242,-2.343198024164728,0.38365318287749883,0.5604440868265037
correlated_symmetric,487,0.06708585685167712,293.2715783213749,300.1943559256242,2.3605347793583946,0.35417233066383624,0.5874384026237911
correlated_symmetric,488,-0.08184664757786565,310.0094523864354,300.1943559256242,-3.1660636104012636,0.3888105393635093,0.5557217322941187
correlated_symmetric,489,-0.0756451720462515,309.2048471843525,300.1943559256242,-2.914084737279714,0.3872312478184592,0.5571678172870177
correlated_symmetric,490,-0.029638782339502772,303.5573514396682,300.1943559256242,-1.1078616604389389,0.3759106419619255,0.567533575443162
correlated_symmetric,491,-0.016430306680434086,302.03361223589144,300.1943559256242,-0.6089574920657302,0.3727837332607412,0.570396743329236
correlated_symmetric,492,-0.04561964304018947,305.4573061385318,300.1943559256242,-1.72297408087555,0.3797658936731507,0.5640034984380851
correlated_symmetric,493,-0.024490910861409244,302.9585828868625,300.1943559256242,-0.9124108433892859,0.37468564328984344,0.5686552507830892
correlated_symmetric,494,0.09700128866704368,290.4568854690267,300.1943559256242,3.352466732153227,0.3479553887922947,0.5931310142529399
correlated_symmetric,495,-0.08040824205463527,309.8218590814516,300.1943559256242,-3.107431859188574,0.3884430616433999,0.5560582148512923
correlated_symmetric,496,-0.10089378639999268,312.5502701377255,300.1943559256242,-3.953256609458892,0.39374431236206886,0.5512040996384736
correlated_symmetric,497,-0.037995425042906726,304.54299071169544,300.1943559256242,-1.4279214819256763,0.3779166347480304,0.5656967797980359
correlated_symmetric,498,0.16665839320245648,284.4604806922667,300.1943559256242,5.531128680886489,0.33430067407619013,0.605634166510708
correlated_symmetric,499,0.1029591754439473,289.9144943788413,300.1943559256242,3.545825319568141,0.346743514292453,0.5942406824481082
correlated_symmetric,500,-0.08464251464560775,310.3757728509357,300.1943559256242,-3.28035169491186,0.3895268461521596,0.5550658428459321
correlated_symmetric,501,0.08614059457245078,291.46087622620786,300.1943559256242,2.9964500939186633,0.35018672406948126,0.5910878655815127
correlated_symmetric,502,0.0208782575541258,297.9425189650228,300.1943559256242,0.7557957717561457,0.3642300787573728,0.5782289442785135
correlated_symmetric,503,0.0589015165176841,294.0692575959272,300.1943559256242,2.082876115569134,0.35591256166496654,0.58584494357713
correlated_symmetric,504,-0.21572058621398837,330.49691788528867,300.1943559256242,-9.168788064214894,0.42643256853472467,0.5212726143958369
correlated_symmetric,505,0.056661593077581264,294.2897180092314,300.1943559256242,2.006403063054884,0.3563918582024207,0.5854060713452734
correlated_symmetric,506,0.016258975421297898,298.43277344018907,300.1943559256242,0.5902778254306599,0.3652674691918324,0.5772790511028306
correlated_symmetric,507,-0.09112528053985265,311.23385026254556,300.1943559256242,-3.5470095324171265,0.3911981383251424,0.5535355165408721
correlated_symmetric,508,0.11990068953768736,288.4036108114167,300.1943559256242,4.088279297556143,0.34334368911028357,0.5973537788642873
correlated_symmetric,509,-0.012154350341129558,301.549063311185,300.1943559256242,-0.4492494092620688,0.37178275459429966,0.5713132942071054
correlated_symmetric,510,-0.03378475817443423,304.04422451807227,300.1943559256242,-1.2662199384153117,0.3769031612521453,0.5666247709769506
correlated_symmetric,511,-0.04906798344842727,305.8756578694537,300.1943559256242,-1.8573893664510586,0.38060834917424724,0.5632321007325669
correlated_symmetric,512,-0.04610453453106831,305.5159501588786,300.1943559256242,-1.7418384311807456,0.379884127067315,0.5638952375622901
correlated_symmetric,513,-0.057014846503663376,306.85142954527265,300.1943559256242,-2.169477792400589,0.38256438132937054,0.5614410522296077
correlated_symmetric,514,0.08653779842083424,291.4238051736513,300.1943559256242,3.0095519296190574,0.350104608236646,0.5911630558826236
correlated_symmetric,515,0.12480236064038863,287.97492708092165,300.1943559256242,4.2432266477382905,0.34237255913827846,0.5982430082905934
correlated_symmetric,516,-0.0783203836703813,309.55060965519914,300.1943559256242,-3.022527960774046,0.387910921766374,0.5565454709923799
correlated_symmetric,517,0.0764619838283063,292.37261109280723,300.1943559256242,2.6752659230225055,0.35219974871131343,0.5892446174218042
correlated_symmetric,518,-0.017179973145061395,302.1189982316958,300.1943559256242,-0.6370477584450226,0.37295979047591554,0.5702355357192576
correlated_symmetric,519,-0.009971968103983035,301.3033695003509,300.1943559256242,-0.36807207850538526,0.3712739715478265,0.5717791638889111
correlated_symmetric,520,0.08819216935767853,291.26969286775204,300.1943559256242,3.064054818063179,0.3497630110937079,0.5914758432420811
correlated_symmetric,521,-0.04855875299863585,305.813687183406,300.1943559256242,-1.8375015551255163,0.3804837011759168,0.563346235162767
correlated_symmetric,522,0.059311977114777426,294.0289595854679,300.1943559256242,2.0968670395081275,0.3558248732515208,0.5859252362790881
correlated_symmetric,523,0.038214885998733066,296.1413945963225,300.1943559256242,1.3685899382038045,0.36038936937476107,0.581745716998617
correlated_symmetric,524,0.0628742391180039,293.6805294443508,300.1943559256242,2.2179973911098996,0.355065686324748,0.5866203928861905
correlated_symmetric,525,-0.0178104630822645,302.19091105631696,300.1943559256242,-0.6606933093102388,0.37310799020797314,0.5700998359472905
correlated_symmetric,526,0.04191185369656287,295.7650515269803,300.1943559256242,1.4975753138432826,0.3595809495408627,0.5824859529119875
correlated_symmetric,527,-0.07905672158201256,309.6461321915649,300.1943559256242,-3.052444478813405,0.38809842520115945,0.5563737826788324
correlated_symmetric,528,0.104243619144526,289.7983261992794,300.1943559256242,3.587332564231579,0.34648336782527,0.5944788889320123
correlated_symmetric,529,0.00999879620996269,299.1043270434059,300.1943559256242,0.36443099736907647,0.3666829738261128,0.5759829356921559
correlated_symmetric,530,-0.06898262585522658,308.3523867834724,300.1943559256242,-2.645684355794147,0.3855490332708261,0.5587081438960881
correlated_symmetric,531,0.04647876704229854,295.303813699434,300.1943559256242,1.6561053394210223,0.35858735801836994,0.5833957430149878
correlated_symmetric,532,-0.11755989144613162,314.86371826065056,300.1943559256242,-4.6589560766359055,0.39816731499165803,0.5471541513093039
correlated_symmetric,533,-0.04479495414275176,305.3577029802052,300.1943559256242,-1.6909175711593871,0.37956497766717134,0.5641874679764022
correlated_symmetric,534,-0.07804918598778365,309.5154666544116,300.1943559256242,-3.011516945999618,0.3878419096199597,0.5566086622552927
correlated_symmetric,535,-0.01605259621264413,301.9906407985842,300.1943559256242,-0.5948147492948378,0.3726950928820042,0.5704779073071639
correlated_symmetric,536,0.003209986098208106,299.84205038357777,300.1943559256242,0.11749704272491435,0.36823064353024404,0.574565803084024
correlated_symmetric,537,0.011625814582116945,298.9289921420935,300.1943559256242,0.42329911677796195,0.3663140153225699,0.576320774737589
correlated_symmetric,538,0.1989453273100509,281.916439990622,300.1943559256242,6.483451598498564,0.32833204460496956,0.6110994652208122
correlated_symmetric,539,-0.09265309604475579,311.43786612015515,300.1943559256242,-3.6101936911528587,0.39159414832137895,0.553172908109146
correlated_symmetric,540,-0.050539811949146564,306.05514573190646,300.1943559256242,-1.9149456847937094,0.3809690867038874,0.5629017899963884
correlated_symmetric,541,-0.00290767261332099,300.5154379107451,300.1943559256242,-0.10684375729683718,0.3696367101218929,0.5732783306344585
correlated_symmetric,542,-0.012767358628832182,301.6182714365679,300.1943559256242,-0.4720919273762048,0.3719259212464472,0.5711822029708035
correlated_symmetric,543,-0.1085927794893708,313.6081916381732,300.1943559256242,-4.27725935425349,0.39577501468572884,0.5493446758546104
correlated_symmetric,544,0.10818037623047018,289.4439482280925,300.1943559256242,3.7141587389693878,0.3456884855578365,0.5952067333693851
correlated_symmetric,545,0.12963747773817313,287.5556950713141,300.1943559256242,4.395204501575147,0.3414200409157967,0.599115196033772
correlated_symmetric,546,0.011223294173964444,298.97231710985955,300.1943559256242,0.40874647779367135,0.3664052246181445,0.5762372584012132
correlated_symmetric,547,0.11536454241347065,288.80367147429024,300.1943559256242,3.9440926748564547,0.3442473768369836,0.5965263043206
correlated_symmetric,548,-0.11357604304186868,314.30277399180034,300.1943559256242,-4.48879845602132,0.3971008451791772,0.5481306712081939
correlated_symmetric,549,-0.018870929984460105,302.3120748663541,300.1943559256242,-0.7005075604955907,0.37335752812681244,0.5698713454021276
correlated_symmetric,550,0.010488196038042102,299.05152778779853,300.1943559256242,0.382150911008426,0.3665719134914285,0.5760846287438429
correlated_symmetric,551,-0.016751986702951343,302.0702352127101,300.1943559256242,-0.621007655972764,0.37285925829325695,0.5703275884804716
correlated_symmetric,552,-0.07058897636626692,308.55679632113606,300.1943559256242,-2.710178643029622,0.3859532548797969,0.558338016751873
correlated_symmetric,553,-0.08467040523815073,310.37943843430673,300.1943559256242,-3.2814939546448834,0.3895340053267937,0.5550592875159568
correlated_symmetric,554,0.03614138478943181,296.3536456179561,300.1943559256242,1.295988885056396,0.36084439882228947,0.5813290658344735
correlated_symmetric,555,-0.04825081680553022,305.7762451569089,300.1943559256242,-1.8254816453842972,0.380408365702366,0.5634152163858281
correlated_symmetric,556,0.10120752421581296,290.07335323924195,300.1943559256242,3.4891183810444093,0.3470989248251114,0.5939152462368533
correlated_symmetric,557,0.03910648909240915,296.05038683500715,300.1943559256242,1.3997512838672852,0.3601940646554046,0.5819245492659251
correlated_symmetric,558,-0.29031400337711416,345.3033841296695,300.1943559256242,-13.063592851179754,0.45084212095726817,0.49892066510467925
correlated_symmetric,559,0.07160912412721179,292.8359365012245,300.1943559256242,2.5128129806462223,0.35321792464816804,0.5883123140438682
correlated_symmetric,560,-0.014107917681119339,301.76991919289514,300.1943559256242,-0.5221074623623445,0.3722393961867201,0.5708951681402199
correlated_symmetric,561,-0.10117598692474648,312.5887264270831,300.1943559256242,-3.9650727788962903,0.39381837077605897,0.551136287662125
correlated_symmetric,562,-0.08551718144267918,310.49083457394204,300.1943559256242,-3.316194071379506,0.3897514901805793,0.5548601465423015
correlated_symmetric,563,-0.04488400052012714,305.368449414247,300.1943559256242,-1.69437723463168,0.3795866613055283,0.5641676132667875
correlated_symmetric,564,0.00490168898748412,299.6572857292912,300.1943559256242,0.17922814558836855,0.36784374100089123,0.5749200725443558
correlated_symmetric,565,0.03203674159185028,296.776322147925,300.1943559256242,1.1517205122568888,0.3617486057207059,0.5805011221214625
correlated_symmetric,566,-0.00707656005957439,300.9790688606997,300.1943559256242,-0.26072010191469086,0.3706011376564713,0.5723952475995088
correlated_symmetric,567,0.007650013867099246,299.3584400340711,300.1943559256242,0.27923578552118355,0.3672169385921751,0.5754940077402044
correlated_symmetric,568,0.028238792893267684,297.1704171234946,300.1943559256242,1.0175773320239283,0.3625893528746661,0.5797312860122302
correlated_symmetric,569,0.06326694855762467,293.6422604682746,300.1943559256242,2.2313189684961876,0.3549821930834728,0.5866968442661397
correlated_symmetric,570,0.016227007693331106,298.43618175176545,300.1943559256242,0.5891290270297046,0.36527466933343733,0.5772724582481824
correlated_symmetric,571,0.16867519790316873,284.2974700899429,300.1943559256242,5.591638163593935,0.33392143372039285,0.6059814251899602
correlated_symmetric,572,-0.011270138121125364,301.4493875769105,300.1943559256242,-0.41633246011026787,0.3715764459364561,0.5715022017319832
correlated_symmetric,573,0.008202643940398597,299.29854500906595,300.1943559256242,0.2993034652176945,0.3670911635136236,0.5756091744182775
correlated_symmetric,574,0.18220516741404347,283.2182112201708,300.1943559256242,5.994015932914827,0.33139955200372495,0.6082906363467742
correlated_symmetric,575,-0.008751599295678446,301.1664510622612,300.1943559256242,-0.32277670145803516,0.3709900804918995,0.5720391101410001
correlated_symmetric,576,0.014431177335465173,298.6279927842876,300.1943559256242,0.5245198639057564,0.3656796099653946,0.5769016718498456
correlated_symmetric,577,0.12942336559301518,287.5741841390122,300.1943559256242,4.388492598665083,0.3414621076257086,0.5990766770041801
correlated_symmetric,578,0.13965614257742293,286.6982984075788,300.1943559256242,4.707407610372004,0.33946331556675957,0.6009069026375584
correlated_symmetric,579,-0.13507821942043577,317.39196002591285,300.1943559256242,-5.418412016134424,0.40292723009663234,0.5427956992077632
correlated_symmetric,580,0.02915177847665171,297.0754158663302,300.1943559256242,1.0498815764335676,0.36238688485278636,0.5799166772769351
correlated_symmetric,581,0.015229598527763321,298.54263046163913,300.1943559256242,0.5532628494064683,0.3654994620959999,0.5770666253573207
correlated_symmetric,582,0.006554671131747382,299.4773493672098,300.1943559256242,0.23941929495818207,0.36746649023663314,0.5752655043446562
correlated_symmetric,583,-0.07802031395410385,309.5117265080753,300.1943559256242,-3.0103449350918154,0.3878345639764931,0.5566153883246812
correlated_symmetric,584,-0.04716913462709388,305.6449151488376,300.1943559256242,-1.783297857436674,0.3801439763942065,0.5636573054986563
correlated_symmetric,585,-0.07630431612491541,309.2898531319997,300.1943559256242,-2.940768057623168,0.38739848702087176,0.5570146840159333
correlated_symmetric,586,-0.24020311295942479,335.03149126261593,300.1943559256242,-10.3981674097867,0.4341374954137963,0.5142173122380681
correlated_symmetric,587,0.014188241219366453,298.65399266562457,300.1943559256242,0.5157685140088699,0.36573445942039684,0.5768514486097878
correlated_symmetric,588,-0.09320382432821007,311.5115762790191,300.1943559256242,-3.6330015367576918,0.3917370976701765,0.5530420158523953
correlated_symmetric,589,-0.08545961148449377,310.4832545097439,300.1943559256242,-3.3138336559779895,0.3897366961499451,0.5548736927624746
correlated_symmetric,590,-0.04643560073502012,305.5560244394561,300.1943559256242,-1.754725184577163,0.3799648955314461,0.5638212815984528
correlated_symmetric,591,-0.09854059018696763,312.2305335245763,300.1943559256242,-3.8549008846390334,0.39312786303967473,0.5517685546523026
correlated_symmetric,592,-0.010037243582593754,301.31070254304217,300.1943559256242,-0.37049683532514954,0.3712891688337113,0.5717652484191945
correlated_symmetric,593,-0.12058403833725462,315.29293862282276,300.1943559256242,-4.788747494044135,0.39898078768733414,0.5464092895660989
correlated_symmetric,594,-0.024808956431947162,302.9953927708468,300.1943559256242,-0.924448658973835,0.3747610909507957,0.5685861668003027
correlated_symmetric,595,-0.18471700724055676,325.14940785336233,300.1943559256242,-7.674949215651803,0.41707006131692415,0.5298456267561933
correlated_symmetric,596,-0.04819637118211014,305.7696276244762,300.1943559256242,-1.823356931218526,0.3803950489345178,0.563427409936775
correlated_symmetric,597,-0.11597711518722353,314.64024843629386,300.1943559256242,-4.591241134108925,0.3977429088844102,0.5475427615202945
correlated_symmetric,598,0.015352101570159421,298.52954504723795,300.1943559256242,0.5576703900857936,0.3654718376503917,0.5770919198520179
correlated_symmetric,599,0.00023564654582557563,300.1684161787887,300.1943559256242,0.008641730920849747,0.36891289929648186,0.5739410918639632
correlated_symmetric,600,0.09341069733093672,290.7866090677466,300.1943559256242,3.235275134587034,0.3486898872011027,0.5924584618185855
correlated_symmetric,601,-0.15568334536760572,320.5006429069137,300.1943559256242,-6.335802261459812,0.4086769870756024,0.5375308757290178
correlated_symmetric,602,-0.04663593293739641,305.58028740164843,300.1943559256242,-1.7625258231873622,0.3800137864803351,0.5637765144077377
correlated_symmetric,603,-0.03910635243802079,304.6753124414596,300.1943559256242,-1.4707317373134214,0.37818495044063427,0.5654510954432093
correlated_symmetric,604,-0.16223507466447537,321.5213308552889,300.1943559256242,-6.633144641735631,0.41054057995092785,0.5358244534530587
correlated_symmetric,605,0.08636338172201746,291.44008016366763,300.1943559256242,3.0037995312931374,0.35014066142683786,0.5911300433665059
correlated_symmetric,606,0.22219923928719018,280.16702581778895,300.1943559256242,7.148353754113933,0.32416482129952606,0.6149152810626217
correlated_symmetric,607,0.024174498019449348,297.59538158845083,300.1943559256242,0.8733248222136555,0.36349346086265866,0.5789034333342885
correlated_symmetric,608,0.014107629609185289,298.66262275384867,300.1943559256242,0.5128640328850183,0.36575266337866585,0.576834780043858
correlated_symmetric,609,0.0510697286248441,294.8441783301591,300.1943559256242,1.8145780004087944,0.35759412639281585,0.5843052039067858
correlated_symmetric,610,-0.03650882218967019,304.3664001032108,300.1943559256242,-1.3707308612816187,0.37755818931378093,0.5660249918258131
correlated_symmetric,611,-0.01667675792402056,302.0616683391184,300.1943559256242,-0.618189134610017,0.3728415930631186,0.5703437637308738
correlated_symmetric,612,-0.05272722528994419,306.3229296995631,300.1943559256242,-2.0006905065675844,0.381506497303134,0.562409707875245
correlated_symmetric,613,-0.16103901683418054,321.3338009300414,300.1943559256242,-6.578655884700874,0.41019907195971883,0.5361371597304843
correlated_symmetric,614,0.12811795227312808,287.6870607814631,300.1943559256242,4.347534821408625,0.3417188096510664,0.5988416238671624
correlated_symmetric,615,-0.053749740832557645,306.4485314582766,300.1943559256242,-2.0408567477517456,0.3817582415303048,0.5621791972886173
correlated_symmetric,616,0.04378897311736254,295.574983341826,300.1943559256242,1.562842880534318,0.35917188313484527,0.5828605178312892
correlated_symmetric,617,-0.03473360235035891,304.1562380663914,300.1943559256242,-1.3025812542770723,0.37713105783082135,0.5664160965287741
correlated_symmetric,618,0.23762527789863921,279.04259712800615,300.1943559256242,7.580118238333001,0.3214587764036607,0.6173931400078937
correlated_symmetric,619,-0.06373126638138461,307.6890486018797,300.1943559256242,-2.4358009198932757,0.38423357684317916,0.559912646806636
correlated_symmetric,620,-0.07422302950245489,309.021854885738,300.1943559256242,-2.8565937394226566,0.3868709197644836,0.5574977531587296
correlated_symmetric,621,0.06197352196593545,293.7684096812589,300.1943559256242,2.1874190799948585,0.355257336485722,0.5864449066045169
correlated_symmetric,622,0.026227287298815873,297.3803210068232,300.1943559256242,0.9462747599685575,0.36303624437367976,0.5793220867179781
correlated_symmetric,623,0.22847994018456533,279.70582516916795,300.1943559256242,7.325028266416929,0.3230575291845398,0.6159292007735091
correlated_symmetric,624,0.02748463652845573,297.2490184247316,300.1943559256242,0.9908653412890628,0.36275677125396866,0.5795779882076719
correlated_symmetric,625,-0.11995114011886343,315.2028656556169,300.1943559256242,-4.7615397464027565,0.3988102621056596,0.5465654324817659
correlated_symmetric,626,-0.09397783352350952,311.61532250802793,300.1943559256242,-3.6650850447540098,0.39193818270405445,0.5528578913699908
correlated_symmetric,627,0.13653883992779944,286.96346340241325,300.1943559256242,4.610654041576396,0.3400697159717576,0.6003516422858746
correlated_symmetric,628,0.21660270521401503,280.58197842092756,300.1943559256242,6.989892086110493,0.32515796666633934,0.6140058832855839
correlated_symmetric,629,-0.004242667596970585,300.6634833565041,300.1943559256242,-0.15603073098293013,0.36994499186943564,0.5729960508461143
correlated_symmetric,630,-0.04890883949813318,305.85628374759017,300.1943559256242,-1.8511726333007068,0.3805693854425528,0.5632677780267767
correlated_symmetric,631,-0.06138274738090741,307.394795118171,300.1943559256242,-2.34240764869773,0.3836482291538339,0.5604486227230381
correlated_symmetric,632,0.016865992488665906,298.36809555615616,300.1943559256242,0.6120829930103358,0.365130804402821,0.5774041890733453
correlated_symmetric,633,0.047114575254425195,295.2399182917041,300.1943559256242,1.6781056107138668,0.3584494707098659,0.5835220006687207
correlated_symmetric,634,0.0398577414109624,295.9738258760975,300.1943559256242,1.4259808403779348,0.36002967009082365,0.582075078421861
correlated_symmetric,635,0.054551344043061424,294.4982701757811,300.1943559256242,1.934166114606793,0.3568446049473648,0.5849915097479729
correlated_symmetric,636,-0.039237591382325965,304.6909644321764,300.1943559256242,-1.4757931909572874,0.37821667338748477,0.5654220481982947
correlated_symmetric,637,-0.097326606577868,312.0662392806918,300.1943559256242,-3.804283149126312,0.39281061386595806,0.5520590454665308
correlated_symmetric,638,0.08185940767303503,291.8621622306924,300.1943559256242,2.8548386098592493,0.351074275079563,0.5902751695307359
correlated_symmetric,639,-0.01124567290745454,301.44663218836297,300.1943559256242,-0.41542221044162964,0.3715707409003427,0.5715074255761226
correlated_symmetric,640,-0.09282167607629527,311.46041955154095,300.1943559256242,-3.617173457268911,0.3916378943659996,0.553132851834024
correlated_symmetric,641,0.008722463964439035,299.2422658259256,300.1943559256242,0.31816698656214704,0.36697293555503663,0.5757174305357063
correlated_symmetric,642,0.03806590137279114,296.15661697778785,300.1943559256242,1.3633796161776153,0.3604220252341166,0.5817158154111984
correlated_symmetric,643,-0.08939020489140505,311.0029903796885,300.1943559256242,-3.4754117447129897,0.39074939543451015,0.5539464100626689
correlated_symmetric,644,0.13243674631099814,287.3146126353084,300.1943559256242,4.482801334808628,0.3408710296976618,0.5996179066742224
correlated_symmetric,645,0.019736101672507427,298.0633257120196,300.1943559256242,0.7149588794642783,0.36448602560511467,0.5779945848863647
correlated_symmetric,646,0.15923216920456498,285.0655817360318,300.1943559256242,5.307120592201673,0.3357046350313887,0.6043486034948393
correlated_symmetric,647,0.2232980211810058,280.0860007155926,300.1943559256242,7.1793503276339115,0.3239705529183541,0.6150931677111511
correlated_symmetric,648,-0.03403690679545484,304.07396985115867,300.1943559256242,-1.2758783421788709,0.3769636958368422,0.5665693422327561
correlated_symmetric,649,0.12567274423152855,287.89919510849955,300.1943559256242,4.270647860787188,0.34220069718718604,0.5984003762578897
correlated_symmetric,650,0.07594147297667725,292.42210717661624,300.1943559256242,2.657886855426333,0.35230867222289397,0.5891448804568595
correlated_symmetric,651,0.015562988287388632,298.5070261339203,300.1943559256242,0.5652563068806707,0.3654242926000063,0.5771354547723045
correlated_symmetric,652,0.030506437190865664,296.93476570157776,300.1943559256242,1.0977462394290272,0.3620868913680878,0.5801913684380389
correlated_symmetric,653,0.03456304159179869,296.51577970317555,300.1943559256242,1.2406004922001366,0.3611915474125179,0.5810111966387652
correlated_symmetric,654,0.06686418170501435,293.2930228472318,300.1943559256242,2.353050546990732,0.3542192382174725,0.5873954512618489
correlated_symmetric,655,0.10892441444900448,289.3772533248452,300.1943559256242,3.7380625037020865,0.34553866889492246,0.5953439150057617
correlated_symmetric,656,0.00383627206915286,299.77357606565874,300.1943559256242,0.14036589398170154,0.3680873119478214,0.5746970454435192
correlated_symmetric,657,-0.09275557278093594,311.4515749394832,300.1943559256242,-3.614436374594124,0.39162073955901944,0.5531485597151814
correlated_symmetric,658,0.10100263826972493,290.09196744318774,300.1943559256242,3.4824778402094005,0.3471405443948531,0.5938771367478445
correlated_symmetric,659,0.06116822557333157,293.8471060013256,300.1943559256242,2.160051875504945,0.35542886098594084,0.586287848585896
correlated_symmetric,660,0.2024365281627433,281.6494984557619,300.1943559256242,6.584374398513313,0.32769951799033437,0.6116786524236618
correlated_symmetric,661,0.06460129176254942,293.51244102417627,300.1943559256242,2.2765354947586607,0.35469879766080536,0.5869563379978884
correlated_symmetric,662,0.0740492056153829,292.6024485276966,300.1943559256242,2.594615129206278,0.3527052285583969,0.5887817694955582
correlated_symmetric,663,0.2728342630642698,276.5777163991116,300.1943559256242,8.538880078260892,0.31544984035091395,0.6228953911146234
correlated_symmetric,664,-0.16465456556269456,321.90233571623133,300.1943559256242,-6.743654016149635,0.4112331965679661,0.5351902496835066
correlated_symmetric,665,0.12256938835885811,288.1697528256583,300.1943559256242,4.172749909405229,0.34281427087726024,0.5978385483917446
correlated_symmetric,666,-0.018205089140112766,302.23596854890167,300.1943559256242,-0.675502863897919,0.3732008098711088,0.57001484519397
correlated_symmetric,667,0.20948762549326663,281.1150390566631,300.1943559256242,6.787013933151905,0.3264294895826766,0.6128415831503287
correlated_symmetric,668,-0.04522714739785296,305.4098803595825,300.1943559256242,-1.7077130667212252,0.37967024439484565,0.5640910800791687
correlated_symmetric,669,0.08985101488522824,291.1156320640783,300.1943559256242,3.1185971695080927,0.3494211666699558,0.5917888570761926
correlated_symmetric,670,0.006917196708388762,299.4379653353376,300.1943559256242,0.2526034363877519,0.3673838580358064,0.5753411669920085
correlated_symmetric,671,0.16696138375062256,284.43595532066877,300.1943559256242,5.540228058435747,0.334243644147181,0.605686387050181
correlated_symmetric,672,0.06009439797765224,293.9522296576962,300.1943559256242,2.1235172378848457,0.3556578425746971,0.5860781794617168
correlated_symmetric,673,-0.1257150702829907,316.02801243412836,300.1943559256242,-5.0102066543244925,0.4003687908442276,0.545138354556442
correlated_symmetric,674,-0.002649237043156403,300.486824222463,300.1943559256242,-0.09733148785992571,0.3695770915134128,0.5733329207261364
correlated_symmetric,675,0.047764579840641225,295.17467621165804,300.1943559256242,1.7005793919688323,0.35830861567183325,0.5836509757551481
correlated_symmetric,676,-0.29748841681587473,346.89615249106504,300.1943559256242,-13.462760030653182,0.4533436872787513,0.49662987900960837
correlated_symmetric,677,-0.17415738220783714,323.42053691851595,300.1943559256242,-7.18141810479507,0.4139768741010619,0.532677959214385
correlated_symmetric,678,-0.008720620470082449,301.16297979911513,300.1943559256242,-0.3216278023736563,0.37098287970925803,0.5720457035734973
correlated_symmetric,679,0.09920311322141435,290.2557541989342,300.1943559256242,3.4240843059663684,0.34750652573140095,0.5935420213096433
correlated_symmetric,680,0.05128442753842647,294.8227812625807,300.1943559256242,1.8219672984698552,0.35754781377935363,0.5843476104490841
correlated_symmetric,681,0.0615374219127891,293.81101208646373,300.1943559256242,2.1726019708485182,0.3553502030114787,0.5863598724971788
correlated_symmetric,682,0.023095444637470753,297.7087741785106,300.1943559256242,0.8349037592097327,0.3637342663514551,0.578682938176493
correlated_symmetric,683,-0.11563171389415315,314.5915884748117,300.1943559256242,-4.576483630407121,0.3976504156313796,0.5476274535603662
correlated_symmetric,684,0.07919797535132071,292.11322477043205,300.1943559256242,2.766437966491597,0.35162832693636215,0.5897678458890632
correlated_symmetric,685,-0.013986393286615878,301.7561550283302,300.1943559256242,-0.5175699241526244,0.37221095693166295,0.5709212086796608
correlated_symmetric,686,-0.06181611441635879,307.4489820796613,300.1943559256242,-2.3596195066137353,0.38375610546238303,0.5603498453571801
correlated_symmetric,687,-0.031625548146948866,303.7901423877655,300.1943559256242,-1.1836415868792534,0.3763855968402322,0.5670986809970873
correlated_symmetric,688,0.10602444490995806,289.6377088864618,300.1943559256242,3.6447764622046006,0.34612333851064336,0.5948085544895753
correlated_symmetric,689,-0.059268425195721626,307.13114323813545,300.1943559256242,-2.258575030645056,0.3831228033986278,0.5609297308766327
correlated_symmetric,690,-0.31456548444637167,350.8244651868807,300.1943559256242,-14.431749859373774,0.4594162066175861,0.4910689297346819
correlated_symmetric,691,-0.06339508757758801,307.64683706137794,300.1943559256242,-2.422414352424136,0.38414967576373593,0.5599894711610729
correlated_symmetric,692,-0.016374159792867608,302.0272224184903,300.1943559256242,-0.6068547325599783,0.37277055410566406,0.5704088108842275
correlated_symmetric,693,0.2797414677054211,276.10998872747865,300.1943559256242,8.722743899684453,0.31429749651769967,0.6239505696511419
correlated_symmetric,694,0.10655739010009135,289.58974133576805,300.1943559256242,3.6619441493131246,0.3460157401384909,0.5949070783596687
correlated_symmetric,695,0.009514898830978448,299.1565829364348,300.1943559256242,0.3468995998693861,0.36679285263084216,0.5758823245182787
correlated_symmetric,696,-0.025713311063477504,303.10019206800666,300.1943559256242,-0.9587048172277165,0.3749757932817316,0.5683895736700258
correlated_symmetric,697,0.07602262123003065,292.4143875371164,300.1943559256242,2.6605969884160734,0.3522916864320065,0.5891604336755528
correlated_symmetric,698,-0.008349242547723266,301.1213827492185,300.1943559256242,-0.30785818500519935,0.3708965779425143,0.5721247262168736
correlated_symmetric,699,0.038998186126649854,296.0614332236515,300.1943559256242,1.3959679438728658,0.36021777685775214,0.5819028370049576
correlated_symmetric,700,0.08384238280443868,291.67590023426817,300.1943559256242,2.920520922199675,0.35066261066324567,0.5906521146366392
correlated_symmetric,701,0.24782019872747996,278.3146511098917,300.1943559256242,7.861499467770877,0.31969524753422496,0.6190079624881015
correlated_symmetric,702,0.0932729855696716,290.7992981104131,300.1943559256242,3.2307704579272927,0.3487181202698846,0.5924326098691506
correlated_symmetric,703,0.07628547528304246,292.3893901806713,300.1943559256242,2.6693737895653964,0.35223667772682155,0.5892108029778023
correlated_symmetric,704,-0.014084035926216898,301.7672140163235,300.1943559256242,-0.521215697943322,0.3722338070071598,0.5709002858991131
correlated_symmetric,705,-0.048499404568916105,305.806469108626,300.1943559256242,-1.8351845856499176,0.38046917943685254,0.56335953205032
correlated_symmetric,706,-0.03349011451133079,304.0094858212015,300.1943559256242,-1.254937781060258,0.3768324497016535,0.5666895183026234
correlated_symmetric,707,0.05260111271825699,294.69174982582587,300.1943559256242,1.867241313355602,0.35726405775783054,0.5846074341036647
correlated_symmetric,708,-0.008583916931830929,301.14766437850665,300.1943559256242,-0.3165584746771371,0.37095110744376203,0.5720747960067877
correlated_symmetric,709,0.06807409978197072,293.1760851732592,300.1943559256242,2.393875594667763,0.3539633665480586,0.5876297426778272
correlated_symmetric,710,0.17219545341957807,284.01427933658294,300.1943559256242,5.696923628923039,0.33326156218594216,0.6065856493542142
correlated_symmetric,711,0.06244836287080493,293.722062372709,300.1943559256242,2.2035435474719045,0.35515627606963895,0.5865374435281872
correlated_symmetric,712,0.24499160712369825,278.51543192538026,300.1943559256242,7.78374248434901,0.3201825814902771,0.6185617219016045
correlated_symmetric,713,-0.09805110058215853,312.1642351750921,300.1943559256242,-3.8344813084541793,0.39299988233377947,0.5518857408371952
correlated_symmetric,714,-0.010466105160314139,301.3589048673388,300.1943559256242,-0.3864325635996207,0.3713890468169868,0.5716737946526059
correlated_symmetric,715,-0.013012240713185921,301.64594243898597,300.1943559256242,-0.4812219589711072,0.3719831441881254,0.5711298065089343
correlated_symmetric,716,0.01942227550942002,298.0965666969757,300.1943559256242,0.7037280743930889,0.36455641512627046,0.5779301322676053
correlated_symmetric,717,0.07930734503783636,292.10288320796843,300.1943559256242,2.7700762925694598,0.3516055236910458,0.5897887259275505
correlated_symmetric,718,0.059713259676358175,293.98959275590505,300.1943559256242,2.110538373673278,0.3557391878767433,0.5860036948829797
correlated_symmetric,719,0.05174230880113659,294.777177560689,300.1943559256242,1.8377197345340432,0.35744908498855155,0.5844380123168532
correlated_symmetric,720,0.026135605987770594,297.3899076773682,300.1943559256242,0.9430206526371024,0.3630566396128473,0.5793034116774384
correlated_symmetric,721,0.015209486353302373,298.5447790863062,300.1943559256242,0.5525391682837387,0.3655039977977339,0.5770624722139576
correlated_symmetric,722,-0.05853164928295363,307.03954727198646,300.1943559256242,-2.2294168315388148,0.382940052707448,0.5610970672625841
correlated_symmetric,723,0.0971327544815886,290.4448538018706,300.1943559256242,3.3567481042044385,0.34792855529521627,0.5931555846765395
correlated_symmetric,724,-0.1283035808555061,316.4021417317079,300.1943559256242,-5.122527210902072,0.40107276359418,0.5444937565745549
correlated_symmetric,725,-0.019884470690631383,302.4281220929473,300.1943559256242,-0.7386106000541107,0.3735963409460289,0.5696526753524898
correlated_symmetric,726,-0.014713614408043627,301.83857256958936,300.1943559256242,-0.5447337727473717,0.37238120775770067,0.5707653177013268
correlated_symmetric,727,0.021201758412349715,297.9083510552236,300.1943559256242,0.767351724885642,0.3641576513647371,0.5782952628938325
correlated_symmetric,728,0.11906530834003926,288.47704360992805,300.1943559256242,4.061783277126223,0.3435097525320324,0.5972017204971707
correlated_symmetric,729,0.12195340701955722,288.2236328574588,300.1943559256242,4.15327603412921,0.34293632307179056,0.5977267895077139
correlated_symmetric,730,-0.038879181983197286,304.648229448788,300.1943559256242,-1.4619725613447223,0.37813005181025783,0.5655013635968869
correlated_symmetric,731,0.02449022255418296,297.56224869679755,300.1943559256242,0.8845568415866716,0.3634230637529786,0.5789678929220783
correlated_symmetric,732,0.046057265552982875,295.3462151217789,300.1943559256242,1.6415110658676573,0.3586788280351685,0.583311987741589
correlated_symmetric,733,-0.059887886945579255,307.2082659408456,300.1943559256242,-2.283112400553679,0.383276592776404,0.5607889130302732
correlated_symmetric,734,0.05332453823059414,294.6198964230251,300.1943559256242,1.8920852156553276,0.3571083479913947,0.5847500111095826
correlated_symmetric,735,0.06389463271720437,293.581152056399,300.1943559256242,2.2525982417136876,0.35484882483714486,0.5868189641739014
correlated_symmetric,736,0.09110765101702721,290.99923624722715,300.1943559256242,3.1598432342912015,0.34916265681634207,0.5920255646719306
correlated_symmetric,737,-0.002367372796403073,300.45563342602895,300.1943559256242,-0.08696042654465864,0.3695120903862241,0.5733924393501324
correlated_symmetric,738,-0.05990676713500181,307.21061811374227,300.1943559256242,-2.2838605746108467,0.38328128200035005,0.5607846193239862
correlated_symmetric,739,-0.12254057011274283,315.57221388855083,300.1943559256242,-4.873007598938206,0.3995088909871338,0.5459257280956656
correlated_symmetric,740,-0.0678467834192148,308.2082756904098,300.1943559256242,-2.6001637194308853,0.3852637300896866,0.5589693828965803
correlated_symmetric,741,0.10468279566494605,289.7586677823179,300.1943559256242,3.6015102578902543,0.3463945092023183,0.5945602534885697
correlated_symmetric,742,-0.06591332403774422,307.96377347205555,300.1943559256242,-2.522834896727332,0.3847790672775525,0.5594131663310691
correlated_symmetric,743,0.14929422009453053,285.8875234150891,300.1943559256242,5.004357077088172,0.33760219398612523,0.6026110699070245
correlated_symmetric,744,-0.13297788139629318,317.0834248987212,300.1943559256242,-5.326380266799338,0.402350418656244,0.5433238614765317
correlated_symmetric,745,-0.02221364205997729,302.69571637304125,300.1943559256242,-0.8263613629518163,0.3741463235357687,0.5691490813109714
correlated_symmetric,746,0.04779231703202783,295.1718939788417,300.1943559256242,1.7015380018337871,0.3583026075584771,0.5836564771342345
correlated_symmetric,747,-0.0046118891282975185,300.7044985526826,300.1943559256242,-0.16964915041635,0.37003034597860074,0.5729178959146795
correlated_symmetric,748,-0.10600674079726702,313.25080416142237,300.1943559256242,-4.168049391206025,0.39509053628195,0.5499714224057107
correlated_symmetric,749,-0.014755790145132624,301.8433561680963,300.1943559256242,-0.5463099348636176,0.3723910864354463,0.5707562722432254
correlated_symmetric,750,-0.05331831700272153,306.39550394392506,300.1943559256242,-2.023903072492782,0.3816519833952662,0.5622764929656461
correlated_symmetric,751,-0.04751027012679327,305.6863011224694,300.1943559256242,-1.7965951292808788,0.3802273178071448,0.5635809936049134
correlated_symmetric,752,-0.09234486096725925,311.3966506984258,300.1943559256242,-3.597435857988885,0.39151418794207393,0.5532461242121852
correlated_symmetric,753,-0.11750144874024149,314.8554525141439,300.1943559256242,-4.656453134747946,0.3981516277046242,0.5471685154767838
correlated_symmetric,754,0.02317846519764152,297.7000414630038,300.1943559256242,0.8378616443459246,0.3637157276920714,0.5786999132234837
correlated_symmetric,755,0.048259011960559865,295.12510327006885,300.1943559256242,1.7176623063868963,0.35820154804390747,0.5837490131231496
correlated_symmetric,756,-0.1299952703739959,316.6478576851849,300.1943559256242,-5.196151295588086,0.4015342048175361,0.5440712343054571
correlated_symmetric,757,-0.05389762421469688,306.4667193605363,300.1943559256242,-2.0466703360155276,0.3817946785292349,0.5621458336080295
correlated_symmetric,758,-0.1217277638039281,315.4560422402629,300.1943559256242,-4.837975588058258,0.3992893265875195,0.5461267737829094
correlated_symmetric,759,0.051107545048951986,294.84040888192493,300.1943559256242,1.8158796699550752,0.35758596814578214,0.5843126740756999
correlated_symmetric,760,-0.015408048055032512,301.91738782464597,300.1943559256242,-0.5706964780784628,0.3725439303610436,0.5706163199803027
correlated_symmetric,761,-0.00799874795384693,301.08215333501454,300.1943559256242,-0.2948688255203432,0.37081516648252655,0.5721992710277215
correlated_symmetric,762,0.09958513998545081,290.22093872465183,300.1943559256242,3.4364912624153243,0.34742876515605536,0.593613223758708
correlated_symmetric,763,0.1543442055138863,285.46809131185785,300.1943559256242,5.158637711869085,0.3366352456502545,0.6034964731063469
correlated_symmetric,764,-0.08685615724763812,310.6674037701112,300.1943559256242,-3.371144741093233,0.3900958964516662,0.554544789393614
correlated_symmetric,765,-0.028545093264242937,303.4296094008569,300.1943559256242,-1.0662286655613245,0.37564970487628335,0.5677725036011867
correlated_symmetric,766,-0.17241935070622996,323.14023913433755,300.1943559256242,-7.10090556044125,0.4134722639239431,0.5331400137584051
correlated_symmetric,767,-0.18207247261656997,324.7122091208153,300.1943559256242,-7.550641000403148,0.41629096530863885,0.5305590208774453
correlated_symmetric,768,-0.008556106062543202,301.1445491370674,300.1943559256242,-0.31552728221909965,0.3709446443933556,0.572080713931134
correlated_symmetric,769,-0.0054185336122382355,300.7942110018505,300.1943559256242,-0.1994237436380005,0.3702169597017856,0.5727470220990061
correlated_symmetric,770,-0.037260978566097315,304.45567908537066,300.1943559256242,-1.3996530373642813,0.37773946067906394,0.5658590099575951
correlated_symmetric,771,-0.0048427271592315505,300.730156784902,300.1943559256242,-0.1781666544539569,0.37008372985210025,0.572869014695581
correlated_symmetric,772,-0.23374170081641643,333.8062355941014,300.1943559256242,-10.06927854677593,0.43207625102693903,0.5161047770954753
correlated_symmetric,773,-0.04953673830637887,305.93276163027514,300.1943559256242,-1.87570813732786,0.3807231631220135,0.5631269708898711
correlated_symmetric,774,-0.07962462677163486,309.719909151302,300.1943559256242,-3.0755379115859176,0.38824316456787844,0.5562412514623954
correlated_symmetric,775,0.06963179488798145,293.0259236155522,300.1943559256242,2.44634748408027,0.3536344981434546,0.5879308743106342
correlated_symmetric,776,-0.05093853275219882,306.1038652079107,300.1943559256242,-1.9305568971736584,0.38106693087437227,0.5628121985978518
correlated_symmetric,777,-0.07259118601334093,308.8125722976849,300.1943559256242,-2.7907595561727936,0.3864583003124936,0.5578755698507533
correlated_symmetric,778,0.10713043924303062,289.53821558920276,300.1943559256242,3.6803916590894534,0.3459001204921036,0.5950129470212471
correlated_symmetric,779,0.005177387573923212,299.6272333164797,300.1943559256242,0.18927605574006648,0.367780765264885,0.5749777366316807
correlated_symmetric,780,0.06185233818047283,293.78024456507984,300.1943559256242,2.1833024783678034,0.3552831373678015,0.5864212817839696
correlated_symmetric,781,0.0868898898330176,291.39096705160466,300.1943559256242,3.021160526386702,0.35003185129023806,0.5912296766147357
correlated_symmetric,782,0.21085648940898727,281.0119997620481,300.1943559256242,6.826169764927874,0.3261840833978057,0.6130662950751369
correlated_symmetric,783,-0.06546331940081464,307.907011947325,300.1943559256242,-2.504865340000828,0.38466644205278133,0.5595162920650375
correlated_symmetric,784,0.07888773943916944,292.14257082000745,300.1943559256242,2.756114962299546,0.3516930264702991,0.5897086030613914
correlated_symmetric,785,0.0568663219157667,294.26952923470316,300.1943559256242,2.013401355665183,0.3563479962459022,0.5854462339410722
correlated_symmetric,786,0.11038079338332096,289.24696265576347,300.1943559256242,3.7847910897129755,0.34524579787126586,0.5956120863153858
correlated_symmetric,787,0.06840996129914141,293.14367124963803,300.1943559256242,2.4051976445303853,0.35389240541594613,0.5876947189422692
correlated_symmetric,788,-0.028461565370379555,303.41986522936827,300.1943559256242,-1.063051458844247,0.37562979155874754,0.5677907373158332
correlated_symmetric,789,-0.04897801406092395,305.86470423433434,300.1943559256242,-1.8538746806057924,0.38058632067905673,0.5632522712108429
correlated_symmetric,790,-0.09561571532358275,311.83544710497625,300.1943559256242,-3.7330878472687474,0.3923643937312916,0.5524676291573919
correlated_symmetric,791,-0.06993957017451984,308.4740736391193,300.1943559256242,-2.6840886872008025,0.3857897346009944,0.5584877447550588
correlated_symmetric,792,0.015170830157882073,298.54890904535125,300.1943559256242,0.5511481805559095,0.3655127158715691,0.5770544894557106
correlated_symmetric,793,0.05638280115988176,294.31722286524564,300.1943559256242,1.9968702487619803,0.3564516053318709,0.5853513633488215
correlated_symmetric,794,-0.07487342516448235,309.1054737397121,300.1943559256242,-2.8828728609289107,0.3870356256342703,0.5573469395499138
correlated_symmetric,795,-0.09392410735268554,311.60811544830307,300.1943559256242,-3.66285695295777,0.3919242180245912,0.5528706781964442
correlated_symmetric,796,0.025279339289290992,297.47952598569316,300.1943559256242,0.9126106850330367,0.3632472352262086,0.5791288915033862
correlated_symmetric,797,-0.05611087164462516,306.7396041425887,300.1943559256242,-2.133812565632018,0.3823408474681078,0.5616457318836765
correlated_symmetric,798,-0.019282580828275664,302.35917867609686,300.1943559256242,-0.7159771897620183,0.37345448484674915,0.5697825665372774
correlated_symmetric,799,0.03583375019170499,296.38520844990484,300.1943559256242,1.2852016116597833,0.3609120084130629,0.5812671586055175
correlated_symmetric,800,0.07479863237265898,292.53094914983114,300.1943559256242,2.6196909414422214,0.35254806558340246,0.588925677411958
correlated_symmetric,801,0.20380549150573954,281.5452463531553,300.1943559256242,6.6238410394173375,0.3274521636368297,0.611905148055364
correlated_symmetric,802,0.012387370163189027,298.8471168407093,300.1943559256242,0.45081214072177905,0.36614157625866073,0.576478669602199
correlated_symmetric,803,-0.03983609240809435,304.76239791706155,300.1943559256242,-1.4988863529944003,0.37836141108706167,0.5652895185376886
correlated_symmetric,804,-0.1839435306630988,325.0212398708015,300.1943559256242,-7.638542008837989,0.4168418808948765,0.5300545645747136
correlated_symmetric,805,-0.022248052257737534,302.69967925301785,300.1943559256242,-0.8276597231870533,0.3741544610781832,0.5691416301338331
correlated_symmetric,806,0.08948170519822485,291.14989023442666,300.1943559256242,3.106463713214928,0.3494972131551195,0.5917192242207271
correlated_symmetric,807,-0.02476974389667862,302.99085310212854,300.1943559256242,-0.9229642241251776,0.3747517871749657,0.5685946858435471
correlated_symmetric,808,0.25540576696512296,277.7806501035199,300.1943559256242,8.06885066103468,0.31839569585259864,0.620197933020035
correlated_symmetric,809,-0.13322317281535226,317.11938019248066,300.1943559256242,-5.337114450899698,0.40241769545000694,0.5432622589201587
correlated_symmetric,810,0.009467942226719636,299.16165642567705,300.1943559256242,0.3451978145480459,0.36680351864534444,0.5758725581195145
correlated_symmetric,811,0.04880941293823329,295.06997361208073,300.1943559256242,1.7366668152688276,0.3580824367757448,0.5838580783555309
correlated_symmetric,812,-0.11227193206389031,314.1202470176445,300.1943559256242,-4.433299420918268,0.39675300262819546,0.5484491753804863
correlated_symmetric,813,-0.05811091905608844,306.987306452252,300.1943559256242,-2.212778959863724,0.382835773888874,0.5611925505709164
correlated_symmetric,814,0.032015991236712484,296.77846744624117,300.1943559256242,1.1509893250600518,0.3617531884618478,0.5804969259013825
correlated_symmetric,815,0.20633026266600552,281.3535923496252,300.1943559256242,6.696471659969585,0.32699695650870986,0.6123219688919262
correlated_symmetric,816,-0.0036926350651893904,300.60243899393674,300.1943559256242,-0.13575507560028566,0.36981791321162594,0.5731124110789463
correlated_symmetric,817,-0.07872617943424726,309.60323319198557,300.1943559256242,-3.0390113079106253,0.38801423205859853,0.5564508744866079
correlated_symmetric,818,-0.025594099290382213,303.08636632358514,300.1943559256242,-0.9541868982893509,0.3749474769792369,0.5684155016161755
correlated_symmetric,819,-0.04391561011257398,305.2516881642456,300.1943559256242,-1.6567745354778156,0.37935098424286284,0.5643834119068397
correlated_symmetric,820,0.07237032449007988,292.76298458737926,300.1943559256242,2.5383575552485733,0.3530578236638614,0.5884589121469874
correlated_symmetric,821,0.006445399903260633,299.4892259271798,300.1943559256242,0.23544419545024664,0.3674914043523585,0.5752426915923902
correlated_symmetric,822,-0.04496042696405018,305.37767442883825,300.1943559256242,-1.6973469042583487,0.37960527387949905,0.5641505705894976
correlated_symmetric,823,0.008672034545850719,299.2477231132979,300.1943559256242,0.3163375154463233,0.36698440184642345,0.5757069313592104
correlated_symmetric,824,0.13303597895926686,287.2631588962349,300.1943559256242,4.501515989406876,0.34075373603407344,0.5997253084563317
correlated_symmetric,825,0.14870295956816657,285.93687136194325,300.1943559256242,4.986235072018268,0.3377157730362721,0.6025070692896283
correlated_symmetric,826,-0.07414165952900482,309.01140174640386,300.1943559256242,-2.8533076031982527,0.3868503237209703,0.5575166120107233
correlated_symmetric,827,0.08156934996790882,291.8894646068846,300.1943559256242,2.8452179080614046,0.35113457291117744,0.5902199571557514
correlated_symmetric,828,-0.2649697238449673,339.93031149897485,300.1943559256242,-11.6894416970728,0.4422302035427559,0.5068068002924065
correlated_symmetric,829,0.2120634960404093,280.92133616344137,300.1943559256242,6.860646480397531,0.3259680032483413,0.6132641539569773
correlated_symmetric,830,0.044716369480474916,295.48133115543493,300.1943559256242,1.5950330099569148,0.35897013056811033,0.5830452541994053
correlated_symmetric,831,0.038161359832932944,296.146863086341,300.1943559256242,1.3667181198887743,0.36040110105566414,0.5817349747952182
correlated_symmetric,832,-0.1041970933941234,313.001944282337,300.1943559256242,-4.0918558464799615,0.3946129896953888,0.5504086905817624
correlated_symmetric,833,0.011666554202671056,298.92460908397084,300.1943559256242,0.4247715989474464,0.3663047864768769,0.5763292251853946
correlated_symmetric,834,-0.04499945209269398,305.38238550673134,300.1943559256242,-1.698863401207127,0.37961477861073367,0.5641418675445937
correlated_symmetric,835,-0.15541818618754788,320.45966951588144,300.1943559256242,-6.323826527335574,0.408601929126461,0.5375996034342381
correlated_symmetric,836,-0.003466535280395229,300.5773652479539,300.1943559256242,-0.12742453910782728,0.3697657011693698,0.5731602193074602
correlated_symmetric,837,0.06912217765706856,293.07500260354004,300.1943559256242,2.429191592199677,0.3537420229647059,0.5878324181316856
correlated_symmetric,838,-0.01676064419104904,302.07122119085085,300.1943559256242,-0.6213320348186395,0.3728612913546522,0.570325726898322
correlated_symmetric,839,0.08454078250785708,291.6104608532549,300.1943559256242,2.9436169907117784,0.35051785588783924,0.5907846609748991
correlated_symmetric,840,0.13106307529906722,287.43276927484084,300.1943559256242,4.4398509894955165,0.341140220018461,0.5993714183618049
correlated_symmetric,841,-0.053389027274301386,306.4041918269444,300.1943559256242,-2.026681118262066,0.3816693949569384,0.5622605500010791
correlated_symmetric,842,0.013160572875282911,298.76411511518637,300.1943559256242,0.4787190757117642,0.3659666683485402,0.5766388250881858
correlated_symmetric,843,-0.012958136108871603,301.63982758632545,300.1943559256242,-0.4792045109784299,0.3719704997292209,0.5711413844685199
correlated_symmetric,844,0.06026609770365086,293.9354066383708,300.1943559256242,2.1293621475665945,0.35562120948226994,0.5861117228926581
correlated_symmetric,845,0.023258140007637373,297.69166200865885,300.1943559256242,0.8407000384487003,0.3636979379474553,0.5787162025217667
correlated_symmetric,846,-0.16175230764254891,321.4455729735129,300.1943559256242,-6.611140060603604,0.4104026663684992,0.5359507358464768
correlated_symmetric,847,-0.03959626593696856,304.7337629763799,300.1943559256242,-1.4896304913569918,0.37830339945040004,0.5653426371274902
correlated_symmetric,848,0.03657745304697191,296.3089377302573,300.1943559256242,1.311272695697079,0.3607486070391287,0.5814167783017299
correlated_symmetric,849,0.1830501429693563,283.1516244305558,300.1943559256242,6.018941805240551,0.3312433305212993,0.6084336837683527
correlated_symmetric,850,0.0171176638540709,298.3413024905052,300.1943559256242,0.6211186381671028,0.3650741731249193,0.5774560438592795
correlated_symmetric,851,0.042690513008051136,295.6861252993077,300.1943559256242,1.5246676257646705,0.3594111476667434,0.5826414333465135
correlated_symmetric,852,-0.04081888759252463,304.87989190925987,300.1943559256242,-1.5368465116847332,0.3785993285326845,0.5650716684684525
correlated_symmetric,853,0.01718713327780477,298.33390907091086,300.1943559256242,0.6236122673776082,0.36505854420137307,0.5774703545816093
correlated_symmetric,854,-0.12966440774385615,316.59972478621296,300.1943559256242,-5.181738193760788,0.4014438702650772,0.5441539498531711
correlated_symmetric,855,-0.03680792085011537,304.40188562219754,300.1943559256242,-1.382228525941331,0.3776302515733555,0.565959007722307
correlated_symmetric,856,-0.013985573229419679,301.75606215806874,300.1943559256242,-0.5175393068413165,0.37221076503608386,0.5709213843897628
correlated_symmetric,857,-0.06283263386336012,307.57628162782726,300.1943559256242,-2.400030868158844,0.38400938599162326,0.5601179280438785
correlated_symmetric,858,0.08582217135654135,291.4906142056255,300.1943559256242,2.985942358287692,0.35025258136699344,0.591027562596175
correlated_symmetric,859,-0.03926957653965219,304.69477973622986,300.1943559256242,-1.4770268839202283,0.37822440562788595,0.5654149681410295
correlated_symmetric,860,0.08503031608220597,291.56464209572675,300.1943559256242,2.959794359106189,0.35041646412080085,0.5908775014919768
correlated_symmetric,861,-0.12222910207329639,315.52767128689055,300.1943559256242,-4.859578653982667,0.39942472458967015,0.5460027956518774
correlated_symmetric,862,0.11112034009041726,289.1809315761936,300.1943559256242,3.8084891314933786,0.34509727060816275,0.5957480873254976
correlated_symmetric,863,-0.11320139904725464,314.2502826233768,300.1943559256242,-4.47284456847994,0.3970008535182947,0.5482222291918118
correlated_symmetric,864,0.08189395651563763,291.8589112109688,300.1943559256242,2.85598431107357,0.3510670943874148,0.5902817446108489
correlated_symmetric,865,0.019462902040301638,298.0922623162762,300.1943559256242,0.7051822120487246,0.3645473012601188,0.577938477437818
correlated_symmetric,866,0.05388183064055865,294.5646111091908,300.1943559256242,1.9112088160334157,0.3569884903637698,0.5848597597976539
correlated_symmetric,867,0.06331553391127304,293.63752785462515,300.1943559256242,2.2329666507222625,0.3549718662037773,0.5867063001718671
correlated_symmetric,868,0.1551280535580482,285.4033153565802,300.1943559256242,5.182504817985112,0.3364856594671545,0.6036334443609996
correlated_symmetric,869,0.04523570234569422,295.4289592860613,300.1943559256242,1.6130431664786948,0.3588572513978999,0.5831486129296832
correlated_symmetric,870,-0.04207566460024063,305.03049210075676,300.1943559256242,-1.5854599131470042,0.3789040157868985,0.5647926803598051
correlated_symmetric,871,-0.07410587273671454,309.00680500278185,300.1943559256242,-2.8518624620834125,0.3868412662177829,0.5575249055507758
correlated_symmetric,872,-0.08644409670580443,310.613010559585,300.1943559256242,-3.354223512785589,0.38998984174739815,0.5546418988617923
correlated_symmetric,873,0.05414660569268139,294.5383649541753,300.1943559256242,1.9202900689453175,0.3569315733935724,0.5849118763224372
correlated_symmetric,874,0.08993916505140005,291.10745843637596,300.1943559256242,3.1214925024788664,0.34940302015953983,0.5918054731415082
correlated_symmetric,875,-0.046962940754067845,305.6199144383004,300.1943559256242,-1.7752634093389528,0.38009362003068925,0.5637034145018163
correlated_symmetric,876,-0.1108326794974666,313.91942900944076,300.1943559256242,-4.372164261105283,0.3963698353784204,0.5488000247859168
correlated_symmetric,877,-0.0815641463461689,309.9725628043321,300.1943559256242,-3.1545394825413258,0.38873831126085767,0.555787868268771
correlated_symmetric,878,0.038480725990619934,296.1142434428815,300.1943559256242,1.377884574312869,0.3603311149476385,0.5817990581112645
correlated_symmetric,879,0.19608184065425185,282.1365432763742,300.1943559256242,6.400380624058694,0.32885268633263887,0.6106227280974472
correlated_symmetric,880,-0.03976007344063289,304.75331981106217,300.1943559256242,-1.4959521649392915,0.37834302089733385,0.5653063575892874
correlated_symmetric,881,0.08625951994784999,291.44977408095446,300.1943559256242,3.000373519672323,0.35016213397501506,0.5911103817823377
correlated_symmetric,882,0.03563657552795366,296.40544810635487,300.1943559256242,1.2782854847896843,0.3609553554664884,0.5812274675516333
correlated_symmetric,883,0.040694993354756875,295.88863058029284,300.1943559256242,1.455184451287314,0.3598466355585682,0.5822426754187078
correlated_symmetric,884,0.009615077313161987,299.1457605936274,300.1943559256242,0.3505298988412759,0.3667700995721416,0.5759031584900776
correlated_symmetric,885,0.017034140227349934,298.3501929915524,300.1943559256242,0.6181202417134226,0.36509296569799643,0.577438836321406
correlated_symmetric,886,0.04226650502795228,295.72908887271177,300.1943559256242,1.5099181044156262,0.35950359073103855,0.5825567871193853
correlated_symmetric,887,0.050932362322335355,294.8578729429061,300.1943559256242,1.8098492434527678,0.35762376399768814,0.5842780659797153
correlated_symmetric,888,0.08008439476531595,292.0294686021577,300.1943559256242,2.79591212576901,0.3514435973530261,0.5899369955383486
correlated_symmetric,889,0.020617686008313558,297.9700560559193,300.1943559256242,0.7464843612632936,0.36428843839152203,0.5781755068992105
correlated_symmetric,890,0.0973265759193428,290.42712062915564,300.1943559256242,3.363058957892675,0.34788900202367223,0.5931918021195768
correlated_symmetric,891,-0.10204240492847187,312.70694722870303,300.1943559256242,-4.0013793789901095,0.3940459241405857,0.5509279272183925
correlated_symmetric,892,-0.0022272809801039666,300.4401375659053,300.1943559256242,-0.08180719203243507,0.3694797922406293,0.5734220133173437
correlated_symmetric,893,-0.08366429276128824,310.24734933563116,300.1943559256242,-3.24031564863796,0.38927591806244743,0.5552956062584177
correlated_symmetric,894,0.14080149456801014,286.6012346896465,300.1943559256242,4.7428690426603985,0.3392410620384172,0.6011104127261443
correlated_symmetric,895,-0.06462164948940828,307.80099437124505,300.1943559256242,-2.4712845587647156,0.3844559725836565,0.5597090092680502
correlated_symmetric,896,0.025690368944854065,297.4364882891098,300.1943559256242,0.927212277275741,0.36315571919736067,0.5792126887784417
correlated_symmetric,897,0.014172273690892523,298.6557020026174,300.1943559256242,0.5151932183747033,0.365738065110105,0.576848147037907
correlated_symmetric,898,-0.13515766651150277,317.40366019010196,300.1943559256242,-5.421898491709453,0.40294908167169907,0.542775690625252
correlated_symmetric,899,-0.009143408223274958,301.2103730585629,300.1943559256242,-0.33731146859976097,0.371081177874934,0.5719556963692326
correlated_symmetric,900,-0.14425635184842825,318.7580675146829,300.1943559256242,-5.823762119590463,0.40546777045714943,0.540469429935123
correlated_symmetric,901,0.09489633037132132,290.6499221178686,300.1943559256242,3.2838246568960168,0.3483856030096125,0.5927370833247331
correlated_symmetric,902,-0.06740373435072866,308.1521587317493,300.1943559256242,-2.5824264346797747,0.3851525606458355,0.559071175641788
correlated_symmetric,903,0.0053937082817281734,299.6036648928356,300.1943559256242,0.19715747903148095,0.36773136808496043,0.57502296743829
correlated_symmetric,904,-0.03298909896812907,303.9504643464736,300.1943559256242,-1.23576334351896,0.3767122728460851,0.5667995587419559
correlated_symmetric,905,0.13332861337234295,287.2380512323132,300.1943559256242,4.510650534539452,0.340696485487054,0.5997777308197886
correlated_symmetric,906,-0.1257242698297675,316.0293381467835,300.1943559256242,-5.010605127364647,0.4003712882874021,0.5451360677540498
correlated_symmetric,907,-0.04739783048947375,305.67265686133635,300.1943559256242,-1.7922116397206156,0.38019984403521223,0.5636061500726067
correlated_symmetric,908,0.09801460127298668,290.36422198523985,300.1943559256242,3.385449444554525,0.3477486696685518,0.5933202991843582
correlated_symmetric,909,-0.07776439475243885,309.47858443321036,300.1943559256242,-2.9999583087759008,0.3877694652188265,0.5566749962761466
correlated_symmetric,910,-0.031049510725482832,303.72254934030764,300.1943559256242,-1.161650138373569,0.3762477642183035,0.5672248880187486
correlated_symmetric,911,0.01680691093650252,298.3743873288389,300.1943559256242,0.6099614022096089,0.36514410156061616,0.5773920134472657
correlated_symmetric,912,-0.2415363365170724,335.28693850200057,300.1943559256242,-10.466432940443028,0.4345653347188543,0.5138255422369412
correlated_symmetric,913,-0.10575194483270156,313.2157038968905,300.1943559256242,-4.157310061168851,0.39502322703537984,0.5500330544937713
correlated_symmetric,914,0.07398279418504543,292.60878933802024,300.1943559256242,2.5923919116596217,0.35271916260341685,0.5887690106424505
correlated_symmetric,915,-0.09693891734762607,312.0138647563505,300.1943559256242,-3.7881357740163324,0.3927094093845649,0.5521517138582509
correlated_symmetric,916,-0.09777038534755118,312.12624657871237,300.1943559256242,-3.8227770922427533,0.3929265255766994,0.5519529103235954
correlated_symmetric,917,-0.15874976059066367,320.9763651278929,300.1943559256242,-6.474622888195553,0.4095470454576906,0.5367341961251915
correlated_symmetric,918,0.042491239757930864,295.7063127709184,300.1943559256242,1.5177366734753157,0.35945458761624016,0.5826016572108813
correlated_symmetric,919,-0.024335528031928108,302.9406079506967,300.1943559256242,-0.9065314959424043,0.3746487941616785,0.5686889918497258
correlated_symmetric,920,-0.07668356879328594,309.3388182355423,300.1943559256242,-2.9561315201492566,0.38749477838000757,0.5569265144312718
correlated_symmetric,921,-0.03815080915662406,304.5614800035876,300.1943559256242,-1.4339055871123003,0.37795414046477926,0.5656624375356866
correlated_symmetric,922,0.09660147306319115,290.493494006789,300.1943559256242,3.3394420594522956,0.34803702092370514,0.5930562667837431
correlated_symmetric,923,0.020369373983710522,297.99631063368554,300.1943559256242,0.7376082231570474,0.36434406993968527,0.5781245675104768
correlated_symmetric,924,-0.2522062302082158,337.36457790975885,300.1943559256242,-11.017820013717396,0.4380210180534363,0.510661179305541
correlated_symmetric,925,0.06125598664925152,293.8385239045164,300.1943559256242,2.1630356485091604,0.355410160128523,0.5863049722009972
correlated_symmetric,926,-0.06861337923717872,308.3054996465771,300.1943559256242,-2.6308786999424347,0.38545623798007456,0.5587931122762707
correlated_symmetric,927,0.05661344324531814,294.2944673069193,300.1943559256242,2.0047568928817014,0.3564021756111586,0.5853966241170756
correlated_symmetric,928,0.018971839731307696,298.1443133306381,300.1943559256242,0.6876007702728307,0.36465749365411326,0.5778375790643778
correlated_symmetric,929,-0.02434028825553768,302.9411585360328,300.1943559256242,-0.9067115949785515,0.37464992294212696,0.5686879582769299
correlated_symmetric,930,0.055746448306370544,294.38005800523104,300.1943559256242,1.9750991149984314,0.3565880564109797,0.5852264206957725
correlated_symmetric,931,-0.06760168050674369,308.17722415350784,300.1943559256242,-2.5903498384122066,0.3852022210307461,0.5590257039121173
correlated_symmetric,932,-0.050566638593545876,306.058422379799,300.1943559256242,-1.9159957790339357,0.3809756682298602,0.5628957635963062
correlated_symmetric,933,0.021918846870358426,297.8326897347775,300.1943559256242,0.7929506304193193,0.36399720921840784,0.5784421727985798
correlated_symmetric,934,-0.006578930332756544,300.923522011983,300.1943559256242,-0.24230943512940925,0.37048574788932254,0.5725009048241245
correlated_symmetric,935,-0.009325345728867023,301.2307801577361,300.1943559256242,-0.34406319021222126,0.37112349462979144,0.5719169488227352
correlated_symmetric,936,0.10990615170395979,289.28938765384373,300.1943559256242,3.7695707956038453,0.345341190933133,0.5955247383651864
correlated_symmetric,937,-0.2629246594055503,339.513137717911,300.1943559256242,-11.580930875480668,0.4415501479468821,0.5074295345542829
correlated_symmetric,938,0.06358957065657031,293.61084249469843,300.1943559256242,2.242258281400036,0.3549136307325682,0.5867596240363498
correlated_symmetric,939,0.013186689910668924,298.7613137140116,300.1943559256242,0.4796612365228852,0.36596076331545613,0.576644232067584
correlated_symmetric,940,-0.022815952333170592,302.76512225858187,300.1943559256242,-0.8490959307928599,0.37428881366034283,0.5690186095918703
correlated_symmetric,941,-0.009350137478437973,301.2335615150183,300.1943559256242,-0.3449833359096974,0.37112926168926674,0.5719116681861444
correlated_symmetric,942,-0.10896719427801689,313.66010781915116,300.1943559256242,-4.29310312591328,0.39587431623197655,0.549253749816632
correlated_symmetric,943,-0.09814199306721601,312.17654054499417,300.1943559256242,-3.838271959338004,0.39302364042639504,0.5518639866190227
correlated_symmetric,944,-0.12239204708615224,315.550969861552,300.1943559256242,-4.86660330743572,0.3994687518592436,0.545962481771923
correlated_symmetric,945,-0.0038813573210757686,300.62337639978057,300.1943559256242,-0.1427102839753279,0.36986150531853346,0.5730724957395597
correlated_symmetric,946,0.2638959770870882,277.19052553591894,300.1943559256242,8.298923761997198,0.31695373833293683,0.6215183026100354
correlated_symmetric,947,-0.02969554038863288,303.563988596514,300.1943559256242,-1.110023849162342,0.37592419359891693,0.5675211668290192
correlated_symmetric,948,-0.04099858776608616,304.90140127045737,300.1943559256242,-1.5437926245074376,0.3786428636888487,0.5650318053274188
correlated_symmetric,949,0.29310208613182515,275.2193618632291,300.1943559256242,9.074577418287348,0.3120924258454657,0.625969711719909
correlated_symmetric,950,0.06334819609830042,293.6343465310405,300.1943559256242,2.234074273695457,0.35496492415574743,0.586712656724271
correlated_symmetric,951,0.09033692880263366,291.07059261319955,300.1943559256242,3.1345534533435804,0.3493211606021752,0.591880428808035
correlated_symmetric,952,0.01666513491204215,298.3894884640535,300.1943559256242,0.6048696523665082,0.3651760143128445,0.5773627923353719
correlated_symmetric,953,-0.05081488163348569,306.0887519634034,300.1943559256242,-1.9257146824147051,0.3810365820151502,0.5628399876498312
correlated_symmetric,954,0.29427389857836134,275.14212014005756,300.1943559256242,9.105198350879228,0.31190051330393265,0.6261454425978756
correlated_symmetric,955,0.13749403543826447,286.88205843430643,300.1943559256242,4.640338111059042,0.33988367183884594,0.600521996589788
correlated_symmetric,956,-0.0022125866597413157,300.43851244714597,300.1943559256242,-0.0812667189479238,0.369476404799545,0.5734251150456352
correlated_symmetric,957,0.13656655716436536,286.9610993265292,300.1943559256242,4.611515857080354,0.3400643145652523,0.6003565881704126
correlated_symmetric,958,0.10940982103153192,289.3337899753062,300.1943559256242,3.7536459019338606,0.34544100007152934,0.5954333467791003
correlated_symmetric,959,-0.2303029554846463,333.162652014716,300.1943559256242,-9.895555786257685,0.4309874754076587,0.5171017570538033
correlated_symmetric,960,0.1665608158608012,284.46838172636996,300.1943559256242,5.528197581684518,0.3343190446056211,0.6056173451863094
correlated_symmetric,961,0.19331841057920487,282.34995240733826,300.1943559256242,6.319959810916611,0.3293567185120184,0.6101612000197512
correlated_symmetric,962,0.017398824363028826,298.31138564968745,300.1943559256242,0.6312096575985126,0.3650109272463997,0.577513955346879
correlated_symmetric,963,-0.055118379567223895,306.6170754784905,300.1943559256242,-2.094703806969434,0.38209573107246086,0.5618701736696309
correlated_symmetric,964,0.019163277711443327,298.12401556775797,300.1943559256242,0.6944560819508041,0.3646145277118188,0.5778769211050686
correlated_symmetric,965,-0.021463875403604126,302.60943803627924,300.1943559256242,-0.7980855211678763,0.37396910318322674,0.5693113539223248
correlated_symmetric,966,-0.045707338203105415,305.4679077990295,300.1943559256242,-1.7263849127073578,0.37978727125663114,0.5639839239690305
correlated_symmetric,967,0.053160871347300555,294.6361438268634,300.1943559256242,1.8864664825463398,0.3571435635380217,0.584717765686379
correlated_symmetric,968,-0.2183986895699701,330.97894769783176,300.1943559256242,-9.301072465887595,0.427261643656329,0.5205134456129694
correlated_symmetric,969,0.050677853247867444,294.88325544339256,300.1943559256242,1.801085814196464,0.35767868901502264,0.5842277734173645
correlated_symmetric,970,-0.05789369449345141,306.9603526102154,300.1943559256242,-2.2041923743757192,0.38278195696994444,0.5612418282433029
correlated_symmetric,971,-0.03397887288784082,304.06712236232966,300.1943559256242,-1.2736551083252607,0.3769497615945362,0.5665821011796357
correlated_symmetric,972,-0.05522198870780289,306.62985455603445,300.1943559256242,-2.098784099065664,0.38212130453799187,0.5618467572259359
correlated_symmetric,973,0.1355365625263848,287.0490275072433,300.1943559256242,4.579471504410243,0.3402651517320645,0.6001726884056734
correlated_symmetric,974,-0.17945885718202445,324.28291314230336,300.1943559256242,-7.428253614493861,0.4155239073778483,0.5312613915244029
correlated_symmetric,975,0.01613225605393384,298.44628517007743,300.1943559256242,0.5857237440736137,0.36529601208562734,0.577252915623865
correlated_symmetric,976,0.17787287866071191,283.5611031127912,300.1943559256242,5.865844303129562,0.33220286061000104,0.607555070468548
correlated_symmetric,977,0.05525231496808484,294.4289021657684,300.1943559256242,1.9581819982502109,0.3566940848323764,0.5851293348263986
correlated_symmetric,978,0.051850099927989925,294.76644762424803,300.1943559256242,1.8414267787680467,0.3574258509957463,0.5844592867230002
correlated_symmetric,979,-0.050013372706791126,305.9908831067662,300.1943559256242,-1.8943463681953756,0.3808399793040216,0.5630200076938892
correlated_symmetric,980,0.10765992117782537,289.4906544149708,300.1943559256242,3.6974255808998273,0.3457933605048853,0.5951107032238562
correlated_symmetric,981,-0.14374578567087729,318.68129962422137,300.1943559256242,-5.801075783359848,0.4053255834650872,0.5405996248616541
correlated_symmetric,982,0.09137700253029339,290.9743223601579,300.1943559256242,3.168676016041753,0.34910729733022705,0.592076255241869
correlated_symmetric,983,-0.059386524777591904,307.1458387352386,300.1943559256242,-2.2632515023609376,0.38315211345422406,0.560902893009412
correlated_symmetric,984,0.04536577741751884,295.4158500604822,300.1943559256242,1.6175522959122413,0.358828990301161,0.5831744904334303
correlated_symmetric,985,-0.040059542846305814,304.78909046416476,300.1943559256242,-1.507512795665748,0.37841547780495943,0.5652400121289197
correlated_symmetric,986,-0.05613035453488017,306.7420119952158,300.1943559256242,-2.134580792178451,0.3823456623721997,0.5616413230979208
correlated_symmetric,987,-0.15112558023535186,319.7999429134891,300.1943559256242,-6.130578639023858,0.4073907468512884,0.5387086363968032
correlated_symmetric,988,-0.04229476757789404,305.05678779708614,300.1943559256242,-1.593943182374376,0.3789571851591479,0.5647439956110302
correlated_symmetric,989,0.02337136584765126,297.67975621062436,300.1943559256242,0.8447331948298986,0.36367265998430076,0.5787393484574386
correlated_symmetric,990,-0.03034608342196453,303.6401171106362,300.1943559256242,-1.134817499677243,0.3760795891715599,0.5673788782123378
correlated_symmetric,991,0.05766007586401819,294.19132907630075,300.1943559256242,2.0405179405428857,0.35617804244673335,0.5856018536755471
correlated_symmetric,992,-0.2528366298527325,337.4892125110403,300.1943559256242,-11.050681089309204,0.438226965923761,0.5104725924222011
correlated_symmetric,993,0.003906855010212467,299.76586430558785,300.1943559256242,0.14294209950455017,0.3680711654609288,0.5747118300642046
correlated_symmetric,994,-0.08435900040525623,310.338524060296,300.1943559256242,-3.268742791565522,0.38945408672232795,0.5551324653398223
correlated_symmetric,995,-0.014887905960109249,301.85834347659727,300.1943559256242,-0.5512478243299094,0.3724220349136864,0.5707279341225355
correlated_symmetric,996,0.15869983288126324,285.1092540063281,300.1943559256242,5.290989930113348,0.3358057332983785,0.6042560310224017
correlated_symmetric,997,0.09769655634657486,290.3932875915683,300.1943559256242,3.3751015443032197,0.34781352512294883,0.5932609134805555
correlated_symmetric,998,0.06676346973907538,293.3027685104803,300.1943559256242,2.349649630019664,0.3542405535227249,0.5873759336936347
correlated_symmetric,999,0.035653825839678,296.4036770830484,300.1943559256242,1.2788906264188153,0.3609515627213298,0.5812309404070998
independent_signed,0,-0.032290843599116895,311.716266415803,300.1943559256242,-3.696281436532255,0.3922040487976278,0.5526788556619551
independent_signed,1,-0.014288977294644062,302.9878016425774,300.1943559256242,-0.9219663966038061,0.37474531365526653,0.5686004131611594
independent_signed,2,-0.031472529128421654,309.66647702738766,300.1943559256242,-3.058813854405589,0.3881805480950481,0.5563372281653306
independent_signed,3,-0.05017827276452366,308.7492013707158,300.1943559256242,-2.770807311277792,0.38633518763751207,0.5579900748761083
independent_signed,4,-0.011097589540425501,307.0923866857421,300.1943559256242,-2.2462395875599683,0.3830865058247368,0.5610005219213751
independent_signed,5,-0.03676525099008284,307.06839611347056,300.1943559256242,-2.2386023032165703,0.38299097729458764,0.5610443547137878
independent_signed,6,-0.020826471683234923,308.47697454496074,300.1943559256242,-2.685003842362737,0.38583969305659394,0.5584824932216418
independent_signed,7,-0.055381396962677076,305.60439584920806,300.1943559256242,-1.7702755578991314,0.3800423153191812,0.5637320400755128
independent_signed,8,-0.03651956032086722,308.47298818731224,300.1943559256242,-2.6837462529007667,0.38581527470389465,0.5584897090734382
independent_signed,9,-0.022297957007608196,304.69308027005746,300.1943559256242,-1.4764773589363778,0.37822925114160943,0.5654181208922876
independent_signed,10,-0.0650463737236153,309.38667108471,300.1943559256242,-2.9711412992865807,0.3875981699738672,0.5568403741976956
independent_signed,11,-0.039962609713124174,310.3999517716703,300.1943559256242,-3.287885770534305,0.38961571147760865,0.5550226055899262
independent_signed,12,-0.03617524427469584,307.9593507914841,300.1943559256242,-2.52143500299735,0.38479788854446884,0.559421200703798
independent_signed,13,-0.021471354366475168,306.49306201797435,300.1943559256242,-2.0550892900736333,0.3818740696525703,0.5620975173555722
independent_signed,14,-0.03308097897165511,305.2305109170965,300.1943559256242,-1.6499513683414724,0.3793113048566412,0.5644225705870013
independent_signed,15,-0.05611586581138245,311.9266362848388,300.1943559256242,-3.761230685186229,0.39257745770272645,0.5523061180919174
independent_signed,16,-0.04530011370587672,306.46844736770066,300.1943559256242,-2.0472226410142604,0.3817990080576804,0.5621426637130167
independent_signed,17,-0.04388462648382003,307.23762988658297,300.1943559256242,-2.292451599616484,0.3833466336733167,0.5607353158391934
independent_signed,18,-0.025646723588666407,306.2999561205368,300.1943559256242,-1.9933402120729944,0.3814786269409487,0.5624518914227394
independent_signed,19,-0.033712453430366766,306.36109952190213,300.1943559256242,-2.012900334246595,0.3815896055179163,0.562339637760445
independent_signed,20,-0.05047919323833469,308.42261697948123,300.1943559256242,-2.6678526803384273,0.3857052489040007,0.5585809223513232
independent_signed,21,-0.026356811404399733,304.1783763975932,300.1943559256242,-1.309764526706996,0.37717867617077194,0.5663748719262433
independent_signed,22,-0.026854769396345613,305.69234729891406,300.1943559256242,-1.7985374582876796,0.38025481706299746,0.5635698464444502
independent_signed,23,-0.03886341388977493,304.2684300392482,300.1943559256242,-1.338973653329214,0.37734766149298915,0.5662072434258136
independent_signed,24,-0.012305189716117881,306.721942120008,300.1943559256242,-2.1281771200541644,0.38233817834921835,0.5616780730988086
independent_signed,25,-0.06401686379778941,312.734361663065,300.1943559256242,-4.009794661115994,0.39414102192614775,0.5508796326387954
independent_signed,26,-0.05834923270196667,313.0825729350871,300.1943559256242,-4.116555223319653,0.39483363018756434,0.5502669397560157
independent_signed,27,-0.03980849882411939,310.40906730998256,300.1943559256242,-3.2907258389322958,0.3896270957624316,0.5550063061003093
independent_signed,28,-0.05712149725935539,313.0044997878881,300.1943559256242,-4.092638882490462,0.3946576535576304,0.5504041979397127
independent_signed,29,-0.02701529371322751,307.31105750262446,300.1943559256242,-2.3157974317079253,0.3835081589375742,0.560601335827253
independent_signed,30,-0.01140781825207616,304.2394564774836,300.1943559256242,-1.3295778919322223,0.3773110409375149,0.5662611660179159
independent_signed,31,-0.0395790636385721,313.0205737446302,300.1943559256242,-4.097563832807338,0.3947247895015895,0.5503759311888506
independent_signed,32,-0.027365903230140962,306.9329255556124,300.1943559256242,-2.195453491276634,0.38275732078814884,0.5612919798929645
independent_signed,33,-0.060008067840285374,312.6336271857007,300.1943559256242,-3.9788654125449123,0.3939494939595034,0.5510571312989252
independent_signed,34,-0.03266669750009017,304.78291571237384,300.1943559256242,-1.5055173863747255,0.3783874096451727,0.5652514652022115
independent_signed,35,-0.06405601329202698,310.34689793950787,300.1943559256242,-3.2713528252705646,0.3894977214246317,0.5551174854489189
independent_signed,36,-0.04389382344967959,305.8722657249424,300.1943559256242,-1.8563009581339647,0.3805971087793929,0.5632383474298918
independent_signed,37,-0.0289692315906374,306.42601622589336,300.1943559256242,-2.0336590140163686,0.38172330004052923,0.56222050575051
independent_signed,38,-0.015446592215332977,303.91164282230216,300.1943559256242,-1.223147248376871,0.3766295173395442,0.5668719626554942
independent_signed,39,-0.015506901235366336,314.28241302303894,300.1943559256242,-4.4826107073264625,0.39716730643337506,0.5481661811441245
independent_signed,40,-0.06231360198588565,310.6699951622278,300.1943559256242,-3.3719507515147473,0.39011693373495904,0.5545401631935141
independent_signed,41,-0.05651469816941646,308.9623598451294,300.1943559256242,-2.837887412531495,0.38676754696204807,0.5576051066202644
independent_signed,42,-0.05798051171777435,311.9598665720977,300.1943559256242,-3.771482138313567,0.3926395131118605,0.5522472868452949
independent_signed,43,-0.024875859739627835,307.01307955765316,300.1943559256242,-2.220987992385668,0.38291768139592985,0.5611454391879143
independent_signed,44,-0.01755222181317993,307.65779589635827,300.1943559256242,-2.425890086415453,0.384208825564173,0.5599695239635135
independent_signed,45,-0.021082242058148182,308.7956286418047,300.1943559256242,-2.785425672640504,0.3864736359288068,0.5579061794897604
independent_signed,46,-0.02013943835634222,304.39447621691176,300.1943559256242,-1.379828025622424,0.37762329206291223,0.565972784029691
independent_signed,47,-0.02067410676111561,307.7580870648004,300.1943559256242,-2.4576872085845767,0.3844089426951668,0.559787041724481
independent_signed,48,-0.03462110608146738,310.29610121328466,300.1943559256242,-3.255517954676754,0.38942193339199127,0.5552083605782197
independent_signed,49,-0.02314638588113553,306.29031845301574,300.1943559256242,-1.9902563548794077,0.381453347081954,0.5624695898246115
independent_signed,50,-0.050753931414286156,311.9331913968838,300.1943559256242,-3.7632530923340637,0.39260349167357933,0.5522945123032911
independent_signed,51,-0.05116793372200588,304.4563131898668,300.1943559256242,-1.3998583966247826,0.3777099103735304,0.5658578323729755
independent_signed,52,-0.02325108825930827,306.4874909977604,300.1943559256242,-2.053308946361588,0.38186073182806923,0.5621077348534054
independent_signed,53,-0.04337573227280955,306.58345467318054,300.1943559256242,-2.083967236381731,0.3820363232028734,0.561931790221584
independent_signed,54,-0.051790876396835515,310.7321377330864,300.1943559256242,-3.391275162054192,0.3902560799632948,0.5544292616234601
independent_signed,55,-0.00437043120715495,303.61364832872715,300.1943559256242,-1.1261985164121506,0.37603458280751334,0.5674283407189157
independent_signed,56,-0.058827348278827844,308.8603262455088,300.1943559256242,-2.8057894081858,0.3865596070266265,0.5577893150480635
independent_signed,57,-0.030634520763825463,309.3226923532626,300.1943559256242,-2.9510723439628346,0.38750349445052723,0.5569555490408988
independent_signed,58,-0.040775150228738184,304.87864354419213,300.1943559256242,-1.5364433415582683,0.37858985972209114,0.5650739822512559
independent_signed,59,-0.02013471211245127,305.1301006086242,300.1943559256242,-1.6175869483721763,0.37912122970680484,0.56460830689306
independent_signed,60,-0.027295534223984858,304.2578175613613,300.1943559256242,-1.3355323680114146,0.3773348040724197,0.5662269929936733
independent_signed,61,-0.049554173979070894,306.643895861479,300.1943559256242,-2.1032670217470235,0.38214413361163857,0.5618210317128687
independent_signed,62,-0.03302995384042224,308.08255285956,300.1943559256242,-2.5604166353203466,0.3850366695086832,0.5591974898399341
independent_signed,63,-0.04635016285708816,308.87225234997345,300.1943559256242,-2.8095422487211885,0.3865957170116747,0.5577677778504185
independent_signed,64,-0.03373221237409068,306.91981616042074,300.1943559256242,-2.1912759882800312,0.38270344589191607,0.5613159554668566
independent_signed,65,-0.054871820499745864,310.1549817248477,300.1943559256242,-3.2114995360803134,0.3891187057689697,0.5554609790502174
independent_signed,66,-0.049296719123358625,308.5573273705926,300.1943559256242,-2.710346085842267,0.38597316626966294,0.558337055950321
independent_signed,67,-0.06084632892925677,318.4194012776284,300.1943559256242,-5.723597644765957,0.4049486693906358,0.5410442618289382
independent_signed,68,-0.041124248474654256,313.73979611513937,300.1943559256242,-4.317412185907109,0.3961071387865446,0.54911423987654
independent_signed,69,-0.027727420061100183,310.3021493350491,300.1943559256242,-3.2574036084136035,0.38944229213780257,0.5551975377688562
independent_signed,70,-0.01517784405252981,304.93454575141885,300.1943559256242,-1.5544941994400363,0.37872648467039705,0.5649703902308055
independent_signed,71,-0.02386355182844913,306.4362023326899,300.1943559256242,-2.0369154687177162,0.38174704014384686,0.5622018163874979
independent_signed,72,-0.04321554605497858,305.95964317173826,300.1943559256242,-1.8843293142677406,0.3807788987445734,0.5630774945039467
independent_signed,73,-0.04407994088484812,307.78797691606803,300.1943559256242,-2.467159720314399,0.3844475051405938,0.5597326813261841
independent_signed,74,-0.03719866902843144,309.48620931841515,300.1943559256242,-3.00234812182891,0.3878241405275089,0.5566612818511957
independent_signed,75,-0.02001445718124223,307.6292270114225,300.1943559256242,-2.4168285822602247,0.384162813164003,0.5600215248271332
independent_signed,76,-0.047682351839277125,310.98764395368255,300.1943559256242,-3.4706485090018058,0.39074481798930116,0.5539737466860013
independent_signed,77,-0.04996333866373268,309.7067815436876,300.1943559256242,-3.0714295536733527,0.3882429446959129,0.5562648281291898
independent_signed,78,-0.03419665060649127,307.1263095850376,300.1943559256242,-2.2570367445170056,0.3831275469541875,0.5609385589558946
independent_signed,79,-0.040262716895393645,309.16005567363555,300.1943559256242,-2.900018803682699,0.38715340768193884,0.5572485411608884
independent_signed,80,-0.05052955163051346,307.1053905587055,300.1943559256242,-2.250378809863377,0.3830659365005097,0.5609767688845244
independent_signed,81,-0.02097479425515408,304.67318077394486,300.1943559256242,-1.4700423703009646,0.3781897426646289,0.5654550518361784
independent_signed,82,-0.04437273297341284,306.68425494906666,300.1943559256242,-2.11615005293319,0.3822347585256227,0.5617470949685647
independent_signed,83,-0.03363093456473112,304.29987193107127,300.1943559256242,-1.3491678387485513,0.3774212944793165,0.5661487399037258
independent_signed,84,-0.04938041327118301,307.83984614151046,300.1943559256242,-2.483593437209456,0.38454243055939874,0.5596383692514646
independent_signed,85,-0.054446978955082014,309.0192855738119,300.1943559256242,-2.8557860496638012,0.3868719497645262,0.557502389149438
independent_signed,86,-0.03503829343414125,303.37043223616917,300.1943559256242,-1.0469300805400892,0.37551375327475267,0.5678832571464719
independent_signed,87,-0.026548918668373094,303.37518130284394,300.1943559256242,-1.0484791021993536,0.3755148524250942,0.5678743686645423
independent_signed,88,-0.04606319127024797,309.2885534127561,300.1943559256242,-2.940360186881968,0.3874264449797844,0.5570170233330283
independent_signed,89,-0.05314101154327346,309.6183527743624,300.1943559256242,-3.043746200538056,0.3880759652719331,0.5564236997756177
independent_signed,90,-0.05643755546499538,308.99644153743395,300.1943559256242,-2.848604200104804,0.3868377117558105,0.5575436042858215
independent_signed,91,-0.04204629641016735,315.6855573404716,300.1943559256242,-4.907161906726022,0.3998242556915105,0.5457297161528546
independent_signed,92,-0.04227248062181196,310.1565604680393,300.1943559256242,-3.21199220399584,0.38913565405379724,0.5554581517073489
independent_signed,93,-0.0690498281500735,309.3850763087532,300.1943559256242,-2.970641148171288,0.3875701188464118,0.5568432459233188
independent_signed,94,-0.03070863466509287,308.4438572987773,300.1943559256242,-2.674555248205868,0.3857721982889677,0.5585424553679368
independent_signed,95,-0.06721422583801527,309.24996683325764,300.1943559256242,-2.928249597037485,0.3873116169428138,0.557086527337989
independent_signed,96,-0.04161292232103061,310.7968966274843,300.1943559256242,-3.4114049454515856,0.3903831262650507,0.5543137390274961
independent_signed,97,-0.025117516228214582,303.9524567783736,300.1943559256242,-1.236410750741049,0.3767051714436207,0.5667958449516953
independent_signed,98,-0.027052893082996774,303.84110784865146,300.1943559256242,-1.2002167675230269,0.376482536263144,0.5670035576828452
independent_signed,99,-0.05734965374597042,310.6912734620199,300.1943559256242,-3.3785685125394687,0.39016514496296983,0.5545021849971067
independent_signed,100,-0.04737236647853708,308.1260243071653,300.1943559256242,-2.5741637368592283,0.38510935970741,0.5591185946878824
independent_signed,101,-0.03731731523814492,309.63008466585256,300.1943559256242,-3.04741987536877,0.3880922208938864,0.5564026193048331
independent_signed,102,-0.039152582458638674,308.4014397138636,300.1943559256242,-2.66116909047311,0.3856640927679864,0.5586192786935619
independent_signed,103,-0.028762848850329873,307.9903778660333,300.1943559256242,-2.531255032843962,0.38485575076350986,0.5593648442614315
independent_signed,104,-0.03824066662651351,306.6142802988101,300.1943559256242,-2.093811275498771,0.3821028768085395,0.561875295177511
independent_signed,105,-0.0268964718505207,304.3900155049095,300.1943559256242,-1.378382787071943,0.37761049592227935,0.5659810780395284
independent_signed,106,-0.010455721665203394,306.71911514016415,300.1943559256242,-2.1272750514940193,0.38234353197730664,0.5616832494576398
independent_signed,107,-0.06758333931780715,307.599128123202,300.1943559256242,-2.4072799694711553,0.3840325401322934,0.5600763270107807
independent_signed,108,0.006136860229939894,303.90283101686657,300.1943559256242,-1.2202831671010426,0.37665501426082415,0.5668883968710561
independent_signed,109,-0.020500628414040312,305.0181201756555,300.1943559256242,-1.5814680935196044,0.37890223590462413,0.5648155884968433
independent_signed,110,-0.06436095795142786,310.3276820868551,300.1943559256242,-3.265363274422525,0.38943882266581675,0.5551518627655043
independent_signed,111,-0.03251448307413768,304.6412758826011,300.1943559256242,-1.4597233891216361,0.3781134772969582,0.5655142718993554
independent_signed,112,-0.050879250683576266,308.20472821104386,300.1943559256242,-2.5990426337439296,0.385261101655463,0.5589758156649264
independent_signed,113,-0.033831099720073615,307.6984884150669,300.1943559256242,-2.43879407016132,0.3842644230558623,0.5598954694961272
independent_signed,114,-0.026938032963192016,309.1581985871276,300.1943559256242,-2.899435532510111,0.3871909765791285,0.5572518867124326
independent_signed,115,-0.017754508419493758,307.8781124422264,300.1943559256242,-2.495713792595121,0.38466624912920466,0.5595688102753855
independent_signed,116,-0.03066623218245808,302.26886654946685,300.1943559256242,-0.686313032342393,0.3732469660259873,0.5699528070386742
independent_signed,117,-0.04146799572011566,308.7860119087312,300.1943559256242,-2.7823980529423884,0.38643109224925265,0.5579235551611293
independent_signed,118,-0.021011032089765624,306.2817649978262,300.1943559256242,-1.987519260980223,0.3814443412260382,0.562485296795462
independent_signed,119,-0.021533073531081,309.684098048257,300.1943559256242,-3.064329806548227,0.3882307790976418,0.5563055725681363
independent_signed,120,-0.05770665577018496,306.37007674855266,300.1943559256242,-2.0157715428576415,0.3815871280488311,0.5623231590156749
independent_signed,121,-0.0518682500020868,309.44429241033635,300.1943559256242,-2.9892089502320864,0.3877177833395309,0.5567366855830579
independent_signed,122,-0.04980417104169399,308.5673086201293,300.1943559256242,-2.7134931214676623,0.3859965228387031,0.5583189950479781
independent_signed,123,-0.023632458767063453,304.8610264206496,300.1943559256242,-1.5307533894431786,0.37857362859690846,0.5651066360782834
independent_signed,124,-0.010999191743077773,305.305797649926,300.1943559256242,-1.6742039501531867,0.3794893403445714,0.5642833863778827
independent_signed,125,-0.0288562045404343,308.3272571345998,300.1943559256242,-2.6377496704500447,0.3855300526499691,0.5587536801644342
independent_signed,126,-0.045642531348498126,307.17692187759815,300.1943559256242,-2.273141455189232,0.383217010734621,0.5608461358665191
independent_signed,127,-0.03807134535075569,305.6486288943095,300.1943559256242,-1.784491227203031,0.3801520544568098,0.5636504578332565
independent_signed,128,-0.044251288273184274,305.657464527215,300.1943559256242,-1.7873303405303682,0.3801621161411092,0.5636341637055324
independent_signed,129,-0.025449075636853797,305.5907347687361,300.1943559256242,-1.7658843116417637,0.3800351092714658,0.5637572412097125
independent_signed,130,-0.04254507582460384,308.363526891423,300.1943559256242,-2.649201430581387,0.38559998153986086,0.558687959174338
independent_signed,131,-0.01754584321108687,305.52029845647644,300.1943559256242,-1.7432368840170323,0.3799118451680006,0.5638872119577099
independent_signed,132,-0.055877042668205056,310.51029862413634,300.1943559256242,-3.322254606118319,0.38982866254275406,0.5548253638478896
independent_signed,133,-0.05997566521911903,308.7829209149955,300.1943559256242,-2.7814248805994035,0.3863967096097559,0.5579291417723843
independent_signed,134,-0.05366324548674254,311.3243822461521,300.1943559256242,-3.5750577067644453,0.3914074523179355,0.5533745502987637
independent_signed,135,-0.002957977401351388,309.5595749650238,300.1943559256242,-3.025336573891378,0.38800767697531346,0.5565293499694877
independent_signed,136,-0.010753029194079175,306.87668058017977,300.1943559256242,-2.1775276772161276,0.3826621788527589,0.5613948533628855
independent_signed,137,-0.04916328415562882,316.0090289729419,300.1943559256242,-5.004500377320486,0.4004167100740288,0.5451711005077605
independent_signed,138,-0.0310626282092287,306.21232212429794,300.1943559256242,-1.9652919767973613,0.3812993270525188,0.562612857051849
independent_signed,139,-0.04392256934077852,312.62983319416657,300.1943559256242,-3.977700125892649,0.393955242061351,0.551063819940911
independent_signed,140,-0.04622341473467894,308.6437946581057,300.1943559256242,-2.7376020120026068,0.3861506948464358,0.5581806355521585
independent_signed,141,-0.03291790618407379,302.61625313323714,300.1943559256242,-0.800319606940144,0.37395122877808396,0.5692985344512561
independent_signed,142,-0.04457806414623774,308.30649805153,300.1943559256242,-2.6311940154274454,0.3854798620000305,0.5587913016632912
independent_signed,143,-0.028345576726864802,305.3039211694338,300.1943559256242,-1.673599613210975,0.3794675992292904,0.5642868542145759
independent_signed,144,-0.027818183680585907,307.3617693989345,300.1943559256242,-2.3319144366349125,0.3836073633957734,0.5605088416522552
independent_signed,145,-0.03696938471512754,306.8685479831113,300.1943559256242,-2.1749351966348733,0.3826116776016384,0.5614097323381942
independent_signed,146,-0.049165764692220136,306.77233847909656,300.1943559256242,-2.1442554390934965,0.38241204557210806,0.5615858008445568
independent_signed,147,-0.0663551933948238,307.87451838685473,300.1943559256242,-2.4945755502831597,0.3845877305119908,0.5595753458276607
independent_signed,148,-0.04726473902016698,307.884227977806,300.1943559256242,-2.4976505300999414,0.38463684387438213,0.5595576972434007
independent_signed,149,-0.055182850739100835,318.2980865916072,300.1943559256242,-5.687665565269643,0.40473075308063877,0.5412504713561954
independent_signed,150,-0.05934069098967377,308.7278042265692,300.1943559256242,-2.7640686015706146,0.38628818755352634,0.5580287476910267
independent_signed,151,-0.036250362462589066,305.8428805296324,300.1943559256242,-1.8468713720674304,0.3805418122096452,0.563292463223998
independent_signed,152,-0.03979284793559942,303.1113081872738,300.1943559256242,-0.9623369972879239,0.3749539358263504,0.568368731540675
independent_signed,153,-0.029935856002828266,306.8413019217086,300.1943559256242,-2.166248791950551,0.38256469065806387,0.5614595827518493
independent_signed,154,-0.06578958591676408,312.58059057145,300.1943559256242,-3.9625731793460504,0.39384325049928604,0.5511506311599574
independent_signed,155,-0.05753330859305631,316.9040017546553,300.1943559256242,-5.2727784239113475,0.4021021208642128,0.543631475048079
independent_signed,156,-0.0506592799385663,324.94128401247,300.1943559256242,-7.615815319390474,0.41686982302758635,0.5301849849312182
independent_signed,157,-0.04102677539456997,307.4746530503272,300.1943559256242,-2.367771473998985,0.38382420944888385,0.5603030616062356
independent_signed,158,-0.0627078413876746,312.17556332546866,300.1943559256242,-3.837970939241341,0.3930486506132942,0.5518657144338447
independent_signed,159,-0.027424929805991285,303.9625912235376,300.1943559256242,-1.2397036368011964,0.3767249054492269,0.5667769467749132
independent_signed,160,-0.05096016806794237,306.70606083287225,300.1943559256242,-2.1231093019698544,0.3822722224560694,0.5617071572674803
independent_signed,161,-0.026954121882326213,305.9456051240743,300.1943559256242,-1.8798273621605663,0.38076307736729487,0.563103330613744
independent_signed,162,-0.04827415799715292,309.13554815709557,300.1943559256242,-2.8923209526610765,0.3871163806880269,0.5572927175354914
independent_signed,163,-0.0047714860281602165,306.2413369826531,300.1943559256242,-1.9745802825342902,0.38138739627038265,0.5625595513309982
independent_signed,164,-0.022546412449953108,304.14949738172686,300.1943559256242,-1.3003938820055603,0.3771157698251105,0.5664286506128671
independent_signed,165,-0.07208016243522099,312.020452555784,300.1943559256242,-3.7901671295234967,0.3927425174657282,0.5521400560785735
independent_signed,166,-0.031111634225305818,308.967177319421,300.1943559256242,-2.839402382450205,0.38680408622992724,0.5575964121470671
independent_signed,167,-0.02232684507037667,308.98901775602496,300.1943559256242,-2.846270037126345,0.3868605299732417,0.5575569987245298
independent_signed,168,-0.07899091113429019,315.21603064865235,300.1943559256242,-4.765517379340285,0.3988663883408067,0.5465426064104925
independent_signed,169,-0.022514758275874246,305.51186124060905,300.1943559256242,-1.7405233608252517,0.37989747496891957,0.5639027845735115
independent_signed,170,-0.05684899441433067,310.051890074644,300.1943559256242,-3.179317547990633,0.38891068252283933,0.5556456688935768
independent_signed,171,-0.0197269666737399,301.93138261117366,300.1943559256242,-0.5753051142041686,0.3725541481990148,0.5705898723785845
independent_signed,172,-0.024090906298248043,306.3247873098352,300.1943559256242,-2.0012847925395865,0.38152548769525396,0.5624062986074708
independent_signed,173,-0.05166015861192913,308.5559053869133,300.1943559256242,-2.709897725277412,0.3859762127205324,0.5583396280343947
independent_signed,174,-0.037358318546104045,308.3721748271196,300.1943559256242,-2.6519315194634623,0.38560916525598,0.5586722925264034
independent_signed,175,-0.04881305614790075,310.54248545829097,300.1943559256242,-3.3322749759651185,0.38988065325847465,0.5547678592733961
independent_signed,176,-0.04502506391273461,310.27604711423436,300.1943559256242,-3.249265060057427,0.38936713537715983,0.5552442454409144
independent_signed,177,-0.038135765415919766,305.75272096942984,300.1943559256242,-1.8179282350070618,0.38035869020408997,0.5634585667950891
independent_signed,178,-0.07096361640638098,314.2061500830763,300.1943559256242,-4.4594270843353465,0.3969593784267049,0.5482992297739226
independent_signed,179,-0.03480638950174225,305.8553781781861,300.1943559256242,-1.8508820365629914,0.38057951412111524,0.563269445634777
independent_signed,180,-0.014026803182773204,306.6305617034978,300.1943559256242,-2.0990098775924295,0.38216108906419677,0.561845460751017
independent_signed,181,-0.04353563228985025,307.71610828032914,300.1943559256242,-2.4443804377808536,0.38430883025550056,0.5598634093886048
independent_signed,182,-0.019551970521958607,305.64313465685433,300.1943559256242,-1.7827257063527544,0.3801745513474327,0.5636605881935659
independent_signed,183,-0.06693082157605773,316.7771682428832,300.1943559256242,-5.234850860382841,0.4018461424847882,0.5438491389377298
independent_signed,184,-0.03354872241805687,303.2376096410038,300.1943559256242,-1.0035871602412483,0.37523719445342707,0.5681319988244272
independent_signed,185,-0.03601017586653591,307.97251367302937,300.1943559256242,-2.5256012800100467,0.384831257463507,0.5593972897271424
independent_signed,186,-0.050768375931696454,306.2010441678596,300.1943559256242,-1.9616811753726464,0.3812450982810478,0.562633579318057
independent_signed,187,-0.025737777780027834,305.6761880024828,300.1943559256242,-1.793346126396351,0.3802155745138839,0.5635996398434642
independent_signed,188,-0.0219328280630211,310.61998221691437,300.1943559256242,-3.356392662468716,0.3900643057173867,0.5546294489843474
independent_signed,189,-0.05701015229151748,314.98890346912845,300.1943559256242,-4.696847216065252,0.39847549028070806,0.5469366944569584
independent_signed,190,-0.030550380988527647,307.1345780129119,300.1943559256242,-2.2596681012568745,0.3831615463212963,0.5609234567556195
independent_signed,191,-0.04087643195502307,305.22013567113225,300.1943559256242,-1.6466081880401218,0.3792857122908957,0.564441755846994
independent_signed,192,-0.026199269800820726,306.85221126636384,300.1943559256242,-2.169727020464665,0.3825983032523287,0.5614396203732448
independent_signed,193,-0.028107244346905463,306.95672825447804,300.1943559256242,-2.2030376617930223,0.3827867447138522,0.5612484562831624
independent_signed,194,-0.05079727429992068,307.5650680871187,300.1943559256242,-2.396472462668185,0.38400170817804613,0.560138348186616
independent_signed,195,-0.031585351148297754,302.1142142405759,300.1943559256242,-0.6354743419728288,0.3729175107071534,0.5702445659973163
independent_signed,196,-0.029679918562344258,307.28728950681773,300.1943559256242,-2.3082417735459693,0.383458049426162,0.5606446981260831
independent_signed,197,-0.018176288844874267,304.1632188815334,300.1943559256242,-1.3048464474118355,0.37714968271650096,0.5664030971164763
independent_signed,198,-0.06631279085221548,306.7733667990648,300.1943559256242,-2.144583456539034,0.38238269712485284,0.5615839199790643
independent_signed,199,-0.035230017259771866,305.75513314554325,300.1943559256242,-1.8187028170912287,0.3803642029285278,0.5634541198923152
independent_signed,200,-0.03807494981916507,308.0616571352511,300.1943559256242,-2.553807339344676,0.38499979124305717,0.5592354173547811
independent_signed,201,0.010025773220848683,304.5397457400414,300.1943559256242,-1.426871163846848,0.3779552355442274,0.5657028071278918
independent_signed,202,-0.000670319184979224,303.5879449945687,300.1943559256242,-1.1178273462094173,0.376003306402654,0.5674763826536453
independent_signed,203,-0.04330739122131224,307.39512842824337,300.1943559256242,-2.3425135393126615,0.3836652238197463,0.560448013901957
independent_signed,204,-0.023957341024590264,304.19173710219366,300.1943559256242,-1.3140991976473404,0.37720798768535113,0.566349997011616
independent_signed,205,-0.02545664413787918,308.0155553453992,300.1943559256242,-2.5392222191520593,0.3849182044972078,0.5593191196628048
independent_signed,206,-0.004005075969051974,301.7257842285573,300.1943559256242,-0.5075563253066309,0.3721502412383788,0.5709786751670244
independent_signed,207,-0.016797874223443893,304.89436768889806,300.1943559256242,-1.5415213468520146,0.37861987832206145,0.5650448413898164
independent_signed,208,-0.03523187293357807,305.35556071391545,300.1943559256242,-1.690227869511998,0.37955428066103936,0.5641914267972572
independent_signed,209,-0.043419473838604394,310.21427346812465,300.1943559256242,-3.2299988748035466,0.3892349871152143,0.5553548139128809
independent_signed,210,-0.03177483445607303,308.82946169842404,300.1943559256242,-2.7960757776510685,0.3865379174359769,0.557845059357247
independent_signed,211,-0.0649785208991527,310.17653920092744,300.1943559256242,-3.218226401332344,0.3891585893082904,0.5554223739890192
independent_signed,212,-0.04015513930704489,307.78080078244886,300.1943559256242,-2.464885671080903,0.3844495230542241,0.5597457302500514
independent_signed,213,-0.03725350471049547,306.54710813163376,300.1943559256242,-2.0723575716400555,0.38197803749547155,0.5619984162682501
independent_signed,214,-0.047224880642402954,303.80595161286004,300.1943559256242,-1.1887837180484457,0.3763811846921986,0.5670691716470029
independent_signed,215,-0.039281159206091355,309.1303373885427,300.1943559256242,-2.890684084392197,0.38712567664031394,0.5573021106944364
independent_signed,216,-0.06679394402696129,316.5416928836857,300.1943559256242,-5.164355067775656,0.4014113967674223,0.5442537080255654
independent_signed,217,-0.06276170582374048,310.24407825715195,300.1943559256242,-3.2392954566558467,0.3893012691714661,0.5553014590541033
independent_signed,218,-0.05110479126032017,317.47868503465577,300.1943559256242,-5.444248676771734,0.4031819397051497,0.5426474218764478
independent_signed,219,-0.03345780145707745,309.3765989756879,300.1943559256242,-2.9679824138170368,0.3876088491943429,0.5568585019342228
independent_signed,220,-0.007019748625715183,302.52478969385965,300.1943559256242,-0.7703282004075462,0.37380446771308684,0.5694706507426398
independent_signed,221,-0.02228944061216619,304.2661487648977,300.1943559256242,-1.3382339296704686,0.3773444328890103,0.5662114903892985
independent_signed,222,-0.04195657410892093,307.40341827098297,300.1943559256242,-2.345147098853597,0.3836727953496617,0.5604329015433447
independent_signed,223,-0.028076481201844816,307.2877346230181,300.1943559256242,-2.3083832832104565,0.38346572328583495,0.5606438847524418
independent_signed,224,-0.03109202736473411,303.3446174854629,300.1943559256242,-1.0385091339191597,0.375453075313008,0.5679315856288597
independent_signed,225,-0.019298775714518917,307.176766137741,300.1943559256242,-2.273091907278503,0.3832306729095686,0.5608464202825179
independent_signed,226,-0.038040521307952796,309.63602221000895,300.1943559256242,-3.0492790267086445,0.3881137437079353,0.5563919482472386
independent_signed,227,-0.04022127630092317,309.26089003533724,300.1943559256242,-2.9316782049864254,0.3873672666304039,0.5570668491600881
independent_signed,228,-0.02730003438931031,303.7204582179352,300.1943559256242,-1.160969634051056,0.37623736965621135,0.5672287942380947
independent_signed,229,-0.061796233244777656,307.9060436851611,300.1943559256242,-2.5045587502082887,0.38466278327721337,0.5595180520409148
independent_signed,230,-0.013699122541465584,303.90342299310345,300.1943559256242,-1.2204755810083112,0.37662273510510424,0.5668872947237692
independent_signed,231,-0.05051302911383756,307.50431816250097,300.1943559256242,-2.3771901092503636,0.38387362470906683,0.5602490101495597
independent_signed,232,-0.027576897853565017,309.06861043258124,300.1943559256242,-2.8712894831139133,0.38699748884079543,0.5574134157322582
independent_signed,233,-0.04741122441422835,305.6665651659532,300.1943559256242,-1.79025443537078,0.3801818022961325,0.5636173831149862
independent_signed,234,-0.06243509907912079,308.6762851702201,300.1943559256242,-2.747839614539396,0.38619333856574656,0.5581218836799205
independent_signed,235,-0.06178859918925517,310.60450488588816,300.1943559256242,-3.351576939970167,0.3900006112424321,0.5546570859995987
independent_signed,236,-0.017312180665745826,306.17990174675504,300.1943559256242,-1.9549114056746704,0.38125148977549117,0.5626724294267116
independent_signed,237,-0.03852381189042147,307.5197842704188,300.1943559256242,-2.382099858119358,0.3839159572425639,0.5602208330001447
independent_signed,238,-0.04029961933301788,306.6387032951937,300.1943559256242,-2.1016092555562538,0.38215361805077297,0.5618305430367059
independent_signed,239,-0.02552240440705242,309.644739254326,300.1943559256242,-3.052008360116115,0.38815783365352063,0.5563762843087352
independent_signed,240,-0.01574998126746994,305.03317499998496,300.1943559256242,-1.5863255117614603,0.37891759677065695,0.5647877135608538
independent_signed,241,-0.06342316136985532,305.43487420748636,300.1943559256242,-1.715756360651265,0.3796857264467348,0.5640449206716376
independent_signed,242,-0.06235008125945813,307.97167250214596,300.1943559256242,-2.525335045698902,0.3847947052800854,0.5593988182683961
independent_signed,243,-0.04406836380454687,304.71492095611256,300.1943559256242,-1.4835391113451346,0.3782512767058137,0.5653775955013779
independent_signed,244,-0.054537619286842066,307.56617166296815,300.1943559256242,-2.396822673145595,0.38398057687438947,0.5601363400554003
independent_signed,245,-0.049705953081259184,308.05594516433666,300.1943559256242,-2.5520004928061257,0.384969533241865,0.5592457879751808
independent_signed,246,-0.050671030600009326,305.8515653735608,300.1943559256242,-1.8496584907214606,0.380526130815795,0.5632764714838321
independent_signed,247,-0.04486938278007587,309.17213489323876,300.1943559256242,-2.9038124573272706,0.3871884844836859,0.5572267688107237
independent_signed,248,-0.049761682679697904,307.37986550119894,300.1943559256242,-2.337664363232889,0.3836068959618937,0.5604758452124681
independent_signed,249,-0.02156499755985593,306.2518676010542,300.1943559256242,-1.9779509339420311,0.3813977521594779,0.5625402077279472
independent_signed,250,-0.03144939022607548,304.97280233733994,300.1943559256242,-1.5668434611523592,0.3787870042230672,0.5648995194812303
independent_signed,251,-0.04867658955751333,312.03831398452326,300.1943559256242,-3.7956742900125016,0.3928040745919439,0.5521084496218744
independent_signed,252,-0.01410150992106547,306.4182341207773,300.1943559256242,-2.0311709624629857,0.3817393453780523,0.562234782386293
independent_signed,253,-0.03181357478532146,307.3418590967569,300.1943559256242,-2.3255872767017034,0.3835671054253368,0.5605451529971981
independent_signed,254,-0.06616992959131017,312.29234931377744,300.1943559256242,-3.8739320430798285,0.3932701668843753,0.5516593372391976
independent_signed,255,-0.04171952423572812,305.341032205548,300.1943559256242,-1.6855501675448477,0.37952540097256426,0.5642182704956232
independent_signed,256,-0.03813720948052604,319.2452852350485,300.1943559256242,-5.967489635876003,0.40645644285945537,0.5396445885677883
independent_signed,257,-0.02424993726694108,308.3004831582612,300.1943559256242,-2.6292943655478607,0.38550399268709856,0.5588022021484832
independent_signed,258,-0.04018769354743106,307.8023900555656,300.1943559256242,-2.4717267882708542,0.38448308788221974,0.559706470277453
independent_signed,259,-0.04116539232141285,310.81647995024144,300.1943559256242,-3.4174906125691003,0.3904263514934502,0.5542788140497215
independent_signed,260,-0.0295045786558157,306.8055878177024,300.1943559256242,-2.154860326731224,0.38248968312799536,0.5615249408629169
independent_signed,261,-0.014827632090649608,303.68924787887437,300.1943559256242,-1.1508118834171155,0.37618740018255614,0.5672870877867068
independent_signed,262,-0.03924257819188832,311.2489477966786,300.1943559256242,-3.551688109890639,0.3912774057113614,0.5535086660400722
independent_signed,263,-0.026288188803684925,308.37111265900387,300.1943559256242,-2.651596209149943,0.38563468623000774,0.5586742147274655
independent_signed,264,-0.053610165580303015,309.9720892958099,300.1943559256242,-3.154391542928457,0.38876559672894095,0.5557887161307246
independent_signed,265,-0.02384529022929836,304.95722801981043,300.1943559256242,-1.5618164308198672,0.3787686669385628,0.5649283686981577
independent_signed,266,-0.03668980155682152,307.67262496206837,300.1943559256242,-2.4305929191347815,0.3842261787974802,0.55994253427821
independent_signed,267,-0.0049664398257968645,302.7433570572011,300.1943559256242,-0.84196765086913,0.37426066843985506,0.5690595172240678
independent_signed,268,-0.021716166584637365,305.7488665032971,300.1943559256242,-1.8166904888960522,0.38036700094148457,0.5634656679401105
independent_signed,269,-0.03512520682765472,306.8693186081886,300.1943559256242,-2.1751808596697817,0.38261166659847023,0.5614083230712996
independent_signed,270,-0.03944416837615653,303.2671279124056,300.1943559256242,-1.0132228995385602,0.3752859619105413,0.5680767005381362
independent_signed,271,-0.03580839394203889,307.2844114721142,300.1943559256242,-2.307326789707125,0.38344598152820364,0.5606499485969477
independent_signed,272,-0.031042271552493676,305.31396626477994,300.1943559256242,-1.6768346374026635,0.3794799834201973,0.5642682897196608
independent_signed,273,-0.014790137112524993,303.7202657165177,300.1943559256242,-1.1609069887303618,0.37625058627099195,0.5672291536377732
independent_signed,274,-0.05179775750343885,307.0510731207132,300.1943559256242,-2.2330868690347723,0.38295589574464184,0.5610760062423034
independent_signed,275,-0.018033289696070376,305.66152681559646,300.1943559256242,-1.788635601912224,0.3801936964774365,0.5636266725917677
independent_signed,276,-0.03734548031950183,303.8538260143742,300.1943559256242,-1.2043521507531894,0.3765043463710879,0.5669798253353564
independent_signed,277,-0.04479042916265652,306.5844090999754,300.1943559256242,-2.084272058422717,0.3820319837201648,0.5619300405561499
independent_signed,278,-0.046023469566782854,310.3150382320046,300.1943559256242,-3.261421800258916,0.3894476250926854,0.555174478863476
independent_signed,279,-0.03795893551289279,307.4533756808552,300.1943559256242,-2.3610148170127783,0.3837845920203602,0.560341836927366
independent_signed,280,-0.06732545156209538,307.25739800867524,300.1943559256242,-2.2987378428725727,0.3833530183307121,0.5606992398983188
independent_signed,281,-0.03412510230616649,307.02809607352754,300.1943559256242,-2.2257702911549697,0.3829413125766077,0.5611179940889245
independent_signed,282,-0.029334183487841226,307.73043130000354,300.1943559256242,-2.44892107112815,0.38435721233723374,0.5598373499586606
independent_signed,283,-0.02028202099505722,303.1855273084448,300.1943559256242,-0.9865811898658136,0.3751480013670627,0.5682295942879073
independent_signed,284,-0.024457610353696337,307.90962920209546,300.1943559256242,-2.505694055903443,0.38470547774710506,0.5595115359624399
independent_signed,285,-0.04239278167458216,308.73217354957524,300.1943559256242,-2.7654447302299183,0.3863194105693655,0.5580208490839813
independent_signed,286,-0.045016569125101095,309.7087393811247,300.1943559256242,-3.0720422919006385,0.3882510145848378,0.5562613120870803
independent_signed,287,-0.04720096693926801,307.18879162200136,300.1943559256242,-2.27691761129874,0.38324177517646607,0.5608244650813539
independent_signed,288,-0.0511093999863416,307.2218418272293,300.1943559256242,-2.2874304313158453,0.3833106824424112,0.5607641321071151
independent_signed,289,-0.04827259209113622,306.8501491883432,300.1943559256242,-2.1690695866775322,0.3825690562833509,0.5614433944416447
independent_signed,290,-0.03191160776062376,305.3316375661836,300.1943559256242,-1.6825251655900906,0.3795197262930792,0.5642356311349803
independent_signed,291,-0.022036063222120372,305.6887903880804,300.1943559256242,-1.7973948130321844,0.38024244247467376,0.5635764054139575
independent_signed,292,-0.001425814518859106,303.83895413674617,300.1943559256242,-1.1995164416876094,0.3765062701100117,0.567007576491249
independent_signed,293,-0.04164157685003337,310.18999717239376,300.1943559256242,-3.2224253966559333,0.3891924690810562,0.5553982770182888
independent_signed,294,-0.04220825404264598,307.50079372890036,300.1943559256242,-2.3760712012072593,0.38386904496143215,0.5602554304878125
independent_signed,295,-0.01255982657173617,307.1228347290424,300.1943559256242,-2.2559308589121274,0.383138510175549,0.5609449064245414
independent_signed,296,-0.05356585158165219,309.6654456600542,300.1943559256242,-3.0584909834683995,0.38815450820122643,0.5563390824468495
independent_signed,297,-0.048085410791880945,306.71601938502545,300.1943559256242,-2.1262871996308994,0.3822949185149881,0.5616889187866788
independent_signed,298,-0.007215015454868432,303.34786698450375,300.1943559256242,-1.039569221378644,0.3754988499804299,0.5679254994727654
independent_signed,299,-0.03259452088813325,304.60382426089666,300.1943559256242,-1.4476076739915373,0.3780388876957401,0.5655838023707671
independent_signed,300,-0.036735524197453184,306.717384548506,300.1943559256242,-2.126722824167208,0.3823112140484205,0.5616864189367251
independent_signed,301,-0.024909022623254815,306.51892529920315,300.1943559256242,-2.0633536305809845,0.381918152615047,0.56205009010752
independent_signed,302,-0.027360260438890244,305.16456096721345,300.1943559256242,-1.628696669703799,0.3791916088970815,0.5645445479412768
independent_signed,303,-0.02199133119909477,305.9430611233069,300.1943559256242,-1.879011465916441,0.38075342252698796,0.5631080137554796
independent_signed,304,-0.033106795028922394,306.0235617388039,300.1943559256242,-1.9048225502829066,0.38091107009999214,0.5629598867404033
independent_signed,305,-0.058206796423765195,310.9677348512561,300.1943559256242,-3.4644684056322075,0.3907137713156753,0.5540092118362258
independent_signed,306,-0.03517334632428946,308.44694305558386,300.1943559256242,-2.675528908864068,0.3857592037436649,0.5585368688613433
independent_signed,307,-0.039511844680626525,306.4477848706348,300.1943559256242,-2.040618093438143,0.38176741796674096,0.5621805668950904
independent_signed,308,-0.018763148351853682,303.0573794797354,300.1943559256242,-0.944713360561023,0.37489127188741667,0.5684698693810789
independent_signed,309,-0.04621388742765261,307.02639373848405,300.1943559256242,-2.2252281732752754,0.3829174733531576,0.5611211056982333
independent_signed,310,-0.03030843329018851,306.75646228469725,300.1943559256242,-2.1391909106654157,0.3824007815385343,0.5616148661170236
independent_signed,311,-0.04210031167887135,309.5169486695823,300.1943559256242,-3.011981341903893,0.387867222846601,0.5566059975396815
independent_signed,312,-0.03994202196535674,309.77760600797797,300.1943559256242,-3.093590335935044,0.3883890786610483,0.5561376499726572
independent_signed,313,-0.04318294749059399,311.05962781260666,300.1943559256242,-3.4929868473732197,0.390896063216841,0.5538455475291713
independent_signed,314,-0.04079880737218103,307.7060943060799,300.1943559256242,-2.4412055917825324,0.38429198896045513,0.5598816295100126
independent_signed,315,-0.06567428071816774,306.6841263276644,300.1943559256242,-2.1161090010594252,0.3822042560965826,0.5617473324634369
independent_signed,316,-0.05057842777331156,309.6858328444664,300.1943559256242,-3.0648728201942284,0.38819738578632557,0.5563024580814542
independent_signed,317,-0.02544362475477575,305.27983774658884,300.1943559256242,-1.6658426768380452,0.37941093997762243,0.5643313720281214
independent_signed,318,-0.028342825767749064,304.75514851569784,300.1943559256242,-1.4965432453846446,0.3783459223012128,0.5653029658793345
independent_signed,319,-0.04086767752945361,306.30896814276593,300.1943559256242,-1.9962236999511502,0.3814640264511545,0.5624353443595173
independent_signed,320,-0.03491674502059445,307.45696034383946,300.1943559256242,-2.362153197017631,0.38379757025424466,0.5603353044304615
independent_signed,321,-0.022355881170543965,306.2270052866744,300.1943559256242,-1.969992605780379,0.3813273277876379,0.5625858809780141
independent_signed,322,-0.08476603645984238,320.8287503968514,300.1943559256242,-6.431591447369755,0.4093809357264919,0.5369811460931102
independent_signed,323,-0.03428906633813895,307.3020318591213,300.1943559256242,-2.3129283885618808,0.3834804780326724,0.5606178023398961
independent_signed,324,-0.017922668333628836,304.10380711256664,300.1943559256242,-1.285564697154647,0.3770348000098115,0.5665137530489218
independent_signed,325,-0.042800687378266505,311.9294957546545,300.1943559256242,-3.76211290972639,0.3925960850388307,0.5523010558156863
independent_signed,326,-0.025100061041329474,303.9103476937329,300.1943559256242,-1.222726306066246,0.3766183428412003,0.5668743806835519
independent_signed,327,-0.08446323094733887,309.0253732300883,300.1943559256242,-2.857699745544466,0.3868476391879301,0.5574914060886026
independent_signed,328,-0.0524468599805259,310.7612088410353,300.1943559256242,-3.4003127207605757,0.3903160466491339,0.5543773952772632
independent_signed,329,-0.03904561999390955,309.44410599902835,300.1943559256242,-2.9891505102485856,0.3877487234002699,0.5567370194728863
independent_signed,330,-0.02615692107631128,308.6430940820875,300.1943559256242,-2.7373812401635065,0.38616128281975126,0.5581819030622792
independent_signed,331,-0.021073701631347575,309.0816020335036,300.1943559256242,-2.8753720860150143,0.3870330733076046,0.5573899851565705
independent_signed,332,-0.037679613818935774,307.9842640017937,300.1943559256242,-2.5293201590728347,0.3848466857235806,0.5593759471287414
independent_signed,333,-0.05446444074444656,310.8673084573288,300.1943559256242,-3.4332823816916784,0.39051708921847794,0.5541881857456021
independent_signed,334,-0.058246568515811954,308.6014139287999,300.1943559256242,-2.7242448102053554,0.386048088658004,0.5582572927498297
independent_signed,335,-0.01644083966969477,301.014728461249,300.1943559256242,-0.27253567950591706,0.3706436958722742,0.5723274412760659
independent_signed,336,-0.03172755188840199,306.04992963523694,300.1943559256242,-1.913273993100286,0.38097001715049017,0.5629113843670154
independent_signed,337,-0.030197076558719064,306.9632035572004,300.1943559256242,-2.2051006612963193,0.3828071803676104,0.561236615478764
independent_signed,338,-0.016833350733327115,307.47819093238985,300.1943559256242,-2.368894842485671,0.38385371718689654,0.5602966144159717
independent_signed,339,-0.0367629171218729,304.1023728555387,300.1943559256242,-1.285099124093633,0.3770045004306275,0.5665164251436401
independent_signed,340,-0.024115782192461643,309.24345495774475,300.1943559256242,-2.9262055144730543,0.38734699213018453,0.557098256254484
independent_signed,341,-0.05355320022799805,309.8365680641673,300.1943559256242,-3.1120316748880867,0.38849952718561676,0.5560318172408744
independent_signed,342,-0.025709165722390955,304.5203192585027,300.1943559256242,-1.4205828180569546,0.37786937066363846,0.5657388962767975
independent_signed,343,-0.05627200066068403,308.075519663159,300.1943559256242,-2.558192142677169,0.3850048501519526,0.559210254201013
independent_signed,344,-0.054557345043536515,301.8365054621474,300.1943559256242,-0.5440526599023662,0.3722995508650291,0.5707692275335591
independent_signed,345,-0.028253314555299353,305.76814785022185,300.1943559256242,-1.822881802367429,0.38041441179209146,0.5634301357343089
independent_signed,346,-0.026903778551753566,306.8162561323086,300.1943559256242,-2.1582625021761532,0.3825163852375091,0.561505415022782
independent_signed,347,-0.04636519447589945,308.3588708823779,300.1943559256242,-2.6477314997913615,0.385571652186932,0.5586963965119276
independent_signed,348,-0.09416679894132995,310.02720930847306,300.1943559256242,-3.1716098095974785,0.3888216699560566,0.5556899034421654
independent_signed,349,-0.035064879673652606,306.60891842937644,300.1943559256242,-2.0920991263434945,0.3820743039098061,0.5618851252224942
independent_signed,350,-0.018531860285481178,303.47219541897846,300.1943559256242,-1.080111965061181,0.3757425331310853,0.5676928287334362
independent_signed,351,-0.026548492556093834,306.32812119173946,300.1943559256242,-2.002351348695125,0.3815435031709874,0.5624001758084052
independent_signed,352,-0.018396944596266732,302.70555022381484,300.1943559256242,-0.8295831696293268,0.3741678817815467,0.5691305916883957
independent_signed,353,-0.006764989027426238,303.3738435339673,300.1943559256242,-1.048042761796998,0.37556107721441,0.5678768692107956
independent_signed,354,-0.0330124932511983,309.8931047748505,300.1943559256242,-3.129707857253805,0.3886264903750133,0.5559303756020421
independent_signed,355,-0.03129105102319608,306.181590671275,300.1943559256242,-1.9554522309862932,0.3812322761564426,0.5626693273733103
independent_signed,356,-0.019530831869783088,304.49176679290105,300.1943559256242,-1.4113389378438241,0.3778234132061017,0.5657919454597147
independent_signed,357,-0.042884353229894,309.7350729779072,300.1943559256242,-3.080283082104647,0.38831693351052443,0.5562140183667736
independent_signed,358,-0.026318772653076816,304.85331135765864,300.1943559256242,-1.5282613829208038,0.37855132726818586,0.5651209380229286
independent_signed,359,-0.04569653162169198,311.23862975711177,300.1943559256242,-3.5484906999193546,0.39124563810369806,0.5535270158383023
independent_signed,360,-0.028856952075420203,305.57472741238615,300.1943559256242,-1.7607383739889226,0.3800191564691684,0.5637867716444304
independent_signed,361,-0.05800164463551185,306.53288824004846,300.1943559256242,-2.06781476233,0.38191140966297143,0.5620244880767342
independent_signed,362,-0.0216413077625998,311.3236170278687,300.1943559256242,-3.574820698953981,0.39145957303000845,0.5533759072367811
independent_signed,363,-0.02478495907228792,305.3799368333081,300.1943559256242,-1.6980751785649923,0.37963120456090027,0.5641463902543633
independent_signed,364,-0.056348253941572134,310.35577167483916,300.1943559256242,-3.274118504185928,0.3895209039772435,0.555101612852862
independent_signed,365,-0.039129329417368956,306.49115528414166,300.1943559256242,-2.054479958052884,0.3818567236113406,0.5621010146781265
independent_signed,366,-0.0351663337041233,309.02488807666424,300.1943559256242,-2.8575472370527324,0.3869199431067555,0.5574922805923713
independent_signed,367,-0.03522118331631973,304.2976159167488,300.1943559256242,-1.3484364571055822,0.3774176534635788,0.5661529367786989
independent_signed,368,-0.03152621303206391,309.54985738919714,300.1943559256242,-3.0222922867673123,0.3879656923177143,0.556546821890403
independent_signed,369,-0.05527369151820375,309.10034463021395,300.1943559256242,-2.8812613312496413,0.38701492235454105,0.5573561885250955
independent_signed,370,-0.05737406455577443,315.12924343656425,300.1943559256242,-4.739289615927515,0.39873052086092475,0.5466931252962322
independent_signed,371,-0.040506370486525674,303.60701113641557,300.1943559256242,-1.1240370233933699,0.3759777899880302,0.5674407475654453
independent_signed,372,-0.07922629604913582,310.02875964620335,300.1943559256242,-3.1720940121174226,0.3888488629674167,0.5556871235655939
independent_signed,373,-0.02815879980108835,306.1720654134112,300.1943559256242,-1.9524019866788038,0.3812261351684224,0.5626868303948344
independent_signed,374,-0.029296196324713638,305.9656375258257,300.1943559256242,-1.886251556505042,0.38079908773475446,0.5630664638525749
independent_signed,375,-0.026058145218144618,313.1451864986242,300.1943559256242,-4.135727174288487,0.39497824056061837,0.5501569141334784
independent_signed,376,-0.028869092213360092,306.95338954523015,300.1943559256242,-2.2019739314883746,0.38279900742779516,0.5612545588798076
independent_signed,377,-0.04931329058150946,308.4406634364979,300.1943559256242,-2.673547456096511,0.3857459108843716,0.5585482388732395
independent_signed,378,-0.05881607692029061,307.51012288018535,300.1943559256242,-2.3790328871259816,0.38386615176968486,0.5602384341593758
independent_signed,379,0.0005764911478492911,303.8506261309323,300.1943559256242,-1.2033117232190813,0.37655074083246864,0.5669857937998805
independent_signed,380,-0.036109758245606666,310.11267540692984,300.1943559256242,-3.198295415784214,0.3890507768725914,0.5555367560247503
independent_signed,381,-0.0192686398578585,303.22099055972825,300.1943559256242,-0.998161317432885,0.3752203691534015,0.568163136214421
independent_signed,382,-0.04665140300692883,307.3502407700804,300.1943559256242,-2.3282509317470446,0.38356936839338573,0.5605298667352224
independent_signed,383,-0.029767143128842332,309.78566021255267,300.1943559256242,-3.0961098329559813,0.3884270458336523,0.5561231893203489
independent_signed,384,-0.026957023937456276,302.51924083784047,300.1943559256242,-0.7685081139888412,0.3737595160453042,0.5694810974312193
independent_signed,385,-0.06859917710026366,311.6079822988446,300.1943559256242,-3.662815788292052,0.3919456521375577,0.5528709122097472
independent_signed,386,-0.04855340696151109,307.71982588547223,300.1943559256242,-2.4455590205126576,0.3843029249405865,0.559856645230335
independent_signed,387,-0.04301095297957939,306.45616530448257,300.1943559256242,-2.043296917403134,0.3817768936446092,0.562165193975764
independent_signed,388,-0.05491985647122707,311.2199501018435,300.1943559256242,-3.5427016078536293,0.3912054641432261,0.5535602387967904
independent_signed,389,-0.005964733736220306,305.36748240981836,300.1943559256242,-1.694065931110356,0.37960952189771435,0.5641694001366321
independent_signed,390,-0.04734307338522287,308.6492682757599,300.1943559256242,-2.7393268733045213,0.3861559601308543,0.5581707368554315
independent_signed,391,-0.06275854911993284,311.00380142803203,300.1943559256242,-3.475663465454192,0.39077970456647937,0.5539449646520511
independent_signed,392,-0.06556035906371661,308.7704264964986,300.1943559256242,-2.777490923656068,0.3863784774608193,0.5579517176423192
independent_signed,393,-0.029498241376379842,306.41219215436297,300.1943559256242,-2.02923917126847,0.3816908941434485,0.5622458704055294
independent_signed,394,-0.04363291120289508,310.4341641355131,300.1943559256242,-3.2985442302732153,0.38967848799681437,0.5549614364637312
independent_signed,395,-0.022226894311437134,310.06813470288995,300.1943559256242,-3.184390033089621,0.38899045356043216,0.5556165563751859
independent_signed,396,-0.06380759084356412,306.9042332963497,300.1943559256242,-2.1863098135392383,0.38264984841083327,0.5613444552782927
independent_signed,397,-0.05534593993095859,310.5243533244395,300.1943559256242,-3.3266303554692183,0.3898478920966494,0.5548002527325409
independent_signed,398,-0.03447755498348068,310.6700581289634,300.1943559256242,-3.371970336127644,0.39016386419275995,0.5545400488738791
independent_signed,399,-0.029700389859138362,307.8120005637832,300.1943559256242,-2.4747718166304904,0.38450390794498546,0.5596889946176027
independent_signed,400,-0.017386180103006157,306.1036616466753,300.1943559256242,-1.9304916802569843,0.3810922949929322,0.5628125727771828
independent_signed,401,-0.039103056188628936,308.5894500438935,300.1943559256242,-2.7204734695483554,0.38605428201949876,0.5582789352112978
independent_signed,402,-0.05533285813634282,308.2913912733407,300.1943559256242,-2.6264227860120175,0.38544205101522333,0.5588186830447791
independent_signed,403,-0.023686861252741002,308.07200047568494,300.1943559256242,-2.5570790392820775,0.38502193702598997,0.5592166418887524
independent_signed,404,-0.031883155247549505,311.5219407487936,300.1943559256242,-3.6362077084977376,0.3918137366725619,0.5530236168715761
independent_signed,405,-0.04118763169075391,309.44866035326305,300.1943559256242,-2.9905782810868273,0.3877448835592291,0.5567288267980373
independent_signed,406,-0.012586000230035149,310.2431805298095,300.1943559256242,-3.239015467487358,0.38934368950577547,0.5553030658379824
independent_signed,407,-0.04588519479196792,307.3811141499345,300.1943559256242,-2.3380610888165068,0.3836349681519018,0.5604735671282636
independent_signed,408,-0.03566238945524828,306.83466629110825,300.1943559256242,-2.1641330315604095,0.38256082943617686,0.5614717235526236
independent_signed,409,-0.044402466704901444,312.4076247023783,300.1943559256242,-3.909401631406826,0.3935085101355794,0.5514557794257979
independent_signed,410,-0.027993405450782216,308.10436945189304,300.1943559256242,-2.567316244278019,0.3851003894297462,0.5591578907776936
independent_signed,411,-0.018552505258326524,306.4011952172723,300.1943559256242,-2.0257229372903494,0.3816897772884035,0.5622660487591431
independent_signed,412,-0.028620233061743734,304.98119508692116,300.1943559256242,-1.5695522341738697,0.3788054451746051,0.5648839740549925
independent_signed,413,-0.028508803067274102,304.2392900333192,300.1943559256242,-1.3295239110149113,0.37729571905035153,0.5662614753420626
independent_signed,414,-0.04326266364113183,311.4565665310842,300.1943559256242,-3.6159811080226447,0.3916774754184611,0.5531396940757722
independent_signed,415,-0.04138656907362317,310.9090249602022,300.1943559256242,-3.4462393093765957,0.39060839614647247,0.5541138276511995
independent_signed,416,-0.04097881566551966,307.39709044601307,300.1943559256242,-2.3431368559598753,0.38367186689890975,0.5604444373577259
independent_signed,417,-0.03047085520307682,303.6240419134117,300.1943559256242,-1.1295831404436565,0.37602697547744535,0.5674089188715676
independent_signed,418,-0.04356367078597914,312.8728534282368,300.1943559256242,-4.052284294943032,0.3944320233397238,0.5506357869093579
independent_signed,419,-0.011564098222383275,304.00117395144247,300.1943559256242,-1.2522379359055702,0.3768278329163993,0.5667050122959967
independent_signed,420,-0.04978147761310942,309.1525545106583,300.1943559256242,-2.8976628057347185,0.38715386098967774,0.5572620598682467
independent_signed,421,-0.04305461195017546,308.2584082275109,300.1943559256242,-2.616004003996222,0.3853769832045364,0.5588784760797939
independent_signed,422,0.003667215088398526,305.3328468416235,300.1943559256242,-1.6829145534625776,0.37955480477741577,0.5642333958612006
independent_signed,423,-0.06407752652969041,312.40626376369016,300.1943559256242,-3.9089830309238778,0.39351222458923696,0.5514581800905165
independent_signed,424,-0.039994136586462524,307.3827254894354,300.1943559256242,-2.3385730451720694,0.38364514507569636,0.5604706281700358
independent_signed,425,-0.028815164282629795,308.454985945766,300.1943559256242,-2.678066621232765,0.3857936985991095,0.5585223042635016
independent_signed,426,-0.022456335331383043,308.1176241966486,300.1943559256242,-2.5715076479907997,0.3851289502297499,0.5591338365062587
independent_signed,427,-0.019988486207649824,305.95427917160356,300.1943559256242,-1.8826091472146766,0.38078795831442735,0.5630873664431099
independent_signed,428,0.0003128764647536096,306.1567949457003,300.1943559256242,-1.9475115752807586,0.3812190235696453,0.5627148968520425
independent_signed,429,-0.017639654033389334,305.49511516546323,300.1943559256242,-1.735137151691606,0.3798667682561938,0.5639336943625254
independent_signed,430,-0.031239548816686353,305.6403514278471,300.1943559256242,-1.7818313180118635,0.38013722853077647,0.5636657227150815
independent_signed,431,-0.05382305112862095,311.1981466486782,300.1943559256242,-3.5359435271561868,0.39113769847761426,0.553599024398537
independent_signed,432,-0.03019188921102184,305.4926642301823,300.1943559256242,-1.7343487831072477,0.37985570048196104,0.5639382191625623
independent_signed,433,-0.03345694863635216,308.88585364239543,300.1943559256242,-2.813821874417585,0.38664885741826394,0.5577432151255766
independent_signed,434,-0.04616632008720608,311.59586877998953,300.1943559256242,-3.6590706093140297,0.39195000653362855,0.5528924060203865
independent_signed,435,-0.06971646288943721,308.88348514684077,300.1943559256242,-2.813076658043341,0.3865912158781464,0.5577474936722215
independent_signed,436,-0.014098672808401401,305.6796052419196,300.1943559256242,-1.7944439937215533,0.38024891839783526,0.5635933366591892
independent_signed,437,-0.06651017024741618,308.1267747927859,300.1943559256242,-2.574401031035426,0.3850917827416399,0.5591172330290632
independent_signed,438,-0.02623729422784761,309.0631659588229,300.1943559256242,-2.8695784583984576,0.3870027734820557,0.5574232342360421
independent_signed,439,-0.03942883749950765,306.1433388597128,300.1943559256242,-1.9432018205088695,0.3811423471356923,0.5627396310144044
independent_signed,440,-0.03806123473704725,303.42326689067465,300.1943559256242,-1.0641606354511464,0.3756118168527326,0.5677843731396266
independent_signed,441,-0.019081598795623083,308.40132581730325,300.1943559256242,-2.6611331419959026,0.3856919256607091,0.5586194844331411
independent_signed,442,-0.04107022056492839,308.43693790713405,300.1943559256242,-2.672371875249116,0.38574576568606433,0.5585549867826338
independent_signed,443,-0.045215770092142636,305.8470636374715,300.1943559256242,-1.848213824458213,0.38054925017189123,0.5632847583801673
independent_signed,444,-0.032102990302835206,307.4878823772472,300.1943559256242,-2.3719719929238696,0.38386083975337126,0.5602789542437487
independent_signed,445,-0.018041418382541224,303.68445185142053,300.1943559256242,-1.1492507780753496,0.37617219354755405,0.5672960472735409
independent_signed,446,-0.056966778357607835,309.47443276883524,300.1943559256242,-2.998657032887385,0.38776908355198814,0.5566824645984738
independent_signed,447,-0.038689457260960146,306.8871361806679,300.1943559256242,-2.1808604747458507,0.3826460664907222,0.5613757298157723
independent_signed,448,-0.033447328882076806,304.44617027939347,300.1943559256242,-1.3965734401806773,0.37771381152280326,0.5658766839156315
independent_signed,449,-0.01011182199322173,307.2038554207698,300.1943559256242,-2.2817094810040164,0.3833162900347107,0.5607969630751626
independent_signed,450,-0.06228529122079931,310.185504114416,300.1943559256242,-3.221023566951219,0.38915064086994533,0.5554063247783709
independent_signed,451,-0.03358008108389265,305.9472552776678,300.1943559256242,-1.8803565819939911,0.38074694256192565,0.5631002945653544
independent_signed,452,-0.07073147850162492,310.3284997073561,300.1943559256242,-3.2656181405473634,0.38942961410255117,0.5551503982654272
independent_signed,453,-0.04158335147219013,307.07864229158616,300.1943559256242,-2.2418642711807273,0.38301988144650356,0.5610256331729432
independent_signed,454,-0.037072354000468585,307.7525564591251,300.1943559256242,-2.455934280599471,0.3843666325573152,0.5597971041008084
independent_signed,455,-0.06266758255837561,308.2920746677751,300.1943559256242,-2.6266386350921445,0.38542435677489184,0.5588174466014262
independent_signed,456,-0.05694264831800991,309.49111861013387,300.1943559256242,-3.003886743587231,0.3878066156409844,0.5566524515546688
independent_signed,457,-0.018232538919153232,303.3383374807303,300.1943559256242,-1.0364603370669476,0.37545526979737653,0.5679433435631123
independent_signed,458,-0.02809849954971927,306.45628879398333,300.1943559256242,-2.0433363899961354,0.3817947465209588,0.5621649666755412
independent_signed,459,-0.0329640726918507,304.7723898816099,300.1943559256242,-1.5021157125696474,0.37838512759181453,0.5652709850325855
independent_signed,460,-0.05192569157047263,307.47941026805387,300.1943559256242,-2.3692820069085907,0.3838152503779675,0.560294393617632
independent_signed,461,-0.05063140477099121,311.12995287098556,300.1943559256242,-3.514800437711614,0.39103406244085626,0.5537203614820552
independent_signed,462,-0.03201224815711609,308.71955654571315,300.1943559256242,-2.7614708687321428,0.38631151467612324,0.5580436535199353
independent_signed,463,-0.037818777785729486,308.23243923969426,300.1943559256242,-2.6077992744362937,0.3853358653347455,0.5589255632365028
independent_signed,464,-0.04757412115675116,313.27572735911707,300.1943559256242,-4.175673469428192,0.39520421581877097,0.5499276668357869
independent_signed,465,-0.037997486116203856,306.0852236454008,300.1943559256242,-1.9245841565358037,0.38103715985849795,0.5628464756954756
independent_signed,466,-0.02014166211530495,306.90853762004133,300.1943559256242,-2.1876816286972742,0.3827192863168464,0.5613365809589149
independent_signed,467,-0.043133771375739226,302.83147181788325,300.1943559256242,-0.8708196266486268,0.37438744078086894,0.5688939400259033
independent_signed,468,-0.03466122853277585,308.0479839933244,300.1943559256242,-2.5494820533772358,0.3849818927803649,0.559260239389987
independent_signed,469,-0.034679106890189326,308.276342191309,300.1943559256242,-2.6216693140433445,0.3854279864110737,0.5588459647140244
independent_signed,470,-0.0237323151787955,303.32074415743205,300.1943559256242,-1.0307202168095497,0.3754205269333758,0.5679762825464338
independent_signed,471,-0.02701585639969031,307.51614763779475,300.1943559256242,-2.380945445763854,0.38393200437963737,0.5602274560323061
independent_signed,472,-0.07026400160877183,310.0302822787825,300.1943559256242,-3.1725695570324097,0.3888618045751454,0.5556843950204169
independent_signed,473,-0.05067435478632793,304.309564489857,300.1943559256242,-1.3523099647332768,0.37740682445291396,0.5661307090285909
independent_signed,474,-0.04497541855583068,307.04822521667256,300.1943559256242,-2.232180070805431,0.3829717362696907,0.5610812089744078
independent_signed,475,-0.028914220850724374,305.59386358360956,300.1943559256242,-1.7668900790961235,0.3800571117160828,0.5637514678344426
independent_signed,476,-0.036044131271883405,305.7754176114895,300.1943559256242,-1.8252159475280105,0.38040553487696993,0.563416741143035
independent_signed,477,-0.027323909465916476,305.60003058556936,300.1943559256242,-1.7688724211143434,0.38008205273665996,0.5637400897162572
independent_signed,478,-0.012416616089767568,302.8187741657136,300.1943559256242,-0.86666298921519,0.3743919678699599,0.5689177953374113
independent_signed,479,-0.03468320498761781,303.4085420114523,300.1943559256242,-1.0593591282959884,0.37559769359930706,0.5678119277413517
independent_signed,480,-0.018506323685737642,303.50224778378816,300.1943559256242,-1.089906872953524,0.375801576264989,0.5676366162366463
independent_signed,481,-0.05150437737285598,307.8750596953717,300.1943559256242,-2.494746985139747,0.38461162334499077,0.5595743604048359
independent_signed,482,-0.05380069045370053,305.3590055294709,300.1943559256242,-1.6913369215659884,0.3795477201782732,0.5641850625381496
independent_signed,483,-0.0481133135963585,309.56797323658157,300.1943559256242,-3.0279674001656915,0.38798464007468125,0.5565142527934378
independent_signed,484,-0.05457419110381855,310.3591840758173,300.1943559256242,-3.2751820057981424,0.3895118906126638,0.5550955111209006
independent_signed,485,-0.06710954172292813,312.19625718638804,300.1943559256242,-3.8443450183960457,0.3930714960961542,0.5518291339243847
independent_signed,486,-0.04241023985506531,307.2956705907795,300.1943559256242,-2.3109061873546404,0.38345950326243927,0.5606294071294974
independent_signed,487,-0.04061602327947083,304.13357798750076,300.1943559256242,-1.295227606219274,0.3770724012086438,0.5664582981721191
independent_signed,488,-0.03975589633351736,310.836140788546,300.1943559256242,-3.423599596856763,0.3904780515312475,0.5542437540033738
independent_signed,489,-0.049109640757550733,312.8479560746128,300.1943559256242,-4.044648495632411,0.39434869184826704,0.5506796109708331
independent_signed,490,-0.018732207718236266,303.5411942360453,300.1943559256242,-1.1025977277464605,0.37587615761060067,0.5675637863764604
independent_signed,491,-0.029388735460641333,307.6956904253238,300.1943559256242,-2.437906910340723,0.3842814424246622,0.559900559031046
independent_signed,492,-0.08252897380020609,313.7359865221643,300.1943559256242,-4.316250343689345,0.39603471584106287,0.5491209080993961
independent_signed,493,-0.05001187550841633,314.9868278732218,300.1943559256242,-4.696219218903765,0.398488613622078,0.5469402981412572
independent_signed,494,-0.035826755633487285,305.0894155770572,300.1943559256242,-1.604467215676519,0.3790211785779932,0.5646836000795463
independent_signed,495,-0.009986228891626273,303.45647709731145,300.1943559256242,-1.0749881508184582,0.3757187786733778,0.5677222337494887
independent_signed,496,-0.06353633245429237,313.160921741713,300.1943559256242,-4.14054401934073,0.39496777169450237,0.5501292723877845
independent_signed,497,-0.050053357357286526,310.0567491062596,300.1943559256242,-3.1808348662184494,0.3889373750456647,0.5556369602553063
independent_signed,498,-0.05109649873729868,311.01436365138363,300.1943559256242,-3.478941486409152,0.3908038874895694,0.5539261549728687
independent_signed,499,-0.030457714891454907,305.8095514029312,300.1943559256242,-1.8361740016120291,0.38049029376888543,0.5633538538588718
independent_signed,500,-0.06764322518857331,312.06466842599184,300.1943559256242,-3.803798924190849,0.39284668245920484,0.5520618224319839
independent_signed,501,-0.041219494488469934,310.2750157256043,300.1943559256242,-3.2489434498635377,0.38937467102486367,0.5552460912313952
independent_signed,502,-0.0011617265802820354,305.31603419533866,300.1943559256242,-1.6775005882716365,0.37951219261404434,0.5642644667897042
independent_signed,503,-0.02709748740475566,307.58387117738096,300.1943559256242,-2.4024391212292353,0.38406820529255015,0.5601041057609455
independent_signed,504,-0.08903163198389925,316.9724296063239,300.1943559256242,-5.293228089754632,0.40220415505626717,0.5435141163390337
independent_signed,505,-0.047718683045829234,311.30609725059,300.1943559256242,-3.5693940539883675,0.39139434212417457,0.553407051750431
independent_signed,506,-0.0453850418053281,304.9337061578601,300.1943559256242,-1.554223143105864,0.378690781468234,0.5649719476528327
independent_signed,507,-0.029832738119267357,303.1714531612433,300.1943559256242,-0.9819846837741913,0.3750977560454889,0.568255974450189
independent_signed,508,-0.031475556513452026,307.6572083615283,300.1943559256242,-2.425703748548121,0.3841997226402126,0.5599705929179656
independent_signed,509,-0.04867376311209389,309.8673269321062,300.1943559256242,-3.121649223960096,0.38855907976716675,0.5559766221263606
independent_signed,510,-0.010482450597820414,305.28249528444553,300.1943559256242,-1.6666986929861336,0.37943409683878004,0.564326458092819
independent_signed,511,-0.03343194482226456,303.90323128448125,300.1943559256242,-1.220413268783306,0.3766009845962396,0.5668876529295533
independent_signed,512,-0.004497422780217822,305.1373646621667,300.1943559256242,-1.619929025085191,0.37915329217654037,0.5645948652949165
independent_signed,513,-0.03635118030249985,309.04266860974116,300.1943559256242,-2.863136253618938,0.3869205471330074,0.5574602075295639
independent_signed,514,-0.05396090739462689,307.6627454655218,300.1943559256242,-2.4274598240996794,0.3841848771891071,0.559960516607098
independent_signed,515,-0.05663796510446903,311.21589158063114,300.1943559256242,-3.541443722243666,0.39120047095036625,0.5535674571058116
independent_signed,516,-0.03235568162891759,307.92127715625674,300.1943559256242,-2.5093820414077572,0.38472343943506526,0.5594903706771124
independent_signed,517,-0.010938470080947746,306.80265414015184,300.1943559256242,-2.1539247217557826,0.3825042314933055,0.5615303092810315
independent_signed,518,-0.0166568767768342,304.00668085710754,300.1943559256242,-1.2540266946551832,0.37682955398901885,0.5666947477357337
independent_signed,519,-0.012920460978168272,304.0964253940544,300.1943559256242,-1.2831684763718576,0.3770295296972943,0.5665275017554193
independent_signed,520,-0.03934338714080881,306.20602671738357,300.1943559256242,-1.9632764437088905,0.3812832365446439,0.5626244233925738
independent_signed,521,-0.05690350085138718,313.22610715466305,300.1943559256242,-4.160493308625799,0.39509092774366594,0.5500147876123737
independent_signed,522,-0.03536187444265972,305.4084889954007,300.1943559256242,-1.7072652718094605,0.37967306266868484,0.5640936496230446
independent_signed,523,-0.07561368222466262,311.1132509564584,300.1943559256242,-3.509620691907562,0.3909751717819878,0.5537500875953909
independent_signed,524,-0.03813793610646309,307.0726735008511,300.1943559256242,-2.239964076519442,0.383015186159142,0.5610365379263406
independent_signed,525,-0.029357605764206447,307.225619155575,300.1943559256242,-2.2886318039740736,0.3833437395615579,0.5607572367652474
independent_signed,526,-0.050803435290318215,306.47123424182627,300.1943559256242,-2.0481133675499112,0.3818062114239662,0.5621375506169443
independent_signed,527,-0.02334556386820914,303.2319588769673,300.1943559256242,-1.0017423501774012,0.3752360237477538,0.5681425864084053
independent_signed,528,-0.04027978311310559,310.0168654584017,300.1943559256242,-3.1683790874582165,0.38885518985193557,0.5557084434391902
independent_signed,529,-0.04289322314257694,309.1492205912747,300.1943559256242,-2.896615637109971,0.38716083631514686,0.557268069626834
independent_signed,530,-0.04489291740056942,308.23892981076966,300.1943559256242,-2.6098500569295604,0.3853444909374294,0.5589137943594336
independent_signed,531,-0.06804190052653526,314.67859921242353,300.1943559256242,-4.602868870984689,0.39788201330097084,0.5474760279873575
independent_signed,532,-0.04447532018017011,308.5409282358164,300.1943559256242,-2.705175082578652,0.38595230560472027,0.5583667300518312
independent_signed,533,-0.029160237127092217,305.3297277752062,300.1943559256242,-1.6819102047484926,0.3795183545419568,0.564239159338055
independent_signed,534,-0.04091238134451019,307.60022188614727,300.1943559256242,-2.4076269890547066,0.3840583629616786,0.5600743356659176
independent_signed,535,-0.010837711243542844,303.18606906825295,300.1943559256242,-0.9867581158404855,0.3751604499087988,0.5682285783351357
independent_signed,536,-0.008330021291973447,301.55517311415394,300.1943559256242,-0.45126640490912223,0.3717784326380732,0.5713017203575097
independent_signed,537,-0.047979228678669945,306.0026467668086,300.1943559256242,-1.8981178439317947,0.38085923609687333,0.5629983638816592
independent_signed,538,-0.03353238881822868,303.0456868268618,300.1943559256242,-0.9408914316165902,0.37484449462973235,0.568491804565479
independent_signed,539,-0.05531801989638143,305.31033875848766,300.1943559256242,-1.675666423111331,0.37943939916613856,0.5642749930489109
independent_signed,540,-0.031295770518455945,304.83074247639735,300.1943559256242,-1.5209707895955127,0.3785098399925735,0.5651627772763405
independent_signed,541,-0.03376143172294532,306.43637686186605,300.1943559256242,-2.036971263061101,0.3817368700561966,0.5622014966312004
independent_signed,542,-0.0568547489038946,313.804749666407,300.1943559256242,-4.33721725220904,0.3962131906238705,0.5490005802157792
independent_signed,543,-0.04787739530795806,308.14604934201674,300.1943559256242,-2.5804950066281043,0.3851559368390034,0.5590822598147401
independent_signed,544,-0.02892583760603208,306.2518364637473,300.1943559256242,-1.9779409678217934,0.3813674333980299,0.5625402663868978
independent_signed,545,-0.031253858726065155,306.51652508914674,300.1943559256242,-2.062586727317161,0.3819054565189465,0.5620544915846811
independent_signed,546,-0.03025779784627099,309.21602638738955,300.1943559256242,-2.9175947208062456,0.3872777997419904,0.5571476746531938
independent_signed,547,-0.00014360842987294503,302.62909627408396,300.1943559256242,-0.8045294978030316,0.37401177141783926,0.5692743739858427
independent_signed,548,-0.027027575435342815,306.963034784038,300.1943559256242,-2.205046892104065,0.3828033379765,0.5612369239495955
independent_signed,549,-0.024106182491607217,303.71012523879523,300.1943559256242,-1.1576068826835115,0.3762166963472202,0.5672480927605765
independent_signed,550,-0.05659610840207363,308.2444185045003,300.1943559256242,-2.611584215517121,0.3853428466397275,0.5589038398674385
independent_signed,551,-0.04321235834795295,309.8212950318067,300.1943559256242,-3.1072554600206423,0.3884703810669683,0.5560592256957578
independent_signed,552,-0.015586929978396504,304.05281993606616,300.1943559256242,-1.2690110919718693,0.37692824943847214,0.5666087534629651
independent_signed,553,-0.03386158562237643,308.63427423032954,300.1943559256242,-2.7346017631232753,0.3861324819358457,0.5581978550676697
independent_signed,554,-0.017044150788661953,307.0756576300919,300.1943559256242,-2.240914098361057,0.38304105788155807,0.561031086685425
independent_signed,555,-0.041556104575379504,306.484955243184,300.1943559256242,-2.0524985680189207,0.38183595202747966,0.5621123865125868
independent_signed,556,-0.036122807349886495,305.3998212883472,300.1943559256242,-1.7044755759068266,0.3796534915600359,0.5641096594956799
independent_signed,557,-0.04336272331004217,311.3170442436934,300.1943559256242,-3.5727848904290993,0.39140804175726107,0.5533875926112287
independent_signed,558,-0.04360322575670772,308.3823765178501,300.1943559256242,-2.6551519203795793,0.385626495021713,0.5586538116518505
independent_signed,559,-0.0196041214006392,303.63268202895136,300.1943559256242,-1.13239657877122,0.37605892332492996,0.5673927726704261
independent_signed,560,-0.037660534060906185,309.37923544046276,300.1943559256242,-2.968809300262845,0.3876192023328955,0.5568537558280139
independent_signed,561,-0.03792608612857976,306.53740540233326,300.1943559256242,-2.0692578996627597,0.3819515124876707,0.5620162048009834
independent_signed,562,-0.05246142058228768,310.30962796251924,300.1943559256242,-3.2597351565633,0.3894274229775804,0.5551841587305373
independent_signed,563,-0.04474430430422321,307.2222766954013,300.1943559256242,-2.2875687418803294,0.3833201379878679,0.5607633380412024
independent_signed,564,-0.052911282081886356,306.84072547819744,300.1943559256242,-2.1660649974722723,0.3825327906262366,0.5614606384534727
independent_signed,565,-0.040716820896686774,306.43698427407253,300.1943559256242,-2.037165443080133,0.38174140323960337,0.5622003805571135
independent_signed,566,-0.04523126677065803,309.75151627381024,300.1943559256242,-3.085428108037992,0.3883380481638987,0.556184492063254
independent_signed,567,-0.04856573035979463,307.62936972863537,300.1943559256242,-2.41687385361472,0.38412484742477504,0.5600212664104854
independent_signed,568,-0.040036098283192885,308.09406750618473,300.1943559256242,-2.564058322999655,0.38506539270508755,0.5591765877179707
independent_signed,569,-0.013368573710149328,304.75560366921377,300.1943559256242,-1.4966903606275908,0.37836330082307834,0.5653021213960409
independent_signed,570,-0.050730230173462,310.04965628656197,300.1943559256242,-3.178619992350203,0.38891962964314186,0.5556496716390408
independent_signed,571,-0.05591877086278458,309.1218343835925,300.1943559256242,-2.8880129013759914,0.38708807051181393,0.5573174404848869
independent_signed,572,-0.016809014692806303,304.86440812823133,300.1943559256242,-1.5318456592816843,0.37857062418341203,0.5651003691938998
independent_signed,573,-0.03569907981994206,308.06905677352285,300.1943559256242,-2.556147939806793,0.3850145193392719,0.5592219855325288
independent_signed,574,-0.04262829363693124,309.29062982372676,300.1943559256242,-2.941011793110821,0.3874392535156408,0.5570132845234904
independent_signed,575,-0.02456845695910741,305.2149810229537,300.1943559256242,-1.6449471387355923,0.3792936507018422,0.5644512877760447
independent_signed,576,-0.02296656710633252,309.09504731240554,300.1943559256242,-2.879596895574098,0.387055167041645,0.5573657392662057
independent_signed,577,-0.02305447588146227,304.3542550604686,300.1943559256242,-1.3667951295827523,0.37753664294129163,0.566047578823886
independent_signed,578,-0.025953516995068326,305.4007297163023,300.1943559256242,-1.7047679602843318,0.3796640543889568,0.5641079819249706
independent_signed,579,-0.062104293146556376,313.0877505888197,300.1943559256242,-4.118140885086382,0.3948145545551087,0.550257841961313
independent_signed,580,-0.03198585928764177,306.60044995065243,300.1943559256242,-2.089394854462632,0.3820880086120564,0.561900641327044
independent_signed,581,-0.044080099526297246,307.1050973898943,300.1943559256242,-2.25028549607444,0.3830799241008117,0.5609773040168503
independent_signed,582,-0.029685594760193234,309.1501184698567,300.1943559256242,-2.896897658832918,0.3871785401780653,0.5572664515142506
independent_signed,583,-0.04367027326570271,307.22593500676004,300.1943559256242,-2.288732258551381,0.3833199534291474,0.5607566611810336
independent_signed,584,-0.06415890668756256,315.49438393334907,300.1943559256242,-4.849540526514447,0.399411587119727,0.546060406888274
independent_signed,585,-0.020562606580711146,315.7181606787157,300.1943559256242,-4.916981880205804,0.39990145466046256,0.545673360055919
independent_signed,586,-0.03100538071072982,306.82751476019837,300.1943559256242,-2.1618526747049738,0.38254414120416635,0.561484810787387
independent_signed,587,-0.049666473489861196,311.9268366730422,300.1943559256242,-3.761292510947309,0.3925900168012926,0.5523057637013029
independent_signed,588,-0.003563737123781182,308.4252191028216,300.1943559256242,-2.668673852657098,0.3857314020389244,0.5585762112324631
independent_signed,589,-0.038860729062733655,308.0046433532231,300.1943559256242,-2.53576937755512,0.38487868424337324,0.5593389371359915
independent_signed,590,-0.05869617040761154,310.4438984405965,300.1943559256242,-3.301576409282704,0.38967935220691996,0.5549440360524684
independent_signed,591,-0.009428265405411406,308.082360749035,300.1943559256242,-2.5603558750435456,0.38505346038524657,0.5591978361238523
independent_signed,592,-0.04134668670187422,304.0505906081143,300.1943559256242,-1.2682871869373604,0.37690308797548355,0.5666129076545356
independent_signed,593,-0.034919066445152115,304.3520591650962,300.1943559256242,-1.3660834925439487,0.3775268644101717,0.5660516625611979
independent_signed,594,-0.026976129518542526,304.93190560493235,300.1943559256242,-1.553641843384558,0.37870406263298484,0.5649752820440833
independent_signed,595,-0.0612273841083649,310.7298612154072,300.1943559256242,-3.3905673721134413,0.39024470371157016,0.5544333231995359
independent_signed,596,-0.06996574646091443,314.0499493916465,300.1943559256242,-4.411907562113063,0.39666551372495173,0.5485719406293209
independent_signed,597,-0.028223452756591712,306.8598596951379,300.1943559256242,-2.1721654230487495,0.3826052832343394,0.5614256272884213
independent_signed,598,-0.0376594186539482,307.1621464207451,300.1943559256242,-2.2684404886194955,0.3831897972135997,0.5608731143528641
independent_signed,599,-0.028326554268592746,305.80427405828823,300.1943559256242,-1.8344799626949362,0.380470489896634,0.5633635762678455
independent_signed,600,-0.03497533193448176,306.76210192614184,300.1943559256242,-2.140990024282371,0.3824036904602697,0.5616045405552015
independent_signed,601,-0.011061975253325357,308.42464901879174,300.1943559256242,-2.6684939479872964,0.38574563864912603,0.5585772408628693
independent_signed,602,-0.04940269558578549,307.57800165863193,300.1943559256242,-2.4005766645179367,0.3840154273520975,0.5601147954762566
independent_signed,603,-0.027730898060818326,307.0662807200737,300.1943559256242,-2.2379288205578023,0.3830155522981612,0.5610482159619746
independent_signed,604,-0.044107601632082584,308.2877919867036,300.1943559256242,-2.6252859410756217,0.38544982341628553,0.5588252076920478
independent_signed,605,-0.018805455098844025,303.27178500700796,300.1943559256242,-1.0147429578101466,0.3753193768915475,0.568067975721574
independent_signed,606,-0.03290778559858674,308.0122342998655,300.1943559256242,-2.5381713788128866,0.38490032157837306,0.5593251524412401
independent_signed,607,-0.038764384803846426,311.018909982055,300.1943559256242,-3.480352386629906,0.3908255001973353,0.5539180559903663
independent_signed,608,-0.0745085422259182,307.6147931290582,300.1943559256242,-2.412249790705221,0.3840657600105626,0.5600478051133543
independent_signed,609,-0.02873481800620707,300.934034976425,300.1943559256242,-0.2457944149981925,0.3704573165172942,0.5724809073235648
independent_signed,610,-0.059706972776942556,309.864071293038,300.1943559256242,-3.1206313552464637,0.3885521250896212,0.5559824628421827
independent_signed,611,-0.02809449244586092,307.12235225029116,300.1943559256242,-2.255777306309807,0.3831332629876748,0.5609457862379632
independent_signed,612,-0.055787022944767665,309.26077841573664,300.1943559256242,-2.9316431707109336,0.3873500333597284,0.5570670522255528
independent_signed,613,-0.05912335938528864,317.1371687078578,300.1943559256242,-5.342424179185719,0.40254871092329547,0.5432317829813911
independent_signed,614,-0.022264060921002193,304.4560092996138,300.1943559256242,-1.399759979707188,0.3777448547558985,0.5658583974653476
independent_signed,615,-0.04659758424314561,308.5698996365984,300.1943559256242,-2.714310022085115,0.38599742966845974,0.5583143054575312
independent_signed,616,-0.05797176368285454,309.9860434095704,300.1943559256242,-3.1587510767408586,0.3887770068303593,0.5557636990618666
independent_signed,617,-0.003273693104969569,308.73430600556566,300.1943559256242,-2.766116338165374,0.3863539011800772,0.558016994420318
independent_signed,618,-0.057955588841801846,308.55357498960893,300.1943559256242,-2.7091629271403583,0.3859429551325322,0.5583438471979104
independent_signed,619,-0.042429240827839186,308.8117290156347,300.1943559256242,-2.790494103795577,0.3864836224596324,0.5578770927207464
independent_signed,620,-0.010931528774163693,304.0526309726073,300.1943559256242,-1.2689497323674424,0.3769443520365565,0.5666091043312598
independent_signed,621,-0.043842519209315874,307.98121735770013,300.1943559256242,-2.528355949392841,0.3848298978821918,0.5593814817654973
independent_signed,622,-0.025696479222174454,301.45245685460236,300.1943559256242,-0.4173463842707872,0.37154476318414653,0.5714963838081127
independent_signed,623,-0.030606729361068258,305.4566947268445,300.1943559256242,-1.7227773665023542,0.37977576646536815,0.564004627229719
independent_signed,624,-0.04180946392893531,307.5093937399684,300.1943559256242,-2.378801416560892,0.38390358092908616,0.5602397604908038
independent_signed,625,-0.02855016971752866,305.2055000654786,300.1943559256242,-1.6418918200292192,0.37925782786070417,0.5644688234727233
independent_signed,626,-0.02926388877408506,308.2801307022959,300.1943559256242,-2.6228660141837152,0.3854529290039316,0.5588390948408858
independent_signed,627,-0.07198257968336157,308.7893717226871,300.1943559256242,-2.7834558388822335,0.38638614105042635,0.5579174867525265
independent_signed,628,-0.06034822837107693,308.4918494764861,300.1943559256242,-2.68969619941104,0.3858295046085982,0.5584555642274918
independent_signed,629,-0.04773092996093142,304.71588814088835,300.1943559256242,-1.4838518079416838,0.37824578284100907,0.5653758013213726
independent_signed,630,-0.03787871900831618,306.7304657778797,300.1943559256242,-2.1308968561957737,0.3823315704868041,0.5616624650861722
independent_signed,631,0.0034887476138812917,302.6665235430604,300.1943559256242,-0.8167958545585465,0.37411329958110395,0.5692039760073583
independent_signed,632,-0.004249462626664359,305.4615101445299,300.1943559256242,-1.724326648032838,0.37981355769081027,0.5639957350875506
independent_signed,633,-0.05730037403439528,310.54313773589655,300.1943559256242,-3.3324780208389333,0.3898754244056236,0.5547666942225652
independent_signed,634,-0.05898345438226996,311.6938928614683,300.1943559256242,-3.689368704107093,0.3921116333423079,0.5527185294237638
independent_signed,635,-0.028007078530469926,307.81824814626475,300.1943559256242,-2.4767512213953977,0.3845142151318208,0.5596776372861684
independent_signed,636,-0.017492243159469047,308.16564672580927,300.1943559256242,-2.5866902702745156,0.3852280595253563,0.5590467045861198
independent_signed,637,-0.04117253749713162,305.79839054828574,300.1943559256242,-1.8325912744712878,0.3804484685911139,0.5633744152339695
independent_signed,638,-0.026027322078561194,309.3551422691724,300.1943559256242,-2.9612523251924183,0.3875848731583037,0.5568971249824596
independent_signed,639,-0.022768274099929393,304.79171428629047,300.1943559256242,-1.5083606755621828,0.3784384038677707,0.5652351454074215
independent_signed,640,-0.03204787681722252,306.1335734270155,300.1943559256242,-1.9400738817714929,0.38113723926475973,0.5627575818432247
independent_signed,641,-0.021752617231918365,309.48522908954754,300.1943559256242,-3.002040902325283,0.3878505285719164,0.5566630417128093
independent_signed,642,-0.033128622524708974,307.48517342802273,300.1943559256242,-2.3711118884583136,0.383836952765515,0.5602838926622523
independent_signed,643,-0.020661340124874344,308.5925441982753,300.1943559256242,-2.7214488588729786,0.38607585989443083,0.5582733367762186
independent_signed,644,-0.021462724835656883,306.12467463115786,300.1943559256242,-1.937223359299257,0.3811390605567372,0.5627739396018525
independent_signed,645,-0.015335909212907256,301.74300224951,300.1943559256242,-0.5132335505183434,0.37218367363716454,0.5709460938722347
independent_signed,646,-0.029134612831926126,312.0324734789333,300.1943559256242,-3.793873573901698,0.39282121307021134,0.5521187829885609
independent_signed,647,-0.03822244524517748,307.43883683588547,300.1943559256242,-2.356397449593669,0.38374968734391,0.5603683360544147
independent_signed,648,-0.05018914373884483,307.8770346353527,300.1943559256242,-2.4953724524558227,0.38461187185468615,0.5595707717726428
independent_signed,649,-0.048060671829042494,309.144870865925,300.1943559256242,-2.895249374582886,0.38712996936074784,0.5572759130528948
independent_signed,650,-0.04334220718090048,306.4570380893875,300.1943559256242,-2.0435758965785467,0.38178652620160847,0.5621635923423132
independent_signed,651,-0.03262827475036856,308.18079817812236,300.1943559256242,-2.5914795145290435,0.38525217294546177,0.5590192190699071
independent_signed,652,-0.03701902152369106,311.10013174715806,300.1943559256242,-3.5055516564028144,0.39099844330828315,0.5537734383030558
independent_signed,653,-0.0013561027469728472,303.16637902150524,300.1943559256242,-0.98032740486378,0.3751366945604986,0.5682654832173807
independent_signed,654,-0.06600062848155411,308.5996878575287,300.1943559256242,-2.723700723827356,0.386014809430691,0.5582604155807149
independent_signed,655,-0.021678187472543808,305.9013704590831,300.1943559256242,-1.8656387596087165,0.3806790174296081,0.5631847587101647
independent_signed,656,-0.04045806978909044,307.1102219367352,300.1943559256242,-2.251916581446651,0.38309617916463834,0.5609679425038799
independent_signed,657,-0.05425069397802975,308.4357868766395,300.1943559256242,-2.6720086649061505,0.38571796671245073,0.5585570712489154
independent_signed,658,-0.025961510265627447,307.32102989382224,300.1943559256242,-2.3189672280677462,0.3835375476212961,0.5605831446128163
independent_signed,659,-0.034310944916626764,308.07138569139397,300.1943559256242,-2.5568845831272524,0.3850335392522979,0.5592177554859972
independent_signed,660,-0.05012315516895654,309.103796279144,300.1943559256242,-2.8823458206491455,0.38704378543635254,0.5573499634353717
independent_signed,661,-0.07025273832277266,311.7620905343747,300.1943559256242,-3.7104365668458397,0.39225264776944246,0.5525976225896275
independent_signed,662,-0.020776189975402735,305.6757590558497,300.1943559256242,-1.7932083156204695,0.38021588068479606,0.5636004308986862
independent_signed,663,-0.02615380502562609,310.1878985183225,300.1943559256242,-3.22177062368795,0.3892183349965145,0.5554020307459094
independent_signed,664,-0.04419568666186515,305.89298236718184,300.1943559256242,-1.8629477529880747,0.3806475786690139,0.5632002012980406
independent_signed,665,-0.04335447357187674,309.9588976188636,300.1943559256242,-3.150269848115864,0.38874354845813786,0.5558123709725591
independent_signed,666,-0.027824837956061096,305.8638615631143,300.1943559256242,-1.853604282806127,0.3805984019260339,0.5632538228980902
independent_signed,667,-0.05577389150147751,312.6401394043973,300.1943559256242,-3.9808655096185737,0.3939706877450183,0.5510456516737777
independent_signed,668,-0.010957197857183014,306.7379732981308,300.1943559256242,-2.1332922370672898,0.382370234188956,0.5616487176603583
independent_signed,669,-0.024646419160073218,307.3922834688988,300.1943559256242,-2.3416097053727345,0.38367980854517114,0.5604532008375536
independent_signed,670,-0.054232655632331504,311.9719330844571,300.1943559256242,-3.7752040840303502,0.3926661726659064,0.5522259273705037
independent_signed,671,-0.05225461408154578,309.17418685881,300.1943559256242,-2.9044568773416337,0.3871811033874567,0.5572230727238026
independent_signed,672,-0.03726489131730625,311.6894153067683,300.1943559256242,-3.6879851597881514,0.39214945243441457,0.5527264673395577
independent_signed,673,-0.03320201696614152,304.4941445373902,300.1943559256242,-1.4121088004166766,0.3778134931980527,0.5657875276652378
independent_signed,674,-0.009952668802032553,302.9647533221119,300.1943559256242,-0.9144289446575313,0.3746972252225884,0.5686436700644233
independent_signed,675,-0.025232080797452875,308.27510606406605,300.1943559256242,-2.6212788446052726,0.38543463569400593,0.5588482056638311
independent_signed,676,-0.039517061572592604,310.0255563454374,300.1943559256242,-3.17109354973918,0.38888219818160097,0.5556928650479567
independent_signed,677,-0.06696546653643778,310.5042903853936,300.1943559256242,-3.3203838977467286,0.3897777457552638,0.5548361020057055
independent_signed,678,-0.027521735618973864,305.32831355715643,300.1943559256242,-1.6814548155460047,0.3795165316845337,0.5642417738820502
independent_signed,679,-0.03269227273816031,307.1719797933208,300.1943559256242,-2.271569129577331,0.3832367534230334,0.5608551573069861
independent_signed,680,-0.020505236785361713,308.19421719556294,300.1943559256242,-2.5957207577527166,0.3852853260035244,0.5589948792781796
independent_signed,681,-0.03573672591867539,306.96829794892614,300.1943559256242,-2.206723648195415,0.38281382699826905,0.5612273014267534
independent_signed,682,-0.014671021660680302,302.86572768960156,300.1943559256242,-0.8820317123220843,0.3744966948065196,0.5688295944114258
independent_signed,683,-0.025093337772298902,306.5993961691153,300.1943559256242,-2.089058335900369,0.382082469234702,0.5619025722514844
independent_signed,684,-0.03241461452753756,303.8917929540539,300.1943559256242,-1.2166952560606754,0.37656941565238866,0.566908990227561
independent_signed,685,-0.05346202215207672,309.57183177426964,300.1943559256242,-3.029176070348412,0.3879781377340129,0.5565073170407434
independent_signed,686,-0.051726683551032875,311.6312182698096,300.1943559256242,-3.6699989197755456,0.3920103546291802,0.5528296918670125
independent_signed,687,-0.02671089248739181,308.0522214540325,300.1943559256242,-2.5508225492802836,0.3849770398611908,0.5592525477562399
independent_signed,688,-0.03450517315716797,303.6972585919448,300.1943559256242,-1.1534192579022056,0.37618616905097546,0.5672721251512964
independent_signed,689,-0.0394759202449204,313.2159410799587,300.1943559256242,-4.157382638136643,0.39509308886387084,0.5500326367066913
independent_signed,690,-0.03744767146039643,309.36215866270015,300.1943559256242,-2.9634531827377293,0.3875786533323967,0.5568844948061021
independent_signed,691,-0.03480647543607316,306.4753804843448,300.1943559256242,-2.0494385385195417,0.38182498271427046,0.5621299471568105
independent_signed,692,-0.01799706015899272,302.3189262830788,300.1943559256242,-0.7027579727063465,0.37336253305819567,0.5698584315944581
independent_signed,693,-0.044127557547128826,304.0099998576756,300.1943559256242,-1.2551047445273862,0.3768061237606447,0.566688561119229
independent_signed,694,-0.04189588533201576,309.4360064494683,300.1943559256242,-2.9866112317970614,0.387723549238437,0.5567515926839339
independent_signed,695,-0.04713249998048984,312.4533390609542,300.1943559256242,-3.923460434819823,0.3936240098869084,0.5513750960165854
independent_signed,696,-0.030533802357968477,305.5250810506361,300.1943559256242,-1.7447749646872392,0.3799125112777133,0.5638783849447959
independent_signed,697,-0.026509540998960617,306.67542374804196,300.1943559256242,-2.113331333567326,0.3822255442529616,0.5617632725432309
independent_signed,698,-0.0443879146385572,306.6158651399186,300.1943559256242,-2.0943173346115085,0.38210275745622835,0.5618723908216541
independent_signed,699,-0.03213265544982739,307.46525161856016,300.1943559256242,-2.3647861521457956,0.3838096710351735,0.5603201951536637
independent_signed,700,-0.053711195422406655,310.8956302711556,300.1943559256242,-3.4420793679853214,0.39058497927913416,0.5541376993992023
independent_signed,701,-0.03349804739366191,308.81647637751115,300.1943559256242,-2.7919884822942094,0.3864913554725995,0.5578685174680506
independent_signed,702,-0.06240979381884567,315.5284389294879,300.1943559256242,-4.859810119141249,0.39948352327168546,0.5460014661816693
independent_signed,703,-0.02370620231844818,308.679387895064,300.1943559256242,-2.748817155334088,0.38623906954110954,0.5581162720675268
independent_signed,704,-0.02839907601499357,305.25677095886,300.1943559256242,-1.658412036966098,0.37936714169359653,0.5643740144859938
independent_signed,705,-0.030358323690455796,308.5479322362106,300.1943559256242,-2.7073836632265174,0.38597212585081764,0.5583540555423451
independent_signed,706,-0.03651470827713812,303.5059120516397,300.1943559256242,-1.0911010278613775,0.3757885304147994,0.5676297637315137
independent_signed,707,-0.04512658048791764,306.3102382815732,300.1943559256242,-1.9966300800977543,0.381474652127359,0.5624330108843756
independent_signed,708,-0.03744403184607825,308.5794699004681,300.1943559256242,-2.717327234228668,0.386027040229724,0.5582969913884531
independent_signed,709,-0.02148770023700272,302.3525384118893,300.1943559256242,-0.7137967147889634,0.37342923248503046,0.569795081290189
independent_signed,710,-0.048113747297562216,309.63023384311066,300.1943559256242,-3.047466586311331,0.3881049085630872,0.5564023482852138
independent_signed,711,-0.03812776219663839,303.0585606977844,300.1943559256242,-0.9450994440036348,0.3748630941385508,0.568467654322379
independent_signed,712,-0.04069228720232906,308.5050152356287,300.1943559256242,-2.693849013656071,0.38588925858983836,0.5584317293005429
independent_signed,713,-0.04135901609916409,309.84869194681494,300.1943559256242,-3.1158227457832446,0.38853110182560424,0.5560100600102118
independent_signed,714,-0.011213657395067208,301.71614026390057,300.1943559256242,-0.5043761785316808,0.372111624142737,0.570996927490052
independent_signed,715,-0.029598087431119247,307.98480556214224,300.1943559256242,-2.5294915514740017,0.384833539201455,0.5593749653283695
independent_signed,716,-0.03702589116912775,308.32464310238845,300.1943559256242,-2.636924215643808,0.38552551712595606,0.5587584164590748
independent_signed,717,-0.049919412042252774,308.50645741457026,300.1943559256242,-2.6943038919202453,0.3858753013804682,0.5584291198899866
independent_signed,718,-0.0348703567212495,304.53122814471897,300.1943559256242,-1.4241141197623846,0.3778765372489399,0.5657186309582515
independent_signed,719,-0.06158509472990422,308.58804942283456,300.1943559256242,-2.7200319367225725,0.3860232522893159,0.5582814691908021
independent_signed,720,-0.05990388195653231,308.0674070779277,300.1943559256242,-2.55562612967751,0.38498609239437254,0.5592249798922485
independent_signed,721,-0.039378002824357876,308.4773467604806,300.1943559256242,-2.6851212647675435,0.38582320481348176,0.5584818182780327
independent_signed,722,-0.04554336413516418,310.76420268611236,300.1943559256242,-3.4012433443514136,0.39033228048024826,0.5543720544362575
independent_signed,723,-0.03849782232688697,308.78542313306093,300.1943559256242,-2.782212683574338,0.3864383149846847,0.5579246201442012
independent_signed,724,-0.028202120278031557,306.7272515401802,300.1943559256242,-2.1298712721977306,0.3823423064400553,0.561668351330017
independent_signed,725,-0.015713122503242468,304.07969492776283,300.1943559256242,-1.27773707582205,0.3769678449169872,0.5665586765288834
independent_signed,726,-0.049266471933798246,307.1215283872905,300.1943559256242,-2.2555151044087225,0.3831025724402274,0.5609472915210378
independent_signed,727,-0.04082010721457156,307.2655468540452,300.1943559256242,-2.301328932195546,0.3833993159065672,0.5606843699025829
independent_signed,728,-0.0527644614464885,308.99152931048354,300.1943559256242,-2.8470597250643945,0.3868410265239024,0.5575524662837544
independent_signed,729,-0.066736886048358,310.58932931459645,300.1943559256242,-3.346854643046396,0.3899611128770859,0.5546841879399452
independent_signed,730,-0.03242150577652645,310.7844228991335,300.1943559256242,-3.4075282392600315,0.390383490442338,0.5543359857911433
independent_signed,731,-0.010112956965111808,307.3159253381896,300.1943559256242,-2.3173447339991675,0.3835326029316992,0.5605924558621821
independent_signed,732,-0.043479050100664156,305.8776663446912,300.1943559256242,-1.8580337972967569,0.3806174218016106,0.563228401656319
independent_signed,733,-0.04366415528293952,307.13629068454946,300.1943559256242,-2.2602131267044236,0.38311357030186455,0.5609203312528277
independent_signed,734,-0.035798853636978316,304.8709261900847,300.1943559256242,-1.5339508830516184,0.37858139635328625,0.5650882844261683
independent_signed,735,-0.05644738279808308,306.70135091038577,300.1943559256242,-2.12160623533178,0.38225088227226345,0.5617157843687507
independent_signed,736,-0.05826947389240589,305.89477260543185,300.1943559256242,-1.8635220965872783,0.38061837424505607,0.5631969059696795
independent_signed,737,-0.03261159816484817,304.7631044498623,300.1943559256242,-1.4991147082863774,0.3783527890355126,0.5652882091944726
independent_signed,738,-0.04005547090701367,309.6677970375948,300.1943559256242,-3.059227082246621,0.3881800085703079,0.5563348576901991
independent_signed,739,-0.05821195365095657,310.6868062942567,300.1943559256242,-3.37717925449815,0.39015465688716133,0.5545101570193302
independent_signed,740,-0.03459180748731409,305.45932900511235,300.1943559256242,-1.7236249083098103,0.3797682726812406,0.5639997637278673
independent_signed,741,-0.03533465834794563,306.97653610993996,300.1943559256242,-2.209348072742204,0.3828272007948881,0.5612122408346444
independent_signed,742,-0.036965967298363905,306.0012740107699,300.1943559256242,-1.8976777478845783,0.38086042440380585,0.5630008899192109
independent_signed,743,-0.02036601805647452,308.85079521692217,300.1943559256242,-2.802790028504887,0.3865931559616964,0.5578065260554447
independent_signed,744,-0.061862188986098056,312.744782358925,300.1943559256242,-4.01299306694657,0.3941585175311325,0.5508612773784749
independent_signed,745,-0.05380198299910873,310.2576690719539,300.1943559256242,-3.243534052335005,0.38931998938510437,0.555277137384946
independent_signed,746,-0.031242287401529175,306.8597109116037,300.1943559256242,-2.1721179903931938,0.38260978776093146,0.5614258993513036
independent_signed,747,-0.03047951123013069,304.5966401556704,300.1943559256242,-1.4452832532218016,0.3780190611091435,0.5655971438645039
independent_signed,748,-0.026151621735745017,311.5813290164719,300.1943559256242,-3.6545749152529283,0.39195076799162487,0.5529182058594628
independent_signed,749,-0.044086063302274874,304.09568655377075,300.1943559256242,-1.282928630905353,0.3769797569813532,0.5665288826100328
independent_signed,750,-0.033697226620539096,308.00625900908034,300.1943559256242,-2.5362806290328708,0.3848803363070884,0.5593360027859954
independent_signed,751,-0.0640251051692367,311.6873433043645,300.1943559256242,-3.6873449068855235,0.3921037404925003,0.5527301447617521
independent_signed,752,-0.04191777246513769,305.96484186947777,300.1943559256242,-1.8859964133771907,0.38078875552389435,0.5630679273699656
independent_signed,753,-0.01679346956173521,304.89661382035763,300.1943559256242,-1.5422466769355252,0.3786551639069481,0.5650406769260057
independent_signed,754,-0.04139170771472807,307.4305901974398,300.1943559256242,-2.353778219391992,0.38373057928844845,0.5603833686660217
independent_signed,755,-0.03571115992657113,306.87678572436,300.1943559256242,-2.1775611938069495,0.38262672660124786,0.5613946629683098
independent_signed,756,-0.02311179494542275,306.68962667457424,300.1943559256242,-2.117864506660376,0.38226601279253725,0.5617372561035258
independent_signed,757,-0.04543857192962838,309.94733695937464,300.1943559256242,-3.146657470726634,0.3887322546956009,0.5558331006430226
independent_signed,758,-0.04699413547335218,305.2102617715639,300.1943559256242,-1.643426343801598,0.3792430929463496,0.5644600168855025
independent_signed,759,-0.030952722286519897,305.62302353781325,300.1943559256242,-1.7762626484576245,0.38010809177788596,0.5636976800720928
independent_signed,760,-0.047239944536518565,305.1923207121956,300.1943559256242,-1.6376443466559611,0.3792175248595545,0.5644931994259107
independent_signed,761,-0.04880645225695258,310.88516841833814,300.1943559256242,-3.438830017882352,0.3905466587976635,0.5541563489121639
independent_signed,762,-0.035389879492304176,308.4606699324607,300.1943559256242,-2.67985996679785,0.3858017740032017,0.5585120123541084
independent_signed,763,-0.04816039353949223,310.46743814708987,300.1943559256242,-3.3089081041080304,0.38975027828489606,0.5549019582625319
independent_signed,764,-0.03875694357600174,307.584420438458,300.1943559256242,-2.402613403598046,0.3840493215074551,0.5601031066380084
independent_signed,765,-0.04540209475521793,311.7911474180488,300.1943559256242,-3.7194101206714625,0.39233602338919016,0.5525461221477588
independent_signed,766,-0.024381934423844256,302.3600308928748,300.1943559256242,-0.7162570267159044,0.37343705940897076,0.5697809616931336
independent_signed,767,-0.04791961652039284,315.7334876274606,300.1943559256242,-4.921597584913533,0.3999010998299848,0.5456468727676081
independent_signed,768,-0.05273095588617466,310.43648719501806,300.1943559256242,-3.2992678669758524,0.3896829533026488,0.5549572831419367
independent_signed,769,-0.0472926027366495,305.5682070942113,300.1943559256242,-1.758642111261996,0.37998350527590796,0.563798802570581
independent_signed,770,-0.021240064978777697,302.92868726055576,300.1943559256242,-0.9026320219648526,0.3745977665302723,0.5687113732183948
independent_signed,771,-0.050773001282388625,309.6461026950746,300.1943559256242,-3.052435243713702,0.3881137833604257,0.5563738358254474
independent_signed,772,-0.018838128285793624,303.55090697153696,300.1943559256242,-1.1057621535051028,0.37588363800637226,0.5675456247219012
independent_signed,773,-0.02226636756767574,307.1046771190575,300.1943559256242,-2.250151726199306,0.38310946367747656,0.5609780701824252
independent_signed,774,-0.04219524503621242,312.2290783559421,300.1943559256242,-3.8544527927018497,0.39319633220685746,0.5517711224328663
independent_signed,775,-0.042900188909624604,307.10809900526834,300.1943559256242,-2.251240882945753,0.38307922705755104,0.5609718213219483
independent_signed,776,-0.04766352709579578,306.75065582146374,300.1943559256242,-2.137338509768481,0.382366551013142,0.5616254966949535
independent_signed,777,-0.056349595825371614,308.1496155838906,300.1943559256242,-2.581622450896947,0.38515280172676347,0.5590757895934062
independent_signed,778,-0.05705784820113182,309.081304380739,300.1943559256242,-2.8752785526514724,0.38699735100106436,0.5573905226236453
independent_signed,779,-0.03642711980832455,306.5007062523672,300.1943559256242,-2.057532070268848,0.3818791502131338,0.5620834980668273
independent_signed,780,-0.01665734476656432,307.70302960145295,300.1943559256242,-2.440233911753879,0.38431168191788545,0.559887204934471
independent_signed,781,-0.048200812071138265,308.73137084375753,300.1943559256242,-2.765191919046579,0.3863138974416388,0.5580222979088335
independent_signed,782,-0.025118936459332147,304.89673813473695,300.1943559256242,-1.5422868207382059,0.3786417026883889,0.5650404477578855
independent_signed,783,-0.022594311151574564,308.1706638008383,300.1943559256242,-2.588276176855354,0.3852317978712626,0.5590376033856694
independent_signed,784,-0.01991746813674898,305.06884044896606,300.1943559256242,-1.59783100632897,0.37900133204057984,0.5647216833151021
independent_signed,785,-0.05428759150831363,308.3456505281353,300.1943559256242,-2.643557510394431,0.3855371293989279,0.55872035035916
independent_signed,786,-0.048633458471344114,309.05796631766884,300.1943559256242,-2.8679443204948987,0.38696350783233646,0.5574326124520048
independent_signed,787,-0.05635074025662449,312.7013475011595,300.1943559256242,-3.99966027504531,0.3940758736225213,0.550937791779123
independent_signed,788,-0.031003351383204453,307.9924158032236,300.1943559256242,-2.5318999681412784,0.3848850724209337,0.5593611389271655
independent_signed,789,-0.013707204092379036,303.6210205352562,300.1943559256242,-1.1285992661480049,0.37605128846411784,0.5674145644085419
independent_signed,790,-0.05519234109030411,309.65548770430837,300.1943559256242,-3.055373521336923,0.3881333982265699,0.556356973329146
independent_signed,791,-0.02931230917105776,309.59338134888685,300.1943559256242,-3.0359258270675635,0.38803209076159506,0.556468583226769
independent_signed,792,0.02186559617059877,301.2370785976068,300.1943559256242,-0.34614685444332216,0.3711518987778276,0.5719049913863382
independent_signed,793,-0.02792327074930086,303.94150359430415,300.1943559256242,-1.2328515929438701,0.37668630943880377,0.5668162706442448
independent_signed,794,-0.03520593641689023,306.22752855665794,300.1943559256242,-1.9701601157380824,0.3813315145486178,0.5625849185126061
independent_signed,795,-0.06324253383054988,309.59343862836664,300.1943559256242,-3.0359437668913256,0.38800467621980195,0.5564684793401653
independent_signed,796,-0.0542983373318206,311.0764084226671,300.1943559256242,-3.4981927919963534,0.3909322294426163,0.5538156706791881
independent_signed,797,-0.01799358877394731,305.9951578687052,300.1943559256242,-1.89571690724921,0.3808695709141856,0.5630121424161437
independent_signed,798,-0.035711625800096874,310.86926554237215,300.1943559256242,-3.4338903198177086,0.39054894401156526,0.5541846962504424
independent_signed,799,-0.022814303578640106,305.8127178976686,300.1943559256242,-1.837190425129546,0.38050463879018226,0.5633480202402067
independent_signed,800,-0.036785431693772595,307.83719873959814,300.1943559256242,-2.4827547954784546,0.38454788293437026,0.5596431828577126
independent_signed,801,-0.0229702472198858,304.9670340263633,300.1943559256242,-1.5649816433360808,0.37878314449468453,0.5649102040461629
independent_signed,802,-0.03863060381360194,309.1098530662263,300.1943559256242,-2.8842487718086316,0.38708531450961003,0.5573390420896575
independent_signed,803,-0.03163539656064311,305.8120511122163,300.1943559256242,-1.8369763932326806,0.38049097737325066,0.5633492489919245
independent_signed,804,-0.05877527461068369,310.112014021167,300.1943559256242,-3.1980889637077516,0.38902219517113346,0.5555379423692234
independent_signed,805,-0.028991295196202315,304.4959698877949,300.1943559256242,-1.412699801496814,0.3778209284492614,0.5657841359088018
independent_signed,806,-0.047711275625950546,309.2774965052233,300.1943559256242,-2.936890230371384,0.38738378370427606,0.5570369391756443
independent_signed,807,-0.0506826891051421,308.0737582184446,300.1943559256242,-2.55763500870248,0.38500336217616227,0.5592134516737229
independent_signed,808,-0.033974711932172254,307.74032354602963,300.1943559256242,-2.4520568294251284,0.38436922507946913,0.5598193544736796
independent_signed,809,-0.01710276001500548,305.5052994849893,300.1943559256242,-1.7384129075070285,0.3798729748006944,0.5639148978935149
independent_signed,810,-0.0064070268167166974,305.25247336201636,300.1943559256242,-1.6570275027365386,0.37939032445530985,0.564381958550706
independent_signed,811,-0.03010138827408405,308.034564281801,300.1943559256242,-2.5452365628047784,0.38494817795876624,0.55928460518189
independent_signed,812,-0.04979135664681173,308.3829916185254,300.1943559256242,-2.655346084401003,0.38563658526085853,0.5586526941415111
independent_signed,813,-0.03892876763096225,307.2430990732992,300.1943559256242,-2.2941908765193695,0.3833540694376868,0.5607253353068895
independent_signed,814,-0.050290245332684204,311.7136736668023,300.1943559256242,-3.695480408566021,0.39216565136918324,0.5526834530103663
independent_signed,815,-0.04948044114744457,309.145395417412,300.1943559256242,-2.895414139907194,0.38713625773954985,0.5572749656765339
independent_signed,816,-0.03372211685727095,308.84175182089825,300.1943559256242,-2.799943933839871,0.38652873098182117,0.5578228621299569
independent_signed,817,-0.027404643620067892,304.6173390805709,300.1943559256242,-1.4519801033968078,0.3780714259104063,0.5655587097697107
independent_signed,818,-0.05577050310948711,306.1671894493084,300.1943559256242,-1.950840498104092,0.3811681329187745,0.5626957942077484
independent_signed,819,-0.052187223038162735,310.30177733755846,300.1943559256242,-3.2572876309822067,0.3894071987415212,0.5551982073207766
independent_signed,820,-0.050144995603293385,305.40439829491555,300.1943559256242,-1.7059487022384732,0.37964152418065367,0.5641012060532516
independent_signed,821,-0.055698487733828204,306.7256656339577,300.1943559256242,-2.12936524070596,0.3822986255548936,0.561671254374057
independent_signed,822,-0.03247981285397523,305.2270681535156,300.1943559256242,-1.6488420435110698,0.3792956727208424,0.5644289371980767
independent_signed,823,-0.014666844003721197,302.1324275981608,300.1943559256242,-0.6414643035650033,0.37295646111587033,0.5702101914719432
independent_signed,824,-0.029913060755981328,302.45532159871817,300.1943559256242,-0.7475370779204472,0.3736336732453076,0.5696014475349526
independent_signed,825,-0.02870566079179145,306.9021009900968,300.1943559256242,-2.1856302198104003,0.38269414955284486,0.5613483540059327
independent_signed,826,0.003721373554779307,302.1010982181259,300.1943559256242,-0.6311603313421144,0.37291544612464134,0.5702693229148926
independent_signed,827,-0.04924934716195251,310.10016375519734,300.1943559256242,-3.1943897447900325,0.3890211955751982,0.5555591705013488
independent_signed,828,-0.04820641370611781,305.7872329666651,300.1943559256242,-1.8290093365835771,0.3804164608919647,0.5633949723770565
independent_signed,829,-0.05903691518466921,312.8192633232428,300.1943559256242,-4.035847173699466,0.3943054086536977,0.550730118184359
independent_signed,830,-0.05060501935005571,317.31279095449037,300.1943559256242,-5.394814050001944,0.4028847015583983,0.5429311221454604
independent_signed,831,0.00044434556018343313,307.9932585035058,300.1943559256242,-2.5321666505868636,0.38490249466241344,0.5593596096530595
independent_signed,832,-0.08109178425824885,323.6282452663323,300.1943559256242,-7.240990143311814,0.4144846545118115,0.5323360750658513
independent_signed,833,-0.002202093957502525,303.76809600144855,300.1943559256242,-1.1764698540979401,0.3763632256460352,0.5671398394473971
independent_signed,834,-0.05455686228561125,305.2007944205985,300.1943559256242,-1.6403753156929566,0.3792283980619685,0.5644775254583877
independent_signed,835,-0.02512624495499007,308.47932053866816,300.1943559256242,-2.6857439255820106,0.38583901168676826,0.558478244662482
independent_signed,836,-0.06537653961243493,309.0716417185592,300.1943559256242,-2.8722420936368636,0.3869682750144604,0.5574079501442156
independent_signed,837,-0.04133572866853002,310.52006251309865,300.1943559256242,-3.3252945088012984,0.3898538883448608,0.5548079183185507
independent_signed,838,-0.06378364878560557,308.66877679972947,300.1943559256242,-2.7454739549519207,0.3861808788411657,0.5581354593127201
independent_signed,839,-0.03961322417150578,307.17097117409713,300.1943559256242,-2.2712482308488493,0.38321350590253,0.5608570011756623
independent_signed,840,-0.06343136352054846,307.91297858952186,300.1943559256242,-2.5067545704811987,0.38466029137272284,0.5595054505133321
independent_signed,841,-0.053406778248832394,307.8683885319986,300.1943559256242,-2.492634155447495,0.3845969616117616,0.559586485235625
independent_signed,842,-0.057044169614804685,307.28622742593893,300.1943559256242,-2.3079041191405065,0.38341895559537076,0.5606466362735678
independent_signed,843,-0.05723928283327421,310.37550115601573,300.1943559256242,-3.2802670289604383,0.38955122084021865,0.5550663279730148
independent_signed,844,-0.0167578123825237,305.9374538428428,300.1943559256242,-1.877213085576877,0.38076122420348535,0.5631183348587558
independent_signed,845,-0.046899015523710015,308.5656891754154,300.1943559256242,-2.712982532880442,0.385992454905274,0.5583219249249112
independent_signed,846,-0.05084476550375966,309.0889619469933,300.1943559256242,-2.8776847821872282,0.3870287929188393,0.5573767126222087
independent_signed,847,-0.005799865992600159,302.8292394991671,300.1943559256242,-0.8700888916475076,0.3744402663170052,0.5688981319032014
independent_signed,848,-0.038804026813343495,310.41347216660273,300.1943559256242,-3.2920981714008155,0.3896550498620772,0.5549984289971625
independent_signed,849,-0.04537028558489901,306.9921308783416,300.1943559256242,-2.2143157002976284,0.38284679786209264,0.5611837327376433
independent_signed,850,-0.055365478440205194,312.52462420506356,300.1943559256242,-3.9453749639096634,0.39373586195860033,0.55124933139352
independent_signed,851,-0.0348664412077613,308.4507559110085,300.1943559256242,-2.6767319668253156,0.38577000986009813,0.5585299644913623
independent_signed,852,-0.031011749634902677,306.1502964446648,300.1943559256242,-1.9454302635689464,0.38118013827839525,0.5627268418502094
independent_signed,853,-0.03308068939707703,306.5657764345772,300.1943559256242,-2.078320869033027,0.3820145814736685,0.561964193555559
independent_signed,854,-0.020374800333812757,302.6011050162486,300.1943559256242,-0.7953537018627673,0.3739409701642764,0.5693270318077087
independent_signed,855,-0.04844549836500672,308.6922410215651,300.1943559256242,-2.7528664367522047,0.38623483941389414,0.5580930357195383
independent_signed,856,-0.030175962486822926,307.42336274401754,300.1943559256242,-2.3514825788997364,0.3837362709475842,0.5603965415205376
independent_signed,857,-0.0018355178468237021,299.6707949111356,300.1943559256242,0.17471205849201213,0.3678457519594377,0.5748941566069712
independent_signed,858,-0.0434993042592405,310.8993520921747,300.1943559256242,-3.4432352767903747,0.3905934239413419,0.5541310671478513
independent_signed,859,-0.04969419817675517,309.3661857185297,300.1943559256242,-2.9647163188191143,0.38758052438817436,0.5568772459774256
independent_signed,860,-0.0588763715665381,310.45856015597514,300.1943559256242,-3.306143088853518,0.38969726849731146,0.5549178291817108
independent_signed,861,-0.014555462717365403,307.1362911831769,300.1943559256242,-2.2602132853823225,0.3831759565850079,0.5609203279771614
independent_signed,862,-0.02380161623356168,308.130880476206,300.1943559256242,-2.575699176374714,0.38514719630919403,0.5591097819397997
independent_signed,863,-0.04628734961064543,311.0581934316585,300.1943559256242,-3.4925418251106493,0.39090346237179463,0.5538481004069427
independent_signed,864,-0.02919581653562171,308.31653715220403,300.1943559256242,-2.634364442984842,0.38551600792054463,0.5587731064570469
independent_signed,865,-0.033322978734617266,306.3571670916007,300.1943559256242,-2.011642562334366,0.38159579972730706,0.5623468542269618
independent_signed,866,-0.029345981990527358,303.4339549058536,300.1943559256242,-1.067645505010984,0.3756465258210988,0.5677643728665421
independent_signed,867,-0.04121669821335631,309.00815600896834,300.1943559256242,-2.8522872008233713,0.38684032326981255,0.5575224696106511
independent_signed,868,-0.02213683077767488,306.2156362588524,300.1943559256242,-1.9663529945081613,0.38130023062581664,0.5626067698389862
independent_signed,869,-0.038488252872510814,305.9269387793651,300.1943559256242,-1.8738404916591016,0.380706585600909,0.5631376900519693
independent_signed,870,-0.06183528768475122,314.6186125729071,300.1943559256242,-4.5846800128331076,0.3977690961459541,0.5475804133230574
independent_signed,871,-0.05104322847617291,314.9894475446405,300.1943559256242,-4.697011831458098,0.3984682082625194,0.5469357519225861
independent_signed,872,-0.029429214290565223,305.0062723756107,300.1943559256242,-1.5776450800528719,0.3788678191893502,0.564837527579066
independent_signed,873,-0.02667534291220558,304.467821341207,300.1943559256242,-1.4035852448241681,0.3777574427770436,0.5658364451389978
independent_signed,874,-0.015067460096988991,303.31234745528656,300.1943559256242,-1.027980415509454,0.3754250423642026,0.5679920063604956
independent_signed,875,-0.026874192915795892,305.88785071768046,300.1943559256242,-1.8613013817639523,0.3806536851987098,0.5632096497329018
independent_signed,876,-0.0488684480821255,313.38056747051485,300.1943559256242,-4.2077310827932175,0.39541064146774374,0.5497436906949171
independent_signed,877,-0.023227769089180523,311.963930980136,300.1943559256242,-3.772735847228828,0.3926989561587768,0.5522400899312715
independent_signed,878,-0.03924858741729076,306.5329113758002,300.1943559256242,-2.0678221538192707,0.38193421739090727,0.5620244451692898
independent_signed,879,-0.02015361067760024,312.27855778470587,300.1943559256242,-3.8696867133006467,0.39330371773114325,0.5516836977518939
independent_signed,880,-0.04207897602480337,309.6657611328183,300.1943559256242,-3.0585897428717437,0.3881590395390093,0.5563385162754536
independent_signed,881,-0.04445159576354566,307.96051909930065,300.1943559256242,-2.5218048067948162,0.3847947078671997,0.5594190762527959
independent_signed,882,-0.03730729281892619,305.48621646294305,300.1943559256242,-1.732274731930746,0.3798233979013268,0.5639501233961607
independent_signed,883,-0.07485114185889478,316.9679240290099,300.1943559256242,-5.291881869362439,0.40221344694289063,0.5435218411229186
independent_signed,884,-0.0474719170254616,305.0707918200371,300.1943559256242,-1.598460431206894,0.37896576240971414,0.5647180720802795
independent_signed,885,-0.026464789117046566,308.0053814877833,300.1943559256242,-2.5360029504773176,0.3848987636225548,0.5593375948967421
independent_signed,886,0.0011405861057168555,304.6849355618646,300.1943559256242,-1.4738436700059987,0.37824102789998626,0.5654332358802945
independent_signed,887,-0.024404580850882682,306.9378373842571,300.1943559256242,-2.197018626345066,0.3827770114840864,0.5612829955245152
independent_signed,888,-0.02414284700636274,305.47031569995204,300.1943559256242,-1.727159564502537,0.37980646925074635,0.5639794792305741
independent_signed,889,-0.024746472390058265,303.8844985907445,300.1943559256242,-1.2143240876823944,0.3765764513590013,0.5669225973479987
independent_signed,890,-0.051320302972642166,308.71895960054263,300.1943559256242,-2.7612828463624512,0.38629293556792554,0.5580447336139676
independent_signed,891,-0.030624406402324323,311.73517672627406,300.1943559256242,-3.7021233605546904,0.3922080430570153,0.5526453340189803
independent_signed,892,-0.04128973290441057,308.67211213309287,300.1943559256242,-2.7465248314409485,0.3862034717615269,0.5581294285705878
independent_signed,893,-0.04164667476879908,307.84035919674426,300.1943559256242,-2.483755960742428,0.38455588234309823,0.5596374359675615
independent_signed,894,-0.018419534060092276,305.66879947860264,300.1943559256242,-1.790972308039452,0.38021813632818935,0.5636132622157314
independent_signed,895,-0.029099501962899194,305.377409610333,300.1943559256242,-1.6972616577377035,0.3796189535868022,0.5641510588976121
independent_signed,896,-0.04990672370198892,312.7388583676375,300.1943559256242,-4.011174852875709,0.3941698992309308,0.5508717096109654
independent_signed,897,-0.020427574244919203,303.9482917825308,300.1943559256242,-1.2350573957469264,0.37670498885773473,0.5668036108874924
independent_signed,898,-0.019309939892653404,304.17545419240014,300.1943559256242,-1.3088164123386996,0.377176447699607,0.5663803137410562
independent_signed,899,-0.053401626154511384,309.5514124288359,300.1943559256242,-3.0227794568253783,0.3879108222985568,0.5565440296229822
independent_signed,900,-0.06513584352377282,311.0616074632319,300.1943559256242,-3.493601034930742,0.39088761939892136,0.5538420229233447
independent_signed,901,-0.05818832226319006,309.6340554386623,300.1943559256242,-3.0486632032980814,0.3880997531732172,0.5563954812499315
independent_signed,902,-0.04247067656159851,310.9802549158525,300.1943559256242,-3.4683549259893804,0.39073768359970995,0.5539869097594265
independent_signed,903,-0.044495444050360544,305.9307964007842,300.1943559256242,-1.8750778093111415,0.3807132614043697,0.5631305885597793
independent_signed,904,-0.055548844992570956,312.57987126025057,300.1943559256242,-3.9623521772821717,0.3938504022776165,0.5511519004366641
independent_signed,905,-0.016415082597994582,309.83744766726613,300.1943559256242,-3.112306731882716,0.3885391842067578,0.5560302365090907
independent_signed,906,-0.022072668169613285,304.77912511953116,300.1943559256242,-1.5042923927643792,0.3784048530055385,0.5652584938577516
independent_signed,907,-0.04145952289546496,313.8334416181404,300.1943559256242,-4.345963139617114,0.3962986140481388,0.5489503871989211
independent_signed,908,-0.06025121652904411,311.1241220167767,300.1943559256242,-3.5129921846957024,0.39101384195335664,0.5537307380961175
independent_signed,909,-0.010546292439321099,303.9461373526218,300.1943559256242,-1.2343573304387707,0.3767197982306041,0.5668076275580353
independent_signed,910,-0.04325029324430624,311.3083115508235,300.1943559256242,-3.5700799538032295,0.39139752341473055,0.5534031163206835
independent_signed,911,-0.043846044538878366,306.7936397946606,300.1943559256242,-2.1510497653906087,0.38244099464652903,0.5615468104763512
independent_signed,912,-0.012481309750379754,304.9029993634633,300.1943559256242,-1.5443086646143829,0.3786697605727414,0.5650288441863279
independent_signed,913,-0.03778975338666379,306.60648257245504,300.1943559256242,-2.0913212900890135,0.38208681427900726,0.5618895853600148
independent_signed,914,-0.06862370930841524,311.0182166750259,300.1943559256242,-3.480137229618034,0.39079040899878714,0.5539192910838939
independent_signed,915,-0.039424851768744086,308.3493113204926,300.1943559256242,-2.6447133479705562,0.38557278485094126,0.5587137157379298
independent_signed,916,-0.0471751246471517,320.21002642961287,300.1943559256242,-6.250794432381211,0.40827110771269837,0.5380187243577095
independent_signed,917,-0.01867161879699409,310.04452711968094,300.1943559256242,-3.1770182449485485,0.38894765842299406,0.5556588635967386
independent_signed,918,-0.026882085391526256,314.01498072174195,300.1943559256242,-4.40126288381273,0.39665561614662825,0.5486330268810791
independent_signed,919,-0.022280647410953952,312.80409791462154,300.1943559256242,-4.03119462726447,0.3943095958093471,0.5507568184377624
independent_signed,920,-0.07826924488756579,307.3288856631075,300.1943559256242,-2.3214640960577007,0.383482009302338,0.5605688171273376
independent_signed,921,-0.042581708766402444,309.2156837275752,300.1943559256242,-2.917487138168235,0.38728950138203255,0.5571482899722722
independent_signed,922,-0.021195456315812166,305.95360665851337,300.1943559256242,-1.8823934765107264,0.3807836007473149,0.563088604203412
independent_signed,923,-0.02144680200744827,303.90026466112096,300.1943559256242,-1.2194489990422324,0.37661320945896337,0.566893185067845
independent_signed,924,-0.03694924763096367,307.8409359260428,300.1943559256242,-2.483938654037752,0.3845748071523545,0.5596363865488834
independent_signed,925,-0.04042359581876769,306.616275756642,300.1943559256242,-2.094448448690561,0.3821053963921648,0.5618716387402722
independent_signed,926,-0.04687268206945803,303.9294399676429,300.1943559256242,-1.2289313080089677,0.3766400271365009,0.5668387677847088
independent_signed,927,-0.04540664944660502,308.4330871653164,300.1943559256242,-2.671156754098929,0.3857235977260425,0.5585619615239369
independent_signed,928,-0.0585803273707927,309.1467331335448,300.1943559256242,-2.8958343234548516,0.38712835165438997,0.5572725549842348
independent_signed,929,-0.04609032786641434,306.35167101465527,300.1943559256242,-2.0098846102708188,0.3815726512019705,0.562356942644061
independent_signed,930,-0.024414737943121306,310.52926237192946,300.1943559256242,-3.3281586306435873,0.3898880765565794,0.5547914826126373
independent_signed,931,-0.0008442099441368049,301.6638686345851,300.1943559256242,-0.48713580304208476,0.37202109337393596,0.5710958679548649
independent_signed,932,-0.044893332584259565,307.2807379820068,300.1943559256242,-2.3061588900497743,0.3834298612925203,0.5606566513346238
independent_signed,933,-0.03674287542170506,311.2740507019472,300.1943559256242,-3.559466248901059,0.39133211698961046,0.5534640269281504
independent_signed,934,-0.035379381247038016,306.90340722029407,300.1943559256242,-2.1860465334795443,0.38267534186649343,0.5613459660469596
independent_signed,935,-0.03610216019732398,307.73475437685136,300.1943559256242,-2.4502914747137,0.3843515357792596,0.5598294858088809
independent_signed,936,-0.06768855736013465,310.56841261420874,300.1943559256242,-3.3403450792889475,0.389922717866934,0.5547215450412327
independent_signed,937,-0.042621506873136504,310.4105154601789,300.1943559256242,-3.2911770142223955,0.38962531245791054,0.5550037172299354
independent_signed,938,-0.061384979538259075,310.1097852119185,300.1943559256242,-3.197393232696097,0.389017566012149,0.555541934034029
independent_signed,939,-0.022919619968304477,306.1973921289026,300.1943559256242,-1.9605118650883981,0.38126934219981523,0.5626402897622053
independent_signed,940,-0.07698063341029689,316.13271346596065,300.1943559256242,-5.0416666360131615,0.40063103235377806,0.5449578065478393
independent_signed,941,-0.05549617340301371,308.9199321773669,300.1943559256242,-2.8245429779302365,0.3866843736957175,0.5576816898529672
independent_signed,942,-0.03583529402013501,304.58743777129877,300.1943559256242,-1.44230565706164,0.3779853057439523,0.5656142328698525
independent_signed,943,-0.0493038428114963,310.08354186558176,300.1943559256242,-3.1892005233365173,0.38898403974185225,0.5555889515403676
independent_signed,944,-0.04284509433058594,305.1874841677656,300.1943559256242,-1.6360855215794474,0.37921020283517404,0.5645021447139459
independent_signed,945,-0.015225534492900343,304.7114064681567,300.1943559256242,-1.4824028397520943,0.37826808907085874,0.5653841164791898
independent_signed,946,-0.04110726947228815,307.1951791211305,300.1943559256242,-2.278949564096432,0.3832735246813971,0.5608128017928864
independent_signed,947,-0.04140896771251196,304.07447178151614,300.1943559256242,-1.2760413043420034,0.3769440878030781,0.5665684078935579
independent_signed,948,-0.021636848563729095,304.6722085782776,300.1943559256242,-1.4697279655236144,0.37819266791434225,0.5654568557139331
independent_signed,949,-0.029173223031136952,305.79362804176753,300.1943559256242,-1.8310623906716987,0.3804587674846288,0.5633831893549456
independent_signed,950,-0.0454369718274471,309.04851035661835,300.1943559256242,-2.8649723697995215,0.3869061998825605,0.5574496714256832
independent_signed,951,-0.030468814076319652,307.1077192727525,300.1943559256242,-2.2511200185718163,0.38309062968951124,0.5609725147172246
independent_signed,952,-0.030045315760452367,305.53471333496475,300.1943559256242,-1.74787255793281,0.37993433646609,0.5638606077338431
independent_signed,953,-0.06303011278447722,307.09120276029336,300.1943559256242,-2.245862718526853,0.38301670023720014,0.5610026839420579
independent_signed,954,-0.030343824585039425,303.51119907975783,300.1943559256242,-1.092823976245435,0.37579577834095623,0.567619877730333
independent_signed,955,-0.04636000872333804,306.1663310304835,300.1943559256242,-1.9505655911801314,0.38118432096187693,0.5626973711335205
independent_signed,956,-0.028874246877468358,306.28482715504845,300.1943559256242,-1.9884991646488213,0.3814434988532306,0.5624796730108566
independent_signed,957,-0.025065560246056478,305.6826561495345,300.1943559256242,-1.795424147723161,0.3802410000578407,0.5635877130388278
independent_signed,958,-0.06583918910125365,306.2395608825144,300.1943559256242,-1.9740117636889403,0.3813109210973298,0.5625628150772949
independent_signed,959,-0.022087032051968988,309.92584499008365,300.1943559256242,-3.139941125197478,0.38870126936044924,0.555871645422794
independent_signed,960,-0.018104660858873956,307.4804623969869,300.1943559256242,-2.369616077250344,0.38385471479170896,0.5602924760819483
independent_signed,961,-0.013776743649213927,307.70173779383805,300.1943559256242,-2.4398243318482056,0.38431405637316396,0.5598895550367422
independent_signed,962,-0.041832309157577074,307.4065784005351,300.1943559256242,-2.3461509875412436,0.38369036504400766,0.5604271399240569
independent_signed,963,-0.0363496017619415,305.79084112412613,300.1943559256242,-1.8301676982634654,0.3804404356148666,0.5633883237253874
independent_signed,964,-0.0473054220085962,312.2884137958532,300.1943559256242,-3.8727206441078628,0.39329119370138055,0.5516662883199068
independent_signed,965,-0.02881066074046193,307.3790667303435,300.1943559256242,-2.3374105729269585,0.38363433308502215,0.5604773006193999
independent_signed,966,-0.030189584581098407,306.55377452010134,300.1943559256242,-2.0744871285413318,0.38198578628724633,0.5619861951426508
independent_signed,967,-0.027417670541285744,302.9529438090254,300.1943559256242,-0.9105664558718113,0.3746417496510024,0.5686658355813995
independent_signed,968,-0.030833623784020436,309.24321837870406,300.1943559256242,-2.926131250515721,0.38735274213446225,0.5570986813687788
independent_signed,969,-0.03370285124007891,305.51178310766085,300.1943559256242,-1.7404982315077482,0.3798871668524513,0.5639029280694694
independent_signed,970,-0.0335714428088295,309.62470585852026,300.1943559256242,-3.04573561297306,0.38811003222190155,0.5564122828498483
independent_signed,971,-0.04075884499215151,309.78359963499815,300.1943559256242,-3.09546526048262,0.388402768127052,0.5561268896001054
independent_signed,972,-0.047713184494066675,306.83421187653204,300.1943559256242,-2.1639881388388487,0.38253794302265076,0.5614725570192827
independent_signed,973,-0.0697039670660378,312.3581172984088,300.1943559256242,-3.894171689210181,0.39340857213293745,0.5515431811027781
independent_signed,974,-0.0402791507851128,307.8356954719288,300.1943559256242,-2.482278585201097,0.38454898172618857,0.5596459147627341
independent_signed,975,-0.02415785344602719,306.16151278106173,300.1943559256242,-1.9490225277612423,0.38120358353576167,0.5627062256357549
independent_signed,976,-0.04093955062777684,311.5229289412937,300.1943559256242,-3.6365133873674917,0.39180331526927636,0.5530218611823816
independent_signed,977,-0.019693075226784144,305.0955284533278,300.1943559256242,-1.6064386628509173,0.3790382777054543,0.5646722867091106
independent_signed,978,-0.027110694447373518,308.5372513083727,300.1943559256242,-2.7040155920783797,0.38594043110676823,0.5583733867406782
independent_signed,979,-0.022432747659290875,305.89227146912873,300.1943559256242,-1.8627196810624724,0.38066581456843107,0.5632015098923782
independent_signed,980,-0.03748217498887909,306.6178985386167,300.1943559256242,-2.0949666159764266,0.38210272171477044,0.5618686657112941
independent_signed,981,-0.023919898679943184,311.6069915065026,300.1943559256242,-3.6625094724937246,0.39200923889382944,0.5528726688748656
independent_signed,982,-0.05161610718979942,310.2657555507953,300.1943559256242,-3.2460558231094327,0.3893311917025507,0.5552626638792728
independent_signed,983,-0.0075109562897638675,305.10022294692226,300.1943559256242,-1.6079526176391883,0.37908889868692697,0.5646635946081722
independent_signed,984,-0.0411646638148426,314.47986580281463,300.1943559256242,-4.542583303615284,0.39752411806058785,0.5478220027282661
independent_signed,985,-0.026707965616778167,304.52868605313097,300.1943559256242,-1.4232912451310211,0.3778940465375562,0.5657233506347085
independent_signed,986,-0.024109231351979735,306.4604506839251,300.1943559256242,-2.044666691678124,0.38180602911263317,0.5621573323463361
independent_signed,987,-0.05625356812032498,311.12084752313973,300.1943559256242,-3.5119766754630115,0.3910082376803703,0.5537365657743817
independent_signed,988,-0.040345911509469416,307.50670561313706,300.1943559256242,-2.377948042769589,0.3838881393621345,0.5602446591342138
independent_signed,989,-0.01812106040232263,304.8917851003159,300.1943559256242,-1.5406873534313479,0.37863162414334595,0.5650496269779491
independent_signed,990,-0.05677142243678943,306.43112639225956,300.1943559256242,-2.035292739371295,0.38169756083408657,0.562211127750028
independent_signed,991,-0.017816385116107676,307.1218120093475,300.1943559256242,-2.255605369869469,0.3831292450664584,0.5609467742796573
independent_signed,992,-0.044144874580748915,305.9910467716299,300.1943559256242,-1.8943988417843856,0.3808387015208067,0.5630197066474941
independent_signed,993,-0.0430591901169991,304.6558705328248,300.1943559256242,-1.4644439968931664,0.37813094519380086,0.5654871805924769
independent_signed,994,-0.023457286488454365,304.9543400806337,300.1943559256242,-1.5608842142567565,0.37875248363418035,0.5649337193269036
independent_signed,995,-0.07404890831600774,312.55389222673796,300.1943559256242,-3.9543696650392945,0.3937741683979854,0.5511977119315855
independent_signed,996,-0.05863439806201624,309.921329564374,300.1943559256242,-3.1385299141630623,0.38866804823344636,0.555879744536215
independent_signed,997,-0.04176828855125866,307.505334304254,300.1943559256242,-2.377512700770292,0.3838936206968043,0.5602471564983715
independent_signed,998,-0.02795879308915084,305.1732122464192,300.1943559256242,-1.6314853732229602,0.3792055853211215,0.5645285443726863
independent_signed,999,-0.0295906214691417,306.4707201714005,300.1943559256242,-2.0479490641931744,0.3818110304366724,0.562138495276903
independent_symmetric,0,0.012964630992676092,299.939575359598,300.1943559256242,0.08494396437041368,0.3684268768134359,0.5743789848033718
independent_symmetric,1,-0.002815254395284202,300.24963578994294,300.1943559256242,-0.018411301040642883,0.3690768856171608,0.5737858367123246
independent_symmetric,2,-0.003489256043546085,303.94425318611866,300.1943559256242,-1.2337450769954863,0.37672691235901223,0.5668111394569049
independent_symmetric,3,0.026379569952095814,299.025705799475,300.1943559256242,0.39081928526000803,0.3665328947646257,0.5761343748924127
independent_symmetric,4,-0.006021925461725926,302.51092476903375,300.1943559256242,-0.765780226012737,0.37377247084772836,0.5694967504922568
independent_symmetric,5,0.036030364280323406,296.1996909917517,300.1943559256242,1.3486391293986033,0.3605015347642303,0.5816312202289171
independent_symmetric,6,-0.028734796827835595,303.67640497483814,300.1943559256242,-1.1466314116509733,0.3761535075488981,0.5673110798064203
independent_symmetric,7,0.007919152198893902,301.8368235783944,300.1943559256242,-0.5441574799582318,0.3723974958784878,0.5707686243184114
independent_symmetric,8,-0.0010918237771668237,304.47551032612137,300.1943559256242,-1.4060751210866294,0.3778186783770966,0.5658221526045412
independent_symmetric,9,-0.014935268332945362,301.401783360914,300.1943559256242,-0.4006039452805598,0.3714604973643215,0.5715924682294795
independent_symmetric,10,0.00959771388106444,295.6255699112285,300.1943559256242,1.5454637485409768,0.3592364628840157,0.5827607818957232
independent_symmetric,11,-0.017494388649325284,306.2983039520219,300.1943559256242,-1.9928115656016827,0.38149958657240635,0.5624549234498942
independent_symmetric,12,-0.03157500995714276,300.4895276496016,300.1943559256242,-0.09823028652152331,0.3695388113251462,0.5733277625212116
independent_symmetric,13,-0.0013497239195639256,301.4167883621013,300.1943559256242,-0.40556215966593867,0.3715072969511799,0.5715640116421422
independent_symmetric,14,0.02462632157123748,297.9388885576681,300.1943559256242,0.7570234885666962,0.36421614125441437,0.5782359899016883
independent_symmetric,15,0.03275337532390148,296.54137345801485,300.1943559256242,1.2318626655739073,0.3612238729580475,0.5809610514545258
independent_symmetric,16,0.019257693419053885,301.713968956093,300.1943559256242,-0.5036601506143542,0.37215640885499457,0.5710010345741903
independent_symmetric,17,0.013342265497404695,299.9269213022276,300.1943559256242,0.08916659506105251,0.3684128231611239,0.5744032172696663
independent_symmetric,18,0.00047119144163580907,300.91202116504303,300.1943559256242,-0.23849669967993223,0.370457458687936,0.572522787253563
independent_symmetric,19,-0.004462007368608135,299.1653714995749,300.1943559256242,0.3439517150302162,0.3667819280828919,0.5758654071551382
independent_symmetric,20,0.0007191859461326335,301.1749775016524,300.1943559256242,-0.32559862182534405,0.37100176778765914,0.5720229174595841
independent_symmetric,21,-0.01625960106930278,300.5707298838365,300.1943559256242,-0.12521976386648084,0.36972774356139604,0.5731728721886593
independent_symmetric,22,-0.018203736228067858,302.34508958992234,300.1943559256242,-0.7113506183332449,0.37341190674375957,0.5698091185889773
independent_symmetric,23,-0.011675398804486198,300.740163817011,300.1943559256242,-0.1814881938146792,0.3700810185028097,0.5728499536560228
independent_symmetric,24,-0.0015432044184150548,302.43711630177893,300.1943559256242,-0.7415625448289312,0.37363400858834184,0.5696357334282659
independent_symmetric,25,-0.0002915690494383801,306.6735103697962,300.1943559256242,-2.1127206051671066,0.3822646218145366,0.5617667732797428
independent_symmetric,26,0.014030960638891013,300.008421392966,300.1943559256242,0.061976437792950013,0.36859960789649326,0.5742471729756221
independent_symmetric,27,-0.040300818585248414,308.3670488379199,300.1943559256242,-2.65031330133828,0.3856051872455776,0.5586815773049114
independent_symmetric,28,0.04071324539541791,293.63516199874977,300.1943559256242,2.2337903547472235,0.35492537624344545,0.5867110277083636
independent_symmetric,29,0.030769875878397718,298.8647572721138,300.1943559256242,0.4448830520019508,0.3662006542357584,0.5764446419302061
independent_symmetric,30,-0.012103448712485969,304.32581973756936,300.1943559256242,-1.3575791286811754,0.3775050792325708,0.5661004672496792
independent_symmetric,31,-0.009128072759862826,299.13026229263295,300.1943559256242,0.35572918127230224,0.36669531348571527,0.5759329993183051
independent_symmetric,32,0.012734922121657263,300.2566863867316,300.1943559256242,-0.020759058476747166,0.3691028884232461,0.5737723627218946
independent_symmetric,33,-0.006611994642610984,306.3249973664317,300.1943559256242,-2.0013519933124835,0.3815608457801707,0.5624059095546496
independent_symmetric,34,-0.010479987173691786,303.9782494150031,300.1943559256242,-1.2447908679850894,0.37678159545561385,0.5667477507972435
independent_symmetric,35,-0.010227142612445039,298.250037979422,300.1943559256242,0.6519087002887001,0.36483865600741494,0.5776327472597589
independent_symmetric,36,0.011684774244368765,300.28209627405147,300.1943559256242,-0.02921930728336543,0.36915986862246275,0.573723810528322
independent_symmetric,37,0.006388376269223429,300.51936797102854,300.1943559256242,-0.10815011611353247,0.36964935853630154,0.573270832425
independent_symmetric,38,-0.01877039310833813,300.5128062138942,300.1943559256242,-0.10596895762348849,0.3696050302443673,0.5732833503352283
independent_symmetric,39,-0.04411757515328957,306.41659067017383,300.1943559256242,-2.0306455113741575,0.3816695959971548,0.562237802056236
independent_symmetric,40,-0.024963281887419392,300.22759290158467,300.1943559256242,-0.011070593358600488,0.3689930211469846,0.5738279656709858
independent_symmetric,41,0.011981002416679416,297.2376104138105,300.1943559256242,0.9947413813808346,0.3627065547586359,0.5796002334165907
independent_symmetric,42,0.013612400049406066,301.66580672030756,300.1943559256242,-0.4877751345705565,0.3720353023541786,0.5710921984749564
independent_symmetric,43,0.013184784292743232,301.4783080313169,300.1943559256242,-0.4258854025276302,0.37165756468481914,0.5714473768455034
independent_symmetric,44,0.005288976214022054,303.73870966696313,300.1943559256242,-1.166908803038357,0.3763114597518249,0.5671947085433046
independent_symmetric,45,-0.025319431831613975,305.2613068623719,300.1943559256242,-1.6598733029181867,0.3793801339678594,0.5643656281658859
independent_symmetric,46,0.008348282364078556,297.0373463471138,300.1943559256242,1.0628325418788254,0.3622683881997727,0.5799910025338492
independent_symmetric,47,-0.019262112872982105,300.02930850753904,300.1943559256242,0.05501043178287795,0.3685813895676947,0.5742072004396496
independent_symmetric,48,0.014754338431494067,299.6387625775224,300.1943559256242,0.18542105277786475,0.3678059837104397,0.5749556125610106
independent_symmetric,49,0.005055331770925889,299.0073920984739,300.1943559256242,0.39696805447520195,0.36646631355917636,0.5761696623097687
independent_symmetric,50,0.02225930395634283,297.79445036376654,300.1943559256242,0.805893312963391,0.3639095076849578,0.5785164492310053
independent_symmetric,51,-0.01059894956691273,303.918177001548,300.1943559256242,-1.2252709307034257,0.376661916857739,0.5668597728424595
independent_symmetric,52,0.010741536776115397,299.952795476279,300.1943559256242,0.08053282149335142,0.3684646036152731,0.5743536683622597
independent_symmetric,53,-0.0047701242990428145,300.912917179421,300.1943559256242,-0.2387937548617584,0.37045985045861574,0.5725210816817283
independent_symmetric,54,0.010613562359179688,300.70937294898215,300.1943559256242,-0.17126736633024883,0.3700476328526143,0.5729086094459757
independent_symmetric,55,0.02155635221845642,301.58547545542734,300.1943559256242,-0.4612687423697631,0.37188031991007375,0.5712443146967394
independent_symmetric,56,0.00016917384978473322,301.6437749438206,300.1943559256242,-0.4805068556333701,0.37199432631275653,0.5711339080226924
independent_symmetric,57,0.0019252380953473439,295.09965219915625,300.1943559256242,1.7264350155959065,0.35808633769983067,0.5837993596781093
independent_symmetric,58,-0.014261188211377661,301.36837312626284,300.1943559256242,-0.38956217882449923,0.37139412571535424,0.5716558345627009
independent_symmetric,59,0.027126390956362368,297.8246873382456,300.1943559256242,0.7956588852848626,0.3639883929036092,0.5784577135049691
independent_symmetric,60,0.01071393579086338,298.98686386458843,300.1943559256242,0.4038612417375863,0.3664279123080515,0.5762092227016574
independent_symmetric,61,0.005121966698271461,303.32881021661734,300.1943559256242,-1.0333519881460318,0.37547653906164435,0.5679611801993614
independent_symmetric,62,0.023937097125550044,301.4726297533622,300.1943559256242,-0.42400991054601905,0.37164137440415235,0.571458144581749
independent_symmetric,63,0.033930002651298835,295.07669219006397,300.1943559256242,1.7343503811083396,0.3580797396701324,0.5838447844926191
independent_symmetric,64,-0.018754981881482957,301.58867102203584,300.1943559256242,-0.46232343266957143,0.3718285233728025,0.5712382644460302
independent_symmetric,65,0.0021450950072552225,303.3779438435582,300.1943559256242,-1.049380148602917,0.37556337195964196,0.5678691959445983
independent_symmetric,66,0.016391476462623875,298.69792306748934,300.1943559256242,0.5009853576373108,0.365826552243701,0.5767666087177207
independent_symmetric,67,0.008969252231419035,302.3874744027551,300.1943559256242,-0.7252676326830397,0.3735349218886297,0.5697292491234295
independent_symmetric,68,-0.013945507022558474,307.4949731236402,300.1943559256242,-2.374223267409473,0.3839003671213944,0.5602660335318739
independent_symmetric,69,0.028112807317957,296.59536834500284,300.1943559256242,1.2134335073078428,0.3613521651206584,0.5808552881515189
independent_symmetric,70,-0.027704220095598434,301.52351616450227,300.1943559256242,-0.4408147847920743,0.3716894640230838,0.5713617010686775
independent_symmetric,71,0.011265275269862887,301.11099573581595,300.1943559256242,-0.3044192417987792,0.37088850568759113,0.5721444615118442
independent_symmetric,72,0.001849401956258034,301.1631646135134,300.1943559256242,-0.32168897186761347,0.3709983510988589,0.5720453510575384
independent_symmetric,73,-0.0014021699796466919,300.7209363685986,300.1943559256242,-0.1751060133468478,0.3700611624583682,0.5728865793057327
independent_symmetric,74,-0.01351633539399199,305.04696810234424,300.1943559256242,-1.5907754162932537,0.3789654793498105,0.5647621758505835
independent_symmetric,75,-0.015234099391840334,304.80080937389323,300.1943559256242,-1.5112996116156505,0.37846461731284053,0.5652182779437698
independent_symmetric,76,-0.0019847411261457496,301.61788363077915,300.1943559256242,-0.4719639591721007,0.371930630277291,0.5711829367372461
independent_symmetric,77,0.03437283610209833,298.0109778157887,300.1943559256242,0.73265022847083,0.3643808224143358,0.5780961139833329
independent_symmetric,78,-0.021147664296425017,303.69459729290804,300.1943559256242,-1.1525530577377705,0.37620077472313795,0.5672770943847228
independent_symmetric,79,-0.039821525722906766,303.69994326455287,300.1943559256242,-1.1542930503200435,0.37617426787820996,0.5672671093107728
independent_symmetric,80,0.009176006018159915,301.6378858648254,300.1943559256242,-0.47856386974151355,0.3719798866546059,0.5711450609187093
independent_symmetric,81,-0.008594304463372941,302.9847437684098,300.1943559256242,-0.9209664513400296,0.37475548658311053,0.5686061498121533
independent_symmetric,82,0.008283026916618913,300.54666465889636,300.1943559256242,-0.11722263950990425,0.3697050417975969,0.5732187667137687
independent_symmetric,83,0.022199619601574985,301.49276795615134,300.1943559256242,-0.4306610866088691,0.3717022996373124,0.5714199697449414
independent_symmetric,84,-0.01148272918459241,298.56597552143404,300.1943559256242,0.5454005270849358,0.36550506306088415,0.5770215053630466
independent_symmetric,85,0.012438302621621447,300.4796475066451,300.1943559256242,-0.09494539260419506,0.36956443384808135,0.5733466152303645
independent_symmetric,86,-0.023399345328663956,302.947253647946,300.1943559256242,-0.9087052908295792,0.37465866487087984,0.5686765167403728
independent_symmetric,87,-0.011446417083384135,298.89316207382,300.1943559256242,0.43533744391343693,0.3661787541209427,0.5763898653259725
independent_symmetric,88,-0.046573151424353,306.83034913787856,300.1943559256242,-2.1627564648998776,0.3825336957991705,0.5614796238190147
independent_symmetric,89,0.009798780936962612,299.2467385110008,300.1943559256242,0.3166675831919221,0.36696593061381,0.5757088263708063
independent_symmetric,90,-0.0031079282944848443,305.7303077212283,300.1943559256242,-1.8107304561548068,0.3803559060144178,0.5634998699828565
independent_symmetric,91,0.017077205024441055,297.38114844061306,300.1943559256242,0.9459938868898944,0.36301085082316165,0.5793204754112502
independent_symmetric,92,0.0013108248153247172,302.1716516171048,300.1943559256242,-0.6543617446901092,0.3730701191878518,0.5701361718715936
independent_symmetric,93,0.005644126163352122,301.1376744866084,300.1943559256242,-0.31325159251241497,0.37094278471415165,0.57209377168415
independent_symmetric,94,-0.04587204161087272,306.66309963341376,300.1943559256242,-2.109397483923662,0.3821922493047436,0.5617858482282204
independent_symmetric,95,-0.019936981500168417,303.6106371730559,300.1943559256242,-1.1252179038392656,0.37600448377712725,0.5674339701681836
independent_symmetric,96,-0.01111011525296072,304.8520149393592,300.1943559256242,-1.5278426205126054,0.3785598178496632,0.5651233393037135
independent_symmetric,97,-0.011088199454871035,302.151877730865,300.1943559256242,-0.6478602151810574,0.373019416162779,0.5701734852673928
independent_symmetric,98,0.014939782429789215,298.03600117414277,300.1943559256242,0.7241926287355885,0.3644248801297959,0.5780475754911355
independent_symmetric,99,0.033676243938208714,295.01571601912997,300.1943559256242,1.7553776376301429,0.35794008077768613,0.5839654597076679
independent_symmetric,100,-0.017461660735758115,304.44808392307414,300.1943559256242,-1.3971932234346784,0.3777370373823543,0.5658731259223377
independent_symmetric,101,0.04938459599597785,297.2891776115881,300.1943559256242,0.9772230315870284,0.3628648502092928,0.5794996945504821
independent_symmetric,102,0.0061532719023333834,301.4855744222735,300.1943559256242,-0.4282853330954831,0.3716604437035803,0.571433604889765
independent_symmetric,103,-0.025919030325936357,300.8644756962817,300.1943559256242,-0.22273143717172153,0.37033641780906723,0.572613260839423
independent_symmetric,104,0.036920396187661735,295.30480335689424,300.1943559256242,1.6557646584639714,0.35856839041197,0.5833937885056769
independent_symmetric,105,-0.013446380303111951,301.9487436441394,300.1943559256242,-0.5810216983657436,0.37259016350156793,0.5705570660036556
independent_symmetric,106,-0.020594848393915226,302.25579357301007,300.1943559256242,-0.6820175795531618,0.37322832968477904,0.5699774571113019
independent_symmetric,107,0.010767428399205204,297.0882410650755,300.1943559256242,1.0455192872707215,0.36238681286395347,0.5798916423007454
independent_symmetric,108,-0.02416835101925408,300.851098175225,300.1943559256242,-0.21829478223086324,0.37030381046896277,0.5726387238410023
independent_symmetric,109,0.009790018989412319,300.0523153757649,300.1943559256242,0.04733859483184486,0.3686729552413769,0.5741631694416383
independent_symmetric,110,0.006838263344178873,299.019591126531,300.1943559256242,0.3928721842831094,0.3664989453198093,0.5761461550855128
independent_symmetric,111,-0.027312465600090152,302.4872319560178,300.1943559256242,-0.7580075415305378,0.37369669129316363,0.5695413593516134
independent_symmetric,112,-0.0013477474407207434,300.980759605048,300.1943559256242,-0.26128038232599604,0.3705916317158875,0.572392031816116
independent_symmetric,113,-0.01393439818955404,300.13614707210434,300.1943559256242,0.019394149650992332,0.36881579925372465,0.574002799528223
independent_symmetric,114,0.020138439334369557,298.44369626325937,300.1943559256242,0.5865962941366949,0.36529156743722235,0.5772579223612628
independent_symmetric,115,0.004958469939000621,296.037602807539,300.1943559256242,1.404130110048098,0.3601157589381663,0.5819496811535001
independent_symmetric,116,0.03632130337486558,297.14595050887095,300.1943559256242,1.0258949891569404,0.3625377996764413,0.5797790206545894
independent_symmetric,117,0.006599444782544407,296.7551369690594,300.1943559256242,1.1589416755145936,0.36165703581574205,0.5805425654642681
independent_symmetric,118,-0.0008508953254257271,302.6219885696047,300.1943559256242,-0.8021996866305386,0.37401157471550084,0.5692877415965731
independent_symmetric,119,-0.0006838686190131388,307.9097407395994,300.1943559256242,-2.505729372329308,0.3847441599279843,0.5595113308714245
independent_symmetric,120,-0.012979063650232265,303.5959345865894,300.1943559256242,-1.1204295820354644,0.3759955755435691,0.5674614490810532
independent_symmetric,121,0.004620354663913473,301.1826600523809,300.1943559256242,-0.3281411109739249,0.37102030249850415,0.5720083251026316
independent_symmetric,122,0.004362952831972033,300.9707844370648,300.1943559256242,-0.2579747110314477,0.37059156718930786,0.5724110037476443
independent_symmetric,123,0.0007190225171521547,299.2823138705833,300.1943559256242,0.30474305121661405,0.3670440324391432,0.5756403918910304
independent_symmetric,124,-0.0048719588524494635,301.7649716720043,300.1943559256242,-0.5204764945638686,0.37223409750706127,0.5709045286697191
independent_symmetric,125,0.021894822363136033,297.9528621180073,300.1943559256242,0.7522981292017723,0.36424743471496224,0.5782088712225035
independent_symmetric,126,0.006459556892604007,299.56096641614266,300.1943559256242,0.21143926629001164,0.3676273843227451,0.5751049303186333
independent_symmetric,127,0.017477184681665838,297.2819285914894,300.1943559256242,0.9796852933287185,0.3628123667293549,0.5795138264578699
independent_symmetric,128,0.02243780723579586,298.2332953715032,300.1943559256242,0.6575592278112993,0.3648459145195997,0.5776651732877917
independent_symmetric,129,0.01031460208872468,299.734596598773,300.1943559256242,0.15338880865549534,0.3679912179264796,0.5747717838734097
independent_symmetric,130,0.010915096511950466,301.76423374968493,300.1943559256242,-0.5202332312725084,0.3722576823698054,0.5709059219942028
independent_symmetric,131,-0.024902343172952104,303.4771654463963,300.1943559256242,-1.0817319701610146,0.3757517515131943,0.5676835305325388
independent_symmetric,132,0.008906084069155279,298.61328512480503,300.1943559256242,0.5294710180621685,0.36563599342190223,0.5769300856575579
independent_symmetric,133,0.015505905338680237,300.5154761053025,300.1943559256242,-0.10685645339802081,0.36965188735592736,0.5732782559879765
independent_symmetric,134,0.02840578203062825,296.66510607184546,300.1943559256242,1.189641040198392,0.36149275674696546,0.5807187467673735
independent_symmetric,135,0.031657214957726006,305.8047496703798,300.1943559256242,-1.834632637590784,0.38054988282895796,0.5633626963676918
independent_symmetric,136,-0.02552472506689372,303.88760674231105,300.1943559256242,-1.2153344640403878,0.3765797604032486,0.5669167982788239
independent_symmetric,137,-0.03255533208779177,310.79519353091274,300.1943559256242,-3.4108756589358653,0.39041182496973226,0.5543167746253528
independent_symmetric,138,-0.02214100799532372,304.4498553855505,300.1943559256242,-1.3977669506648924,0.37774203978178567,0.5658698326735718
independent_symmetric,139,-0.00798643750713367,299.37331847799874,300.1943559256242,0.2742520448380655,0.3672068217869222,0.5754654094199619
independent_symmetric,140,0.005511554605021274,294.3883693068742,300.1943559256242,1.9722201092454767,0.35654342741779355,0.5852098994385138
independent_symmetric,141,0.00186259533681557,302.3410584252923,300.1943559256242,-0.7100267859247901,0.37344779570983166,0.5698167128844035
independent_symmetric,142,0.018869463255767296,298.7070434862288,300.1943559256242,0.49791676220181424,0.3658414330215948,0.5767489991456046
independent_symmetric,143,-0.024918714083462957,302.8533762645256,300.1943559256242,-0.877989333220728,0.3744605761961741,0.568852792680026
independent_symmetric,144,-0.01665655668192725,301.62888417674196,300.1943559256242,-0.47559379302585836,0.3719337005371719,0.5711621060623765
independent_symmetric,145,0.017718194551305192,296.86598426541013,300.1943559256242,1.1211697656941357,0.3619116674454126,0.5803257954079835
independent_symmetric,146,-0.017239797483861004,302.53718742744917,300.1943559256242,-0.774394553524689,0.37382168457847875,0.5694473142815103
independent_symmetric,147,0.007626008100756689,301.5735962726726,300.1943559256242,-0.4573478461295127,0.3718479218591155,0.5712668161923163
independent_symmetric,148,-0.0033210013355353327,302.93693071404823,300.1943559256242,-0.9053286378651573,0.3746614635383835,0.5686958932351195
independent_symmetric,149,0.027174778614678523,299.9681353534081,300.1943559256242,0.07541486763238528,0.3685039622379974,0.574324297361506
independent_symmetric,150,-0.01621569191689933,304.249412506871,300.1943559256242,-1.3328067087574773,0.37732694064008754,0.5662426343627789
independent_symmetric,151,-0.04018353302215974,302.54109120935664,300.1943559256242,-0.7756748924094041,0.3737943022845035,0.5694399673611475
independent_symmetric,152,0.0022366603802274516,307.1350563507839,300.1943559256242,-2.259820323874907,0.38321607891242415,0.5609225787260834
independent_symmetric,153,0.02316285314530765,297.14630866396834,300.1943559256242,1.0257732210642414,0.36251922995963604,0.5797783226627131
independent_symmetric,154,-0.0230427945650656,306.6870952946092,300.1943559256242,-2.117056592403388,0.38226536295747415,0.5617418914936201
independent_symmetric,155,-0.004235651344233343,311.08858155432955,300.1943559256242,-3.5019689807556387,0.39101558824845883,0.5537939967417237
independent_symmetric,156,-0.03964439660319061,324.88269104439104,300.1943559256242,-7.599153725119038,0.4167823097480522,0.5302806033347648
independent_symmetric,157,0.002691962370460262,301.16164666868053,300.1943559256242,-0.3211865633476442,0.3709885451702978,0.5720482355741789
independent_symmetric,158,0.000632222391469553,299.4494182188491,300.1943559256242,0.2487691280905138,0.367384250603752,0.5753191642241127
independent_symmetric,159,-0.004300767172797432,304.72726463349085,300.1943559256242,-1.4875297467453585,0.37833339285220147,0.5653546912759327
independent_symmetric,160,-0.019972803481849242,301.2649824562073,300.1943559256242,-0.35537702452315345,0.37117158431958175,0.5718520207380803
independent_symmetric,161,0.016495830577277677,298.50701455883893,300.1943559256242,0.565260206457459,0.3654112760485292,0.5771354778020553
independent_symmetric,162,0.0004174923383079461,306.07356528891546,300.1943559256242,-1.9208484593374178,0.38106756840071776,0.5628679122521321
independent_symmetric,163,0.018867526893448283,297.9311479790675,300.1943559256242,0.7596412667519273,0.36418232309845144,0.5782510140618891
independent_symmetric,164,0.008918722707893338,300.1040902411145,300.1943559256242,0.030078125372174254,0.3687804136889157,0.5740641130534108
independent_symmetric,165,-0.010861553115020926,303.85779177743467,300.1943559256242,-1.2056415701506145,0.3765418286764296,0.566972424374317
independent_symmetric,166,0.019584956051213007,301.6137354987835,300.1943559256242,-0.4705951374568665,0.3719472907902923,0.5711907923353965
independent_symmetric,167,-0.00823118050838844,299.3302408240175,300.1943559256242,0.2886828605181792,0.3671238385288468,0.5755482253989919
independent_symmetric,168,0.0029076473923410223,310.3962819144389,300.1943559256242,-3.286742330124568,0.38964936486559476,0.5550291675679604
independent_symmetric,169,-0.015622477236361622,301.3323892987399,300.1943559256242,-0.37766712558317744,0.37131609643359775,0.5717241001833219
independent_symmetric,170,0.0017040066392490897,295.78187812493707,300.1943559256242,1.491801265398465,0.35955741351189174,0.5824528172442242
independent_symmetric,171,0.014525076612011288,299.928289965135,300.1943559256242,0.08870985811980982,0.3684182140582539,0.5744005960570426
independent_symmetric,172,0.018213555697046687,303.404587542809,300.1943559256242,-1.0580695707944183,0.37564623605863934,0.5678193276918161
independent_symmetric,173,0.006859526378568848,302.1238712048621,300.1943559256242,-0.6386503891741554,0.37300108624472295,0.5702263370150781
independent_symmetric,174,-0.018499111569036237,306.2485567930604,300.1943559256242,-1.9768912320220828,0.3813896641113216,0.5625462890600775
independent_symmetric,175,0.03141886650223338,301.47584951224593,300.1943559256242,-0.4250733810668482,0.37166957206161677,0.5714520374078124
independent_symmetric,176,0.026560408910554195,299.4358054163914,300.1943559256242,0.2533265880404565,0.3673853848106624,0.5753453172195245
independent_symmetric,177,0.024225958268257953,298.5783502487736,300.1943559256242,0.5412333732516783,0.3655732917092862,0.5769975883299995
independent_symmetric,178,0.004989893587157835,302.81420265745777,300.1943559256242,-0.8651663986834554,0.37440743478952065,0.5689263815754713
independent_symmetric,179,-0.030753229480651418,305.1456218949559,300.1943559256242,-1.622591187310607,0.3791478530533734,0.5645795870292266
independent_symmetric,180,-0.009242119627026925,302.49032737311626,300.1943559256242,-0.7590230958558875,0.37371777147583196,0.5695355304911508
independent_symmetric,181,-0.009721968267376967,302.462525842039,300.1943559256242,-0.7499011357193104,0.3736780847461656,0.5695878786539119
independent_symmetric,182,0.012417417688998497,298.782741544497,300.1943559256242,0.4724551270365058,0.3660021528946399,0.5766028764955204
independent_symmetric,183,-0.025369611799751616,305.06665396912143,300.1943559256242,-1.5971257363285531,0.37896837570518827,0.5647257320777542
independent_symmetric,184,-0.0023154386445341465,298.53163061044415,300.1943559256242,0.556967887047711,0.36545400133978223,0.5770878886435611
independent_symmetric,185,0.004145491231124709,300.85020327879613,300.1943559256242,-0.21799797574480528,0.3703293615465797,0.5726404278798076
independent_symmetric,186,-0.027559486370808326,300.67106064376225,300.1943559256242,-0.15854692404295853,0.3699156457171562,0.5729816112770904
independent_symmetric,187,0.001892021900430988,301.53411999145266,300.1943559256242,-0.4443159088816915,0.3717413029135417,0.5713416089686906
independent_symmetric,188,-0.01698488381671028,308.2656836926025,300.1943559256242,-2.6183023910721426,0.38543154080645736,0.5588652839476375
independent_symmetric,189,0.02609576107998532,293.8032570073372,300.1943559256242,2.1752988661141384,0.35527506653423624,0.5863753522474083
independent_symmetric,190,0.009815635493747263,298.5430925952051,300.1943559256242,0.5531071967081357,0.36549203435107336,0.5770657324646321
independent_symmetric,191,-0.010323986518152235,299.4693234388513,300.1943559256242,0.24210576176794163,0.3674266776135604,0.5752809224523548
independent_symmetric,192,0.006129219345051157,305.07684625007613,300.1943559256242,-1.6004132678261844,0.3790557189633659,0.5647068626562771
independent_symmetric,193,-0.01369693871286718,302.8922821464674,300.1943559256242,-0.8907213487660084,0.37454132531116,0.5687797264997421
independent_symmetric,194,0.01833457766137434,295.58801717155006,300.1943559256242,1.558364509546672,0.3591673841497438,0.5828348175217546
independent_symmetric,195,0.005201169104064544,299.49680822128926,300.1943559256242,0.2329065569939458,0.36749937425305623,0.5752281276145792
independent_symmetric,196,0.02607231047363232,299.68454663856346,300.1943559256242,0.17011530717185108,0.36790841312781364,0.5748677759355335
independent_symmetric,197,-0.01873259850438812,299.8252288024549,300.1943559256242,0.12311409705036556,0.36815395537279305,0.5745980406937284
independent_symmetric,198,-0.015117376007589778,301.5636765074181,300.1943559256242,-0.4540734473238863,0.37177972422122574,0.5712856124317583
independent_symmetric,199,0.013441945881274878,298.29558072989465,300.1943559256242,0.6365415106330062,0.36495855096764807,0.5775445554527538
independent_symmetric,200,-0.028549288430669662,301.6913995320293,300.1943559256242,-0.4962168655544207,0.3720433979702339,0.5710437532414507
independent_symmetric,201,-0.014493332674635174,302.57364587924025,300.1943559256242,-0.7863506904912725,0.37389782975088237,0.5693786979097663
independent_symmetric,202,-0.032181817984363155,304.0485451017923,300.1943559256242,-1.2676229629310414,0.37690983578030635,0.5666167192875401
independent_symmetric,203,0.02077069885081411,303.0395615013772,300.1943559256242,-0.9388891541608306,0.37490524522802404,0.5685032915945292
independent_symmetric,204,-0.010197906815149904,301.8988594338489,300.1943559256242,-0.5645942192100751,0.372501941642678,0.5706513417245778
independent_symmetric,205,0.022442617179112487,299.5089758066575,300.1943559256242,0.2288345840457157,0.3675373109148178,0.575204759276089
independent_symmetric,206,-0.01610639451516645,300.25479018060827,300.1943559256242,-0.02012765722994564,0.36907370326047984,0.5737759860050498
independent_symmetric,207,0.008539283811598412,300.23657009114623,300.1943559256242,-0.01406030101835902,0.36906653605003514,0.5738108055309511
independent_symmetric,208,-0.010740787643953772,302.08244905455433,300.1943559256242,-0.6250257619531978,0.3728701836384707,0.5703045302381942
independent_symmetric,209,0.0007580503340764837,306.04037074822566,300.1943559256242,-1.9102103452262682,0.3809903908872293,0.5629289631057878
independent_symmetric,210,0.001084524205052461,304.2770042549837,300.1943559256242,-1.3417538204557249,0.37742294133515564,0.5661912867126989
independent_symmetric,211,0.00990201414046134,304.9009584107394,300.1943559256242,-1.5436496197479335,0.378705352560352,0.5650326227753191
independent_symmetric,212,0.017867978156546085,295.1484161975926,300.1943559256242,1.709627919755976,0.35820873042782053,0.5837029064520407
independent_symmetric,213,-0.00293926148180643,298.7207151689161,300.1943559256242,0.49331722973239905,0.3658433758419736,0.576722605039369
independent_symmetric,214,0.019208598450457585,300.22366832522283,300.1943559256242,-0.009763520565226096,0.3690329136796373,0.5738354663418341
independent_symmetric,215,-0.027180481012862617,308.5373212404093,300.1943559256242,-2.7040376448605814,0.3859653870428288,0.5583732584335791
independent_symmetric,216,-0.021832340676376367,307.9727431762415,300.1943559256242,-2.525673918540906,0.38482968401276874,0.5593968735944709
independent_symmetric,217,0.0015287882322760186,301.91649151875396,300.1943559256242,-0.5704013001962043,0.37257046347092493,0.5706180118081648
independent_symmetric,218,0.009985816996500385,301.04929695396464,300.1943559256242,-0.2839870536124037,0.3707376590027004,0.5722617212203558
independent_symmetric,219,-0.018818386198115943,299.7041810242753,300.1943559256242,0.16355290729469263,0.36789301213049064,0.5748301139199273
independent_symmetric,220,0.01641895662643836,297.9276626382646,300.1943559256242,0.7608200149281727,0.364189442509114,0.578257778367893
independent_symmetric,221,-0.0309090636650371,300.347620161529,300.1943559256242,-0.05102894966250932,0.36923480824964705,0.5735986478306618
independent_symmetric,222,-0.0067340710130814755,305.1049298629658,300.1943559256242,-1.6094705318419726,0.3790839871777657,0.5646548848475494
independent_symmetric,223,-0.006933518353169753,298.38388584194263,300.1943559256242,0.6067586654597764,0.3651309302161111,0.5773736343321237
independent_symmetric,224,0.02139056567422533,300.0465202897669,300.1943559256242,0.04927090496319606,0.3686873543216389,0.5741742571691993
independent_symmetric,225,-0.036564534887660566,303.6073364952228,300.1943559256242,-1.1241429831694059,0.37598296476749626,0.5674401377588472
independent_symmetric,226,-0.016480719844653435,298.93660091947487,300.1943559256242,0.4207430613316422,0.3662700595025593,0.5763061083060358
independent_symmetric,227,0.005570024568249382,297.8748806247263,300.1943559256242,0.7786743534847037,0.36404874411886556,0.5783602441701174
independent_symmetric,228,-0.039088511624196166,303.3734182413574,300.1943559256242,-1.0479040431960267,0.3755123491544061,0.5678776682638104
independent_symmetric,229,0.008596145813401625,301.4006709574377,300.1943559256242,-0.4002363458520005,0.37149097597235914,0.5715945764102817
independent_symmetric,230,-0.014677147206354135,300.62894599894776,300.1943559256242,-0.14456028905648197,0.3698555473786209,0.5730618784951989
independent_symmetric,231,0.015528192540175968,304.00962415565215,300.1943559256242,-1.2549827133349296,0.3768765283636636,0.5666892611702571
independent_symmetric,232,-0.004511348439446107,308.15437815304426,300.1943559256242,-2.5831280655914326,0.3852104274728355,0.5590671485777227
independent_symmetric,233,-0.011580004810174316,302.7429841172422,300.1943559256242,-0.8418455010772375,0.3742555335794453,0.5690602177554226
independent_symmetric,234,-0.02855069676264763,306.2627524993682,300.1943559256242,-1.981434740013484,0.38141003814317365,0.562520213169799
independent_symmetric,235,-0.006621155566974151,297.9478896464919,300.1943559256242,0.7539795907927772,0.36419308141303575,0.5782185231999568
independent_symmetric,236,-0.0004539071385024883,304.9210134058762,300.1943559256242,-1.550125203722962,0.37873223109185317,0.564995461175242
independent_symmetric,237,0.0011697861655521051,300.5274093467855,300.1943559256242,-0.11082297680772772,0.36966779754067836,0.5732554940764354
independent_symmetric,238,-0.000737619826471111,299.3804732314642,300.1943559256242,0.27185563753544956,0.36724938090006587,0.5754516537518147
independent_symmetric,239,-0.006284694890047866,300.4425970700917,300.1943559256242,-0.08262514932580817,0.3694724892388046,0.5734173188926132
independent_symmetric,240,0.031775377081670324,302.6273119295673,300.1943559256242,-0.8039446236463099,0.374048902046769,0.5692777277217983
independent_symmetric,241,0.013424378222207614,298.7727648362673,300.1943559256242,0.4758101328733828,0.36597761104802273,0.5766221296023809
independent_symmetric,242,0.01693861940314741,298.13792989854363,300.1943559256242,0.6897565927892477,0.3646380597864922,0.5778499508801053
independent_symmetric,243,0.0014115908495717204,297.6089048978327,300.1943559256242,0.8687411516396293,0.36348242811972997,0.5788771297927889
independent_symmetric,244,0.025085820986917057,301.16141397935064,300.1943559256242,-0.3211095475175069,0.3710156326008496,0.5720486760168423
independent_symmetric,245,-0.0015167474666955446,298.8816215945083,300.1943559256242,0.4392154740437294,0.36618730596020066,0.5764121187894223
independent_symmetric,246,-0.0021487799986325898,299.85030750684064,300.1943559256242,0.11474005867935867,0.36821724989673055,0.5745499847639337
independent_symmetric,247,-0.03328508830495589,303.9198564505987,300.1943559256242,-1.2258167559315163,0.3766305755867393,0.5668566424327678
independent_symmetric,248,-0.003474254521826236,301.86223937982476,300.1943559256242,-0.5525313327122986,0.37242917795603103,0.5707205678886587
independent_symmetric,249,-0.0032934946434828396,301.10167832996916,300.1943559256242,-0.30133422350128136,0.3708618041895353,0.5721621655292816
independent_symmetric,250,-0.0001483478684937064,302.61923953911526,300.1943559256242,-0.8012985615799234,0.37401519589242316,0.5692929138531684
independent_symmetric,251,0.015154156798663665,294.79834636469076,300.1943559256242,1.8304069976899189,0.35744263420014,0.5843960462568031
independent_symmetric,252,-0.013645345076906219,303.4056283794708,300.1943559256242,-1.0584089922782212,0.3756169192161647,0.5678173785721057
independent_symmetric,253,0.00045011707450756433,300.37197385136943,300.1943559256242,-0.05913265590920249,0.36932080799659184,0.5735521419751037
independent_symmetric,254,-0.010541198110490098,309.86609476686795,300.1943559256242,-3.121263992603124,0.388592508023627,0.5559788333425322
independent_symmetric,255,-0.025149994198941015,301.87821635136333,300.1943559256242,-0.5577946120428997,0.3724437672729264,0.5706903629812116
independent_symmetric,256,0.07846132101578653,292.4141676906115,300.1943559256242,2.6606741719999425,0.3522680221892105,0.5891608770960866
independent_symmetric,257,-0.005248833676895266,297.6890460751306,300.1943559256242,0.8415861730637354,0.363638402991489,0.5787212908234685
independent_symmetric,258,0.028577679846481078,297.0654412875782,300.1943559256242,1.0532745325354167,0.3623532224841859,0.5799361501894735
independent_symmetric,259,0.03229366693645826,293.9972089392967,300.1943559256242,2.1078931356818082,0.355725919403754,0.5859885139273664
independent_symmetric,260,-0.015884637248986873,304.77979660126726,300.1943559256242,-1.5045093955627293,0.37842014823060577,0.5652572474863338
independent_symmetric,261,-0.009194169877314235,301.26997812204485,300.1943559256242,-0.3570293339965288,0.37119659579461506,0.5718425377154148
independent_symmetric,262,-0.02848947106491895,305.22658495110045,300.1943559256242,-1.6486863443701756,0.3793007542272241,0.5644298303896743
independent_symmetric,263,0.00026954973430043844,304.08838633581723,300.1943559256242,-1.280558740540875,0.37703040765021345,0.5665424806987197
independent_symmetric,264,0.019456409007531816,300.26032797204067,300.1943559256242,-0.021971616051318994,0.36912130214282324,0.5737654040552745
independent_symmetric,265,0.004761477360328663,300.6877989694114,300.1943559256242,-0.16410477760601733,0.3700030778093124,0.5729497148919852
independent_symmetric,266,0.03143054267925293,295.17417841454215,300.1943559256242,1.7007509051254945,0.35828215117150364,0.5836519615564341
independent_symmetric,267,0.024438273669665212,299.34631081643096,300.1943559256242,0.2832990013741356,0.36720730987686834,0.5755173261073111
independent_symmetric,268,-0.0008239374310371217,301.44612897622164,300.1943559256242,-0.4152559712240201,0.3715682530232818,0.5715083794975904
independent_symmetric,269,-0.016847318404894226,301.439762942826,300.1943559256242,-0.41315286511753296,0.3715444561164325,0.5715204485198687
independent_symmetric,270,-0.007710811984716229,299.72403865416203,300.1943559256242,0.15691676702810967,0.36796004292375517,0.5747920293079002
independent_symmetric,271,0.004981199575879774,297.6463383587756,300.1943559256242,0.8560554048467064,0.36357409245832917,0.5788043255450779
independent_symmetric,272,-0.009708305713250839,302.26552775616204,300.1943559256242,-0.6852160237764983,0.37326784031980653,0.5699591010271763
independent_symmetric,273,-0.014904621140206206,300.59773291987796,300.1943559256242,-0.13419162890401784,0.36978636552406896,0.5731213834546065
independent_symmetric,274,-0.015319786182346523,307.95643657627255,300.1943559256242,-2.520512555913365,0.3848231508963922,0.5594264924762504
independent_symmetric,275,0.0011098707539520664,300.34104853505204,300.1943559256242,-0.04884201148771589,0.36926188123360926,0.5736111978421662
independent_symmetric,276,0.0018804737787996276,300.11770393208644,300.1943559256242,0.025540643731942463,0.3688054456031049,0.5740380731142292
independent_symmetric,277,0.01854365469109531,298.85102322652455,300.1943559256242,0.44949911316898866,0.36614146471217957,0.5764711352718611
independent_symmetric,278,-0.02838476925785714,304.9176680337136,300.1943559256242,-1.5490450712640027,0.37868615081096135,0.5650016617466204
independent_symmetric,279,-0.0011953993788910617,301.4921927582727,300.1943559256242,-0.43047112456708486,0.3716608649307145,0.5714210615577234
independent_symmetric,280,0.020658299477163175,303.4300819416477,300.1943559256242,-1.0663827380983724,0.37568269046312974,0.5677716189386992
independent_symmetric,281,-0.005102180917455935,302.2360945562253,300.1943559256242,-0.675544273955417,0.3732162334902226,0.570014606018602
independent_symmetric,282,-0.0048729461613858755,299.3750152846026,300.1943559256242,0.27368370745390563,0.367218356986203,0.575462146550883
independent_symmetric,283,0.01719461627608052,299.7916024205492,300.1943559256242,0.13434449191475778,0.36813037839927865,0.5746624891620623
independent_symmetric,284,0.006165160288034969,300.84561655643677,300.1943559256242,-0.2164766893621572,0.37031882290987095,0.572649158106071
independent_symmetric,285,0.00024106886330291463,300.39196975785313,300.1943559256242,-0.06578532455052223,0.3693676413306961,0.5735139621582162
independent_symmetric,286,0.00984637484394116,303.1438238241903,300.1943559256242,-0.9729599176253143,0.3751080234776587,0.5683077631165144
independent_symmetric,287,-0.0077574102741349744,300.5655344878521,300.1943559256242,-0.12349338817584839,0.36973861978681133,0.5731827798155638
independent_symmetric,288,-0.0017792358851148743,302.9695143994258,300.1943559256242,-0.9159860454286162,0.3747370496017035,0.5686347319100677
independent_symmetric,289,-0.0034154450489016913,303.6953367946405,300.1943559256242,-1.152793752438706,0.37622090250690754,0.5672757129665702
independent_symmetric,290,-0.006393377064800654,298.344012267362,300.1943559256242,0.6202047241370517,0.365044988289873,0.5774508002534616
independent_symmetric,291,0.00762111984703251,301.6842555133527,300.1943559256242,-0.49386057127615984,0.3720743363751169,0.5710572739746413
independent_symmetric,292,0.03422640045893092,298.73800011634376,300.1943559256242,0.4875026975856061,0.36592236414990065,0.5766892335528219
independent_symmetric,293,0.006491853369529074,306.29426824283547,300.1943559256242,-1.9915202305957391,0.38151579330071916,0.5624623323019893
independent_symmetric,294,0.017712481845387023,300.8812773662848,300.1943559256242,-0.22830315221785286,0.37041651250496277,0.5725812849124388
independent_symmetric,295,-0.015180424085433969,301.77269425401244,300.1943559256242,-0.5230222476854289,0.37223135329310253,0.570889917573012
independent_symmetric,296,-0.014780905163660108,304.70680588305135,300.1943559256242,-1.480915381705991,0.37825892722661625,0.5653926531037856
independent_symmetric,297,0.031690303623668606,299.1383452184602,300.1943559256242,0.35301749977684466,0.3667722352902486,0.5759174333082037
independent_symmetric,298,-0.004183034256574909,302.0958809067118,300.1943559256242,-0.6294441934727203,0.3729143481356161,0.5702791723700421
independent_symmetric,299,-0.017638234866586954,298.8942084818074,300.1943559256242,0.43498582673137764,0.36620229515331904,0.5763878448213784
independent_symmetric,300,0.006361675732355201,296.9633064641234,300.1943559256242,1.0880298646900988,0.36210680509089876,0.5801356087670209
independent_symmetric,301,0.03422445843773495,296.13957904823434,300.1943559256242,1.369211400388144,0.3603731671389674,0.5817492838524143
independent_symmetric,302,0.01211271372174269,300.2264092947384,300.1943559256242,-0.01067639891822874,0.3690354943136942,0.5738302277368574
independent_symmetric,303,-0.0047465800495135255,299.99873723138944,300.1943559256242,0.06520650588068987,0.368532770741856,0.5742657135638932
independent_symmetric,304,0.029392853278902103,297.54387254031724,300.1943559256242,0.8907874199116109,0.3633922895217553,0.579003648240631
independent_symmetric,305,0.00991864865386664,298.70580438178104,300.1943559256242,0.498333652044017,0.36582802622485877,0.576751392137569
independent_symmetric,306,-0.01721501318303165,305.3334726507585,300.1943559256242,-1.6831160634040316,0.379545410576839,0.5642322389784705
independent_symmetric,307,0.023761066398839025,296.7627596979677,300.1943559256242,1.1563432794428357,0.36169279913050245,0.58052765230025
independent_symmetric,308,0.009921359860405392,295.7641950261204,300.1943559256242,1.4978692397545272,0.35953601419880443,0.5824876409274167
independent_symmetric,309,0.00640842901492395,301.1764237597076,300.1943559256242,-0.3260772612357239,0.3710140740518926,0.5720201689751938
independent_symmetric,310,-0.012292036275698998,304.45111452838466,300.1943559256242,-1.398174747809496,0.37775642552927957,0.5658674920388178
independent_symmetric,311,0.0005872261742206954,299.5356134525429,300.1943559256242,0.2199212525977891,0.3675726528744564,0.5751536071970835
independent_symmetric,312,0.010169306830405261,297.19745727054203,300.1943559256242,1.008386371338999,0.3626134181988482,0.5796785420667669
independent_symmetric,313,0.014512075025920529,297.2866747480313,300.1943559256242,0.9780731612196691,0.36280384569479585,0.5795045759418815
independent_symmetric,314,0.0005481477205090656,299.59687299997114,300.1943559256242,0.19942895921117976,0.36770042295517935,0.5750360049287248
independent_symmetric,315,0.028398119972582337,299.17490779704195,300.1943559256242,0.34075321894102667,0.36684300035108897,0.5758470500615779
independent_symmetric,316,-8.49388786162697e-05,299.88625099880693,300.1943559256242,0.10274059774034758,0.3683091543734739,0.5744811185657592
independent_symmetric,317,-0.0019615951018238137,300.8259387145658,300.1943559256242,-0.2099495780318416,0.3702889711556231,0.5726866148819839
independent_symmetric,318,-0.02453033910084529,300.9553276573822,300.1943559256242,-0.252852055380228,0.37051449186225127,0.5724404029540258
independent_symmetric,319,0.01959984964989873,299.3644673363404,300.1943559256242,0.27721679752708717,0.3672299234616748,0.5754824206395935
independent_symmetric,320,0.00819699434333933,299.38589196460885,300.1943559256242,0.27004076768953017,0.36726322489759655,0.5754412395039219
independent_symmetric,321,-0.02793679025842595,300.8555950270365,300.1943559256242,-0.21978620718449365,0.37030742439140574,0.5726301642198016
independent_symmetric,322,-0.013388726228184137,302.70809565195805,300.1943559256242,-0.830417079173206,0.374164555654225,0.5691258056435827
independent_symmetric,323,-0.014330505467943405,301.54375711640614,300.1943559256242,-0.44749763804959286,0.37175476117295037,0.5713233491423455
independent_symmetric,324,0.029953012096575252,298.9701781078008,300.1943559256242,0.409464858860279,0.3664143983830108,0.5762413807629964
independent_symmetric,325,-0.007100385623242971,302.9026550764192,300.1943559256242,-0.8941153553479733,0.37456861652621387,0.5687602475531551
independent_symmetric,326,0.007796356510994972,296.41786249261355,300.1943559256242,1.2740438114132808,0.3609401406765175,0.5812031248940838
independent_symmetric,327,0.031094088948493092,297.1490062053983,300.1943559256242,1.024856101359769,0.36253026434100455,0.5797730583626727
independent_symmetric,328,0.009192593372375164,293.52142882057234,300.1943559256242,2.273403727920321,0.35465161214858854,0.5869383671054673
independent_symmetric,329,0.030827410732245028,296.95309194655755,300.1943559256242,1.0915070652471943,0.36212133459038387,0.5801555620045842
independent_symmetric,330,0.02922038308295651,296.98900333369585,300.1943559256242,1.079283258285106,0.3621843520148702,0.5800854130764314
independent_symmetric,331,0.0007711384329263474,303.21162982471037,300.1943559256242,-0.9951049373767308,0.37522441097479176,0.5681806759350642
independent_symmetric,332,0.0041242652583914335,298.888260092564,300.1943559256242,0.4369846552874762,0.3662041365020027,0.576399316180848
independent_symmetric,333,-0.018311342071554073,301.6299230115049,300.1943559256242,-0.475936562111552,0.37192834763212834,0.5711601394621717
independent_symmetric,334,0.007101439017427013,303.6517725713331,300.1943559256242,-1.1386123704898359,0.37613607536307747,0.5673570983554796
independent_symmetric,335,-0.004863681517776629,303.36453534763064,300.1943559256242,-1.045006601834209,0.3755417257983428,0.5678942940235567
independent_symmetric,336,0.024873871829396686,298.2023206954292,300.1943559256242,0.66801466385287,0.36477375107946286,0.5777251779972534
independent_symmetric,337,0.0025938320521807987,303.6749755386438,300.1943559256242,-1.1461660964476397,0.37618984143484446,0.5673137478092581
independent_symmetric,338,-0.003943884279862698,303.22071159223464,300.1943559256242,-0.9980702342919762,0.37524200928133944,0.5681636584962894
independent_symmetric,339,-0.00899831679361072,302.13355301580674,300.1943559256242,-0.6418344042977128,0.3729869458342231,0.5702080652615034
independent_symmetric,340,-0.01692827479110935,300.55566999306046,300.1943559256242,-0.12021535559272005,0.36970354825155516,0.5732015917622086
independent_symmetric,341,-0.012877141627360936,301.14993575183723,300.1943559256242,-0.3173103204645732,0.3709329745920683,0.5720704839747425
independent_symmetric,342,0.020628892241739843,304.2491509375826,300.1943559256242,-1.3327218825304923,0.37738362750437937,0.566243119455529
independent_symmetric,343,0.012254976982082109,299.1338139150001,300.1943559256242,0.3545376554873544,0.3667443898520316,0.5759261589123782
independent_symmetric,344,-0.047584389601619814,303.0697302346316,300.1943559256242,-0.948750080313635,0.37486959308458323,0.5684467017222818
independent_symmetric,345,0.019482610461259858,299.04392804740155,300.1943559256242,0.3847019686152321,0.36656133062977103,0.5760992693173209
independent_symmetric,346,0.057252610850891096,299.04860519144466,300.1943559256242,0.383131943867811,0.3666064589577557,0.5760902579172049
independent_symmetric,347,-0.016785987839394303,301.39310256016046,300.1943559256242,-0.3977352581573945,0.3714330652947119,0.5716089318597228
independent_symmetric,348,0.030875374780468857,295.9741302058057,300.1943559256242,1.4258765510634306,0.36000349222585126,0.5820744805948261
independent_symmetric,349,0.0053479442385356195,307.0540271396516,300.1943559256242,-2.2340274374279887,0.38303358888993344,0.5610706077291296
independent_symmetric,350,0.003423345104588587,299.29158481095567,300.1943559256242,0.30163598326320434,0.36706516949141577,0.5756225611237415
independent_symmetric,351,-0.009254809271996711,299.1449866929741,300.1943559256242,0.3507895098797482,0.36673060439685334,0.575904649815662
independent_symmetric,352,0.0002901305770464183,300.99959193280193,300.1943559256242,-0.26752063084440336,0.3706433034650368,0.5723562201047394
independent_symmetric,353,0.01317990648393356,298.32731321618326,300.1943559256242,0.6258370007468982,0.3650207153000007,0.5774831236955039
independent_symmetric,354,0.012379861983768966,298.80064295254545,300.1943559256242,0.46643573431002366,0.36603771114190053,0.5765683307193887
independent_symmetric,355,-0.004917451911602898,302.81811577032204,300.1943559256242,-0.8664474508149487,0.37441091780501645,0.5689190311046719
independent_symmetric,356,0.0056569116522027655,304.26255805319715,300.1943559256242,-1.3370695867421347,0.37739673987958744,0.5662181689825738
independent_symmetric,357,0.00027936216974087935,303.2673921637158,300.1943559256242,-1.013309151427864,0.3753409893101728,0.5680762041934989
independent_symmetric,358,-0.0005379055948404715,299.7111886645102,300.1943559256242,0.16121095220601847,0.36793916978688745,0.5748166741998912
independent_symmetric,359,-0.028203024178680036,303.8756971650815,300.1943559256242,-1.2114628691274882,0.3765618608415928,0.566939015194388
independent_symmetric,360,-0.007904120775245028,301.89387576495403,300.1943559256242,-0.5629527379525272,0.37250428362008026,0.5706607601917395
independent_symmetric,361,-0.011901058272431686,300.5326494492767,300.1943559256242,-0.11256464955550517,0.3696541714921242,0.5732454993128018
independent_symmetric,362,0.005054810401625889,297.8557614793609,300.1943559256242,0.7851432635206377,0.36400677366459055,0.5783973685291258
independent_symmetric,363,-0.005483654432100013,302.5043185640905,300.1943559256242,-0.7636131111883233,0.3737620476372656,0.5695091879508355
independent_symmetric,364,0.004494277945410585,305.3630422564356,300.1943559256242,-1.692636506572028,0.37962322462696063,0.5641776003453272
independent_symmetric,365,0.008002335257068222,298.8274417767601,300.1943559256242,0.4574259113342304,0.36608034946976065,0.5765166260518768
independent_symmetric,366,0.016573632392640248,300.87811282368995,300.1943559256242,-0.22725378448062625,0.3704148656778644,0.5725873061700376
independent_symmetric,367,0.017911552479953644,298.6578644837047,300.1943559256242,0.5144654216876792,0.3657392503705411,0.5768439707042085
independent_symmetric,368,0.014918719443372303,298.6493116505566,300.1943559256242,0.5173439933708672,0.3657126810638064,0.5768604912672407
independent_symmetric,369,-0.05326916487298578,307.508160072348,300.1943559256242,-2.378409777809815,0.3838443535229734,0.5602420106796886
independent_symmetric,370,0.011530270267200457,305.0262767892344,300.1943559256242,-1.5840998731230256,0.37893981326520965,0.5648004826555175
independent_symmetric,371,0.008769189984697707,302.9806288483385,300.1943559256242,-0.9196208131540223,0.3747514102201178,0.5686138738008943
independent_symmetric,372,0.023884612461826493,295.72341269500873,300.1943559256242,1.5118665072442372,0.3594538969616473,0.582567970048222
independent_symmetric,373,-0.011782525287375833,300.0163224160709,300.1943559256242,0.05934127454118983,0.3685654621274582,0.5742320532034968
independent_symmetric,374,-0.004334363665101902,300.28754720794785,300.1943559256242,-0.03103401496003286,0.3691486155614745,0.5737133971228097
independent_symmetric,375,-0.03408658086910773,310.47376723729633,300.1943559256242,-3.310879177697326,0.38977751228003343,0.5548906456040756
independent_symmetric,376,0.012179880736601138,301.5504972794856,300.1943559256242,-0.44972280466992326,0.3718137472119988,0.571310575310386
independent_symmetric,377,-0.022908816819923235,307.11472926687554,300.1943559256242,-2.2533511687216006,0.38313149652223244,0.5609597084163069
independent_symmetric,378,-0.019455026680777098,304.21720704787305,300.1943559256242,-1.322361467086827,0.37726561885602783,0.5663025789485815
independent_symmetric,379,0.0029396322305991194,297.9587356790033,300.1943559256242,0.7503120328142934,0.3642310764864293,0.5781974746018402
independent_symmetric,380,0.002599205121280916,298.84793553407184,300.1943559256242,0.45053695590909615,0.3661260897065056,0.5764770903445312
independent_symmetric,381,-0.03479111857184161,303.26961565580234,300.1943559256242,-1.0140348954932572,0.3753004062562527,0.5680720398441604
independent_symmetric,382,0.007511973215852727,301.0346855226876,300.1943559256242,-0.2791471008081033,0.3707360128775621,0.5722894948849875
independent_symmetric,383,0.004494586025919587,301.59810279192186,300.1943559256242,-0.4654362389229315,0.3719062602859131,0.5712203978636031
independent_symmetric,384,0.0023401546554669417,300.3961184830543,300.1943559256242,-0.06716550082235966,0.3693925142836909,0.5735060397891677
independent_symmetric,385,-0.016733684842374936,297.116866830513,300.1943559256242,1.035784042804523,0.3623904336614736,0.5798357749298217
independent_symmetric,386,-0.00183794448994123,296.40306848953014,300.1943559256242,1.2790985786397149,0.36089655005218246,0.5812321352977182
independent_symmetric,387,0.009248077545551245,301.5367839689745,300.1943559256242,-0.4451954503462428,0.3717805069820225,0.5713365588263094
independent_symmetric,388,0.009293320559289173,300.8029155666893,300.1943559256242,-0.20231174951167147,0.3702511404949078,0.5727304471189506
independent_symmetric,389,0.026774595649348337,298.65667798673235,300.1943559256242,0.514864743443033,0.3657400110346153,0.5768462621603484
independent_symmetric,390,-0.015092237097432593,304.84674702052075,300.1943559256242,-1.5261409676723083,0.37855568576190834,0.5651331054361023
independent_symmetric,391,0.004748437013950735,302.1562366063416,300.1943559256242,-0.6492934591561642,0.37305351697150313,0.5701652576721812
independent_symmetric,392,0.009592551921731878,297.6442286457345,300.1943559256242,0.8567702762095186,0.36357962112772246,0.5788084272205791
independent_symmetric,393,-0.04383481119120806,303.8296439413925,300.1943559256242,-1.1964889168186255,0.3764264343709268,0.5670249529891773
independent_symmetric,394,-0.005999556038127993,297.5601004877569,300.1943559256242,0.885285168794222,0.36336596158240253,0.5789720748394164
independent_symmetric,395,-0.011052888762355979,307.54587749603064,300.1943559256242,-2.390382088767001,0.38401091602746174,0.5601732989275693
independent_symmetric,396,0.03549644286880018,296.3682795629941,300.1943559256242,1.2909871354221298,0.36086701976072555,0.5813003616524167
independent_symmetric,397,-0.005488942521032606,303.9627279841019,300.1943559256242,-1.2397480715710523,0.3767613895256119,0.5667766894656072
independent_symmetric,398,-0.01291928747772664,299.26218982323667,300.1943559256242,0.3114880977574052,0.3669840194498494,0.5756791013896351
independent_symmetric,399,0.006631605961974308,300.85869213908234,300.1943559256242,-0.2208133688060445,0.37035399973085936,0.5726242679223511
independent_symmetric,400,0.018335609050837472,300.04063028291966,300.1943559256242,0.051234941934232024,0.36865900977344057,0.5741855302039448
independent_symmetric,401,-0.022839856335384868,303.54086222326185,300.1943559256242,-1.1024895538368054,0.37587978980379533,0.5675644061663131
independent_symmetric,402,0.009778900772156382,297.1659792098193,300.1943559256242,1.0190859410816673,0.3625490111956705,0.579739944832052
independent_symmetric,403,0.005142175457684986,298.1955125641614,300.1943559256242,0.6703130252614884,0.364748035090521,0.5777383653845908
independent_symmetric,404,-0.02196706533154121,303.682847934534,300.1943559256242,-1.148728692659582,0.3761608211705567,0.56729904562625
independent_symmetric,405,0.012990022303619215,302.97267712097954,300.1943559256242,-0.9170203801070519,0.3747621334544696,0.5686287942084026
independent_symmetric,406,-0.0053944749987112975,303.01183823110716,300.1943559256242,-0.9298258186645653,0.37480241014522897,0.5685553077337653
independent_symmetric,407,0.00269208110975527,298.5820175566701,300.1943559256242,0.5399984842181914,0.36555742870737507,0.5769905027076804
independent_symmetric,408,-0.008709272926151602,297.9715068084907,300.1943559256242,0.7459938505335622,0.3642454636011655,0.578172693739965
independent_symmetric,409,-0.05004705284413078,308.18339724420275,300.1943559256242,-2.592301009728976,0.3852197897900168,0.5590145054245427
independent_symmetric,410,-0.0114891695550827,304.44018688026523,300.1943559256242,-1.3946355105578987,0.37774131104996667,0.5658878031408556
independent_symmetric,411,-0.001580365359003422,301.9148282738156,300.1943559256242,-0.5698535438050862,0.3725493492975598,0.570621156997522
independent_symmetric,412,-0.017226228957037733,302.99912508267977,300.1943559256242,-0.9256690613513173,0.37477495031369024,0.5685791628455557
independent_symmetric,413,-0.0051958368933202334,304.12223931377616,300.1943559256242,-1.2915475688377305,0.37708823195706054,0.5664794171519493
independent_symmetric,414,0.028752537041088197,296.16642102668175,300.1943559256242,1.3600241664734836,0.36042047769929486,0.5816965603497128
independent_symmetric,415,0.015346330439815746,300.9668080624325,300.1943559256242,-0.25665691900750925,0.37059112165748176,0.5724185643228062
independent_symmetric,416,-0.016355179737593446,304.78585630912295,300.1943559256242,-1.5064676685134262,0.37843501295066617,0.5652460092161959
independent_symmetric,417,-0.010757051268327248,306.39994289705703,300.1943559256242,-2.0253224960677407,0.38171239632203435,0.5622683447538616
independent_symmetric,418,-0.004996091587073336,298.0475979549917,300.1943559256242,0.7202735352883769,0.3644147572889168,0.5780250854388935
independent_symmetric,419,0.0029335112941529812,299.65450032617457,300.1943559256242,0.1801593498051983,0.36782442809326577,0.5749254174788887
independent_symmetric,420,-0.009794074928849998,307.7455332692994,300.1943559256242,-2.4537081865839365,0.3844052026317466,0.5598098756417033
independent_symmetric,421,-0.022893473837713563,303.31384837317074,300.1943559256242,-1.0284701685326845,0.375404793216508,0.5679891956764572
independent_symmetric,422,-0.005799984118901296,301.0789541475349,300.1943559256242,-0.2938093844570727,0.3707779459793016,0.5722053533084408
independent_symmetric,423,0.00656270673416353,299.4146416992487,300.1943559256242,0.260412858219109,0.36732291427368413,0.5753859851479651
independent_symmetric,424,0.008022468807497319,303.2639872755948,300.1943559256242,-1.012197781064258,0.3753457035754988,0.5680825802740844
independent_symmetric,425,-0.021738822312755677,301.7161516109606,300.1943559256242,-0.5043799204023417,0.37211005010092846,0.5709969060670198
independent_symmetric,426,0.013321770443830793,298.23388789159065,300.1943559256242,0.6573592450855908,0.3648289347157688,0.5776640267824581
independent_symmetric,427,-0.001605935082774049,302.2692285428862,300.1943559256242,-0.6864319690310751,0.37327534816534924,0.5699521244252679
independent_symmetric,428,0.0066471344448005626,300.5940985887452,300.1943559256242,-0.1329842019513188,0.3698001813032099,0.5731283136215463
independent_symmetric,429,-0.0064396955140847865,304.91545873880904,300.1943559256242,-1.5483317352003843,0.37870072109945274,0.5650057554194673
independent_symmetric,430,0.019918425692350264,297.9343493433798,300.1943559256242,0.7585585842066525,0.3641915591692658,0.5782448006647565
independent_symmetric,431,0.00493281059238788,301.6024913128972,300.1943559256242,-0.4668845343893758,0.3719062039725104,0.5712120869289845
independent_symmetric,432,0.02974641506613408,299.0392906121783,300.1943559256242,0.3862587123856904,0.3665566620418794,0.5761082035660645
independent_symmetric,433,0.023297015908974452,294.7482733625955,300.1943559256242,1.8477063498618056,0.35734080744488295,0.5844953258619762
independent_symmetric,434,0.0016869904714055112,307.06530115362625,300.1943559256242,-2.237616950592689,0.3830638111660595,0.56105000391234
independent_symmetric,435,0.005622769808522857,297.843846272739,300.1943559256242,0.7891751608434651,0.3639755790851873,0.5784205078511336
independent_symmetric,436,-0.02307436020068393,303.21744643082553,300.1943559256242,-0.9970041436553626,0.375212486721331,0.5681697761684369
independent_symmetric,437,-0.003374250380702858,303.0413549604025,300.1943559256242,-0.9394754175218999,0.3748643696489409,0.5684999292042384
independent_symmetric,438,-0.018771492778420395,307.92297339554773,300.1943559256242,-2.5099190829115496,0.3847457205940753,0.5594872884599961
independent_symmetric,439,0.01895617506863957,298.26068614676603,300.1943559256242,0.6483153391213893,0.36489776568103593,0.577612123353378
independent_symmetric,440,0.02057221955019883,299.7769419366697,300.1943559256242,0.13924152613536164,0.36810466299528233,0.574690593091311
independent_symmetric,441,-0.019465772733253024,302.28104715504276,300.1943559256242,-0.6903149400393107,0.37327485717080766,0.5699298413634215
independent_symmetric,442,-0.008196811179064834,299.60108750048687,300.1943559256242,0.19801944982472366,0.3676940825470201,0.5750279174404392
independent_symmetric,443,0.009977739878996082,300.3351898764161,300.1943559256242,-0.046892257563903195,0.36926884094765955,0.5736223866554657
independent_symmetric,444,0.0012915340067830468,299.0508156687278,300.1943559256242,0.3823899474540028,0.3665528784515497,0.5760860006689956
independent_symmetric,445,-0.02124487697980736,303.0575185320473,300.1943559256242,-0.9447588102389609,0.37488114629699465,0.5684696082559595
independent_symmetric,446,0.012456895782939159,299.16933523460085,300.1943559256242,0.3426222444287536,0.3668164235117777,0.5758577773597542
independent_symmetric,447,0.007804390474320105,298.4329814291571,300.1943559256242,0.5902077203505179,0.36525571515075805,0.5772786476612276
independent_symmetric,448,0.003904841094494962,302.3414850208318,300.1943559256242,-0.7101668813525938,0.37343117736696363,0.5698159117333498
independent_symmetric,449,-0.002829502229027775,304.9494124533117,300.1943559256242,-1.5592935528004974,0.3787841388088756,0.5649428449909788
independent_symmetric,450,-0.015990896759280646,306.10463292380626,300.1943559256242,-1.9308028570914157,0.38108572188462875,0.5628107888220778
independent_symmetric,451,-0.02575816475425732,302.6088790059649,300.1943559256242,-0.7979022586092412,0.37394390656089216,0.5693124060477751
independent_symmetric,452,-0.008622465966463023,303.3566561032587,300.1943559256242,-1.0424363909648462,0.37551328969111697,0.5679090448970421
independent_symmetric,453,-0.006487345516224061,300.7113079002728,300.1943559256242,-0.17190972240392713,0.37002482904221023,0.5729049238947008
independent_symmetric,454,-0.03276517849855679,303.5012452778483,300.1943559256242,-1.089580159447676,0.37577747166006514,0.5676384923997784
independent_symmetric,455,0.026010520422961397,297.671058456074,300.1943559256242,0.8476798122860155,0.363648357531389,0.5787562599305438
independent_symmetric,456,0.026870017110254118,302.9448263129789,300.1943559256242,-0.9079113252500581,0.37472129038875635,0.5686810699338233
independent_symmetric,457,0.002383251620847005,299.404578608157,300.1943559256242,0.26378264525501005,0.3673013960807141,0.5754053230223818
independent_symmetric,458,0.006588215535479468,299.3262024990477,300.1943559256242,0.2900358937267645,0.36713199662955076,0.5755559901428042
independent_symmetric,459,0.01184351764973725,303.8052743084625,300.1943559256242,-1.1885634280239716,0.37645998431742433,0.5670704338541506
independent_symmetric,460,0.006212034329919717,297.7811877219846,300.1943559256242,0.8103830272490515,0.36386160027306624,0.5785422172962552
independent_symmetric,461,0.0042770071448176685,297.4072824105042,300.1943559256242,0.9371234935912217,0.3630551898468348,0.5792695695602862
independent_symmetric,462,0.008511518409855043,300.16417081636763,300.1943559256242,0.010056199970335236,0.3688931926066993,0.5739492102622776
independent_symmetric,463,-0.02120949690882487,299.1275452546974,300.1943559256242,0.3566407333094224,0.36668187786308715,0.5759382305817267
independent_symmetric,464,-0.030206216987061857,306.47357893572956,300.1943559256242,-2.0488627541436952,0.38183718331561667,0.5621332505648601
independent_symmetric,465,-0.015342771811631073,302.74316822404336,300.1943559256242,-0.8419058019941518,0.37424926842843653,0.5690598730517624
independent_symmetric,466,0.005214226057247547,300.3722566388944,300.1943559256242,-0.0592267459254845,0.3693426465898798,0.5735516001113995
independent_symmetric,467,-0.01933462783375353,299.99475533630715,300.1943559256242,0.0665346929459853,0.36850681046282063,0.5742733360805785
independent_symmetric,468,-0.011871585016893164,306.16525921104835,300.1943559256242,-1.9502223409705073,0.3812317519517753,0.5626993392982662
independent_symmetric,469,0.022095375781492312,298.5786355856459,300.1943559256242,0.5411372909549239,0.36558074433645404,0.5769970366830444
independent_symmetric,470,-0.029114436542371638,302.47256593874107,300.1943559256242,-0.7531955852082953,0.3736683371774603,0.5695689752025255
independent_symmetric,471,-0.01640882821450806,299.58614932475075,300.1943559256242,0.20301559409349668,0.36764791267202246,0.5750565891323143
independent_symmetric,472,0.0018541768086711176,298.0895662621464,300.1943559256242,0.7060930343421843,0.36451026895985483,0.5779437059033037
independent_symmetric,473,-0.002572284747473421,299.38985219152914,300.1943559256242,0.2687144297664478,0.3672643225969119,0.5754336263395987
independent_symmetric,474,-0.017471728419776362,303.895453128075,300.1943559256242,-1.2178850207709393,0.3766124832815082,0.5669021610881452
independent_symmetric,475,-0.005768214609764242,299.3039666297598,300.1943559256242,0.29748663403643094,0.3670801014247975,0.5755987484452572
independent_symmetric,476,-0.027258616718405338,301.94256492115045,300.1943559256242,-0.5789872640125302,0.372575643710794,0.5705687392506004
independent_symmetric,477,0.0187054516107302,297.80166084850595,300.1943559256242,0.803452563125717,0.363918357627673,0.5785024427754325
independent_symmetric,478,0.01071299850606775,300.1892699339135,300.1943559256242,0.0016942616609248334,0.36896225959703965,0.5739012213924809
independent_symmetric,479,0.003266149609797483,302.1125191140884,300.1943559256242,-0.6349168164526843,0.3729615803664703,0.570247765183486
independent_symmetric,480,-0.013029795034168007,301.3100660930767,300.1943559256242,-0.3702863903351489,0.3712799543722356,0.5717664558347018
independent_symmetric,481,0.015001105282018076,300.82841819750837,300.1943559256242,-0.2107720659116237,0.37030685587433576,0.5726818947236774
independent_symmetric,482,0.01993837708529114,301.0619303075993,300.1943559256242,-0.2881714008438981,0.37079287306513664,0.5722377057807337
independent_symmetric,483,0.007738393845078538,300.57409066690497,300.1943559256242,-0.1263364851036223,0.369760975691371,0.5731664636249428
independent_symmetric,484,0.01685226977583615,301.0514239012804,300.1943559256242,-0.2846915535391046,0.37075379169124933,0.5722576782262082
independent_symmetric,485,0.010444695506370153,303.58362990628825,300.1943559256242,-1.1164218511091153,0.3759683611484508,0.5674844505243597
independent_symmetric,486,-0.006224028790719459,300.9680835378901,300.1943559256242,-0.2570796222545189,0.37057075669121253,0.5724161402717441
independent_symmetric,487,0.029873535372461884,299.5553094338718,300.1943559256242,0.2133317192608454,0.36764184739090944,0.5751157904410301
independent_symmetric,488,-0.008620987775609544,307.0933286734496,300.1943559256242,-2.2465394405104337,0.38309945069829754,0.5609988006220327
independent_symmetric,489,-0.0534531921571039,306.0474847921665,300.1943559256242,-1.9124904328219021,0.3809237488209495,0.562915880690553
independent_symmetric,490,0.019903934617442217,298.36000241362694,300.1943559256242,0.6148121387444722,0.36510302507386583,0.5774198536798176
independent_symmetric,491,-0.01841680378139984,304.4244114302002,300.1943559256242,-1.389525723217465,0.3776901021100807,0.5659171289332522
independent_symmetric,492,-0.034429334115887285,303.1519564245379,300.1943559256242,-0.9756164973488793,0.3750471000132356,0.5682925184706371
independent_symmetric,493,0.012135873643703903,293.86123257269907,300.1943559256242,2.155140811695326,0.35538621044434027,0.5862596665020212
independent_symmetric,494,0.004297524028191681,298.5003253286899,300.1943559256242,0.5675138193129201,0.36539496174944697,0.5771484099715468
independent_symmetric,495,0.020252750312528645,299.02391671998316,300.1943559256242,0.3914199300442919,0.36652474770551957,0.5761378218825929
independent_symmetric,496,0.013385706980652423,293.6952231317027,300.1943559256242,2.2128833845578484,0.3550256409293021,0.5865910459013816
independent_symmetric,497,0.01946729230403459,299.0675751961034,300.1943559256242,0.3767645920096717,0.3666064750366266,0.5760537177374768
independent_symmetric,498,-0.011591498100724953,303.50597031260736,300.1943559256242,-1.091120014401106,0.37580541577509197,0.5676296573676194
independent_symmetric,499,0.01129129812851823,296.66642673693985,300.1943559256242,1.1891905759233938,0.3614808144906638,0.5807161612619927
independent_symmetric,500,0.00804445267254733,294.0322139690293,300.1943559256242,2.0957370192246887,0.3557620080777868,0.5859187537228286
independent_symmetric,501,0.0003206848316921554,301.4879539713664,300.1943559256242,-0.42907122115566065,0.3716623371703437,0.5714290942467786
independent_symmetric,502,0.03651433506388122,299.0806586133661,300.1943559256242,0.3723735655196105,0.366644549813123,0.5760285171184392
independent_symmetric,503,-0.020973168840487444,301.4840003131051,300.1943559256242,-0.42776544895966273,0.3716291073223321,0.5714365887493094
independent_symmetric,504,-0.0005174338268701338,300.07772949823055,300.1943559256242,0.038865405836242414,0.3687158324502572,0.5741145404331371
independent_symmetric,505,0.03136067947827196,297.5129212746725,300.1943559256242,0.9012834264351574,0.3633076771089453,0.5790638858900312
independent_symmetric,506,-0.0026061102288960324,301.9847701835299,300.1943559256242,-0.5928823022490766,0.37268947103897665,0.5704889989488706
independent_symmetric,507,-0.013955171491471812,300.58123745263964,300.1943559256242,-0.12871113656133534,0.3697630969908037,0.5731528339336367
independent_symmetric,508,0.01599187437359519,297.0087021766648,300.1943559256242,1.072579263036046,0.36221088485725783,0.5800469391420616
independent_symmetric,509,-0.002866962386869811,302.5484075351401,300.1943559256242,-0.7780743678984486,0.373853091106612,0.5694261959962099
independent_symmetric,510,-0.007566513281529974,298.76647922975843,300.1943559256242,0.4779239958736202,0.365935093309843,0.5766342632347283
independent_symmetric,511,-0.013680124282386796,300.4439808811144,300.1943559256242,-0.08308535746267419,0.36947120772590003,0.573414678826203
independent_symmetric,512,-0.012263118843097456,299.73401913964335,300.1943559256242,0.15358176135702656,0.3679662076415552,0.5747728928468924
independent_symmetric,513,-0.00534593012022395,298.1168832060598,300.1943559256242,0.6968651681925887,0.364540740399101,0.5778907493695687
independent_symmetric,514,0.017964190154323864,301.4199286315343,300.1943559256242,-0.40659975983480323,0.37155055964935746,0.5715580544668099
independent_symmetric,515,0.014640620260779294,296.93492200110404,300.1943559256242,1.0976930239643763,0.36206042570883823,0.5801910638160528
independent_symmetric,516,0.011345270785237558,300.4655246767878,300.1943559256242,-0.09024953909614009,0.3695446381025368,0.5733735620623649
independent_symmetric,517,0.02025873513068949,305.5393323318094,300.1943559256242,-1.7493578863950199,0.37998571518207336,0.5638520835729162
independent_symmetric,518,-0.0199388431811092,304.1154422597639,300.1943559256242,-1.2893414109469705,0.37706131211479443,0.5664920779346783
independent_symmetric,519,-0.022226079138640217,308.6417515559857,300.1943559256242,-2.7369581684185,0.38616260433784544,0.5581843341981753
independent_symmetric,520,-0.012089608401129487,302.553430843752,300.1943559256242,-0.7797217541208646,0.37385475950632063,0.5694167421946495
independent_symmetric,521,0.06147428894285476,293.5813764988802,300.1943559256242,2.2525200697698984,0.3548287855589096,0.5868185154901993
independent_symmetric,522,0.0034448155983227663,296.2747315313713,300.1943559256242,1.3229695202129994,0.3606263502649991,0.5814839064601928
independent_symmetric,523,-0.01020715781106034,302.8147876010278,300.1943559256242,-0.8653578962121524,0.3743846334783455,0.5689252846911502
independent_symmetric,524,-0.03216722976072867,304.61040278552866,300.1943559256242,-1.4497360626957014,0.37804733303282445,0.5655715884952208
independent_symmetric,525,0.0011136291119713086,299.67018215231656,300.1943559256242,0.17491689348032588,0.3678410105167984,0.5748953321148036
independent_symmetric,526,-0.005102130384817427,297.7822317308891,300.1943559256242,0.8100295913273218,0.3638488762873706,0.5785401879185448
independent_symmetric,527,-0.0031536910511516802,297.5833128776211,300.1943559256242,0.8774158143326058,0.3634239078807525,0.5789269121052978
independent_symmetric,528,-0.020345993146532834,298.1809737499921,300.1943559256242,0.6752215442559423,0.3646718880619094,0.5777665374490848
independent_symmetric,529,0.012895536702854973,299.8379415402582,300.1943559256242,0.11886900754958454,0.36822469048872186,0.5745736764943336
independent_symmetric,530,0.022790209182278486,298.7216421645967,300.1943559256242,0.49300537796858535,0.36587459950398926,0.5767208122941053
independent_symmetric,531,-0.01461512622470624,306.29202194985794,300.1943559256242,-1.9908014532719192,0.3814847024574788,0.5624664582334107
independent_symmetric,532,0.0027931171609176194,304.3461668725672,300.1943559256242,-1.3641738910683874,0.3775578154548812,0.566062620217067
independent_symmetric,533,-0.0027591842912762688,300.7832783989321,300.1943559256242,-0.1957962811106789,0.37018212989431953,0.5727678410806872
independent_symmetric,534,-0.008559504571200974,300.7283812758415,300.1943559256242,-0.17757730346290776,0.3700622888925399,0.5728723974093306
independent_symmetric,535,0.005175933727979393,301.56173028124323,300.1943559256242,-0.45343099548598625,0.3718277688717946,0.5712892955502504
independent_symmetric,536,-0.0034731643100665566,297.49987854059674,300.1943559256242,0.905707053813064,0.3632454083923894,0.5790892739049758
independent_symmetric,537,0.009501258836527327,298.1644365445205,300.1943559256242,0.6808053316581898,0.36469065632313413,0.5777985802142628
independent_symmetric,538,0.01584357737575628,299.7627068748953,300.1943559256242,0.14399691516966545,0.36806922070369874,0.5747178829483311
independent_symmetric,539,0.009600704893751637,300.87839696889057,300.1943559256242,-0.2273480084171926,0.3703897186408741,0.5725867676793333
independent_symmetric,540,0.004661376987730112,297.9328391300566,300.1943559256242,0.7590693265539606,0.3641861426890056,0.578247731372985
independent_symmetric,541,-0.023149731598941514,302.41605543886885,300.1943559256242,-0.7346499874222882,0.37355411014755546,0.5696754057743365
independent_symmetric,542,-0.0070966360195204815,305.73084813622336,300.1943559256242,-1.8109040171609576,0.3803493981132915,0.5634988744156869
independent_symmetric,543,-0.009789721452712178,302.20170011778237,300.1943559256242,-0.6642398740231396,0.37312607547069443,0.570079482945286
independent_symmetric,544,0.019908413075982335,298.90066618606807,300.1943559256242,0.4328159438596985,0.36624481276118537,0.5763753917312762
independent_symmetric,545,0.026740959997417203,298.85334200777214,300.1943559256242,0.4487197328438126,0.36616972296523365,0.5764666603179298
independent_symmetric,546,-0.02376188305786674,306.2709365745534,300.1943559256242,-1.9840539611403796,0.3814091015631912,0.5625051830951526
independent_symmetric,547,0.03448608356357003,298.8862459117135,300.1943559256242,0.4376614955701631,0.3662327460144199,0.5764032001122731
independent_symmetric,548,0.0033455553750197375,303.45058708608224,300.1943559256242,-1.0730680048196095,0.3757116593675087,0.5677332533225179
independent_symmetric,549,-0.029557321757547703,301.9800135592994,300.1943559256242,-0.5913164956277844,0.37265414221739823,0.5704979837259722
independent_symmetric,550,-0.0006311994972861603,304.900995278905,300.1943559256242,-1.5436615249403876,0.3786747094912546,0.565032555936714
independent_symmetric,551,0.04362821402640598,297.44248672644693,300.1943559256242,0.9251769071269709,0.3631838491031174,0.5792010081689348
independent_symmetric,552,0.01640114152157865,298.62520292840924,300.1943559256242,0.525458997374433,0.36567641308238386,0.5769070610672553
independent_symmetric,553,-0.01257306263042051,302.00879203686816,300.1943559256242,-0.6007891687545426,0.37272843531080213,0.5704436216953965
independent_symmetric,554,0.001912944700528156,305.5232766413513,300.1943559256242,-1.7441946729258855,0.3799399341245463,0.5638817157526964
independent_symmetric,555,0.0012084302761619255,299.0950486949452,300.1943559256242,0.3675444429707791,0.36665193246286665,0.5760008029869161
independent_symmetric,556,-0.01655557657348247,301.89523872493015,300.1943559256242,-0.5634016642626412,0.37248630852341513,0.5706581844971481
independent_symmetric,557,0.02088459452313689,294.84642317638105,300.1943559256242,1.81380282373104,0.35755070658365073,0.5843007573167338
independent_symmetric,558,-0.002029540466789319,304.834354533778,300.1943559256242,-1.5221376918787068,0.37853581951606596,0.5651560823764603
independent_symmetric,559,-0.00012043771443340293,300.74805337323494,300.1943559256242,-0.1841067436348675,0.3701169207787197,0.5728349250660943
independent_symmetric,560,0.027210133585198526,297.9470959773002,300.1943559256242,0.7542479784717356,0.3642353253508325,0.578220062023346
independent_symmetric,561,-0.025367982413361384,301.2345676146827,300.1943559256242,-0.3453161757946199,0.3711041815393463,0.5719097579215392
independent_symmetric,562,0.002868587863415622,298.5663527984894,300.1943559256242,0.5452734750166627,0.3655253105957834,0.5770207749547868
independent_symmetric,563,-0.004429184185629861,301.89641575155946,300.1943559256242,-0.5637893453282725,0.3725151315055564,0.5706559585177249
independent_symmetric,564,-0.0025981821815752025,301.5720763355169,300.1943559256242,-0.4568461465775361,0.37183270358325726,0.5712696966986579
independent_symmetric,565,0.027902376800022537,296.05311321956117,300.1943559256242,1.3988174827912698,0.3601794846751136,0.5819191905533063
independent_symmetric,566,0.01605489300292646,297.603765342299,300.1943559256242,0.8704831339568367,0.36349358961478295,0.5788871255012531
independent_symmetric,567,-0.026956982435174883,302.9404603597825,300.1943559256242,-0.906483218153462,0.3746306907326836,0.5686892688963892
independent_symmetric,568,0.0015351181189017088,298.4579394937246,300.1943559256242,0.5817960262156547,0.36529271359007887,0.5772303751765614
independent_symmetric,569,-0.0344168349135608,303.16808171947315,300.1943559256242,-0.9808835339732662,0.3751015174985525,0.5682622915710772
independent_symmetric,570,-0.013045670908868543,308.50821495356064,300.1943559256242,-2.6948582322801005,0.385919210528046,0.5584259377042293
independent_symmetric,571,0.006510183285028809,303.21293542462837,300.1943559256242,-0.9955312410325896,0.3752427149716401,0.568178228790036
independent_symmetric,572,-0.008239623327741573,303.77977592265427,300.1943559256242,-1.180269485070307,0.37637146457816417,0.5671180335911021
independent_symmetric,573,0.03562621671515349,300.30299162354345,300.1943559256242,-0.03617536319964822,0.3692288030298151,0.573683888293905
independent_symmetric,574,-0.014645238339329547,305.1347516375768,300.1943559256242,-1.6190865463336457,0.3791329661819792,0.5645997009630956
independent_symmetric,575,-0.015012963468116392,300.2583330274975,300.1943559256242,-0.021307352648029295,0.3690767569417993,0.5737692169511047
independent_symmetric,576,0.0531333029609474,297.0812043274487,300.1943559256242,1.0479126760049613,0.36241016367126944,0.5799053777817521
independent_symmetric,577,0.004836200439700382,301.14552451174234,300.1943559256242,-0.31585014841587883,0.3709588811755926,0.5720788602468346
independent_symmetric,578,0.020655318485991062,300.8067958530223,300.1943559256242,-0.2035990994356873,0.3702701588968771,0.5727230592616113
independent_symmetric,579,-0.020842910685248354,305.93968405373283,300.1943559256242,-1.8779283720184357,0.3807368929819689,0.5631142295131276
independent_symmetric,580,0.005600476499537804,297.9336316138391,300.1943559256242,0.7588013140843747,0.3641823694033658,0.5782461952723579
independent_symmetric,581,0.03844890211522602,295.1622969008852,300.1943559256242,1.7048447845724524,0.3582622019168026,0.5836754551692718
independent_symmetric,582,-0.02154088149997324,305.36093743014953,300.1943559256242,-1.6919588824969312,0.379605897597168,0.5641814889498288
independent_symmetric,583,-0.0019808298483702616,300.8158962456609,300.1943559256242,-0.20661817669671692,0.37025998103529256,0.5727057338155882
independent_symmetric,584,-0.02384590837320651,310.97445818919897,300.1943559256242,-3.46655552560399,0.3907519796073339,0.5539972377435415
independent_symmetric,585,-0.005885322773669631,312.3563661839617,300.1943559256242,-3.893632906196218,0.39348220327777783,0.5515462706380986
independent_symmetric,586,0.008876183462949166,299.5439027068204,300.1943559256242,0.2171478747943174,0.36759595704353354,0.5751376915957715
independent_symmetric,587,-0.04809544226205442,310.63194958485286,300.1943559256242,-3.3601159420909745,0.3900794971038506,0.5546080803058964
independent_symmetric,588,0.03519147091186811,297.30769502960646,300.1943559256242,0.9709337983096265,0.36285962292642526,0.5794636029226059
independent_symmetric,589,-0.02000297488614587,306.23368384477953,300.1943559256242,-1.9721305126631536,0.38135641652109986,0.5625736112942152
independent_symmetric,590,-0.00921002194434164,299.9509530650882,300.1943559256242,0.08114755364128458,0.36843880279738817,0.5743571960601508
independent_symmetric,591,0.034384809768252096,297.1397617017062,300.1943559256242,1.027999149768606,0.3625111726259198,0.5797910973015191
independent_symmetric,592,0.012295661076595493,299.45119520714087,300.1943559256242,0.24817423686329992,0.3674100570174468,0.5753157487033548
independent_symmetric,593,-0.0029999798509442663,298.7472278598814,300.1943559256242,0.48439882642913695,0.36590683826814796,0.5766714214294714
independent_symmetric,594,0.016117682480703256,304.472084826,300.1943559256242,-1.4049658781758045,0.3778082437236472,0.5658285207646945
independent_symmetric,595,0.00311332648788881,298.20378201595355,300.1943559256242,0.6675213493986402,0.36474398474104774,0.5777223463038978
independent_symmetric,596,-0.032217166804948856,309.8578831575897,300.1943559256242,-3.1186965887360465,0.3885591876241008,0.5559935654511732
independent_symmetric,597,0.0006209891327398671,298.9899090228448,300.1943559256242,0.4028386465335128,0.36641527308021127,0.5762033559168951
independent_symmetric,598,0.01551287665989338,302.149432592971,300.1943559256242,-0.647056210090742,0.3730380967189739,0.5701780981393195
independent_symmetric,599,0.013459432799180432,300.6987333031896,300.1943559256242,-0.16773511880970743,0.37002935082357835,0.5729288806421221
independent_symmetric,600,-0.010781312392645155,299.5702039072952,300.1943559256242,0.20834916496641212,0.3676420075933561,0.575087194787288
independent_symmetric,601,0.021940816099120672,303.8428501665601,300.1943559256242,-1.2007833124708498,0.3765489458836031,0.567000303749401
independent_symmetric,602,0.00822586301360198,300.60819885570777,300.1943559256242,-0.1376685438583769,0.3698241224122055,0.5731014306407204
independent_symmetric,603,-0.002081429863139176,306.361085987491,300.1943559256242,-2.0128960053753535,0.3816204071441134,0.562339660434289
independent_symmetric,604,-0.003677833597074706,298.1348235716716,300.1943559256242,0.6908056996761857,0.36458864938427793,0.5778559746358016
independent_symmetric,605,0.019395466964432496,301.3635493716542,300.1943559256242,-0.3879677713073609,0.3714188994071024,0.5716649849593316
independent_symmetric,606,0.012466747819492164,300.63083191236956,300.1943559256242,-0.14518670090117822,0.36989309385326075,0.5730582819889745
independent_symmetric,607,-0.030208321039462836,304.10112922998906,300.1943559256242,-1.2846954282140053,0.37700202170293984,0.5665187438727892
independent_symmetric,608,-0.010684127356591916,302.85392856729595,300.1943559256242,-0.878170098123973,0.37447611517516,0.5688517555178014
independent_symmetric,609,-0.010942955607884544,308.7630276377441,300.1943559256242,-2.775161190015612,0.38643436028998013,0.5579650839336465
independent_symmetric,610,0.0051042699680652415,297.5107718402368,300.1943559256242,0.9020124107736436,0.36327638900665127,0.5790680708891198
independent_symmetric,611,-0.0042625648121598705,304.716673237034,300.1943559256242,-1.484105632740334,0.3783080530730013,0.5653743424202087
independent_symmetric,612,0.027890594912392545,295.34317609806703,300.1943559256242,1.6425569372039197,0.3586496628089817,0.5833179892560649
independent_symmetric,613,0.007721424110102478,294.8847589425364,300.1943559256242,1.8005667712797933,0.35761210256260945,0.58422479618065
independent_symmetric,614,0.005214045248121277,300.78820279911884,300.1943559256242,-0.19743024093641495,0.3702091341626229,0.5727584615487029
independent_symmetric,615,-0.008260950483289228,294.91658344262237,300.1943559256242,1.789581454319497,0.3576627535296497,0.5841617529829523
independent_symmetric,616,-0.002003899191869031,301.6309529977806,300.1943559256242,-0.47627640926060083,0.37194474255244403,0.5711581898918934
independent_symmetric,617,0.040079482862494756,299.188683087085,300.1943559256242,0.3361333149912306,0.36686392377508525,0.5758205384761809
independent_symmetric,618,0.04921826719704658,299.364681846345,300.1943559256242,0.27714494380639415,0.367265815277655,0.5754820065631927
independent_symmetric,619,0.0020867591756877487,298.52267288887134,300.1943559256242,0.5599852837225484,0.3654464763816043,0.577105203926238
independent_symmetric,620,-0.00801342573299648,302.0162355191175,300.1943559256242,-0.6032389584492945,0.372756626220772,0.5704295612754139
independent_symmetric,621,-0.015205942246904006,302.7448184622651,300.1943559256242,-0.8424463049757355,0.3742471600555741,0.5690567715877459
independent_symmetric,622,0.013469691898602795,296.52404361997685,300.1943559256242,1.2377789877812466,0.36117833749696815,0.5809950043622277
independent_symmetric,623,-0.006888350198689241,300.063798964466,300.1943559256242,0.04350973413280046,0.36868062865206597,0.5741411970236471
independent_symmetric,624,-0.00993462271102016,298.3690180351562,300.1943559256242,0.6117719267531089,0.3650897704745768,0.5774024053849319
independent_symmetric,625,0.019264218495536056,299.48140246073615,300.1943559256242,0.23806268403646405,0.3674819915765273,0.5752577185275183
independent_symmetric,626,0.01963004301989502,299.5226790424793,300.1943559256242,0.22424909035007207,0.3675637963830619,0.5751784441251706
independent_symmetric,627,0.022541720563895935,298.61903106803726,300.1943559256242,0.5275366583143329,0.36565395716043203,0.5769189849371082
independent_symmetric,628,-0.009682654393213691,303.27851292720294,300.1943559256242,-1.0169388433789301,0.3753598347212894,0.5680553734206293
independent_symmetric,629,0.004969745248681182,300.7354143250821,300.1943559256242,-0.17991176751568758,0.37008890071246214,0.5728590008199701
independent_symmetric,630,0.015662001333089617,299.9942091891809,300.1943559256242,0.0667168666302916,0.3685562368319143,0.5742743802333914
independent_symmetric,631,0.005799142167352514,299.4272593457577,300.1943559256242,0.2561879574834328,0.36735098122833454,0.5753617387598072
independent_symmetric,632,-0.0011156758576538657,299.6555370963367,300.1943559256242,0.17981273915666846,0.36782276288588944,0.5749234279063977
independent_symmetric,633,0.026713425327868228,299.50884914108326,300.1943559256242,0.22887697191813355,0.36753304054815916,0.5752050044075459
independent_symmetric,634,0.0008579036858646026,296.69983987314725,300.1943559256242,1.177795058457407,0.36152240333579166,0.5806507630587546
independent_symmetric,635,0.03580570621323787,296.6344412783624,300.1943559256242,1.2001015903346224,0.3614405603282119,0.5807787779651369
independent_symmetric,636,0.018563975736596672,295.6593238768134,300.1943559256242,1.5338708041896025,0.3593084100600419,0.5826942519633099
independent_symmetric,637,0.001130990252403461,302.729340742221,300.1943559256242,-0.8373766514938975,0.37423644441320736,0.5690858646269169
independent_symmetric,638,-0.008139412007389926,297.9012533054762,300.1943559256242,0.7697525924124337,0.36409520921229555,0.5783090424436915
independent_symmetric,639,-0.005072913964021351,299.74242979818223,300.1943559256242,0.1507714899576536,0.36800096263334703,0.5747567633354247
independent_symmetric,640,0.005470744543405845,301.50171316938105,300.1943559256242,-0.4336151957525906,0.37169549839773064,0.5714030170431222
independent_symmetric,641,-0.0004532474417438953,301.3054123242868,300.1943559256242,-0.36874757412813536,0.37127689105103157,0.5717752872305968
independent_symmetric,642,0.020501170381386196,298.6516509954672,300.1943559256242,0.5165566388181224,0.3657237372699055,0.5768559716091968
independent_symmetric,643,0.0017535455689971096,300.0447082934068,300.1943559256242,0.049875111302103675,0.3686514731031235,0.5741777264978822
independent_symmetric,644,0.027102592174602102,296.8124035800792,300.1943559256242,1.1394241968168204,0.3618059776333332,0.5804305553839958
independent_symmetric,645,0.0010135093578281125,298.7296348787824,300.1943559256242,0.4903166193860099,0.36587294758457967,0.5767053830618913
independent_symmetric,646,-0.019955400529128347,305.73922801971946,300.1943559256242,-1.8135952425894164,0.3803781283181762,0.5634834278959079
independent_symmetric,647,0.029669475843014093,298.8108103742701,300.1943559256242,0.4630172347584068,0.36607212716771786,0.5765487139531398
independent_symmetric,648,-0.002561821339672421,297.63982470528504,300.1943559256242,0.8582625738570482,0.36353358882735287,0.5788169940939476
independent_symmetric,649,0.0006948844021199679,300.8170365207337,300.1943559256242,-0.2069964528310823,0.37026311675411094,0.5727035619460362
independent_symmetric,650,0.0063716228874516655,298.989983906004,300.1943559256242,0.4028135002672369,0.36643088053073125,0.5762032093487568
independent_symmetric,651,0.005147663409056581,303.74380676742385,300.1943559256242,-1.1685673132151908,0.3763389269857672,0.5671851887539981
independent_symmetric,652,-0.005760518558311454,300.56390552264503,300.1943559256242,-0.12295208780249384,0.3697088263245284,0.5731858888906086
independent_symmetric,653,-0.019195711864034643,301.20782077342665,300.1943559256242,-0.33646697658782543,0.3710644033665158,0.5719605431782363
independent_symmetric,654,0.04518634673823237,297.5016343816727,300.1943559256242,0.9051115129327132,0.36330480211419325,0.579085854096434
independent_symmetric,655,-0.006640641299644108,301.9612150888834,300.1943559256242,-0.5851278491971615,0.37263810654053475,0.5705334987880122
independent_symmetric,656,0.031990455526385776,296.23800386284825,300.1943559256242,1.3355315696117376,0.3605828367257802,0.5815559984618015
independent_symmetric,657,0.007232309574688983,299.6556162877645,300.1943559256242,0.17978626415678045,0.3678271160467207,0.5749232762118702
independent_symmetric,658,-0.020786730551448283,305.9971335225684,300.1943559256242,-1.8963503122215333,0.38089004495885337,0.5630085059791449
independent_symmetric,659,-0.03453494652441428,308.12776134727596,300.1943559256242,-2.5747129654800505,0.3851448878611249,0.5591154412591239
independent_symmetric,660,0.006830682057926467,293.2530465493,300.1943559256242,2.3670033297189614,0.35404778571435014,0.587475527600336
independent_symmetric,661,-0.012783998936790024,304.95452025280855,300.1943559256242,-1.5609423737146548,0.3787642442171748,0.5649333857610023
independent_symmetric,662,-0.00820553297595958,305.19982097096846,300.1943559256242,-1.6400615928999425,0.37928231663430967,0.5644793246572053
independent_symmetric,663,-0.0013466639671299227,302.43327111743207,300.1943559256242,-0.7403005573875825,0.3736198219878448,0.5696429741754289
independent_symmetric,664,-0.00756612296776454,304.4162925395292,300.1943559256242,-1.3868957468354766,0.3776972439975762,0.5659322213434942
independent_symmetric,665,-0.000716882116945778,300.40412526764925,300.1943559256242,-0.06982904839876274,0.36939466391741205,0.5734907545389717
independent_symmetric,666,-0.011470962235408022,301.95801381714335,300.1943559256242,-0.58407388140629,0.3726184437341862,0.5705395490146498
independent_symmetric,667,-0.017589663388313057,304.7011424925136,300.1943559256242,-1.479084236449858,0.37823799790765866,0.5654031612638242
independent_symmetric,668,0.01693419767052717,298.4698768060311,300.1943559256242,0.5777732540539853,0.3653341785727914,0.5772072885757917
independent_symmetric,669,-0.001974002448109307,304.6272110900414,300.1943559256242,-1.4551737346624967,0.37812074100352533,0.5655403802884927
independent_symmetric,670,-0.02812865884647935,306.844133204145,300.1943559256242,-2.167151514054419,0.3825719058823662,0.5614544022583025
independent_symmetric,671,0.033059126624303464,298.5469936537536,300.1943559256242,0.5517932877867792,0.36551980669002127,0.5770581898172294
independent_symmetric,672,0.014940509414357603,300.6600723085057,300.1943559256242,-0.15489798139993266,0.3699549136355865,0.5730025503465249
independent_symmetric,673,0.019501833928184418,298.45439518628694,300.1943559256242,0.5829904894686648,0.36530909458630423,0.57723722979498
independent_symmetric,674,-0.0028796647381913593,298.7903084865306,300.1943559256242,0.4699106360596449,0.36598928411096954,0.5765882751466962
independent_symmetric,675,0.02275055185613878,302.8172160110674,300.1943559256242,-0.8661528957941758,0.3744323660099541,0.5689207224387516
independent_symmetric,676,-0.006250701455332006,298.9688332398876,300.1943559256242,0.40991653626760555,0.3663694675609728,0.5762439732937522
independent_symmetric,677,0.00786482482178392,302.23866448152677,300.1943559256242,-0.6763888264955913,0.3732139012378872,0.5700097612788101
independent_symmetric,678,-0.01300949090627162,298.7637262289564,300.1943559256242,0.4788498639796314,0.3659214059004433,0.5766395777167752
independent_symmetric,679,-0.028897028684979748,307.116037006247,300.1943559256242,-2.2537673864559435,0.38312820394090674,0.560957319970832
independent_symmetric,680,-0.0012661334644138097,298.4395039932884,300.1943559256242,0.5880092644756922,0.3652449693228955,0.5772660333089298
independent_symmetric,681,0.030383709396752615,296.2306606947435,300.1943559256242,1.3380435440358356,0.3605636106395841,0.5815704144804765
independent_symmetric,682,-0.007649002907922013,303.5329343682814,300.1943559256242,-1.0999064894244535,0.3758935695338105,0.5675792272963951
independent_symmetric,683,0.006737369173228996,300.1482210332771,300.1943559256242,0.015370703243990109,0.36887023224621673,0.5739797088486678
independent_symmetric,684,0.010133168985211079,302.052797817104,300.1943559256242,-0.6152705437296113,0.37284393743696076,0.5703605131061343
independent_symmetric,685,0.020519214340009997,303.6132948518228,300.1943559256242,-1.1260834041760797,0.37608363395838684,0.5674290000512147
independent_symmetric,686,0.0007390593313933019,293.83429021974234,300.1943559256242,2.1645076553609655,0.3553202992783514,0.5863134203224774
independent_symmetric,687,0.004916164019471516,301.4836297152271,300.1943559256242,-0.42764305007893294,0.3716471453993043,0.5714372915798547
independent_symmetric,688,-0.0044078804439255945,301.193290461412,300.1943559256242,-0.3316589603498365,0.3710472388700037,0.5719881351287465
independent_symmetric,689,-0.055333813459512236,312.9204299053125,300.1943559256242,-4.066872202476238,0.3945098062085668,0.5505520683204672
independent_symmetric,690,-0.0035279542743220493,299.40968433384586,300.1943559256242,0.26207288302119286,0.3673021769965199,0.5753955119151029
independent_symmetric,691,-0.01285108061731384,303.75857507638807,300.1943559256242,-1.173372356605087,0.37632794662398517,0.5671576159980961
independent_symmetric,692,-0.008869187589649693,302.7833984516689,300.1943559256242,-0.855080740649644,0.37433533037007904,0.5689842635459805
independent_symmetric,693,-0.006776465684714406,301.42104201155024,300.1943559256242,-0.40696763495330673,0.3715205042896167,0.5715559445556003
independent_symmetric,694,0.04497064644935248,294.2943230205788,300.1943559256242,2.00480690367678,0.35637438644633146,0.5853969130222888
independent_symmetric,695,-0.007862921940044199,306.60926680057986,300.1943559256242,-2.0922103698607146,0.38213180712312034,0.5618844824725855
independent_symmetric,696,0.01179347304386866,299.8329218516989,300.1943559256242,0.12054515951522662,0.3682206780302799,0.5745832941084772
independent_symmetric,697,-0.020528862635659024,301.14826226050525,300.1943559256242,-0.31675638030275566,0.37091716573307,0.5720736617270514
independent_symmetric,698,-0.015265012853474392,299.4411710752042,300.1943559256242,0.2515301578989884,0.36735510681867267,0.5753350065656239
independent_symmetric,699,-0.02226837473029311,301.95956079960735,300.1943559256242,-0.5845832035616798,0.3726102288864197,0.5705366266920648
independent_symmetric,700,-0.012785825046192287,307.64766568258966,300.1943559256242,-2.4226771688413415,0.38420464245315633,0.5599879606057109
independent_symmetric,701,-0.01441525758547771,303.02049342660104,300.1943559256242,-0.932655566961306,0.3747976363469775,0.5685390698490161
independent_symmetric,702,0.01856980175852353,301.32379200269673,300.1943559256242,-0.37482472577618564,0.3713322134107403,0.571740411797125
independent_symmetric,703,0.025714677397176904,300.2335718573802,300.1943559256242,-0.013061807683049664,0.36906511846625056,0.5738165373306972
independent_symmetric,704,-0.0033420708409036895,301.0400679014721,300.1943559256242,-0.28093003756719176,0.37072445626114703,0.5722792637823497
independent_symmetric,705,-0.01381309940070656,308.2194871639784,300.1943559256242,-2.603706635227982,0.3853441338304109,0.5589490479267167
independent_symmetric,706,0.022807164476739538,300.4414053084831,300.1943559256242,-0.08222880684679337,0.3695039908908698,0.5734195936310013
independent_symmetric,707,-0.009737757828042724,301.98571631567694,300.1943559256242,-0.5931937483361434,0.37268571195194256,0.5704872097967901
independent_symmetric,708,-0.004084151879644917,299.7567089301563,300.1943559256242,0.14600073407193473,0.36803208359496165,0.5747293846827844
independent_symmetric,709,0.004756499808970225,298.1884905172026,300.1943559256242,0.6726837125546006,0.36473013850875347,0.5777519712091741
independent_symmetric,710,0.01990734896765208,299.8548268761064,300.1943559256242,0.11323114356871551,0.3682661517752247,0.5745413212851023
independent_symmetric,711,0.006413350275200303,300.4421338065343,300.1943559256242,-0.08247108279081036,0.3694758732162714,0.5734182042839774
independent_symmetric,712,0.007527318539849631,302.3101941391327,300.1943559256242,-0.6998898001218928,0.3733860334858172,0.569874889430408
independent_symmetric,713,0.011924524252636744,300.58044123746276,300.1943559256242,-0.1284465849637666,0.36977844166274476,0.5731543545020719
independent_symmetric,714,-0.013530668860254882,300.94311638512403,300.1943559256242,-0.2488046473678433,0.3705019526552582,0.5724636304717488
independent_symmetric,715,0.009254789884772293,303.78058704437757,300.1943559256242,-1.1805333427147056,0.37639243979697545,0.5671165186955077
independent_symmetric,716,0.006140184508636009,301.02949782950077,300.1943559256242,-0.27742859417370475,0.3707206220136149,0.5722993584403335
independent_symmetric,717,-0.0217645834241158,304.70292993247034,300.1943559256242,-1.47966217713933,0.3782531916787767,0.5653998438575439
independent_symmetric,718,0.011051234683855314,302.6001135246125,300.1943559256242,-0.7950286505072918,0.3739809082538337,0.5693288959516015
independent_symmetric,719,0.006872006953938817,296.287753688907,300.1943559256242,1.3185162694300998,0.3606619329215992,0.5814583493451613
independent_symmetric,720,0.019139963619982218,302.0740236423644,300.1943559256242,-0.6222540071719601,0.37290162765359725,0.5703204349229115
independent_symmetric,721,0.01495926407329178,296.3057230406972,300.1943559256242,1.3123718452083044,0.3607076126874603,0.5814230876325303
independent_symmetric,722,-0.016322778582315203,305.977142487782,300.1943559256242,-1.8899407044396026,0.38085101056763304,0.5630452898157903
independent_symmetric,723,-0.006939965867612846,305.80791332140797,300.1943559256242,-1.8356481801972941,0.38051220706297895,0.5633568718943227
independent_symmetric,724,-0.0070430740228709515,299.5738746013263,300.1943559256242,0.20712130693094633,0.36764574168073894,0.5750801486506806
independent_symmetric,725,-0.01899215392502873,301.9723172739263,300.1943559256242,-0.5887828938601859,0.37263757272216536,0.5705125245491277
independent_symmetric,726,0.0015155411839723933,300.2954330229686,300.1943559256242,-0.033659218965429887,0.369162626541896,0.5736983313974202
independent_symmetric,727,-0.014851971772932135,302.52019474930364,300.1943559256242,-0.7688210122986419,0.37377273203091865,0.5694793009840596
independent_symmetric,728,0.005728894704455941,300.2833562237394,300.1943559256242,-0.029638771603738685,0.36915231066868415,0.573721402831459
independent_symmetric,729,-0.028083242135069564,306.0754388842229,300.1943559256242,-1.9214488362861588,0.38103363046940775,0.562864466344236
independent_symmetric,730,-0.006913093923659834,308.2515486258155,300.1943559256242,-2.6138368926645117,0.38541720028606974,0.5588909111847914
independent_symmetric,731,0.014636170546682136,303.8574252141299,300.1943559256242,-1.2055223879832029,0.37655338771003943,0.5669731089303517
independent_symmetric,732,2.927080171152378e-05,298.24842841512793,300.1943559256242,0.6524518908068745,0.3648627397432834,0.5776358619216674
independent_symmetric,733,-0.0001914457087501565,302.39935013524985,300.1943559256242,-0.7291663188559857,0.37353825807870245,0.5697068746711815
independent_symmetric,734,-0.004644694672191686,303.30302950777775,300.1943559256242,-1.0249398389453974,0.3754138536002698,0.5680094548493803
independent_symmetric,735,-0.016466168106486125,299.48473570884846,300.1943559256242,0.236947040087424,0.36744726030922015,0.5752513148738692
independent_symmetric,736,0.013961173531914617,302.04863701033054,300.1943559256242,-0.6139014905215069,0.3728280085796932,0.570368370272247
independent_symmetric,737,0.008149145018152336,297.4024115509445,300.1943559256242,0.938776642771589,0.3630487242163025,0.579279057712003
independent_symmetric,738,0.020685724162558483,299.5638859589667,300.1943559256242,0.21046260788054025,0.36765468031709514,0.5750993256097358
independent_symmetric,739,-0.05951062234740312,307.7850711367856,300.1943559256242,-2.4662389189720946,0.3844128621813505,0.5597379656773906
independent_symmetric,740,0.023995526951745647,300.8118738343232,300.1943559256242,-0.2052837545365909,0.3702723535758412,0.5727133916083836
independent_symmetric,741,-0.043507853642336176,303.7700543437062,300.1943559256242,-1.1771069488094374,0.3763155280295324,0.5671361847683307
independent_symmetric,742,0.010552320373498866,300.1442898754609,300.1943559256242,0.01668066055299042,0.36886163424936613,0.5739872263879454
independent_symmetric,743,-0.033966509362741155,308.2339823610716,300.1943559256242,-2.608286852041375,0.38534536947948317,0.5589227641240417
independent_symmetric,744,0.0134051902226513,305.14274102760874,300.1943559256242,-1.6216624014453593,0.37919141946371715,0.5645849143006192
independent_symmetric,745,-0.006778910819671642,304.28667925450594,300.1943559256242,-1.3448907257155651,0.37741830212836613,0.5661732873424683
independent_symmetric,746,-0.012175634687418184,303.29751467332466,300.1943559256242,-1.0231401833420166,0.3753917574143635,0.5680197837394443
independent_symmetric,747,-0.0053252204955117665,303.85024393974993,300.1943559256242,-1.2031874540310157,0.37653532674453893,0.5669865089254305
independent_symmetric,748,0.020611631305214272,298.5517387170943,300.1943559256242,0.5501951573246321,0.365525137228788,0.577049019362174
independent_symmetric,749,-0.019895496166710446,304.0522698259897,300.1943559256242,-1.2688324617913143,0.37693750558778016,0.566609776314161
independent_symmetric,750,-0.013492853684449855,304.69743952259904,300.1943559256242,-1.4778869176026765,0.3782458839517271,0.565410032073539
independent_symmetric,751,0.013917781932605351,298.5626468598766,300.1943559256242,0.5465215032453153,0.36551996179710566,0.5770279408433124
independent_symmetric,752,0.003641238445345097,302.01129913805767,300.1943559256242,-0.6016143162918116,0.3727500420077712,0.5704388844924229
independent_symmetric,753,-0.007594282190866351,301.6860085147331,300.1943559256242,-0.4944387697833924,0.37206560465575234,0.5710539561571654
independent_symmetric,754,0.003584735111653005,302.9770862424145,300.1943559256242,-0.918462300665133,0.3747540263298007,0.5686205198014973
independent_symmetric,755,0.0061343308669552345,302.7263151957979,300.1943559256242,-0.8363855876011462,0.374237957758905,0.5690915516541591
independent_symmetric,756,-0.015411670263542931,303.2112184098059,300.1943559256242,-0.9949706016827596,0.37520986848410287,0.5681814470574374
independent_symmetric,757,0.01655686449976616,301.7986286015986,300.1943559256242,-0.5315705652500303,0.3723327400782618,0.5708408580700481
independent_symmetric,758,-0.023610611607155774,304.43310161653613,300.1943559256242,-1.3923406056714014,0.37768544812560745,0.5659009766424303
independent_symmetric,759,0.004191862895604047,299.8362709122123,300.1943559256242,0.11942684996798784,0.3682164919153289,0.574576877731655
independent_symmetric,760,0.000697223177874403,297.728704898844,300.1943559256242,0.8281536130746778,0.3637504508298506,0.5786441995405963
independent_symmetric,761,0.022512892365210226,298.7182945831452,300.1943559256242,0.4941315511119968,0.3658703006284676,0.5767272759048417
independent_symmetric,762,-0.020709193729308392,307.2010008055592,300.1943559256242,-2.2808014497224214,0.38330970538244624,0.5608021740307563
independent_symmetric,763,-0.023092316058078103,303.71377728586305,300.1943559256242,-1.158795426302395,0.3762293157401758,0.567241270464404
independent_symmetric,764,0.024962236121862786,296.0459007018863,300.1943559256242,1.4012878455342495,0.3601664650942399,0.5819333669723306
independent_symmetric,765,0.030475203707862802,298.4675688984505,300.1943559256242,0.5785509740796091,0.36535163091305156,0.5772117514949557
independent_symmetric,766,0.015906943482372437,297.12478091994456,300.1943559256242,1.0330928965856652,0.3624605952230401,0.5798203296004827
independent_symmetric,767,0.01072780033508385,300.18402864554577,300.1943559256242,0.003440316303653507,0.3689340992447062,0.5739112415711598
independent_symmetric,768,0.0030698027092188906,299.19410928237966,300.1943559256242,0.3343136152124346,0.36685135394610835,0.5758100953391274
independent_symmetric,769,-0.015420215789966283,304.35786404781226,300.1943559256242,-1.3679646935404894,0.37755037155811655,0.5660408668504713
independent_symmetric,770,-0.03656096016739229,306.1111371401702,300.1943559256242,-1.9328866207950541,0.3810852256889008,0.5627988290089394
independent_symmetric,771,0.01607547909682436,304.0818044258364,300.1943559256242,-1.278421938975413,0.37702230250505264,0.5665547440848503
independent_symmetric,772,-0.0007726858276807114,299.565244461155,300.1943559256242,0.21000816219547283,0.367631355784116,0.5750967165790642
independent_symmetric,773,-0.022743804382096288,305.18643653639236,300.1943559256242,-1.6357478620033148,0.3792425981637696,0.5645040804667175
independent_symmetric,774,0.01152235530615525,299.8982998337428,300.1943559256242,0.09871882969845665,0.368357236646099,0.5744580347472239
independent_symmetric,775,-0.03650839637270762,303.9476932818569,300.1943559256242,-1.2348629185851874,0.3766891393798517,0.5668047268058016
independent_symmetric,776,-0.016773317056186815,301.6395139190178,300.1943559256242,-0.47910102181824216,0.3719539563935148,0.571141978922407
independent_symmetric,777,0.011446825454497435,300.3613160906161,300.1943559256242,-0.055586440745763556,0.369322129914295,0.5735724912708909
independent_symmetric,778,-0.02205111846320087,303.66495329239973,300.1943559256242,-1.1429034958254338,0.3761176131048404,0.5673324745614696
independent_symmetric,779,0.012838040618349908,303.44289458139235,300.1943559256242,-1.0705601329863321,0.3757155431324408,0.567747644252142
independent_symmetric,780,0.012742685843309653,297.1032798705708,300.1943559256242,1.0404045544027631,0.36240960141464296,0.579862291309567
independent_symmetric,781,-0.0023769015042719305,297.41223823506175,300.1943559256242,0.9354415632229657,0.3630426586285065,0.5792599168988019
independent_symmetric,782,-0.0010627180761831453,302.4630417688344,300.1943559256242,-0.7500704317270172,0.3736822226849654,0.5695869088428784
independent_symmetric,783,0.014566505251642659,296.76392490052314,300.1943559256242,1.155946103034924,0.36168944265045566,0.5805253738850757
independent_symmetric,784,-0.002624962898099785,299.0163931879531,300.1943559256242,0.39394587203474485,0.3664731412992681,0.5761523200459214
independent_symmetric,785,0.0030381064031505755,301.03352968653314,300.1943559256242,-0.27876421665810913,0.3707098693026156,0.57229169386103
independent_symmetric,786,0.0307782300023574,295.5473870488711,300.1943559256242,1.5723261583039212,0.35907439597778923,0.5829149440422917
independent_symmetric,787,0.026799716735632806,296.05375647273047,300.1943559256242,1.3985971676988815,0.360153642417813,0.5819179288880596
independent_symmetric,788,-0.001753969536022806,305.35840549483873,300.1943559256242,-1.6911437433156877,0.3796102966591304,0.5641861689551187
independent_symmetric,789,-0.02135444915566273,301.3549835553732,300.1943559256242,-0.3851363651119905,0.3713618454390992,0.5716812335854524
independent_symmetric,790,-0.03147000320575854,301.909658830467,300.1943559256242,-0.5681510526981722,0.37250153815989606,0.570630927445493
independent_symmetric,791,0.042446363270060995,296.19285430430074,300.1943559256242,1.350978446364694,0.36049752734328855,0.5816446449237842
independent_symmetric,792,0.012606156867274695,300.72357543937164,300.1943559256242,-0.17598205028461958,0.3700655728956105,0.5728815533190434
independent_symmetric,793,-0.0053638424413085,300.873417635616,300.1943559256242,-0.22569681141263284,0.37037552770273074,0.5725962443536762
independent_symmetric,794,-0.010191359294449436,302.4549616486487,300.1943559256242,-0.7474189580829343,0.3736569943301645,0.5696021234320771
independent_symmetric,795,0.014453844793661129,298.2803298024802,300.1943559256242,0.6416870077927985,0.3649344521452236,0.577574083650337
independent_symmetric,796,0.012174026279289603,298.38960239424404,300.1943559256242,0.6048312397278759,0.3651628639419233,0.5773625718784428
independent_symmetric,797,-0.00521363125493753,298.8421290514075,300.1943559256242,0.45248870315206685,0.36610009396919285,0.5764882916342235
independent_symmetric,798,-0.007843412058635972,306.0597518178736,300.1943559256242,-1.916421828551852,0.3810142426978903,0.5628933181922641
independent_symmetric,799,0.005344972027397191,301.28249504894245,300.1943559256242,-0.36116904938053684,0.3712410216497942,0.5718187798908332
independent_symmetric,800,-0.018103641846974623,305.14032027243303,300.1943559256242,-1.6208819412632816,0.3791306341883044,0.5645893961242601
independent_symmetric,801,0.014357959617973046,301.77055074041476,300.1943559256242,-0.5223156503917423,0.37226244434287137,0.5708939738358747
independent_symmetric,802,0.0034813525446202014,303.1747574671547,300.1943559256242,-0.98306388250458,0.3751562993685761,0.5682497781249829
independent_symmetric,803,-0.003018340425837198,300.61142287053923,300.1943559256242,-0.13873955318544903,0.36983331221970916,0.5730952832327684
independent_symmetric,804,-0.01615424163586059,305.48482289004227,300.1943559256242,-1.7318264502856568,0.3798450367660562,0.5639526954118611
independent_symmetric,805,-0.006994313754829007,301.9209970207624,300.1943559256242,-0.571885066681679,0.37255246987181523,0.5706094988006398
independent_symmetric,806,-0.018747608192716432,304.02844281725226,300.1943559256242,-1.2610948028743005,0.37685874608839254,0.5666541839504338
independent_symmetric,807,-0.010261352591850735,303.5139630252432,300.1943559256242,-1.0937246730038817,0.3758363227568515,0.5676147057849265
independent_symmetric,808,-0.017267472062880585,301.77528776841154,300.1943559256242,-0.5238771718115505,0.37223487107263376,0.5708850120014393
independent_symmetric,809,-0.003154492133686662,297.3017900704896,300.1943559256242,0.9729392663424018,0.36282120027524845,0.5794751122980912
independent_symmetric,810,0.01844075034483127,300.7726551950381,300.1943559256242,-0.192271225267765,0.37019781238143257,0.5727880688464775
independent_symmetric,811,-0.006286970856351837,299.1006478946292,300.1943559256242,0.3656655506076697,0.36663984278300643,0.5759900227453988
independent_symmetric,812,-0.018365957521608557,307.32456314580685,300.1943559256242,-2.3200902483020127,0.3835582958608611,0.5605766983658169
independent_symmetric,813,0.018337906822399535,295.5671972575246,300.1943559256242,1.5655183359430933,0.35911270987392896,0.5828758730699523
independent_symmetric,814,0.008975401106534284,296.9704522774653,300.1943559256242,1.0855974469630916,0.36211260839656534,0.5801216486851699
independent_symmetric,815,-0.010527453282927252,299.35973079161226,300.1943559256242,0.27880340879680643,0.36718338005504103,0.57549152731305
independent_symmetric,816,0.02907692403429545,302.75002508525716,300.1943559256242,-0.844151593022409,0.37429771495068787,0.5690469836629601
independent_symmetric,817,0.020763224314595683,297.22907795718373,300.1943559256242,0.9976406039477879,0.3627064833682543,0.5796168705475735
independent_symmetric,818,-0.014065352399712213,302.17428511936976,300.1943559256242,-0.6552275594739606,0.3730644918479822,0.570131203473384
independent_symmetric,819,0.02015487026792049,301.6155919461595,300.1943559256242,-0.47120774206824684,0.37195347437803417,0.5711872738535142
independent_symmetric,820,0.011614863625236763,301.29306477785315,300.1943559256242,-0.3646645013349427,0.3712735787226038,0.5717987186123021
independent_symmetric,821,-0.019051967561204166,297.64879162652454,300.1943559256242,0.85522413351294,0.36353756380490543,0.5787995572257385
independent_symmetric,822,-0.028262822509732943,299.99880686521533,300.1943559256242,0.06518327937775789,0.368508016381907,0.574265581426218
independent_symmetric,823,0.026667443351404255,305.82498240522534,300.1943559256242,-1.8411270509419684,0.38059577229913577,0.5633254249142974
independent_symmetric,824,-0.00526639298972936,301.74077764691225,300.1943559256242,-0.5125000781623232,0.3721880158145263,0.5709503035660172
independent_symmetric,825,0.001790858388569086,301.2893674005668,300.1943559256242,-0.36344179165364954,0.3712507552463503,0.5718057364198235
independent_symmetric,826,0.02172988863438487,298.66515218501,300.1943559256242,0.5120127773282811,0.3657213949925753,0.576829896847683
independent_symmetric,827,-0.03461207621852924,306.98453115928,300.1943559256242,-2.2118949147091236,0.3828501013654134,0.5611976239044857
independent_symmetric,828,-0.0016672434173771965,301.0973590871555,300.1943559256242,-0.2999040457441843,0.37083820640739884,0.5721703748431747
independent_symmetric,829,0.008327821314320936,295.10958300717436,300.1943559256242,1.7230117933263598,0.3581014024175452,0.5837797157969549
independent_symmetric,830,0.033858894245326183,296.2385208257871,300.1943559256242,1.3353547299689312,0.36056343658640144,0.5815549862063372
independent_symmetric,831,-0.02833976906292481,299.10927438615784,300.1943559256242,0.3627709443958994,0.3666180462363734,0.5759734100862615
independent_symmetric,832,-0.02950686249321698,313.89472923418094,300.1943559256242,-4.364639489800278,0.3964301348180136,0.5488432031867264
independent_symmetric,833,-0.01918899091008679,305.96743426973114,300.1943559256242,-1.8868277135067775,0.3808243955099271,0.5630631562653793
independent_symmetric,834,0.015265070266454699,300.2829550420902,300.1943559256242,-0.02950520999553185,0.3691610281883938,0.5737221699256834
independent_symmetric,835,-0.03060726234521539,307.1439142031016,300.1943559256242,-2.2626390939596837,0.38317197173723627,0.5609064053686987
independent_symmetric,836,-0.0030985248385731307,298.82846175749376,300.1943559256242,0.4570830235169907,0.3660747067477831,0.576514657197888
independent_symmetric,837,-0.017726939396870898,304.5938476675759,300.1943559256242,-1.4443797127357472,0.3780354147743983,0.565602326412046
independent_symmetric,838,0.021723191816061013,299.8852420505792,300.1943559256242,0.1030773881806642,0.3683261795412268,0.5744830504922119
independent_symmetric,839,0.02161796522619575,300.90559895081924,300.1943559256242,-0.23636749454810396,0.37047145175030516,0.5725350036993555
independent_symmetric,840,0.00014907748778605323,299.78606047544224,300.1943559256242,0.1361956088066436,0.36809312700939034,0.5746731127794599
independent_symmetric,841,0.027061936105679623,297.9369827549252,300.1943559256242,0.7576679973817989,0.36421049851309406,0.5782396895234317
independent_symmetric,842,0.023149340004373714,296.8814399239185,300.1943559256242,1.1159053939359522,0.3619577727089983,0.5802955829341689
independent_symmetric,843,-0.009586759736914505,297.63137253965317,300.1943559256242,0.861126756934734,0.36351956403405294,0.5788334309950288
independent_symmetric,844,-0.01230911404046117,301.54882469696724,300.1943559256242,-0.44917063520448347,0.37177574987501205,0.5713137454578997
independent_symmetric,845,0.00036003676111875704,296.70745639689676,300.1943559256242,1.1751978096779412,0.36154894174286967,0.5806358583168131
independent_symmetric,846,-0.008562943691064117,302.24207079591264,300.1943559256242,-0.6775082187916602,0.3732063303046871,0.5700033377399137
independent_symmetric,847,-2.976981126511652e-05,299.53323616064597,300.1943559256242,0.22071666351699284,0.36757160323487026,0.5751581721444162
independent_symmetric,848,0.02577271403994359,294.67677423075133,300.1943559256242,1.8724182485288976,0.35718855611189626,0.5846371459370383
independent_symmetric,849,0.0161957946722646,298.9406275427041,300.1943559256242,0.4193904298742557,0.36634221727439353,0.5762983437065456
independent_symmetric,850,-0.05453038587880019,306.87332209254646,300.1943559256242,-2.1764570870412787,0.38258745563812036,0.5614010001092634
independent_symmetric,851,0.009480565175979958,305.5361940135477,300.1943559256242,-1.7483487038810868,0.3799890818720182,0.5638578736226201
independent_symmetric,852,-0.008239800619981448,300.717849126647,300.1943559256242,-0.17408118691429372,0.3700495285376414,0.5728924621000595
independent_symmetric,853,-0.006107304864803188,303.08320434140165,300.1943559256242,-0.9531535810619678,0.3749622645603171,0.5684214314126996
independent_symmetric,854,-0.02735746881062658,304.85307987874194,300.1943559256242,-1.5281866120462895,0.378543015580577,0.5651213660569476
independent_symmetric,855,0.023871963150958603,295.46565961150696,300.1943559256242,1.6004216260985402,0.35890405594416164,0.5830761797784569
independent_symmetric,856,-0.008070979237317777,299.460466807871,300.1943559256242,0.24507045139419797,0.3674031737895761,0.5752979367019976
independent_symmetric,857,0.0057608139018330935,305.4680220887147,300.1943559256242,-1.7264216814023428,0.3798427934092813,0.5639837101746685
independent_symmetric,858,-0.00546989625467179,297.80451730275246,300.1943559256242,0.8024856857500986,0.36388494994439846,0.5784968953016094
independent_symmetric,859,-0.003034146611367873,300.0319449873778,300.1943559256242,0.05413121534550009,0.3686218989589467,0.5742021512622171
independent_symmetric,860,0.015124652738988076,295.8005430938688,300.1943559256242,1.4853971482943207,0.35961016412102786,0.582416064922789
independent_symmetric,861,0.0019011527239889577,300.1338597814462,300.1943559256242,0.020156387627206944,0.36882837292094417,0.5740071742610539
independent_symmetric,862,0.002973829886234731,296.6212717875417,300.1943559256242,1.2045947064247675,0.36137133675163,0.5808045639909298
independent_symmetric,863,0.0462144656003983,293.14595016001414,300.1943559256242,2.40440154870388,0.3538555363700773,0.5876901526207521
independent_symmetric,864,0.016355656262159474,299.4942953806692,300.1943559256242,0.233747539019138,0.36750256163168193,0.5752329550717268
independent_symmetric,865,-0.007118617909097504,300.53870113379804,300.1943559256242,-0.1145759953293069,0.3696729293157469,0.5732339565499766
independent_symmetric,866,0.014468934529976454,300.8615231351247,300.1943559256242,-0.22175225417602515,0.3703689720344234,0.5726188803302809
independent_symmetric,867,-0.038870762675618384,306.5334940831306,300.1943559256242,-2.0680083187866085,0.3819218559200992,0.5620233772926705
independent_symmetric,868,-0.019609352546471073,301.90596380680284,300.1943559256242,-0.5669341074275442,0.3725132141392994,0.5706379094512266
independent_symmetric,869,-0.02075868624683026,302.67193004312384,300.1943559256242,-0.8185675219854767,0.3740863306977912,0.5691938101991829
independent_symmetric,870,0.006321528482455543,299.31064114501066,300.1943559256242,0.2952500376307754,0.367092115058969,0.5755859130117138
independent_symmetric,871,-0.05917631053401897,313.5082142378552,300.1943559256242,-4.2467334849893,0.395639797261331,0.5495198592425672
independent_symmetric,872,0.001096620674271342,304.968831254159,300.1943559256242,-1.5655617358994176,0.3788203512863323,0.5649068733410925
independent_symmetric,873,-0.008609752247571309,306.2164268869019,300.1943559256242,-1.966606110096723,0.3813456350868305,0.5626053121756295
independent_symmetric,874,0.007737097341349323,299.9605288738699,300.1943559256242,0.07795260684202401,0.36848343847980536,0.5743388606289003
independent_symmetric,875,0.0020907517201176258,299.78816970495285,300.1943559256242,0.13549107727337448,0.3681036107975295,0.5746690706267505
independent_symmetric,876,-0.009539387074594792,301.00880934072956,300.1943559256242,-0.2705746110518001,0.370649038012443,0.5723386930984119
independent_symmetric,877,0.0019264517688693666,296.56411173124866,300.1943559256242,1.2241009787675696,0.3612440702669566,0.5809165090601492
independent_symmetric,878,-0.012691443269808282,302.03899078390185,300.1943559256242,-0.61072739433082,0.37279552513283454,0.5703865855812372
independent_symmetric,879,0.01026174532807972,299.8149305880578,300.1943559256242,0.12655318293262624,0.36816981865885423,0.574617775821801
independent_symmetric,880,0.037972603524560535,296.4569306948726,300.1943559256242,1.2606975394339353,0.3610519643569212,0.5811265322837414
independent_symmetric,881,0.0176796047822573,305.78778936158335,300.1943559256242,-1.8291879632070882,0.38050118035596725,0.5633939431945373
independent_symmetric,882,-0.012098753947569865,298.69113450764536,300.1943559256242,0.5032695129893074,0.36577282235059294,0.5767797194913342
independent_symmetric,883,-0.019048722822182382,314.5608467115792,300.1943559256242,-4.5671579715474255,0.39770964435055456,0.5476809683215664
independent_symmetric,884,0.01206124038179078,300.6645211160965,300.1943559256242,-0.15637534775536566,0.36995483832172105,0.5729940735386504
independent_symmetric,885,-0.002227448747945822,301.8987231581534,300.1943559256242,-0.5645493345251213,0.3725141205501751,0.5706515973091476
independent_symmetric,886,-0.015557606624612155,300.64532983752883,300.1943559256242,-0.15000196814908837,0.36987800923539127,0.573030649794552
independent_symmetric,887,-0.027664273697779518,306.93475836157836,300.1943559256242,-2.196037513618364,0.38276979701746505,0.5612886265850289
independent_symmetric,888,0.005357367990421756,300.28930910151706,300.1943559256242,-0.03162056490687115,0.36917028003476815,0.5737100290426652
independent_symmetric,889,0.0073148132141522305,300.4204119928931,300.1943559256242,-0.07524657388267575,0.3694449434462035,0.5734596641643387
independent_symmetric,890,-0.024418453341001376,300.06807614088757,300.1943559256242,0.04208371192321108,0.36865300765065034,0.5741330144042223
independent_symmetric,891,-0.015156739341638102,304.28694735154863,300.1943559256242,-1.344977647429668,0.37738771384612513,0.566172789906247
independent_symmetric,892,0.020498942258512592,306.10291127549095,300.1943559256242,-1.9302512757054646,0.3811359387729377,0.5628139508885427
independent_symmetric,893,0.011728214182454892,304.16341683753245,300.1943559256242,-1.3049106803098172,0.37719927715678414,0.5664027256880426
independent_symmetric,894,0.0020991010536664974,298.3554760171273,300.1943559256242,0.6163385814280772,0.36508319337501727,0.5774286118172093
independent_symmetric,895,0.018712302753452367,298.55794012234685,300.1943559256242,0.5481066095936963,0.3655247102554593,0.5770370346620083
independent_symmetric,896,0.012749493927663771,301.29110940593984,300.1943559256242,-0.364017870450309,0.37127518808238447,0.5718024286294716
independent_symmetric,897,-0.01208428326314663,302.25965893231546,300.1943559256242,-0.6832876785432085,0.3732573204502895,0.5699701680299558
independent_symmetric,898,-0.004092244332755333,300.7318988306074,300.1943559256242,-0.17874489107188601,0.3700865443058473,0.5728656956097101
independent_symmetric,899,0.03208359876509544,294.7397894289879,300.1943559256242,1.8506379838309965,0.3573387227810507,0.5845121485486159
independent_symmetric,900,-0.02116830993203193,300.0208121564384,300.1943559256242,0.05784391020691001,0.3685517218079414,0.5742234621162864
independent_symmetric,901,-0.0174429750081432,304.823426661508,300.1943559256242,-1.5186072758850442,0.37851184406347116,0.5651763399302
independent_symmetric,902,-0.0447490875700437,308.2222289422739,300.1943559256242,-2.6045730199923973,0.38529954277803236,0.5589440795573034
independent_symmetric,903,-0.006775293265631603,301.1419263928789,300.1943559256242,-0.3146590973249008,0.3709297062767958,0.5720856967498816
independent_symmetric,904,0.0009151092801620332,301.38131094932567,300.1943559256242,-0.39383829739230863,0.37144118732328146,0.5716312940770191
independent_symmetric,905,-0.02986055742655988,302.8220292307321,300.1943559256242,-0.8677285836116414,0.374373418312127,0.5689116800892638
independent_symmetric,906,-0.003535190336301014,299.02172956864007,300.1943559256242,0.3921542286160105,0.3664831155064585,0.5761420378594505
independent_symmetric,907,0.023402668238718977,297.64668543276514,300.1943559256242,0.8559378006023762,0.3635898924398755,0.5788036513791296
independent_symmetric,908,-0.03247703885735501,307.6938011053204,300.1943559256242,-2.4373078537026487,0.38427939103003805,0.5599039963004239
independent_symmetric,909,0.04202249899471622,298.8259968975864,300.1943559256242,0.45791164163899967,0.366126901647736,0.576519411959027
independent_symmetric,910,0.039001064166584755,299.3412927326842,300.1943559256242,0.28498012591326505,0.3672146167692302,0.5755269719293816
independent_symmetric,911,-0.007895292527471821,302.69351215061386,300.1943559256242,-0.8256391778050751,0.3741508971821712,0.5691532247197589
independent_symmetric,912,-0.015302868840057562,305.2745968764861,300.1943559256242,-1.664154503139788,0.37942326021968076,0.564341059165025
independent_symmetric,913,0.025813842706757757,299.28208734603425,300.1943559256242,0.3048189711852681,0.36707754274287285,0.5756408268652964
independent_symmetric,914,-0.05744461373801817,310.61205089976187,300.1943559256242,-3.3539249182252617,0.3900079212324137,0.5546436125367671
independent_symmetric,915,-0.017894404047688814,306.84417611775734,300.1943559256242,-2.1671651964419634,0.3825929993344216,0.5614543226516843
independent_symmetric,916,-0.030076889246111432,309.3541534151636,300.1943559256242,-2.9609421397509426,0.38757791250495366,0.5568989028400205
independent_symmetric,917,-0.0006862971838156503,299.33799060682986,300.1943559256242,0.286086412572725,0.36714168631628585,0.5755333259399145
independent_symmetric,918,0.0022544060262425134,306.8458085698558,300.1943559256242,-2.1676856774523423,0.3826192365645411,0.5614513349960764
independent_symmetric,919,0.014880368176724576,297.11369911913704,300.1943559256242,1.0368612472667906,0.3624412596794314,0.5798419549277581
independent_symmetric,920,-9.21315582706507e-05,299.19482451800167,300.1943559256242,0.3340737625501328,0.36685292270735526,0.5758087188311474
independent_symmetric,921,0.04518272194018591,295.5869941637329,300.1943559256242,1.558715996597322,0.359192201330484,0.5828368341839436
independent_symmetric,922,-0.0011711681820737476,299.91620242205767,300.1943559256242,0.0927437401915102,0.3683712419705236,0.5744237465246353
independent_symmetric,923,-0.007030951042980435,300.60433658267806,300.1943559256242,-0.13638547657514427,0.369808475106878,0.5731087934756935
independent_symmetric,924,0.00539995901012576,302.4920936276124,300.1943559256242,-0.7596025649572344,0.37376421955829875,0.5695322026344032
independent_symmetric,925,0.012073011207061606,299.92293751283694,300.1943559256242,0.09049605043151031,0.36839204014476556,0.574410848038409
independent_symmetric,926,-0.023416303485967887,299.9488113426565,300.1943559256242,0.08186216236984274,0.3684129014358063,0.574361298436124
independent_symmetric,927,-0.008030753514880659,305.35253330562375,300.1943559256242,-1.6892531803025095,0.3795792630760244,0.5641970213991274
independent_symmetric,928,0.007983873691266527,299.29932878180244,300.1943559256242,0.2990408122412724,0.3670865717915095,0.575607666825488
independent_symmetric,929,0.025984650402011877,298.9995502773162,300.1943559256242,0.3996011523093847,0.3664675215411518,0.57618477425188
independent_symmetric,930,0.025687600891645807,298.2555775620636,300.1943559256242,0.6500392647836375,0.36487833249700363,0.5776220169344382
independent_symmetric,931,-0.005176990333722105,301.39055773061773,300.1943559256242,-0.3968942537551789,0.37146180977759746,0.5716137549698252
independent_symmetric,932,0.022103577897055252,299.59158524777956,300.1943559256242,0.20119746599228874,0.3677031765905654,0.5750461542247992
independent_symmetric,933,-0.02477535514230192,303.1106778844999,300.1943559256242,-0.9621310536565659,0.37499369571016616,0.5683699098812063
independent_symmetric,934,-0.006005494792784938,304.53948145504137,300.1943559256242,-1.4267856202607376,0.37793634579228863,0.5657032972610907
independent_symmetric,935,-0.024639453787900164,302.20244963936057,300.1943559256242,-0.6644862462672765,0.3731174999347442,0.570078068130049
independent_symmetric,936,-0.0034238342317757194,306.8480147021938,300.1943559256242,-2.1683890583509737,0.3826235515411518,0.561447296704646
independent_symmetric,937,0.04611713396227247,295.99058901235315,300.1943559256242,1.4202366795843038,0.3600597056452406,0.5820421130548566
independent_symmetric,938,-0.032324694814772625,303.1691206005183,300.1943559256242,-0.9812228465094461,0.37508721142917645,0.5682603460956602
independent_symmetric,939,-0.01061071893258136,299.0858070652601,300.1943559256242,0.37064575923599075,0.36660923613142604,0.5760186023080487
independent_symmetric,940,-0.014521069290769318,304.52670893392104,300.1943559256242,-1.422651242468487,0.37787957421197305,0.565727027156023
independent_symmetric,941,0.013686691764673095,298.1742517433538,300.1943559256242,0.6774911550743727,0.3647036656637197,0.5777795626712338
independent_symmetric,942,-0.019549481537981084,307.02802505362274,300.1943559256242,-2.2257476745990896,0.3829381201489376,0.5611181257362013
independent_symmetric,943,-0.003340947555495895,299.1654627717542,300.1943559256242,0.34392110116500535,0.3667826248489534,0.5758652319801588
independent_symmetric,944,0.02382393494925801,298.59661009999814,300.1943559256242,0.5350850517328386,0.36560386189860616,0.5769623057552453
independent_symmetric,945,-0.03552824382196619,304.52376205340494,300.1943559256242,-1.4216973081468296,0.3778672418419552,0.5657324997232112
independent_symmetric,946,0.014961254955358196,298.3919745668567,300.1943559256242,0.6040314460145484,0.36516511773138416,0.5773579829028794
independent_symmetric,947,0.02146752820634785,301.5251671081267,300.1943559256242,-0.44135990214881754,0.37176781513449153,0.5713585704536068
independent_symmetric,948,0.004928473169438383,299.98185827007154,300.1943559256242,0.07083683552669084,0.36851519749097383,0.5742980247981596
independent_symmetric,949,-0.0030888026238459643,299.38803042154046,300.1943559256242,0.2693245628251894,0.36725421698676997,0.5754371286359664
independent_symmetric,950,0.001283732943654339,306.14503537556095,300.1943559256242,-1.943745206462937,0.3811979361451181,0.5627365100396331
independent_symmetric,951,-0.025850001047491248,301.91703134123117,300.1943559256242,-0.5705790786144653,0.37250737752002794,0.5706169956918368
independent_symmetric,952,0.016965292160762774,298.835092003603,300.1943559256242,0.45485418493114566,0.36612111092075605,0.5765018657611223
independent_symmetric,953,0.004783345387524732,306.592344505136,300.1943559256242,-2.0868063714502165,0.38210416548586723,0.5619154939834928
independent_symmetric,954,0.03258289745318154,298.18694037095355,300.1943559256242,0.6732070667392027,0.36475851207801435,0.5777549732593449
independent_symmetric,955,-0.022363498943995485,301.27853778613934,300.1943559256242,-0.35986030351910286,0.3711944755670987,0.5718262918216199
independent_symmetric,956,-0.01215581890884189,305.7103063100496,300.1943559256242,-1.804306322218369,0.3803079793125803,0.5635367392025905
independent_symmetric,957,-0.03425456609099626,304.9275639664832,300.1943559256242,-1.5522401383756979,0.37870353421906233,0.5649833250459568
independent_symmetric,958,0.036466944548898705,298.1657235529663,300.1943559256242,0.6803707510321999,0.36471973670443725,0.5777960854862667
independent_symmetric,959,-0.02031676348842859,304.5337836626442,300.1943559256242,-1.4249413266500262,0.3779059941239272,0.5657138813889014
independent_symmetric,960,-0.01713682761991531,304.51790233253547,300.1943559256242,-1.4198004037837841,0.3778872016031315,0.5657433853994671
independent_symmetric,961,-0.01144926683065274,302.202040235768,300.1943559256242,-0.6643516729991069,0.3731323065917671,0.5700788408072329
independent_symmetric,962,-0.0012937200048629427,300.67970815426406,300.1943559256242,-0.16141835164707213,0.36997996774945896,0.5729651318491636
independent_symmetric,963,0.03046080539326367,298.6432615602158,300.1943559256242,0.5193803326768363,0.3657166090733006,0.5768721774276183
independent_symmetric,964,0.03528254355413928,294.1406852076392,300.1943559256242,2.058086834778274,0.35603438949753263,0.5857026797139593
independent_symmetric,965,-0.004855476398349165,301.30898412851474,300.1943559256242,-0.3699286319372083,0.37129151786965864,0.571768508034632
independent_symmetric,966,0.0046729586399774335,299.85747438127964,300.1943559256242,0.11234722263958682,0.36825759339680153,0.5745362489089177
independent_symmetric,967,0.06401990438931411,295.40873882404486,300.1943559256242,1.6199984877325626,0.35882731765529374,0.583188526944482
independent_symmetric,968,0.020585359631688057,299.5220727349876,300.1943559256242,0.22445196926486452,0.3675636312590457,0.5751796085846669
independent_symmetric,969,-0.0024034910509778268,302.51797709495014,300.1943559256242,-0.7680935829465143,0.3737999968354915,0.5694834741500624
independent_symmetric,970,0.0017400624776555869,305.03754549021426,300.1943559256242,-1.5877355545877896,0.3789735737593294,0.5647796176046341
independent_symmetric,971,-0.004412711821138153,304.97504929055776,300.1943559256242,-1.5675686834232947,0.37883007482695297,0.564895355212738
independent_symmetric,972,0.019146906818255427,300.94616863813775,300.1943559256242,-0.24981634287476762,0.37054749570109735,0.5724578245742872
independent_symmetric,973,-0.030628917255530293,300.9042997504856,300.1943559256242,-0.23593674980719584,0.37039542505429934,0.5725374783997583
independent_symmetric,974,-0.015315152088551845,303.38438786496584,300.1943559256242,-1.0514819044549788,0.37555848015373705,0.5678571337393286
independent_symmetric,975,0.007486064075715446,300.3336751100932,300.1943559256242,-0.0463881329384499,0.36926543553891644,0.5736252798828184
independent_symmetric,976,-0.007723814696368255,304.2158267128996,300.1943559256242,-1.3219137316845202,0.3772834823890212,0.5663051468756221
independent_symmetric,977,0.02651841798581313,297.7576349601762,300.1943559256242,0.8183571735361034,0.3638340757166243,0.5785879777632537
independent_symmetric,978,0.007210127390677561,298.25631918327974,300.1943559256242,0.649788996139776,0.364856079381604,0.5776205834881419
independent_symmetric,979,-0.005091097885393209,301.18613140834816,300.1943559256242,-0.3292898906355315,0.37102585089570395,0.5720017316129524
independent_symmetric,980,-0.012343430845953492,301.32841192764715,300.1943559256242,-0.3763521649910769,0.3713063094383944,0.5717316463757613
independent_symmetric,981,-0.016565836921927844,302.44176108260336,300.1943559256242,-0.7430869166131217,0.3736167901222307,0.5696269859568699
independent_symmetric,982,-0.025578349883397414,300.53989295786516,300.1943559256242,-0.11497210198626913,0.3696333408020205,0.573231685414792
independent_symmetric,983,0.012280092359834087,297.48066893269896,300.1943559256242,0.9122229698694125,0.3632131333166633,0.5791266684608954
independent_symmetric,984,0.02573801532862237,295.1053243407847,300.1943559256242,1.724479758610778,0.35812069378867306,0.5837881383005932
independent_symmetric,985,0.005543757052368213,298.59520507911475,300.1943559256242,0.5355581132274942,0.3655946180348819,0.5769650183685281
independent_symmetric,986,-0.012290792327953708,303.3529703699684,300.1943559256242,-1.0412340582958248,0.3754953096274515,0.5679159465581788
independent_symmetric,987,-0.020001361335909403,307.60669787635794,300.1943559256242,-2.409681584278473,0.3841199644793799,0.5600625403701169
independent_symmetric,988,-0.0039473232142386815,300.10029373888,300.1943559256242,0.03134358369741183,0.36875862984604424,0.574071376156432
independent_symmetric,989,-0.017945278605851846,302.203703500796,300.1943559256242,-0.6648983953191298,0.3731212353144088,0.5700757042236835
independent_symmetric,990,0.003614236836847317,301.8648141503773,300.1943559256242,-0.5533795747128446,0.37243492762456887,0.5707156998772243
independent_symmetric,991,0.005017051502494804,302.7175523503094,300.1943559256242,-0.8335150720845219,0.37421467620952853,0.5691080264195861
independent_symmetric,992,0.01069899992427722,297.4994902805798,300.1943559256242,0.9058387436236762,0.3632712669099578,0.5790900278448963
independent_symmetric,993,0.020078571217565636,299.4987106713222,300.1943559256242,0.23226986611819747,0.367519768024268,0.575224474507078
independent_symmetric,994,0.021730183600089468,300.28049458327894,300.1943559256242,-0.0286860649321414,0.36916633828667655,0.573726869672134
independent_symmetric,995,0.0018522536660897915,300.51584058315547,300.1943559256242,-0.10697760787165089,0.36963245796492006,0.5732775618528803
independent_symmetric,996,-0.042360877328628595,304.05174334922776,300.1943559256242,-1.2686615051481624,0.3768970237787115,0.5666107599287578
independent_symmetric,997,-0.029296078176204388,308.5432524026188,300.1943559256242,-2.7059079762665132,0.38597973069995517,0.5583625231753494
independent_symmetric,998,-0.004396239374932986,301.7855888461006,300.1943559256242,-0.5272726661868058,0.3722878401607408,0.5708655247582212
independent_symmetric,999,-0.009651046530681289,299.6943052394092,300.1943559256242,0.16685358295867,0.36788660452368804,0.5748490569758462
