dap_name,chord_in,x,y
AQUILA,11.99,1.0,0.0
AQUILA,11.99,0.99746,0.00123
AQUILA,11.99,0.98829,0.00238
AQUILA,11.99,0.974,0.00453
AQUILA,11.99,0.94486,0.00884
AQUILA,11.99,0.9004,0.0157
AQUILA,11.99,0.86567,0.02142
AQUILA,11.99,0.83894,0.02575
AQUILA,11.99,0.82217,0.02951
AQUILA,11.99,0.80749,0.03199
AQUILA,11.99,0.7659,0.03831
AQUILA,11.99,0.69655,0.04901
AQUILA,11.99,0.62461,0.0608
AQUILA,11.99,0.54502,0.0719
AQUILA,11.99,0.49234,0.07805
AQUILA,11.99,0.39368,0.08685
AQUILA,11.99,0.31264,0.08876
AQUILA,11.99,0.23528,0.08634
AQUILA,11.99,0.14185,0.0743
AQUILA,11.99,0.07922,0.05817
AQUILA,11.99,0.04595,0.04561
AQUILA,11.99,0.02491,0.03337
AQUILA,11.99,0.01583,0.02617
AQUILA,11.99,0.00659,0.01576
AQUILA,11.99,0.00169,0.00753
AQUILA,11.99,0.0,-0.0
AQUILA,11.99,0.00106,-0.00259
AQUILA,11.99,0.00435,-0.00553
AQUILA,11.99,0.01274,-0.00714
AQUILA,11.99,0.05262,-0.00657
AQUILA,11.99,0.13491,-0.00665
AQUILA,11.99,0.24506,-0.00748
AQUILA,11.99,0.3854,-0.00767
AQUILA,11.99,0.53849,-0.00721
AQUILA,11.99,0.70417,-0.00651
AQUILA,11.99,0.79285,-0.00587
AQUILA,11.99,0.83603,-0.00546
AQUILA,11.99,0.88509,-0.00464
AQUILA,11.99,0.9419,-0.00375
AQUILA,11.99,0.978,-0.00237
AQUILA,11.99,0.9974,-0.00083
AQUILA,11.99,1.0,0.0
CLARK-Y,11.988,1.0,0.0
CLARK-Y,11.988,0.99331,0.00318
CLARK-Y,11.988,0.98501,0.00568
CLARK-Y,11.988,0.96357,0.01071
CLARK-Y,11.988,0.93418,0.01676
CLARK-Y,11.988,0.88972,0.0259
CLARK-Y,11.988,0.82686,0.03854
CLARK-Y,11.988,0.74751,0.0534
CLARK-Y,11.988,0.65555,0.06802
CLARK-Y,11.988,0.59641,0.07581
CLARK-Y,11.988,0.49368,0.08578
CLARK-Y,11.988,0.40164,0.09016
CLARK-Y,11.988,0.31229,0.09013
CLARK-Y,11.988,0.23278,0.08569
CLARK-Y,11.988,0.16999,0.07741
CLARK-Y,11.988,0.11136,0.06409
CLARK-Y,11.988,0.06646,0.04852
CLARK-Y,11.988,0.03795,0.03506
CLARK-Y,11.988,0.02528,0.02806
CLARK-Y,11.988,0.01684,0.02286
CLARK-Y,11.988,0.0067,0.01362
CLARK-Y,11.988,0.00382,0.00999
CLARK-Y,11.988,0.0,0.0
CLARK-Y,11.988,0.00066,-0.00621
CLARK-Y,11.988,0.00347,-0.01067
CLARK-Y,11.988,0.00625,-0.01289
CLARK-Y,11.988,0.01978,-0.01848
CLARK-Y,11.988,0.04312,-0.02394
CLARK-Y,11.988,0.08548,-0.02908
CLARK-Y,11.988,0.14826,-0.03144
CLARK-Y,11.988,0.24816,-0.02951
CLARK-Y,11.988,0.31864,-0.0269
CLARK-Y,11.988,0.37724,-0.02485
CLARK-Y,11.988,0.45718,-0.02187
CLARK-Y,11.988,0.54165,-0.01896
CLARK-Y,11.988,0.62167,-0.01618
CLARK-Y,11.988,0.70704,-0.01307
CLARK-Y,11.988,0.7806,-0.01024
CLARK-Y,11.988,0.84337,-0.00792
CLARK-Y,11.988,0.90607,-0.00552
CLARK-Y,11.988,0.94727,-0.00385
CLARK-Y,11.988,0.96663,-0.00314
CLARK-Y,11.988,0.98544,-0.00229
CLARK-Y,11.988,1.0,0.0
DAE51,11.986,1.0,0.0
DAE51,11.986,0.99975,0.00067
DAE51,11.986,0.9943,0.00208
DAE51,11.986,0.98966,0.00322
DAE51,11.986,0.97928,0.00553
DAE51,11.986,0.95178,0.01143
DAE51,11.986,0.92545,0.01685
DAE51,11.986,0.89329,0.02329
DAE51,11.986,0.84249,0.03356
DAE51,11.986,0.7909,0.04364
DAE51,11.986,0.73471,0.05409
DAE51,11.986,0.6616,0.06607
DAE51,11.986,0.59105,0.0752
DAE51,11.986,0.52542,0.08215
DAE51,11.986,0.45825,0.08683
DAE51,11.986,0.389,0.08866
DAE51,11.986,0.32284,0.08807
DAE51,11.986,0.25556,0.08444
DAE51,11.986,0.19912,0.07759
DAE51,11.986,0.14456,0.06774
DAE51,11.986,0.09622,0.05531
DAE51,11.986,0.05931,0.04165
DAE51,11.986,0.03216,0.02863
DAE51,11.986,0.01887,0.02138
DAE51,11.986,0.00891,0.01506
DAE51,11.986,0.00167,0.00694
DAE51,11.986,0.0,-0.0
DAE51,11.986,0.0013,-0.0046
DAE51,11.986,0.00375,-0.00769
DAE51,11.986,0.01053,-0.0107
DAE51,11.986,0.02248,-0.01238
DAE51,11.986,0.06617,-0.0151
DAE51,11.986,0.12056,-0.01619
DAE51,11.986,0.17815,-0.0147
DAE51,11.986,0.24055,-0.012
DAE51,11.986,0.2982,-0.00968
DAE51,11.986,0.36264,-0.007
DAE51,11.986,0.43373,-0.00442
DAE51,11.986,0.49162,-0.0025
DAE51,11.986,0.55527,-0.00064
DAE51,11.986,0.6149,0.00117
DAE51,11.986,0.66395,0.00211
DAE51,11.986,0.72358,0.00288
DAE51,11.986,0.78351,0.00383
DAE51,11.986,0.84305,0.00396
DAE51,11.986,0.89405,0.00375
DAE51,11.986,0.9391,0.00247
DAE51,11.986,0.97895,0.00027
DAE51,11.986,0.99236,-0.00056
DAE51,11.986,0.99603,-0.00073
DAE51,11.986,0.99935,-0.00034
DAE51,11.986,1.0,0.0
DF101,11.97,1.0,0.0
DF101,11.97,0.9939,0.00111
DF101,11.97,0.97698,0.00417
DF101,11.97,0.95507,0.0077
DF101,11.97,0.92393,0.01245
DF101,11.97,0.88698,0.01848
DF101,11.97,0.83138,0.0278
DF101,11.97,0.77287,0.03677
DF101,11.97,0.7138,0.04498
DF101,11.97,0.6451,0.05379
DF101,11.97,0.58169,0.06157
DF101,11.97,0.49163,0.0698
DF101,11.97,0.40111,0.07482
DF101,11.97,0.32064,0.07634
DF101,11.97,0.25879,0.0751
DF101,11.97,0.17826,0.07096
DF101,11.97,0.1325,0.06429
DF101,11.97,0.10424,0.05844
DF101,11.97,0.08069,0.05238
DF101,11.97,0.05829,0.04483
DF101,11.97,0.03522,0.03436
DF101,11.97,0.02415,0.02767
DF101,11.97,0.01375,0.02014
DF101,11.97,0.00652,0.01346
DF101,11.97,0.00326,0.0092
DF101,11.97,0.00062,0.00373
DF101,11.97,0.0,0.0
DF101,11.97,0.00235,-0.00593
DF101,11.97,0.00764,-0.00991
DF101,11.97,0.02123,-0.0157
DF101,11.97,0.03554,-0.02007
DF101,11.97,0.06937,-0.02811
DF101,11.97,0.11253,-0.03378
DF101,11.97,0.16135,-0.03677
DF101,11.97,0.22347,-0.038
DF101,11.97,0.29035,-0.03647
DF101,11.97,0.36835,-0.03394
DF101,11.97,0.42578,-0.03165
DF101,11.97,0.48012,-0.0294
DF101,11.97,0.53354,-0.02684
DF101,11.97,0.60846,-0.02337
DF101,11.97,0.67731,-0.02003
DF101,11.97,0.75184,-0.01683
DF101,11.97,0.81039,-0.01366
DF101,11.97,0.85031,-0.01199
DF101,11.97,0.89796,-0.00994
DF101,11.97,0.92453,-0.00885
DF101,11.97,0.94743,-0.00665
DF101,11.97,0.9711,-0.00402
DF101,11.97,0.98967,-0.00229
DF101,11.97,0.99933,-0.00083
DF101,11.97,1.0,0.0
DF102,11.981,1.0,0.0
DF102,11.981,0.99758,0.00023
DF102,11.981,0.98684,0.00242
DF102,11.981,0.95862,0.00673
DF102,11.981,0.92933,0.01107
DF102,11.981,0.9205,0.01242
DF102,11.981,0.90822,0.01428
DF102,11.981,0.84695,0.02491
DF102,11.981,0.7796,0.03587
DF102,11.981,0.71918,0.04438
DF102,11.981,0.64174,0.05446
DF102,11.981,0.55087,0.06519
DF102,11.981,0.46035,0.07269
DF102,11.981,0.38465,0.07591
DF102,11.981,0.30177,0.07723
DF102,11.981,0.23713,0.07552
DF102,11.981,0.18776,0.07312
DF102,11.981,0.13114,0.06848
DF102,11.981,0.08774,0.06029
DF102,11.981,0.04747,0.0462
DF102,11.981,0.02653,0.03504
DF102,11.981,0.01628,0.02758
DF102,11.981,0.0093,0.02087
DF102,11.981,0.00374,0.01266
DF102,11.981,0.00122,0.00638
DF102,11.981,0.0,0.0
DF102,11.981,0.00067,-0.00184
DF102,11.981,0.00507,-0.00659
DF102,11.981,0.01516,-0.01135
DF102,11.981,0.02851,-0.01607
DF102,11.981,0.04978,-0.02193
DF102,11.981,0.09129,-0.02959
DF102,11.981,0.1521,-0.03461
DF102,11.981,0.21567,-0.03645
DF102,11.981,0.29604,-0.03502
DF102,11.981,0.37094,-0.03256
DF102,11.981,0.47468,-0.02853
DF102,11.981,0.56072,-0.02472
DF102,11.981,0.629,-0.02171
DF102,11.981,0.69649,-0.01907
DF102,11.981,0.78261,-0.01512
DF102,11.981,0.85031,-0.0119
DF102,11.981,0.88932,-0.01043
DF102,11.981,0.91774,-0.00921
DF102,11.981,0.93667,-0.00739
DF102,11.981,0.95726,-0.00519
DF102,11.981,0.97224,-0.00346
DF102,11.981,0.9852,-0.00227
DF102,11.981,0.99197,-0.00153
DF102,11.981,0.99915,-0.00015
DF102,11.981,1.0,0.0
DF103,11.966,1.0,0.0
DF103,11.966,0.99839,0.00062
DF103,11.966,0.99344,0.00171
DF103,11.966,0.98725,0.0028
DF103,11.966,0.96137,0.00654
DF103,11.966,0.93023,0.01087
DF103,11.966,0.90275,0.01514
DF103,11.966,0.85245,0.02447
DF103,11.966,0.80273,0.03286
DF103,11.966,0.76033,0.03902
DF103,11.966,0.70203,0.04757
DF103,11.966,0.64366,0.05501
DF103,11.966,0.57978,0.06266
DF103,11.966,0.5202,0.06842
DF103,11.966,0.44983,0.07362
DF103,11.966,0.38151,0.07602
DF103,11.966,0.32115,0.07665
DF103,11.966,0.24545,0.07458
DF103,11.966,0.18323,0.068
DF103,11.966,0.1225,0.05787
DF103,11.966,0.07474,0.04478
DF103,11.966,0.03718,0.02933
DF103,11.966,0.01256,0.01611
DF103,11.966,0.00321,0.00764
DF103,11.966,0.0,0.0
DF103,11.966,0.00156,-0.00456
DF103,11.966,0.00531,-0.00817
DF103,11.966,0.01343,-0.01256
DF103,11.966,0.02464,-0.01705
DF103,11.966,0.04527,-0.02263
DF103,11.966,0.07923,-0.02935
DF103,11.966,0.13321,-0.035
DF103,11.966,0.17245,-0.03677
DF103,11.966,0.22188,-0.03747
DF103,11.966,0.28975,-0.0358
DF103,11.966,0.35733,-0.03383
DF103,11.966,0.41728,-0.03145
DF103,11.966,0.48896,-0.02828
DF103,11.966,0.55877,-0.02525
DF103,11.966,0.6351,-0.02182
DF103,11.966,0.7183,-0.01817
DF103,11.966,0.78521,-0.01512
DF103,11.966,0.85325,-0.01255
DF103,11.966,0.91451,-0.01044
DF103,11.966,0.95585,-0.00628
DF103,11.966,0.97433,-0.00387
DF103,11.966,0.98913,-0.00221
DF103,11.966,0.99488,-0.00152
DF103,11.966,1.0,0.0
E193,11.962,1.0,0.0
E193,11.962,0.99023,0.00405
E193,11.962,0.97498,0.00611
E193,11.962,0.93975,0.01077
E193,11.962,0.89354,0.01779
E193,11.962,0.83149,0.02758
E193,11.962,0.76683,0.03764
E193,11.962,0.69587,0.04856
E193,11.962,0.62046,0.05987
E193,11.962,0.53249,0.07139
E193,11.962,0.45255,0.07866
E193,11.962,0.3582,0.08223
E193,11.962,0.27865,0.08034
E193,11.962,0.2059,0.07308
E193,11.962,0.14176,0.06289
E193,11.962,0.09505,0.05207
E193,11.962,0.06074,0.04109
E193,11.962,0.03087,0.02759
E193,11.962,0.01476,0.01771
E193,11.962,0.00706,0.01178
E193,11.962,0.00393,0.0083
E193,11.962,0.0,0.0
E193,11.962,0.00019,-0.0018
E193,11.962,0.00203,-0.0071
E193,11.962,0.00456,-0.01003
E193,11.962,0.00985,-0.01329
E193,11.962,0.02631,-0.01865
E193,11.962,0.04653,-0.02292
E193,11.962,0.07208,-0.02609
E193,11.962,0.11861,-0.02836
E193,11.962,0.1713,-0.02823
E193,11.962,0.24998,-0.02677
E193,11.962,0.33658,-0.02493
E193,11.962,0.41345,-0.02258
E193,11.962,0.49857,-0.01992
E193,11.962,0.57412,-0.01772
E193,11.962,0.6545,-0.01572
E193,11.962,0.7189,-0.01389
E193,11.962,0.78023,-0.01202
E193,11.962,0.83702,-0.01017
E193,11.962,0.89421,-0.00805
E193,11.962,0.9481,-0.00549
E193,11.962,0.97647,-0.00358
E193,11.962,0.98762,-0.00276
E193,11.962,1.0,0.0
E193MOD,12.013,1.0,0.0
E193MOD,12.013,0.99907,0.00064
E193MOD,12.013,0.98843,0.00324
E193MOD,12.013,0.97482,0.00632
E193MOD,12.013,0.94788,0.01228
E193MOD,12.013,0.90833,0.02074
E193MOD,12.013,0.86791,0.02918
E193MOD,12.013,0.8073,0.04178
E193MOD,12.013,0.74614,0.05414
E193MOD,12.013,0.68386,0.06618
E193MOD,12.013,0.61843,0.07721
E193MOD,12.013,0.5391,0.08802
E193MOD,12.013,0.45924,0.09504
E193MOD,12.013,0.3671,0.09833
E193MOD,12.013,0.29461,0.09617
E193MOD,12.013,0.22483,0.08943
E193MOD,12.013,0.1604,0.07729
E193MOD,12.013,0.11756,0.06602
E193MOD,12.013,0.07718,0.05206
E193MOD,12.013,0.04951,0.0407
E193MOD,12.013,0.02619,0.02915
E193MOD,12.013,0.01556,0.02133
E193MOD,12.013,0.00687,0.01291
E193MOD,12.013,0.00149,0.00573
E193MOD,12.013,0.0,0.0
E193MOD,12.013,0.00084,-0.00407
E193MOD,12.013,0.00439,-0.00889
E193MOD,12.013,0.01121,-0.01345
E193MOD,12.013,0.02597,-0.01863
E193MOD,12.013,0.061,-0.02433
E193MOD,12.013,0.11235,-0.02792
E193MOD,12.013,0.19187,-0.0284
E193MOD,12.013,0.27519,-0.02613
E193MOD,12.013,0.36103,-0.02234
E193MOD,12.013,0.45198,-0.0173
E193MOD,12.013,0.54395,-0.01267
E193MOD,12.013,0.63667,-0.00873
E193MOD,12.013,0.7079,-0.00605
E193MOD,12.013,0.77809,-0.00424
E193MOD,12.013,0.84996,-0.00253
E193MOD,12.013,0.89347,-0.00139
E193MOD,12.013,0.94238,-0.00081
E193MOD,12.013,0.97287,-0.00049
E193MOD,12.013,0.99393,-0.00065
E193MOD,12.013,0.99859,-0.00069
E193MOD,12.013,1.0,0.0
E205A,11.976,1.0,0.0
E205A,11.976,0.99926,0.00143
E205A,11.976,0.99537,0.00217
E205A,11.976,0.99118,0.00289
E205A,11.976,0.98606,0.00419
E205A,11.976,0.96215,0.00749
E205A,11.976,0.9088,0.01469
E205A,11.976,0.86509,0.02076
E205A,11.976,0.78619,0.03254
E205A,11.976,0.71377,0.04265
E205A,11.976,0.64768,0.05142
E205A,11.976,0.59147,0.05923
E205A,11.976,0.52519,0.06792
E205A,11.976,0.46089,0.07496
E205A,11.976,0.40011,0.08003
E205A,11.976,0.33678,0.08233
E205A,11.976,0.26549,0.08061
E205A,11.976,0.20528,0.07572
E205A,11.976,0.15044,0.06819
E205A,11.976,0.10372,0.05801
E205A,11.976,0.06079,0.04462
E205A,11.976,0.03498,0.03315
E205A,11.976,0.01856,0.02293
E205A,11.976,0.00813,0.01411
E205A,11.976,0.00234,0.00719
E205A,11.976,0.0,0.0
E205A,11.976,0.0007,-0.00391
E205A,11.976,0.0023,-0.00675
E205A,11.976,0.00852,-0.01119
E205A,11.976,0.01952,-0.01539
E205A,11.976,0.04302,-0.02077
E205A,11.976,0.08976,-0.02546
E205A,11.976,0.13152,-0.02659
E205A,11.976,0.19372,-0.02653
E205A,11.976,0.26049,-0.02537
E205A,11.976,0.3269,-0.0236
E205A,11.976,0.40729,-0.0215
E205A,11.976,0.4988,-0.01879
E205A,11.976,0.57345,-0.01676
E205A,11.976,0.64824,-0.0148
E205A,11.976,0.7125,-0.01289
E205A,11.976,0.77621,-0.01119
E205A,11.976,0.85231,-0.00929
E205A,11.976,0.92416,-0.0068
E205A,11.976,0.97037,-0.0043
E205A,11.976,0.98277,-0.00303
E205A,11.976,0.98881,-0.00223
E205A,11.976,0.99352,-0.0015
E205A,11.976,0.99758,-0.00083
E205A,11.976,1.0,0.0
E205B,11.987,1.0,0.0
E205B,11.987,0.99974,0.00085
E205B,11.987,0.99392,0.00159
E205B,11.987,0.98578,0.00307
E205B,11.987,0.9729,0.00499
E205B,11.987,0.94617,0.00876
E205B,11.987,0.91866,0.01274
E205B,11.987,0.8802,0.01864
E205B,11.987,0.83393,0.02611
E205B,11.987,0.79263,0.03228
E205B,11.987,0.73829,0.04008
E205B,11.987,0.68535,0.04742
E205B,11.987,0.63333,0.0544
E205B,11.987,0.58021,0.06127
E205B,11.987,0.53232,0.06738
E205B,11.987,0.48264,0.07291
E205B,11.987,0.44197,0.07676
E205B,11.987,0.38814,0.08039
E205B,11.987,0.32774,0.08186
E205B,11.987,0.26612,0.08023
E205B,11.987,0.21066,0.07548
E205B,11.987,0.14521,0.06478
E205B,11.987,0.09684,0.053
E205B,11.987,0.0623,0.04164
E205B,11.987,0.04043,0.03241
E205B,11.987,0.02021,0.0221
E205B,11.987,0.01003,0.01499
E205B,11.987,0.00152,0.00614
E205B,11.987,0.0,-0.0
E205B,11.987,0.00089,-0.00334
E205B,11.987,0.0031,-0.00596
E205B,11.987,0.00816,-0.00968
E205B,11.987,0.01807,-0.01343
E205B,11.987,0.03718,-0.0168
E205B,11.987,0.07273,-0.02114
E205B,11.987,0.13766,-0.02413
E205B,11.987,0.20297,-0.02449
E205B,11.987,0.26877,-0.02305
E205B,11.987,0.34581,-0.02057
E205B,11.987,0.42989,-0.01762
E205B,11.987,0.49449,-0.01526
E205B,11.987,0.56883,-0.01258
E205B,11.987,0.63816,-0.01012
E205B,11.987,0.69937,-0.00831
E205B,11.987,0.75692,-0.00681
E205B,11.987,0.82133,-0.00505
E205B,11.987,0.87969,-0.00361
E205B,11.987,0.92076,-0.00233
E205B,11.987,0.96116,-0.00099
E205B,11.987,0.98546,-0.00048
E205B,11.987,0.98991,-0.00068
E205B,11.987,0.99485,-0.00044
E205B,11.987,0.99873,-0.00063
E205B,11.987,1.0,0.0
E214A,11.964,1.0,0.0
E214A,11.964,0.98921,0.00291
E214A,11.964,0.97156,0.00721
E214A,11.964,0.94593,0.01344
E214A,11.964,0.9111,0.02168
E214A,11.964,0.86106,0.03257
E214A,11.964,0.80668,0.04368
E214A,11.964,0.7515,0.05474
E214A,11.964,0.6856,0.06613
E214A,11.964,0.61533,0.07584
E214A,11.964,0.53834,0.08344
E214A,11.964,0.49264,0.08723
E214A,11.964,0.44143,0.08968
E214A,11.964,0.38189,0.09096
E214A,11.964,0.30797,0.08894
E214A,11.964,0.24597,0.08367
E214A,11.964,0.19136,0.07663
E214A,11.964,0.13199,0.06536
E214A,11.964,0.08756,0.05249
E214A,11.964,0.05881,0.04195
E214A,11.964,0.03272,0.02927
E214A,11.964,0.01429,0.01748
E214A,11.964,0.00723,0.01156
E214A,11.964,0.00246,0.00572
E214A,11.964,0.0,0.0
E214A,11.964,0.00033,-0.0041
E214A,11.964,0.00063,-0.00507
E214A,11.964,0.00418,-0.00905
E214A,11.964,0.01395,-0.01253
E214A,11.964,0.03006,-0.01639
E214A,11.964,0.06052,-0.02078
E214A,11.964,0.09479,-0.02275
E214A,11.964,0.15454,-0.0237
E214A,11.964,0.22884,-0.02353
E214A,11.964,0.31157,-0.02165
E214A,11.964,0.38703,-0.01842
E214A,11.964,0.47023,-0.0131
E214A,11.964,0.54246,-0.00767
E214A,11.964,0.60567,-0.00311
E214A,11.964,0.65865,0.00037
E214A,11.964,0.71106,0.0025
E214A,11.964,0.78073,0.0053
E214A,11.964,0.85444,0.00629
E214A,11.964,0.91581,0.00511
E214A,11.964,0.95562,0.00337
E214A,11.964,0.97958,0.00146
E214A,11.964,0.99116,-0.00013
E214A,11.964,1.0,0.0
E214C,12.057,1.0,0.0
E214C,12.057,0.99655,0.00141
E214C,12.057,0.99284,0.00303
E214C,12.057,0.98588,0.00572
E214C,12.057,0.95318,0.01654
E214C,12.057,0.90743,0.02863
E214C,12.057,0.85807,0.04006
E214C,12.057,0.82377,0.04717
E214C,12.057,0.81466,0.04885
E214C,12.057,0.80921,0.04985
E214C,12.057,0.8016,0.05061
E214C,12.057,0.76784,0.05523
E214C,12.057,0.75295,0.05802
E214C,12.057,0.74722,0.05912
E214C,12.057,0.74147,0.05939
E214C,12.057,0.73699,0.06017
E214C,12.057,0.7093,0.06458
E214C,12.057,0.59339,0.07982
E214C,12.057,0.49886,0.08847
E214C,12.057,0.37788,0.09241
E214C,12.057,0.28427,0.08863
E214C,12.057,0.21392,0.08093
E214C,12.057,0.14102,0.06849
E214C,12.057,0.06897,0.04741
E214C,12.057,0.02548,0.02647
E214C,12.057,0.00783,0.01291
E214C,12.057,0.00197,0.0062
E214C,12.057,0.0,0.0
E214C,12.057,0.00048,-0.00258
E214C,12.057,0.00407,-0.00709
E214C,12.057,0.01143,-0.01086
E214C,12.057,0.02611,-0.01491
E214C,12.057,0.0715,-0.01977
E214C,12.057,0.13117,-0.02223
E214C,12.057,0.20579,-0.0226
E214C,12.057,0.32076,-0.02002
E214C,12.057,0.44292,-0.01278
E214C,12.057,0.55176,-0.0043
E214C,12.057,0.64112,0.00192
E214C,12.057,0.69869,0.00535
E214C,12.057,0.76251,0.00846
E214C,12.057,0.77662,0.01014
E214C,12.057,0.79801,0.01166
E214C,12.057,0.8151,0.0111
E214C,12.057,0.84045,0.0111
E214C,12.057,0.8789,0.01069
E214C,12.057,0.92625,0.00763
E214C,12.057,0.96317,0.00317
E214C,12.057,0.98393,0.00053
E214C,12.057,0.99173,-0.00042
E214C,12.057,0.99848,-0.00106
E214C,12.057,1.0,0.0
E374A,12.06,1.0,0.0
E374A,12.06,0.99956,0.00082
E374A,12.06,0.99459,0.0015
E374A,12.06,0.98587,0.00275
E374A,12.06,0.97104,0.00474
E374A,12.06,0.93069,0.01135
E374A,12.06,0.87735,0.02077
E374A,12.06,0.82139,0.02989
E374A,12.06,0.74877,0.04103
E374A,12.06,0.67132,0.0523
E374A,12.06,0.59367,0.06283
E374A,12.06,0.51772,0.07109
E374A,12.06,0.43932,0.07641
E374A,12.06,0.36181,0.07807
E374A,12.06,0.26789,0.0744
E374A,12.06,0.19237,0.06652
E374A,12.06,0.12583,0.05501
E374A,12.06,0.07677,0.04263
E374A,12.06,0.0459,0.03197
E374A,12.06,0.02563,0.02254
E374A,12.06,0.01233,0.01442
E374A,12.06,0.00357,0.00694
E374A,12.06,0.0,0.0
E374A,12.06,0.00058,-0.00284
E374A,12.06,0.00305,-0.00617
E374A,12.06,0.01036,-0.0104
E374A,12.06,0.02689,-0.01573
E374A,12.06,0.05618,-0.02161
E374A,12.06,0.10183,-0.02669
E374A,12.06,0.15093,-0.02928
E374A,12.06,0.23526,-0.03114
E374A,12.06,0.33725,-0.03114
E374A,12.06,0.41827,-0.03024
E374A,12.06,0.50423,-0.02782
E374A,12.06,0.59964,-0.02386
E374A,12.06,0.6781,-0.0195
E374A,12.06,0.77048,-0.01312
E374A,12.06,0.86019,-0.007
E374A,12.06,0.89877,-0.00448
E374A,12.06,0.95261,-0.00171
E374A,12.06,0.98133,-0.00108
E374A,12.06,0.99182,-0.00106
E374A,12.06,0.9957,-0.00097
E374A,12.06,0.99768,-0.00086
E374A,12.06,1.0,0.0
E374B,12.006,1.0,0.0
E374B,12.006,0.99993,0.00129
E374B,12.006,0.9943,0.00219
E374B,12.006,0.98514,0.00343
E374B,12.006,0.95128,0.00869
E374B,12.006,0.89135,0.01837
E374B,12.006,0.8311,0.02791
E374B,12.006,0.76815,0.03752
E374B,12.006,0.7059,0.04674
E374B,12.006,0.63671,0.05655
E374B,12.006,0.56544,0.06553
E374B,12.006,0.49001,0.07283
E374B,12.006,0.41722,0.07679
E374B,12.006,0.32904,0.07653
E374B,12.006,0.25364,0.07226
E374B,12.006,0.19283,0.06574
E374B,12.006,0.14024,0.05709
E374B,12.006,0.09328,0.04642
E374B,12.006,0.05724,0.03532
E374B,12.006,0.02726,0.02246
E374B,12.006,0.00983,0.01222
E374B,12.006,0.00219,0.00528
E374B,12.006,0.0,0.0
E374B,12.006,0.0009,-0.00379
E374B,12.006,0.00454,-0.00782
E374B,12.006,0.00927,-0.01061
E374B,12.006,0.02052,-0.01485
E374B,12.006,0.04315,-0.02037
E374B,12.006,0.08539,-0.02657
E374B,12.006,0.13467,-0.03042
E374B,12.006,0.1935,-0.0326
E374B,12.006,0.25247,-0.03349
E374B,12.006,0.30895,-0.03356
E374B,12.006,0.37453,-0.03294
E374B,12.006,0.4591,-0.03128
E374B,12.006,0.53883,-0.02915
E374B,12.006,0.61172,-0.02648
E374B,12.006,0.69039,-0.02253
E374B,12.006,0.7496,-0.01882
E374B,12.006,0.81443,-0.01408
E374B,12.006,0.87169,-0.00935
E374B,12.006,0.9203,-0.00541
E374B,12.006,0.96395,-0.00203
E374B,12.006,0.98292,-0.00105
E374B,12.006,0.99096,-0.00098
E374B,12.006,0.99772,-0.00096
E374B,12.006,1.0,0.0
E387A,12.004,1.0,0.0
E387A,12.004,0.99924,6e-05
E387A,12.004,0.99533,0.00083
E387A,12.004,0.99099,0.00146
E387A,12.004,0.98425,0.00252
E387A,12.004,0.95748,0.0065
E387A,12.004,0.91799,0.01244
E387A,12.004,0.86352,0.02039
E387A,12.004,0.81249,0.0281
E387A,12.004,0.76066,0.0357
E387A,12.004,0.70352,0.04423
E387A,12.004,0.65172,0.05179
E387A,12.004,0.58767,0.06062
E387A,12.004,0.51616,0.06899
E387A,12.004,0.42894,0.07624
E387A,12.004,0.35996,0.0784
E387A,12.004,0.28899,0.07685
E387A,12.004,0.22957,0.07237
E387A,12.004,0.17031,0.06483
E387A,12.004,0.11571,0.05454
E387A,12.004,0.07836,0.04485
E387A,12.004,0.05443,0.03663
E387A,12.004,0.03539,0.02851
E387A,12.004,0.01771,0.01825
E387A,12.004,0.00888,0.01173
E387A,12.004,0.00339,0.00657
E387A,12.004,0.0,0.0
E387A,12.004,0.00013,-0.00191
E387A,12.004,0.00069,-0.00344
E387A,12.004,0.00192,-0.00504
E387A,12.004,0.0054,-0.00717
E387A,12.004,0.01115,-0.00909
E387A,12.004,0.01982,-0.01116
E387A,12.004,0.03719,-0.01407
E387A,12.004,0.08786,-0.01734
E387A,12.004,0.14326,-0.01736
E387A,12.004,0.24611,-0.01467
E387A,12.004,0.32673,-0.0118
E387A,12.004,0.45261,-0.0068
E387A,12.004,0.55808,-0.00313
E387A,12.004,0.66477,-0.00022
E387A,12.004,0.71808,0.00098
E387A,12.004,0.80195,0.00237
E387A,12.004,0.8635,0.00256
E387A,12.004,0.92373,0.002
E387A,12.004,0.95595,0.00125
E387A,12.004,0.97517,0.00074
E387A,12.004,0.98369,0.0005
E387A,12.004,0.99004,0.00034
E387A,12.004,0.99546,0.00023
E387A,12.004,0.99789,0.00017
E387A,12.004,1.0,0.0
E387B,11.905,1.0,0.0
E387B,11.905,0.99939,0.00097
E387B,11.905,0.99336,0.00137
E387B,11.905,0.98178,0.00244
E387B,11.905,0.95621,0.0054
E387B,11.905,0.91962,0.00938
E387B,11.905,0.87744,0.01463
E387B,11.905,0.82622,0.02133
E387B,11.905,0.75981,0.0317
E387B,11.905,0.70153,0.04153
E387B,11.905,0.64244,0.04991
E387B,11.905,0.56611,0.06005
E387B,11.905,0.47124,0.06943
E387B,11.905,0.37851,0.07326
E387B,11.905,0.29601,0.07379
E387B,11.905,0.21432,0.06883
E387B,11.905,0.1455,0.059
E387B,11.905,0.08724,0.04501
E387B,11.905,0.05087,0.03312
E387B,11.905,0.02446,0.02177
E387B,11.905,0.01131,0.01339
E387B,11.905,0.00234,0.00503
E387B,11.905,0.0,0.0
E387B,11.905,0.00033,-0.00174
E387B,11.905,0.0038,-0.00669
E387B,11.905,0.00999,-0.01023
E387B,11.905,0.02603,-0.01471
E387B,11.905,0.05012,-0.01874
E387B,11.905,0.09227,-0.02218
E387B,11.905,0.1584,-0.02327
E387B,11.905,0.22554,-0.02082
E387B,11.905,0.29099,-0.01859
E387B,11.905,0.37263,-0.01471
E387B,11.905,0.42928,-0.01243
E387B,11.905,0.50854,-0.00893
E387B,11.905,0.56905,-0.0073
E387B,11.905,0.63885,-0.00583
E387B,11.905,0.71691,-0.00548
E387B,11.905,0.75201,-0.00489
E387B,11.905,0.80627,-0.00381
E387B,11.905,0.85747,-0.00376
E387B,11.905,0.90475,-0.0038
E387B,11.905,0.94168,-0.00295
E387B,11.905,0.97236,-0.0017
E387B,11.905,0.98821,-0.00091
E387B,11.905,0.997,-0.00066
E387B,11.905,1.0,0.0
FX60-100,11.893,1.0,0.0
FX60-100,11.893,0.99688,0.00165
FX60-100,11.893,0.9895,0.00376
FX60-100,11.893,0.97472,0.00688
FX60-100,11.893,0.93436,0.01377
FX60-100,11.893,0.87379,0.02331
FX60-100,11.893,0.82271,0.03192
FX60-100,11.893,0.74795,0.04377
FX60-100,11.893,0.67207,0.05472
FX60-100,11.893,0.57258,0.06558
FX60-100,11.893,0.49431,0.07207
FX60-100,11.893,0.42133,0.07508
FX60-100,11.893,0.34272,0.07591
FX60-100,11.893,0.25878,0.07372
FX60-100,11.893,0.19079,0.0685
FX60-100,11.893,0.11598,0.05724
FX60-100,11.893,0.06298,0.04375
FX60-100,11.893,0.04045,0.03461
FX60-100,11.893,0.02559,0.02633
FX60-100,11.893,0.01154,0.01627
FX60-100,11.893,0.00387,0.009
FX60-100,11.893,0.0,0.0
FX60-100,11.893,0.00047,-0.00153
FX60-100,11.893,0.00454,-0.00463
FX60-100,11.893,0.01074,-0.00661
FX60-100,11.893,0.0252,-0.01134
FX60-100,11.893,0.04846,-0.01755
FX60-100,11.893,0.07737,-0.02247
FX60-100,11.893,0.12022,-0.02616
FX60-100,11.893,0.17811,-0.02773
FX60-100,11.893,0.24832,-0.02641
FX60-100,11.893,0.35046,-0.02044
FX60-100,11.893,0.42369,-0.01382
FX60-100,11.893,0.50757,-0.00549
FX60-100,11.893,0.57619,0.00036
FX60-100,11.893,0.65564,0.00596
FX60-100,11.893,0.74044,0.00933
FX60-100,11.893,0.80264,0.0105
FX60-100,11.893,0.85934,0.00954
FX60-100,11.893,0.92032,0.00634
FX60-100,11.893,0.95073,0.0032
FX60-100,11.893,0.97458,0.00085
FX60-100,11.893,0.98818,-0.00027
FX60-100,11.893,0.99654,-0.00092
FX60-100,11.893,1.0,0.0
FX63-137,11.958,1.0,0.0
FX63-137,11.958,0.99813,0.00273
FX63-137,11.958,0.99524,0.00403
FX63-137,11.958,0.99004,0.00599
FX63-137,11.958,0.97848,0.00989
FX63-137,11.958,0.94758,0.01889
FX63-137,11.958,0.90432,0.03103
FX63-137,11.958,0.83405,0.05027
FX63-137,11.958,0.76242,0.06743
FX63-137,11.958,0.68583,0.08408
FX63-137,11.958,0.60394,0.09972
FX63-137,11.958,0.53476,0.10971
FX63-137,11.958,0.45272,0.1176
FX63-137,11.958,0.37524,0.12111
FX63-137,11.958,0.28888,0.11925
FX63-137,11.958,0.21585,0.11169
FX63-137,11.958,0.14628,0.09767
FX63-137,11.958,0.1,0.08367
FX63-137,11.958,0.06262,0.06835
FX63-137,11.958,0.03783,0.05437
FX63-137,11.958,0.01623,0.03577
FX63-137,11.958,0.00468,0.01975
FX63-137,11.958,0.00118,0.01032
FX63-137,11.958,0.0,-0.0
FX63-137,11.958,0.0016,-0.00614
FX63-137,11.958,0.00333,-0.00861
FX63-137,11.958,0.00675,-0.01148
FX63-137,11.958,0.0114,-0.01432
FX63-137,11.958,0.01857,-0.01727
FX63-137,11.958,0.03606,-0.02178
FX63-137,11.958,0.0699,-0.02781
FX63-137,11.958,0.11115,-0.03047
FX63-137,11.958,0.15725,-0.02833
FX63-137,11.958,0.20042,-0.02754
FX63-137,11.958,0.28516,-0.02414
FX63-137,11.958,0.36884,-0.01684
FX63-137,11.958,0.45637,-0.00716
FX63-137,11.958,0.53717,0.00236
FX63-137,11.958,0.63054,0.01208
FX63-137,11.958,0.70945,0.01889
FX63-137,11.958,0.79234,0.02205
FX63-137,11.958,0.86207,0.02006
FX63-137,11.958,0.91819,0.01416
FX63-137,11.958,0.95596,0.00762
FX63-137,11.958,0.97732,0.00321
FX63-137,11.958,0.99003,0.00034
FX63-137,11.958,0.99535,-0.00083
FX63-137,11.958,0.99817,-0.00141
FX63-137,11.958,1.0,0.0
FX63-2,11.952,1.0,0.0
FX63-2,11.952,0.9984,0.00244
FX63-2,11.952,0.99093,0.00525
FX63-2,11.952,0.97998,0.00914
FX63-2,11.952,0.9616,0.01489
FX63-2,11.952,0.92836,0.02478
FX63-2,11.952,0.88226,0.03794
FX63-2,11.952,0.83638,0.05017
FX63-2,11.952,0.79653,0.06001
FX63-2,11.952,0.74843,0.07127
FX63-2,11.952,0.70056,0.08163
FX63-2,11.952,0.63881,0.09386
FX63-2,11.952,0.56897,0.1053
FX63-2,11.952,0.49999,0.11363
FX63-2,11.952,0.43566,0.11855
FX63-2,11.952,0.36648,0.12072
FX63-2,11.952,0.29955,0.11902
FX63-2,11.952,0.23771,0.11343
FX63-2,11.952,0.17228,0.10221
FX63-2,11.952,0.12362,0.08959
FX63-2,11.952,0.08139,0.07484
FX63-2,11.952,0.04291,0.05552
FX63-2,11.952,0.0178,0.03516
FX63-2,11.952,0.00364,0.01477
FX63-2,11.952,0.0,0.0
FX63-2,11.952,0.00106,-0.00654
FX63-2,11.952,0.00438,-0.01147
FX63-2,11.952,0.01227,-0.01669
FX63-2,11.952,0.02323,-0.02029
FX63-2,11.952,0.04263,-0.02406
FX63-2,11.952,0.07505,-0.02797
FX63-2,11.952,0.12658,-0.02927
FX63-2,11.952,0.1891,-0.02901
FX63-2,11.952,0.25427,-0.02696
FX63-2,11.952,0.31387,-0.0233
FX63-2,11.952,0.37828,-0.01728
FX63-2,11.952,0.42888,-0.01159
FX63-2,11.952,0.48085,-0.00562
FX63-2,11.952,0.53463,-0.00015
FX63-2,11.952,0.59311,0.00682
FX63-2,11.952,0.65128,0.01304
FX63-2,11.952,0.69668,0.01722
FX63-2,11.952,0.7479,0.02021
FX63-2,11.952,0.78942,0.02129
FX63-2,11.952,0.8251,0.02089
FX63-2,11.952,0.86695,0.0192
FX63-2,11.952,0.90673,0.01549
FX63-2,11.952,0.95148,0.00796
FX63-2,11.952,0.97197,0.00378
FX63-2,11.952,0.98807,0.00018
FX63-2,11.952,0.99601,-0.00142
FX63-2,11.952,1.0,0.0
HQ2/9A,11.951,1.0,0.0
HQ2/9A,11.951,0.99158,0.00215
HQ2/9A,11.951,0.98204,0.00376
HQ2/9A,11.951,0.96502,0.00638
HQ2/9A,11.951,0.92908,0.01202
HQ2/9A,11.951,0.88623,0.01833
HQ2/9A,11.951,0.84235,0.02457
HQ2/9A,11.951,0.77859,0.0331
HQ2/9A,11.951,0.7441,0.03727
HQ2/9A,11.951,0.69008,0.04352
HQ2/9A,11.951,0.65019,0.04776
HQ2/9A,11.951,0.60357,0.05209
HQ2/9A,11.951,0.53121,0.05743
HQ2/9A,11.951,0.46829,0.06063
HQ2/9A,11.951,0.40805,0.06243
HQ2/9A,11.951,0.34245,0.06269
HQ2/9A,11.951,0.28758,0.06153
HQ2/9A,11.951,0.23277,0.0588
HQ2/9A,11.951,0.17088,0.05353
HQ2/9A,11.951,0.12035,0.04675
HQ2/9A,11.951,0.09294,0.04171
HQ2/9A,11.951,0.07273,0.03726
HQ2/9A,11.951,0.04864,0.03059
HQ2/9A,11.951,0.03793,0.02692
HQ2/9A,11.951,0.02898,0.02335
HQ2/9A,11.951,0.0214,0.01977
HQ2/9A,11.951,0.01261,0.01459
HQ2/9A,11.951,0.00679,0.00997
HQ2/9A,11.951,0.00124,0.00369
HQ2/9A,11.951,0.00031,0.00171
HQ2/9A,11.951,0.0,0.0
HQ2/9A,11.951,0.00044,-0.00295
HQ2/9A,11.951,0.00233,-0.00624
HQ2/9A,11.951,0.00723,-0.0111
HQ2/9A,11.951,0.0107,-0.01357
HQ2/9A,11.951,0.01479,-0.01578
HQ2/9A,11.951,0.02728,-0.0199
HQ2/9A,11.951,0.04396,-0.02258
HQ2/9A,11.951,0.07704,-0.02577
HQ2/9A,11.951,0.11918,-0.02841
HQ2/9A,11.951,0.17539,-0.03054
HQ2/9A,11.951,0.23448,-0.03127
HQ2/9A,11.951,0.28428,-0.03103
HQ2/9A,11.951,0.34963,-0.02992
HQ2/9A,11.951,0.40448,-0.02811
HQ2/9A,11.951,0.46945,-0.02512
HQ2/9A,11.951,0.53267,-0.02127
HQ2/9A,11.951,0.59521,-0.01704
HQ2/9A,11.951,0.6495,-0.01323
HQ2/9A,11.951,0.7006,-0.00953
HQ2/9A,11.951,0.74808,-0.00638
HQ2/9A,11.951,0.7913,-0.00336
HQ2/9A,11.951,0.84243,-0.00082
HQ2/9A,11.951,0.88326,0.0008
HQ2/9A,11.951,0.91782,0.00095
HQ2/9A,11.951,0.94303,0.00044
HQ2/9A,11.951,0.96638,0.00021
HQ2/9A,11.951,0.9766,0.00013
HQ2/9A,11.951,0.99028,-0.00017
HQ2/9A,11.951,1.0,0.0
HQ2/9B,11.924,1.0,0.0
HQ2/9B,11.924,0.99873,0.00098
HQ2/9B,11.924,0.9932,0.0019
HQ2/9B,11.924,0.98771,0.00286
HQ2/9B,11.924,0.97217,0.00549
HQ2/9B,11.924,0.93095,0.01197
HQ2/9B,11.924,0.87289,0.02068
HQ2/9B,11.924,0.8178,0.02849
HQ2/9B,11.924,0.76178,0.0359
HQ2/9B,11.924,0.70325,0.04303
HQ2/9B,11.924,0.65407,0.04844
HQ2/9B,11.924,0.58573,0.05474
HQ2/9B,11.924,0.52797,0.05897
HQ2/9B,11.924,0.45504,0.06271
HQ2/9B,11.924,0.36556,0.06416
HQ2/9B,11.924,0.29318,0.06305
HQ2/9B,11.924,0.19551,0.05717
HQ2/9B,11.924,0.12338,0.04821
HQ2/9B,11.924,0.07332,0.03797
HQ2/9B,11.924,0.03082,0.02427
HQ2/9B,11.924,0.01061,0.0134
HQ2/9B,11.924,0.00286,0.00665
HQ2/9B,11.924,0.0,0.0
HQ2/9B,11.924,0.00068,-0.00387
HQ2/9B,11.924,0.00415,-0.00779
HQ2/9B,11.924,0.01004,-0.01185
HQ2/9B,11.924,0.0177,-0.01519
HQ2/9B,11.924,0.03004,-0.01822
HQ2/9B,11.924,0.0565,-0.02158
HQ2/9B,11.924,0.09563,-0.02464
HQ2/9B,11.924,0.14394,-0.02729
HQ2/9B,11.924,0.20474,-0.02874
HQ2/9B,11.924,0.26557,-0.02877
HQ2/9B,11.924,0.32895,-0.02788
HQ2/9B,11.924,0.40631,-0.02552
HQ2/9B,11.924,0.4934,-0.0214
HQ2/9B,11.924,0.57808,-0.01613
HQ2/9B,11.924,0.67584,-0.00976
HQ2/9B,11.924,0.76389,-0.00426
HQ2/9B,11.924,0.84803,0.00018
HQ2/9B,11.924,0.90593,0.00103
HQ2/9B,11.924,0.95164,6e-05
HQ2/9B,11.924,0.97221,-0.00018
HQ2/9B,11.924,0.98737,-0.00035
HQ2/9B,11.924,0.99542,-0.00072
HQ2/9B,11.924,1.0,0.0
J5012,12.017,1.0,0.0
J5012,12.017,0.99839,0.00255
J5012,12.017,0.99141,0.00405
J5012,12.017,0.97999,0.00577
J5012,12.017,0.95851,0.00843
J5012,12.017,0.9133,0.01337
J5012,12.017,0.85319,0.02234
J5012,12.017,0.78393,0.03074
J5012,12.017,0.71117,0.03835
J5012,12.017,0.64248,0.04476
J5012,12.017,0.57332,0.04992
J5012,12.017,0.50773,0.05482
J5012,12.017,0.41197,0.05797
J5012,12.017,0.32424,0.05887
J5012,12.017,0.23778,0.05673
J5012,12.017,0.13255,0.04791
J5012,12.017,0.05972,0.03376
J5012,12.017,0.03509,0.02643
J5012,12.017,0.01716,0.0191
J5012,12.017,0.00787,0.01354
J5012,12.017,0.00209,0.00698
J5012,12.017,0.0,0.0
J5012,12.017,0.00229,-0.00837
J5012,12.017,0.00952,-0.01533
J5012,12.017,0.03772,-0.02874
J5012,12.017,0.08438,-0.03944
J5012,12.017,0.12578,-0.04588
J5012,12.017,0.19537,-0.05295
J5012,12.017,0.2678,-0.05766
J5012,12.017,0.34668,-0.05852
J5012,12.017,0.41617,-0.05729
J5012,12.017,0.49443,-0.05444
J5012,12.017,0.56234,-0.04989
J5012,12.017,0.64288,-0.04321
J5012,12.017,0.71886,-0.03546
J5012,12.017,0.79724,-0.02655
J5012,12.017,0.86129,-0.01815
J5012,12.017,0.92077,-0.01093
J5012,12.017,0.95825,-0.00747
J5012,12.017,0.98225,-0.00531
J5012,12.017,0.99224,-0.00375
J5012,12.017,0.99856,-0.00236
J5012,12.017,1.0,0.0
MB253515,12.022,1.0,0.0
MB253515,12.022,0.9971,0.00083
MB253515,12.022,0.99302,0.00166
MB253515,12.022,0.98163,0.00402
MB253515,12.022,0.95193,0.01
MB253515,12.022,0.88089,0.0243
MB253515,12.022,0.79569,0.04146
MB253515,12.022,0.70484,0.05945
MB253515,12.022,0.62803,0.07353
MB253515,12.022,0.54312,0.08641
MB253515,12.022,0.4657,0.09456
MB253515,12.022,0.37864,0.09873
MB253515,12.022,0.31208,0.09826
MB253515,12.022,0.24036,0.09369
MB253515,12.022,0.18302,0.08585
MB253515,12.022,0.1294,0.07307
MB253515,12.022,0.08764,0.05829
MB253515,12.022,0.05744,0.04435
MB253515,12.022,0.03642,0.03266
MB253515,12.022,0.01695,0.01982
MB253515,12.022,0.00565,0.01039
MB253515,12.022,0.0,0.0
MB253515,12.022,0.00137,-0.00627
MB253515,12.022,0.00473,-0.01046
MB253515,12.022,0.01929,-0.01795
MB253515,12.022,0.05222,-0.0272
MB253515,12.022,0.10483,-0.03726
MB253515,12.022,0.16957,-0.04517
MB253515,12.022,0.23425,-0.04944
MB253515,12.022,0.32312,-0.05123
MB253515,12.022,0.41644,-0.05061
MB253515,12.022,0.50314,-0.04751
MB253515,12.022,0.59102,-0.04204
MB253515,12.022,0.6753,-0.03477
MB253515,12.022,0.77219,-0.02482
MB253515,12.022,0.84769,-0.01665
MB253515,12.022,0.90082,-0.01083
MB253515,12.022,0.94663,-0.00586
MB253515,12.022,0.9799,-0.00226
MB253515,12.022,0.99127,-0.00103
MB253515,12.022,0.998,-0.00026
MB253515,12.022,1.0,0.0
MILEY,12.017,1.0,0.0
MILEY,12.017,0.99875,0.0011
MILEY,12.017,0.99113,0.00249
MILEY,12.017,0.98068,0.00416
MILEY,12.017,0.95248,0.00743
MILEY,12.017,0.91306,0.01267
MILEY,12.017,0.86592,0.01884
MILEY,12.017,0.81308,0.02712
MILEY,12.017,0.74939,0.03782
MILEY,12.017,0.69189,0.04962
MILEY,12.017,0.64657,0.05965
MILEY,12.017,0.59104,0.07291
MILEY,12.017,0.53817,0.08761
MILEY,12.017,0.49316,0.10041
MILEY,12.017,0.47429,0.10527
MILEY,12.017,0.45124,0.10986
MILEY,12.017,0.40392,0.11643
MILEY,12.017,0.34297,0.11964
MILEY,12.017,0.28317,0.11754
MILEY,12.017,0.22462,0.11054
MILEY,12.017,0.16643,0.09933
MILEY,12.017,0.1115,0.0838
MILEY,12.017,0.06272,0.06139
MILEY,12.017,0.03292,0.04183
MILEY,12.017,0.01325,0.02401
MILEY,12.017,0.00342,0.01037
MILEY,12.017,0.0,-0.0
MILEY,12.017,0.00078,-0.00284
MILEY,12.017,0.00722,-0.00669
MILEY,12.017,0.01678,-0.0088
MILEY,12.017,0.0329,-0.01102
MILEY,12.017,0.06064,-0.01306
MILEY,12.017,0.11702,-0.0141
MILEY,12.017,0.18367,-0.0146
MILEY,12.017,0.25128,-0.01439
MILEY,12.017,0.33028,-0.0136
MILEY,12.017,0.43053,-0.01263
MILEY,12.017,0.53876,-0.01121
MILEY,12.017,0.6308,-0.00961
MILEY,12.017,0.71853,-0.00741
MILEY,12.017,0.79608,-0.00539
MILEY,12.017,0.84383,-0.0038
MILEY,12.017,0.89026,-0.00218
MILEY,12.017,0.93888,-0.00112
MILEY,12.017,0.9709,-0.00067
MILEY,12.017,0.98601,-0.00046
MILEY,12.017,0.99294,-9e-05
MILEY,12.017,1.0,0.0
NACA0009,12.042,1.0,0.0
NACA0009,12.042,0.99283,0.00039
NACA0009,12.042,0.98609,0.00092
NACA0009,12.042,0.96059,0.00291
NACA0009,12.042,0.92431,0.0064
NACA0009,12.042,0.87143,0.01241
NACA0009,12.042,0.81876,0.01786
NACA0009,12.042,0.75627,0.02377
NACA0009,12.042,0.69948,0.02841
NACA0009,12.042,0.63384,0.03274
NACA0009,12.042,0.58017,0.03631
NACA0009,12.042,0.52537,0.03956
NACA0009,12.042,0.47998,0.04165
NACA0009,12.042,0.43278,0.0438
NACA0009,12.042,0.35732,0.04624
NACA0009,12.042,0.29023,0.04694
NACA0009,12.042,0.23516,0.04622
NACA0009,12.042,0.16732,0.04324
NACA0009,12.042,0.10575,0.03826
NACA0009,12.042,0.05991,0.03049
NACA0009,12.042,0.02791,0.02112
NACA0009,12.042,0.01445,0.01572
NACA0009,12.042,0.00504,0.00989
NACA0009,12.042,0.0,0.0
NACA0009,12.042,0.00132,-0.00515
NACA0009,12.042,0.00405,-0.00856
NACA0009,12.042,0.01283,-0.01362
NACA0009,12.042,0.02821,-0.01822
NACA0009,12.042,0.04999,-0.02301
NACA0009,12.042,0.07483,-0.0279
NACA0009,12.042,0.10934,-0.03344
NACA0009,12.042,0.14977,-0.03767
NACA0009,12.042,0.19806,-0.04057
NACA0009,12.042,0.2415,-0.0423
NACA0009,12.042,0.30241,-0.04303
NACA0009,12.042,0.36697,-0.04212
NACA0009,12.042,0.44282,-0.03948
NACA0009,12.042,0.51078,-0.03621
NACA0009,12.042,0.58407,-0.03209
NACA0009,12.042,0.65205,-0.02796
NACA0009,12.042,0.70766,-0.02446
NACA0009,12.042,0.77221,-0.02037
NACA0009,12.042,0.82859,-0.01621
NACA0009,12.042,0.87338,-0.01252
NACA0009,12.042,0.91345,-0.00896
NACA0009,12.042,0.94522,-0.00649
NACA0009,12.042,0.96977,-0.00429
NACA0009,12.042,0.98336,-0.00276
NACA0009,12.042,0.99146,-0.00166
NACA0009,12.042,0.99831,-0.00023
NACA0009,12.042,1.0,0.0
NACA2.5411,11.96,1.0,0.0
NACA2.5411,11.96,0.9978,0.00256
NACA2.5411,11.96,0.98445,0.00417
NACA2.5411,11.96,0.9676,0.00668
NACA2.5411,11.96,0.94313,0.01013
NACA2.5411,11.96,0.92315,0.01291
NACA2.5411,11.96,0.91076,0.01539
NACA2.5411,11.96,0.89857,0.01767
NACA2.5411,11.96,0.85609,0.02545
NACA2.5411,11.96,0.80729,0.03379
NACA2.5411,11.96,0.75693,0.0413
NACA2.5411,11.96,0.69964,0.0491
NACA2.5411,11.96,0.64221,0.05612
NACA2.5411,11.96,0.56708,0.06439
NACA2.5411,11.96,0.50514,0.0698
NACA2.5411,11.96,0.42977,0.07462
NACA2.5411,11.96,0.33796,0.07599
NACA2.5411,11.96,0.26124,0.07446
NACA2.5411,11.96,0.16841,0.06535
NACA2.5411,11.96,0.09001,0.04979
NACA2.5411,11.96,0.05152,0.03759
NACA2.5411,11.96,0.03428,0.03162
NACA2.5411,11.96,0.01718,0.02406
NACA2.5411,11.96,0.0066,0.01565
NACA2.5411,11.96,0.00344,0.01107
NACA2.5411,11.96,0.00069,0.00362
NACA2.5411,11.96,0.0,-0.0
NACA2.5411,11.96,0.00046,-0.00206
NACA2.5411,11.96,0.0024,-0.00626
NACA2.5411,11.96,0.00674,-0.01152
NACA2.5411,11.96,0.019,-0.01953
NACA2.5411,11.96,0.03591,-0.02543
NACA2.5411,11.96,0.06146,-0.02986
NACA2.5411,11.96,0.09647,-0.03378
NACA2.5411,11.96,0.13947,-0.03595
NACA2.5411,11.96,0.20396,-0.03646
NACA2.5411,11.96,0.28404,-0.03487
NACA2.5411,11.96,0.36124,-0.03195
NACA2.5411,11.96,0.43485,-0.02881
NACA2.5411,11.96,0.50834,-0.0257
NACA2.5411,11.96,0.55444,-0.02382
NACA2.5411,11.96,0.62454,-0.02058
NACA2.5411,11.96,0.69843,-0.01716
NACA2.5411,11.96,0.75752,-0.01442
NACA2.5411,11.96,0.83045,-0.01095
NACA2.5411,11.96,0.8944,-0.00808
NACA2.5411,11.96,0.93291,-0.00617
NACA2.5411,11.96,0.96624,-0.00407
NACA2.5411,11.96,0.98582,-0.00266
NACA2.5411,11.96,0.99642,-0.00187
NACA2.5411,11.96,1.0,0.0
NACA64a010,12.053,1.0,0.0
NACA64a010,12.053,0.99938,0.00041
NACA64a010,12.053,0.99423,0.00104
NACA64a010,12.053,0.98815,0.00168
NACA64a010,12.053,0.96673,0.00344
NACA64a010,12.053,0.93471,0.00729
NACA64a010,12.053,0.88984,0.01209
NACA64a010,12.053,0.82035,0.0192
NACA64a010,12.053,0.75015,0.02567
NACA64a010,12.053,0.68796,0.03102
NACA64a010,12.053,0.62998,0.03601
NACA64a010,12.053,0.55005,0.04222
NACA64a010,12.053,0.47705,0.04647
NACA64a010,12.053,0.41203,0.04818
NACA64a010,12.053,0.34783,0.04859
NACA64a010,12.053,0.27863,0.04705
NACA64a010,12.053,0.21109,0.04339
NACA64a010,12.053,0.15254,0.03848
NACA64a010,12.053,0.09698,0.03214
NACA64a010,12.053,0.05746,0.02569
NACA64a010,12.053,0.03479,0.01965
NACA64a010,12.053,0.02328,0.01597
NACA64a010,12.053,0.01348,0.01206
NACA64a010,12.053,0.00702,0.00876
NACA64a010,12.053,0.00253,0.005
NACA64a010,12.053,0.0,-0.0
NACA64a010,12.053,0.0005,-0.00195
NACA64a010,12.053,0.00257,-0.00545
NACA64a010,12.053,0.00474,-0.00733
NACA64a010,12.053,0.01005,-0.01068
NACA64a010,12.053,0.01704,-0.01413
NACA64a010,12.053,0.03061,-0.01904
NACA64a010,12.053,0.04837,-0.02366
NACA64a010,12.053,0.0723,-0.02859
NACA64a010,12.053,0.10833,-0.03427
NACA64a010,12.053,0.14298,-0.03848
NACA64a010,12.053,0.2083,-0.04444
NACA64a010,12.053,0.26119,-0.0477
NACA64a010,12.053,0.30559,-0.04955
NACA64a010,12.053,0.34325,-0.05059
NACA64a010,12.053,0.39887,-0.05078
NACA64a010,12.053,0.44771,-0.04961
NACA64a010,12.053,0.50911,-0.04652
NACA64a010,12.053,0.5565,-0.04345
NACA64a010,12.053,0.59897,-0.04043
NACA64a010,12.053,0.64994,-0.03598
NACA64a010,12.053,0.68222,-0.03297
NACA64a010,12.053,0.724,-0.02889
NACA64a010,12.053,0.78813,-0.02243
NACA64a010,12.053,0.84438,-0.01658
NACA64a010,12.053,0.89289,-0.01148
NACA64a010,12.053,0.93628,-0.00693
NACA64a010,12.053,0.96862,-0.00347
NACA64a010,12.053,0.98664,-0.00164
NACA64a010,12.053,0.99437,-0.0009
NACA64a010,12.053,0.99921,-0.0003
NACA64a010,12.053,1.0,0.0
NACA6409,12.069,1.0,0.0
NACA6409,12.069,0.99869,0.00088
NACA6409,12.069,0.99259,0.00301
NACA6409,12.069,0.98608,0.00531
NACA6409,12.069,0.96609,0.01146
NACA6409,12.069,0.9434,0.01768
NACA6409,12.069,0.91779,0.02418
NACA6409,12.069,0.88166,0.0329
NACA6409,12.069,0.83969,0.04276
NACA6409,12.069,0.79396,0.0529
NACA6409,12.069,0.74082,0.06381
NACA6409,12.069,0.68758,0.07337
NACA6409,12.069,0.62605,0.08344
NACA6409,12.069,0.54319,0.09371
NACA6409,12.069,0.49536,0.0982
NACA6409,12.069,0.43439,0.10309
NACA6409,12.069,0.38363,0.10438
NACA6409,12.069,0.33207,0.10346
NACA6409,12.069,0.27114,0.0992
NACA6409,12.069,0.21151,0.09209
NACA6409,12.069,0.16223,0.08208
NACA6409,12.069,0.12154,0.07046
NACA6409,12.069,0.08205,0.05676
NACA6409,12.069,0.05983,0.04756
NACA6409,12.069,0.0356,0.03414
NACA6409,12.069,0.01524,0.02074
NACA6409,12.069,0.00588,0.01177
NACA6409,12.069,0.0,0.0
NACA6409,12.069,0.00066,-0.00353
NACA6409,12.069,0.00393,-0.0076
NACA6409,12.069,0.01217,-0.01115
NACA6409,12.069,0.02151,-0.01308
NACA6409,12.069,0.03912,-0.01485
NACA6409,12.069,0.05735,-0.0149
NACA6409,12.069,0.10165,-0.01161
NACA6409,12.069,0.14954,-0.00674
NACA6409,12.069,0.19854,-0.00039
NACA6409,12.069,0.26759,0.00752
NACA6409,12.069,0.35105,0.0134
NACA6409,12.069,0.43511,0.01665
NACA6409,12.069,0.51627,0.01785
NACA6409,12.069,0.57869,0.01832
NACA6409,12.069,0.64151,0.01793
NACA6409,12.069,0.7103,0.01617
NACA6409,12.069,0.77575,0.01371
NACA6409,12.069,0.84401,0.00993
NACA6409,12.069,0.89326,0.00723
NACA6409,12.069,0.93168,0.00442
NACA6409,12.069,0.96632,0.00192
NACA6409,12.069,0.98617,0.00039
NACA6409,12.069,0.99502,-0.0002
NACA6409,12.069,0.99816,-0.00077
NACA6409,12.069,1.0,0.0
RG15,12.041,1.0,0.0
RG15,12.041,0.97685,0.00453
RG15,12.041,0.94725,0.009
RG15,12.041,0.91431,0.01433
RG15,12.041,0.871,0.0209
RG15,12.041,0.83233,0.02627
RG15,12.041,0.79485,0.03115
RG15,12.041,0.74835,0.03667
RG15,12.041,0.70274,0.04177
RG15,12.041,0.64464,0.04784
RG15,12.041,0.58955,0.05267
RG15,12.041,0.52527,0.05749
RG15,12.041,0.45545,0.0615
RG15,12.041,0.39801,0.06374
RG15,12.041,0.34875,0.06473
RG15,12.041,0.29884,0.06469
RG15,12.041,0.26141,0.06379
RG15,12.041,0.22751,0.06223
RG15,12.041,0.19485,0.06009
RG15,12.041,0.16417,0.0573
RG15,12.041,0.12536,0.05257
RG15,12.041,0.0925,0.04692
RG15,12.041,0.06872,0.0412
RG15,12.041,0.05621,0.03733
RG15,12.041,0.0438,0.03287
RG15,12.041,0.03255,0.02817
RG15,12.041,0.02124,0.02266
RG15,12.041,0.01348,0.01814
RG15,12.041,0.00822,0.01423
RG15,12.041,0.00382,0.00991
RG15,12.041,0.00227,0.00777
RG15,12.041,0.00126,0.00584
RG15,12.041,0.00075,0.00448
RG15,12.041,0.00059,0.00393
RG15,12.041,0.0,0.0
RG15,12.041,0.00088,-0.00251
RG15,12.041,0.00167,-0.00352
RG15,12.041,0.00349,-0.00524
RG15,12.041,0.00823,-0.00837
RG15,12.041,0.01372,-0.01059
RG15,12.041,0.02652,-0.0142
RG15,12.041,0.04323,-0.01743
RG15,12.041,0.06172,-0.01981
RG15,12.041,0.08964,-0.02216
RG15,12.041,0.1258,-0.02415
RG15,12.041,0.16261,-0.02533
RG15,12.041,0.22083,-0.02584
RG15,12.041,0.27587,-0.02516
RG15,12.041,0.33755,-0.02429
RG15,12.041,0.41569,-0.02237
RG15,12.041,0.48721,-0.0199
RG15,12.041,0.56191,-0.01664
RG15,12.041,0.61788,-0.01375
RG15,12.041,0.67232,-0.0106
RG15,12.041,0.72297,-0.00743
RG15,12.041,0.78968,-0.00358
RG15,12.041,0.86269,-0.0005
RG15,12.041,0.92258,0.00086
RG15,12.041,0.95161,0.00081
RG15,12.041,0.96703,0.00046
RG15,12.041,0.97897,-6e-05
RG15,12.041,0.98873,-0.00059
RG15,12.041,0.99514,-0.00098
RG15,12.041,1.0,0.0
S2048,12.07,1.0,0.0
S2048,12.07,0.99877,0.00164
S2048,12.07,0.9932,0.00324
S2048,12.07,0.98831,0.00435
S2048,12.07,0.97708,0.00692
S2048,12.07,0.93558,0.0145
S2048,12.07,0.88316,0.02301
S2048,12.07,0.81545,0.03282
S2048,12.07,0.74217,0.04215
S2048,12.07,0.65783,0.05023
S2048,12.07,0.55386,0.05774
S2048,12.07,0.45158,0.06134
S2048,12.07,0.33249,0.06211
S2048,12.07,0.23428,0.0588
S2048,12.07,0.1434,0.05075
S2048,12.07,0.07235,0.03721
S2048,12.07,0.04544,0.02842
S2048,12.07,0.02968,0.02214
S2048,12.07,0.01619,0.01591
S2048,12.07,0.00593,0.00904
S2048,12.07,0.00125,0.00316
S2048,12.07,0.0,0.0
S2048,12.07,0.00067,-0.00269
S2048,12.07,0.00233,-0.00486
S2048,12.07,0.00579,-0.00762
S2048,12.07,0.01268,-0.01127
S2048,12.07,0.02975,-0.01501
S2048,12.07,0.05444,-0.01819
S2048,12.07,0.08654,-0.02175
S2048,12.07,0.13059,-0.02477
S2048,12.07,0.19111,-0.02697
S2048,12.07,0.25652,-0.02814
S2048,12.07,0.35344,-0.02813
S2048,12.07,0.43114,-0.02621
S2048,12.07,0.50087,-0.02359
S2048,12.07,0.56192,-0.02034
S2048,12.07,0.63109,-0.01588
S2048,12.07,0.69126,-0.0119
S2048,12.07,0.75073,-0.00822
S2048,12.07,0.81098,-0.00492
S2048,12.07,0.88816,-0.00164
S2048,12.07,0.95036,-0.00042
S2048,12.07,0.97854,-0.00073
S2048,12.07,0.9899,-0.00114
S2048,12.07,0.99425,-0.00136
S2048,12.07,0.9977,-0.00149
S2048,12.07,1.0,0.0
S2055,12.044,1.0,0.0
S2055,12.044,0.99877,0.0014
S2055,12.044,0.98528,0.00366
S2055,12.044,0.95559,0.00804
S2055,12.044,0.91492,0.015
S2055,12.044,0.86076,0.02348
S2055,12.044,0.80484,0.03151
S2055,12.044,0.73201,0.04009
S2055,12.044,0.65915,0.04777
S2055,12.044,0.57721,0.05518
S2055,12.044,0.51605,0.05837
S2055,12.044,0.43705,0.05893
S2055,12.044,0.35868,0.05903
S2055,12.044,0.27485,0.05758
S2055,12.044,0.21531,0.05494
S2055,12.044,0.1543,0.04986
S2055,12.044,0.11011,0.04371
S2055,12.044,0.07451,0.03624
S2055,12.044,0.04421,0.02697
S2055,12.044,0.01919,0.01641
S2055,12.044,0.00906,0.01095
S2055,12.044,0.00328,0.00614
S2055,12.044,0.0,-0.0
S2055,12.044,0.00044,-0.00228
S2055,12.044,0.00364,-0.00635
S2055,12.044,0.01121,-0.0101
S2055,12.044,0.02071,-0.01262
S2055,12.044,0.03715,-0.01558
S2055,12.044,0.05514,-0.01806
S2055,12.044,0.08242,-0.02058
S2055,12.044,0.12571,-0.0232
S2055,12.044,0.18074,-0.02486
S2055,12.044,0.25713,-0.02566
S2055,12.044,0.33256,-0.02503
S2055,12.044,0.411,-0.02369
S2055,12.044,0.50148,-0.02169
S2055,12.044,0.59785,-0.01914
S2055,12.044,0.6564,-0.01708
S2055,12.044,0.7194,-0.01426
S2055,12.044,0.80215,-0.0099
S2055,12.044,0.87321,-0.00509
S2055,12.044,0.91194,-0.00287
S2055,12.044,0.94297,-0.00195
S2055,12.044,0.9681,-0.00158
S2055,12.044,0.98432,-0.00131
S2055,12.044,0.99176,-0.00118
S2055,12.044,0.99792,-0.00101
S2055,12.044,1.0,0.0
S2091B,11.998,1.0,0.0
S2091B,11.998,0.99863,0.00124
S2091B,11.998,0.99247,0.00293
S2091B,11.998,0.9818,0.00537
S2091B,11.998,0.94359,0.01389
S2091B,11.998,0.89665,0.02293
S2091B,11.998,0.83696,0.03315
S2091B,11.998,0.77627,0.04334
S2091B,11.998,0.72031,0.05243
S2091B,11.998,0.66347,0.06102
S2091B,11.998,0.60612,0.06898
S2091B,11.998,0.52556,0.07819
S2091B,11.998,0.45554,0.08429
S2091B,11.998,0.37549,0.08858
S2091B,11.998,0.29967,0.08903
S2091B,11.998,0.22796,0.0857
S2091B,11.998,0.17229,0.07979
S2091B,11.998,0.11658,0.0694
S2091B,11.998,0.07098,0.05562
S2091B,11.998,0.03719,0.03984
S2091B,11.998,0.01763,0.02674
S2091B,11.998,0.00547,0.01461
S2091B,11.998,0.00163,0.00812
S2091B,11.998,0.0,-0.0
S2091B,11.998,0.0014,-0.00539
S2091B,11.998,0.00498,-0.00965
S2091B,11.998,0.01294,-0.01371
S2091B,11.998,0.02635,-0.017
S2091B,11.998,0.05539,-0.02022
S2091B,11.998,0.10538,-0.02174
S2091B,11.998,0.13942,-0.02143
S2091B,11.998,0.19379,-0.02019
S2091B,11.998,0.25957,-0.01794
S2091B,11.998,0.32532,-0.01533
S2091B,11.998,0.39702,-0.01251
S2091B,11.998,0.46777,-0.00949
S2091B,11.998,0.53852,-0.0061
S2091B,11.998,0.6138,-0.00283
S2091B,11.998,0.69005,-0.0005
S2091B,11.998,0.75738,0.00102
S2091B,11.998,0.83165,0.00238
S2091B,11.998,0.88976,0.00254
S2091B,11.998,0.93487,0.00137
S2091B,11.998,0.97173,-0.00032
S2091B,11.998,0.98802,-0.00094
S2091B,11.998,0.99373,-0.00104
S2091B,11.998,0.99953,-0.00084
S2091B,11.998,1.0,0.0
S3010,11.942,1.0,0.0
S3010,11.942,0.99477,0.00032
S3010,11.942,0.98769,0.0013
S3010,11.942,0.96742,0.00384
S3010,11.942,0.93685,0.0077
S3010,11.942,0.89027,0.01405
S3010,11.942,0.8387,0.0214
S3010,11.942,0.79404,0.02812
S3010,11.942,0.74718,0.03532
S3010,11.942,0.70875,0.04113
S3010,11.942,0.67078,0.04647
S3010,11.942,0.61495,0.05398
S3010,11.942,0.55534,0.06086
S3010,11.942,0.49711,0.06652
S3010,11.942,0.44786,0.07044
S3010,11.942,0.3965,0.07352
S3010,11.942,0.34462,0.07523
S3010,11.942,0.27941,0.07562
S3010,11.942,0.22025,0.07333
S3010,11.942,0.16599,0.06825
S3010,11.942,0.12042,0.06093
S3010,11.942,0.08047,0.05141
S3010,11.942,0.05463,0.04271
S3010,11.942,0.02904,0.03041
S3010,11.942,0.00941,0.01692
S3010,11.942,0.0021,0.00804
S3010,11.942,0.0,0.0
S3010,11.942,0.00169,-0.00721
S3010,11.942,0.00511,-0.01193
S3010,11.942,0.01144,-0.0164
S3010,11.942,0.03114,-0.023
S3010,11.942,0.0716,-0.02901
S3010,11.942,0.11988,-0.03185
S3010,11.942,0.18994,-0.03216
S3010,11.942,0.25622,-0.03103
S3010,11.942,0.34875,-0.02806
S3010,11.942,0.44681,-0.02288
S3010,11.942,0.52195,-0.01813
S3010,11.942,0.611,-0.01316
S3010,11.942,0.70581,-0.00793
S3010,11.942,0.79231,-0.0039
S3010,11.942,0.86608,-0.00126
S3010,11.942,0.92894,0.0001
S3010,11.942,0.96663,0.0003
S3010,11.942,0.98245,0.00016
S3010,11.942,0.98906,0.00011
S3010,11.942,0.99536,0.00011
S3010,11.942,1.0,0.0
S3014,12.06,1.0,0.0
S3014,12.06,0.99999,0.00107
S3014,12.06,0.99596,0.00168
S3014,12.06,0.99116,0.00222
S3014,12.06,0.97895,0.00327
S3014,12.06,0.9409,0.00756
S3014,12.06,0.89641,0.01382
S3014,12.06,0.83558,0.0231
S3014,12.06,0.75977,0.03483
S3014,12.06,0.69802,0.04406
S3014,12.06,0.63927,0.05229
S3014,12.06,0.58346,0.0592
S3014,12.06,0.52768,0.06486
S3014,12.06,0.46432,0.0696
S3014,12.06,0.39335,0.07303
S3014,12.06,0.33569,0.07412
S3014,12.06,0.26875,0.07293
S3014,12.06,0.21013,0.06939
S3014,12.06,0.16832,0.06514
S3014,12.06,0.11618,0.05713
S3014,12.06,0.07292,0.04669
S3014,12.06,0.04791,0.03779
S3014,12.06,0.03029,0.02929
S3014,12.06,0.01316,0.01794
S3014,12.06,0.00578,0.01103
S3014,12.06,0.00221,0.00626
S3014,12.06,0.0,-0.0
S3014,12.06,0.00162,-0.00438
S3014,12.06,0.00443,-0.00734
S3014,12.06,0.01048,-0.01058
S3014,12.06,0.03315,-0.01715
S3014,12.06,0.07651,-0.02236
S3014,12.06,0.15793,-0.02481
S3014,12.06,0.22343,-0.02458
S3014,12.06,0.30182,-0.02286
S3014,12.06,0.41006,-0.01965
S3014,12.06,0.50427,-0.01646
S3014,12.06,0.63099,-0.01228
S3014,12.06,0.73135,-0.00905
S3014,12.06,0.80302,-0.00682
S3014,12.06,0.87708,-0.00457
S3014,12.06,0.92559,-0.00317
S3014,12.06,0.95847,-0.00208
S3014,12.06,0.97874,-0.00148
S3014,12.06,0.98711,-0.00121
S3014,12.06,0.99325,-0.00099
S3014,12.06,0.99892,-0.00072
S3014,12.06,1.0,0.0
S3016,11.983,1.0,0.0
S3016,11.983,0.99903,0.00119
S3016,11.983,0.99441,0.0016
S3016,11.983,0.98887,0.00213
S3016,11.983,0.98369,0.00247
S3016,11.983,0.96478,0.00369
S3016,11.983,0.91855,0.0079
S3016,11.983,0.87084,0.01401
S3016,11.983,0.82121,0.02159
S3016,11.983,0.75744,0.03128
S3016,11.983,0.70315,0.03914
S3016,11.983,0.63635,0.04779
S3016,11.983,0.5791,0.05385
S3016,11.983,0.52089,0.05904
S3016,11.983,0.44543,0.06403
S3016,11.983,0.38021,0.0668
S3016,11.983,0.32602,0.06745
S3016,11.983,0.25687,0.06653
S3016,11.983,0.18845,0.06273
S3016,11.983,0.12729,0.05599
S3016,11.983,0.07971,0.04688
S3016,11.983,0.04798,0.03781
S3016,11.983,0.02431,0.02771
S3016,11.983,0.01323,0.02038
S3016,11.983,0.00571,0.01285
S3016,11.983,0.00194,0.00703
S3016,11.983,0.0,-0.0
S3016,11.983,0.00065,-0.00275
S3016,11.983,0.00225,-0.00561
S3016,11.983,0.00662,-0.00948
S3016,11.983,0.01331,-0.01285
S3016,11.983,0.0258,-0.01675
S3016,11.983,0.04778,-0.02112
S3016,11.983,0.07285,-0.02443
S3016,11.983,0.10882,-0.02736
S3016,11.983,0.14789,-0.02913
S3016,11.983,0.18098,-0.02981
S3016,11.983,0.23833,-0.03003
S3016,11.983,0.31258,-0.02864
S3016,11.983,0.37836,-0.02675
S3016,11.983,0.43886,-0.02482
S3016,11.983,0.50034,-0.02272
S3016,11.983,0.56216,-0.02055
S3016,11.983,0.6332,-0.01788
S3016,11.983,0.71127,-0.01496
S3016,11.983,0.77792,-0.01237
S3016,11.983,0.84744,-0.00937
S3016,11.983,0.90233,-0.0066
S3016,11.983,0.94896,-0.0041
S3016,11.983,0.97506,-0.00252
S3016,11.983,0.98331,-0.00199
S3016,11.983,0.98881,-0.00165
S3016,11.983,0.99426,-0.00133
S3016,11.983,0.99811,-0.00104
S3016,11.983,1.0,0.0
S3021A,12.024,1.0,0.0
S3021A,12.024,0.99269,0.00137
S3021A,12.024,0.98303,0.00312
S3021A,12.024,0.97106,0.0052
S3021A,12.024,0.93853,0.01089
S3021A,12.024,0.87927,0.02031
S3021A,12.024,0.78031,0.03475
S3021A,12.024,0.70835,0.04454
S3021A,12.024,0.61823,0.05602
S3021A,12.024,0.53048,0.06542
S3021A,12.024,0.43335,0.0727
S3021A,12.024,0.33088,0.07528
S3021A,12.024,0.23332,0.07202
S3021A,12.024,0.16278,0.06493
S3021A,12.024,0.107,0.05507
S3021A,12.024,0.06277,0.04245
S3021A,12.024,0.03606,0.03115
S3021A,12.024,0.01931,0.02151
S3021A,12.024,0.01125,0.01529
S3021A,12.024,0.00302,0.00666
S3021A,12.024,0.0,0.0
S3021A,12.024,0.00069,-0.00264
S3021A,12.024,0.00218,-0.00481
S3021A,12.024,0.00605,-0.00755
S3021A,12.024,0.013,-0.01057
S3021A,12.024,0.02415,-0.01358
S3021A,12.024,0.05651,-0.01806
S3021A,12.024,0.12338,-0.02176
S3021A,12.024,0.19693,-0.02178
S3021A,12.024,0.28664,-0.01974
S3021A,12.024,0.39682,-0.01608
S3021A,12.024,0.51668,-0.01198
S3021A,12.024,0.6545,-0.0072
S3021A,12.024,0.77037,-0.00339
S3021A,12.024,0.85719,-0.00087
S3021A,12.024,0.90241,0.0003
S3021A,12.024,0.94457,0.00018
S3021A,12.024,0.97902,0.0001
S3021A,12.024,0.98958,9e-05
S3021A,12.024,0.99544,4e-05
S3021A,12.024,1.0,0.0
S3021B,11.948,1.0,0.0
S3021B,11.948,0.99058,0.00072
S3021B,11.948,0.96084,0.00367
S3021B,11.948,0.91517,0.01029
S3021B,11.948,0.86938,0.01692
S3021B,11.948,0.82314,0.02362
S3021B,11.948,0.77702,0.02983
S3021B,11.948,0.72171,0.03776
S3021B,11.948,0.68029,0.0432
S3021B,11.948,0.62893,0.05033
S3021B,11.948,0.58511,0.05608
S3021B,11.948,0.50942,0.06475
S3021B,11.948,0.45925,0.06833
S3021B,11.948,0.39023,0.07174
S3021B,11.948,0.33135,0.07264
S3021B,11.948,0.28464,0.07177
S3021B,11.948,0.21676,0.06792
S3021B,11.948,0.16125,0.06219
S3021B,11.948,0.10703,0.05253
S3021B,11.948,0.07085,0.04284
S3021B,11.948,0.03675,0.02962
S3021B,11.948,0.01908,0.01943
S3021B,11.948,0.00667,0.00951
S3021B,11.948,0.00227,0.00422
S3021B,11.948,0.0,-0.0
S3021B,11.948,0.00094,-0.00398
S3021B,11.948,0.00687,-0.00981
S3021B,11.948,0.02481,-0.01637
S3021B,11.948,0.05033,-0.02088
S3021B,11.948,0.07537,-0.02332
S3021B,11.948,0.10516,-0.02436
S3021B,11.948,0.14365,-0.02429
S3021B,11.948,0.18487,-0.02416
S3021B,11.948,0.23153,-0.02382
S3021B,11.948,0.25974,-0.02372
S3021B,11.948,0.30117,-0.02247
S3021B,11.948,0.37652,-0.02097
S3021B,11.948,0.45339,-0.01917
S3021B,11.948,0.52707,-0.01735
S3021B,11.948,0.59892,-0.01543
S3021B,11.948,0.67229,-0.01328
S3021B,11.948,0.75272,-0.01154
S3021B,11.948,0.82462,-0.00968
S3021B,11.948,0.88415,-0.00803
S3021B,11.948,0.91632,-0.00674
S3021B,11.948,0.95206,-0.00489
S3021B,11.948,0.9743,-0.0033
S3021B,11.948,0.98894,-0.00161
S3021B,11.948,1.0,0.0
S4061A,11.893,1.0,0.0
S4061A,11.893,0.99673,0.0023
S4061A,11.893,0.9857,0.00361
S4061A,11.893,0.96705,0.00508
S4061A,11.893,0.92527,0.00967
S4061A,11.893,0.86284,0.01804
S4061A,11.893,0.79417,0.02926
S4061A,11.893,0.70452,0.04618
S4061A,11.893,0.64995,0.05453
S4061A,11.893,0.54327,0.06846
S4061A,11.893,0.45623,0.07634
S4061A,11.893,0.38353,0.07975
S4061A,11.893,0.31736,0.08113
S4061A,11.893,0.24629,0.07721
S4061A,11.893,0.16873,0.06793
S4061A,11.893,0.11572,0.05767
S4061A,11.893,0.07883,0.04614
S4061A,11.893,0.04869,0.03373
S4061A,11.893,0.02569,0.023
S4061A,11.893,0.01128,0.01471
S4061A,11.893,0.00276,0.00708
S4061A,11.893,0.0,0.0
S4061A,11.893,0.00105,-0.00377
S4061A,11.893,0.00471,-0.00827
S4061A,11.893,0.0116,-0.01257
S4061A,11.893,0.02467,-0.01704
S4061A,11.893,0.05029,-0.0212
S4061A,11.893,0.08856,-0.02407
S4061A,11.893,0.14436,-0.02479
S4061A,11.893,0.20789,-0.02344
S4061A,11.893,0.29093,-0.01881
S4061A,11.893,0.36256,-0.01528
S4061A,11.893,0.45217,-0.00992
S4061A,11.893,0.54661,-0.00422
S4061A,11.893,0.62422,0.00022
S4061A,11.893,0.68944,0.00062
S4061A,11.893,0.76627,0.00025
S4061A,11.893,0.8386,-0.00041
S4061A,11.893,0.9027,-0.00114
S4061A,11.893,0.95973,-0.00263
S4061A,11.893,0.98139,-0.00239
S4061A,11.893,0.99103,-0.00197
S4061A,11.893,0.99778,-0.00188
S4061A,11.893,1.0,0.0
S4061B,11.799,1.0,0.0
S4061B,11.799,0.99856,0.00053
S4061B,11.799,0.99229,0.0015
S4061B,11.799,0.98413,0.00273
S4061B,11.799,0.95858,0.00709
S4061B,11.799,0.92449,0.01327
S4061B,11.799,0.88177,0.0217
S4061B,11.799,0.83273,0.03228
S4061B,11.799,0.78644,0.04212
S4061B,11.799,0.73718,0.05132
S4061B,11.799,0.68253,0.06072
S4061B,11.799,0.62974,0.06848
S4061B,11.799,0.5611,0.07689
S4061B,11.799,0.50745,0.08189
S4061B,11.799,0.45525,0.08508
S4061B,11.799,0.41078,0.08666
S4061B,11.799,0.35388,0.08705
S4061B,11.799,0.29739,0.08558
S4061B,11.799,0.2531,0.08266
S4061B,11.799,0.19704,0.07675
S4061B,11.799,0.14752,0.06864
S4061B,11.799,0.1059,0.05888
S4061B,11.799,0.07171,0.04844
S4061B,11.799,0.04062,0.03538
S4061B,11.799,0.01859,0.02286
S4061B,11.799,0.00568,0.0117
S4061B,11.799,0.00247,0.0072
S4061B,11.799,0.0,0.0
S4061B,11.799,0.00182,-0.00595
S4061B,11.799,0.00549,-0.00974
S4061B,11.799,0.01174,-0.01288
S4061B,11.799,0.02599,-0.01614
S4061B,11.799,0.0566,-0.01929
S4061B,11.799,0.11239,-0.02112
S4061B,11.799,0.16687,-0.0195
S4061B,11.799,0.22327,-0.01672
S4061B,11.799,0.27919,-0.01368
S4061B,11.799,0.34892,-0.00996
S4061B,11.799,0.41346,-0.00648
S4061B,11.799,0.49771,-0.00212
S4061B,11.799,0.56052,0.00122
S4061B,11.799,0.63379,0.0043
S4061B,11.799,0.70802,0.00625
S4061B,11.799,0.78775,0.0067
S4061B,11.799,0.85749,0.00587
S4061B,11.799,0.91202,0.00429
S4061B,11.799,0.95693,0.00144
S4061B,11.799,0.98563,-0.00029
S4061B,11.799,0.99253,-0.00046
S4061B,11.799,1.0,0.0
S4062,11.999,1.0,0.0
S4062,11.999,0.99924,0.0008
S4062,11.999,0.99612,0.00134
S4062,11.999,0.99135,0.00213
S4062,11.999,0.98577,0.00275
S4062,11.999,0.95901,0.00621
S4062,11.999,0.91891,0.01305
S4062,11.999,0.87252,0.02149
S4062,11.999,0.81385,0.03362
S4062,11.999,0.76002,0.04476
S4062,11.999,0.69586,0.05676
S4062,11.999,0.63933,0.0658
S4062,11.999,0.56493,0.07513
S4062,11.999,0.49689,0.0811
S4062,11.999,0.41448,0.08467
S4062,11.999,0.33532,0.0843
S4062,11.999,0.25715,0.08012
S4062,11.999,0.19327,0.07339
S4062,11.999,0.13335,0.06281
S4062,11.999,0.083,0.04931
S4062,11.999,0.04562,0.03531
S4062,11.999,0.02696,0.0269
S4062,11.999,0.01299,0.01823
S4062,11.999,0.0057,0.01171
S4062,11.999,0.00263,0.00776
S4062,11.999,0.0,0.0
S4062,11.999,0.00122,-0.00454
S4062,11.999,0.00376,-0.00791
S4062,11.999,0.01095,-0.01156
S4062,11.999,0.01836,-0.01332
S4062,11.999,0.04564,-0.01618
S4062,11.999,0.07108,-0.01764
S4062,11.999,0.11581,-0.01836
S4062,11.999,0.18077,-0.01699
S4062,11.999,0.24062,-0.01464
S4062,11.999,0.30099,-0.0116
S4062,11.999,0.36347,-0.00841
S4062,11.999,0.42626,-0.00536
S4062,11.999,0.50577,-0.00189
S4062,11.999,0.57139,0.00024
S4062,11.999,0.6376,0.00211
S4062,11.999,0.69795,0.0035
S4062,11.999,0.76774,0.00421
S4062,11.999,0.83762,0.00406
S4062,11.999,0.88264,0.00354
S4062,11.999,0.92784,0.00249
S4062,11.999,0.96114,0.00113
S4062,11.999,0.97354,0.0004
S4062,11.999,0.98652,-0.00021
S4062,11.999,0.99415,-0.00058
S4062,11.999,0.99958,-0.00046
S4062,11.999,1.0,0.0
S4233,12.043,1.0,0.0
S4233,12.043,0.99965,0.00135
S4233,12.043,0.99675,0.00185
S4233,12.043,0.99208,0.00244
S4233,12.043,0.98292,0.00348
S4233,12.043,0.95407,0.00819
S4233,12.043,0.90598,0.01758
S4233,12.043,0.85668,0.02697
S4233,12.043,0.80341,0.03831
S4233,12.043,0.74226,0.05125
S4233,12.043,0.69122,0.06183
S4233,12.043,0.62493,0.07396
S4233,12.043,0.55767,0.0844
S4233,12.043,0.48838,0.09281
S4233,12.043,0.41487,0.09805
S4233,12.043,0.33847,0.09914
S4233,12.043,0.28714,0.09689
S4233,12.043,0.23126,0.09139
S4233,12.043,0.16785,0.08089
S4233,12.043,0.12159,0.06957
S4233,12.043,0.08679,0.05843
S4233,12.043,0.05274,0.044
S4233,12.043,0.02774,0.02955
S4233,12.043,0.01569,0.0208
S4233,12.043,0.0069,0.01258
S4233,12.043,0.00258,0.00667
S4233,12.043,0.0,-0.0
S4233,12.043,0.00111,-0.00344
S4233,12.043,0.00423,-0.00733
S4233,12.043,0.00787,-0.01015
S4233,12.043,0.01462,-0.01331
S4233,12.043,0.02719,-0.01811
S4233,12.043,0.04099,-0.0224
S4233,12.043,0.0632,-0.02717
S4233,12.043,0.09827,-0.03223
S4233,12.043,0.14049,-0.03573
S4233,12.043,0.1876,-0.03794
S4233,12.043,0.2291,-0.03884
S4233,12.043,0.28748,-0.03888
S4233,12.043,0.34399,-0.03787
S4233,12.043,0.40654,-0.0353
S4233,12.043,0.46493,-0.03195
S4233,12.043,0.56063,-0.02533
S4233,12.043,0.63022,-0.02006
S4233,12.043,0.70793,-0.01368
S4233,12.043,0.78274,-0.00784
S4233,12.043,0.85409,-0.00356
S4233,12.043,0.90758,-0.00175
S4233,12.043,0.96048,-0.00114
S4233,12.043,0.98223,-0.00112
S4233,12.043,0.99184,-0.00127
S4233,12.043,0.99655,-0.00132
S4233,12.043,0.99937,-0.0011
S4233,12.043,1.0,0.0
SD2030,11.99,1.0,0.0
SD2030,11.99,0.99594,0.00274
SD2030,11.99,0.98879,0.0043
SD2030,11.99,0.97366,0.00743
SD2030,11.99,0.94936,0.01239
SD2030,11.99,0.90526,0.02054
SD2030,11.99,0.85117,0.02918
SD2030,11.99,0.80405,0.03583
SD2030,11.99,0.74591,0.04331
SD2030,11.99,0.68902,0.04996
SD2030,11.99,0.63091,0.05582
SD2030,11.99,0.55826,0.06059
SD2030,11.99,0.49512,0.06299
SD2030,11.99,0.42477,0.0646
SD2030,11.99,0.36002,0.06448
SD2030,11.99,0.2987,0.06302
SD2030,11.99,0.23863,0.0601
SD2030,11.99,0.17709,0.05484
SD2030,11.99,0.12427,0.04765
SD2030,11.99,0.07855,0.03861
SD2030,11.99,0.04526,0.02929
SD2030,11.99,0.01948,0.01772
SD2030,11.99,0.00848,0.01064
SD2030,11.99,0.00157,0.00519
SD2030,11.99,0.0,0.0
SD2030,11.99,0.00105,-0.00452
SD2030,11.99,0.004,-0.00754
SD2030,11.99,0.01075,-0.0108
SD2030,11.99,0.02425,-0.01468
SD2030,11.99,0.04663,-0.01851
SD2030,11.99,0.09223,-0.02201
SD2030,11.99,0.14375,-0.02344
SD2030,11.99,0.19208,-0.02369
SD2030,11.99,0.25685,-0.02319
SD2030,11.99,0.33714,-0.02207
SD2030,11.99,0.41589,-0.02049
SD2030,11.99,0.50216,-0.0184
SD2030,11.99,0.58733,-0.01579
SD2030,11.99,0.66517,-0.01286
SD2030,11.99,0.74397,-0.00927
SD2030,11.99,0.81666,-0.00571
SD2030,11.99,0.88423,-0.00279
SD2030,11.99,0.93306,-0.00082
SD2030,11.99,0.96157,-0.00087
SD2030,11.99,0.98044,-0.00072
SD2030,11.99,0.9914,-0.00095
SD2030,11.99,1.0,0.0
SD2083,11.987,1.0,0.0
SD2083,11.987,0.99879,0.00061
SD2083,11.987,0.99529,0.00103
SD2083,11.987,0.99026,0.00171
SD2083,11.987,0.98274,0.00265
SD2083,11.987,0.95421,0.00665
SD2083,11.987,0.90309,0.01436
SD2083,11.987,0.85175,0.0231
SD2083,11.987,0.79675,0.03244
SD2083,11.987,0.73356,0.04255
SD2083,11.987,0.66435,0.05292
SD2083,11.987,0.5963,0.06096
SD2083,11.987,0.52505,0.06637
SD2083,11.987,0.45243,0.06899
SD2083,11.987,0.38078,0.07015
SD2083,11.987,0.30214,0.06862
SD2083,11.987,0.23457,0.06485
SD2083,11.987,0.16431,0.05695
SD2083,11.987,0.10215,0.04537
SD2083,11.987,0.06168,0.03381
SD2083,11.987,0.03498,0.02403
SD2083,11.987,0.01768,0.01655
SD2083,11.987,0.00755,0.01073
SD2083,11.987,0.0022,0.00564
SD2083,11.987,0.0,0.0
SD2083,11.987,0.00068,-0.00376
SD2083,11.987,0.00183,-0.00649
SD2083,11.987,0.00373,-0.00869
SD2083,11.987,0.00801,-0.01151
SD2083,11.987,0.01486,-0.01407
SD2083,11.987,0.03055,-0.01738
SD2083,11.987,0.06495,-0.01998
SD2083,11.987,0.08912,-0.02138
SD2083,11.987,0.13961,-0.02268
SD2083,11.987,0.19371,-0.02278
SD2083,11.987,0.26237,-0.02177
SD2083,11.987,0.33724,-0.01967
SD2083,11.987,0.39894,-0.01832
SD2083,11.987,0.46205,-0.01617
SD2083,11.987,0.53047,-0.01435
SD2083,11.987,0.58338,-0.01286
SD2083,11.987,0.65583,-0.01087
SD2083,11.987,0.71114,-0.00949
SD2083,11.987,0.77953,-0.00781
SD2083,11.987,0.84138,-0.00654
SD2083,11.987,0.89008,-0.00617
SD2083,11.987,0.92852,-0.00528
SD2083,11.987,0.96633,-0.00309
SD2083,11.987,0.97901,-0.00225
SD2083,11.987,0.98663,-0.00151
SD2083,11.987,0.99147,-0.00111
SD2083,11.987,0.99772,-0.00034
SD2083,11.987,1.0,0.0
SD5060,12.016,1.0,0.0
SD5060,12.016,0.99965,0.0003
SD5060,12.016,0.9967,0.00027
SD5060,12.016,0.98943,0.00164
SD5060,12.016,0.97661,0.00291
SD5060,12.016,0.94328,0.00705
SD5060,12.016,0.89226,0.01408
SD5060,12.016,0.82463,0.02381
SD5060,12.016,0.75963,0.03299
SD5060,12.016,0.6785,0.04386
SD5060,12.016,0.58574,0.05443
SD5060,12.016,0.52135,0.05993
SD5060,12.016,0.4341,0.06515
SD5060,12.016,0.36463,0.06735
SD5060,12.016,0.27437,0.0673
SD5060,12.016,0.20304,0.06348
SD5060,12.016,0.14689,0.05788
SD5060,12.016,0.09709,0.04961
SD5060,12.016,0.04985,0.03647
SD5060,12.016,0.0217,0.02416
SD5060,12.016,0.00944,0.0156
SD5060,12.016,0.00349,0.00945
SD5060,12.016,0.0,0.0
SD5060,12.016,0.00062,-0.00366
SD5060,12.016,0.00405,-0.00794
SD5060,12.016,0.01042,-0.01225
SD5060,12.016,0.02708,-0.01964
SD5060,12.016,0.05681,-0.02635
SD5060,12.016,0.10279,-0.03031
SD5060,12.016,0.19875,-0.03053
SD5060,12.016,0.31977,-0.02586
SD5060,12.016,0.44792,-0.01995
SD5060,12.016,0.54575,-0.01505
SD5060,12.016,0.63304,-0.01055
SD5060,12.016,0.70321,-0.0078
SD5060,12.016,0.76889,-0.00534
SD5060,12.016,0.81957,-0.00335
SD5060,12.016,0.8737,-0.00263
SD5060,12.016,0.92155,-0.00197
SD5060,12.016,0.95825,-0.00082
SD5060,12.016,0.98124,-0.0008
SD5060,12.016,0.99136,-0.00054
SD5060,12.016,0.99484,-0.00058
SD5060,12.016,0.99836,-0.00023
SD5060,12.016,1.0,0.0
SD6060,12.065,1.0,0.0
SD6060,12.065,0.99861,0.00074
SD6060,12.065,0.99563,0.00112
SD6060,12.065,0.99071,0.00128
SD6060,12.065,0.98023,0.00214
SD6060,12.065,0.96319,0.00369
SD6060,12.065,0.92005,0.0086
SD6060,12.065,0.88111,0.01401
SD6060,12.065,0.82496,0.02226
SD6060,12.065,0.76495,0.03132
SD6060,12.065,0.71077,0.0392
SD6060,12.065,0.65836,0.0465
SD6060,12.065,0.60244,0.05335
SD6060,12.065,0.54167,0.0597
SD6060,12.065,0.46829,0.06533
SD6060,12.065,0.3906,0.06849
SD6060,12.065,0.31688,0.0685
SD6060,12.065,0.24528,0.06569
SD6060,12.065,0.17139,0.05936
SD6060,12.065,0.12326,0.05187
SD6060,12.065,0.09126,0.04492
SD6060,12.065,0.06175,0.03681
SD6060,12.065,0.03378,0.02649
SD6060,12.065,0.0162,0.0169
SD6060,12.065,0.00782,0.01049
SD6060,12.065,0.0032,0.00578
SD6060,12.065,0.0,-0.0
SD6060,12.065,0.00099,-0.00229
SD6060,12.065,0.00397,-0.00502
SD6060,12.065,0.00894,-0.00836
SD6060,12.065,0.01681,-0.01177
SD6060,12.065,0.03416,-0.01685
SD6060,12.065,0.0707,-0.02325
SD6060,12.065,0.11221,-0.02758
SD6060,12.065,0.16377,-0.03027
SD6060,12.065,0.21314,-0.03165
SD6060,12.065,0.26926,-0.03269
SD6060,12.065,0.33337,-0.03325
SD6060,12.065,0.40505,-0.03265
SD6060,12.065,0.46848,-0.03156
SD6060,12.065,0.54565,-0.02921
SD6060,12.065,0.62118,-0.02566
SD6060,12.065,0.69134,-0.02058
SD6060,12.065,0.75386,-0.01605
SD6060,12.065,0.81523,-0.01177
SD6060,12.065,0.88784,-0.00608
SD6060,12.065,0.93895,-0.0024
SD6060,12.065,0.97956,-0.001
SD6060,12.065,0.98981,-0.00096
SD6060,12.065,0.99494,-0.00103
SD6060,12.065,0.99843,-0.00091
SD6060,12.065,1.0,0.0
SD6080,12.006,1.0,0.0
SD6080,12.006,1.00059,-6e-05
SD6080,12.006,0.99686,8e-05
SD6080,12.006,0.98941,0.00145
SD6080,12.006,0.97733,0.00321
SD6080,12.006,0.94524,0.00913
SD6080,12.006,0.90699,0.01498
SD6080,12.006,0.8587,0.02346
SD6080,12.006,0.80014,0.03438
SD6080,12.006,0.74439,0.04409
SD6080,12.006,0.69444,0.05214
SD6080,12.006,0.65704,0.05792
SD6080,12.006,0.5807,0.06833
SD6080,12.006,0.49908,0.07682
SD6080,12.006,0.40646,0.08254
SD6080,12.006,0.34441,0.08341
SD6080,12.006,0.27971,0.08137
SD6080,12.006,0.21524,0.07606
SD6080,12.006,0.15269,0.0674
SD6080,12.006,0.09914,0.05605
SD6080,12.006,0.05667,0.0425
SD6080,12.006,0.03775,0.03369
SD6080,12.006,0.01727,0.02082
SD6080,12.006,0.01018,0.01521
SD6080,12.006,0.00318,0.00787
SD6080,12.006,0.0,-0.0
SD6080,12.006,0.00062,-0.00184
SD6080,12.006,0.00538,-0.00581
SD6080,12.006,0.01178,-0.00811
SD6080,12.006,0.02664,-0.01127
SD6080,12.006,0.05239,-0.0142
SD6080,12.006,0.08323,-0.01503
SD6080,12.006,0.12224,-0.01446
SD6080,12.006,0.17602,-0.01292
SD6080,12.006,0.23877,-0.01088
SD6080,12.006,0.30489,-0.0085
SD6080,12.006,0.36166,-0.00632
SD6080,12.006,0.41383,-0.00434
SD6080,12.006,0.47523,-0.00223
SD6080,12.006,0.53027,-0.00082
SD6080,12.006,0.58943,0.00063
SD6080,12.006,0.63386,0.00166
SD6080,12.006,0.69393,0.00274
SD6080,12.006,0.75307,0.00346
SD6080,12.006,0.81591,0.00346
SD6080,12.006,0.87412,0.00335
SD6080,12.006,0.9134,0.00282
SD6080,12.006,0.9519,0.002
SD6080,12.006,0.97337,0.0016
SD6080,12.006,0.98784,0.00093
SD6080,12.006,0.99352,0.00046
SD6080,12.006,0.99878,0.00028
SD6080,12.006,1.0,0.0
SD6080TTE,12.01,1.0,0.0
SD6080TTE,12.01,0.9998,0.00273
SD6080TTE,12.01,0.99682,0.004
SD6080TTE,12.01,0.99328,0.00438
SD6080TTE,12.01,0.98356,0.00545
SD6080TTE,12.01,0.9655,0.00756
SD6080TTE,12.01,0.92852,0.01323
SD6080TTE,12.01,0.8796,0.02092
SD6080TTE,12.01,0.83534,0.02738
SD6080TTE,12.01,0.7719,0.03767
SD6080TTE,12.01,0.72015,0.04614
SD6080TTE,12.01,0.66197,0.05548
SD6080TTE,12.01,0.59815,0.06425
SD6080TTE,12.01,0.54297,0.07083
SD6080TTE,12.01,0.48053,0.07665
SD6080TTE,12.01,0.4293,0.07984
SD6080TTE,12.01,0.34746,0.08189
SD6080TTE,12.01,0.29043,0.08045
SD6080TTE,12.01,0.23356,0.07663
SD6080TTE,12.01,0.18604,0.07121
SD6080TTE,12.01,0.14632,0.065
SD6080TTE,12.01,0.10445,0.05615
SD6080TTE,12.01,0.06446,0.04437
SD6080TTE,12.01,0.03342,0.03023
SD6080TTE,12.01,0.01231,0.01594
SD6080TTE,12.01,0.00629,0.01039
SD6080TTE,12.01,0.00163,0.00464
SD6080TTE,12.01,0.0,0.0
SD6080TTE,12.01,0.00155,-0.00392
SD6080TTE,12.01,0.00517,-0.00639
SD6080TTE,12.01,0.01381,-0.00931
SD6080TTE,12.01,0.02692,-0.01202
SD6080TTE,12.01,0.04465,-0.01429
SD6080TTE,12.01,0.08699,-0.01582
SD6080TTE,12.01,0.13981,-0.01483
SD6080TTE,12.01,0.19891,-0.01316
SD6080TTE,12.01,0.2672,-0.01093
SD6080TTE,12.01,0.32396,-0.0089
SD6080TTE,12.01,0.39456,-0.00622
SD6080TTE,12.01,0.46417,-0.00389
SD6080TTE,12.01,0.52933,-0.00221
SD6080TTE,12.01,0.59273,-0.00077
SD6080TTE,12.01,0.63891,0.00024
SD6080TTE,12.01,0.67737,0.00079
SD6080TTE,12.01,0.71977,0.00144
SD6080TTE,12.01,0.76263,0.00174
SD6080TTE,12.01,0.81964,0.00169
SD6080TTE,12.01,0.86566,0.00159
SD6080TTE,12.01,0.91167,0.00102
SD6080TTE,12.01,0.95181,0.00014
SD6080TTE,12.01,0.97953,-0.00047
SD6080TTE,12.01,0.99066,-0.00116
SD6080TTE,12.01,0.99485,-0.0015
SD6080TTE,12.01,0.99844,-0.0018
SD6080TTE,12.01,1.0,0.0
SD7003,12.029,1.0,0.0
SD7003,12.029,0.99835,0.00167
SD7003,12.029,0.99144,0.00244
SD7003,12.029,0.98072,0.00355
SD7003,12.029,0.95984,0.00564
SD7003,12.029,0.91623,0.00988
SD7003,12.029,0.86546,0.01496
SD7003,12.029,0.78327,0.02298
SD7003,12.029,0.70362,0.03055
SD7003,12.029,0.62282,0.03807
SD7003,12.029,0.53137,0.04562
SD7003,12.029,0.4537,0.05089
SD7003,12.029,0.36452,0.05525
SD7003,12.029,0.27994,0.05708
SD7003,12.029,0.20186,0.05552
SD7003,12.029,0.12918,0.04949
SD7003,12.029,0.07702,0.04066
SD7003,12.029,0.03821,0.02923
SD7003,12.029,0.0205,0.02146
SD7003,12.029,0.00968,0.01465
SD7003,12.029,0.00363,0.00854
SD7003,12.029,0.0,-0.0
SD7003,12.029,0.00104,-0.0027
SD7003,12.029,0.00341,-0.00565
SD7003,12.029,0.00981,-0.0099
SD7003,12.029,0.03079,-0.01716
SD7003,12.029,0.05997,-0.02324
SD7003,12.029,0.10826,-0.02753
SD7003,12.029,0.17601,-0.0294
SD7003,12.029,0.25357,-0.02873
SD7003,12.029,0.35759,-0.02599
SD7003,12.029,0.4665,-0.02199
SD7003,12.029,0.56973,-0.01721
SD7003,12.029,0.67179,-0.01172
SD7003,12.029,0.75444,-0.00721
SD7003,12.029,0.82285,-0.00364
SD7003,12.029,0.89391,-0.00058
SD7003,12.029,0.93863,0.00031
SD7003,12.029,0.96772,-0.00029
SD7003,12.029,0.98613,-0.00124
SD7003,12.029,0.99338,-0.00161
SD7003,12.029,0.9979,-0.0017
SD7003,12.029,1.0,0.0
SD7003A,12.034,1.0,0.0
SD7003A,12.034,0.99661,0.002
SD7003A,12.034,0.99067,0.00256
SD7003A,12.034,0.97723,0.00397
SD7003A,12.034,0.9554,0.00607
SD7003A,12.034,0.91003,0.01049
SD7003A,12.034,0.86108,0.01517
SD7003A,12.034,0.81578,0.01954
SD7003A,12.034,0.76441,0.02444
SD7003A,12.034,0.71354,0.02924
SD7003A,12.034,0.66555,0.03367
SD7003A,12.034,0.60731,0.03882
SD7003A,12.034,0.55247,0.04341
SD7003A,12.034,0.48492,0.04844
SD7003A,12.034,0.41796,0.05237
SD7003A,12.034,0.36098,0.0549
SD7003A,12.034,0.30461,0.05629
SD7003A,12.034,0.25412,0.05653
SD7003A,12.034,0.20027,0.05504
SD7003A,12.034,0.15765,0.05214
SD7003A,12.034,0.11276,0.04687
SD7003A,12.034,0.06985,0.03862
SD7003A,12.034,0.04022,0.02971
SD7003A,12.034,0.02247,0.02222
SD7003A,12.034,0.01044,0.01504
SD7003A,12.034,0.00327,0.00805
SD7003A,12.034,0.0,-0.0
SD7003A,12.034,0.00091,-0.00306
SD7003A,12.034,0.00532,-0.0078
SD7003A,12.034,0.0126,-0.01175
SD7003A,12.034,0.02639,-0.01659
SD7003A,12.034,0.04847,-0.02196
SD7003A,12.034,0.08076,-0.02641
SD7003A,12.034,0.1194,-0.02893
SD7003A,12.034,0.16902,-0.03021
SD7003A,12.034,0.22369,-0.03013
SD7003A,12.034,0.28571,-0.02882
SD7003A,12.034,0.34937,-0.02704
SD7003A,12.034,0.41625,-0.02477
SD7003A,12.034,0.47847,-0.0222
SD7003A,12.034,0.54404,-0.01916
SD7003A,12.034,0.60577,-0.01595
SD7003A,12.034,0.67726,-0.01214
SD7003A,12.034,0.74815,-0.00822
SD7003A,12.034,0.79496,-0.00577
SD7003A,12.034,0.84047,-0.00347
SD7003A,12.034,0.88421,-0.00153
SD7003A,12.034,0.9345,-0.0002
SD7003A,12.034,0.97019,-0.00079
SD7003A,12.034,0.98418,-0.00125
SD7003A,12.034,0.99156,-0.00141
SD7003A,12.034,0.99691,-0.00143
SD7003A,12.034,1.0,0.0
SD7003B,12.03,1.0,0.0
SD7003B,12.03,0.99706,0.00194
SD7003B,12.03,0.99177,0.00256
SD7003B,12.03,0.98594,0.00305
SD7003B,12.03,0.97274,0.00437
SD7003B,12.03,0.94989,0.00649
SD7003B,12.03,0.90395,0.0111
SD7003B,12.03,0.85172,0.01618
SD7003B,12.03,0.80116,0.02108
SD7003B,12.03,0.74091,0.02683
SD7003B,12.03,0.69316,0.03137
SD7003B,12.03,0.63904,0.03628
SD7003B,12.03,0.5924,0.04036
SD7003B,12.03,0.5441,0.04424
SD7003B,12.03,0.50917,0.04689
SD7003B,12.03,0.45985,0.05009
SD7003B,12.03,0.40213,0.05318
SD7003B,12.03,0.35423,0.05509
SD7003B,12.03,0.29665,0.05636
SD7003B,12.03,0.24408,0.05639
SD7003B,12.03,0.19715,0.05479
SD7003B,12.03,0.13869,0.05008
SD7003B,12.03,0.09631,0.04407
SD7003B,12.03,0.05435,0.03434
SD7003B,12.03,0.02838,0.02483
SD7003B,12.03,0.0148,0.01788
SD7003B,12.03,0.00588,0.01082
SD7003B,12.03,0.0,-0.0
SD7003B,12.03,0.00115,-0.00342
SD7003B,12.03,0.00463,-0.00736
SD7003B,12.03,0.01251,-0.01183
SD7003B,12.03,0.03496,-0.01884
SD7003B,12.03,0.07172,-0.02546
SD7003B,12.03,0.1074,-0.02818
SD7003B,12.03,0.15204,-0.02979
SD7003B,12.03,0.21359,-0.03009
SD7003B,12.03,0.2792,-0.02884
SD7003B,12.03,0.3501,-0.02687
SD7003B,12.03,0.41691,-0.02458
SD7003B,12.03,0.48216,-0.02188
SD7003B,12.03,0.54957,-0.01871
SD7003B,12.03,0.62788,-0.0146
SD7003B,12.03,0.70836,-0.01006
SD7003B,12.03,0.78332,-0.00597
SD7003B,12.03,0.85627,-0.00235
SD7003B,12.03,0.90913,-0.00024
SD7003B,12.03,0.95169,1e-05
SD7003B,12.03,0.97479,-0.00073
SD7003B,12.03,0.98972,-0.00146
SD7003B,12.03,0.99628,-0.0017
SD7003B,12.03,0.9981,-0.00167
SD7003B,12.03,1.0,0.0
SD7003C,12.027,1.0,0.0
SD7003C,12.027,0.99845,0.00201
SD7003C,12.027,0.99228,0.0028
SD7003C,12.027,0.98521,0.00358
SD7003C,12.027,0.96228,0.0059
SD7003C,12.027,0.91842,0.01039
SD7003C,12.027,0.8832,0.01377
SD7003C,12.027,0.83383,0.01858
SD7003C,12.027,0.78119,0.02367
SD7003C,12.027,0.73689,0.02792
SD7003C,12.027,0.68466,0.03279
SD7003C,12.027,0.62705,0.03803
SD7003C,12.027,0.558,0.04386
SD7003C,12.027,0.47549,0.04979
SD7003C,12.027,0.40331,0.0538
SD7003C,12.027,0.32999,0.05645
SD7003C,12.027,0.27384,0.05722
SD7003C,12.027,0.21714,0.05631
SD7003C,12.027,0.16565,0.05338
SD7003C,12.027,0.12282,0.04885
SD7003C,12.027,0.0812,0.04177
SD7003C,12.027,0.04037,0.03021
SD7003C,12.027,0.02078,0.02178
SD7003C,12.027,0.01067,0.01557
SD7003C,12.027,0.00275,0.00752
SD7003C,12.027,0.0,-0.0
SD7003C,12.027,0.00125,-0.00358
SD7003C,12.027,0.00474,-0.00728
SD7003C,12.027,0.01062,-0.01092
SD7003C,12.027,0.0215,-0.0152
SD7003C,12.027,0.0358,-0.01929
SD7003C,12.027,0.06677,-0.02489
SD7003C,12.027,0.10516,-0.02798
SD7003C,12.027,0.14505,-0.02946
SD7003C,12.027,0.20728,-0.02988
SD7003C,12.027,0.26818,-0.02895
SD7003C,12.027,0.34123,-0.02692
SD7003C,12.027,0.40624,-0.02465
SD7003C,12.027,0.4799,-0.02164
SD7003C,12.027,0.55647,-0.01802
SD7003C,12.027,0.62442,-0.01438
SD7003C,12.027,0.68151,-0.01119
SD7003C,12.027,0.74212,-0.00781
SD7003C,12.027,0.81045,-0.00423
SD7003C,12.027,0.87511,-0.00112
SD7003C,12.027,0.92515,0.00044
SD7003C,12.027,0.96051,2e-05
SD7003C,12.027,0.98089,-0.00092
SD7003C,12.027,0.99029,-0.00148
SD7003C,12.027,0.99777,-0.00172
SD7003C,12.027,1.0,0.0
SD7003D,12.025,1.0,0.0
SD7003D,12.025,0.99855,0.00149
SD7003D,12.025,0.99212,0.00234
SD7003D,12.025,0.98248,0.00344
SD7003D,12.025,0.95698,0.00593
SD7003D,12.025,0.92233,0.00942
SD7003D,12.025,0.888,0.01279
SD7003D,12.025,0.83807,0.01758
SD7003D,12.025,0.78212,0.02294
SD7003D,12.025,0.73439,0.02746
SD7003D,12.025,0.68369,0.03221
SD7003D,12.025,0.62807,0.0372
SD7003D,12.025,0.57299,0.04193
SD7003D,12.025,0.52036,0.04599
SD7003D,12.025,0.47487,0.04907
SD7003D,12.025,0.42236,0.05208
SD7003D,12.025,0.35584,0.0549
SD7003D,12.025,0.2916,0.05629
SD7003D,12.025,0.23081,0.05585
SD7003D,12.025,0.17208,0.05294
SD7003D,12.025,0.12205,0.04779
SD7003D,12.025,0.06905,0.0379
SD7003D,12.025,0.02604,0.0232
SD7003D,12.025,0.0083,0.01252
SD7003D,12.025,0.00135,0.00392
SD7003D,12.025,0.0,0.0
SD7003D,12.025,0.00052,-0.00209
SD7003D,12.025,0.0043,-0.00684
SD7003D,12.025,0.01044,-0.01078
SD7003D,12.025,0.0208,-0.01484
SD7003D,12.025,0.04074,-0.02025
SD7003D,12.025,0.07285,-0.02533
SD7003D,12.025,0.12085,-0.02853
SD7003D,12.025,0.16788,-0.02964
SD7003D,12.025,0.24117,-0.02918
SD7003D,12.025,0.32112,-0.02725
SD7003D,12.025,0.40618,-0.0243
SD7003D,12.025,0.51949,-0.01946
SD7003D,12.025,0.62499,-0.01394
SD7003D,12.025,0.70106,-0.00963
SD7003D,12.025,0.76829,-0.00594
SD7003D,12.025,0.83486,-0.00251
SD7003D,12.025,0.90325,0.00029
SD7003D,12.025,0.94657,0.00075
SD7003D,12.025,0.97785,-0.00039
SD7003D,12.025,0.98676,-0.00087
SD7003D,12.025,0.99274,-0.0012
SD7003D,12.025,0.99877,-0.00125
SD7003D,12.025,1.0,0.0
SD7003R,12.03,1.0,0.0
SD7003R,12.03,0.9985,0.0019
SD7003R,12.03,0.9932,0.00249
SD7003R,12.03,0.98686,0.00315
SD7003R,12.03,0.9733,0.00445
SD7003R,12.03,0.95149,0.0066
SD7003R,12.03,0.9076,0.01086
SD7003R,12.03,0.85674,0.01578
SD7003R,12.03,0.7992,0.02129
SD7003R,12.03,0.74005,0.02692
SD7003R,12.03,0.68241,0.03228
SD7003R,12.03,0.62939,0.03701
SD7003R,12.03,0.56269,0.04264
SD7003R,12.03,0.48816,0.04814
SD7003R,12.03,0.41985,0.05212
SD7003R,12.03,0.3705,0.05433
SD7003R,12.03,0.2952,0.05619
SD7003R,12.03,0.22473,0.05559
SD7003R,12.03,0.15572,0.05153
SD7003R,12.03,0.09394,0.04324
SD7003R,12.03,0.05855,0.03514
SD7003R,12.03,0.0316,0.02569
SD7003R,12.03,0.01254,0.01591
SD7003R,12.03,0.00254,0.0061
SD7003R,12.03,0.0,0.0
SD7003R,12.03,0.00192,-0.00477
SD7003R,12.03,0.00913,-0.01046
SD7003R,12.03,0.01966,-0.01476
SD7003R,12.03,0.03993,-0.02037
SD7003R,12.03,0.06766,-0.02522
SD7003R,12.03,0.11056,-0.02857
SD7003R,12.03,0.14828,-0.02989
SD7003R,12.03,0.20352,-0.03029
SD7003R,12.03,0.25853,-0.02942
SD7003R,12.03,0.31553,-0.02797
SD7003R,12.03,0.37324,-0.02619
SD7003R,12.03,0.4481,-0.02332
SD7003R,12.03,0.51957,-0.02014
SD7003R,12.03,0.58682,-0.01674
SD7003R,12.03,0.65013,-0.01329
SD7003R,12.03,0.71029,-0.00986
SD7003R,12.03,0.75779,-0.00716
SD7003R,12.03,0.81776,-0.00404
SD7003R,12.03,0.86491,-0.00168
SD7003R,12.03,0.91,-0.0
SD7003R,12.03,0.94514,0.00035
SD7003R,12.03,0.97461,-0.00052
SD7003R,12.03,0.98155,-0.00085
SD7003R,12.03,0.99094,-0.00135
SD7003R,12.03,0.99714,-0.00162
SD7003R,12.03,1.0,0.0
SD7032C,11.963,1.0,0.0
SD7032C,11.963,0.99788,0.0015
SD7032C,11.963,0.99251,0.00285
SD7032C,11.963,0.98586,0.00478
SD7032C,11.963,0.97531,0.00727
SD7032C,11.963,0.9445,0.01314
SD7032C,11.963,0.90739,0.01983
SD7032C,11.963,0.85655,0.02948
SD7032C,11.963,0.81714,0.03716
SD7032C,11.963,0.80383,0.04006
SD7032C,11.963,0.79457,0.04116
SD7032C,11.963,0.78859,0.04499
SD7032C,11.963,0.78486,0.04581
SD7032C,11.963,0.77441,0.04768
SD7032C,11.963,0.73922,0.05186
SD7032C,11.963,0.67833,0.05977
SD7032C,11.963,0.6136,0.06784
SD7032C,11.963,0.56683,0.07258
SD7032C,11.963,0.507,0.07732
SD7032C,11.963,0.43508,0.07985
SD7032C,11.963,0.3457,0.08308
SD7032C,11.963,0.27218,0.08262
SD7032C,11.963,0.20312,0.0778
SD7032C,11.963,0.13483,0.06655
SD7032C,11.963,0.08988,0.05568
SD7032C,11.963,0.05735,0.0438
SD7032C,11.963,0.03212,0.03167
SD7032C,11.963,0.0141,0.01936
SD7032C,11.963,0.00568,0.0111
SD7032C,11.963,0.00208,0.00602
SD7032C,11.963,0.0,0.0
SD7032C,11.963,0.00094,-0.00484
SD7032C,11.963,0.00281,-0.0077
SD7032C,11.963,0.00443,-0.00918
SD7032C,11.963,0.00616,-0.01015
SD7032C,11.963,0.01329,-0.01253
SD7032C,11.963,0.02482,-0.01518
SD7032C,11.963,0.03686,-0.01677
SD7032C,11.963,0.07162,-0.02038
SD7032C,11.963,0.11631,-0.02138
SD7032C,11.963,0.18733,-0.02248
SD7032C,11.963,0.2826,-0.01935
SD7032C,11.963,0.38225,-0.01518
SD7032C,11.963,0.48002,-0.0099
SD7032C,11.963,0.56021,-0.00575
SD7032C,11.963,0.66816,-0.00074
SD7032C,11.963,0.72514,0.00185
SD7032C,11.963,0.76998,0.00356
SD7032C,11.963,0.78215,0.00364
SD7032C,11.963,0.78908,0.003
SD7032C,11.963,0.79593,0.00234
SD7032C,11.963,0.80111,0.00223
SD7032C,11.963,0.80814,0.00207
SD7032C,11.963,0.81691,0.00278
SD7032C,11.963,0.85246,0.00324
SD7032C,11.963,0.90897,0.00279
SD7032C,11.963,0.94911,0.00209
SD7032C,11.963,0.97687,-0.00031
SD7032C,11.963,0.9885,-0.00097
SD7032C,11.963,0.99597,-0.00111
SD7032C,11.963,0.99922,-0.00107
SD7032C,11.963,1.0,0.0
SD7032D,11.996,1.0,0.0
SD7032D,11.996,0.99137,0.00286
SD7032D,11.996,0.98247,0.00444
SD7032D,11.996,0.96493,0.00751
SD7032D,11.996,0.92939,0.01376
SD7032D,11.996,0.8951,0.01948
SD7032D,11.996,0.84249,0.02917
SD7032D,11.996,0.78647,0.03883
SD7032D,11.996,0.75229,0.04509
SD7032D,11.996,0.69177,0.05506
SD7032D,11.996,0.64102,0.0624
SD7032D,11.996,0.58683,0.0689
SD7032D,11.996,0.52799,0.07486
SD7032D,11.996,0.47315,0.07913
SD7032D,11.996,0.42374,0.08227
SD7032D,11.996,0.36989,0.08379
SD7032D,11.996,0.31682,0.084
SD7032D,11.996,0.26289,0.08238
SD7032D,11.996,0.21266,0.07915
SD7032D,11.996,0.16234,0.07298
SD7032D,11.996,0.12348,0.06568
SD7032D,11.996,0.08306,0.05435
SD7032D,11.996,0.0619,0.04707
SD7032D,11.996,0.03961,0.03728
SD7032D,11.996,0.02096,0.02672
SD7032D,11.996,0.0092,0.01726
SD7032D,11.996,0.00273,0.00908
SD7032D,11.996,0.0,-0.0
SD7032D,11.996,0.00113,-0.00405
SD7032D,11.996,0.00438,-0.00727
SD7032D,11.996,0.01078,-0.01087
SD7032D,11.996,0.031,-0.01502
SD7032D,11.996,0.06577,-0.01834
SD7032D,11.996,0.11048,-0.0201
SD7032D,11.996,0.15228,-0.02071
SD7032D,11.996,0.20211,-0.01972
SD7032D,11.996,0.24471,-0.0183
SD7032D,11.996,0.31076,-0.01601
SD7032D,11.996,0.3736,-0.01372
SD7032D,11.996,0.45692,-0.00951
SD7032D,11.996,0.52521,-0.00611
SD7032D,11.996,0.60399,-0.00217
SD7032D,11.996,0.70058,0.00192
SD7032D,11.996,0.77805,0.00431
SD7032D,11.996,0.84831,0.00576
SD7032D,11.996,0.89925,0.00548
SD7032D,11.996,0.94144,0.0033
SD7032D,11.996,0.97357,0.0015
SD7032D,11.996,0.98819,0.0004
SD7032D,11.996,0.9958,0.00029
SD7032D,11.996,1.0,0.0
SD7037,11.923,1.0,0.0
SD7037,11.923,0.99929,5e-05
SD7037,11.923,0.99331,0.00138
SD7037,11.923,0.98886,0.00195
SD7037,11.923,0.97369,0.004
SD7037,11.923,0.93649,0.01081
SD7037,11.923,0.87592,0.02111
SD7037,11.923,0.80782,0.03232
SD7037,11.923,0.73151,0.04406
SD7037,11.923,0.64776,0.05466
SD7037,11.923,0.58572,0.06081
SD7037,11.923,0.51706,0.0667
SD7037,11.923,0.44411,0.07028
SD7037,11.923,0.38172,0.07208
SD7037,11.923,0.32809,0.07272
SD7037,11.923,0.26972,0.07146
SD7037,11.923,0.21907,0.0682
SD7037,11.923,0.17163,0.0632
SD7037,11.923,0.12344,0.05527
SD7037,11.923,0.08236,0.04579
SD7037,11.923,0.04524,0.03382
SD7037,11.923,0.02528,0.02568
SD7037,11.923,0.01451,0.0193
SD7037,11.923,0.00635,0.01251
SD7037,11.923,0.00131,0.00565
SD7037,11.923,0.0,-0.0
SD7037,11.923,0.001,-0.00303
SD7037,11.923,0.00317,-0.0058
SD7037,11.923,0.00628,-0.00805
SD7037,11.923,0.01237,-0.01065
SD7037,11.923,0.02077,-0.01283
SD7037,11.923,0.04601,-0.01597
SD7037,11.923,0.09997,-0.01955
SD7037,11.923,0.17663,-0.02114
SD7037,11.923,0.24444,-0.01983
SD7037,11.923,0.32451,-0.01786
SD7037,11.923,0.40798,-0.0149
SD7037,11.923,0.48859,-0.0122
SD7037,11.923,0.56361,-0.00939
SD7037,11.923,0.66498,-0.00611
SD7037,11.923,0.73236,-0.00418
SD7037,11.923,0.79819,-0.00285
SD7037,11.923,0.85561,-0.0019
SD7037,11.923,0.90268,-0.00145
SD7037,11.923,0.951,-0.0009
SD7037,11.923,0.98064,-0.0004
SD7037,11.923,0.98922,-0.00028
SD7037,11.923,0.99502,-0.0004
SD7037,11.923,0.99919,-1e-05
SD7037,11.923,1.0,0.0
SD7043,11.959,1.0,0.0
SD7043,11.959,0.99874,0.0012
SD7043,11.959,0.99193,0.0029
SD7043,11.959,0.98462,0.00453
SD7043,11.959,0.96737,0.00845
SD7043,11.959,0.92851,0.01715
SD7043,11.959,0.88433,0.02616
SD7043,11.959,0.81359,0.03946
SD7043,11.959,0.73237,0.05332
SD7043,11.959,0.64469,0.0655
SD7043,11.959,0.55543,0.07458
SD7043,11.959,0.45008,0.0811
SD7043,11.959,0.35134,0.08283
SD7043,11.959,0.2733,0.08101
SD7043,11.959,0.19497,0.07518
SD7043,11.959,0.12296,0.06475
SD7043,11.959,0.0691,0.0512
SD7043,11.959,0.04318,0.04122
SD7043,11.959,0.02601,0.03208
SD7043,11.959,0.01634,0.02526
SD7043,11.959,0.00717,0.01651
SD7043,11.959,0.00299,0.01089
SD7043,11.959,0.0,-0.0
SD7043,11.959,0.00076,-0.00234
SD7043,11.959,0.0021,-0.00401
SD7043,11.959,0.00653,-0.00649
SD7043,11.959,0.01381,-0.00935
SD7043,11.959,0.0271,-0.0127
SD7043,11.959,0.0555,-0.01564
SD7043,11.959,0.11109,-0.01723
SD7043,11.959,0.19526,-0.01555
SD7043,11.959,0.27461,-0.01191
SD7043,11.959,0.37827,-0.00634
SD7043,11.959,0.46235,-0.00181
SD7043,11.959,0.56668,0.00391
SD7043,11.959,0.66589,0.00861
SD7043,11.959,0.75556,0.01157
SD7043,11.959,0.82892,0.01267
SD7043,11.959,0.89294,0.01167
SD7043,11.959,0.93019,0.0093
SD7043,11.959,0.96463,0.00442
SD7043,11.959,0.9774,0.0024
SD7043,11.959,0.98975,0.00039
SD7043,11.959,0.99654,-0.00072
SD7043,11.959,1.0,0.0
SD7062,11.915,1.0,0.0
SD7062,11.915,0.99858,0.00128
SD7062,11.915,0.99093,0.00291
SD7062,11.915,0.98251,0.00456
SD7062,11.915,0.95556,0.01028
SD7062,11.915,0.90289,0.02164
SD7062,11.915,0.8386,0.0355
SD7062,11.915,0.77121,0.04995
SD7062,11.915,0.71025,0.06236
SD7062,11.915,0.66158,0.07149
SD7062,11.915,0.60375,0.08161
SD7062,11.915,0.54144,0.09144
SD7062,11.915,0.47657,0.09977
SD7062,11.915,0.41947,0.10497
SD7062,11.915,0.35724,0.10829
SD7062,11.915,0.28393,0.10941
SD7062,11.915,0.21095,0.10473
SD7062,11.915,0.1445,0.09412
SD7062,11.915,0.09052,0.07916
SD7062,11.915,0.05381,0.06297
SD7062,11.915,0.03165,0.04835
SD7062,11.915,0.01436,0.0317
SD7062,11.915,0.00394,0.01602
SD7062,11.915,0.00068,0.0061
SD7062,11.915,0.0,0.0
SD7062,11.915,0.0011,-0.00509
SD7062,11.915,0.00464,-0.01019
SD7062,11.915,0.01147,-0.01475
SD7062,11.915,0.02707,-0.02076
SD7062,11.915,0.05446,-0.02622
SD7062,11.915,0.08914,-0.02971
SD7062,11.915,0.13205,-0.03178
SD7062,11.915,0.18926,-0.03306
SD7062,11.915,0.26367,-0.03252
SD7062,11.915,0.33088,-0.03018
SD7062,11.915,0.39758,-0.0268
SD7062,11.915,0.46365,-0.02278
SD7062,11.915,0.53611,-0.01725
SD7062,11.915,0.60846,-0.01185
SD7062,11.915,0.68761,-0.00633
SD7062,11.915,0.75148,-0.00241
SD7062,11.915,0.81902,0.00042
SD7062,11.915,0.8748,0.00261
SD7062,11.915,0.92416,0.00285
SD7062,11.915,0.96263,0.00165
SD7062,11.915,0.98036,0.00021
SD7062,11.915,0.99012,-0.00056
SD7062,11.915,0.99375,-0.00072
SD7062,11.915,0.99747,-0.0007
SD7062,11.915,1.0,0.0
SD7080,11.994,1.0,0.0
SD7080,11.994,0.99183,0.00117
SD7080,11.994,0.98352,0.00174
SD7080,11.994,0.96858,0.0035
SD7080,11.994,0.95485,0.00542
SD7080,11.994,0.93589,0.00832
SD7080,11.994,0.9189,0.01088
SD7080,11.994,0.88226,0.01684
SD7080,11.994,0.82797,0.02559
SD7080,11.994,0.77224,0.03414
SD7080,11.994,0.73311,0.03955
SD7080,11.994,0.71136,0.04265
SD7080,11.994,0.69676,0.04483
SD7080,11.994,0.67807,0.04689
SD7080,11.994,0.6595,0.0485
SD7080,11.994,0.63631,0.05108
SD7080,11.994,0.6075,0.05468
SD7080,11.994,0.5641,0.05836
SD7080,11.994,0.49176,0.06332
SD7080,11.994,0.43149,0.06648
SD7080,11.994,0.37481,0.06858
SD7080,11.994,0.32848,0.06924
SD7080,11.994,0.27587,0.06886
SD7080,11.994,0.23356,0.06782
SD7080,11.994,0.19377,0.06581
SD7080,11.994,0.15401,0.06139
SD7080,11.994,0.11281,0.05456
SD7080,11.994,0.07803,0.04624
SD7080,11.994,0.05006,0.03645
SD7080,11.994,0.0343,0.02945
SD7080,11.994,0.01974,0.02177
SD7080,11.994,0.01025,0.01553
SD7080,11.994,0.00438,0.01055
SD7080,11.994,0.00116,0.00634
SD7080,11.994,0.0,-0.0
SD7080,11.994,0.00254,-0.00454
SD7080,11.994,0.0104,-0.009
SD7080,11.994,0.02575,-0.01287
SD7080,11.994,0.04165,-0.01529
SD7080,11.994,0.07011,-0.01892
SD7080,11.994,0.11868,-0.02311
SD7080,11.994,0.16464,-0.02511
SD7080,11.994,0.19765,-0.026
SD7080,11.994,0.23366,-0.02637
SD7080,11.994,0.2993,-0.02566
SD7080,11.994,0.34847,-0.02428
SD7080,11.994,0.41309,-0.02221
SD7080,11.994,0.47835,-0.01998
SD7080,11.994,0.53834,-0.0176
SD7080,11.994,0.58628,-0.01561
SD7080,11.994,0.62824,-0.01397
SD7080,11.994,0.68145,-0.01175
SD7080,11.994,0.72884,-0.01001
SD7080,11.994,0.77743,-0.0084
SD7080,11.994,0.8259,-0.00658
SD7080,11.994,0.86881,-0.00526
SD7080,11.994,0.9161,-0.00378
SD7080,11.994,0.94941,-0.00283
SD7080,11.994,0.97309,-0.00181
SD7080,11.994,0.98891,-0.0008
SD7080,11.994,1.0,0.0
SD7080R,11.996,1.0,0.0
SD7080R,11.996,0.9999,0.00014
SD7080R,11.996,0.99376,0.00096
SD7080R,11.996,0.98594,0.00196
SD7080R,11.996,0.96163,0.00487
SD7080R,11.996,0.91714,0.01123
SD7080R,11.996,0.84994,0.02182
SD7080R,11.996,0.77406,0.0333
SD7080R,11.996,0.72826,0.03962
SD7080R,11.996,0.68963,0.04505
SD7080R,11.996,0.65702,0.04793
SD7080R,11.996,0.6363,0.05018
SD7080R,11.996,0.61179,0.05314
SD7080R,11.996,0.57352,0.05644
SD7080R,11.996,0.49992,0.0614
SD7080R,11.996,0.43739,0.06475
SD7080R,11.996,0.35012,0.06707
SD7080R,11.996,0.26596,0.06657
SD7080R,11.996,0.20697,0.06435
SD7080R,11.996,0.15342,0.05878
SD7080R,11.996,0.11012,0.05138
SD7080R,11.996,0.07047,0.04117
SD7080R,11.996,0.04668,0.03217
SD7080R,11.996,0.03308,0.02595
SD7080R,11.996,0.01511,0.01594
SD7080R,11.996,0.00562,0.00872
SD7080R,11.996,0.00098,0.0029
SD7080R,11.996,0.0,0.0
SD7080R,11.996,0.00159,-0.00655
SD7080R,11.996,0.00555,-0.01003
SD7080R,11.996,0.01333,-0.01318
SD7080R,11.996,0.02421,-0.01578
SD7080R,11.996,0.03589,-0.01767
SD7080R,11.996,0.05181,-0.01982
SD7080R,11.996,0.07084,-0.02211
SD7080R,11.996,0.10893,-0.02546
SD7080R,11.996,0.1552,-0.02762
SD7080R,11.996,0.20519,-0.02892
SD7080R,11.996,0.28829,-0.02833
SD7080R,11.996,0.3721,-0.02582
SD7080R,11.996,0.45218,-0.02299
SD7080R,11.996,0.53688,-0.01943
SD7080R,11.996,0.63455,-0.01503
SD7080R,11.996,0.72084,-0.01131
SD7080R,11.996,0.81907,-0.00754
SD7080R,11.996,0.89835,-0.00433
SD7080R,11.996,0.95343,-0.0025
SD7080R,11.996,0.98508,-0.00082
SD7080R,11.996,0.99711,9e-05
SD7080R,11.996,1.0,0.0
SD7084,12.004,1.0,0.0
SD7084,12.004,1.00054,0.00065
SD7084,12.004,0.99653,0.00137
SD7084,12.004,0.99114,0.00222
SD7084,12.004,0.97294,0.00504
SD7084,12.004,0.93611,0.01066
SD7084,12.004,0.88482,0.01893
SD7084,12.004,0.82063,0.02921
SD7084,12.004,0.74736,0.04035
SD7084,12.004,0.68131,0.04887
SD7084,12.004,0.62448,0.05519
SD7084,12.004,0.53534,0.06299
SD7084,12.004,0.45167,0.06811
SD7084,12.004,0.38273,0.07052
SD7084,12.004,0.32521,0.07125
SD7084,12.004,0.25319,0.07007
SD7084,12.004,0.19244,0.06629
SD7084,12.004,0.13759,0.05965
SD7084,12.004,0.07344,0.04503
SD7084,12.004,0.05096,0.03696
SD7084,12.004,0.03199,0.02852
SD7084,12.004,0.01874,0.02121
SD7084,12.004,0.00632,0.01161
SD7084,12.004,0.00182,0.00612
SD7084,12.004,0.0,0.0
SD7084,12.004,0.00072,-0.00308
SD7084,12.004,0.00255,-0.00568
SD7084,12.004,0.00736,-0.00873
SD7084,12.004,0.01606,-0.0119
SD7084,12.004,0.02985,-0.01528
SD7084,12.004,0.06279,-0.02023
SD7084,12.004,0.1099,-0.024
SD7084,12.004,0.15766,-0.02593
SD7084,12.004,0.23338,-0.02676
SD7084,12.004,0.29873,-0.02622
SD7084,12.004,0.37682,-0.02466
SD7084,12.004,0.44099,-0.02295
SD7084,12.004,0.52013,-0.02032
SD7084,12.004,0.58645,-0.0178
SD7084,12.004,0.64219,-0.01549
SD7084,12.004,0.70619,-0.01276
SD7084,12.004,0.75542,-0.01058
SD7084,12.004,0.80901,-0.0083
SD7084,12.004,0.86804,-0.00576
SD7084,12.004,0.88704,-0.00497
SD7084,12.004,0.91556,-0.00379
SD7084,12.004,0.94846,-0.00243
SD7084,12.004,0.97209,-0.00159
SD7084,12.004,0.98882,-0.00096
SD7084,12.004,0.99462,-0.00073
SD7084,12.004,0.9995,-0.0005
SD7084,12.004,1.0,0.0
SD7090,11.985,1.0,0.0
SD7090,11.985,0.99809,0.00048
SD7090,11.985,0.99216,0.0013
SD7090,11.985,0.98366,0.00248
SD7090,11.985,0.96484,0.00485
SD7090,11.985,0.93672,0.00889
SD7090,11.985,0.89561,0.01491
SD7090,11.985,0.82595,0.02453
SD7090,11.985,0.74885,0.03382
SD7090,11.985,0.68385,0.04153
SD7090,11.985,0.62373,0.04777
SD7090,11.985,0.53659,0.05518
SD7090,11.985,0.47817,0.0593
SD7090,11.985,0.40677,0.06377
SD7090,11.985,0.33532,0.06612
SD7090,11.985,0.27801,0.06638
SD7090,11.985,0.23836,0.06555
SD7090,11.985,0.18226,0.06181
SD7090,11.985,0.12139,0.05399
SD7090,11.985,0.07629,0.04409
SD7090,11.985,0.04068,0.0323
SD7090,11.985,0.02135,0.02383
SD7090,11.985,0.00753,0.01387
SD7090,11.985,0.00226,0.00647
SD7090,11.985,0.0,0.0
SD7090,11.985,0.00026,-0.00311
SD7090,11.985,0.00275,-0.00807
SD7090,11.985,0.00793,-0.0127
SD7090,11.985,0.019,-0.01823
SD7090,11.985,0.03878,-0.02247
SD7090,11.985,0.07305,-0.02736
SD7090,11.985,0.12168,-0.0314
SD7090,11.985,0.17594,-0.03319
SD7090,11.985,0.22966,-0.03335
SD7090,11.985,0.29527,-0.03243
SD7090,11.985,0.35147,-0.03124
SD7090,11.985,0.3978,-0.03007
SD7090,11.985,0.46494,-0.02773
SD7090,11.985,0.52937,-0.0248
SD7090,11.985,0.59401,-0.02121
SD7090,11.985,0.66395,-0.01716
SD7090,11.985,0.73667,-0.01307
SD7090,11.985,0.79664,-0.00974
SD7090,11.985,0.86846,-0.00573
SD7090,11.985,0.90654,-0.0041
SD7090,11.985,0.95168,-0.00275
SD7090,11.985,0.97538,-0.00194
SD7090,11.985,0.99014,-0.00101
SD7090,11.985,0.99401,-0.00083
SD7090,11.985,0.99882,-0.00013
SD7090,11.985,1.0,0.0
SD8000,11.962,1.0,0.0
SD8000,11.962,1.00046,0.00111
SD8000,11.962,0.99665,0.00195
SD8000,11.962,0.98897,0.00307
SD8000,11.962,0.96936,0.00554
SD8000,11.962,0.93466,0.01027
SD8000,11.962,0.8945,0.01624
SD8000,11.962,0.82036,0.02689
SD8000,11.962,0.75841,0.03476
SD8000,11.962,0.7038,0.04128
SD8000,11.962,0.64809,0.04662
SD8000,11.962,0.57198,0.05264
SD8000,11.962,0.48977,0.05786
SD8000,11.962,0.40596,0.0613
SD8000,11.962,0.32881,0.06252
SD8000,11.962,0.25288,0.06117
SD8000,11.962,0.1766,0.0569
SD8000,11.962,0.11169,0.04938
SD8000,11.962,0.05866,0.03824
SD8000,11.962,0.03413,0.02978
SD8000,11.962,0.01668,0.0208
SD8000,11.962,0.008,0.01455
SD8000,11.962,0.00318,0.00899
SD8000,11.962,0.0,-0.0
SD8000,11.962,0.00102,-0.00319
SD8000,11.962,0.00371,-0.00622
SD8000,11.962,0.00922,-0.00961
SD8000,11.962,0.01796,-0.01358
SD8000,11.962,0.02842,-0.01697
SD8000,11.962,0.04584,-0.02041
SD8000,11.962,0.07055,-0.02359
SD8000,11.962,0.11413,-0.02689
SD8000,11.962,0.16687,-0.02834
SD8000,11.962,0.22209,-0.02834
SD8000,11.962,0.29657,-0.02675
SD8000,11.962,0.36217,-0.02436
SD8000,11.962,0.43854,-0.02091
SD8000,11.962,0.5374,-0.01575
SD8000,11.962,0.62509,-0.01101
SD8000,11.962,0.70568,-0.00666
SD8000,11.962,0.78624,-0.00248
SD8000,11.962,0.87495,0.00048
SD8000,11.962,0.93423,0.00087
SD8000,11.962,0.97424,-0.00016
SD8000,11.962,0.99198,-0.00099
SD8000,11.962,0.99724,-0.00115
SD8000,11.962,0.99949,-0.00113
SD8000,11.962,1.0,0.0
SD8020,11.935,1.0,0.0
SD8020,11.935,0.99396,0.00191
SD8020,11.935,0.9857,0.00275
SD8020,11.935,0.96612,0.0043
SD8020,11.935,0.92732,0.00795
SD8020,11.935,0.86826,0.01364
SD8020,11.935,0.80447,0.01961
SD8020,11.935,0.73551,0.02585
SD8020,11.935,0.67337,0.03114
SD8020,11.935,0.59887,0.03672
SD8020,11.935,0.51865,0.04194
SD8020,11.935,0.43092,0.0466
SD8020,11.935,0.33493,0.04972
SD8020,11.935,0.26455,0.0501
SD8020,11.935,0.18958,0.048
SD8020,11.935,0.13368,0.04383
SD8020,11.935,0.08309,0.03709
SD8020,11.935,0.0376,0.02616
SD8020,11.935,0.01708,0.01766
SD8020,11.935,0.00634,0.01068
SD8020,11.935,0.00201,0.00586
SD8020,11.935,0.0,0.0
SD8020,11.935,0.00147,-0.00625
SD8020,11.935,0.00412,-0.00985
SD8020,11.935,0.00968,-0.01413
SD8020,11.935,0.0206,-0.02008
SD8020,11.935,0.04464,-0.0291
SD8020,11.935,0.07929,-0.03733
SD8020,11.935,0.13372,-0.04507
SD8020,11.935,0.1934,-0.0497
SD8020,11.935,0.25884,-0.05173
SD8020,11.935,0.33492,-0.051
SD8020,11.935,0.40845,-0.04886
SD8020,11.935,0.49319,-0.04514
SD8020,11.935,0.5718,-0.04045
SD8020,11.935,0.66694,-0.03329
SD8020,11.935,0.7509,-0.02598
SD8020,11.935,0.82765,-0.0187
SD8020,11.935,0.9039,-0.01106
SD8020,11.935,0.95497,-0.00571
SD8020,11.935,0.98171,-0.00275
SD8020,11.935,0.99027,-0.00195
SD8020,11.935,0.99794,-0.0011
SD8020,11.935,1.0,0.0
SD8040,11.983,1.0,0.0
SD8040,11.983,0.99965,0.0004
SD8040,11.983,0.99521,0.00063
SD8040,11.983,0.98927,0.00169
SD8040,11.983,0.98316,0.00231
SD8040,11.983,0.95575,0.00536
SD8040,11.983,0.91961,0.00936
SD8040,11.983,0.87616,0.01531
SD8040,11.983,0.83607,0.02078
SD8040,11.983,0.79536,0.0266
SD8040,11.983,0.75229,0.03293
SD8040,11.983,0.71153,0.03874
SD8040,11.983,0.66984,0.04431
SD8040,11.983,0.62781,0.04995
SD8040,11.983,0.58684,0.05425
SD8040,11.983,0.54497,0.05818
SD8040,11.983,0.50241,0.0612
SD8040,11.983,0.46196,0.06398
SD8040,11.983,0.42357,0.06621
SD8040,11.983,0.38505,0.06785
SD8040,11.983,0.3464,0.06855
SD8040,11.983,0.30158,0.06867
SD8040,11.983,0.25831,0.06831
SD8040,11.983,0.2209,0.06686
SD8040,11.983,0.16299,0.06167
SD8040,11.983,0.10802,0.05288
SD8040,11.983,0.07243,0.04403
SD8040,11.983,0.04372,0.0334
SD8040,11.983,0.02237,0.02376
SD8040,11.983,0.01244,0.01812
SD8040,11.983,0.00365,0.01007
SD8040,11.983,0.0,-0.0
SD8040,11.983,0.00137,-0.00569
SD8040,11.983,0.00413,-0.01087
SD8040,11.983,0.0078,-0.01426
SD8040,11.983,0.01781,-0.01932
SD8040,11.983,0.02962,-0.02226
SD8040,11.983,0.07618,-0.02874
SD8040,11.983,0.07876,-0.02907
SD8040,11.983,0.12049,-0.03167
SD8040,11.983,0.16063,-0.03279
SD8040,11.983,0.20477,-0.03241
SD8040,11.983,0.24661,-0.03109
SD8040,11.983,0.28913,-0.02979
SD8040,11.983,0.3318,-0.02825
SD8040,11.983,0.3707,-0.02704
SD8040,11.983,0.43114,-0.02456
SD8040,11.983,0.51941,-0.02103
SD8040,11.983,0.61451,-0.01724
SD8040,11.983,0.70186,-0.01217
SD8040,11.983,0.77828,-0.00785
SD8040,11.983,0.84101,-0.00515
SD8040,11.983,0.88632,-0.00448
SD8040,11.983,0.93238,-0.00406
SD8040,11.983,0.96097,-0.00276
SD8040,11.983,0.98033,-0.00192
SD8040,11.983,0.98804,-0.00097
SD8040,11.983,0.9904,-0.00123
SD8040,11.983,0.99542,-0.00056
SD8040,11.983,0.99835,-0.00037
SD8040,11.983,1.0,0.0
SPICA,11.96,1.0,0.0
SPICA,11.96,0.99747,0.00218
SPICA,11.96,0.98865,0.00375
SPICA,11.96,0.97029,0.00686
SPICA,11.96,0.92254,0.01496
SPICA,11.96,0.85855,0.02619
SPICA,11.96,0.77971,0.0405
SPICA,11.96,0.68977,0.05706
SPICA,11.96,0.59982,0.07254
SPICA,11.96,0.50396,0.08771
SPICA,11.96,0.42396,0.0974
SPICA,11.96,0.33472,0.10149
SPICA,11.96,0.24624,0.09962
SPICA,11.96,0.17395,0.09128
SPICA,11.96,0.10819,0.0755
SPICA,11.96,0.06122,0.05629
SPICA,11.96,0.0279,0.03758
SPICA,11.96,0.01155,0.02351
SPICA,11.96,0.00566,0.01562
SPICA,11.96,0.00224,0.00889
SPICA,11.96,0.0,0.0
SPICA,11.96,0.0006,-0.0044
SPICA,11.96,0.0021,-0.00766
SPICA,11.96,0.00603,-0.01151
SPICA,11.96,0.01313,-0.01472
SPICA,11.96,0.02579,-0.01662
SPICA,11.96,0.05337,-0.01706
SPICA,11.96,0.13855,-0.01653
SPICA,11.96,0.27127,-0.01512
SPICA,11.96,0.37689,-0.01423
SPICA,11.96,0.4715,-0.0131
SPICA,11.96,0.55852,-0.01217
SPICA,11.96,0.63629,-0.01128
SPICA,11.96,0.73344,-0.01016
SPICA,11.96,0.81667,-0.00892
SPICA,11.96,0.89714,-0.00671
SPICA,11.96,0.94426,-0.00477
SPICA,11.96,0.98203,-0.00305
SPICA,11.96,0.98989,-0.00259
SPICA,11.96,0.99763,-0.00191
SPICA,11.96,1.0,0.0
WB13535,11.956,1.0,0.0
WB13535,11.956,0.99821,0.00274
WB13535,11.956,0.99188,0.00445
WB13535,11.956,0.98481,0.00608
WB13535,11.956,0.96319,0.01048
WB13535,11.956,0.92894,0.01721
WB13535,11.956,0.87438,0.02743
WB13535,11.956,0.81262,0.03955
WB13535,11.956,0.75053,0.05152
WB13535,11.956,0.7,0.06086
WB13535,11.956,0.62886,0.07332
WB13535,11.956,0.56368,0.08158
WB13535,11.956,0.50644,0.08754
WB13535,11.956,0.43789,0.09367
WB13535,11.956,0.37012,0.09633
WB13535,11.956,0.30793,0.09621
WB13535,11.956,0.25066,0.09418
WB13535,11.956,0.19031,0.0882
WB13535,11.956,0.14094,0.07863
WB13535,11.956,0.09773,0.06491
WB13535,11.956,0.06119,0.04891
WB13535,11.956,0.03477,0.03555
WB13535,11.956,0.01358,0.02146
WB13535,11.956,0.00457,0.01238
WB13535,11.956,0.00158,0.00717
WB13535,11.956,0.0,0.0
WB13535,11.956,0.00046,-0.00433
WB13535,11.956,0.00207,-0.00719
WB13535,11.956,0.00972,-0.01375
WB13535,11.956,0.01297,-0.01638
WB13535,11.956,0.01887,-0.01908
WB13535,11.956,0.02815,-0.02308
WB13535,11.956,0.04827,-0.02948
WB13535,11.956,0.08172,-0.03637
WB13535,11.956,0.12166,-0.04183
WB13535,11.956,0.16424,-0.04421
WB13535,11.956,0.2163,-0.043
WB13535,11.956,0.27413,-0.03907
WB13535,11.956,0.33433,-0.03411
WB13535,11.956,0.41105,-0.02751
WB13535,11.956,0.48508,-0.02135
WB13535,11.956,0.55472,-0.01631
WB13535,11.956,0.62232,-0.01219
WB13535,11.956,0.67693,-0.0095
WB13535,11.956,0.73298,-0.00793
WB13535,11.956,0.78998,-0.00708
WB13535,11.956,0.85532,-0.0063
WB13535,11.956,0.90696,-0.00578
WB13535,11.956,0.95165,-0.0052
WB13535,11.956,0.97784,-0.00383
WB13535,11.956,0.98772,-0.00308
WB13535,11.956,0.99297,-0.00293
WB13535,11.956,0.99738,-0.00254
WB13535,11.956,1.0,0.0
WB14035,11.985,1.0,0.0
WB14035,11.985,0.99723,0.00331
WB14035,11.985,0.99072,0.00555
WB14035,11.985,0.98199,0.00864
WB14035,11.985,0.95585,0.01663
WB14035,11.985,0.93184,0.02317
WB14035,11.985,0.89998,0.03098
WB14035,11.985,0.86854,0.03837
WB14035,11.985,0.82209,0.04901
WB14035,11.985,0.76684,0.06102
WB14035,11.985,0.70863,0.07278
WB14035,11.985,0.64966,0.08378
WB14035,11.985,0.59546,0.09232
WB14035,11.985,0.53052,0.09962
WB14035,11.985,0.44053,0.10466
WB14035,11.985,0.3644,0.10427
WB14035,11.985,0.30002,0.10112
WB14035,11.985,0.23707,0.09598
WB14035,11.985,0.17643,0.08673
WB14035,11.985,0.11345,0.06943
WB14035,11.985,0.06669,0.05044
WB14035,11.985,0.03588,0.03498
WB14035,11.985,0.01392,0.02054
WB14035,11.985,0.00542,0.01259
WB14035,11.985,0.0,0.0
WB14035,11.985,0.00139,-0.00545
WB14035,11.985,0.00482,-0.0092
WB14035,11.985,0.01433,-0.01452
WB14035,11.985,0.03152,-0.02117
WB14035,11.985,0.05959,-0.02869
WB14035,11.985,0.11668,-0.03807
WB14035,11.985,0.17375,-0.04098
WB14035,11.985,0.25293,-0.03858
WB14035,11.985,0.32927,-0.03509
WB14035,11.985,0.41526,-0.03066
WB14035,11.985,0.51953,-0.02546
WB14035,11.985,0.60202,-0.02154
WB14035,11.985,0.69153,-0.01732
WB14035,11.985,0.76755,-0.01374
WB14035,11.985,0.83783,-0.01025
WB14035,11.985,0.8918,-0.00751
WB14035,11.985,0.93869,-0.0048
WB14035,11.985,0.97036,-0.00336
WB14035,11.985,0.98701,-0.00265
WB14035,11.985,0.99303,-0.00287
WB14035,11.985,0.997,-0.00276
WB14035,11.985,1.0,0.0
