airfoil_label,model,family,asb_name,builder,config,xtr_upper,xtr_lower,Re,alpha,CL,CD,datafile,fig,dap_name,cor_name,geom_source
AQUILA,AQUILA,AQUILA,,OSTRANDER,clean,,,59400,-1.86,0.261,0.0238,PDAQ,12.1,AQUILA,AQUILA,measured
AQUILA,AQUILA,AQUILA,,OSTRANDER,clean,,,59400,-0.83,0.352,0.0224,PDAQ,12.1,AQUILA,AQUILA,measured
AQUILA,AQUILA,AQUILA,,OSTRANDER,clean,,,59400,0.18,0.445,0.0213,PDAQ,12.1,AQUILA,AQUILA,measured
AQUILA,AQUILA,AQUILA,,OSTRANDER,clean,,,59400,1.2,0.525,0.0224,PDAQ,12.1,AQUILA,AQUILA,measured
AQUILA,AQUILA,AQUILA,,OSTRANDER,clean,,,59400,2.23,0.607,0.0298,PDAQ,12.1,AQUILA,AQUILA,measured
AQUILA,AQUILA,AQUILA,,OSTRANDER,clean,,,59400,3.23,0.686,0.0291,PDAQ,12.1,AQUILA,AQUILA,measured
AQUILA,AQUILA,AQUILA,,OSTRANDER,clean,,,59400,4.26,0.764,0.0354,PDAQ,12.1,AQUILA,AQUILA,measured
AQUILA,AQUILA,AQUILA,,OSTRANDER,clean,,,59400,5.27,0.839,0.0358,PDAQ,12.1,AQUILA,AQUILA,measured
AQUILA,AQUILA,AQUILA,,OSTRANDER,clean,,,59400,6.28,0.911,0.0404,PDAQ,12.1,AQUILA,AQUILA,measured
AQUILA,AQUILA,AQUILA,,OSTRANDER,clean,,,59400,7.3,0.989,0.0373,PDAQ,12.1,AQUILA,AQUILA,measured
AQUILA,AQUILA,AQUILA,,OSTRANDER,clean,,,59400,8.33,1.061,0.0383,PDAQ,12.1,AQUILA,AQUILA,measured
AQUILA,AQUILA,AQUILA,,OSTRANDER,clean,,,59400,9.34,1.12,0.0422,PDAQ,12.1,AQUILA,AQUILA,measured
AQUILA,AQUILA,AQUILA,,OSTRANDER,clean,,,59400,10.34,1.148,0.0507,PDAQ,12.1,AQUILA,AQUILA,measured
AQUILA,AQUILA,AQUILA,,OSTRANDER,clean,,,101100,-1.86,0.251,0.0196,PDAQ,12.1,AQUILA,AQUILA,measured
AQUILA,AQUILA,AQUILA,,OSTRANDER,clean,,,101100,-0.84,0.34,0.0179,PDAQ,12.1,AQUILA,AQUILA,measured
AQUILA,AQUILA,AQUILA,,OSTRANDER,clean,,,101100,0.18,0.45,0.0152,PDAQ,12.1,AQUILA,AQUILA,measured
AQUILA,AQUILA,AQUILA,,OSTRANDER,clean,,,101100,1.21,0.538,0.0153,PDAQ,12.1,AQUILA,AQUILA,measured
AQUILA,AQUILA,AQUILA,,OSTRANDER,clean,,,101100,2.22,0.625,0.0166,PDAQ,12.1,AQUILA,AQUILA,measured
AQUILA,AQUILA,AQUILA,,OSTRANDER,clean,,,101100,3.24,0.726,0.0184,PDAQ,12.1,AQUILA,AQUILA,measured
AQUILA,AQUILA,AQUILA,,OSTRANDER,clean,,,101100,4.27,0.815,0.0197,PDAQ,12.1,AQUILA,AQUILA,measured
AQUILA,AQUILA,AQUILA,,OSTRANDER,clean,,,101100,5.28,0.899,0.0206,PDAQ,12.1,AQUILA,AQUILA,measured
AQUILA,AQUILA,AQUILA,,OSTRANDER,clean,,,101100,6.29,0.984,0.0215,PDAQ,12.1,AQUILA,AQUILA,measured
AQUILA,AQUILA,AQUILA,,OSTRANDER,clean,,,101100,7.33,1.069,0.0239,PDAQ,12.1,AQUILA,AQUILA,measured
AQUILA,AQUILA,AQUILA,,OSTRANDER,clean,,,101100,8.33,1.146,0.0251,PDAQ,12.1,AQUILA,AQUILA,measured
AQUILA,AQUILA,AQUILA,,OSTRANDER,clean,,,101100,9.35,1.215,0.0285,PDAQ,12.1,AQUILA,AQUILA,measured
AQUILA,AQUILA,AQUILA,,OSTRANDER,clean,,,101100,10.36,1.241,0.0359,PDAQ,12.1,AQUILA,AQUILA,measured
AQUILA,AQUILA,AQUILA,,OSTRANDER,clean,,,101100,11.36,1.28,0.0385,PDAQ,12.1,AQUILA,AQUILA,measured
AQUILA,AQUILA,AQUILA,,OSTRANDER,clean,,,101100,12.37,1.298,0.0471,PDAQ,12.1,AQUILA,AQUILA,measured
AQUILA,AQUILA,AQUILA,,OSTRANDER,clean,,,101100,13.37,1.295,0.0573,PDAQ,12.1,AQUILA,AQUILA,measured
AQUILA,AQUILA,AQUILA,,OSTRANDER,clean,,,150500,1.19,0.537,0.0128,PDAQ,12.1,AQUILA,AQUILA,measured
AQUILA,AQUILA,AQUILA,,OSTRANDER,clean,,,150500,3.24,0.732,0.0154,PDAQ,12.1,AQUILA,AQUILA,measured
AQUILA,AQUILA,AQUILA,,OSTRANDER,clean,,,150500,5.28,0.916,0.0176,PDAQ,12.1,AQUILA,AQUILA,measured
AQUILA,AQUILA,AQUILA,,OSTRANDER,clean,,,150500,7.32,1.087,0.0214,PDAQ,12.1,AQUILA,AQUILA,measured
AQUILA,AQUILA,AQUILA,,OSTRANDER,clean,,,150500,8.34,1.159,0.0221,PDAQ,12.1,AQUILA,AQUILA,measured
AQUILA,AQUILA,AQUILA,,OSTRANDER,clean,,,150500,9.36,1.217,0.0245,PDAQ,12.1,AQUILA,AQUILA,measured
AQUILA,AQUILA,AQUILA,,OSTRANDER,clean,,,150500,11.37,1.292,0.0346,PDAQ,12.1,AQUILA,AQUILA,measured
AQUILA,AQUILA,AQUILA,,OSTRANDER,clean,,,203900,-1.89,0.235,0.0162,PDAQ,12.1,AQUILA,AQUILA,measured
AQUILA,AQUILA,AQUILA,,OSTRANDER,clean,,,203900,-0.85,0.336,0.0141,PDAQ,12.1,AQUILA,AQUILA,measured
AQUILA,AQUILA,AQUILA,,OSTRANDER,clean,,,203900,0.17,0.439,0.0128,PDAQ,12.1,AQUILA,AQUILA,measured
AQUILA,AQUILA,AQUILA,,OSTRANDER,clean,,,203900,1.19,0.541,0.0113,PDAQ,12.1,AQUILA,AQUILA,measured
AQUILA,AQUILA,AQUILA,,OSTRANDER,clean,,,203900,2.22,0.641,0.0124,PDAQ,12.1,AQUILA,AQUILA,measured
AQUILA,AQUILA,AQUILA,,OSTRANDER,clean,,,203900,3.26,0.741,0.013,PDAQ,12.1,AQUILA,AQUILA,measured
AQUILA,AQUILA,AQUILA,,OSTRANDER,clean,,,203900,4.26,0.833,0.0138,PDAQ,12.1,AQUILA,AQUILA,measured
AQUILA,AQUILA,AQUILA,,OSTRANDER,clean,,,203900,5.28,0.921,0.015,PDAQ,12.1,AQUILA,AQUILA,measured
AQUILA,AQUILA,AQUILA,,OSTRANDER,clean,,,203900,6.31,1.006,0.017,PDAQ,12.1,AQUILA,AQUILA,measured
AQUILA,AQUILA,AQUILA,,OSTRANDER,clean,,,203900,7.32,1.085,0.0182,PDAQ,12.1,AQUILA,AQUILA,measured
AQUILA,AQUILA,AQUILA,,OSTRANDER,clean,,,203900,8.34,1.156,0.0193,PDAQ,12.1,AQUILA,AQUILA,measured
AQUILA,AQUILA,AQUILA,,OSTRANDER,clean,,,203900,9.35,1.216,0.0222,PDAQ,12.1,AQUILA,AQUILA,measured
AQUILA,AQUILA,AQUILA,,OSTRANDER,clean,,,203900,10.37,1.268,0.0265,PDAQ,12.1,AQUILA,AQUILA,measured
AQUILA,AQUILA,AQUILA,,OSTRANDER,clean,,,203900,11.35,1.302,0.0314,PDAQ,12.1,AQUILA,AQUILA,measured
AQUILA,AQUILA,AQUILA,,OSTRANDER,clean,,,203900,12.37,1.312,0.0356,PDAQ,12.1,AQUILA,AQUILA,measured
AQUILA,AQUILA,AQUILA,,OSTRANDER,clean,,,203900,13.38,1.305,0.0475,PDAQ,12.1,AQUILA,AQUILA,measured
AQUILA,AQUILA,AQUILA,,OSTRANDER,clean,,,203900,14.36,1.292,0.067,PDAQ,12.1,AQUILA,AQUILA,measured
AQUILA,AQUILA,AQUILA,,OSTRANDER,clean,,,301100,-3.93,0.041,0.0254,PDAQ,12.1,AQUILA,AQUILA,measured
AQUILA,AQUILA,AQUILA,,OSTRANDER,clean,,,301100,-2.91,0.143,0.0187,PDAQ,12.1,AQUILA,AQUILA,measured
AQUILA,AQUILA,AQUILA,,OSTRANDER,clean,,,301100,-1.87,0.248,0.0143,PDAQ,12.1,AQUILA,AQUILA,measured
AQUILA,AQUILA,AQUILA,,OSTRANDER,clean,,,301100,-0.89,0.346,0.0122,PDAQ,12.1,AQUILA,AQUILA,measured
AQUILA,AQUILA,AQUILA,,OSTRANDER,clean,,,301100,0.14,0.448,0.0113,PDAQ,12.1,AQUILA,AQUILA,measured
AQUILA,AQUILA,AQUILA,,OSTRANDER,clean,,,301100,1.13,0.545,0.0091,PDAQ,12.1,AQUILA,AQUILA,measured
AQUILA,AQUILA,AQUILA,,OSTRANDER,clean,,,301100,2.18,0.646,0.0099,PDAQ,12.1,AQUILA,AQUILA,measured
AQUILA,AQUILA,AQUILA,,OSTRANDER,clean,,,301100,3.21,0.742,0.0111,PDAQ,12.1,AQUILA,AQUILA,measured
AQUILA,AQUILA,AQUILA,,OSTRANDER,clean,,,301100,4.23,0.834,0.0119,PDAQ,12.1,AQUILA,AQUILA,measured
AQUILA,AQUILA,AQUILA,,OSTRANDER,clean,,,301100,5.28,0.925,0.0131,PDAQ,12.1,AQUILA,AQUILA,measured
AQUILA,AQUILA,AQUILA,,OSTRANDER,clean,,,301100,6.3,1.01,0.0139,PDAQ,12.1,AQUILA,AQUILA,measured
AQUILA,AQUILA,AQUILA,,OSTRANDER,clean,,,301100,7.32,1.088,0.0152,PDAQ,12.1,AQUILA,AQUILA,measured
CLARK-Y,CLARK-Y,CLARK-Y,clarky,WATSON/BOREN,clean,,,61300,-3.95,-0.21,0.0282,PDCL,12.3,CLARK-Y,CLARK-Y,measured
CLARK-Y,CLARK-Y,CLARK-Y,clarky,WATSON/BOREN,clean,,,61300,-2.92,-0.1,0.0269,PDCL,12.3,CLARK-Y,CLARK-Y,measured
CLARK-Y,CLARK-Y,CLARK-Y,clarky,WATSON/BOREN,clean,,,61300,-1.9,0.006,0.0223,PDCL,12.3,CLARK-Y,CLARK-Y,measured
CLARK-Y,CLARK-Y,CLARK-Y,clarky,WATSON/BOREN,clean,,,61300,-0.88,0.113,0.0252,PDCL,12.3,CLARK-Y,CLARK-Y,measured
CLARK-Y,CLARK-Y,CLARK-Y,clarky,WATSON/BOREN,clean,,,61300,0.15,0.245,0.0278,PDCL,12.3,CLARK-Y,CLARK-Y,measured
CLARK-Y,CLARK-Y,CLARK-Y,clarky,WATSON/BOREN,clean,,,61300,1.18,0.365,0.0313,PDCL,12.3,CLARK-Y,CLARK-Y,measured
CLARK-Y,CLARK-Y,CLARK-Y,clarky,WATSON/BOREN,clean,,,61300,2.2,0.522,0.0324,PDCL,12.3,CLARK-Y,CLARK-Y,measured
CLARK-Y,CLARK-Y,CLARK-Y,clarky,WATSON/BOREN,clean,,,61300,3.24,0.646,0.0303,PDCL,12.3,CLARK-Y,CLARK-Y,measured
CLARK-Y,CLARK-Y,CLARK-Y,clarky,WATSON/BOREN,clean,,,61300,4.26,0.744,0.0284,PDCL,12.3,CLARK-Y,CLARK-Y,measured
CLARK-Y,CLARK-Y,CLARK-Y,clarky,WATSON/BOREN,clean,,,61300,5.28,0.836,0.0271,PDCL,12.3,CLARK-Y,CLARK-Y,measured
CLARK-Y,CLARK-Y,CLARK-Y,clarky,WATSON/BOREN,clean,,,61300,6.29,0.918,0.0266,PDCL,12.3,CLARK-Y,CLARK-Y,measured
CLARK-Y,CLARK-Y,CLARK-Y,clarky,WATSON/BOREN,clean,,,61300,7.32,1.005,0.0283,PDCL,12.3,CLARK-Y,CLARK-Y,measured
CLARK-Y,CLARK-Y,CLARK-Y,clarky,WATSON/BOREN,clean,,,61300,8.33,1.079,0.0305,PDCL,12.3,CLARK-Y,CLARK-Y,measured
CLARK-Y,CLARK-Y,CLARK-Y,clarky,WATSON/BOREN,clean,,,61300,9.34,1.152,0.0326,PDCL,12.3,CLARK-Y,CLARK-Y,measured
CLARK-Y,CLARK-Y,CLARK-Y,clarky,WATSON/BOREN,clean,,,61300,10.35,1.172,0.0332,PDCL,12.3,CLARK-Y,CLARK-Y,measured
CLARK-Y,CLARK-Y,CLARK-Y,clarky,WATSON/BOREN,clean,,,61300,11.34,1.172,0.0364,PDCL,12.3,CLARK-Y,CLARK-Y,measured
CLARK-Y,CLARK-Y,CLARK-Y,clarky,WATSON/BOREN,clean,,,102600,-3.94,-0.137,0.0228,PDCL,12.3,CLARK-Y,CLARK-Y,measured
CLARK-Y,CLARK-Y,CLARK-Y,clarky,WATSON/BOREN,clean,,,102600,-2.92,0.002,0.0208,PDCL,12.3,CLARK-Y,CLARK-Y,measured
CLARK-Y,CLARK-Y,CLARK-Y,clarky,WATSON/BOREN,clean,,,102600,-1.87,0.137,0.0198,PDCL,12.3,CLARK-Y,CLARK-Y,measured
CLARK-Y,CLARK-Y,CLARK-Y,clarky,WATSON/BOREN,clean,,,102600,-0.85,0.287,0.0189,PDCL,12.3,CLARK-Y,CLARK-Y,measured
CLARK-Y,CLARK-Y,CLARK-Y,clarky,WATSON/BOREN,clean,,,102600,0.17,0.399,0.0192,PDCL,12.3,CLARK-Y,CLARK-Y,measured
CLARK-Y,CLARK-Y,CLARK-Y,clarky,WATSON/BOREN,clean,,,102600,1.2,0.501,0.0179,PDCL,12.3,CLARK-Y,CLARK-Y,measured
CLARK-Y,CLARK-Y,CLARK-Y,clarky,WATSON/BOREN,clean,,,102600,2.21,0.595,0.0184,PDCL,12.3,CLARK-Y,CLARK-Y,measured
CLARK-Y,CLARK-Y,CLARK-Y,clarky,WATSON/BOREN,clean,,,102600,3.25,0.691,0.0179,PDCL,12.3,CLARK-Y,CLARK-Y,measured
CLARK-Y,CLARK-Y,CLARK-Y,clarky,WATSON/BOREN,clean,,,102600,4.25,0.782,0.0186,PDCL,12.3,CLARK-Y,CLARK-Y,measured
CLARK-Y,CLARK-Y,CLARK-Y,clarky,WATSON/BOREN,clean,,,102600,5.28,0.876,0.019,PDCL,12.3,CLARK-Y,CLARK-Y,measured
CLARK-Y,CLARK-Y,CLARK-Y,clarky,WATSON/BOREN,clean,,,102600,6.29,0.963,0.0209,PDCL,12.3,CLARK-Y,CLARK-Y,measured
CLARK-Y,CLARK-Y,CLARK-Y,clarky,WATSON/BOREN,clean,,,102600,7.32,1.043,0.0214,PDCL,12.3,CLARK-Y,CLARK-Y,measured
CLARK-Y,CLARK-Y,CLARK-Y,clarky,WATSON/BOREN,clean,,,102600,8.34,1.126,0.0225,PDCL,12.3,CLARK-Y,CLARK-Y,measured
CLARK-Y,CLARK-Y,CLARK-Y,clarky,WATSON/BOREN,clean,,,102600,9.36,1.198,0.0259,PDCL,12.3,CLARK-Y,CLARK-Y,measured
CLARK-Y,CLARK-Y,CLARK-Y,clarky,WATSON/BOREN,clean,,,102600,10.36,1.213,0.0299,PDCL,12.3,CLARK-Y,CLARK-Y,measured
CLARK-Y,CLARK-Y,CLARK-Y,clarky,WATSON/BOREN,clean,,,102600,11.35,1.21,0.0383,PDCL,12.3,CLARK-Y,CLARK-Y,measured
CLARK-Y,CLARK-Y,CLARK-Y,clarky,WATSON/BOREN,clean,,,203800,-3.96,-0.011,0.0143,PDCL,12.3,CLARK-Y,CLARK-Y,measured
CLARK-Y,CLARK-Y,CLARK-Y,clarky,WATSON/BOREN,clean,,,203800,-2.9,0.086,0.0128,PDCL,12.3,CLARK-Y,CLARK-Y,measured
CLARK-Y,CLARK-Y,CLARK-Y,clarky,WATSON/BOREN,clean,,,203800,-1.91,0.176,0.012,PDCL,12.3,CLARK-Y,CLARK-Y,measured
CLARK-Y,CLARK-Y,CLARK-Y,clarky,WATSON/BOREN,clean,,,203800,-0.85,0.272,0.0097,PDCL,12.3,CLARK-Y,CLARK-Y,measured
CLARK-Y,CLARK-Y,CLARK-Y,clarky,WATSON/BOREN,clean,,,203800,0.17,0.399,0.0098,PDCL,12.3,CLARK-Y,CLARK-Y,measured
CLARK-Y,CLARK-Y,CLARK-Y,clarky,WATSON/BOREN,clean,,,203800,1.19,0.496,0.0098,PDCL,12.3,CLARK-Y,CLARK-Y,measured
CLARK-Y,CLARK-Y,CLARK-Y,clarky,WATSON/BOREN,clean,,,203800,2.22,0.596,0.0104,PDCL,12.3,CLARK-Y,CLARK-Y,measured
CLARK-Y,CLARK-Y,CLARK-Y,clarky,WATSON/BOREN,clean,,,203800,3.24,0.691,0.0114,PDCL,12.3,CLARK-Y,CLARK-Y,measured
CLARK-Y,CLARK-Y,CLARK-Y,clarky,WATSON/BOREN,clean,,,203800,4.27,0.788,0.0124,PDCL,12.3,CLARK-Y,CLARK-Y,measured
CLARK-Y,CLARK-Y,CLARK-Y,clarky,WATSON/BOREN,clean,,,203800,5.28,0.874,0.0134,PDCL,12.3,CLARK-Y,CLARK-Y,measured
CLARK-Y,CLARK-Y,CLARK-Y,clarky,WATSON/BOREN,clean,,,203800,6.3,0.96,0.0151,PDCL,12.3,CLARK-Y,CLARK-Y,measured
CLARK-Y,CLARK-Y,CLARK-Y,clarky,WATSON/BOREN,clean,,,203800,7.31,1.041,0.0162,PDCL,12.3,CLARK-Y,CLARK-Y,measured
CLARK-Y,CLARK-Y,CLARK-Y,clarky,WATSON/BOREN,clean,,,203800,8.34,1.109,0.0187,PDCL,12.3,CLARK-Y,CLARK-Y,measured
CLARK-Y,CLARK-Y,CLARK-Y,clarky,WATSON/BOREN,clean,,,203800,9.34,1.147,0.0216,PDCL,12.3,CLARK-Y,CLARK-Y,measured
CLARK-Y,CLARK-Y,CLARK-Y,clarky,WATSON/BOREN,clean,,,203800,10.34,1.163,0.0271,PDCL,12.3,CLARK-Y,CLARK-Y,measured
CLARK-Y,CLARK-Y,CLARK-Y,clarky,WATSON/BOREN,clean,,,203800,11.35,1.168,0.0349,PDCL,12.3,CLARK-Y,CLARK-Y,measured
CLARK-Y,CLARK-Y,CLARK-Y,clarky,WATSON/BOREN,clean,,,203800,12.34,1.17,0.0427,PDCL,12.3,CLARK-Y,CLARK-Y,measured
CLARK-Y,CLARK-Y,CLARK-Y,clarky,WATSON/BOREN,clean,,,203800,13.36,1.166,0.0539,PDCL,12.3,CLARK-Y,CLARK-Y,measured
CLARK-Y,CLARK-Y,CLARK-Y,clarky,WATSON/BOREN,clean,,,203800,14.35,1.148,0.0724,PDCL,12.3,CLARK-Y,CLARK-Y,measured
CLARK-Y,CLARK-Y,CLARK-Y,clarky,WATSON/BOREN,clean,,,301200,-4.93,-0.098,0.0136,PDCL,12.3,CLARK-Y,CLARK-Y,measured
CLARK-Y,CLARK-Y,CLARK-Y,clarky,WATSON/BOREN,clean,,,301200,-3.91,-0.007,0.012,PDCL,12.3,CLARK-Y,CLARK-Y,measured
CLARK-Y,CLARK-Y,CLARK-Y,clarky,WATSON/BOREN,clean,,,301200,-2.9,0.088,0.011,PDCL,12.3,CLARK-Y,CLARK-Y,measured
CLARK-Y,CLARK-Y,CLARK-Y,clarky,WATSON/BOREN,clean,,,301200,-1.87,0.188,0.0103,PDCL,12.3,CLARK-Y,CLARK-Y,measured
CLARK-Y,CLARK-Y,CLARK-Y,clarky,WATSON/BOREN,clean,,,301200,-0.86,0.283,0.0092,PDCL,12.3,CLARK-Y,CLARK-Y,measured
CLARK-Y,CLARK-Y,CLARK-Y,clarky,WATSON/BOREN,clean,,,301200,0.16,0.407,0.0084,PDCL,12.3,CLARK-Y,CLARK-Y,measured
CLARK-Y,CLARK-Y,CLARK-Y,clarky,WATSON/BOREN,clean,,,301200,1.2,0.51,0.0087,PDCL,12.3,CLARK-Y,CLARK-Y,measured
CLARK-Y,CLARK-Y,CLARK-Y,clarky,WATSON/BOREN,clean,,,301200,2.23,0.605,0.0095,PDCL,12.3,CLARK-Y,CLARK-Y,measured
CLARK-Y,CLARK-Y,CLARK-Y,clarky,WATSON/BOREN,clean,,,301200,3.24,0.699,0.0101,PDCL,12.3,CLARK-Y,CLARK-Y,measured
CLARK-Y,CLARK-Y,CLARK-Y,clarky,WATSON/BOREN,clean,,,301200,4.26,0.791,0.0112,PDCL,12.3,CLARK-Y,CLARK-Y,measured
CLARK-Y,CLARK-Y,CLARK-Y,clarky,WATSON/BOREN,clean,,,301200,5.29,0.882,0.012,PDCL,12.3,CLARK-Y,CLARK-Y,measured
DAE51,DAE51,DAE51,dae51,ILLICK,clean,,,60400,-2.91,0.041,0.0296,PDDAE,12.5,DAE51,DAE51,measured
DAE51,DAE51,DAE51,dae51,ILLICK,clean,,,60400,-1.89,0.157,0.0246,PDDAE,12.5,DAE51,DAE51,measured
DAE51,DAE51,DAE51,dae51,ILLICK,clean,,,60400,-0.87,0.299,0.0227,PDDAE,12.5,DAE51,DAE51,measured
DAE51,DAE51,DAE51,dae51,ILLICK,clean,,,60400,0.18,0.402,0.0256,PDDAE,12.5,DAE51,DAE51,measured
DAE51,DAE51,DAE51,dae51,ILLICK,clean,,,60400,1.2,0.481,0.0273,PDDAE,12.5,DAE51,DAE51,measured
DAE51,DAE51,DAE51,dae51,ILLICK,clean,,,60400,2.22,0.6,0.0281,PDDAE,12.5,DAE51,DAE51,measured
DAE51,DAE51,DAE51,dae51,ILLICK,clean,,,60400,3.24,0.711,0.0286,PDDAE,12.5,DAE51,DAE51,measured
DAE51,DAE51,DAE51,dae51,ILLICK,clean,,,60400,4.25,0.794,0.0279,PDDAE,12.5,DAE51,DAE51,measured
DAE51,DAE51,DAE51,dae51,ILLICK,clean,,,60400,5.29,0.896,0.0247,PDDAE,12.5,DAE51,DAE51,measured
DAE51,DAE51,DAE51,dae51,ILLICK,clean,,,60400,6.28,0.944,0.0238,PDDAE,12.5,DAE51,DAE51,measured
DAE51,DAE51,DAE51,dae51,ILLICK,clean,,,60400,7.31,1.015,0.0248,PDDAE,12.5,DAE51,DAE51,measured
DAE51,DAE51,DAE51,dae51,ILLICK,clean,,,60400,8.31,1.064,0.0399,PDDAE,12.5,DAE51,DAE51,measured
DAE51,DAE51,DAE51,dae51,ILLICK,clean,,,101400,-2.9,0.116,0.0224,PDDAE,12.5,DAE51,DAE51,measured
DAE51,DAE51,DAE51,dae51,ILLICK,clean,,,101400,-1.87,0.233,0.0205,PDDAE,12.5,DAE51,DAE51,measured
DAE51,DAE51,DAE51,dae51,ILLICK,clean,,,101400,-0.84,0.346,0.0197,PDDAE,12.5,DAE51,DAE51,measured
DAE51,DAE51,DAE51,dae51,ILLICK,clean,,,101400,0.18,0.448,0.0175,PDDAE,12.5,DAE51,DAE51,measured
DAE51,DAE51,DAE51,dae51,ILLICK,clean,,,101400,1.22,0.546,0.0172,PDDAE,12.5,DAE51,DAE51,measured
DAE51,DAE51,DAE51,dae51,ILLICK,clean,,,101400,2.22,0.644,0.019,PDDAE,12.5,DAE51,DAE51,measured
DAE51,DAE51,DAE51,dae51,ILLICK,clean,,,101400,3.25,0.742,0.0191,PDDAE,12.5,DAE51,DAE51,measured
DAE51,DAE51,DAE51,dae51,ILLICK,clean,,,101400,4.25,0.834,0.0196,PDDAE,12.5,DAE51,DAE51,measured
DAE51,DAE51,DAE51,dae51,ILLICK,clean,,,101400,5.29,0.922,0.0198,PDDAE,12.5,DAE51,DAE51,measured
DAE51,DAE51,DAE51,dae51,ILLICK,clean,,,101400,6.3,1.004,0.0191,PDDAE,12.5,DAE51,DAE51,measured
DAE51,DAE51,DAE51,dae51,ILLICK,clean,,,101400,7.33,1.065,0.0233,PDDAE,12.5,DAE51,DAE51,measured
DAE51,DAE51,DAE51,dae51,ILLICK,clean,,,101400,8.32,1.12,0.0311,PDDAE,12.5,DAE51,DAE51,measured
DAE51,DAE51,DAE51,dae51,ILLICK,clean,,,101400,9.33,1.145,0.0352,PDDAE,12.5,DAE51,DAE51,measured
DAE51,DAE51,DAE51,dae51,ILLICK,clean,,,101400,10.33,1.166,0.039,PDDAE,12.5,DAE51,DAE51,measured
DAE51,DAE51,DAE51,dae51,ILLICK,clean,,,153500,-2.87,0.24,0.0166,PDDAE,12.5,DAE51,DAE51,measured
DAE51,DAE51,DAE51,dae51,ILLICK,clean,,,153500,-1.84,0.337,0.0134,PDDAE,12.5,DAE51,DAE51,measured
DAE51,DAE51,DAE51,dae51,ILLICK,clean,,,153500,-0.82,0.426,0.012,PDDAE,12.5,DAE51,DAE51,measured
DAE51,DAE51,DAE51,dae51,ILLICK,clean,,,153500,0.2,0.526,0.0115,PDDAE,12.5,DAE51,DAE51,measured
DAE51,DAE51,DAE51,dae51,ILLICK,clean,,,153500,1.2,0.627,0.0125,PDDAE,12.5,DAE51,DAE51,measured
DAE51,DAE51,DAE51,dae51,ILLICK,clean,,,153500,2.23,0.73,0.013,PDDAE,12.5,DAE51,DAE51,measured
DAE51,DAE51,DAE51,dae51,ILLICK,clean,,,153500,3.27,0.829,0.0145,PDDAE,12.5,DAE51,DAE51,measured
DAE51,DAE51,DAE51,dae51,ILLICK,clean,,,153500,4.28,0.924,0.0152,PDDAE,12.5,DAE51,DAE51,measured
DAE51,DAE51,DAE51,dae51,ILLICK,clean,,,153500,5.31,1.014,0.0151,PDDAE,12.5,DAE51,DAE51,measured
DAE51,DAE51,DAE51,dae51,ILLICK,clean,,,153500,6.31,1.069,0.0194,PDDAE,12.5,DAE51,DAE51,measured
DAE51,DAE51,DAE51,dae51,ILLICK,clean,,,153500,7.32,1.104,0.0246,PDDAE,12.5,DAE51,DAE51,measured
DAE51,DAE51,DAE51,dae51,ILLICK,clean,,,153500,8.34,1.135,0.0313,PDDAE,12.5,DAE51,DAE51,measured
DAE51,DAE51,DAE51,dae51,ILLICK,clean,,,153500,9.35,1.161,0.0388,PDDAE,12.5,DAE51,DAE51,measured
DAE51,DAE51,DAE51,dae51,ILLICK,clean,,,153500,10.33,1.181,0.05,PDDAE,12.5,DAE51,DAE51,measured
DAE51,DAE51,DAE51,dae51,ILLICK,clean,,,153500,11.34,1.191,0.064,PDDAE,12.5,DAE51,DAE51,measured
DAE51,DAE51,DAE51,dae51,ILLICK,clean,,,203200,-2.92,0.235,0.014,PDDAE,12.5,DAE51,DAE51,measured
DAE51,DAE51,DAE51,dae51,ILLICK,clean,,,203200,-1.86,0.336,0.0121,PDDAE,12.5,DAE51,DAE51,measured
DAE51,DAE51,DAE51,dae51,ILLICK,clean,,,203200,-0.83,0.427,0.009,PDDAE,12.5,DAE51,DAE51,measured
DAE51,DAE51,DAE51,dae51,ILLICK,clean,,,203200,0.17,0.529,0.0099,PDDAE,12.5,DAE51,DAE51,measured
DAE51,DAE51,DAE51,dae51,ILLICK,clean,,,203200,1.21,0.637,0.0099,PDDAE,12.5,DAE51,DAE51,measured
DAE51,DAE51,DAE51,dae51,ILLICK,clean,,,203200,2.23,0.74,0.0109,PDDAE,12.5,DAE51,DAE51,measured
DAE51,DAE51,DAE51,dae51,ILLICK,clean,,,203200,3.27,0.841,0.0119,PDDAE,12.5,DAE51,DAE51,measured
DAE51,DAE51,DAE51,dae51,ILLICK,clean,,,203200,4.26,0.934,0.0127,PDDAE,12.5,DAE51,DAE51,measured
DAE51,DAE51,DAE51,dae51,ILLICK,clean,,,203200,5.3,1.015,0.0141,PDDAE,12.5,DAE51,DAE51,measured
DAE51,DAE51,DAE51,dae51,ILLICK,clean,,,203200,6.31,1.064,0.0184,PDDAE,12.5,DAE51,DAE51,measured
DAE51,DAE51,DAE51,dae51,ILLICK,clean,,,203200,7.31,1.102,0.0239,PDDAE,12.5,DAE51,DAE51,measured
DAE51,DAE51,DAE51,dae51,ILLICK,clean,,,203200,8.33,1.138,0.0294,PDDAE,12.5,DAE51,DAE51,measured
DAE51,DAE51,DAE51,dae51,ILLICK,clean,,,203200,9.35,1.166,0.0372,PDDAE,12.5,DAE51,DAE51,measured
DAE51,DAE51,DAE51,dae51,ILLICK,clean,,,203200,10.33,1.184,0.0458,PDDAE,12.5,DAE51,DAE51,measured
DAE51,DAE51,DAE51,dae51,ILLICK,clean,,,203200,11.34,1.186,0.0651,PDDAE,12.5,DAE51,DAE51,measured
DAE51,DAE51,DAE51,dae51,ILLICK,clean,,,310400,-2.88,0.232,0.0118,PDDAE,12.5,DAE51,DAE51,measured
DAE51,DAE51,DAE51,dae51,ILLICK,clean,,,310400,-1.84,0.34,0.0104,PDDAE,12.5,DAE51,DAE51,measured
DAE51,DAE51,DAE51,dae51,ILLICK,clean,,,310400,-0.82,0.438,0.0081,PDDAE,12.5,DAE51,DAE51,measured
DAE51,DAE51,DAE51,dae51,ILLICK,clean,,,310400,0.17,0.542,0.0078,PDDAE,12.5,DAE51,DAE51,measured
DAE51,DAE51,DAE51,dae51,ILLICK,clean,,,310400,1.22,0.648,0.0085,PDDAE,12.5,DAE51,DAE51,measured
DAE51,DAE51,DAE51,dae51,ILLICK,clean,,,310400,2.22,0.748,0.0091,PDDAE,12.5,DAE51,DAE51,measured
DAE51,DAE51,DAE51,dae51,ILLICK,clean,,,310400,3.26,0.844,0.0101,PDDAE,12.5,DAE51,DAE51,measured
DAE51,DAE51,DAE51,dae51,ILLICK,clean,,,310400,4.24,0.929,0.0108,PDDAE,12.5,DAE51,DAE51,measured
DAE51,DAE51,DAE51,dae51,ILLICK,clean,,,310400,5.18,0.991,0.0132,PDDAE,12.5,DAE51,DAE51,measured
DAE51,DAE51,DAE51,dae51,ILLICK,clean,,,310400,6.28,1.043,0.0181,PDDAE,12.5,DAE51,DAE51,measured
DAE51,DAE51,DAE51,dae51,ILLICK,clean,,,310400,7.31,1.092,0.023,PDDAE,12.5,DAE51,DAE51,measured
DAE51,DAE51,DAE51,dae51,ILLICK,clean,,,310400,8.33,1.133,0.0272,PDDAE,12.5,DAE51,DAE51,measured
DAE51,DAE51,DAE51,dae51,ILLICK,clean,,,310400,9.34,1.159,0.0344,PDDAE,12.5,DAE51,DAE51,measured
DAE51,DAE51,DAE51,dae51,ILLICK,clean,,,310400,10.34,1.174,0.0474,PDDAE,12.5,DAE51,DAE51,measured
DAE51 THICK T.E.,DAE51,DAE51,dae51,ILLICK,other,,,100100,-2.9,0.177,0.0218,PDDAETHKTE,12.6,DAE51,DAE51,measured
DAE51 THICK T.E.,DAE51,DAE51,dae51,ILLICK,other,,,100100,-1.37,0.34,0.0164,PDDAETHKTE,12.6,DAE51,DAE51,measured
DAE51 THICK T.E.,DAE51,DAE51,dae51,ILLICK,other,,,100100,0.18,0.49,0.0179,PDDAETHKTE,12.6,DAE51,DAE51,measured
DAE51 THICK T.E.,DAE51,DAE51,dae51,ILLICK,other,,,100100,1.72,0.637,0.0188,PDDAETHKTE,12.6,DAE51,DAE51,measured
DAE51 THICK T.E.,DAE51,DAE51,dae51,ILLICK,other,,,100100,3.26,0.778,0.0208,PDDAETHKTE,12.6,DAE51,DAE51,measured
DAE51 THICK T.E.,DAE51,DAE51,dae51,ILLICK,other,,,100100,4.77,0.916,0.0209,PDDAETHKTE,12.6,DAE51,DAE51,measured
DAE51 THICK T.E.,DAE51,DAE51,dae51,ILLICK,other,,,100100,6.31,1.047,0.0202,PDDAETHKTE,12.6,DAE51,DAE51,measured
DAE51 THICK T.E.,DAE51,DAE51,dae51,ILLICK,other,,,100100,7.82,1.116,0.0268,PDDAETHKTE,12.6,DAE51,DAE51,measured
DAE51 THICK T.E.,DAE51,DAE51,dae51,ILLICK,other,,,100100,9.34,1.157,0.0367,PDDAETHKTE,12.6,DAE51,DAE51,measured
DAE51 THICK T.E.,DAE51,DAE51,dae51,ILLICK,other,,,148600,-2.87,0.198,0.018,PDDAETHKTE,12.6,DAE51,DAE51,measured
DAE51 THICK T.E.,DAE51,DAE51,dae51,ILLICK,other,,,148600,-1.33,0.337,0.0134,PDDAETHKTE,12.6,DAE51,DAE51,measured
DAE51 THICK T.E.,DAE51,DAE51,dae51,ILLICK,other,,,148600,0.17,0.481,0.0128,PDDAETHKTE,12.6,DAE51,DAE51,measured
DAE51 THICK T.E.,DAE51,DAE51,dae51,ILLICK,other,,,148600,1.74,0.638,0.0136,PDDAETHKTE,12.6,DAE51,DAE51,measured
DAE51 THICK T.E.,DAE51,DAE51,dae51,ILLICK,other,,,148600,3.25,0.787,0.0149,PDDAETHKTE,12.6,DAE51,DAE51,measured
DAE51 THICK T.E.,DAE51,DAE51,dae51,ILLICK,other,,,148600,4.78,0.932,0.0157,PDDAETHKTE,12.6,DAE51,DAE51,measured
DAE51 THICK T.E.,DAE51,DAE51,dae51,ILLICK,other,,,148600,6.31,1.045,0.0184,PDDAETHKTE,12.6,DAE51,DAE51,measured
DAE51 THICK T.E.,DAE51,DAE51,dae51,ILLICK,other,,,148600,7.83,1.117,0.0275,PDDAETHKTE,12.6,DAE51,DAE51,measured
DAE51 THICK T.E.,DAE51,DAE51,dae51,ILLICK,other,,,148600,9.34,1.167,0.0367,PDDAETHKTE,12.6,DAE51,DAE51,measured
DAE51 THICK T.E.,DAE51,DAE51,dae51,ILLICK,other,,,148600,10.86,1.194,0.0502,PDDAETHKTE,12.6,DAE51,DAE51,measured
DAE51 THICK T.E.,DAE51,DAE51,dae51,ILLICK,other,,,197900,-2.89,0.185,0.0158,PDDAETHKTE,12.6,DAE51,DAE51,measured
DAE51 THICK T.E.,DAE51,DAE51,dae51,ILLICK,other,,,197900,-1.34,0.339,0.0128,PDDAETHKTE,12.6,DAE51,DAE51,measured
DAE51 THICK T.E.,DAE51,DAE51,dae51,ILLICK,other,,,197900,0.19,0.485,0.0109,PDDAETHKTE,12.6,DAE51,DAE51,measured
DAE51 THICK T.E.,DAE51,DAE51,dae51,ILLICK,other,,,197900,1.73,0.646,0.0113,PDDAETHKTE,12.6,DAE51,DAE51,measured
DAE51 THICK T.E.,DAE51,DAE51,dae51,ILLICK,other,,,197900,3.24,0.8,0.0124,PDDAETHKTE,12.6,DAE51,DAE51,measured
DAE51 THICK T.E.,DAE51,DAE51,dae51,ILLICK,other,,,197900,4.8,0.947,0.0136,PDDAETHKTE,12.6,DAE51,DAE51,measured
DAE51 THICK T.E.,DAE51,DAE51,dae51,ILLICK,other,,,197900,6.31,1.052,0.0189,PDDAETHKTE,12.6,DAE51,DAE51,measured
DAE51 THICK T.E.,DAE51,DAE51,dae51,ILLICK,other,,,197900,7.82,1.129,0.0265,PDDAETHKTE,12.6,DAE51,DAE51,measured
DAE51 THICK T.E.,DAE51,DAE51,dae51,ILLICK,other,,,197900,9.33,1.179,0.0362,PDDAETHKTE,12.6,DAE51,DAE51,measured
DAE51 THICK T.E.,DAE51,DAE51,dae51,ILLICK,other,,,301600,-2.88,0.175,0.0137,PDDAETHKTE,12.6,DAE51,DAE51,measured
DAE51 THICK T.E.,DAE51,DAE51,dae51,ILLICK,other,,,301600,-1.36,0.336,0.0115,PDDAETHKTE,12.6,DAE51,DAE51,measured
DAE51 THICK T.E.,DAE51,DAE51,dae51,ILLICK,other,,,301600,0.17,0.489,0.0087,PDDAETHKTE,12.6,DAE51,DAE51,measured
DAE51 THICK T.E.,DAE51,DAE51,dae51,ILLICK,other,,,301600,1.71,0.652,0.0094,PDDAETHKTE,12.6,DAE51,DAE51,measured
DAE51 THICK T.E.,DAE51,DAE51,dae51,ILLICK,other,,,301600,3.23,0.807,0.0103,PDDAETHKTE,12.6,DAE51,DAE51,measured
DAE51 THICK T.E.,DAE51,DAE51,dae51,ILLICK,other,,,301600,4.78,0.947,0.0126,PDDAETHKTE,12.6,DAE51,DAE51,measured
DAE51 THICK T.E.,DAE51,DAE51,dae51,ILLICK,other,,,301600,6.29,1.042,0.0188,PDDAETHKTE,12.6,DAE51,DAE51,measured
DAE51 THICK T.E.,DAE51,DAE51,dae51,ILLICK,other,,,301600,7.81,1.123,0.0245,PDDAETHKTE,12.6,DAE51,DAE51,measured
DAE51 THICK T.E.,DAE51,DAE51,dae51,ILLICK,other,,,301600,9.34,1.171,0.035,PDDAETHKTE,12.6,DAE51,DAE51,measured
DAE51 THICK T.E.,DAE51,DAE51,dae51,ILLICK,other,,,301600,10.85,1.186,0.055,PDDAETHKTE,12.6,DAE51,DAE51,measured
DAE51 THICK T.E.,DAE51,DAE51,dae51,ILLICK,other,,,301600,12.34,1.181,0.0757,PDDAETHKTE,12.6,DAE51,DAE51,measured
DF101,DF101,DF101,df101,FRASER,clean,,,58100,-4.99,-0.36,0.024,PDDF101,12.8,DF101,DF101,measured
DF101,DF101,DF101,df101,FRASER,clean,,,58100,-3.97,-0.293,0.0195,PDDF101,12.8,DF101,DF101,measured
DF101,DF101,DF101,df101,FRASER,clean,,,58100,-2.95,-0.226,0.0174,PDDF101,12.8,DF101,DF101,measured
DF101,DF101,DF101,df101,FRASER,clean,,,58100,-1.92,-0.112,0.0173,PDDF101,12.8,DF101,DF101,measured
DF101,DF101,DF101,df101,FRASER,clean,,,58100,-0.89,0.035,0.0175,PDDF101,12.8,DF101,DF101,measured
DF101,DF101,DF101,df101,FRASER,clean,,,58100,0.14,0.202,0.0211,PDDF101,12.8,DF101,DF101,measured
DF101,DF101,DF101,df101,FRASER,clean,,,58100,1.17,0.354,0.0218,PDDF101,12.8,DF101,DF101,measured
DF101,DF101,DF101,df101,FRASER,clean,,,58100,2.2,0.458,0.0221,PDDF101,12.8,DF101,DF101,measured
DF101,DF101,DF101,df101,FRASER,clean,,,58100,3.21,0.541,0.0218,PDDF101,12.8,DF101,DF101,measured
DF101,DF101,DF101,df101,FRASER,clean,,,58100,4.23,0.624,0.0245,PDDF101,12.8,DF101,DF101,measured
DF101,DF101,DF101,df101,FRASER,clean,,,58100,5.24,0.701,0.027,PDDF101,12.8,DF101,DF101,measured
DF101,DF101,DF101,df101,FRASER,clean,,,58100,6.26,0.775,0.0262,PDDF101,12.8,DF101,DF101,measured
DF101,DF101,DF101,df101,FRASER,clean,,,58100,7.28,0.842,0.0344,PDDF101,12.8,DF101,DF101,measured
DF101,DF101,DF101,df101,FRASER,clean,,,58100,8.29,0.909,0.0358,PDDF101,12.8,DF101,DF101,measured
DF101,DF101,DF101,df101,FRASER,clean,,,58100,9.31,0.97,0.0429,PDDF101,12.8,DF101,DF101,measured
DF101,DF101,DF101,df101,FRASER,clean,,,58100,10.31,1.016,0.0463,PDDF101,12.8,DF101,DF101,measured
DF101,DF101,DF101,df101,FRASER,clean,,,101700,-6.0,-0.414,0.0214,PDDF101,12.8,DF101,DF101,measured
DF101,DF101,DF101,df101,FRASER,clean,,,101700,-4.97,-0.351,0.017,PDDF101,12.8,DF101,DF101,measured
DF101,DF101,DF101,df101,FRASER,clean,,,101700,-3.97,-0.25,0.0174,PDDF101,12.8,DF101,DF101,measured
DF101,DF101,DF101,df101,FRASER,clean,,,101700,-2.95,-0.124,0.0149,PDDF101,12.8,DF101,DF101,measured
DF101,DF101,DF101,df101,FRASER,clean,,,101700,-1.91,0.012,0.0138,PDDF101,12.8,DF101,DF101,measured
DF101,DF101,DF101,df101,FRASER,clean,,,101700,-0.87,0.187,0.0143,PDDF101,12.8,DF101,DF101,measured
DF101,DF101,DF101,df101,FRASER,clean,,,101700,0.16,0.293,0.0152,PDDF101,12.8,DF101,DF101,measured
DF101,DF101,DF101,df101,FRASER,clean,,,101700,1.17,0.375,0.015,PDDF101,12.8,DF101,DF101,measured
DF101,DF101,DF101,df101,FRASER,clean,,,101700,2.19,0.463,0.0144,PDDF101,12.8,DF101,DF101,measured
DF101,DF101,DF101,df101,FRASER,clean,,,101700,3.21,0.551,0.0159,PDDF101,12.8,DF101,DF101,measured
DF101,DF101,DF101,df101,FRASER,clean,,,101700,4.24,0.64,0.0157,PDDF101,12.8,DF101,DF101,measured
DF101,DF101,DF101,df101,FRASER,clean,,,101700,5.25,0.721,0.0179,PDDF101,12.8,DF101,DF101,measured
DF101,DF101,DF101,df101,FRASER,clean,,,101700,6.26,0.799,0.0184,PDDF101,12.8,DF101,DF101,measured
DF101,DF101,DF101,df101,FRASER,clean,,,101700,7.28,0.875,0.022,PDDF101,12.8,DF101,DF101,measured
DF101,DF101,DF101,df101,FRASER,clean,,,101700,8.3,0.95,0.0268,PDDF101,12.8,DF101,DF101,measured
DF101,DF101,DF101,df101,FRASER,clean,,,101700,9.32,1.022,0.0297,PDDF101,12.8,DF101,DF101,measured
DF101,DF101,DF101,df101,FRASER,clean,,,101700,10.33,1.074,0.0321,PDDF101,12.8,DF101,DF101,measured
DF101,DF101,DF101,df101,FRASER,clean,,,101700,11.33,1.093,0.0379,PDDF101,12.8,DF101,DF101,measured
DF101,DF101,DF101,df101,FRASER,clean,,,101700,12.33,1.083,0.05,PDDF101,12.8,DF101,DF101,measured
DF101,DF101,DF101,df101,FRASER,clean,,,101700,13.29,0.841,0.1833,PDDF101,12.8,DF101,DF101,measured
DF101,DF101,DF101,df101,FRASER,clean,,,153700,-5.99,-0.417,0.0195,PDDF101,12.8,DF101,DF101,measured
DF101,DF101,DF101,df101,FRASER,clean,,,153700,-4.97,-0.331,0.0155,PDDF101,12.8,DF101,DF101,measured
DF101,DF101,DF101,df101,FRASER,clean,,,153700,-3.95,-0.194,0.0137,PDDF101,12.8,DF101,DF101,measured
DF101,DF101,DF101,df101,FRASER,clean,,,153700,-2.93,-0.067,0.0127,PDDF101,12.8,DF101,DF101,measured
DF101,DF101,DF101,df101,FRASER,clean,,,153700,-1.9,0.036,0.011,PDDF101,12.8,DF101,DF101,measured
DF101,DF101,DF101,df101,FRASER,clean,,,153700,-0.87,0.167,0.0108,PDDF101,12.8,DF101,DF101,measured
DF101,DF101,DF101,df101,FRASER,clean,,,153700,0.16,0.283,0.0107,PDDF101,12.8,DF101,DF101,measured
DF101,DF101,DF101,df101,FRASER,clean,,,153700,1.17,0.375,0.011,PDDF101,12.8,DF101,DF101,measured
DF101,DF101,DF101,df101,FRASER,clean,,,153700,2.19,0.469,0.0115,PDDF101,12.8,DF101,DF101,measured
DF101,DF101,DF101,df101,FRASER,clean,,,153700,3.22,0.563,0.0118,PDDF101,12.8,DF101,DF101,measured
DF101,DF101,DF101,df101,FRASER,clean,,,153700,4.23,0.648,0.0126,PDDF101,12.8,DF101,DF101,measured
DF101,DF101,DF101,df101,FRASER,clean,,,153700,5.26,0.73,0.0144,PDDF101,12.8,DF101,DF101,measured
DF101,DF101,DF101,df101,FRASER,clean,,,153700,6.27,0.814,0.0163,PDDF101,12.8,DF101,DF101,measured
DF101,DF101,DF101,df101,FRASER,clean,,,153700,7.29,0.896,0.0182,PDDF101,12.8,DF101,DF101,measured
DF101,DF101,DF101,df101,FRASER,clean,,,153700,8.31,0.974,0.0204,PDDF101,12.8,DF101,DF101,measured
DF101,DF101,DF101,df101,FRASER,clean,,,153700,9.32,1.049,0.0217,PDDF101,12.8,DF101,DF101,measured
DF101,DF101,DF101,df101,FRASER,clean,,,153700,10.33,1.11,0.0238,PDDF101,12.8,DF101,DF101,measured
DF101,DF101,DF101,df101,FRASER,clean,,,153700,11.34,1.141,0.0273,PDDF101,12.8,DF101,DF101,measured
DF101,DF101,DF101,df101,FRASER,clean,,,153700,12.34,1.131,0.0333,PDDF101,12.8,DF101,DF101,measured
DF101,DF101,DF101,df101,FRASER,clean,,,153700,13.34,1.101,0.042,PDDF101,12.8,DF101,DF101,measured
DF101,DF101,DF101,df101,FRASER,clean,,,201400,-5.99,-0.395,0.0152,PDDF101,12.8,DF101,DF101,measured
DF101,DF101,DF101,df101,FRASER,clean,,,201400,-4.97,-0.265,0.0126,PDDF101,12.8,DF101,DF101,measured
DF101,DF101,DF101,df101,FRASER,clean,,,201400,-3.93,-0.149,0.0102,PDDF101,12.8,DF101,DF101,measured
DF101,DF101,DF101,df101,FRASER,clean,,,201400,-2.92,-0.05,0.0105,PDDF101,12.8,DF101,DF101,measured
DF101,DF101,DF101,df101,FRASER,clean,,,201400,-1.89,0.04,0.01,PDDF101,12.8,DF101,DF101,measured
DF101,DF101,DF101,df101,FRASER,clean,,,201400,-0.88,0.135,0.0093,PDDF101,12.8,DF101,DF101,measured
DF101,DF101,DF101,df101,FRASER,clean,,,201400,0.15,0.283,0.0092,PDDF101,12.8,DF101,DF101,measured
DF101,DF101,DF101,df101,FRASER,clean,,,201400,1.18,0.379,0.0096,PDDF101,12.8,DF101,DF101,measured
DF101,DF101,DF101,df101,FRASER,clean,,,201400,2.2,0.473,0.0103,PDDF101,12.8,DF101,DF101,measured
DF101,DF101,DF101,df101,FRASER,clean,,,201400,3.22,0.564,0.0107,PDDF101,12.8,DF101,DF101,measured
DF101,DF101,DF101,df101,FRASER,clean,,,201400,4.24,0.651,0.0123,PDDF101,12.8,DF101,DF101,measured
DF101,DF101,DF101,df101,FRASER,clean,,,201400,5.25,0.737,0.0139,PDDF101,12.8,DF101,DF101,measured
DF101,DF101,DF101,df101,FRASER,clean,,,201400,6.26,0.819,0.0152,PDDF101,12.8,DF101,DF101,measured
DF101,DF101,DF101,df101,FRASER,clean,,,201400,7.29,0.9,0.017,PDDF101,12.8,DF101,DF101,measured
DF101,DF101,DF101,df101,FRASER,clean,,,201400,8.3,0.98,0.0188,PDDF101,12.8,DF101,DF101,measured
DF101,DF101,DF101,df101,FRASER,clean,,,201400,9.32,1.055,0.0201,PDDF101,12.8,DF101,DF101,measured
DF101,DF101,DF101,df101,FRASER,clean,,,201400,10.33,1.112,0.0228,PDDF101,12.8,DF101,DF101,measured
DF101,DF101,DF101,df101,FRASER,clean,,,201400,11.34,1.143,0.0275,PDDF101,12.8,DF101,DF101,measured
DF101,DF101,DF101,df101,FRASER,clean,,,201400,12.34,1.134,0.0335,PDDF101,12.8,DF101,DF101,measured
DF101,DF101,DF101,df101,FRASER,clean,,,201400,13.31,1.106,0.0418,PDDF101,12.8,DF101,DF101,measured
DF101,DF101,DF101,df101,FRASER,clean,,,201400,14.31,1.06,0.0603,PDDF101,12.8,DF101,DF101,measured
DF101,DF101,DF101,df101,FRASER,clean,,,305500,-6.0,-0.351,0.0145,PDDF101,12.8,DF101,DF101,measured
DF101,DF101,DF101,df101,FRASER,clean,,,305500,-4.96,-0.238,0.0118,PDDF101,12.8,DF101,DF101,measured
DF101,DF101,DF101,df101,FRASER,clean,,,305500,-3.94,-0.145,0.0106,PDDF101,12.8,DF101,DF101,measured
DF101,DF101,DF101,df101,FRASER,clean,,,305500,-2.93,-0.055,0.0101,PDDF101,12.8,DF101,DF101,measured
DF101,DF101,DF101,df101,FRASER,clean,,,305500,-1.9,0.037,0.0094,PDDF101,12.8,DF101,DF101,measured
DF101,DF101,DF101,df101,FRASER,clean,,,305500,-0.88,0.132,0.0086,PDDF101,12.8,DF101,DF101,measured
DF101,DF101,DF101,df101,FRASER,clean,,,305500,0.14,0.235,0.0078,PDDF101,12.8,DF101,DF101,measured
DF101,DF101,DF101,df101,FRASER,clean,,,305500,1.17,0.38,0.0083,PDDF101,12.8,DF101,DF101,measured
DF101,DF101,DF101,df101,FRASER,clean,,,305500,2.19,0.474,0.0089,PDDF101,12.8,DF101,DF101,measured
DF101,DF101,DF101,df101,FRASER,clean,,,305500,3.21,0.562,0.0099,PDDF101,12.8,DF101,DF101,measured
DF101,DF101,DF101,df101,FRASER,clean,,,305500,4.24,0.649,0.011,PDDF101,12.8,DF101,DF101,measured
DF101,DF101,DF101,df101,FRASER,clean,,,305500,5.25,0.731,0.0123,PDDF101,12.8,DF101,DF101,measured
DF101,DF101,DF101,df101,FRASER,clean,,,305500,6.26,0.815,0.0136,PDDF101,12.8,DF101,DF101,measured
DF101,DF101,DF101,df101,FRASER,clean,,,305500,7.29,0.896,0.0147,PDDF101,12.8,DF101,DF101,measured
DF101,DF101,DF101,df101,FRASER,clean,,,305500,8.31,0.976,0.0162,PDDF101,12.8,DF101,DF101,measured
DF101,DF101,DF101,df101,FRASER,clean,,,305500,9.31,1.048,0.0177,PDDF101,12.8,DF101,DF101,measured
DF101,DF101,DF101,df101,FRASER,clean,,,305500,10.34,1.104,0.0201,PDDF101,12.8,DF101,DF101,measured
DF102,DF102,DF102,df102,FRASER,clean,,,59100,-3.98,-0.323,0.0214,PDDF102,12.9,DF102,DF102,measured
DF102,DF102,DF102,df102,FRASER,clean,,,59100,-2.96,-0.245,0.0196,PDDF102,12.9,DF102,DF102,measured
DF102,DF102,DF102,df102,FRASER,clean,,,59100,-1.93,-0.135,0.0204,PDDF102,12.9,DF102,DF102,measured
DF102,DF102,DF102,df102,FRASER,clean,,,59100,-0.93,-0.022,0.0214,PDDF102,12.9,DF102,DF102,measured
DF102,DF102,DF102,df102,FRASER,clean,,,59100,0.12,0.156,0.0227,PDDF102,12.9,DF102,DF102,measured
DF102,DF102,DF102,df102,FRASER,clean,,,59100,1.15,0.338,0.0231,PDDF102,12.9,DF102,DF102,measured
DF102,DF102,DF102,df102,FRASER,clean,,,59100,2.18,0.45,0.0219,PDDF102,12.9,DF102,DF102,measured
DF102,DF102,DF102,df102,FRASER,clean,,,59100,3.19,0.505,0.0223,PDDF102,12.9,DF102,DF102,measured
DF102,DF102,DF102,df102,FRASER,clean,,,59100,4.22,0.598,0.0195,PDDF102,12.9,DF102,DF102,measured
DF102,DF102,DF102,df102,FRASER,clean,,,59100,5.23,0.679,0.0242,PDDF102,12.9,DF102,DF102,measured
DF102,DF102,DF102,df102,FRASER,clean,,,59100,6.25,0.759,0.0322,PDDF102,12.9,DF102,DF102,measured
DF102,DF102,DF102,df102,FRASER,clean,,,59100,7.27,0.826,0.0395,PDDF102,12.9,DF102,DF102,measured
DF102,DF102,DF102,df102,FRASER,clean,,,59100,8.28,0.872,0.0456,PDDF102,12.9,DF102,DF102,measured
DF102,DF102,DF102,df102,FRASER,clean,,,59100,9.27,0.882,0.0455,PDDF102,12.9,DF102,DF102,measured
DF102,DF102,DF102,df102,FRASER,clean,,,59100,10.25,0.767,0.1178,PDDF102,12.9,DF102,DF102,measured
DF102,DF102,DF102,df102,FRASER,clean,,,100200,-3.97,-0.294,0.0178,PDDF102,12.9,DF102,DF102,measured
DF102,DF102,DF102,df102,FRASER,clean,,,100200,-2.95,-0.181,0.0169,PDDF102,12.9,DF102,DF102,measured
DF102,DF102,DF102,df102,FRASER,clean,,,100200,-1.92,-0.047,0.0155,PDDF102,12.9,DF102,DF102,measured
DF102,DF102,DF102,df102,FRASER,clean,,,100200,-0.89,0.136,0.0131,PDDF102,12.9,DF102,DF102,measured
DF102,DF102,DF102,df102,FRASER,clean,,,100200,0.13,0.26,0.0144,PDDF102,12.9,DF102,DF102,measured
DF102,DF102,DF102,df102,FRASER,clean,,,100200,1.16,0.354,0.0146,PDDF102,12.9,DF102,DF102,measured
DF102,DF102,DF102,df102,FRASER,clean,,,100200,2.18,0.44,0.0148,PDDF102,12.9,DF102,DF102,measured
DF102,DF102,DF102,df102,FRASER,clean,,,100200,3.2,0.524,0.0149,PDDF102,12.9,DF102,DF102,measured
DF102,DF102,DF102,df102,FRASER,clean,,,100200,4.23,0.613,0.016,PDDF102,12.9,DF102,DF102,measured
DF102,DF102,DF102,df102,FRASER,clean,,,100200,5.22,0.688,0.0177,PDDF102,12.9,DF102,DF102,measured
DF102,DF102,DF102,df102,FRASER,clean,,,100200,6.26,0.766,0.0211,PDDF102,12.9,DF102,DF102,measured
DF102,DF102,DF102,df102,FRASER,clean,,,100200,7.26,0.841,0.0242,PDDF102,12.9,DF102,DF102,measured
DF102,DF102,DF102,df102,FRASER,clean,,,100200,8.28,0.908,0.0284,PDDF102,12.9,DF102,DF102,measured
DF102,DF102,DF102,df102,FRASER,clean,,,100200,9.29,0.973,0.0307,PDDF102,12.9,DF102,DF102,measured
DF102,DF102,DF102,df102,FRASER,clean,,,100200,10.32,1.027,0.0401,PDDF102,12.9,DF102,DF102,measured
DF102,DF102,DF102,df102,FRASER,clean,,,100200,11.31,0.938,0.0826,PDDF102,12.9,DF102,DF102,measured
DF102,DF102,DF102,df102,FRASER,clean,,,149100,-3.95,-0.235,0.0156,PDDF102,12.9,DF102,DF102,measured
DF102,DF102,DF102,df102,FRASER,clean,,,149100,-2.43,-0.053,0.0127,PDDF102,12.9,DF102,DF102,measured
DF102,DF102,DF102,df102,FRASER,clean,,,149100,-0.89,0.115,0.0118,PDDF102,12.9,DF102,DF102,measured
DF102,DF102,DF102,df102,FRASER,clean,,,149100,0.65,0.295,0.0119,PDDF102,12.9,DF102,DF102,measured
DF102,DF102,DF102,df102,FRASER,clean,,,149100,2.17,0.435,0.0122,PDDF102,12.9,DF102,DF102,measured
DF102,DF102,DF102,df102,FRASER,clean,,,149100,3.7,0.571,0.0128,PDDF102,12.9,DF102,DF102,measured
DF102,DF102,DF102,df102,FRASER,clean,,,149100,5.24,0.691,0.016,PDDF102,12.9,DF102,DF102,measured
DF102,DF102,DF102,df102,FRASER,clean,,,149100,6.76,0.808,0.0193,PDDF102,12.9,DF102,DF102,measured
DF102,DF102,DF102,df102,FRASER,clean,,,149100,8.29,0.923,0.0248,PDDF102,12.9,DF102,DF102,measured
DF102,DF102,DF102,df102,FRASER,clean,,,149100,9.81,1.029,0.0294,PDDF102,12.9,DF102,DF102,measured
DF102,DF102,DF102,df102,FRASER,clean,,,149100,11.32,1.126,0.0327,PDDF102,12.9,DF102,DF102,measured
DF102,DF102,DF102,df102,FRASER,clean,,,149100,12.84,1.202,0.0393,PDDF102,12.9,DF102,DF102,measured
DF102,DF102,DF102,df102,FRASER,clean,,,149100,14.35,1.214,0.0471,PDDF102,12.9,DF102,DF102,measured
DF102,DF102,DF102,df102,FRASER,clean,,,200900,-3.97,-0.193,0.0129,PDDF102,12.9,DF102,DF102,measured
DF102,DF102,DF102,df102,FRASER,clean,,,200900,-2.96,-0.097,0.0114,PDDF102,12.9,DF102,DF102,measured
DF102,DF102,DF102,df102,FRASER,clean,,,200900,-1.93,-0.008,0.0109,PDDF102,12.9,DF102,DF102,measured
DF102,DF102,DF102,df102,FRASER,clean,,,200900,-0.91,0.079,0.0102,PDDF102,12.9,DF102,DF102,measured
DF102,DF102,DF102,df102,FRASER,clean,,,200900,0.13,0.229,0.0095,PDDF102,12.9,DF102,DF102,measured
DF102,DF102,DF102,df102,FRASER,clean,,,200900,1.16,0.338,0.0098,PDDF102,12.9,DF102,DF102,measured
DF102,DF102,DF102,df102,FRASER,clean,,,200900,2.17,0.435,0.0105,PDDF102,12.9,DF102,DF102,measured
DF102,DF102,DF102,df102,FRASER,clean,,,200900,3.19,0.526,0.0111,PDDF102,12.9,DF102,DF102,measured
DF102,DF102,DF102,df102,FRASER,clean,,,200900,4.22,0.612,0.0132,PDDF102,12.9,DF102,DF102,measured
DF102,DF102,DF102,df102,FRASER,clean,,,200900,5.23,0.695,0.0147,PDDF102,12.9,DF102,DF102,measured
DF102,DF102,DF102,df102,FRASER,clean,,,200900,6.26,0.777,0.0165,PDDF102,12.9,DF102,DF102,measured
DF102,DF102,DF102,df102,FRASER,clean,,,200900,7.27,0.855,0.0189,PDDF102,12.9,DF102,DF102,measured
DF102,DF102,DF102,df102,FRASER,clean,,,200900,8.28,0.932,0.0209,PDDF102,12.9,DF102,DF102,measured
DF102,DF102,DF102,df102,FRASER,clean,,,200900,9.31,1.008,0.0238,PDDF102,12.9,DF102,DF102,measured
DF102,DF102,DF102,df102,FRASER,clean,,,200900,10.32,1.079,0.026,PDDF102,12.9,DF102,DF102,measured
DF102,DF102,DF102,df102,FRASER,clean,,,200900,11.34,1.144,0.0282,PDDF102,12.9,DF102,DF102,measured
DF102,DF102,DF102,df102,FRASER,clean,,,200900,12.34,1.201,0.0316,PDDF102,12.9,DF102,DF102,measured
DF102,DF102,DF102,df102,FRASER,clean,,,200900,13.35,1.237,0.0383,PDDF102,12.9,DF102,DF102,measured
DF102,DF102,DF102,df102,FRASER,clean,,,200900,14.34,1.226,0.0547,PDDF102,12.9,DF102,DF102,measured
DF102,DF102,DF102,df102,FRASER,clean,,,200900,15.33,1.176,0.0462,PDDF102,12.9,DF102,DF102,measured
DF102,DF102,DF102,df102,FRASER,clean,,,300900,-4.03,-0.197,0.0107,PDDF102,12.9,DF102,DF102,measured
DF102,DF102,DF102,df102,FRASER,clean,,,300900,-2.97,-0.107,0.0105,PDDF102,12.9,DF102,DF102,measured
DF102,DF102,DF102,df102,FRASER,clean,,,300900,-1.93,-0.018,0.0095,PDDF102,12.9,DF102,DF102,measured
DF102,DF102,DF102,df102,FRASER,clean,,,300900,-0.91,0.076,0.0091,PDDF102,12.9,DF102,DF102,measured
DF102,DF102,DF102,df102,FRASER,clean,,,300900,0.12,0.171,0.0083,PDDF102,12.9,DF102,DF102,measured
DF102,DF102,DF102,df102,FRASER,clean,,,300900,1.12,0.325,0.0085,PDDF102,12.9,DF102,DF102,measured
DF102,DF102,DF102,df102,FRASER,clean,,,300900,2.16,0.434,0.0091,PDDF102,12.9,DF102,DF102,measured
DF102,DF102,DF102,df102,FRASER,clean,,,300900,3.18,0.525,0.0103,PDDF102,12.9,DF102,DF102,measured
DF102,DF102,DF102,df102,FRASER,clean,,,300900,4.21,0.613,0.012,PDDF102,12.9,DF102,DF102,measured
DF102,DF102,DF102,df102,FRASER,clean,,,300900,5.24,0.699,0.0135,PDDF102,12.9,DF102,DF102,measured
DF102,DF102,DF102,df102,FRASER,clean,,,300900,6.24,0.78,0.0148,PDDF102,12.9,DF102,DF102,measured
DF102,DF102,DF102,df102,FRASER,clean,,,300900,7.27,0.861,0.016,PDDF102,12.9,DF102,DF102,measured
DF102,DF102,DF102,df102,FRASER,clean,,,300900,8.28,0.939,0.0176,PDDF102,12.9,DF102,DF102,measured
DF102,DF102,DF102,df102,FRASER,clean,,,300900,9.31,1.016,0.019,PDDF102,12.9,DF102,DF102,measured
DF102,DF102,DF102,df102,FRASER,clean,,,300900,10.31,1.088,0.0208,PDDF102,12.9,DF102,DF102,measured
DF102,DF102,DF102,df102,FRASER,clean,,,300900,11.34,1.154,0.0232,PDDF102,12.9,DF102,DF102,measured
DF102,DF102,DF102,df102,FRASER,clean,,,300900,12.34,1.213,0.026,PDDF102,12.9,DF102,DF102,measured
DF102,DF102,DF102,df102,FRASER,clean,,,300900,13.35,1.243,0.0326,PDDF102,12.9,DF102,DF102,measured
DF102,DF102,DF102,df102,FRASER,clean,,,300900,14.35,1.232,0.0488,PDDF102,12.9,DF102,DF102,measured
DF103,DF103,DF103,,FRASER,clean,,,62500,-2.98,-0.264,0.0184,PDDF103,12.10,DF103,,measured
DF103,DF103,DF103,,FRASER,clean,,,62500,-1.43,-0.121,0.0194,PDDF103,12.10,DF103,,measured
DF103,DF103,DF103,,FRASER,clean,,,62500,0.09,0.137,0.0205,PDDF103,12.10,DF103,,measured
DF103,DF103,DF103,,FRASER,clean,,,62500,1.66,0.306,0.0204,PDDF103,12.10,DF103,,measured
DF103,DF103,DF103,,FRASER,clean,,,62500,3.19,0.424,0.0203,PDDF103,12.10,DF103,,measured
DF103,DF103,DF103,,FRASER,clean,,,62500,4.71,0.556,0.0216,PDDF103,12.10,DF103,,measured
DF103,DF103,DF103,,FRASER,clean,,,62500,6.22,0.649,0.0206,PDDF103,12.10,DF103,,measured
DF103,DF103,DF103,,FRASER,clean,,,62500,7.77,0.786,0.027,PDDF103,12.10,DF103,,measured
DF103,DF103,DF103,,FRASER,clean,,,62500,9.27,0.856,0.0267,PDDF103,12.10,DF103,,measured
DF103,DF103,DF103,,FRASER,clean,,,62500,10.77,0.888,0.0347,PDDF103,12.10,DF103,,measured
DF103,DF103,DF103,,FRASER,clean,,,99700,-2.94,-0.156,0.0143,PDDF103,12.10,DF103,,measured
DF103,DF103,DF103,,FRASER,clean,,,99700,-1.41,0.064,0.0133,PDDF103,12.10,DF103,,measured
DF103,DF103,DF103,,FRASER,clean,,,99700,0.13,0.248,0.014,PDDF103,12.10,DF103,,measured
DF103,DF103,DF103,,FRASER,clean,,,99700,1.66,0.381,0.0147,PDDF103,12.10,DF103,,measured
DF103,DF103,DF103,,FRASER,clean,,,99700,3.18,0.512,0.0161,PDDF103,12.10,DF103,,measured
DF103,DF103,DF103,,FRASER,clean,,,99700,4.73,0.645,0.0188,PDDF103,12.10,DF103,,measured
DF103,DF103,DF103,,FRASER,clean,,,99700,6.23,0.763,0.0196,PDDF103,12.10,DF103,,measured
DF103,DF103,DF103,,FRASER,clean,,,99700,7.76,0.863,0.0226,PDDF103,12.10,DF103,,measured
DF103,DF103,DF103,,FRASER,clean,,,99700,9.29,0.926,0.0293,PDDF103,12.10,DF103,,measured
DF103,DF103,DF103,,FRASER,clean,,,99700,10.79,0.961,0.0424,PDDF103,12.10,DF103,,measured
DF103,DF103,DF103,,FRASER,clean,,,99700,12.3,0.962,0.0547,PDDF103,12.10,DF103,,measured
DF103,DF103,DF103,,FRASER,clean,,,148500,-2.94,-0.096,0.013,PDDF103,12.10,DF103,,measured
DF103,DF103,DF103,,FRASER,clean,,,148500,-1.42,0.046,0.0119,PDDF103,12.10,DF103,,measured
DF103,DF103,DF103,,FRASER,clean,,,148500,0.13,0.234,0.0109,PDDF103,12.10,DF103,,measured
DF103,DF103,DF103,,FRASER,clean,,,148500,1.67,0.373,0.0122,PDDF103,12.10,DF103,,measured
DF103,DF103,DF103,,FRASER,clean,,,148500,3.21,0.515,0.0125,PDDF103,12.10,DF103,,measured
DF103,DF103,DF103,,FRASER,clean,,,148500,4.74,0.651,0.0147,PDDF103,12.10,DF103,,measured
DF103,DF103,DF103,,FRASER,clean,,,148500,6.23,0.771,0.017,PDDF103,12.10,DF103,,measured
DF103,DF103,DF103,,FRASER,clean,,,148500,7.77,0.86,0.0198,PDDF103,12.10,DF103,,measured
DF103,DF103,DF103,,FRASER,clean,,,148500,9.27,0.924,0.0266,PDDF103,12.10,DF103,,measured
DF103,DF103,DF103,,FRASER,clean,,,148500,10.8,0.96,0.0374,PDDF103,12.10,DF103,,measured
DF103,DF103,DF103,,FRASER,clean,,,203200,-2.95,-0.111,0.0118,PDDF103,12.10,DF103,,measured
DF103,DF103,DF103,,FRASER,clean,,,203200,-1.43,0.021,0.0102,PDDF103,12.10,DF103,,measured
DF103,DF103,DF103,,FRASER,clean,,,203200,0.14,0.218,0.0096,PDDF103,12.10,DF103,,measured
DF103,DF103,DF103,,FRASER,clean,,,203200,1.67,0.372,0.01,PDDF103,12.10,DF103,,measured
DF103,DF103,DF103,,FRASER,clean,,,203200,3.18,0.516,0.0109,PDDF103,12.10,DF103,,measured
DF103,DF103,DF103,,FRASER,clean,,,203200,4.72,0.657,0.0127,PDDF103,12.10,DF103,,measured
DF103,DF103,DF103,,FRASER,clean,,,203200,6.26,0.775,0.0149,PDDF103,12.10,DF103,,measured
DF103,DF103,DF103,,FRASER,clean,,,203200,7.77,0.858,0.0183,PDDF103,12.10,DF103,,measured
DF103,DF103,DF103,,FRASER,clean,,,203200,9.27,0.923,0.0253,PDDF103,12.10,DF103,,measured
DF103,DF103,DF103,,FRASER,clean,,,203200,10.8,0.959,0.0358,PDDF103,12.10,DF103,,measured
DF103,DF103,DF103,,FRASER,clean,,,203200,12.28,0.965,0.0586,PDDF103,12.10,DF103,,measured
DF103,DF103,DF103,,FRASER,clean,,,304800,-1.98,-0.03,0.0096,PDDF103,12.10,DF103,,measured
DF103,DF103,DF103,,FRASER,clean,,,304800,-0.44,0.109,0.0083,PDDF103,12.10,DF103,,measured
DF103,DF103,DF103,,FRASER,clean,,,304800,1.12,0.314,0.0082,PDDF103,12.10,DF103,,measured
DF103,DF103,DF103,,FRASER,clean,,,304800,2.69,0.477,0.0091,PDDF103,12.10,DF103,,measured
DF103,DF103,DF103,,FRASER,clean,,,304800,4.21,0.618,0.0102,PDDF103,12.10,DF103,,measured
DF103,DF103,DF103,,FRASER,clean,,,304800,5.74,0.74,0.012,PDDF103,12.10,DF103,,measured
DF103,DF103,DF103,,FRASER,clean,,,304800,7.25,0.828,0.0158,PDDF103,12.10,DF103,,measured
DF103,DF103,DF103,,FRASER,clean,,,304800,8.78,0.906,0.0208,PDDF103,12.10,DF103,,measured
DF103,DF103,DF103,,FRASER,clean,,,304800,10.29,0.96,0.0285,PDDF103,12.10,DF103,,measured
DF103,DF103,DF103,,FRASER,clean,,,304800,11.79,0.991,0.0489,PDDF103,12.10,DF103,,measured
DF103,DF103,DF103,,FRASER,clean,,,304800,13.29,1.018,0.0894,PDDF103,12.10,DF103,,measured
E193,E193,E193,e193,KOCH,clean,,,60200,-3.95,-0.202,0.031,PDE193,12.11,E193,E193,measured
E193,E193,E193,e193,KOCH,clean,,,60200,-2.93,-0.079,0.0236,PDE193,12.11,E193,E193,measured
E193,E193,E193,e193,KOCH,clean,,,60200,-1.9,0.063,0.0196,PDE193,12.11,E193,E193,measured
E193,E193,E193,e193,KOCH,clean,,,60200,-0.87,0.211,0.0172,PDE193,12.11,E193,E193,measured
E193,E193,E193,e193,KOCH,clean,,,60200,0.16,0.324,0.0197,PDE193,12.11,E193,E193,measured
E193,E193,E193,e193,KOCH,clean,,,60200,1.19,0.414,0.0242,PDE193,12.11,E193,E193,measured
E193,E193,E193,e193,KOCH,clean,,,60200,2.2,0.501,0.0265,PDE193,12.11,E193,E193,measured
E193,E193,E193,e193,KOCH,clean,,,60200,3.21,0.583,0.0292,PDE193,12.11,E193,E193,measured
E193,E193,E193,e193,KOCH,clean,,,60200,4.23,0.629,0.0402,PDE193,12.11,E193,E193,measured
E193,E193,E193,e193,KOCH,clean,,,60200,5.25,0.741,0.0415,PDE193,12.11,E193,E193,measured
E193,E193,E193,e193,KOCH,clean,,,60200,6.29,0.868,0.0388,PDE193,12.11,E193,E193,measured
E193,E193,E193,e193,KOCH,clean,,,60200,7.3,0.972,0.0334,PDE193,12.11,E193,E193,measured
E193,E193,E193,e193,KOCH,clean,,,60200,8.33,1.062,0.0279,PDE193,12.11,E193,E193,measured
E193,E193,E193,e193,KOCH,clean,,,60200,9.33,1.111,0.0282,PDE193,12.11,E193,E193,measured
E193,E193,E193,e193,KOCH,clean,,,60200,10.34,1.121,0.0339,PDE193,12.11,E193,E193,measured
E193,E193,E193,e193,KOCH,clean,,,60200,11.33,1.128,0.047,PDE193,12.11,E193,E193,measured
E193,E193,E193,e193,KOCH,clean,,,60200,12.34,1.126,0.056,PDE193,12.11,E193,E193,measured
E193,E193,E193,e193,KOCH,clean,,,60200,13.32,1.047,0.0539,PDE193,12.11,E193,E193,measured
E193,E193,E193,e193,KOCH,clean,,,97500,-3.95,-0.125,0.0197,PDE193,12.11,E193,E193,measured
E193,E193,E193,e193,KOCH,clean,,,97500,-2.91,0.004,0.0168,PDE193,12.11,E193,E193,measured
E193,E193,E193,e193,KOCH,clean,,,97500,-1.88,0.104,0.0138,PDE193,12.11,E193,E193,measured
E193,E193,E193,e193,KOCH,clean,,,97500,-0.87,0.223,0.0134,PDE193,12.11,E193,E193,measured
E193,E193,E193,e193,KOCH,clean,,,97500,0.14,0.317,0.0141,PDE193,12.11,E193,E193,measured
E193,E193,E193,e193,KOCH,clean,,,97500,1.19,0.412,0.0161,PDE193,12.11,E193,E193,measured
E193,E193,E193,e193,KOCH,clean,,,97500,2.2,0.506,0.019,PDE193,12.11,E193,E193,measured
E193,E193,E193,e193,KOCH,clean,,,97500,3.21,0.599,0.021,PDE193,12.11,E193,E193,measured
E193,E193,E193,e193,KOCH,clean,,,97500,4.23,0.687,0.0226,PDE193,12.11,E193,E193,measured
E193,E193,E193,e193,KOCH,clean,,,97500,5.26,0.78,0.0234,PDE193,12.11,E193,E193,measured
E193,E193,E193,e193,KOCH,clean,,,97500,6.28,0.876,0.0217,PDE193,12.11,E193,E193,measured
E193,E193,E193,e193,KOCH,clean,,,97500,7.3,0.972,0.0222,PDE193,12.11,E193,E193,measured
E193,E193,E193,e193,KOCH,clean,,,97500,8.33,1.063,0.0216,PDE193,12.11,E193,E193,measured
E193,E193,E193,e193,KOCH,clean,,,97500,9.32,1.11,0.0231,PDE193,12.11,E193,E193,measured
E193,E193,E193,e193,KOCH,clean,,,97500,10.34,1.119,0.0334,PDE193,12.11,E193,E193,measured
E193,E193,E193,e193,KOCH,clean,,,97500,11.34,1.125,0.0402,PDE193,12.11,E193,E193,measured
E193,E193,E193,e193,KOCH,clean,,,97500,12.34,1.121,0.0519,PDE193,12.11,E193,E193,measured
E193,E193,E193,e193,KOCH,clean,,,204200,-3.94,-0.106,0.0148,PDE193,12.11,E193,E193,measured
E193,E193,E193,e193,KOCH,clean,,,204200,-2.95,-0.017,0.0129,PDE193,12.11,E193,E193,measured
E193,E193,E193,e193,KOCH,clean,,,204200,-1.89,0.085,0.0123,PDE193,12.11,E193,E193,measured
E193,E193,E193,e193,KOCH,clean,,,204200,-0.88,0.179,0.0106,PDE193,12.11,E193,E193,measured
E193,E193,E193,e193,KOCH,clean,,,204200,0.15,0.298,0.01,PDE193,12.11,E193,E193,measured
E193,E193,E193,e193,KOCH,clean,,,204200,1.18,0.401,0.0107,PDE193,12.11,E193,E193,measured
E193,E193,E193,e193,KOCH,clean,,,204200,2.19,0.505,0.0112,PDE193,12.11,E193,E193,measured
E193,E193,E193,e193,KOCH,clean,,,204200,3.22,0.608,0.0122,PDE193,12.11,E193,E193,measured
E193,E193,E193,e193,KOCH,clean,,,204200,4.24,0.706,0.0127,PDE193,12.11,E193,E193,measured
E193,E193,E193,e193,KOCH,clean,,,204200,5.26,0.803,0.0134,PDE193,12.11,E193,E193,measured
E193,E193,E193,e193,KOCH,clean,,,204200,6.28,0.898,0.0133,PDE193,12.11,E193,E193,measured
E193,E193,E193,e193,KOCH,clean,,,204200,7.31,0.98,0.0147,PDE193,12.11,E193,E193,measured
E193,E193,E193,e193,KOCH,clean,,,204200,8.31,1.04,0.0177,PDE193,12.11,E193,E193,measured
E193,E193,E193,e193,KOCH,clean,,,204200,9.31,1.081,0.0221,PDE193,12.11,E193,E193,measured
E193,E193,E193,e193,KOCH,clean,,,204200,10.33,1.103,0.0282,PDE193,12.11,E193,E193,measured
E193,E193,E193,e193,KOCH,clean,,,204200,11.34,1.104,0.0326,PDE193,12.11,E193,E193,measured
E193,E193,E193,e193,KOCH,clean,,,204200,12.33,1.1,0.0382,PDE193,12.11,E193,E193,measured
E193,E193,E193,e193,KOCH,clean,,,303100,-2.92,-0.006,0.0115,PDE193,12.11,E193,E193,measured
E193,E193,E193,e193,KOCH,clean,,,303100,-1.89,0.097,0.0107,PDE193,12.11,E193,E193,measured
E193,E193,E193,e193,KOCH,clean,,,303100,-0.88,0.198,0.0097,PDE193,12.11,E193,E193,measured
E193,E193,E193,e193,KOCH,clean,,,303100,0.15,0.315,0.0085,PDE193,12.11,E193,E193,measured
E193,E193,E193,e193,KOCH,clean,,,303100,1.16,0.416,0.0088,PDE193,12.11,E193,E193,measured
E193,E193,E193,e193,KOCH,clean,,,303100,2.19,0.514,0.0092,PDE193,12.11,E193,E193,measured
E193,E193,E193,e193,KOCH,clean,,,303100,3.2,0.616,0.0097,PDE193,12.11,E193,E193,measured
E193,E193,E193,e193,KOCH,clean,,,303100,4.24,0.715,0.0107,PDE193,12.11,E193,E193,measured
E193,E193,E193,e193,KOCH,clean,,,303100,5.25,0.811,0.0112,PDE193,12.11,E193,E193,measured
E193 MODIFIED,E193 MODIFIED,E193 MODIFIED,,FOLKENING,clean,,,100300,-2.93,0.069,0.0192,PDE193THK,12.12,E193MOD,E193MOD,measured
E193 MODIFIED,E193 MODIFIED,E193 MODIFIED,,FOLKENING,clean,,,100300,-0.87,0.262,0.018,PDE193THK,12.12,E193MOD,E193MOD,measured
E193 MODIFIED,E193 MODIFIED,E193 MODIFIED,,FOLKENING,clean,,,100300,0.15,0.364,0.0179,PDE193THK,12.12,E193MOD,E193MOD,measured
E193 MODIFIED,E193 MODIFIED,E193 MODIFIED,,FOLKENING,clean,,,100300,2.2,0.555,0.0206,PDE193THK,12.12,E193MOD,E193MOD,measured
E193 MODIFIED,E193 MODIFIED,E193 MODIFIED,,FOLKENING,clean,,,100300,4.24,0.745,0.0231,PDE193THK,12.12,E193MOD,E193MOD,measured
E193 MODIFIED,E193 MODIFIED,E193 MODIFIED,,FOLKENING,clean,,,100300,6.29,0.944,0.0228,PDE193THK,12.12,E193MOD,E193MOD,measured
E193 MODIFIED,E193 MODIFIED,E193 MODIFIED,,FOLKENING,clean,,,100300,7.32,1.045,0.0219,PDE193THK,12.12,E193MOD,E193MOD,measured
E193 MODIFIED,E193 MODIFIED,E193 MODIFIED,,FOLKENING,clean,,,100300,8.33,1.133,0.0209,PDE193THK,12.12,E193MOD,E193MOD,measured
E193 MODIFIED,E193 MODIFIED,E193 MODIFIED,,FOLKENING,clean,,,100300,9.35,1.21,0.0227,PDE193THK,12.12,E193MOD,E193MOD,measured
E193 MODIFIED,E193 MODIFIED,E193 MODIFIED,,FOLKENING,clean,,,100300,10.35,1.238,0.0232,PDE193THK,12.12,E193MOD,E193MOD,measured
E193 MODIFIED,E193 MODIFIED,E193 MODIFIED,,FOLKENING,clean,,,149400,-2.89,0.09,0.0143,PDE193THK,12.12,E193MOD,E193MOD,measured
E193 MODIFIED,E193 MODIFIED,E193 MODIFIED,,FOLKENING,clean,,,149400,-0.85,0.277,0.0128,PDE193THK,12.12,E193MOD,E193MOD,measured
E193 MODIFIED,E193 MODIFIED,E193 MODIFIED,,FOLKENING,clean,,,149400,0.18,0.388,0.0131,PDE193THK,12.12,E193MOD,E193MOD,measured
E193 MODIFIED,E193 MODIFIED,E193 MODIFIED,,FOLKENING,clean,,,149400,2.22,0.594,0.0146,PDE193THK,12.12,E193MOD,E193MOD,measured
E193 MODIFIED,E193 MODIFIED,E193 MODIFIED,,FOLKENING,clean,,,149400,4.26,0.795,0.0157,PDE193THK,12.12,E193MOD,E193MOD,measured
E193 MODIFIED,E193 MODIFIED,E193 MODIFIED,,FOLKENING,clean,,,149400,6.3,0.985,0.0174,PDE193THK,12.12,E193MOD,E193MOD,measured
E193 MODIFIED,E193 MODIFIED,E193 MODIFIED,,FOLKENING,clean,,,149400,7.31,1.078,0.0178,PDE193THK,12.12,E193MOD,E193MOD,measured
E193 MODIFIED,E193 MODIFIED,E193 MODIFIED,,FOLKENING,clean,,,149400,8.34,1.164,0.0201,PDE193THK,12.12,E193MOD,E193MOD,measured
E193 MODIFIED,E193 MODIFIED,E193 MODIFIED,,FOLKENING,clean,,,149400,9.36,1.203,0.026,PDE193THK,12.12,E193MOD,E193MOD,measured
E193 MODIFIED,E193 MODIFIED,E193 MODIFIED,,FOLKENING,clean,,,149400,10.34,1.219,0.0348,PDE193THK,12.12,E193MOD,E193MOD,measured
E193 MODIFIED,E193 MODIFIED,E193 MODIFIED,,FOLKENING,clean,,,207900,-9.03,-0.41,0.1195,PDE193THK,12.12,E193MOD,E193MOD,measured
E193 MODIFIED,E193 MODIFIED,E193 MODIFIED,,FOLKENING,clean,,,207900,-8.0,-0.366,0.0932,PDE193THK,12.12,E193MOD,E193MOD,measured
E193 MODIFIED,E193 MODIFIED,E193 MODIFIED,,FOLKENING,clean,,,207900,-6.97,-0.264,0.0414,PDE193THK,12.12,E193MOD,E193MOD,measured
E193 MODIFIED,E193 MODIFIED,E193 MODIFIED,,FOLKENING,clean,,,207900,-5.97,-0.188,0.0194,PDE193THK,12.12,E193MOD,E193MOD,measured
E193 MODIFIED,E193 MODIFIED,E193 MODIFIED,,FOLKENING,clean,,,207900,-5.03,-0.111,0.016,PDE193THK,12.12,E193MOD,E193MOD,measured
E193 MODIFIED,E193 MODIFIED,E193 MODIFIED,,FOLKENING,clean,,,207900,-3.94,-0.013,0.0137,PDE193THK,12.12,E193MOD,E193MOD,measured
E193 MODIFIED,E193 MODIFIED,E193 MODIFIED,,FOLKENING,clean,,,207900,-2.89,0.082,0.0122,PDE193THK,12.12,E193MOD,E193MOD,measured
E193 MODIFIED,E193 MODIFIED,E193 MODIFIED,,FOLKENING,clean,,,207900,-1.88,0.181,0.0115,PDE193THK,12.12,E193MOD,E193MOD,measured
E193 MODIFIED,E193 MODIFIED,E193 MODIFIED,,FOLKENING,clean,,,207900,-0.86,0.283,0.0102,PDE193THK,12.12,E193MOD,E193MOD,measured
E193 MODIFIED,E193 MODIFIED,E193 MODIFIED,,FOLKENING,clean,,,207900,0.15,0.392,0.0099,PDE193THK,12.12,E193MOD,E193MOD,measured
E193 MODIFIED,E193 MODIFIED,E193 MODIFIED,,FOLKENING,clean,,,207900,1.2,0.502,0.0101,PDE193THK,12.12,E193MOD,E193MOD,measured
E193 MODIFIED,E193 MODIFIED,E193 MODIFIED,,FOLKENING,clean,,,207900,2.2,0.606,0.0105,PDE193THK,12.12,E193MOD,E193MOD,measured
E193 MODIFIED,E193 MODIFIED,E193 MODIFIED,,FOLKENING,clean,,,207900,3.23,0.71,0.012,PDE193THK,12.12,E193MOD,E193MOD,measured
E193 MODIFIED,E193 MODIFIED,E193 MODIFIED,,FOLKENING,clean,,,207900,4.26,0.811,0.0127,PDE193THK,12.12,E193MOD,E193MOD,measured
E193 MODIFIED,E193 MODIFIED,E193 MODIFIED,,FOLKENING,clean,,,207900,5.28,0.908,0.0135,PDE193THK,12.12,E193MOD,E193MOD,measured
E193 MODIFIED,E193 MODIFIED,E193 MODIFIED,,FOLKENING,clean,,,207900,6.31,1.003,0.0141,PDE193THK,12.12,E193MOD,E193MOD,measured
E193 MODIFIED,E193 MODIFIED,E193 MODIFIED,,FOLKENING,clean,,,207900,7.33,1.09,0.0158,PDE193THK,12.12,E193MOD,E193MOD,measured
E193 MODIFIED,E193 MODIFIED,E193 MODIFIED,,FOLKENING,clean,,,207900,8.33,1.155,0.0179,PDE193THK,12.12,E193MOD,E193MOD,measured
E193 MODIFIED,E193 MODIFIED,E193 MODIFIED,,FOLKENING,clean,,,207900,9.33,1.185,0.0231,PDE193THK,12.12,E193MOD,E193MOD,measured
E193 MODIFIED,E193 MODIFIED,E193 MODIFIED,,FOLKENING,clean,,,207900,10.34,1.205,0.0287,PDE193THK,12.12,E193MOD,E193MOD,measured
E193 MODIFIED,E193 MODIFIED,E193 MODIFIED,,FOLKENING,clean,,,207900,11.34,1.208,0.0338,PDE193THK,12.12,E193MOD,E193MOD,measured
E193 MODIFIED,E193 MODIFIED,E193 MODIFIED,,FOLKENING,clean,,,307800,-2.91,0.09,0.0111,PDE193THK,12.12,E193MOD,E193MOD,measured
E193 MODIFIED,E193 MODIFIED,E193 MODIFIED,,FOLKENING,clean,,,307800,-1.89,0.192,0.0104,PDE193THK,12.12,E193MOD,E193MOD,measured
E193 MODIFIED,E193 MODIFIED,E193 MODIFIED,,FOLKENING,clean,,,307800,-0.89,0.295,0.0093,PDE193THK,12.12,E193MOD,E193MOD,measured
E193 MODIFIED,E193 MODIFIED,E193 MODIFIED,,FOLKENING,clean,,,307800,0.13,0.397,0.0084,PDE193THK,12.12,E193MOD,E193MOD,measured
E193 MODIFIED,E193 MODIFIED,E193 MODIFIED,,FOLKENING,clean,,,307800,1.17,0.514,0.0085,PDE193THK,12.12,E193MOD,E193MOD,measured
E193 MODIFIED,E193 MODIFIED,E193 MODIFIED,,FOLKENING,clean,,,307800,2.2,0.619,0.0092,PDE193THK,12.12,E193MOD,E193MOD,measured
E193 MODIFIED,E193 MODIFIED,E193 MODIFIED,,FOLKENING,clean,,,307800,3.24,0.72,0.0097,PDE193THK,12.12,E193MOD,E193MOD,measured
E193 MODIFIED,E193 MODIFIED,E193 MODIFIED,,FOLKENING,clean,,,307800,4.25,0.817,0.0107,PDE193THK,12.12,E193MOD,E193MOD,measured
E193 MODIFIED,E193 MODIFIED,E193 MODIFIED,,FOLKENING,clean,,,307800,5.28,0.914,0.0116,PDE193THK,12.12,E193MOD,E193MOD,measured
E193 MODIFIED,E193 MODIFIED,E193 MODIFIED,,FOLKENING,clean,,,307800,6.3,1.004,0.0127,PDE193THK,12.12,E193MOD,E193MOD,measured
E193 MODIFIED,E193 MODIFIED,E193 MODIFIED,,FOLKENING,clean,,,307800,7.31,1.081,0.0138,PDE193THK,12.12,E193MOD,E193MOD,measured
E193 MODIFIED,E193 MODIFIED,E193 MODIFIED,,FOLKENING,clean,,,307800,8.32,1.135,0.0166,PDE193THK,12.12,E193MOD,E193MOD,measured
E193 MODIFIED,E193 MODIFIED,E193 MODIFIED,,FOLKENING,clean,,,307800,9.34,1.164,0.0222,PDE193THK,12.12,E193MOD,E193MOD,measured
E193 MODIFIED,E193 MODIFIED,E193 MODIFIED,,FOLKENING,clean,,,307800,10.35,1.186,0.027,PDE193THK,12.12,E193MOD,E193MOD,measured
E193 MODIFIED,E193 MODIFIED,E193 MODIFIED,,FOLKENING,clean,,,307800,11.34,1.199,0.0317,PDE193THK,12.12,E193MOD,E193MOD,measured
E193 MODIFIED,E193 MODIFIED,E193 MODIFIED,,FOLKENING,clean,,,307800,12.34,1.212,0.0312,PDE193THK,12.12,E193MOD,E193MOD,measured
E205A,E205A,E205,e205,BATEY/KUNATH,clean,,,59800,-3.96,-0.22,0.0241,PDE205,12.13,E205A,E205,measured
E205A,E205A,E205,e205,BATEY/KUNATH,clean,,,59800,-2.92,-0.101,0.0207,PDE205,12.13,E205A,E205,measured
E205A,E205A,E205,e205,BATEY/KUNATH,clean,,,59800,-1.9,0.08,0.0166,PDE205,12.13,E205A,E205,measured
E205A,E205A,E205,e205,BATEY/KUNATH,clean,,,59800,-0.85,0.207,0.017,PDE205,12.13,E205A,E205,measured
E205A,E205A,E205,e205,BATEY/KUNATH,clean,,,59800,0.16,0.294,0.0208,PDE205,12.13,E205A,E205,measured
E205A,E205A,E205,e205,BATEY/KUNATH,clean,,,59800,1.17,0.373,0.0247,PDE205,12.13,E205A,E205,measured
E205A,E205A,E205,e205,BATEY/KUNATH,clean,,,59800,2.18,0.449,0.0277,PDE205,12.13,E205A,E205,measured
E205A,E205A,E205,e205,BATEY/KUNATH,clean,,,59800,3.21,0.524,0.0291,PDE205,12.13,E205A,E205,measured
E205A,E205A,E205,e205,BATEY/KUNATH,clean,,,59800,4.22,0.598,0.034,PDE205,12.13,E205A,E205,measured
E205A,E205A,E205,e205,BATEY/KUNATH,clean,,,59800,5.24,0.665,0.0377,PDE205,12.13,E205A,E205,measured
E205A,E205A,E205,e205,BATEY/KUNATH,clean,,,59800,6.25,0.727,0.043,PDE205,12.13,E205A,E205,measured
E205A,E205A,E205,e205,BATEY/KUNATH,clean,,,59800,7.28,0.83,0.0389,PDE205,12.13,E205A,E205,measured
E205A,E205A,E205,e205,BATEY/KUNATH,clean,,,59800,8.29,0.915,0.0323,PDE205,12.13,E205A,E205,measured
E205A,E205A,E205,e205,BATEY/KUNATH,clean,,,59800,9.31,0.987,0.0289,PDE205,12.13,E205A,E205,measured
E205A,E205A,E205,e205,BATEY/KUNATH,clean,,,59800,10.32,1.021,0.0289,PDE205,12.13,E205A,E205,measured
E205A,E205A,E205,e205,BATEY/KUNATH,clean,,,59800,11.32,1.034,0.0354,PDE205,12.13,E205A,E205,measured
E205A,E205A,E205,e205,BATEY/KUNATH,clean,,,99500,-3.93,-0.144,0.0198,PDE205,12.13,E205A,E205,measured
E205A,E205A,E205,e205,BATEY/KUNATH,clean,,,99500,-2.92,-0.019,0.0156,PDE205,12.13,E205A,E205,measured
E205A,E205A,E205,e205,BATEY/KUNATH,clean,,,99500,-1.88,0.098,0.0139,PDE205,12.13,E205A,E205,measured
E205A,E205A,E205,e205,BATEY/KUNATH,clean,,,99500,-0.86,0.197,0.0144,PDE205,12.13,E205A,E205,measured
E205A,E205A,E205,e205,BATEY/KUNATH,clean,,,99500,0.16,0.289,0.0154,PDE205,12.13,E205A,E205,measured
E205A,E205A,E205,e205,BATEY/KUNATH,clean,,,99500,1.18,0.38,0.0177,PDE205,12.13,E205A,E205,measured
E205A,E205A,E205,e205,BATEY/KUNATH,clean,,,99500,2.2,0.468,0.0195,PDE205,12.13,E205A,E205,measured
E205A,E205A,E205,e205,BATEY/KUNATH,clean,,,99500,3.21,0.557,0.021,PDE205,12.13,E205A,E205,measured
E205A,E205A,E205,e205,BATEY/KUNATH,clean,,,99500,4.23,0.645,0.0217,PDE205,12.13,E205A,E205,measured
E205A,E205A,E205,e205,BATEY/KUNATH,clean,,,99500,5.25,0.732,0.0228,PDE205,12.13,E205A,E205,measured
E205A,E205A,E205,e205,BATEY/KUNATH,clean,,,99500,6.27,0.821,0.0226,PDE205,12.13,E205A,E205,measured
E205A,E205A,E205,e205,BATEY/KUNATH,clean,,,99500,7.29,0.911,0.0225,PDE205,12.13,E205A,E205,measured
E205A,E205A,E205,e205,BATEY/KUNATH,clean,,,99500,8.32,0.993,0.0223,PDE205,12.13,E205A,E205,measured
E205A,E205A,E205,e205,BATEY/KUNATH,clean,,,99500,9.32,1.047,0.0242,PDE205,12.13,E205A,E205,measured
E205A,E205A,E205,e205,BATEY/KUNATH,clean,,,99500,10.33,1.074,0.0288,PDE205,12.13,E205A,E205,measured
E205A,E205A,E205,e205,BATEY/KUNATH,clean,,,99500,11.32,1.083,0.0333,PDE205,12.13,E205A,E205,measured
E205A,E205A,E205,e205,BATEY/KUNATH,clean,,,150600,-1.9,0.048,0.0126,PDE205,12.13,E205A,E205,measured
E205A,E205A,E205,e205,BATEY/KUNATH,clean,,,150600,-0.86,0.18,0.011,PDE205,12.13,E205A,E205,measured
E205A,E205A,E205,e205,BATEY/KUNATH,clean,,,150600,0.15,0.276,0.0114,PDE205,12.13,E205A,E205,measured
E205A,E205A,E205,e205,BATEY/KUNATH,clean,,,150600,1.16,0.372,0.0123,PDE205,12.13,E205A,E205,measured
E205A,E205A,E205,e205,BATEY/KUNATH,clean,,,150600,3.22,0.564,0.0149,PDE205,12.13,E205A,E205,measured
E205A,E205A,E205,e205,BATEY/KUNATH,clean,,,150600,5.25,0.75,0.0157,PDE205,12.13,E205A,E205,measured
E205A,E205A,E205,e205,BATEY/KUNATH,clean,,,150600,7.3,0.93,0.0173,PDE205,12.13,E205A,E205,measured
E205A,E205A,E205,e205,BATEY/KUNATH,clean,,,150600,8.31,0.996,0.0185,PDE205,12.13,E205A,E205,measured
E205A,E205A,E205,e205,BATEY/KUNATH,clean,,,150600,9.33,1.045,0.022,PDE205,12.13,E205A,E205,measured
E205A,E205A,E205,e205,BATEY/KUNATH,clean,,,150600,10.33,1.076,0.0259,PDE205,12.13,E205A,E205,measured
E205A,E205A,E205,e205,BATEY/KUNATH,clean,,,150600,11.32,1.076,0.0281,PDE205,12.13,E205A,E205,measured
E205A,E205A,E205,e205,BATEY/KUNATH,clean,,,202100,-4.98,-0.265,0.0195,PDE205,12.13,E205A,E205,measured
E205A,E205A,E205,e205,BATEY/KUNATH,clean,,,202100,-3.94,-0.161,0.0154,PDE205,12.13,E205A,E205,measured
E205A,E205A,E205,e205,BATEY/KUNATH,clean,,,202100,-2.92,-0.072,0.0129,PDE205,12.13,E205A,E205,measured
E205A,E205A,E205,e205,BATEY/KUNATH,clean,,,202100,-1.89,0.024,0.0116,PDE205,12.13,E205A,E205,measured
E205A,E205A,E205,e205,BATEY/KUNATH,clean,,,202100,-0.9,0.12,0.0108,PDE205,12.13,E205A,E205,measured
E205A,E205A,E205,e205,BATEY/KUNATH,clean,,,202100,0.15,0.258,0.0098,PDE205,12.13,E205A,E205,measured
E205A,E205A,E205,e205,BATEY/KUNATH,clean,,,202100,1.16,0.357,0.0106,PDE205,12.13,E205A,E205,measured
E205A,E205A,E205,e205,BATEY/KUNATH,clean,,,202100,2.19,0.455,0.0109,PDE205,12.13,E205A,E205,measured
E205A,E205A,E205,e205,BATEY/KUNATH,clean,,,202100,3.2,0.551,0.0119,PDE205,12.13,E205A,E205,measured
E205A,E205A,E205,e205,BATEY/KUNATH,clean,,,202100,4.24,0.65,0.0128,PDE205,12.13,E205A,E205,measured
E205A,E205A,E205,e205,BATEY/KUNATH,clean,,,202100,5.26,0.743,0.0131,PDE205,12.13,E205A,E205,measured
E205A,E205A,E205,e205,BATEY/KUNATH,clean,,,202100,6.27,0.838,0.0135,PDE205,12.13,E205A,E205,measured
E205A,E205A,E205,e205,BATEY/KUNATH,clean,,,202100,7.3,0.927,0.0143,PDE205,12.13,E205A,E205,measured
E205A,E205A,E205,e205,BATEY/KUNATH,clean,,,202100,8.3,0.995,0.0161,PDE205,12.13,E205A,E205,measured
E205A,E205A,E205,e205,BATEY/KUNATH,clean,,,202100,9.31,1.05,0.0192,PDE205,12.13,E205A,E205,measured
E205A,E205A,E205,e205,BATEY/KUNATH,clean,,,202100,10.32,1.088,0.023,PDE205,12.13,E205A,E205,measured
E205A,E205A,E205,e205,BATEY/KUNATH,clean,,,202100,11.34,1.09,0.0256,PDE205,12.13,E205A,E205,measured
E205A,E205A,E205,e205,BATEY/KUNATH,clean,,,202100,12.31,1.081,0.0278,PDE205,12.13,E205A,E205,measured
E205A,E205A,E205,e205,BATEY/KUNATH,clean,,,301800,-1.92,0.019,0.0109,PDE205,12.13,E205A,E205,measured
E205A,E205A,E205,e205,BATEY/KUNATH,clean,,,301800,-0.88,0.117,0.0101,PDE205,12.13,E205A,E205,measured
E205A,E205A,E205,e205,BATEY/KUNATH,clean,,,301800,0.14,0.244,0.0084,PDE205,12.13,E205A,E205,measured
E205A,E205A,E205,e205,BATEY/KUNATH,clean,,,301800,1.16,0.357,0.0091,PDE205,12.13,E205A,E205,measured
E205A,E205A,E205,e205,BATEY/KUNATH,clean,,,301800,2.19,0.457,0.0093,PDE205,12.13,E205A,E205,measured
E205A,E205A,E205,e205,BATEY/KUNATH,clean,,,301800,3.21,0.555,0.0099,PDE205,12.13,E205A,E205,measured
E205A,E205A,E205,e205,BATEY/KUNATH,clean,,,301800,4.22,0.652,0.0103,PDE205,12.13,E205A,E205,measured
E205A,E205A,E205,e205,BATEY/KUNATH,clean,,,301800,5.25,0.748,0.0112,PDE205,12.13,E205A,E205,measured
E205A,E205A,E205,e205,BATEY/KUNATH,clean,,,301800,6.27,0.84,0.0118,PDE205,12.13,E205A,E205,measured
E205A,E205A,E205,e205,BATEY/KUNATH,clean,,,301800,7.28,0.916,0.0133,PDE205,12.13,E205A,E205,measured
E205A,E205A,E205,e205,BATEY/KUNATH,clean,,,301800,8.31,0.979,0.016,PDE205,12.13,E205A,E205,measured
E205B,E205B,E205,e205,REED,clean,,,63600,-4.94,-0.193,0.0252,PDE205B,12.14,E205B,E205,measured
E205B,E205B,E205,e205,REED,clean,,,63600,-3.94,-0.108,0.0186,PDE205B,12.14,E205B,E205,measured
E205B,E205B,E205,e205,REED,clean,,,63600,-2.92,0.014,0.0152,PDE205B,12.14,E205B,E205,measured
E205B,E205B,E205,e205,REED,clean,,,63600,-1.88,0.154,0.0126,PDE205B,12.14,E205B,E205,measured
E205B,E205B,E205,e205,REED,clean,,,63600,-0.84,0.279,0.0185,PDE205B,12.14,E205B,E205,measured
E205B,E205B,E205,e205,REED,clean,,,63600,0.16,0.372,0.0225,PDE205B,12.14,E205B,E205,measured
E205B,E205B,E205,e205,REED,clean,,,63600,1.18,0.456,0.0248,PDE205B,12.14,E205B,E205,measured
E205B,E205B,E205,e205,REED,clean,,,63600,2.21,0.532,0.0277,PDE205B,12.14,E205B,E205,measured
E205B,E205B,E205,e205,REED,clean,,,63600,3.22,0.625,0.0336,PDE205B,12.14,E205B,E205,measured
E205B,E205B,E205,e205,REED,clean,,,63600,4.24,0.718,0.0324,PDE205B,12.14,E205B,E205,measured
E205B,E205B,E205,e205,REED,clean,,,63600,5.26,0.809,0.03,PDE205B,12.14,E205B,E205,measured
E205B,E205B,E205,e205,REED,clean,,,63600,6.28,0.882,0.0302,PDE205B,12.14,E205B,E205,measured
E205B,E205B,E205,e205,REED,clean,,,63600,7.29,0.967,0.0287,PDE205B,12.14,E205B,E205,measured
E205B,E205B,E205,e205,REED,clean,,,63600,8.32,1.031,0.0267,PDE205B,12.14,E205B,E205,measured
E205B,E205B,E205,e205,REED,clean,,,63600,9.32,1.054,0.028,PDE205B,12.14,E205B,E205,measured
E205B,E205B,E205,e205,REED,clean,,,63600,10.33,1.061,0.0456,PDE205B,12.14,E205B,E205,measured
E205B,E205B,E205,e205,REED,clean,,,105200,-5.99,-0.282,0.0277,PDE205B,12.14,E205B,E205,measured
E205B,E205B,E205,e205,REED,clean,,,105200,-4.95,-0.172,0.02,PDE205B,12.14,E205B,E205,measured
E205B,E205B,E205,e205,REED,clean,,,105200,-3.91,-0.041,0.0154,PDE205B,12.14,E205B,E205,measured
E205B,E205B,E205,e205,REED,clean,,,105200,-2.89,0.082,0.0136,PDE205B,12.14,E205B,E205,measured
E205B,E205B,E205,e205,REED,clean,,,105200,-1.87,0.194,0.0135,PDE205B,12.14,E205B,E205,measured
E205B,E205B,E205,e205,REED,clean,,,105200,-0.85,0.294,0.0162,PDE205B,12.14,E205B,E205,measured
E205B,E205B,E205,e205,REED,clean,,,105200,0.17,0.378,0.0171,PDE205B,12.14,E205B,E205,measured
E205B,E205B,E205,e205,REED,clean,,,105200,1.19,0.464,0.019,PDE205B,12.14,E205B,E205,measured
E205B,E205B,E205,e205,REED,clean,,,105200,2.22,0.563,0.0195,PDE205B,12.14,E205B,E205,measured
E205B,E205B,E205,e205,REED,clean,,,105200,3.23,0.651,0.0207,PDE205B,12.14,E205B,E205,measured
E205B,E205B,E205,e205,REED,clean,,,105200,4.25,0.736,0.0205,PDE205B,12.14,E205B,E205,measured
E205B,E205B,E205,e205,REED,clean,,,105200,5.28,0.817,0.0219,PDE205B,12.14,E205B,E205,measured
E205B,E205B,E205,e205,REED,clean,,,105200,6.28,0.912,0.021,PDE205B,12.14,E205B,E205,measured
E205B,E205B,E205,e205,REED,clean,,,105200,7.31,1.005,0.021,PDE205B,12.14,E205B,E205,measured
E205B,E205B,E205,e205,REED,clean,,,105200,8.31,1.049,0.0258,PDE205B,12.14,E205B,E205,measured
E205B,E205B,E205,e205,REED,clean,,,105200,9.31,1.059,0.0343,PDE205B,12.14,E205B,E205,measured
E205B,E205B,E205,e205,REED,clean,,,151100,-6.0,-0.261,0.0235,PDE205B,12.14,E205B,E205,measured
E205B,E205B,E205,e205,REED,clean,,,151100,-4.94,-0.137,0.0181,PDE205B,12.14,E205B,E205,measured
E205B,E205B,E205,e205,REED,clean,,,151100,-3.92,-0.018,0.0138,PDE205B,12.14,E205B,E205,measured
E205B,E205B,E205,e205,REED,clean,,,151100,-2.89,0.07,0.0118,PDE205B,12.14,E205B,E205,measured
E205B,E205B,E205,e205,REED,clean,,,151100,-1.88,0.16,0.0099,PDE205B,12.14,E205B,E205,measured
E205B,E205B,E205,e205,REED,clean,,,151100,-0.87,0.268,0.0104,PDE205B,12.14,E205B,E205,measured
E205B,E205B,E205,e205,REED,clean,,,151100,0.15,0.366,0.0117,PDE205B,12.14,E205B,E205,measured
E205B,E205B,E205,e205,REED,clean,,,151100,1.19,0.468,0.0134,PDE205B,12.14,E205B,E205,measured
E205B,E205B,E205,e205,REED,clean,,,151100,2.21,0.569,0.0148,PDE205B,12.14,E205B,E205,measured
E205B,E205B,E205,e205,REED,clean,,,151100,3.22,0.662,0.0158,PDE205B,12.14,E205B,E205,measured
E205B,E205B,E205,e205,REED,clean,,,151100,4.24,0.763,0.0166,PDE205B,12.14,E205B,E205,measured
E205B,E205B,E205,e205,REED,clean,,,151100,5.27,0.861,0.0171,PDE205B,12.14,E205B,E205,measured
E205B,E205B,E205,e205,REED,clean,,,151100,6.3,0.956,0.0175,PDE205B,12.14,E205B,E205,measured
E205B,E205B,E205,e205,REED,clean,,,151100,7.3,1.027,0.0192,PDE205B,12.14,E205B,E205,measured
E205B,E205B,E205,e205,REED,clean,,,151100,8.33,1.065,0.0275,PDE205B,12.14,E205B,E205,measured
E205B,E205B,E205,e205,REED,clean,,,151100,9.33,1.082,0.0338,PDE205B,12.14,E205B,E205,measured
E205B,E205B,E205,e205,REED,clean,,,151100,10.32,1.076,0.0584,PDE205B,12.14,E205B,E205,measured
E205B,E205B,E205,e205,REED,clean,,,206600,-4.95,-0.131,0.0149,PDE205B,12.14,E205B,E205,measured
E205B,E205B,E205,e205,REED,clean,,,206600,-3.91,-0.031,0.0127,PDE205B,12.14,E205B,E205,measured
E205B,E205B,E205,e205,REED,clean,,,206600,-2.91,0.061,0.0108,PDE205B,12.14,E205B,E205,measured
E205B,E205B,E205,e205,REED,clean,,,206600,-1.88,0.149,0.0093,PDE205B,12.14,E205B,E205,measured
E205B,E205B,E205,e205,REED,clean,,,206600,-0.87,0.258,0.0092,PDE205B,12.14,E205B,E205,measured
E205B,E205B,E205,e205,REED,clean,,,206600,0.15,0.361,0.0098,PDE205B,12.14,E205B,E205,measured
E205B,E205B,E205,e205,REED,clean,,,206600,1.19,0.467,0.0111,PDE205B,12.14,E205B,E205,measured
E205B,E205B,E205,e205,REED,clean,,,206600,2.2,0.57,0.012,PDE205B,12.14,E205B,E205,measured
E205B,E205B,E205,e205,REED,clean,,,206600,3.24,0.675,0.0132,PDE205B,12.14,E205B,E205,measured
E205B,E205B,E205,e205,REED,clean,,,206600,4.24,0.775,0.0136,PDE205B,12.14,E205B,E205,measured
E205B,E205B,E205,e205,REED,clean,,,206600,5.28,0.875,0.0138,PDE205B,12.14,E205B,E205,measured
E205B,E205B,E205,e205,REED,clean,,,206600,6.28,0.96,0.0145,PDE205B,12.14,E205B,E205,measured
E205B,E205B,E205,e205,REED,clean,,,206600,7.31,1.024,0.0175,PDE205B,12.14,E205B,E205,measured
E205B,E205B,E205,e205,REED,clean,,,206600,8.32,1.068,0.0242,PDE205B,12.14,E205B,E205,measured
E205B,E205B,E205,e205,REED,clean,,,206600,9.32,1.091,0.0313,PDE205B,12.14,E205B,E205,measured
E205B,E205B,E205,e205,REED,clean,,,206600,10.32,1.088,0.0439,PDE205B,12.14,E205B,E205,measured
E205B,E205B,E205,e205,REED,clean,,,206600,11.31,1.081,0.0588,PDE205B,12.14,E205B,E205,measured
E205B,E205B,E205,e205,REED,clean,,,304300,-5.98,-0.221,0.0171,PDE205B,12.14,E205B,E205,measured
E205B,E205B,E205,e205,REED,clean,,,304300,-4.95,-0.129,0.0136,PDE205B,12.14,E205B,E205,measured
E205B,E205B,E205,e205,REED,clean,,,304300,-3.95,-0.04,0.012,PDE205B,12.14,E205B,E205,measured
E205B,E205B,E205,e205,REED,clean,,,304300,-2.92,0.051,0.0106,PDE205B,12.14,E205B,E205,measured
E205B,E205B,E205,e205,REED,clean,,,304300,-1.9,0.156,0.0095,PDE205B,12.14,E205B,E205,measured
E205B,E205B,E205,e205,REED,clean,,,304300,-0.86,0.255,0.0081,PDE205B,12.14,E205B,E205,measured
E205B,E205B,E205,e205,REED,clean,,,304300,0.16,0.367,0.0082,PDE205B,12.14,E205B,E205,measured
E205B,E205B,E205,e205,REED,clean,,,304300,1.19,0.473,0.0089,PDE205B,12.14,E205B,E205,measured
E205B,E205B,E205,e205,REED,clean,,,304300,2.2,0.578,0.0094,PDE205B,12.14,E205B,E205,measured
E205B,E205B,E205,e205,REED,clean,,,304300,3.24,0.684,0.0104,PDE205B,12.14,E205B,E205,measured
E205B,E205B,E205,e205,REED,clean,,,304300,4.24,0.782,0.011,PDE205B,12.14,E205B,E205,measured
E205B,E205B,E205,e205,REED,clean,,,304300,5.28,0.877,0.0116,PDE205B,12.14,E205B,E205,measured
E205B,E205B,E205,e205,REED,clean,,,304300,6.28,0.957,0.0134,PDE205B,12.14,E205B,E205,measured
E205B,E205B,E205,e205,REED,clean,,,304300,7.3,1.017,0.0172,PDE205B,12.14,E205B,E205,measured
E205B,E205B,E205,e205,REED,clean,,,304300,8.31,1.068,0.0222,PDE205B,12.14,E205B,E205,measured
E205B,E205B,E205,e205,REED,clean,,,304300,9.33,1.099,0.028,PDE205B,12.14,E205B,E205,measured
E205B,E205B,E205,e205,REED,clean,,,304300,10.32,1.096,0.0463,PDE205B,12.14,E205B,E205,measured
E205B,E205B,E205,e205,REED,clean,,,304300,11.31,1.083,0.0758,PDE205B,12.14,E205B,E205,measured
E205B,E205B,E205,e205,REED,clean,,,304300,12.3,1.066,0.1016,PDE205B,12.14,E205B,E205,measured
E214A,E214A,E214,e214,LUCKENBACH,clean,,,101600,-7.0,-0.398,0.0727,PDE214,12.16,E214A,E214,measured
E214A,E214A,E214,e214,LUCKENBACH,clean,,,101600,-5.99,-0.364,0.0582,PDE214,12.16,E214A,E214,measured
E214A,E214A,E214,e214,LUCKENBACH,clean,,,101600,-4.97,-0.271,0.0369,PDE214,12.16,E214A,E214,measured
E214A,E214A,E214,e214,LUCKENBACH,clean,,,101600,-3.95,-0.126,0.0293,PDE214,12.16,E214A,E214,measured
E214A,E214A,E214,e214,LUCKENBACH,clean,,,101600,-2.91,0.006,0.0227,PDE214,12.16,E214A,E214,measured
E214A,E214A,E214,e214,LUCKENBACH,clean,,,101600,-1.88,0.136,0.02,PDE214,12.16,E214A,E214,measured
E214A,E214A,E214,e214,LUCKENBACH,clean,,,101600,-0.86,0.26,0.021,PDE214,12.16,E214A,E214,measured
E214A,E214A,E214,e214,LUCKENBACH,clean,,,101600,0.17,0.392,0.0212,PDE214,12.16,E214A,E214,measured
E214A,E214A,E214,e214,LUCKENBACH,clean,,,101600,1.2,0.523,0.0197,PDE214,12.16,E214A,E214,measured
E214A,E214A,E214,e214,LUCKENBACH,clean,,,101600,2.23,0.636,0.0198,PDE214,12.16,E214A,E214,measured
E214A,E214A,E214,e214,LUCKENBACH,clean,,,101600,3.25,0.734,0.0182,PDE214,12.16,E214A,E214,measured
E214A,E214A,E214,e214,LUCKENBACH,clean,,,101600,4.26,0.828,0.02,PDE214,12.16,E214A,E214,measured
E214A,E214A,E214,e214,LUCKENBACH,clean,,,101600,5.28,0.917,0.0196,PDE214,12.16,E214A,E214,measured
E214A,E214A,E214,e214,LUCKENBACH,clean,,,101600,6.3,1.002,0.0209,PDE214,12.16,E214A,E214,measured
E214A,E214A,E214,e214,LUCKENBACH,clean,,,101600,7.33,1.094,0.0201,PDE214,12.16,E214A,E214,measured
E214A,E214A,E214,e214,LUCKENBACH,clean,,,101600,8.34,1.176,0.0227,PDE214,12.16,E214A,E214,measured
E214A,E214A,E214,e214,LUCKENBACH,clean,,,101600,9.35,1.23,0.026,PDE214,12.16,E214A,E214,measured
E214A,E214A,E214,e214,LUCKENBACH,clean,,,101600,10.35,1.247,0.0382,PDE214,12.16,E214A,E214,measured
E214A,E214A,E214,e214,LUCKENBACH,clean,,,101600,11.37,1.255,0.0498,PDE214,12.16,E214A,E214,measured
E214A,E214A,E214,e214,LUCKENBACH,clean,,,101600,12.37,1.247,0.0665,PDE214,12.16,E214A,E214,measured
E214A,E214A,E214,e214,LUCKENBACH,clean,,,146700,-4.95,-0.109,0.0263,PDE214,12.16,E214A,E214,measured
E214A,E214A,E214,e214,LUCKENBACH,clean,,,146700,-3.39,0.084,0.018,PDE214,12.16,E214A,E214,measured
E214A,E214A,E214,e214,LUCKENBACH,clean,,,146700,-1.86,0.273,0.0139,PDE214,12.16,E214A,E214,measured
E214A,E214A,E214,e214,LUCKENBACH,clean,,,146700,-0.34,0.417,0.012,PDE214,12.16,E214A,E214,measured
E214A,E214A,E214,e214,LUCKENBACH,clean,,,146700,1.2,0.566,0.0122,PDE214,12.16,E214A,E214,measured
E214A,E214A,E214,e214,LUCKENBACH,clean,,,146700,2.75,0.728,0.013,PDE214,12.16,E214A,E214,measured
E214A,E214A,E214,e214,LUCKENBACH,clean,,,146700,4.27,0.882,0.0145,PDE214,12.16,E214A,E214,measured
E214A,E214A,E214,e214,LUCKENBACH,clean,,,146700,5.79,1.025,0.0172,PDE214,12.16,E214A,E214,measured
E214A,E214A,E214,e214,LUCKENBACH,clean,,,146700,7.33,1.163,0.0183,PDE214,12.16,E214A,E214,measured
E214A,E214A,E214,e214,LUCKENBACH,clean,,,146700,8.86,1.264,0.0221,PDE214,12.16,E214A,E214,measured
E214A,E214A,E214,e214,LUCKENBACH,clean,,,146700,10.37,1.305,0.0338,PDE214,12.16,E214A,E214,measured
E214A,E214A,E214,e214,LUCKENBACH,clean,,,146700,11.86,1.303,0.0547,PDE214,12.16,E214A,E214,measured
E214A,E214A,E214,e214,LUCKENBACH,clean,,,146700,13.36,1.267,0.0817,PDE214,12.16,E214A,E214,measured
E214A,E214A,E214,e214,LUCKENBACH,clean,,,201800,-7.0,-0.35,0.0864,PDE214,12.16,E214A,E214,measured
E214A,E214A,E214,e214,LUCKENBACH,clean,,,201800,-6.02,-0.209,0.0481,PDE214,12.16,E214A,E214,measured
E214A,E214A,E214,e214,LUCKENBACH,clean,,,201800,-4.99,-0.06,0.0227,PDE214,12.16,E214A,E214,measured
E214A,E214A,E214,e214,LUCKENBACH,clean,,,201800,-3.94,0.07,0.0175,PDE214,12.16,E214A,E214,measured
E214A,E214A,E214,e214,LUCKENBACH,clean,,,201800,-2.88,0.193,0.0146,PDE214,12.16,E214A,E214,measured
E214A,E214A,E214,e214,LUCKENBACH,clean,,,201800,-1.89,0.301,0.0116,PDE214,12.16,E214A,E214,measured
E214A,E214A,E214,e214,LUCKENBACH,clean,,,201800,-0.84,0.407,0.0113,PDE214,12.16,E214A,E214,measured
E214A,E214A,E214,e214,LUCKENBACH,clean,,,201800,0.16,0.505,0.0108,PDE214,12.16,E214A,E214,measured
E214A,E214A,E214,e214,LUCKENBACH,clean,,,201800,1.16,0.6,0.0101,PDE214,12.16,E214A,E214,measured
E214A,E214A,E214,e214,LUCKENBACH,clean,,,201800,2.13,0.696,0.0108,PDE214,12.16,E214A,E214,measured
E214A,E214A,E214,e214,LUCKENBACH,clean,,,201800,3.24,0.806,0.0112,PDE214,12.16,E214A,E214,measured
E214A,E214A,E214,e214,LUCKENBACH,clean,,,201800,4.23,0.899,0.0115,PDE214,12.16,E214A,E214,measured
E214A,E214A,E214,e214,LUCKENBACH,clean,,,201800,5.29,0.997,0.0128,PDE214,12.16,E214A,E214,measured
E214A,E214A,E214,e214,LUCKENBACH,clean,,,201800,6.3,1.087,0.0141,PDE214,12.16,E214A,E214,measured
E214A,E214A,E214,e214,LUCKENBACH,clean,,,201800,7.3,1.169,0.0159,PDE214,12.16,E214A,E214,measured
E214A,E214A,E214,e214,LUCKENBACH,clean,,,201800,8.34,1.235,0.0178,PDE214,12.16,E214A,E214,measured
E214A,E214A,E214,e214,LUCKENBACH,clean,,,201800,9.36,1.278,0.0244,PDE214,12.16,E214A,E214,measured
E214A,E214A,E214,e214,LUCKENBACH,clean,,,201800,10.36,1.301,0.0302,PDE214,12.16,E214A,E214,measured
E214A,E214A,E214,e214,LUCKENBACH,clean,,,201800,11.37,1.305,0.0423,PDE214,12.16,E214A,E214,measured
E214A,E214A,E214,e214,LUCKENBACH,clean,,,201800,12.38,1.291,0.0674,PDE214,12.16,E214A,E214,measured
E214A,E214A,E214,e214,LUCKENBACH,clean,,,299000,-4.93,-0.029,0.0177,PDE214,12.16,E214A,E214,measured
E214A,E214A,E214,e214,LUCKENBACH,clean,,,299000,-3.9,0.075,0.0133,PDE214,12.16,E214A,E214,measured
E214A,E214A,E214,e214,LUCKENBACH,clean,,,299000,-2.89,0.176,0.0118,PDE214,12.16,E214A,E214,measured
E214A,E214A,E214,e214,LUCKENBACH,clean,,,299000,-1.86,0.283,0.0106,PDE214,12.16,E214A,E214,measured
E214A,E214A,E214,e214,LUCKENBACH,clean,,,299000,-0.84,0.392,0.009,PDE214,12.16,E214A,E214,measured
E214A,E214A,E214,e214,LUCKENBACH,clean,,,299000,0.19,0.496,0.009,PDE214,12.16,E214A,E214,measured
E214A,E214A,E214,e214,LUCKENBACH,clean,,,299000,1.19,0.594,0.0086,PDE214,12.16,E214A,E214,measured
E214A,E214A,E214,e214,LUCKENBACH,clean,,,299000,2.23,0.692,0.0091,PDE214,12.16,E214A,E214,measured
E214A,E214A,E214,e214,LUCKENBACH,clean,,,299000,3.25,0.795,0.0101,PDE214,12.16,E214A,E214,measured
E214A,E214A,E214,e214,LUCKENBACH,clean,,,299000,4.26,0.893,0.011,PDE214,12.16,E214A,E214,measured
E214A,E214A,E214,e214,LUCKENBACH,clean,,,299000,5.28,0.988,0.0123,PDE214,12.16,E214A,E214,measured
E214A,E214A,E214,e214,LUCKENBACH,clean,,,299000,6.3,1.076,0.0133,PDE214,12.16,E214A,E214,measured
E214A,E214A,E214,e214,LUCKENBACH,clean,,,299000,7.28,1.147,0.0151,PDE214,12.16,E214A,E214,measured
E214A,E214A,E214,e214,LUCKENBACH,clean,,,299000,8.31,1.209,0.0179,PDE214,12.16,E214A,E214,measured
E214A,E214A,E214,e214,LUCKENBACH,clean,,,299000,9.32,1.255,0.0233,PDE214,12.16,E214A,E214,measured
E214B,E214B,E214,e214,SAWYER,clean,,,59800,-5.98,-0.383,0.0763,PDE214B,12.17,,E214,design
E214B,E214B,E214,e214,SAWYER,clean,,,59800,-4.97,-0.243,0.0435,PDE214B,12.17,,E214,design
E214B,E214B,E214,e214,SAWYER,clean,,,59800,-3.94,-0.108,0.0327,PDE214B,12.17,,E214,design
E214B,E214B,E214,e214,SAWYER,clean,,,59800,-2.9,0.01,0.0274,PDE214B,12.17,,E214,design
E214B,E214B,E214,e214,SAWYER,clean,,,59800,-1.87,0.118,0.0235,PDE214B,12.17,,E214,design
E214B,E214B,E214,e214,SAWYER,clean,,,59800,-0.86,0.199,0.0247,PDE214B,12.17,,E214,design
E214B,E214B,E214,e214,SAWYER,clean,,,59800,0.16,0.327,0.0296,PDE214B,12.17,,E214,design
E214B,E214B,E214,e214,SAWYER,clean,,,59800,1.19,0.493,0.0308,PDE214B,12.17,,E214,design
E214B,E214B,E214,e214,SAWYER,clean,,,59800,2.22,0.567,0.0364,PDE214B,12.17,,E214,design
E214B,E214B,E214,e214,SAWYER,clean,,,59800,3.23,0.672,0.0407,PDE214B,12.17,,E214,design
E214B,E214B,E214,e214,SAWYER,clean,,,59800,4.27,0.844,0.038,PDE214B,12.17,,E214,design
E214B,E214B,E214,e214,SAWYER,clean,,,59800,5.3,0.988,0.0345,PDE214B,12.17,,E214,design
E214B,E214B,E214,e214,SAWYER,clean,,,59800,6.33,1.101,0.0319,PDE214B,12.17,,E214,design
E214B,E214B,E214,e214,SAWYER,clean,,,59800,7.35,1.186,0.0289,PDE214B,12.17,,E214,design
E214B,E214B,E214,e214,SAWYER,clean,,,59800,8.37,1.257,0.0306,PDE214B,12.17,,E214,design
E214B,E214B,E214,e214,SAWYER,clean,,,59800,9.38,1.324,0.031,PDE214B,12.17,,E214,design
E214B,E214B,E214,e214,SAWYER,clean,,,59800,10.39,1.344,0.0329,PDE214B,12.17,,E214,design
E214B,E214B,E214,e214,SAWYER,clean,,,59800,11.38,1.318,0.0388,PDE214B,12.17,,E214,design
E214B,E214B,E214,e214,SAWYER,clean,,,99300,-5.97,-0.342,0.0694,PDE214B,12.17,,E214,design
E214B,E214B,E214,e214,SAWYER,clean,,,99300,-4.95,-0.182,0.0357,PDE214B,12.17,,E214,design
E214B,E214B,E214,e214,SAWYER,clean,,,99300,-3.93,-0.045,0.0276,PDE214B,12.17,,E214,design
E214B,E214B,E214,e214,SAWYER,clean,,,99300,-2.89,0.096,0.0216,PDE214B,12.17,,E214,design
E214B,E214B,E214,e214,SAWYER,clean,,,99300,-1.86,0.238,0.0216,PDE214B,12.17,,E214,design
E214B,E214B,E214,e214,SAWYER,clean,,,99300,-0.84,0.349,0.0226,PDE214B,12.17,,E214,design
E214B,E214B,E214,e214,SAWYER,clean,,,99300,0.19,0.473,0.0207,PDE214B,12.17,,E214,design
E214B,E214B,E214,e214,SAWYER,clean,,,99300,1.22,0.614,0.0207,PDE214B,12.17,,E214,design
E214B,E214B,E214,e214,SAWYER,clean,,,99300,2.25,0.733,0.0214,PDE214B,12.17,,E214,design
E214B,E214B,E214,e214,SAWYER,clean,,,99300,3.28,0.836,0.0208,PDE214B,12.17,,E214,design
E214B,E214B,E214,e214,SAWYER,clean,,,99300,4.3,0.935,0.0211,PDE214B,12.17,,E214,design
E214B,E214B,E214,e214,SAWYER,clean,,,99300,5.32,1.029,0.0211,PDE214B,12.17,,E214,design
E214B,E214B,E214,e214,SAWYER,clean,,,99300,6.33,1.118,0.0207,PDE214B,12.17,,E214,design
E214B,E214B,E214,e214,SAWYER,clean,,,99300,7.35,1.206,0.0206,PDE214B,12.17,,E214,design
E214B,E214B,E214,e214,SAWYER,clean,,,99300,8.37,1.281,0.0226,PDE214B,12.17,,E214,design
E214B,E214B,E214,e214,SAWYER,clean,,,99300,9.38,1.331,0.0266,PDE214B,12.17,,E214,design
E214B,E214B,E214,e214,SAWYER,clean,,,99300,10.39,1.335,0.0366,PDE214B,12.17,,E214,design
E214B,E214B,E214,e214,SAWYER,clean,,,99300,11.39,1.317,0.0461,PDE214B,12.17,,E214,design
E214B,E214B,E214,e214,SAWYER,clean,,,202600,-5.96,-0.215,0.0421,PDE214B,12.17,,E214,design
E214B,E214B,E214,e214,SAWYER,clean,,,202600,-5.01,-0.083,0.023,PDE214B,12.17,,E214,design
E214B,E214B,E214,e214,SAWYER,clean,,,202600,-3.9,0.072,0.0172,PDE214B,12.17,,E214,design
E214B,E214B,E214,e214,SAWYER,clean,,,202600,-2.88,0.219,0.0137,PDE214B,12.17,,E214,design
E214B,E214B,E214,e214,SAWYER,clean,,,202600,-1.86,0.342,0.0112,PDE214B,12.17,,E214,design
E214B,E214B,E214,e214,SAWYER,clean,,,202600,-0.84,0.444,0.0107,PDE214B,12.17,,E214,design
E214B,E214B,E214,e214,SAWYER,clean,,,202600,0.19,0.541,0.0105,PDE214B,12.17,,E214,design
E214B,E214B,E214,e214,SAWYER,clean,,,202600,1.2,0.622,0.0105,PDE214B,12.17,,E214,design
E214B,E214B,E214,e214,SAWYER,clean,,,202600,2.24,0.735,0.0108,PDE214B,12.17,,E214,design
E214B,E214B,E214,e214,SAWYER,clean,,,202600,3.26,0.836,0.0116,PDE214B,12.17,,E214,design
E214B,E214B,E214,e214,SAWYER,clean,,,202600,4.27,0.931,0.0122,PDE214B,12.17,,E214,design
E214B,E214B,E214,e214,SAWYER,clean,,,202600,5.29,1.026,0.0133,PDE214B,12.17,,E214,design
E214B,E214B,E214,e214,SAWYER,clean,,,202600,6.32,1.112,0.0143,PDE214B,12.17,,E214,design
E214B,E214B,E214,e214,SAWYER,clean,,,202600,7.34,1.178,0.0162,PDE214B,12.17,,E214,design
E214B,E214B,E214,e214,SAWYER,clean,,,202600,8.35,1.232,0.0204,PDE214B,12.17,,E214,design
E214B,E214B,E214,e214,SAWYER,clean,,,202600,9.36,1.271,0.0253,PDE214B,12.17,,E214,design
E214B,E214B,E214,e214,SAWYER,clean,,,202600,10.36,1.276,0.0335,PDE214B,12.17,,E214,design
E214B,E214B,E214,e214,SAWYER,clean,,,202600,11.37,1.27,0.0441,PDE214B,12.17,,E214,design
E214B,E214B,E214,e214,SAWYER,clean,,,301800,-5.94,-0.067,0.02,PDE214B,12.17,,E214,design
E214B,E214B,E214,e214,SAWYER,clean,,,301800,-4.89,0.057,0.0148,PDE214B,12.17,,E214,design
E214B,E214B,E214,e214,SAWYER,clean,,,301800,-3.87,0.172,0.012,PDE214B,12.17,,E214,design
E214B,E214B,E214,e214,SAWYER,clean,,,301800,-2.85,0.286,0.0098,PDE214B,12.17,,E214,design
E214B,E214B,E214,e214,SAWYER,clean,,,301800,-1.82,0.392,0.0089,PDE214B,12.17,,E214,design
E214B,E214B,E214,e214,SAWYER,clean,,,301800,-0.8,0.492,0.0087,PDE214B,12.17,,E214,design
E214B,E214B,E214,e214,SAWYER,clean,,,301800,0.21,0.59,0.0089,PDE214B,12.17,,E214,design
E214B,E214B,E214,e214,SAWYER,clean,,,301800,1.23,0.683,0.0095,PDE214B,12.17,,E214,design
E214B,E214B,E214,e214,SAWYER,clean,,,301800,2.24,0.779,0.0098,PDE214B,12.17,,E214,design
E214C F0,E214C F0,E214,e214,SAWYER/BORDER,clean,,,59700,-3.92,-0.103,0.026,PDE214BF,12.19,E214C,E214,measured
E214C F0,E214C F0,E214,e214,SAWYER/BORDER,clean,,,59700,-2.91,0.002,0.0251,PDE214BF,12.19,E214C,E214,measured
E214C F0,E214C F0,E214,e214,SAWYER/BORDER,clean,,,59700,-1.89,0.086,0.021,PDE214BF,12.19,E214C,E214,measured
E214C F0,E214C F0,E214,e214,SAWYER/BORDER,clean,,,59700,-0.87,0.194,0.0233,PDE214BF,12.19,E214C,E214,measured
E214C F0,E214C F0,E214,e214,SAWYER/BORDER,clean,,,59700,0.16,0.321,0.0294,PDE214BF,12.19,E214C,E214,measured
E214C F0,E214C F0,E214,e214,SAWYER/BORDER,clean,,,59700,1.19,0.46,0.0326,PDE214BF,12.19,E214C,E214,measured
E214C F0,E214C F0,E214,e214,SAWYER/BORDER,clean,,,59700,2.2,0.516,0.0354,PDE214BF,12.19,E214C,E214,measured
E214C F0,E214C F0,E214,e214,SAWYER/BORDER,clean,,,59700,3.23,0.623,0.037,PDE214BF,12.19,E214C,E214,measured
E214C F0,E214C F0,E214,e214,SAWYER/BORDER,clean,,,59700,4.27,0.774,0.0369,PDE214BF,12.19,E214C,E214,measured
E214C F0,E214C F0,E214,e214,SAWYER/BORDER,clean,,,59700,5.29,0.899,0.0344,PDE214BF,12.19,E214C,E214,measured
E214C F0,E214C F0,E214,e214,SAWYER/BORDER,clean,,,59700,6.3,0.985,0.0316,PDE214BF,12.19,E214C,E214,measured
E214C F0,E214C F0,E214,e214,SAWYER/BORDER,clean,,,59700,7.33,1.075,0.0296,PDE214BF,12.19,E214C,E214,measured
E214C F0,E214C F0,E214,e214,SAWYER/BORDER,clean,,,59700,8.35,1.15,0.0271,PDE214BF,12.19,E214C,E214,measured
E214C F0,E214C F0,E214,e214,SAWYER/BORDER,clean,,,59700,9.36,1.217,0.0288,PDE214BF,12.19,E214C,E214,measured
E214C F0,E214C F0,E214,e214,SAWYER/BORDER,clean,,,59700,10.36,1.239,0.0335,PDE214BF,12.19,E214C,E214,measured
E214C F0,E214C F0,E214,e214,SAWYER/BORDER,clean,,,59700,11.37,1.246,0.0421,PDE214BF,12.19,E214C,E214,measured
E214C F0,E214C F0,E214,e214,SAWYER/BORDER,clean,,,59700,12.37,1.241,0.0569,PDE214BF,12.19,E214C,E214,measured
E214C F0,E214C F0,E214,e214,SAWYER/BORDER,clean,,,59700,13.36,1.232,0.0598,PDE214BF,12.19,E214C,E214,measured
E214C F0,E214C F0,E214,e214,SAWYER/BORDER,clean,,,59700,14.35,1.132,0.1175,PDE214BF,12.19,E214C,E214,measured
E214C F0,E214C F0,E214,e214,SAWYER/BORDER,clean,,,100600,-3.93,-0.084,0.0256,PDE214BF,12.19,E214C,E214,measured
E214C F0,E214C F0,E214,e214,SAWYER/BORDER,clean,,,100600,-2.89,0.062,0.0202,PDE214BF,12.19,E214C,E214,measured
E214C F0,E214C F0,E214,e214,SAWYER/BORDER,clean,,,100600,-1.86,0.2,0.0208,PDE214BF,12.19,E214C,E214,measured
E214C F0,E214C F0,E214,e214,SAWYER/BORDER,clean,,,100600,-0.84,0.321,0.0208,PDE214BF,12.19,E214C,E214,measured
E214C F0,E214C F0,E214,e214,SAWYER/BORDER,clean,,,100600,0.18,0.433,0.0211,PDE214BF,12.19,E214C,E214,measured
E214C F0,E214C F0,E214,e214,SAWYER/BORDER,clean,,,100600,1.22,0.553,0.0204,PDE214BF,12.19,E214C,E214,measured
E214C F0,E214C F0,E214,e214,SAWYER/BORDER,clean,,,100600,2.23,0.668,0.0195,PDE214BF,12.19,E214C,E214,measured
E214C F0,E214C F0,E214,e214,SAWYER/BORDER,clean,,,100600,3.24,0.779,0.019,PDE214BF,12.19,E214C,E214,measured
E214C F0,E214C F0,E214,e214,SAWYER/BORDER,clean,,,100600,4.28,0.878,0.0199,PDE214BF,12.19,E214C,E214,measured
E214C F0,E214C F0,E214,e214,SAWYER/BORDER,clean,,,100600,5.3,0.966,0.0203,PDE214BF,12.19,E214C,E214,measured
E214C F0,E214C F0,E214,e214,SAWYER/BORDER,clean,,,100600,6.31,1.044,0.0213,PDE214BF,12.19,E214C,E214,measured
E214C F0,E214C F0,E214,e214,SAWYER/BORDER,clean,,,100600,7.34,1.131,0.0207,PDE214BF,12.19,E214C,E214,measured
E214C F0,E214C F0,E214,e214,SAWYER/BORDER,clean,,,100600,8.35,1.194,0.0214,PDE214BF,12.19,E214C,E214,measured
E214C F0,E214C F0,E214,e214,SAWYER/BORDER,clean,,,100600,9.36,1.262,0.0233,PDE214BF,12.19,E214C,E214,measured
E214C F0,E214C F0,E214,e214,SAWYER/BORDER,clean,,,100600,10.38,1.287,0.0305,PDE214BF,12.19,E214C,E214,measured
E214C F0,E214C F0,E214,e214,SAWYER/BORDER,clean,,,100600,11.37,1.286,0.0407,PDE214BF,12.19,E214C,E214,measured
E214C F0,E214C F0,E214,e214,SAWYER/BORDER,clean,,,100600,12.36,1.28,0.0485,PDE214BF,12.19,E214C,E214,measured
E214C F0,E214C F0,E214,e214,SAWYER/BORDER,clean,,,100600,13.36,1.271,0.0561,PDE214BF,12.19,E214C,E214,measured
E214C F0,E214C F0,E214,e214,SAWYER/BORDER,clean,,,100600,14.37,1.248,0.0783,PDE214BF,12.19,E214C,E214,measured
E214C F0,E214C F0,E214,e214,SAWYER/BORDER,clean,,,151300,-4.95,-0.125,0.0278,PDE214BF,12.19,E214C,E214,measured
E214C F0,E214C F0,E214,e214,SAWYER/BORDER,clean,,,151300,-3.92,0.002,0.0232,PDE214BF,12.19,E214C,E214,measured
E214C F0,E214C F0,E214,e214,SAWYER/BORDER,clean,,,151300,-2.9,0.134,0.0194,PDE214BF,12.19,E214C,E214,measured
E214C F0,E214C F0,E214,e214,SAWYER/BORDER,clean,,,151300,-1.88,0.289,0.0158,PDE214BF,12.19,E214C,E214,measured
E214C F0,E214C F0,E214,e214,SAWYER/BORDER,clean,,,151300,-0.85,0.416,0.0148,PDE214BF,12.19,E214C,E214,measured
E214C F0,E214C F0,E214,e214,SAWYER/BORDER,clean,,,151300,0.19,0.506,0.0128,PDE214BF,12.19,E214C,E214,measured
E214C F0,E214C F0,E214,e214,SAWYER/BORDER,clean,,,151300,1.21,0.598,0.0123,PDE214BF,12.19,E214C,E214,measured
E214C F0,E214C F0,E214,e214,SAWYER/BORDER,clean,,,151300,2.23,0.711,0.0125,PDE214BF,12.19,E214C,E214,measured
E214C F0,E214C F0,E214,e214,SAWYER/BORDER,clean,,,151300,3.26,0.804,0.0143,PDE214BF,12.19,E214C,E214,measured
E214C F0,E214C F0,E214,e214,SAWYER/BORDER,clean,,,151300,4.28,0.899,0.0145,PDE214BF,12.19,E214C,E214,measured
E214C F0,E214C F0,E214,e214,SAWYER/BORDER,clean,,,151300,5.31,1.008,0.0153,PDE214BF,12.19,E214C,E214,measured
E214C F0,E214C F0,E214,e214,SAWYER/BORDER,clean,,,151300,6.32,1.093,0.0157,PDE214BF,12.19,E214C,E214,measured
E214C F0,E214C F0,E214,e214,SAWYER/BORDER,clean,,,151300,7.33,1.172,0.0167,PDE214BF,12.19,E214C,E214,measured
E214C F0,E214C F0,E214,e214,SAWYER/BORDER,clean,,,151300,8.36,1.228,0.02,PDE214BF,12.19,E214C,E214,measured
E214C F0,E214C F0,E214,e214,SAWYER/BORDER,clean,,,151300,9.36,1.271,0.0233,PDE214BF,12.19,E214C,E214,measured
E214C F0,E214C F0,E214,e214,SAWYER/BORDER,clean,,,151300,10.37,1.287,0.0307,PDE214BF,12.19,E214C,E214,measured
E214C F0,E214C F0,E214,e214,SAWYER/BORDER,clean,,,201700,-4.99,-0.105,0.0257,PDE214BF,12.19,E214C,E214,measured
E214C F0,E214C F0,E214,e214,SAWYER/BORDER,clean,,,201700,-4.01,0.011,0.0204,PDE214BF,12.19,E214C,E214,measured
E214C F0,E214C F0,E214,e214,SAWYER/BORDER,clean,,,201700,-2.97,0.171,0.0156,PDE214BF,12.19,E214C,E214,measured
E214C F0,E214C F0,E214,e214,SAWYER/BORDER,clean,,,201700,-1.91,0.31,0.0123,PDE214BF,12.19,E214C,E214,measured
E214C F0,E214C F0,E214,e214,SAWYER/BORDER,clean,,,201700,-0.91,0.415,0.0109,PDE214BF,12.19,E214C,E214,measured
E214C F0,E214C F0,E214,e214,SAWYER/BORDER,clean,,,201700,0.12,0.515,0.0105,PDE214BF,12.19,E214C,E214,measured
E214C F0,E214C F0,E214,e214,SAWYER/BORDER,clean,,,201700,1.17,0.607,0.0103,PDE214BF,12.19,E214C,E214,measured
E214C F0,E214C F0,E214,e214,SAWYER/BORDER,clean,,,201700,2.17,0.705,0.0107,PDE214BF,12.19,E214C,E214,measured
E214C F0,E214C F0,E214,e214,SAWYER/BORDER,clean,,,201700,3.21,0.809,0.0117,PDE214BF,12.19,E214C,E214,measured
E214C F0,E214C F0,E214,e214,SAWYER/BORDER,clean,,,201700,4.26,0.908,0.0122,PDE214BF,12.19,E214C,E214,measured
E214C F0,E214C F0,E214,e214,SAWYER/BORDER,clean,,,201700,5.28,1.003,0.0133,PDE214BF,12.19,E214C,E214,measured
E214C F0,E214C F0,E214,e214,SAWYER/BORDER,clean,,,201700,6.3,1.089,0.0146,PDE214BF,12.19,E214C,E214,measured
E214C F0,E214C F0,E214,e214,SAWYER/BORDER,clean,,,201700,7.32,1.16,0.0156,PDE214BF,12.19,E214C,E214,measured
E214C F0,E214C F0,E214,e214,SAWYER/BORDER,clean,,,201700,8.35,1.217,0.0189,PDE214BF,12.19,E214C,E214,measured
E214C F0,E214C F0,E214,e214,SAWYER/BORDER,clean,,,201700,9.36,1.258,0.0241,PDE214BF,12.19,E214C,E214,measured
E214C F0,E214C F0,E214,e214,SAWYER/BORDER,clean,,,201700,10.37,1.272,0.0327,PDE214BF,12.19,E214C,E214,measured
E214C F0,E214C F0,E214,e214,SAWYER/BORDER,clean,,,302800,-4.93,-0.008,0.017,PDE214BF,12.19,E214C,E214,measured
E214C F0,E214C F0,E214,e214,SAWYER/BORDER,clean,,,302800,-3.89,0.114,0.0133,PDE214BF,12.19,E214C,E214,measured
E214C F0,E214C F0,E214,e214,SAWYER/BORDER,clean,,,302800,-2.86,0.23,0.01,PDE214BF,12.19,E214C,E214,measured
E214C F0,E214C F0,E214,e214,SAWYER/BORDER,clean,,,302800,-1.84,0.337,0.0086,PDE214BF,12.19,E214C,E214,measured
E214C F0,E214C F0,E214,e214,SAWYER/BORDER,clean,,,302800,-0.82,0.44,0.0084,PDE214BF,12.19,E214C,E214,measured
E214C F0,E214C F0,E214,e214,SAWYER/BORDER,clean,,,302800,0.21,0.538,0.0089,PDE214BF,12.19,E214C,E214,measured
E214C F0,E214C F0,E214,e214,SAWYER/BORDER,clean,,,302800,1.23,0.634,0.0094,PDE214BF,12.19,E214C,E214,measured
E214C F0,E214C F0,E214,e214,SAWYER/BORDER,clean,,,302800,2.24,0.729,0.0096,PDE214BF,12.19,E214C,E214,measured
E214C F0,E214C F0,E214,e214,SAWYER/BORDER,clean,,,302800,3.27,0.829,0.0103,PDE214BF,12.19,E214C,E214,measured
E214C F0,E214C F0,E214,e214,SAWYER/BORDER,clean,,,302800,4.27,0.921,0.0112,PDE214BF,12.19,E214C,E214,measured
E214C F0,E214C F0,E214,e214,SAWYER/BORDER,clean,,,302800,5.28,1.011,0.0118,PDE214BF,12.19,E214C,E214,measured
E214C F0,E214C F0,E214,e214,SAWYER/BORDER,clean,,,302800,6.31,1.095,0.0127,PDE214BF,12.19,E214C,E214,measured
E214C F0,E214C F0,E214,e214,SAWYER/BORDER,clean,,,302800,7.3,1.16,0.0154,PDE214BF,12.19,E214C,E214,measured
E214C F0,E214C F0,E214,e214,SAWYER/BORDER,clean,,,302800,8.27,1.22,0.0184,PDE214BF,12.19,E214C,E214,measured
E214C F0,E214C F0,E214,e214,SAWYER/BORDER,clean,,,302800,9.27,1.261,0.0228,PDE214BF,12.19,E214C,E214,measured
"E214C F0, UST .020, .125, 20%",E214C F0,E214,e214,SAWYER/BORDER,tripped,0.2,,97600,-3.93,-0.114,0.0291,PDE214BFUST2012520,12.22,E214C,E214,measured
"E214C F0, UST .020, .125, 20%",E214C F0,E214,e214,SAWYER/BORDER,tripped,0.2,,97600,-2.41,0.103,0.0217,PDE214BFUST2012520,12.22,E214C,E214,measured
"E214C F0, UST .020, .125, 20%",E214C F0,E214,e214,SAWYER/BORDER,tripped,0.2,,97600,-0.85,0.308,0.016,PDE214BFUST2012520,12.22,E214C,E214,measured
"E214C F0, UST .020, .125, 20%",E214C F0,E214,e214,SAWYER/BORDER,tripped,0.2,,97600,0.69,0.456,0.0135,PDE214BFUST2012520,12.22,E214C,E214,measured
"E214C F0, UST .020, .125, 20%",E214C F0,E214,e214,SAWYER/BORDER,tripped,0.2,,97600,2.21,0.612,0.014,PDE214BFUST2012520,12.22,E214C,E214,measured
"E214C F0, UST .020, .125, 20%",E214C F0,E214,e214,SAWYER/BORDER,tripped,0.2,,97600,3.75,0.765,0.0167,PDE214BFUST2012520,12.22,E214C,E214,measured
"E214C F0, UST .020, .125, 20%",E214C F0,E214,e214,SAWYER/BORDER,tripped,0.2,,97600,5.28,0.907,0.018,PDE214BFUST2012520,12.22,E214C,E214,measured
"E214C F0, UST .020, .125, 20%",E214C F0,E214,e214,SAWYER/BORDER,tripped,0.2,,97600,6.81,1.044,0.0184,PDE214BFUST2012520,12.22,E214C,E214,measured
"E214C F0, UST .020, .125, 20%",E214C F0,E214,e214,SAWYER/BORDER,tripped,0.2,,97600,8.34,1.161,0.0222,PDE214BFUST2012520,12.22,E214C,E214,measured
"E214C F0, UST .020, .125, 20%",E214C F0,E214,e214,SAWYER/BORDER,tripped,0.2,,97600,9.86,1.26,0.0261,PDE214BFUST2012520,12.22,E214C,E214,measured
"E214C F0, UST .020, .125, 20%",E214C F0,E214,e214,SAWYER/BORDER,tripped,0.2,,97600,11.34,1.248,0.0309,PDE214BFUST2012520,12.22,E214C,E214,measured
"E214C F0, UST .020, .125, 20%",E214C F0,E214,e214,SAWYER/BORDER,tripped,0.2,,97600,12.85,1.203,0.0555,PDE214BFUST2012520,12.22,E214C,E214,measured
"E214C F0, UST .020, .125, 20%",E214C F0,E214,e214,SAWYER/BORDER,tripped,0.2,,150200,-3.93,-0.06,0.0227,PDE214BFUST2012520,12.22,E214C,E214,measured
"E214C F0, UST .020, .125, 20%",E214C F0,E214,e214,SAWYER/BORDER,tripped,0.2,,150200,-2.38,0.144,0.0142,PDE214BFUST2012520,12.22,E214C,E214,measured
"E214C F0, UST .020, .125, 20%",E214C F0,E214,e214,SAWYER/BORDER,tripped,0.2,,150200,-0.85,0.313,0.0115,PDE214BFUST2012520,12.22,E214C,E214,measured
"E214C F0, UST .020, .125, 20%",E214C F0,E214,e214,SAWYER/BORDER,tripped,0.2,,150200,0.69,0.451,0.0111,PDE214BFUST2012520,12.22,E214C,E214,measured
"E214C F0, UST .020, .125, 20%",E214C F0,E214,e214,SAWYER/BORDER,tripped,0.2,,150200,2.21,0.609,0.0114,PDE214BFUST2012520,12.22,E214C,E214,measured
"E214C F0, UST .020, .125, 20%",E214C F0,E214,e214,SAWYER/BORDER,tripped,0.2,,150200,3.75,0.766,0.0134,PDE214BFUST2012520,12.22,E214C,E214,measured
"E214C F0, UST .020, .125, 20%",E214C F0,E214,e214,SAWYER/BORDER,tripped,0.2,,150200,5.29,0.911,0.0142,PDE214BFUST2012520,12.22,E214C,E214,measured
"E214C F0, UST .020, .125, 20%",E214C F0,E214,e214,SAWYER/BORDER,tripped,0.2,,150200,6.8,1.046,0.0156,PDE214BFUST2012520,12.22,E214C,E214,measured
"E214C F0, UST .020, .125, 20%",E214C F0,E214,e214,SAWYER/BORDER,tripped,0.2,,150200,8.34,1.167,0.0177,PDE214BFUST2012520,12.22,E214C,E214,measured
"E214C F0, UST .020, .125, 20%",E214C F0,E214,e214,SAWYER/BORDER,tripped,0.2,,150200,9.86,1.246,0.0228,PDE214BFUST2012520,12.22,E214C,E214,measured
"E214C F0, UST .020, .125, 20%",E214C F0,E214,e214,SAWYER/BORDER,tripped,0.2,,150200,11.37,1.261,0.0317,PDE214BFUST2012520,12.22,E214C,E214,measured
"E214C F0, UST .020, .125, 20%",E214C F0,E214,e214,SAWYER/BORDER,tripped,0.2,,199200,-3.96,-0.009,0.018,PDE214BFUST2012520,12.22,E214C,E214,measured
"E214C F0, UST .020, .125, 20%",E214C F0,E214,e214,SAWYER/BORDER,tripped,0.2,,199200,-2.42,0.166,0.0118,PDE214BFUST2012520,12.22,E214C,E214,measured
"E214C F0, UST .020, .125, 20%",E214C F0,E214,e214,SAWYER/BORDER,tripped,0.2,,199200,-0.86,0.325,0.0105,PDE214BFUST2012520,12.22,E214C,E214,measured
"E214C F0, UST .020, .125, 20%",E214C F0,E214,e214,SAWYER/BORDER,tripped,0.2,,199200,0.65,0.463,0.0102,PDE214BFUST2012520,12.22,E214C,E214,measured
"E214C F0, UST .020, .125, 20%",E214C F0,E214,e214,SAWYER/BORDER,tripped,0.2,,199200,2.2,0.614,0.0109,PDE214BFUST2012520,12.22,E214C,E214,measured
"E214C F0, UST .020, .125, 20%",E214C F0,E214,e214,SAWYER/BORDER,tripped,0.2,,199200,3.72,0.773,0.012,PDE214BFUST2012520,12.22,E214C,E214,measured
"E214C F0, UST .020, .125, 20%",E214C F0,E214,e214,SAWYER/BORDER,tripped,0.2,,199200,5.27,0.92,0.0139,PDE214BFUST2012520,12.22,E214C,E214,measured
"E214C F0, UST .020, .125, 20%",E214C F0,E214,e214,SAWYER/BORDER,tripped,0.2,,199200,6.81,1.058,0.0155,PDE214BFUST2012520,12.22,E214C,E214,measured
"E214C F0, UST .020, .125, 20%",E214C F0,E214,e214,SAWYER/BORDER,tripped,0.2,,199200,8.33,1.179,0.018,PDE214BFUST2012520,12.22,E214C,E214,measured
"E214C F0, UST .020, .125, 20%",E214C F0,E214,e214,SAWYER/BORDER,tripped,0.2,,199200,9.86,1.251,0.0263,PDE214BFUST2012520,12.22,E214C,E214,measured
"E214C F0, UST .020, .125, 20%",E214C F0,E214,e214,SAWYER/BORDER,tripped,0.2,,199200,11.36,1.256,0.0351,PDE214BFUST2012520,12.22,E214C,E214,measured
"E214C F0, UST .020, .125, 20%",E214C F0,E214,e214,SAWYER/BORDER,tripped,0.2,,199200,12.85,1.232,0.0494,PDE214BFUST2012520,12.22,E214C,E214,measured
"E214C F0, UST .020, .125, 20%",E214C F0,E214,e214,SAWYER/BORDER,tripped,0.2,,298800,-3.91,0.025,0.0139,PDE214BFUST2012520,12.22,E214C,E214,measured
"E214C F0, UST .020, .125, 20%",E214C F0,E214,e214,SAWYER/BORDER,tripped,0.2,,298800,-2.39,0.172,0.0117,PDE214BFUST2012520,12.22,E214C,E214,measured
"E214C F0, UST .020, .125, 20%",E214C F0,E214,e214,SAWYER/BORDER,tripped,0.2,,298800,-0.86,0.33,0.011,PDE214BFUST2012520,12.22,E214C,E214,measured
"E214C F0, UST .020, .125, 20%",E214C F0,E214,e214,SAWYER/BORDER,tripped,0.2,,298800,0.68,0.484,0.0108,PDE214BFUST2012520,12.22,E214C,E214,measured
"E214C F0, UST .020, .125, 20%",E214C F0,E214,e214,SAWYER/BORDER,tripped,0.2,,298800,2.2,0.626,0.0112,PDE214BFUST2012520,12.22,E214C,E214,measured
"E214C F0, UST .020, .125, 20%",E214C F0,E214,e214,SAWYER/BORDER,tripped,0.2,,298800,3.7,0.774,0.0124,PDE214BFUST2012520,12.22,E214C,E214,measured
"E214C F0, UST .020, .125, 20%",E214C F0,E214,e214,SAWYER/BORDER,tripped,0.2,,298800,5.24,0.923,0.0133,PDE214BFUST2012520,12.22,E214C,E214,measured
"E214C F0, UST .020, .125, 20%",E214C F0,E214,e214,SAWYER/BORDER,tripped,0.2,,298800,6.78,1.062,0.0151,PDE214BFUST2012520,12.22,E214C,E214,measured
"E214C F0, UST .020, .125, 20%",E214C F0,E214,e214,SAWYER/BORDER,tripped,0.2,,298800,8.32,1.184,0.0178,PDE214BFUST2012520,12.22,E214C,E214,measured
"E214C F0, UST .020, .125, 20%",E214C F0,E214,e214,SAWYER/BORDER,tripped,0.2,,298800,9.84,1.243,0.0257,PDE214BFUST2012520,12.22,E214C,E214,measured
"E214C F0, UST .020, .125, 20%",E214C F0,E214,e214,SAWYER/BORDER,tripped,0.2,,298800,11.36,1.254,0.04,PDE214BFUST2012520,12.22,E214C,E214,measured
E214C NF3,E214C,E214,e214,SAWYER/BORDER,flap,,,104200,-3.95,-0.196,0.0269,PDE214BNF3,12.20,E214C,E214,measured
E214C NF3,E214C,E214,e214,SAWYER/BORDER,flap,,,104200,-2.93,-0.042,0.0198,PDE214BNF3,12.20,E214C,E214,measured
E214C NF3,E214C,E214,e214,SAWYER/BORDER,flap,,,104200,-1.88,0.106,0.0162,PDE214BNF3,12.20,E214C,E214,measured
E214C NF3,E214C,E214,e214,SAWYER/BORDER,flap,,,104200,-0.85,0.236,0.0147,PDE214BNF3,12.20,E214C,E214,measured
E214C NF3,E214C,E214,e214,SAWYER/BORDER,flap,,,104200,0.17,0.345,0.0155,PDE214BNF3,12.20,E214C,E214,measured
E214C NF3,E214C,E214,e214,SAWYER/BORDER,flap,,,104200,1.2,0.457,0.0157,PDE214BNF3,12.20,E214C,E214,measured
E214C NF3,E214C,E214,e214,SAWYER/BORDER,flap,,,104200,2.2,0.565,0.0173,PDE214BNF3,12.20,E214C,E214,measured
E214C NF3,E214C,E214,e214,SAWYER/BORDER,flap,,,104200,3.25,0.672,0.0187,PDE214BNF3,12.20,E214C,E214,measured
E214C NF3,E214C,E214,e214,SAWYER/BORDER,flap,,,104200,4.25,0.771,0.0183,PDE214BNF3,12.20,E214C,E214,measured
E214C NF3,E214C,E214,e214,SAWYER/BORDER,flap,,,104200,5.27,0.876,0.0206,PDE214BNF3,12.20,E214C,E214,measured
E214C NF3,E214C,E214,e214,SAWYER/BORDER,flap,,,104200,6.3,0.978,0.021,PDE214BNF3,12.20,E214C,E214,measured
E214C NF3,E214C,E214,e214,SAWYER/BORDER,flap,,,104200,7.31,1.077,0.0193,PDE214BNF3,12.20,E214C,E214,measured
E214C NF3,E214C,E214,e214,SAWYER/BORDER,flap,,,104200,8.35,1.166,0.0207,PDE214BNF3,12.20,E214C,E214,measured
E214C NF3,E214C,E214,e214,SAWYER/BORDER,flap,,,104200,9.36,1.237,0.022,PDE214BNF3,12.20,E214C,E214,measured
E214C NF3,E214C,E214,e214,SAWYER/BORDER,flap,,,104200,10.35,1.267,0.0315,PDE214BNF3,12.20,E214C,E214,measured
E214C NF3,E214C,E214,e214,SAWYER/BORDER,flap,,,149900,-2.89,0.05,0.0172,PDE214BNF3,12.20,E214C,E214,measured
E214C NF3,E214C,E214,e214,SAWYER/BORDER,flap,,,149900,-0.84,0.278,0.0113,PDE214BNF3,12.20,E214C,E214,measured
E214C NF3,E214C,E214,e214,SAWYER/BORDER,flap,,,149900,0.19,0.362,0.0115,PDE214BNF3,12.20,E214C,E214,measured
E214C NF3,E214C,E214,e214,SAWYER/BORDER,flap,,,149900,1.18,0.462,0.012,PDE214BNF3,12.20,E214C,E214,measured
E214C NF3,E214C,E214,e214,SAWYER/BORDER,flap,,,149900,3.23,0.666,0.0141,PDE214BNF3,12.20,E214C,E214,measured
E214C NF3,E214C,E214,e214,SAWYER/BORDER,flap,,,149900,5.28,0.866,0.015,PDE214BNF3,12.20,E214C,E214,measured
E214C NF3,E214C,E214,e214,SAWYER/BORDER,flap,,,149900,7.32,1.056,0.0164,PDE214BNF3,12.20,E214C,E214,measured
E214C NF3,E214C,E214,e214,SAWYER/BORDER,flap,,,149900,9.36,1.195,0.0212,PDE214BNF3,12.20,E214C,E214,measured
E214C NF3,E214C,E214,e214,SAWYER/BORDER,flap,,,149900,10.37,1.23,0.0281,PDE214BNF3,12.20,E214C,E214,measured
E214C NF3,E214C,E214,e214,SAWYER/BORDER,flap,,,149900,11.36,1.23,0.0388,PDE214BNF3,12.20,E214C,E214,measured
E214C NF3,E214C,E214,e214,SAWYER/BORDER,flap,,,149900,12.36,1.218,0.0545,PDE214BNF3,12.20,E214C,E214,measured
E214C NF3,E214C,E214,e214,SAWYER/BORDER,flap,,,149900,13.36,1.21,0.0691,PDE214BNF3,12.20,E214C,E214,measured
E214C NF3,E214C,E214,e214,SAWYER/BORDER,flap,,,198400,-6.01,-0.336,0.0561,PDE214BNF3,12.20,E214C,E214,measured
E214C NF3,E214C,E214,e214,SAWYER/BORDER,flap,,,198400,-4.97,-0.202,0.0275,PDE214BNF3,12.20,E214C,E214,measured
E214C NF3,E214C,E214,e214,SAWYER/BORDER,flap,,,198400,-3.95,-0.064,0.0189,PDE214BNF3,12.20,E214C,E214,measured
E214C NF3,E214C,E214,e214,SAWYER/BORDER,flap,,,198400,-2.93,0.064,0.0145,PDE214BNF3,12.20,E214C,E214,measured
E214C NF3,E214C,E214,e214,SAWYER/BORDER,flap,,,198400,-1.89,0.179,0.0109,PDE214BNF3,12.20,E214C,E214,measured
E214C NF3,E214C,E214,e214,SAWYER/BORDER,flap,,,198400,-0.89,0.276,0.0106,PDE214BNF3,12.20,E214C,E214,measured
E214C NF3,E214C,E214,e214,SAWYER/BORDER,flap,,,198400,0.15,0.369,0.0103,PDE214BNF3,12.20,E214C,E214,measured
E214C NF3,E214C,E214,e214,SAWYER/BORDER,flap,,,198400,1.17,0.463,0.0103,PDE214BNF3,12.20,E214C,E214,measured
E214C NF3,E214C,E214,e214,SAWYER/BORDER,flap,,,198400,2.2,0.573,0.0111,PDE214BNF3,12.20,E214C,E214,measured
E214C NF3,E214C,E214,e214,SAWYER/BORDER,flap,,,198400,3.22,0.678,0.0117,PDE214BNF3,12.20,E214C,E214,measured
E214C NF3,E214C,E214,e214,SAWYER/BORDER,flap,,,198400,4.25,0.781,0.012,PDE214BNF3,12.20,E214C,E214,measured
E214C NF3,E214C,E214,e214,SAWYER/BORDER,flap,,,198400,5.28,0.88,0.0129,PDE214BNF3,12.20,E214C,E214,measured
E214C NF3,E214C,E214,e214,SAWYER/BORDER,flap,,,198400,6.29,0.975,0.014,PDE214BNF3,12.20,E214C,E214,measured
E214C NF3,E214C,E214,e214,SAWYER/BORDER,flap,,,198400,7.32,1.06,0.0149,PDE214BNF3,12.20,E214C,E214,measured
E214C NF3,E214C,E214,e214,SAWYER/BORDER,flap,,,198400,8.34,1.131,0.0171,PDE214BNF3,12.20,E214C,E214,measured
E214C NF3,E214C,E214,e214,SAWYER/BORDER,flap,,,198400,9.35,1.19,0.0203,PDE214BNF3,12.20,E214C,E214,measured
E214C NF3,E214C,E214,e214,SAWYER/BORDER,flap,,,198400,10.36,1.223,0.0272,PDE214BNF3,12.20,E214C,E214,measured
E214C NF3,E214C,E214,e214,SAWYER/BORDER,flap,,,303400,-5.99,-0.285,0.048,PDE214BNF3,12.20,E214C,E214,measured
E214C NF3,E214C,E214,e214,SAWYER/BORDER,flap,,,303400,-4.96,-0.152,0.0186,PDE214BNF3,12.20,E214C,E214,measured
E214C NF3,E214C,E214,e214,SAWYER/BORDER,flap,,,303400,-3.91,-0.029,0.0134,PDE214BNF3,12.20,E214C,E214,measured
E214C NF3,E214C,E214,e214,SAWYER/BORDER,flap,,,303400,-2.89,0.083,0.0112,PDE214BNF3,12.20,E214C,E214,measured
E214C NF3,E214C,E214,e214,SAWYER/BORDER,flap,,,303400,-1.85,0.188,0.0097,PDE214BNF3,12.20,E214C,E214,measured
E214C NF3,E214C,E214,e214,SAWYER/BORDER,flap,,,303400,-0.85,0.291,0.0094,PDE214BNF3,12.20,E214C,E214,measured
E214C NF3,E214C,E214,e214,SAWYER/BORDER,flap,,,303400,0.17,0.392,0.0091,PDE214BNF3,12.20,E214C,E214,measured
E214C NF3,E214C,E214,e214,SAWYER/BORDER,flap,,,303400,1.19,0.489,0.0092,PDE214BNF3,12.20,E214C,E214,measured
E214C NF3,E214C,E214,e214,SAWYER/BORDER,flap,,,303400,2.21,0.588,0.0091,PDE214BNF3,12.20,E214C,E214,measured
E214C NF3,E214C,E214,e214,SAWYER/BORDER,flap,,,303400,3.24,0.692,0.0097,PDE214BNF3,12.20,E214C,E214,measured
E214C NF3,E214C,E214,e214,SAWYER/BORDER,flap,,,303400,4.24,0.79,0.0102,PDE214BNF3,12.20,E214C,E214,measured
E214C NF6,E214C,E214,e214,SAWYER/BORDER,flap,,,100600,-3.98,-0.283,0.0317,PDE214BNF6,12.21,E214C,E214,measured
E214C NF6,E214C,E214,e214,SAWYER/BORDER,flap,,,100600,-2.44,-0.082,0.0221,PDE214BNF6,12.21,E214C,E214,measured
E214C NF6,E214C,E214,e214,SAWYER/BORDER,flap,,,100600,-0.9,0.105,0.0146,PDE214BNF6,12.21,E214C,E214,measured
E214C NF6,E214C,E214,e214,SAWYER/BORDER,flap,,,100600,0.64,0.273,0.0155,PDE214BNF6,12.21,E214C,E214,measured
E214C NF6,E214C,E214,e214,SAWYER/BORDER,flap,,,100600,2.17,0.426,0.0185,PDE214BNF6,12.21,E214C,E214,measured
E214C NF6,E214C,E214,e214,SAWYER/BORDER,flap,,,100600,3.7,0.566,0.0214,PDE214BNF6,12.21,E214C,E214,measured
E214C NF6,E214C,E214,e214,SAWYER/BORDER,flap,,,100600,5.25,0.701,0.0216,PDE214BNF6,12.21,E214C,E214,measured
E214C NF6,E214C,E214,e214,SAWYER/BORDER,flap,,,100600,6.78,0.844,0.0215,PDE214BNF6,12.21,E214C,E214,measured
E214C NF6,E214C,E214,e214,SAWYER/BORDER,flap,,,100600,8.3,0.987,0.0205,PDE214BNF6,12.21,E214C,E214,measured
E214C NF6,E214C,E214,e214,SAWYER/BORDER,flap,,,100600,9.82,1.115,0.0208,PDE214BNF6,12.21,E214C,E214,measured
E214C NF6,E214C,E214,e214,SAWYER/BORDER,flap,,,100600,11.34,1.178,0.0296,PDE214BNF6,12.21,E214C,E214,measured
E214C NF6,E214C,E214,e214,SAWYER/BORDER,flap,,,100600,12.84,1.155,0.0481,PDE214BNF6,12.21,E214C,E214,measured
E214C NF6,E214C,E214,e214,SAWYER/BORDER,flap,,,149400,-3.99,-0.242,0.0283,PDE214BNF6,12.21,E214C,E214,measured
E214C NF6,E214C,E214,e214,SAWYER/BORDER,flap,,,149400,-2.43,-0.036,0.0163,PDE214BNF6,12.21,E214C,E214,measured
E214C NF6,E214C,E214,e214,SAWYER/BORDER,flap,,,149400,-0.89,0.125,0.0121,PDE214BNF6,12.21,E214C,E214,measured
E214C NF6,E214C,E214,e214,SAWYER/BORDER,flap,,,149400,0.63,0.248,0.0119,PDE214BNF6,12.21,E214C,E214,measured
E214C NF6,E214C,E214,e214,SAWYER/BORDER,flap,,,149400,2.17,0.406,0.0131,PDE214BNF6,12.21,E214C,E214,measured
E214C NF6,E214C,E214,e214,SAWYER/BORDER,flap,,,149400,3.7,0.564,0.0146,PDE214BNF6,12.21,E214C,E214,measured
E214C NF6,E214C,E214,e214,SAWYER/BORDER,flap,,,149400,5.22,0.718,0.0145,PDE214BNF6,12.21,E214C,E214,measured
E214C NF6,E214C,E214,e214,SAWYER/BORDER,flap,,,149400,6.78,0.869,0.0154,PDE214BNF6,12.21,E214C,E214,measured
E214C NF6,E214C,E214,e214,SAWYER/BORDER,flap,,,149400,8.29,1.012,0.0162,PDE214BNF6,12.21,E214C,E214,measured
E214C NF6,E214C,E214,e214,SAWYER/BORDER,flap,,,149400,9.83,1.125,0.0192,PDE214BNF6,12.21,E214C,E214,measured
E214C NF6,E214C,E214,e214,SAWYER/BORDER,flap,,,149400,11.34,1.183,0.0304,PDE214BNF6,12.21,E214C,E214,measured
E214C NF6,E214C,E214,e214,SAWYER/BORDER,flap,,,149400,12.84,1.164,0.0481,PDE214BNF6,12.21,E214C,E214,measured
E214C NF6,E214C,E214,e214,SAWYER/BORDER,flap,,,196500,-3.96,-0.206,0.0231,PDE214BNF6,12.21,E214C,E214,measured
E214C NF6,E214C,E214,e214,SAWYER/BORDER,flap,,,196500,-2.44,-0.024,0.0139,PDE214BNF6,12.21,E214C,E214,measured
E214C NF6,E214C,E214,e214,SAWYER/BORDER,flap,,,196500,-0.94,0.12,0.0113,PDE214BNF6,12.21,E214C,E214,measured
E214C NF6,E214C,E214,e214,SAWYER/BORDER,flap,,,196500,0.6,0.252,0.0113,PDE214BNF6,12.21,E214C,E214,measured
E214C NF6,E214C,E214,e214,SAWYER/BORDER,flap,,,196500,2.18,0.414,0.0115,PDE214BNF6,12.21,E214C,E214,measured
E214C NF6,E214C,E214,e214,SAWYER/BORDER,flap,,,196500,3.71,0.576,0.0115,PDE214BNF6,12.21,E214C,E214,measured
E214C NF6,E214C,E214,e214,SAWYER/BORDER,flap,,,196500,5.23,0.733,0.0124,PDE214BNF6,12.21,E214C,E214,measured
E214C NF6,E214C,E214,e214,SAWYER/BORDER,flap,,,196500,6.78,0.89,0.0138,PDE214BNF6,12.21,E214C,E214,measured
E214C NF6,E214C,E214,e214,SAWYER/BORDER,flap,,,196500,8.29,1.025,0.0147,PDE214BNF6,12.21,E214C,E214,measured
E214C NF6,E214C,E214,e214,SAWYER/BORDER,flap,,,196500,9.83,1.134,0.0186,PDE214BNF6,12.21,E214C,E214,measured
E214C NF6,E214C,E214,e214,SAWYER/BORDER,flap,,,196500,11.35,1.189,0.0296,PDE214BNF6,12.21,E214C,E214,measured
E214C NF6,E214C,E214,e214,SAWYER/BORDER,flap,,,196500,12.84,1.171,0.0495,PDE214BNF6,12.21,E214C,E214,measured
E214C NF6,E214C,E214,e214,SAWYER/BORDER,flap,,,302500,-3.97,-0.184,0.017,PDE214BNF6,12.21,E214C,E214,measured
E214C NF6,E214C,E214,e214,SAWYER/BORDER,flap,,,302500,-2.48,-0.037,0.0128,PDE214BNF6,12.21,E214C,E214,measured
E214C NF6,E214C,E214,e214,SAWYER/BORDER,flap,,,302500,-0.9,0.119,0.0105,PDE214BNF6,12.21,E214C,E214,measured
E214C NF6,E214C,E214,e214,SAWYER/BORDER,flap,,,302500,0.62,0.271,0.0095,PDE214BNF6,12.21,E214C,E214,measured
E214C NF6,E214C,E214,e214,SAWYER/BORDER,flap,,,302500,2.15,0.415,0.009,PDE214BNF6,12.21,E214C,E214,measured
E214C NF6,E214C,E214,e214,SAWYER/BORDER,flap,,,302500,3.68,0.578,0.0095,PDE214BNF6,12.21,E214C,E214,measured
E214C NF6,E214C,E214,e214,SAWYER/BORDER,flap,,,302500,5.2,0.737,0.0103,PDE214BNF6,12.21,E214C,E214,measured
E214C NF6,E214C,E214,e214,SAWYER/BORDER,flap,,,302500,6.76,0.888,0.0114,PDE214BNF6,12.21,E214C,E214,measured
E214C NF6,E214C,E214,e214,SAWYER/BORDER,flap,,,302500,8.3,1.016,0.0134,PDE214BNF6,12.21,E214C,E214,measured
E214C NF6,E214C,E214,e214,SAWYER/BORDER,flap,,,302500,9.82,1.124,0.0179,PDE214BNF6,12.21,E214C,E214,measured
E214C NF6,E214C,E214,e214,SAWYER/BORDER,flap,,,302500,11.34,1.183,0.0264,PDE214BNF6,12.21,E214C,E214,measured
E214C PF3,E214C,E214,e214,SAWYER/BORDER,flap,,,102700,-0.82,0.45,0.0269,PDE214BPF3,12.18,E214C,E214,measured
E214C PF3,E214C,E214,e214,SAWYER/BORDER,flap,,,102700,0.71,0.67,0.0235,PDE214BPF3,12.18,E214C,E214,measured
E214C PF3,E214C,E214,e214,SAWYER/BORDER,flap,,,102700,2.29,0.878,0.0202,PDE214BPF3,12.18,E214C,E214,measured
E214C PF3,E214C,E214,e214,SAWYER/BORDER,flap,,,102700,3.81,1.022,0.0193,PDE214BPF3,12.18,E214C,E214,measured
E214C PF3,E214C,E214,e214,SAWYER/BORDER,flap,,,102700,5.33,1.147,0.0213,PDE214BPF3,12.18,E214C,E214,measured
E214C PF3,E214C,E214,e214,SAWYER/BORDER,flap,,,102700,6.87,1.262,0.0209,PDE214BPF3,12.18,E214C,E214,measured
E214C PF3,E214C,E214,e214,SAWYER/BORDER,flap,,,102700,8.38,1.328,0.0268,PDE214BPF3,12.18,E214C,E214,measured
E214C PF3,E214C,E214,e214,SAWYER/BORDER,flap,,,102700,9.87,1.317,0.0385,PDE214BPF3,12.18,E214C,E214,measured
E214C PF3,E214C,E214,e214,SAWYER/BORDER,flap,,,151100,-0.8,0.586,0.0188,PDE214BPF3,12.18,E214C,E214,measured
E214C PF3,E214C,E214,e214,SAWYER/BORDER,flap,,,151100,0.74,0.763,0.0144,PDE214BPF3,12.18,E214C,E214,measured
E214C PF3,E214C,E214,e214,SAWYER/BORDER,flap,,,151100,2.27,0.916,0.0135,PDE214BPF3,12.18,E214C,E214,measured
E214C PF3,E214C,E214,e214,SAWYER/BORDER,flap,,,151100,3.82,1.06,0.0153,PDE214BPF3,12.18,E214C,E214,measured
E214C PF3,E214C,E214,e214,SAWYER/BORDER,flap,,,151100,5.34,1.195,0.0166,PDE214BPF3,12.18,E214C,E214,measured
E214C PF3,E214C,E214,e214,SAWYER/BORDER,flap,,,151100,6.87,1.293,0.0191,PDE214BPF3,12.18,E214C,E214,measured
E214C PF3,E214C,E214,e214,SAWYER/BORDER,flap,,,151100,8.39,1.347,0.0252,PDE214BPF3,12.18,E214C,E214,measured
E214C PF3,E214C,E214,e214,SAWYER/BORDER,flap,,,151100,9.87,1.338,0.04,PDE214BPF3,12.18,E214C,E214,measured
E214C PF3,E214C,E214,e214,SAWYER/BORDER,flap,,,151100,11.38,1.316,0.0559,PDE214BPF3,12.18,E214C,E214,measured
E214C PF3,E214C,E214,e214,SAWYER/BORDER,flap,,,151100,12.88,1.281,0.0797,PDE214BPF3,12.18,E214C,E214,measured
E214C PF3,E214C,E214,e214,SAWYER/BORDER,flap,,,200800,-0.79,0.627,0.0142,PDE214BPF3,12.18,E214C,E214,measured
E214C PF3,E214C,E214,e214,SAWYER/BORDER,flap,,,200800,0.75,0.788,0.0115,PDE214BPF3,12.18,E214C,E214,measured
E214C PF3,E214C,E214,e214,SAWYER/BORDER,flap,,,200800,2.27,0.925,0.0121,PDE214BPF3,12.18,E214C,E214,measured
E214C PF3,E214C,E214,e214,SAWYER/BORDER,flap,,,200800,3.79,1.07,0.0136,PDE214BPF3,12.18,E214C,E214,measured
E214C PF3,E214C,E214,e214,SAWYER/BORDER,flap,,,200800,5.31,1.197,0.0153,PDE214BPF3,12.18,E214C,E214,measured
E214C PF3,E214C,E214,e214,SAWYER/BORDER,flap,,,200800,6.87,1.285,0.0187,PDE214BPF3,12.18,E214C,E214,measured
E214C PF3,E214C,E214,e214,SAWYER/BORDER,flap,,,200800,8.35,1.34,0.025,PDE214BPF3,12.18,E214C,E214,measured
E214C PF3,E214C,E214,e214,SAWYER/BORDER,flap,,,200800,9.88,1.342,0.0373,PDE214BPF3,12.18,E214C,E214,measured
E214C PF3,E214C,E214,e214,SAWYER/BORDER,flap,,,200800,11.36,1.324,0.0548,PDE214BPF3,12.18,E214C,E214,measured
E214C PF3,E214C,E214,e214,SAWYER/BORDER,flap,,,301000,-0.78,0.643,0.0096,PDE214BPF3,12.18,E214C,E214,measured
E214C PF3,E214C,E214,e214,SAWYER/BORDER,flap,,,301000,0.77,0.789,0.0105,PDE214BPF3,12.18,E214C,E214,measured
E214C PF3,E214C,E214,e214,SAWYER/BORDER,flap,,,301000,2.28,0.931,0.0115,PDE214BPF3,12.18,E214C,E214,measured
E214C PF3,E214C,E214,e214,SAWYER/BORDER,flap,,,301000,3.82,1.067,0.0123,PDE214BPF3,12.18,E214C,E214,measured
E214C PF3,E214C,E214,e214,SAWYER/BORDER,flap,,,301000,5.34,1.187,0.0142,PDE214BPF3,12.18,E214C,E214,measured
E214C PF3,E214C,E214,e214,SAWYER/BORDER,flap,,,301000,6.82,1.266,0.0184,PDE214BPF3,12.18,E214C,E214,measured
E214C PF3,E214C,E214,e214,SAWYER/BORDER,flap,,,301000,8.29,1.324,0.0241,PDE214BPF3,12.18,E214C,E214,measured
E214C PF3,E214C,E214,e214,SAWYER/BORDER,flap,,,301000,9.88,1.345,0.0344,PDE214BPF3,12.18,E214C,E214,measured
E214C PF3,E214C,E214,e214,SAWYER/BORDER,flap,,,301000,11.35,1.332,0.0518,PDE214BPF3,12.18,E214C,E214,measured
E214C PF3,E214C,E214,e214,SAWYER/BORDER,flap,,,301000,12.86,1.295,0.0777,PDE214BPF3,12.18,E214C,E214,measured
E374A,E374A,E374,e374,FOX,clean,,,58900,-6.0,-0.41,0.0303,PDE374,12.24,E374A,E374,measured
E374A,E374A,E374,e374,FOX,clean,,,58900,-4.97,-0.355,0.0257,PDE374,12.24,E374A,E374,measured
E374A,E374A,E374,e374,FOX,clean,,,58900,-3.94,-0.268,0.0194,PDE374,12.24,E374A,E374,measured
E374A,E374A,E374,e374,FOX,clean,,,58900,-2.95,-0.175,0.018,PDE374,12.24,E374A,E374,measured
E374A,E374A,E374,e374,FOX,clean,,,58900,-1.92,-0.041,0.0197,PDE374,12.24,E374A,E374,measured
E374A,E374A,E374,e374,FOX,clean,,,58900,-0.89,0.098,0.0243,PDE374,12.24,E374A,E374,measured
E374A,E374A,E374,e374,FOX,clean,,,58900,0.13,0.198,0.0269,PDE374,12.24,E374A,E374,measured
E374A,E374A,E374,e374,FOX,clean,,,58900,1.16,0.31,0.0308,PDE374,12.24,E374A,E374,measured
E374A,E374A,E374,e374,FOX,clean,,,58900,2.17,0.412,0.0309,PDE374,12.24,E374A,E374,measured
E374A,E374A,E374,e374,FOX,clean,,,58900,3.2,0.546,0.0317,PDE374,12.24,E374A,E374,measured
E374A,E374A,E374,e374,FOX,clean,,,58900,4.24,0.649,0.0377,PDE374,12.24,E374A,E374,measured
E374A,E374A,E374,e374,FOX,clean,,,58900,5.25,0.751,0.0386,PDE374,12.24,E374A,E374,measured
E374A,E374A,E374,e374,FOX,clean,,,58900,6.28,0.843,0.0315,PDE374,12.24,E374A,E374,measured
E374A,E374A,E374,e374,FOX,clean,,,58900,7.29,0.929,0.0303,PDE374,12.24,E374A,E374,measured
E374A,E374A,E374,e374,FOX,clean,,,58900,8.31,0.979,0.0302,PDE374,12.24,E374A,E374,measured
E374A,E374A,E374,e374,FOX,clean,,,58900,9.3,0.994,0.0437,PDE374,12.24,E374A,E374,measured
E374A,E374A,E374,e374,FOX,clean,,,58900,10.31,1.006,0.0625,PDE374,12.24,E374A,E374,measured
E374A,E374A,E374,e374,FOX,clean,,,58900,11.31,1.023,0.077,PDE374,12.24,E374A,E374,measured
E374A,E374A,E374,e374,FOX,clean,,,97800,-5.99,-0.386,0.0298,PDE374,12.24,E374A,E374,measured
E374A,E374A,E374,e374,FOX,clean,,,97800,-4.98,-0.321,0.0237,PDE374,12.24,E374A,E374,measured
E374A,E374A,E374,e374,FOX,clean,,,97800,-3.94,-0.196,0.0183,PDE374,12.24,E374A,E374,measured
E374A,E374A,E374,e374,FOX,clean,,,97800,-2.94,-0.083,0.0138,PDE374,12.24,E374A,E374,measured
E374A,E374A,E374,e374,FOX,clean,,,97800,-1.9,0.081,0.0164,PDE374,12.24,E374A,E374,measured
E374A,E374A,E374,e374,FOX,clean,,,97800,-0.86,0.218,0.0185,PDE374,12.24,E374A,E374,measured
E374A,E374A,E374,e374,FOX,clean,,,97800,0.17,0.303,0.0202,PDE374,12.24,E374A,E374,measured
E374A,E374A,E374,e374,FOX,clean,,,97800,1.18,0.392,0.0226,PDE374,12.24,E374A,E374,measured
E374A,E374A,E374,e374,FOX,clean,,,97800,2.19,0.483,0.0236,PDE374,12.24,E374A,E374,measured
E374A,E374A,E374,e374,FOX,clean,,,97800,3.21,0.576,0.0257,PDE374,12.24,E374A,E374,measured
E374A,E374A,E374,e374,FOX,clean,,,97800,4.24,0.671,0.0233,PDE374,12.24,E374A,E374,measured
E374A,E374A,E374,e374,FOX,clean,,,97800,5.25,0.764,0.0216,PDE374,12.24,E374A,E374,measured
E374A,E374A,E374,e374,FOX,clean,,,97800,6.27,0.863,0.0203,PDE374,12.24,E374A,E374,measured
E374A,E374A,E374,e374,FOX,clean,,,97800,7.3,0.953,0.0189,PDE374,12.24,E374A,E374,measured
E374A,E374A,E374,e374,FOX,clean,,,97800,8.31,0.993,0.0238,PDE374,12.24,E374A,E374,measured
E374A,E374A,E374,e374,FOX,clean,,,97800,9.31,1.01,0.0345,PDE374,12.24,E374A,E374,measured
E374A,E374A,E374,e374,FOX,clean,,,151800,-6.01,-0.397,0.0264,PDE374,12.24,E374A,E374,measured
E374A,E374A,E374,e374,FOX,clean,,,151800,-4.97,-0.274,0.0205,PDE374,12.24,E374A,E374,measured
E374A,E374A,E374,e374,FOX,clean,,,151800,-3.94,-0.134,0.0145,PDE374,12.24,E374A,E374,measured
E374A,E374A,E374,e374,FOX,clean,,,151800,-2.92,-0.034,0.012,PDE374,12.24,E374A,E374,measured
E374A,E374A,E374,e374,FOX,clean,,,151800,-1.92,0.036,0.0118,PDE374,12.24,E374A,E374,measured
E374A,E374A,E374,e374,FOX,clean,,,151800,-0.88,0.166,0.0122,PDE374,12.24,E374A,E374,measured
E374A,E374A,E374,e374,FOX,clean,,,151800,0.14,0.278,0.012,PDE374,12.24,E374A,E374,measured
E374A,E374A,E374,e374,FOX,clean,,,151800,1.16,0.368,0.0125,PDE374,12.24,E374A,E374,measured
E374A,E374A,E374,e374,FOX,clean,,,151800,2.2,0.467,0.0132,PDE374,12.24,E374A,E374,measured
E374A,E374A,E374,e374,FOX,clean,,,151800,3.2,0.563,0.0141,PDE374,12.24,E374A,E374,measured
E374A,E374A,E374,e374,FOX,clean,,,151800,4.22,0.66,0.0145,PDE374,12.24,E374A,E374,measured
E374A,E374A,E374,e374,FOX,clean,,,151800,5.26,0.759,0.0148,PDE374,12.24,E374A,E374,measured
E374A,E374A,E374,e374,FOX,clean,,,151800,6.28,0.853,0.0148,PDE374,12.24,E374A,E374,measured
E374A,E374A,E374,e374,FOX,clean,,,151800,7.28,0.924,0.0173,PDE374,12.24,E374A,E374,measured
E374A,E374A,E374,e374,FOX,clean,,,151800,8.29,0.965,0.0223,PDE374,12.24,E374A,E374,measured
E374A,E374A,E374,e374,FOX,clean,,,151800,9.31,0.993,0.0316,PDE374,12.24,E374A,E374,measured
E374A,E374A,E374,e374,FOX,clean,,,151800,10.3,1.013,0.0404,PDE374,12.24,E374A,E374,measured
E374A,E374A,E374,e374,FOX,clean,,,151800,11.31,1.02,0.0507,PDE374,12.24,E374A,E374,measured
E374A,E374A,E374,e374,FOX,clean,,,151800,12.31,1.012,0.069,PDE374,12.24,E374A,E374,measured
E374A,E374A,E374,e374,FOX,clean,,,151800,13.3,1.014,0.1385,PDE374,12.24,E374A,E374,measured
E374A,E374A,E374,e374,FOX,clean,,,201300,-6.0,-0.356,0.022,PDE374,12.24,E374A,E374,measured
E374A,E374A,E374,e374,FOX,clean,,,201300,-4.96,-0.22,0.0159,PDE374,12.24,E374A,E374,measured
E374A,E374A,E374,e374,FOX,clean,,,201300,-3.93,-0.12,0.0127,PDE374,12.24,E374A,E374,measured
E374A,E374A,E374,e374,FOX,clean,,,201300,-2.92,-0.037,0.0111,PDE374,12.24,E374A,E374,measured
E374A,E374A,E374,e374,FOX,clean,,,201300,-1.9,0.038,0.0102,PDE374,12.24,E374A,E374,measured
E374A,E374A,E374,e374,FOX,clean,,,201300,-0.9,0.136,0.0096,PDE374,12.24,E374A,E374,measured
E374A,E374A,E374,e374,FOX,clean,,,201300,0.16,0.275,0.01,PDE374,12.24,E374A,E374,measured
E374A,E374A,E374,e374,FOX,clean,,,201300,1.18,0.37,0.0104,PDE374,12.24,E374A,E374,measured
E374A,E374A,E374,e374,FOX,clean,,,201300,2.19,0.469,0.011,PDE374,12.24,E374A,E374,measured
E374A,E374A,E374,e374,FOX,clean,,,201300,3.22,0.573,0.0115,PDE374,12.24,E374A,E374,measured
E374A,E374A,E374,e374,FOX,clean,,,201300,4.23,0.673,0.012,PDE374,12.24,E374A,E374,measured
E374A,E374A,E374,e374,FOX,clean,,,201300,5.25,0.773,0.0126,PDE374,12.24,E374A,E374,measured
E374A,E374A,E374,e374,FOX,clean,,,201300,6.27,0.855,0.0137,PDE374,12.24,E374A,E374,measured
E374A,E374A,E374,e374,FOX,clean,,,201300,7.29,0.912,0.0182,PDE374,12.24,E374A,E374,measured
E374A,E374A,E374,e374,FOX,clean,,,201300,8.29,0.954,0.0233,PDE374,12.24,E374A,E374,measured
E374A,E374A,E374,e374,FOX,clean,,,201300,9.29,0.984,0.0302,PDE374,12.24,E374A,E374,measured
E374A,E374A,E374,e374,FOX,clean,,,201300,10.3,0.999,0.0401,PDE374,12.24,E374A,E374,measured
E374A,E374A,E374,e374,FOX,clean,,,201300,11.31,1.0,0.0492,PDE374,12.24,E374A,E374,measured
E374A,E374A,E374,e374,FOX,clean,,,300400,-6.01,-0.322,0.0186,PDE374,12.24,E374A,E374,measured
E374A,E374A,E374,e374,FOX,clean,,,300400,-4.98,-0.225,0.0141,PDE374,12.24,E374A,E374,measured
E374A,E374A,E374,e374,FOX,clean,,,300400,-3.99,-0.144,0.0114,PDE374,12.24,E374A,E374,measured
E374A,E374A,E374,e374,FOX,clean,,,300400,-2.95,-0.052,0.0101,PDE374,12.24,E374A,E374,measured
E374A,E374A,E374,e374,FOX,clean,,,300400,-2.0,0.033,0.0084,PDE374,12.24,E374A,E374,measured
E374A,E374A,E374,e374,FOX,clean,,,300400,-0.94,0.127,0.0082,PDE374,12.24,E374A,E374,measured
E374A,E374A,E374,e374,FOX,clean,,,300400,0.1,0.243,0.008,PDE374,12.24,E374A,E374,measured
E374A,E374A,E374,e374,FOX,clean,,,300400,1.14,0.371,0.0085,PDE374,12.24,E374A,E374,measured
E374A,E374A,E374,e374,FOX,clean,,,300400,2.17,0.473,0.0088,PDE374,12.24,E374A,E374,measured
E374A,E374A,E374,e374,FOX,clean,,,300400,3.2,0.579,0.0092,PDE374,12.24,E374A,E374,measured
E374A,E374A,E374,e374,FOX,clean,,,300400,4.24,0.681,0.0098,PDE374,12.24,E374A,E374,measured
E374A,E374A,E374,e374,FOX,clean,,,300400,5.26,0.776,0.0107,PDE374,12.24,E374A,E374,measured
E374A,E374A,E374,e374,FOX,clean,,,300400,6.27,0.852,0.0128,PDE374,12.24,E374A,E374,measured
E374A,E374A,E374,e374,FOX,clean,,,300400,7.28,0.91,0.017,PDE374,12.24,E374A,E374,measured
E374B,E374B,E374,e374,BAME,clean,,,59200,-6.0,-0.4,0.0343,PDE374C,12.25,E374B,E374,measured
E374B,E374B,E374,e374,BAME,clean,,,59200,-4.98,-0.35,0.0275,PDE374C,12.25,E374B,E374,measured
E374B,E374B,E374,e374,BAME,clean,,,59200,-3.96,-0.29,0.0196,PDE374C,12.25,E374B,E374,measured
E374B,E374B,E374,e374,BAME,clean,,,59200,-2.94,-0.184,0.0185,PDE374C,12.25,E374B,E374,measured
E374B,E374B,E374,e374,BAME,clean,,,59200,-1.92,-0.096,0.0188,PDE374C,12.25,E374B,E374,measured
E374B,E374B,E374,e374,BAME,clean,,,59200,-0.9,0.034,0.0222,PDE374C,12.25,E374B,E374,measured
E374B,E374B,E374,e374,BAME,clean,,,59200,0.13,0.174,0.0271,PDE374C,12.25,E374B,E374,measured
E374B,E374B,E374,e374,BAME,clean,,,59200,1.15,0.271,0.0285,PDE374C,12.25,E374B,E374,measured
E374B,E374B,E374,e374,BAME,clean,,,59200,2.18,0.364,0.032,PDE374C,12.25,E374B,E374,measured
E374B,E374B,E374,e374,BAME,clean,,,59200,3.19,0.433,0.0374,PDE374C,12.25,E374B,E374,measured
E374B,E374B,E374,e374,BAME,clean,,,59200,4.21,0.545,0.0404,PDE374C,12.25,E374B,E374,measured
E374B,E374B,E374,e374,BAME,clean,,,59200,5.25,0.703,0.0366,PDE374C,12.25,E374B,E374,measured
E374B,E374B,E374,e374,BAME,clean,,,59200,6.27,0.817,0.0311,PDE374C,12.25,E374B,E374,measured
E374B,E374B,E374,e374,BAME,clean,,,59200,7.29,0.906,0.0267,PDE374C,12.25,E374B,E374,measured
E374B,E374B,E374,e374,BAME,clean,,,59200,8.3,0.957,0.0263,PDE374C,12.25,E374B,E374,measured
E374B,E374B,E374,e374,BAME,clean,,,59200,9.3,0.973,0.0384,PDE374C,12.25,E374B,E374,measured
E374B,E374B,E374,e374,BAME,clean,,,59200,10.3,1.006,0.0498,PDE374C,12.25,E374B,E374,measured
E374B,E374B,E374,e374,BAME,clean,,,97300,-5.98,-0.403,0.0278,PDE374C,12.25,E374B,E374,measured
E374B,E374B,E374,e374,BAME,clean,,,97300,-4.98,-0.327,0.0223,PDE374C,12.25,E374B,E374,measured
E374B,E374B,E374,e374,BAME,clean,,,97300,-3.95,-0.217,0.0173,PDE374C,12.25,E374B,E374,measured
E374B,E374B,E374,e374,BAME,clean,,,97300,-2.93,-0.093,0.0146,PDE374C,12.25,E374B,E374,measured
E374B,E374B,E374,e374,BAME,clean,,,97300,-1.89,0.081,0.0162,PDE374C,12.25,E374B,E374,measured
E374B,E374B,E374,e374,BAME,clean,,,97300,-0.87,0.19,0.0191,PDE374C,12.25,E374B,E374,measured
E374B,E374B,E374,e374,BAME,clean,,,97300,0.14,0.276,0.0207,PDE374C,12.25,E374B,E374,measured
E374B,E374B,E374,e374,BAME,clean,,,97300,1.17,0.36,0.0239,PDE374C,12.25,E374B,E374,measured
E374B,E374B,E374,e374,BAME,clean,,,97300,2.18,0.446,0.0261,PDE374C,12.25,E374B,E374,measured
E374B,E374B,E374,e374,BAME,clean,,,97300,3.21,0.532,0.0285,PDE374C,12.25,E374B,E374,measured
E374B,E374B,E374,e374,BAME,clean,,,97300,4.23,0.632,0.0269,PDE374C,12.25,E374B,E374,measured
E374B,E374B,E374,e374,BAME,clean,,,97300,5.24,0.733,0.022,PDE374C,12.25,E374B,E374,measured
E374B,E374B,E374,e374,BAME,clean,,,97300,6.27,0.824,0.0203,PDE374C,12.25,E374B,E374,measured
E374B,E374B,E374,e374,BAME,clean,,,97300,7.3,0.917,0.0195,PDE374C,12.25,E374B,E374,measured
E374B,E374B,E374,e374,BAME,clean,,,97300,8.3,0.934,0.0292,PDE374C,12.25,E374B,E374,measured
E374B,E374B,E374,e374,BAME,clean,,,97300,9.3,0.963,0.0339,PDE374C,12.25,E374B,E374,measured
E374B,E374B,E374,e374,BAME,clean,,,97300,10.32,0.996,0.0436,PDE374C,12.25,E374B,E374,measured
E374B,E374B,E374,e374,BAME,clean,,,151000,-4.98,-0.279,0.0186,PDE374C,12.25,E374B,E374,measured
E374B,E374B,E374,e374,BAME,clean,,,151000,-3.93,-0.146,0.0141,PDE374C,12.25,E374B,E374,measured
E374B,E374B,E374,e374,BAME,clean,,,151000,-2.91,-0.055,0.0112,PDE374C,12.25,E374B,E374,measured
E374B,E374B,E374,e374,BAME,clean,,,151000,-1.9,0.022,0.0117,PDE374C,12.25,E374B,E374,measured
E374B,E374B,E374,e374,BAME,clean,,,151000,-0.87,0.19,0.0118,PDE374C,12.25,E374B,E374,measured
E374B,E374B,E374,e374,BAME,clean,,,151000,0.16,0.285,0.0127,PDE374C,12.25,E374B,E374,measured
E374B,E374B,E374,e374,BAME,clean,,,151000,1.17,0.369,0.014,PDE374C,12.25,E374B,E374,measured
E374B,E374B,E374,e374,BAME,clean,,,151000,2.2,0.457,0.014,PDE374C,12.25,E374B,E374,measured
E374B,E374B,E374,e374,BAME,clean,,,151000,3.21,0.549,0.015,PDE374C,12.25,E374B,E374,measured
E374B,E374B,E374,e374,BAME,clean,,,151000,4.24,0.645,0.0149,PDE374C,12.25,E374B,E374,measured
E374B,E374B,E374,e374,BAME,clean,,,151000,5.26,0.742,0.0144,PDE374C,12.25,E374B,E374,measured
E374B,E374B,E374,e374,BAME,clean,,,151000,6.27,0.835,0.015,PDE374C,12.25,E374B,E374,measured
E374B,E374B,E374,e374,BAME,clean,,,151000,7.29,0.893,0.019,PDE374C,12.25,E374B,E374,measured
E374B,E374B,E374,e374,BAME,clean,,,151000,8.3,0.927,0.0258,PDE374C,12.25,E374B,E374,measured
E374B,E374B,E374,e374,BAME,clean,,,151000,9.31,0.962,0.0328,PDE374C,12.25,E374B,E374,measured
E374B,E374B,E374,e374,BAME,clean,,,151000,10.31,0.988,0.0426,PDE374C,12.25,E374B,E374,measured
E374B,E374B,E374,e374,BAME,clean,,,151000,11.31,0.997,0.0509,PDE374C,12.25,E374B,E374,measured
E374B,E374B,E374,e374,BAME,clean,,,151000,12.31,0.995,0.0684,PDE374C,12.25,E374B,E374,measured
E374B,E374B,E374,e374,BAME,clean,,,201600,-6.0,-0.365,0.0204,PDE374C,12.25,E374B,E374,measured
E374B,E374B,E374,e374,BAME,clean,,,201600,-4.97,-0.229,0.0153,PDE374C,12.25,E374B,E374,measured
E374B,E374B,E374,e374,BAME,clean,,,201600,-3.94,-0.136,0.0125,PDE374C,12.25,E374B,E374,measured
E374B,E374B,E374,e374,BAME,clean,,,201600,-2.94,-0.061,0.0108,PDE374C,12.25,E374B,E374,measured
E374B,E374B,E374,e374,BAME,clean,,,201600,-1.9,0.019,0.0097,PDE374C,12.25,E374B,E374,measured
E374B,E374B,E374,e374,BAME,clean,,,201600,-0.88,0.118,0.0105,PDE374C,12.25,E374B,E374,measured
E374B,E374B,E374,e374,BAME,clean,,,201600,0.15,0.272,0.0108,PDE374C,12.25,E374B,E374,measured
E374B,E374B,E374,e374,BAME,clean,,,201600,1.17,0.366,0.0115,PDE374C,12.25,E374B,E374,measured
E374B,E374B,E374,e374,BAME,clean,,,201600,2.19,0.455,0.0119,PDE374C,12.25,E374B,E374,measured
E374B,E374B,E374,e374,BAME,clean,,,201600,3.21,0.551,0.0124,PDE374C,12.25,E374B,E374,measured
E374B,E374B,E374,e374,BAME,clean,,,201600,4.24,0.646,0.0124,PDE374C,12.25,E374B,E374,measured
E374B,E374B,E374,e374,BAME,clean,,,201600,5.25,0.744,0.0124,PDE374C,12.25,E374B,E374,measured
E374B,E374B,E374,e374,BAME,clean,,,201600,6.28,0.829,0.0141,PDE374C,12.25,E374B,E374,measured
E374B,E374B,E374,e374,BAME,clean,,,201600,7.28,0.881,0.0196,PDE374C,12.25,E374B,E374,measured
E374B,E374B,E374,e374,BAME,clean,,,201600,8.3,0.923,0.0248,PDE374C,12.25,E374B,E374,measured
E374B,E374B,E374,e374,BAME,clean,,,201600,9.3,0.958,0.0319,PDE374C,12.25,E374B,E374,measured
E374B,E374B,E374,e374,BAME,clean,,,201600,10.3,0.98,0.0405,PDE374C,12.25,E374B,E374,measured
E374B,E374B,E374,e374,BAME,clean,,,201600,11.31,0.984,0.0564,PDE374C,12.25,E374B,E374,measured
E374B,E374B,E374,e374,BAME,clean,,,201600,12.33,1.015,0.0793,PDE374C,12.25,E374B,E374,measured
E374B,E374B,E374,e374,BAME,clean,,,308600,-5.98,-0.334,0.0171,PDE374C,12.25,E374B,E374,measured
E374B,E374B,E374,e374,BAME,clean,,,308600,-4.96,-0.237,0.0136,PDE374C,12.25,E374B,E374,measured
E374B,E374B,E374,e374,BAME,clean,,,308600,-3.94,-0.157,0.0112,PDE374C,12.25,E374B,E374,measured
E374B,E374B,E374,e374,BAME,clean,,,308600,-2.93,-0.069,0.01,PDE374C,12.25,E374B,E374,measured
E374B,E374B,E374,e374,BAME,clean,,,308600,-1.91,0.018,0.0085,PDE374C,12.25,E374B,E374,measured
E374B,E374B,E374,e374,BAME,clean,,,308600,-0.88,0.1,0.0085,PDE374C,12.25,E374B,E374,measured
E374B,E374B,E374,e374,BAME,clean,,,308600,0.14,0.218,0.0088,PDE374C,12.25,E374B,E374,measured
E374B,E374B,E374,e374,BAME,clean,,,308600,1.17,0.358,0.009,PDE374C,12.25,E374B,E374,measured
E374B,E374B,E374,e374,BAME,clean,,,308600,2.19,0.453,0.0092,PDE374C,12.25,E374B,E374,measured
E374B,E374B,E374,e374,BAME,clean,,,308600,3.21,0.548,0.0097,PDE374C,12.25,E374B,E374,measured
E374B,E374B,E374,e374,BAME,clean,,,308600,4.23,0.645,0.0099,PDE374C,12.25,E374B,E374,measured
E374B,E374B,E374,e374,BAME,clean,,,308600,5.26,0.738,0.0105,PDE374C,12.25,E374B,E374,measured
E374B,E374B,E374,e374,BAME,clean,,,308600,6.27,0.813,0.0133,PDE374C,12.25,E374B,E374,measured
E374B,E374B,E374,e374,BAME,clean,,,308600,7.28,0.867,0.018,PDE374C,12.25,E374B,E374,measured
E374B,E374B,E374,e374,BAME,clean,,,308600,8.29,0.916,0.0227,PDE374C,12.25,E374B,E374,measured
E374B,E374B,E374,e374,BAME,clean,,,308600,9.3,0.957,0.0285,PDE374C,12.25,E374B,E374,measured
E374B,E374B,E374,e374,BAME,clean,,,308600,10.3,0.978,0.0371,PDE374C,12.25,E374B,E374,measured
E374B,E374B,E374,e374,BAME,clean,,,308600,11.31,0.984,0.0492,PDE374C,12.25,E374B,E374,measured
E374B,E374B,E374,e374,BAME,clean,,,308600,12.32,1.047,0.0878,PDE374C,12.25,E374B,E374,measured
E374B,E374B,E374,e374,BAME,clean,,,308600,13.12,0.981,0.1619,PDE374C,12.25,E374B,E374,measured
E374B,E374B,E374,e374,BAME,clean,,,308600,14.23,0.928,0.2177,PDE374C,12.25,E374B,E374,measured
E374B BUMP SHOT TRIP 50%,E374B,E374,e374,BAME,tripped,0.5,,100800,-2.93,-0.094,0.0125,PDE374CBMPSHT50,12.26,E374B,E374,measured
E374B BUMP SHOT TRIP 50%,E374B,E374,e374,BAME,tripped,0.5,,100800,-1.39,0.124,0.0118,PDE374CBMPSHT50,12.26,E374B,E374,measured
E374B BUMP SHOT TRIP 50%,E374B,E374,e374,BAME,tripped,0.5,,100800,0.14,0.271,0.0148,PDE374CBMPSHT50,12.26,E374B,E374,measured
E374B BUMP SHOT TRIP 50%,E374B,E374,e374,BAME,tripped,0.5,,100800,1.67,0.405,0.0213,PDE374CBMPSHT50,12.26,E374B,E374,measured
E374B BUMP SHOT TRIP 50%,E374B,E374,e374,BAME,tripped,0.5,,100800,3.19,0.519,0.0241,PDE374CBMPSHT50,12.26,E374B,E374,measured
E374B BUMP SHOT TRIP 50%,E374B,E374,e374,BAME,tripped,0.5,,100800,4.72,0.651,0.02,PDE374CBMPSHT50,12.26,E374B,E374,measured
E374B BUMP SHOT TRIP 50%,E374B,E374,e374,BAME,tripped,0.5,,100800,6.27,0.802,0.0193,PDE374CBMPSHT50,12.26,E374B,E374,measured
E374B BUMP SHOT TRIP 50%,E374B,E374,e374,BAME,tripped,0.5,,100800,7.77,0.888,0.0231,PDE374CBMPSHT50,12.26,E374B,E374,measured
E374B BUMP SHOT TRIP 50%,E374B,E374,e374,BAME,tripped,0.5,,100800,9.29,0.932,0.0339,PDE374CBMPSHT50,12.26,E374B,E374,measured
E374B BUMP SHOT TRIP 50%,E374B,E374,e374,BAME,tripped,0.5,,100800,10.81,0.969,0.0443,PDE374CBMPSHT50,12.26,E374B,E374,measured
E374B BUMP SHOT TRIP 50%,E374B,E374,e374,BAME,tripped,0.5,,100800,11.81,0.97,0.0641,PDE374CBMPSHT50,12.26,E374B,E374,measured
E374B BUMP SHOT TRIP 50%,E374B,E374,e374,BAME,tripped,0.5,,153400,-3.95,-0.181,0.0155,PDE374CBMPSHT50,12.26,E374B,E374,measured
E374B BUMP SHOT TRIP 50%,E374B,E374,e374,BAME,tripped,0.5,,153400,-2.94,-0.093,0.0123,PDE374CBMPSHT50,12.26,E374B,E374,measured
E374B BUMP SHOT TRIP 50%,E374B,E374,e374,BAME,tripped,0.5,,153400,-1.92,-0.005,0.0112,PDE374CBMPSHT50,12.26,E374B,E374,measured
E374B BUMP SHOT TRIP 50%,E374B,E374,e374,BAME,tripped,0.5,,153400,-0.87,0.162,0.0118,PDE374CBMPSHT50,12.26,E374B,E374,measured
E374B BUMP SHOT TRIP 50%,E374B,E374,e374,BAME,tripped,0.5,,153400,0.14,0.265,0.0115,PDE374CBMPSHT50,12.26,E374B,E374,measured
E374B BUMP SHOT TRIP 50%,E374B,E374,e374,BAME,tripped,0.5,,153400,1.16,0.357,0.0119,PDE374CBMPSHT50,12.26,E374B,E374,measured
E374B BUMP SHOT TRIP 50%,E374B,E374,e374,BAME,tripped,0.5,,153400,2.19,0.456,0.0123,PDE374CBMPSHT50,12.26,E374B,E374,measured
E374B BUMP SHOT TRIP 50%,E374B,E374,e374,BAME,tripped,0.5,,153400,3.22,0.557,0.0148,PDE374CBMPSHT50,12.26,E374B,E374,measured
E374B BUMP SHOT TRIP 50%,E374B,E374,e374,BAME,tripped,0.5,,153400,4.23,0.649,0.0147,PDE374CBMPSHT50,12.26,E374B,E374,measured
E374B BUMP SHOT TRIP 50%,E374B,E374,e374,BAME,tripped,0.5,,153400,5.26,0.742,0.0144,PDE374CBMPSHT50,12.26,E374B,E374,measured
E374B BUMP SHOT TRIP 50%,E374B,E374,e374,BAME,tripped,0.5,,153400,6.26,0.831,0.0149,PDE374CBMPSHT50,12.26,E374B,E374,measured
E374B BUMP SHOT TRIP 50%,E374B,E374,e374,BAME,tripped,0.5,,153400,7.29,0.886,0.0202,PDE374CBMPSHT50,12.26,E374B,E374,measured
E374B BUMP SHOT TRIP 50%,E374B,E374,e374,BAME,tripped,0.5,,153400,8.29,0.919,0.0264,PDE374CBMPSHT50,12.26,E374B,E374,measured
E374B BUMP SHOT TRIP 50%,E374B,E374,e374,BAME,tripped,0.5,,153400,9.3,0.953,0.0338,PDE374CBMPSHT50,12.26,E374B,E374,measured
E374B BUMP SHOT TRIP 50%,E374B,E374,e374,BAME,tripped,0.5,,153400,10.29,0.975,0.0435,PDE374CBMPSHT50,12.26,E374B,E374,measured
E374B BUMP SHOT TRIP 50%,E374B,E374,e374,BAME,tripped,0.5,,202400,-2.93,-0.09,0.0118,PDE374CBMPSHT50,12.26,E374B,E374,measured
E374B BUMP SHOT TRIP 50%,E374B,E374,e374,BAME,tripped,0.5,,202400,-1.43,0.038,0.0101,PDE374CBMPSHT50,12.26,E374B,E374,measured
E374B BUMP SHOT TRIP 50%,E374B,E374,e374,BAME,tripped,0.5,,202400,0.16,0.259,0.0106,PDE374CBMPSHT50,12.26,E374B,E374,measured
E374B BUMP SHOT TRIP 50%,E374B,E374,e374,BAME,tripped,0.5,,202400,1.67,0.394,0.0106,PDE374CBMPSHT50,12.26,E374B,E374,measured
E374B BUMP SHOT TRIP 50%,E374B,E374,e374,BAME,tripped,0.5,,202400,3.2,0.539,0.011,PDE374CBMPSHT50,12.26,E374B,E374,measured
E374B BUMP SHOT TRIP 50%,E374B,E374,e374,BAME,tripped,0.5,,202400,4.72,0.688,0.0121,PDE374CBMPSHT50,12.26,E374B,E374,measured
E374B BUMP SHOT TRIP 50%,E374B,E374,e374,BAME,tripped,0.5,,202400,6.25,0.823,0.0143,PDE374CBMPSHT50,12.26,E374B,E374,measured
E374B BUMP SHOT TRIP 50%,E374B,E374,e374,BAME,tripped,0.5,,202400,7.79,0.896,0.0227,PDE374CBMPSHT50,12.26,E374B,E374,measured
E374B BUMP SHOT TRIP 50%,E374B,E374,e374,BAME,tripped,0.5,,202400,9.29,0.949,0.0324,PDE374CBMPSHT50,12.26,E374B,E374,measured
E374B BUMP SHOT TRIP 50%,E374B,E374,e374,BAME,tripped,0.5,,202400,10.81,0.975,0.0485,PDE374CBMPSHT50,12.26,E374B,E374,measured
E374B BUMP SHOT TRIP 50%,E374B,E374,e374,BAME,tripped,0.5,,202400,11.82,0.983,0.0607,PDE374CBMPSHT50,12.26,E374B,E374,measured
E374B BUMP SHOT TRIP 50%,E374B,E374,e374,BAME,tripped,0.5,,305000,-2.94,-0.088,0.0112,PDE374CBMPSHT50,12.26,E374B,E374,measured
E374B BUMP SHOT TRIP 50%,E374B,E374,e374,BAME,tripped,0.5,,305000,-1.41,0.045,0.0091,PDE374CBMPSHT50,12.26,E374B,E374,measured
E374B BUMP SHOT TRIP 50%,E374B,E374,e374,BAME,tripped,0.5,,305000,0.12,0.22,0.0091,PDE374CBMPSHT50,12.26,E374B,E374,measured
E374B BUMP SHOT TRIP 50%,E374B,E374,e374,BAME,tripped,0.5,,305000,1.66,0.399,0.0094,PDE374CBMPSHT50,12.26,E374B,E374,measured
E374B BUMP SHOT TRIP 50%,E374B,E374,e374,BAME,tripped,0.5,,305000,3.2,0.541,0.0097,PDE374CBMPSHT50,12.26,E374B,E374,measured
E374B BUMP SHOT TRIP 50%,E374B,E374,e374,BAME,tripped,0.5,,305000,4.72,0.689,0.01,PDE374CBMPSHT50,12.26,E374B,E374,measured
E374B BUMP SHOT TRIP 50%,E374B,E374,e374,BAME,tripped,0.5,,305000,6.26,0.813,0.0144,PDE374CBMPSHT50,12.26,E374B,E374,measured
E374B BUMP SHOT TRIP 50%,E374B,E374,e374,BAME,tripped,0.5,,305000,7.77,0.893,0.0211,PDE374CBMPSHT50,12.26,E374B,E374,measured
E374B BUMP SHOT TRIP 50%,E374B,E374,e374,BAME,tripped,0.5,,305000,9.3,0.952,0.0297,PDE374CBMPSHT50,12.26,E374B,E374,measured
E374B BUMP SHOT TRIP 50%,E374B,E374,e374,BAME,tripped,0.5,,305000,10.79,0.975,0.044,PDE374CBMPSHT50,12.26,E374B,E374,measured
E374B BUMP SHOT TRIP 50%,E374B,E374,e374,BAME,tripped,0.5,,305000,11.81,0.995,0.054,PDE374CBMPSHT50,12.26,E374B,E374,measured
E374B CLAY L.E.,E374B,E374,e374,BAME,other,,,100600,-3.97,-0.276,0.0196,PDE374CLAYLE,12.28,E374B,E374,measured
E374B CLAY L.E.,E374B,E374,e374,BAME,other,,,100600,-2.43,-0.088,0.0148,PDE374CLAYLE,12.28,E374B,E374,measured
E374B CLAY L.E.,E374B,E374,e374,BAME,other,,,100600,-0.89,0.146,0.0176,PDE374CLAYLE,12.28,E374B,E374,measured
E374B CLAY L.E.,E374B,E374,e374,BAME,other,,,100600,0.64,0.284,0.0206,PDE374CLAYLE,12.28,E374B,E374,measured
E374B CLAY L.E.,E374B,E374,e374,BAME,other,,,100600,2.18,0.409,0.0236,PDE374CLAYLE,12.28,E374B,E374,measured
E374B CLAY L.E.,E374B,E374,e374,BAME,other,,,100600,3.71,0.547,0.0233,PDE374CLAYLE,12.28,E374B,E374,measured
E374B CLAY L.E.,E374B,E374,e374,BAME,other,,,100600,5.22,0.681,0.0198,PDE374CLAYLE,12.28,E374B,E374,measured
E374B CLAY L.E.,E374B,E374,e374,BAME,other,,,100600,6.77,0.815,0.018,PDE374CLAYLE,12.28,E374B,E374,measured
E374B CLAY L.E.,E374B,E374,e374,BAME,other,,,100600,8.29,0.897,0.023,PDE374CLAYLE,12.28,E374B,E374,measured
E374B CLAY L.E.,E374B,E374,e374,BAME,other,,,100600,9.8,0.948,0.0354,PDE374CLAYLE,12.28,E374B,E374,measured
E374B CLAY L.E.,E374B,E374,e374,BAME,other,,,100600,11.31,0.975,0.0538,PDE374CLAYLE,12.28,E374B,E374,measured
E374B CLAY L.E.,E374B,E374,e374,BAME,other,,,149400,-3.96,-0.193,0.0161,PDE374CLAYLE,12.28,E374B,E374,measured
E374B CLAY L.E.,E374B,E374,e374,BAME,other,,,149400,-2.42,-0.043,0.0125,PDE374CLAYLE,12.28,E374B,E374,measured
E374B CLAY L.E.,E374B,E374,e374,BAME,other,,,149400,-0.89,0.12,0.012,PDE374CLAYLE,12.28,E374B,E374,measured
E374B CLAY L.E.,E374B,E374,e374,BAME,other,,,149400,0.65,0.291,0.013,PDE374CLAYLE,12.28,E374B,E374,measured
E374B CLAY L.E.,E374B,E374,e374,BAME,other,,,149400,2.17,0.418,0.014,PDE374CLAYLE,12.28,E374B,E374,measured
E374B CLAY L.E.,E374B,E374,e374,BAME,other,,,149400,3.71,0.557,0.0143,PDE374CLAYLE,12.28,E374B,E374,measured
E374B CLAY L.E.,E374B,E374,e374,BAME,other,,,149400,5.23,0.699,0.0142,PDE374CLAYLE,12.28,E374B,E374,measured
E374B CLAY L.E.,E374B,E374,e374,BAME,other,,,149400,6.76,0.822,0.0161,PDE374CLAYLE,12.28,E374B,E374,measured
E374B CLAY L.E.,E374B,E374,e374,BAME,other,,,149400,8.29,0.904,0.0233,PDE374CLAYLE,12.28,E374B,E374,measured
E374B CLAY L.E.,E374B,E374,e374,BAME,other,,,149400,9.8,0.964,0.0348,PDE374CLAYLE,12.28,E374B,E374,measured
E374B CLAY L.E.,E374B,E374,e374,BAME,other,,,149400,11.3,0.987,0.0539,PDE374CLAYLE,12.28,E374B,E374,measured
E374B CLAY L.E.,E374B,E374,e374,BAME,other,,,196300,-3.96,-0.168,0.0134,PDE374CLAYLE,12.28,E374B,E374,measured
E374B CLAY L.E.,E374B,E374,e374,BAME,other,,,196300,-2.42,-0.048,0.0102,PDE374CLAYLE,12.28,E374B,E374,measured
E374B CLAY L.E.,E374B,E374,e374,BAME,other,,,196300,-0.89,0.079,0.0101,PDE374CLAYLE,12.28,E374B,E374,measured
E374B CLAY L.E.,E374B,E374,e374,BAME,other,,,196300,0.66,0.287,0.0112,PDE374CLAYLE,12.28,E374B,E374,measured
E374B CLAY L.E.,E374B,E374,e374,BAME,other,,,196300,2.17,0.421,0.0118,PDE374CLAYLE,12.28,E374B,E374,measured
E374B CLAY L.E.,E374B,E374,e374,BAME,other,,,196300,3.7,0.562,0.0122,PDE374CLAYLE,12.28,E374B,E374,measured
E374B CLAY L.E.,E374B,E374,e374,BAME,other,,,196300,5.23,0.707,0.0126,PDE374CLAYLE,12.28,E374B,E374,measured
E374B CLAY L.E.,E374B,E374,e374,BAME,other,,,196300,6.76,0.822,0.016,PDE374CLAYLE,12.28,E374B,E374,measured
E374B CLAY L.E.,E374B,E374,e374,BAME,other,,,196300,8.3,0.914,0.0224,PDE374CLAYLE,12.28,E374B,E374,measured
E374B CLAY L.E.,E374B,E374,e374,BAME,other,,,196300,9.8,0.975,0.0327,PDE374CLAYLE,12.28,E374B,E374,measured
E374B CLAY L.E.,E374B,E374,e374,BAME,other,,,196300,11.3,0.996,0.0506,PDE374CLAYLE,12.28,E374B,E374,measured
E374B CLAY L.E.,E374B,E374,e374,BAME,other,,,196300,12.81,1.013,0.1085,PDE374CLAYLE,12.28,E374B,E374,measured
E374B CLAY L.E.,E374B,E374,e374,BAME,other,,,300000,-3.96,-0.198,0.0122,PDE374CLAYLE,12.28,E374B,E374,measured
E374B CLAY L.E.,E374B,E374,e374,BAME,other,,,300000,-2.44,-0.065,0.0095,PDE374CLAYLE,12.28,E374B,E374,measured
E374B CLAY L.E.,E374B,E374,e374,BAME,other,,,300000,-0.91,0.064,0.0079,PDE374CLAYLE,12.28,E374B,E374,measured
E374B CLAY L.E.,E374B,E374,e374,BAME,other,,,300000,0.64,0.251,0.0089,PDE374CLAYLE,12.28,E374B,E374,measured
E374B CLAY L.E.,E374B,E374,e374,BAME,other,,,300000,2.16,0.417,0.0094,PDE374CLAYLE,12.28,E374B,E374,measured
E374B CLAY L.E.,E374B,E374,e374,BAME,other,,,300000,3.72,0.562,0.0097,PDE374CLAYLE,12.28,E374B,E374,measured
E374B CLAY L.E.,E374B,E374,e374,BAME,other,,,300000,5.25,0.699,0.011,PDE374CLAYLE,12.28,E374B,E374,measured
E374B CLAY L.E.,E374B,E374,e374,BAME,other,,,300000,6.76,0.813,0.015,PDE374CLAYLE,12.28,E374B,E374,measured
E374B CLAY L.E.,E374B,E374,e374,BAME,other,,,300000,8.29,0.914,0.0205,PDE374CLAYLE,12.28,E374B,E374,measured
E374B CLAY L.E.,E374B,E374,e374,BAME,other,,,300000,9.8,0.98,0.0305,PDE374CLAYLE,12.28,E374B,E374,measured
E374B CLAY L.E.,E374B,E374,e374,BAME,other,,,300000,11.31,1.009,0.0466,PDE374CLAYLE,12.28,E374B,E374,measured
E374B CLAY L.E.,E374B,E374,e374,BAME,other,,,300000,12.8,1.031,0.0997,PDE374CLAYLE,12.28,E374B,E374,measured
E374B CLAY L.E.,E374B,E374,e374,BAME,other,,,300000,14.29,0.97,0.1964,PDE374CLAYLE,12.28,E374B,E374,measured
E374B THICK T.E.,E374B,E374,e374,BAME,other,,,147300,-3.94,-0.149,0.0143,PDE374CTHKTE,12.29,E374B,E374,measured
E374B THICK T.E.,E374B,E374,e374,BAME,other,,,147300,-2.41,-0.045,0.0124,PDE374CTHKTE,12.29,E374B,E374,measured
E374B THICK T.E.,E374B,E374,e374,BAME,other,,,147300,-0.89,0.142,0.0133,PDE374CTHKTE,12.29,E374B,E374,measured
E374B THICK T.E.,E374B,E374,e374,BAME,other,,,147300,0.65,0.27,0.0141,PDE374CTHKTE,12.29,E374B,E374,measured
E374B THICK T.E.,E374B,E374,e374,BAME,other,,,147300,2.16,0.409,0.0153,PDE374CTHKTE,12.29,E374B,E374,measured
E374B THICK T.E.,E374B,E374,e374,BAME,other,,,147300,3.69,0.555,0.0156,PDE374CTHKTE,12.29,E374B,E374,measured
E374B THICK T.E.,E374B,E374,e374,BAME,other,,,147300,5.24,0.703,0.0152,PDE374CTHKTE,12.29,E374B,E374,measured
E374B THICK T.E.,E374B,E374,e374,BAME,other,,,147300,6.78,0.844,0.0162,PDE374CTHKTE,12.29,E374B,E374,measured
E374B THICK T.E.,E374B,E374,e374,BAME,other,,,147300,8.28,0.919,0.026,PDE374CTHKTE,12.29,E374B,E374,measured
E374B THICK T.E.,E374B,E374,e374,BAME,other,,,147300,9.81,0.973,0.037,PDE374CTHKTE,12.29,E374B,E374,measured
E374B THICK T.E.,E374B,E374,e374,BAME,other,,,147300,11.3,0.991,0.0564,PDE374CTHKTE,12.29,E374B,E374,measured
E374B THICK T.E.,E374B,E374,e374,BAME,other,,,147300,12.79,0.982,0.121,PDE374CTHKTE,12.29,E374B,E374,measured
E374B THICK T.E.,E374B,E374,e374,BAME,other,,,200700,-3.96,-0.188,0.0139,PDE374CTHKTE,12.29,E374B,E374,measured
E374B THICK T.E.,E374B,E374,e374,BAME,other,,,200700,-2.42,-0.065,0.0106,PDE374CTHKTE,12.29,E374B,E374,measured
E374B THICK T.E.,E374B,E374,e374,BAME,other,,,200700,-0.9,0.071,0.0102,PDE374CTHKTE,12.29,E374B,E374,measured
E374B THICK T.E.,E374B,E374,e374,BAME,other,,,200700,0.64,0.252,0.0113,PDE374CTHKTE,12.29,E374B,E374,measured
E374B THICK T.E.,E374B,E374,e374,BAME,other,,,200700,2.18,0.403,0.0121,PDE374CTHKTE,12.29,E374B,E374,measured
E374B THICK T.E.,E374B,E374,e374,BAME,other,,,200700,3.7,0.557,0.0129,PDE374CTHKTE,12.29,E374B,E374,measured
E374B THICK T.E.,E374B,E374,e374,BAME,other,,,200700,5.23,0.708,0.0125,PDE374CTHKTE,12.29,E374B,E374,measured
E374B THICK T.E.,E374B,E374,e374,BAME,other,,,200700,6.78,0.847,0.0155,PDE374CTHKTE,12.29,E374B,E374,measured
E374B THICK T.E.,E374B,E374,e374,BAME,other,,,200700,8.3,0.929,0.0245,PDE374CTHKTE,12.29,E374B,E374,measured
E374B THICK T.E.,E374B,E374,e374,BAME,other,,,200700,9.8,0.983,0.0351,PDE374CTHKTE,12.29,E374B,E374,measured
E374B THICK T.E.,E374B,E374,e374,BAME,other,,,200700,11.3,0.996,0.052,PDE374CTHKTE,12.29,E374B,E374,measured
E374B THICK T.E.,E374B,E374,e374,BAME,other,,,200700,12.75,1.003,0.1213,PDE374CTHKTE,12.29,E374B,E374,measured
E374B THICK T.E.,E374B,E374,e374,BAME,other,,,300300,-3.95,-0.212,0.012,PDE374CTHKTE,12.29,E374B,E374,measured
E374B THICK T.E.,E374B,E374,e374,BAME,other,,,300300,-2.43,-0.07,0.0097,PDE374CTHKTE,12.29,E374B,E374,measured
E374B THICK T.E.,E374B,E374,e374,BAME,other,,,300300,-0.88,0.057,0.0086,PDE374CTHKTE,12.29,E374B,E374,measured
E374B THICK T.E.,E374B,E374,e374,BAME,other,,,300300,0.63,0.241,0.0091,PDE374CTHKTE,12.29,E374B,E374,measured
E374B THICK T.E.,E374B,E374,e374,BAME,other,,,300300,2.17,0.396,0.0095,PDE374CTHKTE,12.29,E374B,E374,measured
E374B THICK T.E.,E374B,E374,e374,BAME,other,,,300300,3.71,0.558,0.0104,PDE374CTHKTE,12.29,E374B,E374,measured
E374B THICK T.E.,E374B,E374,e374,BAME,other,,,300300,5.25,0.711,0.0108,PDE374CTHKTE,12.29,E374B,E374,measured
E374B THICK T.E.,E374B,E374,e374,BAME,other,,,300300,6.77,0.842,0.0154,PDE374CTHKTE,12.29,E374B,E374,measured
E374B THICK T.E.,E374B,E374,e374,BAME,other,,,300300,8.29,0.932,0.0224,PDE374CTHKTE,12.29,E374B,E374,measured
E374B THICK T.E.,E374B,E374,e374,BAME,other,,,300300,9.81,0.986,0.0322,PDE374CTHKTE,12.29,E374B,E374,measured
E374B THICK T.E.,E374B,E374,e374,BAME,other,,,300300,11.32,0.999,0.0483,PDE374CTHKTE,12.29,E374B,E374,measured
"E374B UST .020, .125, 20%",E374B,E374,e374,BAME,tripped,0.2,,103600,-2.94,-0.058,0.0131,PDE374CUST2012520,12.27,E374B,E374,measured
"E374B UST .020, .125, 20%",E374B,E374,e374,BAME,tripped,0.2,,103600,-1.37,0.139,0.0123,PDE374CUST2012520,12.27,E374B,E374,measured
"E374B UST .020, .125, 20%",E374B,E374,e374,BAME,tripped,0.2,,103600,0.14,0.268,0.0123,PDE374CUST2012520,12.27,E374B,E374,measured
"E374B UST .020, .125, 20%",E374B,E374,e374,BAME,tripped,0.2,,103600,1.66,0.394,0.0136,PDE374CUST2012520,12.27,E374B,E374,measured
"E374B UST .020, .125, 20%",E374B,E374,e374,BAME,tripped,0.2,,103600,3.22,0.535,0.0142,PDE374CUST2012520,12.27,E374B,E374,measured
"E374B UST .020, .125, 20%",E374B,E374,e374,BAME,tripped,0.2,,103600,4.72,0.675,0.0153,PDE374CUST2012520,12.27,E374B,E374,measured
"E374B UST .020, .125, 20%",E374B,E374,e374,BAME,tripped,0.2,,103600,6.27,0.814,0.0164,PDE374CUST2012520,12.27,E374B,E374,measured
"E374B UST .020, .125, 20%",E374B,E374,e374,BAME,tripped,0.2,,103600,7.77,0.902,0.0193,PDE374CUST2012520,12.27,E374B,E374,measured
"E374B UST .020, .125, 20%",E374B,E374,e374,BAME,tripped,0.2,,103600,9.29,0.938,0.03,PDE374CUST2012520,12.27,E374B,E374,measured
"E374B UST .020, .125, 20%",E374B,E374,e374,BAME,tripped,0.2,,103600,10.8,0.974,0.0434,PDE374CUST2012520,12.27,E374B,E374,measured
"E374B UST .020, .125, 20%",E374B,E374,e374,BAME,tripped,0.2,,151300,-2.93,-0.069,0.0106,PDE374CUST2012520,12.27,E374B,E374,measured
"E374B UST .020, .125, 20%",E374B,E374,e374,BAME,tripped,0.2,,151300,-1.41,0.094,0.0113,PDE374CUST2012520,12.27,E374B,E374,measured
"E374B UST .020, .125, 20%",E374B,E374,e374,BAME,tripped,0.2,,151300,0.15,0.273,0.0105,PDE374CUST2012520,12.27,E374B,E374,measured
"E374B UST .020, .125, 20%",E374B,E374,e374,BAME,tripped,0.2,,151300,1.67,0.408,0.0115,PDE374CUST2012520,12.27,E374B,E374,measured
"E374B UST .020, .125, 20%",E374B,E374,e374,BAME,tripped,0.2,,151300,3.19,0.55,0.0121,PDE374CUST2012520,12.27,E374B,E374,measured
"E374B UST .020, .125, 20%",E374B,E374,e374,BAME,tripped,0.2,,151300,4.75,0.691,0.0134,PDE374CUST2012520,12.27,E374B,E374,measured
"E374B UST .020, .125, 20%",E374B,E374,e374,BAME,tripped,0.2,,151300,6.27,0.822,0.0154,PDE374CUST2012520,12.27,E374B,E374,measured
"E374B UST .020, .125, 20%",E374B,E374,e374,BAME,tripped,0.2,,151300,7.78,0.899,0.0246,PDE374CUST2012520,12.27,E374B,E374,measured
"E374B UST .020, .125, 20%",E374B,E374,e374,BAME,tripped,0.2,,151300,9.29,0.947,0.0363,PDE374CUST2012520,12.27,E374B,E374,measured
"E374B UST .020, .125, 20%",E374B,E374,e374,BAME,tripped,0.2,,151300,10.8,0.972,0.0539,PDE374CUST2012520,12.27,E374B,E374,measured
"E374B UST .020, .125, 20%",E374B,E374,e374,BAME,tripped,0.2,,151300,11.8,0.979,0.0668,PDE374CUST2012520,12.27,E374B,E374,measured
"E374B UST .020, .125, 20%",E374B,E374,e374,BAME,tripped,0.2,,151300,12.79,0.97,0.1307,PDE374CUST2012520,12.27,E374B,E374,measured
"E374B UST .020, .125, 20%",E374B,E374,e374,BAME,tripped,0.2,,200700,-2.94,-0.069,0.0107,PDE374CUST2012520,12.27,E374B,E374,measured
"E374B UST .020, .125, 20%",E374B,E374,e374,BAME,tripped,0.2,,200700,-1.41,0.062,0.0093,PDE374CUST2012520,12.27,E374B,E374,measured
"E374B UST .020, .125, 20%",E374B,E374,e374,BAME,tripped,0.2,,200700,0.14,0.272,0.0101,PDE374CUST2012520,12.27,E374B,E374,measured
"E374B UST .020, .125, 20%",E374B,E374,e374,BAME,tripped,0.2,,200700,1.68,0.411,0.0102,PDE374CUST2012520,12.27,E374B,E374,measured
"E374B UST .020, .125, 20%",E374B,E374,e374,BAME,tripped,0.2,,200700,3.2,0.549,0.0112,PDE374CUST2012520,12.27,E374B,E374,measured
"E374B UST .020, .125, 20%",E374B,E374,e374,BAME,tripped,0.2,,200700,4.74,0.69,0.0128,PDE374CUST2012520,12.27,E374B,E374,measured
"E374B UST .020, .125, 20%",E374B,E374,e374,BAME,tripped,0.2,,200700,6.26,0.82,0.0153,PDE374CUST2012520,12.27,E374B,E374,measured
"E374B UST .020, .125, 20%",E374B,E374,e374,BAME,tripped,0.2,,200700,7.78,0.907,0.0248,PDE374CUST2012520,12.27,E374B,E374,measured
"E374B UST .020, .125, 20%",E374B,E374,e374,BAME,tripped,0.2,,200700,9.29,0.961,0.0331,PDE374CUST2012520,12.27,E374B,E374,measured
"E374B UST .020, .125, 20%",E374B,E374,e374,BAME,tripped,0.2,,200700,10.81,0.981,0.0496,PDE374CUST2012520,12.27,E374B,E374,measured
"E374B UST .020, .125, 20%",E374B,E374,e374,BAME,tripped,0.2,,200700,11.81,0.992,0.0609,PDE374CUST2012520,12.27,E374B,E374,measured
"E374B UST .020, .125, 20%",E374B,E374,e374,BAME,tripped,0.2,,304200,-2.93,-0.079,0.0102,PDE374CUST2012520,12.27,E374B,E374,measured
"E374B UST .020, .125, 20%",E374B,E374,e374,BAME,tripped,0.2,,304200,-1.91,0.008,0.0087,PDE374CUST2012520,12.27,E374B,E374,measured
"E374B UST .020, .125, 20%",E374B,E374,e374,BAME,tripped,0.2,,304200,-0.9,0.089,0.0089,PDE374CUST2012520,12.27,E374B,E374,measured
"E374B UST .020, .125, 20%",E374B,E374,e374,BAME,tripped,0.2,,304200,0.14,0.222,0.0093,PDE374CUST2012520,12.27,E374B,E374,measured
"E374B UST .020, .125, 20%",E374B,E374,e374,BAME,tripped,0.2,,304200,1.16,0.349,0.0098,PDE374CUST2012520,12.27,E374B,E374,measured
"E374B UST .020, .125, 20%",E374B,E374,e374,BAME,tripped,0.2,,304200,2.18,0.438,0.0106,PDE374CUST2012520,12.27,E374B,E374,measured
"E374B UST .020, .125, 20%",E374B,E374,e374,BAME,tripped,0.2,,304200,3.2,0.531,0.0109,PDE374CUST2012520,12.27,E374B,E374,measured
"E374B UST .020, .125, 20%",E374B,E374,e374,BAME,tripped,0.2,,304200,4.22,0.629,0.0117,PDE374CUST2012520,12.27,E374B,E374,measured
"E374B UST .020, .125, 20%",E374B,E374,e374,BAME,tripped,0.2,,304200,5.25,0.726,0.0127,PDE374CUST2012520,12.27,E374B,E374,measured
"E374B UST .020, .125, 20%",E374B,E374,e374,BAME,tripped,0.2,,304200,6.26,0.813,0.0149,PDE374CUST2012520,12.27,E374B,E374,measured
"E374B UST .020, .125, 20%",E374B,E374,e374,BAME,tripped,0.2,,304200,7.27,0.873,0.0195,PDE374CUST2012520,12.27,E374B,E374,measured
"E374B UST .020, .125, 20%",E374B,E374,e374,BAME,tripped,0.2,,304200,8.29,0.92,0.0246,PDE374CUST2012520,12.27,E374B,E374,measured
"E374B UST .020, .125, 20%",E374B,E374,e374,BAME,tripped,0.2,,304200,9.31,0.953,0.0317,PDE374CUST2012520,12.27,E374B,E374,measured
E387A,E387A,E387,e387,CHAMPINE,clean,,,59700,-3.95,-0.211,0.0382,PDE387,12.31,E387A,E387,measured
E387A,E387A,E387,e387,CHAMPINE,clean,,,59700,-2.95,-0.125,0.0268,PDE387,12.31,E387A,E387,measured
E387A,E387A,E387,e387,CHAMPINE,clean,,,59700,-1.91,0.006,0.021,PDE387,12.31,E387A,E387,measured
E387A,E387A,E387,e387,CHAMPINE,clean,,,59700,-0.89,0.133,0.0204,PDE387,12.31,E387A,E387,measured
E387A,E387A,E387,e387,CHAMPINE,clean,,,59700,0.14,0.286,0.0223,PDE387,12.31,E387A,E387,measured
E387A,E387A,E387,e387,CHAMPINE,clean,,,59700,1.17,0.39,0.0262,PDE387,12.31,E387A,E387,measured
E387A,E387A,E387,e387,CHAMPINE,clean,,,59700,2.2,0.487,0.0288,PDE387,12.31,E387A,E387,measured
E387A,E387A,E387,e387,CHAMPINE,clean,,,59700,3.23,0.589,0.0303,PDE387,12.31,E387A,E387,measured
E387A,E387A,E387,e387,CHAMPINE,clean,,,59700,4.25,0.69,0.0325,PDE387,12.31,E387A,E387,measured
E387A,E387A,E387,e387,CHAMPINE,clean,,,59700,5.27,0.782,0.0324,PDE387,12.31,E387A,E387,measured
E387A,E387A,E387,e387,CHAMPINE,clean,,,59700,6.28,0.873,0.0306,PDE387,12.31,E387A,E387,measured
E387A,E387A,E387,e387,CHAMPINE,clean,,,59700,7.31,0.973,0.0288,PDE387,12.31,E387A,E387,measured
E387A,E387A,E387,e387,CHAMPINE,clean,,,59700,8.32,1.06,0.0258,PDE387,12.31,E387A,E387,measured
E387A,E387A,E387,e387,CHAMPINE,clean,,,59700,9.35,1.133,0.028,PDE387,12.31,E387A,E387,measured
E387A,E387A,E387,e387,CHAMPINE,clean,,,59700,10.34,1.15,0.0368,PDE387,12.31,E387A,E387,measured
E387A,E387A,E387,e387,CHAMPINE,clean,,,59700,11.34,1.142,0.0586,PDE387,12.31,E387A,E387,measured
E387A,E387A,E387,e387,CHAMPINE,clean,,,99800,-3.95,-0.169,0.0286,PDE387,12.31,E387A,E387,measured
E387A,E387A,E387,e387,CHAMPINE,clean,,,99800,-2.93,-0.03,0.0204,PDE387,12.31,E387A,E387,measured
E387A,E387A,E387,e387,CHAMPINE,clean,,,99800,-1.89,0.115,0.015,PDE387,12.31,E387A,E387,measured
E387A,E387A,E387,e387,CHAMPINE,clean,,,99800,-0.87,0.22,0.0135,PDE387,12.31,E387A,E387,measured
E387A,E387A,E387,e387,CHAMPINE,clean,,,99800,0.16,0.322,0.0141,PDE387,12.31,E387A,E387,measured
E387A,E387A,E387,e387,CHAMPINE,clean,,,99800,1.18,0.415,0.0158,PDE387,12.31,E387A,E387,measured
E387A,E387A,E387,e387,CHAMPINE,clean,,,99800,2.2,0.51,0.0188,PDE387,12.31,E387A,E387,measured
E387A,E387A,E387,e387,CHAMPINE,clean,,,99800,3.22,0.601,0.0199,PDE387,12.31,E387A,E387,measured
E387A,E387A,E387,e387,CHAMPINE,clean,,,99800,4.24,0.692,0.0217,PDE387,12.31,E387A,E387,measured
E387A,E387A,E387,e387,CHAMPINE,clean,,,99800,5.26,0.783,0.021,PDE387,12.31,E387A,E387,measured
E387A,E387A,E387,e387,CHAMPINE,clean,,,99800,6.28,0.881,0.0202,PDE387,12.31,E387A,E387,measured
E387A,E387A,E387,e387,CHAMPINE,clean,,,99800,7.31,0.979,0.0194,PDE387,12.31,E387A,E387,measured
E387A,E387A,E387,e387,CHAMPINE,clean,,,99800,8.33,1.064,0.0204,PDE387,12.31,E387A,E387,measured
E387A,E387A,E387,e387,CHAMPINE,clean,,,99800,9.33,1.11,0.0252,PDE387,12.31,E387A,E387,measured
E387A,E387A,E387,e387,CHAMPINE,clean,,,99800,10.34,1.122,0.0367,PDE387,12.31,E387A,E387,measured
E387A,E387A,E387,e387,CHAMPINE,clean,,,99800,11.35,1.134,0.0479,PDE387,12.31,E387A,E387,measured
E387A,E387A,E387,e387,CHAMPINE,clean,,,149600,-1.89,0.133,0.012,PDE387,12.31,E387A,E387,measured
E387A,E387A,E387,e387,CHAMPINE,clean,,,149600,0.16,0.322,0.0113,PDE387,12.31,E387A,E387,measured
E387A,E387A,E387,e387,CHAMPINE,clean,,,149600,2.2,0.523,0.0132,PDE387,12.31,E387A,E387,measured
E387A,E387A,E387,e387,CHAMPINE,clean,,,149600,3.23,0.623,0.0143,PDE387,12.31,E387A,E387,measured
E387A,E387A,E387,e387,CHAMPINE,clean,,,149600,4.24,0.72,0.0153,PDE387,12.31,E387A,E387,measured
E387A,E387A,E387,e387,CHAMPINE,clean,,,149600,6.29,0.913,0.0158,PDE387,12.31,E387A,E387,measured
E387A,E387A,E387,e387,CHAMPINE,clean,,,149600,7.31,1.005,0.0155,PDE387,12.31,E387A,E387,measured
E387A,E387A,E387,e387,CHAMPINE,clean,,,149600,8.33,1.07,0.0195,PDE387,12.31,E387A,E387,measured
E387A,E387A,E387,e387,CHAMPINE,clean,,,149600,9.35,1.109,0.0273,PDE387,12.31,E387A,E387,measured
E387A,E387A,E387,e387,CHAMPINE,clean,,,199800,-3.95,-0.097,0.0187,PDE387,12.31,E387A,E387,measured
E387A,E387A,E387,e387,CHAMPINE,clean,,,199800,-2.93,-0.004,0.0141,PDE387,12.31,E387A,E387,measured
E387A,E387A,E387,e387,CHAMPINE,clean,,,199800,-1.88,0.092,0.012,PDE387,12.31,E387A,E387,measured
E387A,E387A,E387,e387,CHAMPINE,clean,,,199800,-0.87,0.188,0.0102,PDE387,12.31,E387A,E387,measured
E387A,E387A,E387,e387,CHAMPINE,clean,,,199800,0.15,0.291,0.0093,PDE387,12.31,E387A,E387,measured
E387A,E387A,E387,e387,CHAMPINE,clean,,,199800,1.18,0.397,0.0101,PDE387,12.31,E387A,E387,measured
E387A,E387A,E387,e387,CHAMPINE,clean,,,199800,2.2,0.503,0.0107,PDE387,12.31,E387A,E387,measured
E387A,E387A,E387,e387,CHAMPINE,clean,,,199800,3.22,0.605,0.0115,PDE387,12.31,E387A,E387,measured
E387A,E387A,E387,e387,CHAMPINE,clean,,,199800,4.24,0.705,0.0119,PDE387,12.31,E387A,E387,measured
E387A,E387A,E387,e387,CHAMPINE,clean,,,199800,5.26,0.805,0.0125,PDE387,12.31,E387A,E387,measured
E387A,E387A,E387,e387,CHAMPINE,clean,,,199800,6.29,0.905,0.0128,PDE387,12.31,E387A,E387,measured
E387A,E387A,E387,e387,CHAMPINE,clean,,,199800,7.31,0.994,0.0145,PDE387,12.31,E387A,E387,measured
E387A,E387A,E387,e387,CHAMPINE,clean,,,199800,8.32,1.058,0.0181,PDE387,12.31,E387A,E387,measured
E387A,E387A,E387,e387,CHAMPINE,clean,,,199800,9.34,1.106,0.0246,PDE387,12.31,E387A,E387,measured
E387A,E387A,E387,e387,CHAMPINE,clean,,,199800,10.34,1.131,0.0322,PDE387,12.31,E387A,E387,measured
E387A,E387A,E387,e387,CHAMPINE,clean,,,199800,11.34,1.126,0.0475,PDE387,12.31,E387A,E387,measured
E387A,E387A,E387,e387,CHAMPINE,clean,,,303100,-3.91,-0.094,0.0166,PDE387,12.31,E387A,E387,measured
E387A,E387A,E387,e387,CHAMPINE,clean,,,303100,-2.92,0.003,0.0125,PDE387,12.31,E387A,E387,measured
E387A,E387A,E387,e387,CHAMPINE,clean,,,303100,-1.89,0.103,0.0106,PDE387,12.31,E387A,E387,measured
E387A,E387A,E387,e387,CHAMPINE,clean,,,303100,-0.9,0.202,0.0093,PDE387,12.31,E387A,E387,measured
E387A,E387A,E387,e387,CHAMPINE,clean,,,303100,0.14,0.302,0.008,PDE387,12.31,E387A,E387,measured
E387A,E387A,E387,e387,CHAMPINE,clean,,,303100,1.18,0.417,0.0085,PDE387,12.31,E387A,E387,measured
E387A,E387A,E387,e387,CHAMPINE,clean,,,303100,2.21,0.521,0.0091,PDE387,12.31,E387A,E387,measured
E387A,E387A,E387,e387,CHAMPINE,clean,,,303100,3.23,0.624,0.0093,PDE387,12.31,E387A,E387,measured
E387A,E387A,E387,e387,CHAMPINE,clean,,,303100,4.25,0.722,0.0098,PDE387,12.31,E387A,E387,measured
E387A,E387A,E387,e387,CHAMPINE,clean,,,303100,5.27,0.823,0.0105,PDE387,12.31,E387A,E387,measured
E387A,E387A,E387,e387,CHAMPINE,clean,,,303100,6.29,0.914,0.0114,PDE387,12.31,E387A,E387,measured
E387A,E387A,E387,e387,CHAMPINE,clean,,,303100,7.31,0.991,0.0138,PDE387,12.31,E387A,E387,measured
E387A,E387A,E387,e387,CHAMPINE,clean,,,303100,8.32,1.053,0.0176,PDE387,12.31,E387A,E387,measured
E387A,E387A,E387,e387,CHAMPINE,clean,,,303100,9.34,1.103,0.0233,PDE387,12.31,E387A,E387,measured
E387A,E387A,E387,e387,CHAMPINE,clean,,,303100,10.33,1.129,0.0296,PDE387,12.31,E387A,E387,measured
E387A,E387A,E387,e387,CHAMPINE,clean,,,303100,11.34,1.123,0.0449,PDE387,12.31,E387A,E387,measured
E387B,E387B,E387,e387,MILLER,clean,,,97000,-3.91,-0.029,0.0177,PDE387B,12.36,E387B,E387,measured
E387B,E387B,E387,e387,MILLER,clean,,,97000,-2.9,0.076,0.0163,PDE387B,12.36,E387B,E387,measured
E387B,E387B,E387,e387,MILLER,clean,,,97000,-1.86,0.18,0.0153,PDE387B,12.36,E387B,E387,measured
E387B,E387B,E387,e387,MILLER,clean,,,97000,-0.85,0.282,0.0148,PDE387B,12.36,E387B,E387,measured
E387B,E387B,E387,e387,MILLER,clean,,,97000,0.18,0.379,0.0168,PDE387B,12.36,E387B,E387,measured
E387B,E387B,E387,e387,MILLER,clean,,,97000,1.2,0.469,0.0178,PDE387B,12.36,E387B,E387,measured
E387B,E387B,E387,e387,MILLER,clean,,,97000,2.22,0.567,0.0181,PDE387B,12.36,E387B,E387,measured
E387B,E387B,E387,e387,MILLER,clean,,,97000,3.24,0.667,0.0182,PDE387B,12.36,E387B,E387,measured
E387B,E387B,E387,e387,MILLER,clean,,,97000,4.25,0.766,0.0189,PDE387B,12.36,E387B,E387,measured
E387B,E387B,E387,e387,MILLER,clean,,,97000,5.28,0.859,0.0197,PDE387B,12.36,E387B,E387,measured
E387B,E387B,E387,e387,MILLER,clean,,,97000,6.3,0.952,0.0207,PDE387B,12.36,E387B,E387,measured
E387B,E387B,E387,e387,MILLER,clean,,,97000,7.32,1.041,0.0199,PDE387B,12.36,E387B,E387,measured
E387B,E387B,E387,e387,MILLER,clean,,,97000,8.34,1.101,0.0256,PDE387B,12.36,E387B,E387,measured
E387B,E387B,E387,e387,MILLER,clean,,,97000,9.35,1.134,0.0307,PDE387B,12.36,E387B,E387,measured
E387B,E387B,E387,e387,MILLER,clean,,,202600,-3.92,-0.057,0.0147,PDE387B,12.36,E387B,E387,measured
E387B,E387B,E387,e387,MILLER,clean,,,202600,-2.91,0.04,0.0131,PDE387B,12.36,E387B,E387,measured
E387B,E387B,E387,e387,MILLER,clean,,,202600,-1.88,0.142,0.0126,PDE387B,12.36,E387B,E387,measured
E387B,E387B,E387,e387,MILLER,clean,,,202600,-0.85,0.246,0.0122,PDE387B,12.36,E387B,E387,measured
E387B,E387B,E387,e387,MILLER,clean,,,202600,0.17,0.349,0.0105,PDE387B,12.36,E387B,E387,measured
E387B,E387B,E387,e387,MILLER,clean,,,202600,1.19,0.457,0.0107,PDE387B,12.36,E387B,E387,measured
E387B,E387B,E387,e387,MILLER,clean,,,202600,2.21,0.56,0.0106,PDE387B,12.36,E387B,E387,measured
E387B,E387B,E387,e387,MILLER,clean,,,202600,3.24,0.662,0.011,PDE387B,12.36,E387B,E387,measured
E387B,E387B,E387,e387,MILLER,clean,,,202600,4.25,0.759,0.0121,PDE387B,12.36,E387B,E387,measured
E387B,E387B,E387,e387,MILLER,clean,,,202600,5.26,0.852,0.0133,PDE387B,12.36,E387B,E387,measured
E387B,E387B,E387,e387,MILLER,clean,,,202600,6.29,0.939,0.0143,PDE387B,12.36,E387B,E387,measured
E387B,E387B,E387,e387,MILLER,clean,,,202600,7.3,1.006,0.0175,PDE387B,12.36,E387B,E387,measured
E387B,E387B,E387,e387,MILLER,clean,,,202600,8.32,1.055,0.0246,PDE387B,12.36,E387B,E387,measured
E387B,E387B,E387,e387,MILLER,clean,,,202600,9.33,1.086,0.0316,PDE387B,12.36,E387B,E387,measured
E387B,E387B,E387,e387,MILLER,clean,,,202600,10.32,1.098,0.0425,PDE387B,12.36,E387B,E387,measured
E387B,E387B,E387,e387,MILLER,clean,,,202600,11.32,1.1,0.055,PDE387B,12.36,E387B,E387,measured
E387A HIGH TURBULENCE,E387A,E387,e387,CHAMPINE,other,,,101000,-3.94,-0.111,0.0268,PDE387HT,12.34,E387A,E387,measured
E387A HIGH TURBULENCE,E387A,E387,e387,CHAMPINE,other,,,101000,-2.91,0.03,0.0174,PDE387HT,12.34,E387A,E387,measured
E387A HIGH TURBULENCE,E387A,E387,e387,CHAMPINE,other,,,101000,-1.88,0.126,0.0162,PDE387HT,12.34,E387A,E387,measured
E387A HIGH TURBULENCE,E387A,E387,e387,CHAMPINE,other,,,101000,-0.87,0.216,0.0128,PDE387HT,12.34,E387A,E387,measured
E387A HIGH TURBULENCE,E387A,E387,e387,CHAMPINE,other,,,101000,0.16,0.328,0.0117,PDE387HT,12.34,E387A,E387,measured
E387A HIGH TURBULENCE,E387A,E387,e387,CHAMPINE,other,,,101000,1.17,0.42,0.0119,PDE387HT,12.34,E387A,E387,measured
E387A HIGH TURBULENCE,E387A,E387,e387,CHAMPINE,other,,,101000,2.19,0.519,0.0136,PDE387HT,12.34,E387A,E387,measured
E387A HIGH TURBULENCE,E387A,E387,e387,CHAMPINE,other,,,101000,3.23,0.617,0.0134,PDE387HT,12.34,E387A,E387,measured
E387A HIGH TURBULENCE,E387A,E387,e387,CHAMPINE,other,,,101000,4.23,0.71,0.0146,PDE387HT,12.34,E387A,E387,measured
E387A HIGH TURBULENCE,E387A,E387,e387,CHAMPINE,other,,,101000,5.26,0.812,0.0172,PDE387HT,12.34,E387A,E387,measured
E387A HIGH TURBULENCE,E387A,E387,e387,CHAMPINE,other,,,101000,6.29,0.909,0.018,PDE387HT,12.34,E387A,E387,measured
E387A HIGH TURBULENCE,E387A,E387,e387,CHAMPINE,other,,,101000,7.3,1.003,0.0207,PDE387HT,12.34,E387A,E387,measured
E387A HIGH TURBULENCE,E387A,E387,e387,CHAMPINE,other,,,101000,8.32,1.082,0.0195,PDE387HT,12.34,E387A,E387,measured
E387A HIGH TURBULENCE,E387A,E387,e387,CHAMPINE,other,,,101000,9.33,1.131,0.0263,PDE387HT,12.34,E387A,E387,measured
E387A HIGH TURBULENCE,E387A,E387,e387,CHAMPINE,other,,,101000,10.34,1.16,0.0335,PDE387HT,12.34,E387A,E387,measured
E387A HIGH TURBULENCE,E387A,E387,e387,CHAMPINE,other,,,101000,11.34,1.169,0.0442,PDE387HT,12.34,E387A,E387,measured
E387A HIGH TURBULENCE,E387A,E387,e387,CHAMPINE,other,,,101000,12.35,1.158,0.0505,PDE387HT,12.34,E387A,E387,measured
E387A HIGH TURBULENCE,E387A,E387,e387,CHAMPINE,other,,,101000,13.34,1.144,0.0525,PDE387HT,12.34,E387A,E387,measured
E387A HIGH TURBULENCE,E387A,E387,e387,CHAMPINE,other,,,101000,14.34,1.175,0.06,PDE387HT,12.34,E387A,E387,measured
E387A HIGH TURBULENCE,E387A,E387,e387,CHAMPINE,other,,,153700,-3.91,-0.084,0.0213,PDE387HT,12.34,E387A,E387,measured
E387A HIGH TURBULENCE,E387A,E387,e387,CHAMPINE,other,,,153700,-2.92,-0.009,0.0159,PDE387HT,12.34,E387A,E387,measured
E387A HIGH TURBULENCE,E387A,E387,e387,CHAMPINE,other,,,153700,-1.9,0.086,0.0149,PDE387HT,12.34,E387A,E387,measured
E387A HIGH TURBULENCE,E387A,E387,e387,CHAMPINE,other,,,153700,-0.88,0.185,0.0123,PDE387HT,12.34,E387A,E387,measured
E387A HIGH TURBULENCE,E387A,E387,e387,CHAMPINE,other,,,153700,0.15,0.285,0.0116,PDE387HT,12.34,E387A,E387,measured
E387A HIGH TURBULENCE,E387A,E387,e387,CHAMPINE,other,,,153700,1.17,0.401,0.0112,PDE387HT,12.34,E387A,E387,measured
E387A HIGH TURBULENCE,E387A,E387,e387,CHAMPINE,other,,,153700,2.18,0.5,0.0107,PDE387HT,12.34,E387A,E387,measured
E387A HIGH TURBULENCE,E387A,E387,e387,CHAMPINE,other,,,153700,3.22,0.602,0.0114,PDE387HT,12.34,E387A,E387,measured
E387A HIGH TURBULENCE,E387A,E387,e387,CHAMPINE,other,,,153700,4.23,0.706,0.0116,PDE387HT,12.34,E387A,E387,measured
E387A HIGH TURBULENCE,E387A,E387,e387,CHAMPINE,other,,,153700,5.26,0.8,0.0133,PDE387HT,12.34,E387A,E387,measured
E387A HIGH TURBULENCE,E387A,E387,e387,CHAMPINE,other,,,153700,6.28,0.893,0.0121,PDE387HT,12.34,E387A,E387,measured
E387A HIGH TURBULENCE,E387A,E387,e387,CHAMPINE,other,,,153700,7.28,0.982,0.0147,PDE387HT,12.34,E387A,E387,measured
E387A HIGH TURBULENCE,E387A,E387,e387,CHAMPINE,other,,,153700,8.31,1.048,0.0165,PDE387HT,12.34,E387A,E387,measured
E387A HIGH TURBULENCE,E387A,E387,e387,CHAMPINE,other,,,153700,9.33,1.107,0.0222,PDE387HT,12.34,E387A,E387,measured
E387A HIGH TURBULENCE,E387A,E387,e387,CHAMPINE,other,,,153700,10.34,1.134,0.029,PDE387HT,12.34,E387A,E387,measured
E387A HIGH TURBULENCE,E387A,E387,e387,CHAMPINE,other,,,153700,11.34,1.132,0.0402,PDE387HT,12.34,E387A,E387,measured
E387A HIGH TURBULENCE,E387A,E387,e387,CHAMPINE,other,,,153700,12.34,1.123,0.0397,PDE387HT,12.34,E387A,E387,measured
E387A HIGH TURBULENCE,E387A,E387,e387,CHAMPINE,other,,,153700,13.35,1.111,0.0358,PDE387HT,12.34,E387A,E387,measured
E387A HIGH TURBULENCE,E387A,E387,e387,CHAMPINE,other,,,153700,14.33,1.116,0.45,PDE387HT,12.34,E387A,E387,measured
E387A HIGH TURBULENCE,E387A,E387,e387,CHAMPINE,other,,,201300,-3.96,-0.079,0.0187,PDE387HT,12.34,E387A,E387,measured
E387A HIGH TURBULENCE,E387A,E387,e387,CHAMPINE,other,,,201300,-2.93,0.016,0.0144,PDE387HT,12.34,E387A,E387,measured
E387A HIGH TURBULENCE,E387A,E387,e387,CHAMPINE,other,,,201300,-1.89,0.111,0.0121,PDE387HT,12.34,E387A,E387,measured
E387A HIGH TURBULENCE,E387A,E387,e387,CHAMPINE,other,,,201300,-0.86,0.207,0.0113,PDE387HT,12.34,E387A,E387,measured
E387A HIGH TURBULENCE,E387A,E387,e387,CHAMPINE,other,,,201300,0.16,0.299,0.0091,PDE387HT,12.34,E387A,E387,measured
E387A HIGH TURBULENCE,E387A,E387,e387,CHAMPINE,other,,,201300,1.17,0.405,0.0096,PDE387HT,12.34,E387A,E387,measured
E387A HIGH TURBULENCE,E387A,E387,e387,CHAMPINE,other,,,201300,2.19,0.507,0.0106,PDE387HT,12.34,E387A,E387,measured
E387A HIGH TURBULENCE,E387A,E387,e387,CHAMPINE,other,,,201300,3.21,0.604,0.0103,PDE387HT,12.34,E387A,E387,measured
E387A HIGH TURBULENCE,E387A,E387,e387,CHAMPINE,other,,,201300,4.23,0.702,0.0114,PDE387HT,12.34,E387A,E387,measured
E387A HIGH TURBULENCE,E387A,E387,e387,CHAMPINE,other,,,201300,5.25,0.795,0.012,PDE387HT,12.34,E387A,E387,measured
E387A HIGH TURBULENCE,E387A,E387,e387,CHAMPINE,other,,,201300,6.27,0.888,0.0133,PDE387HT,12.34,E387A,E387,measured
E387A HIGH TURBULENCE,E387A,E387,e387,CHAMPINE,other,,,201300,7.3,0.969,0.0165,PDE387HT,12.34,E387A,E387,measured
E387A HIGH TURBULENCE,E387A,E387,e387,CHAMPINE,other,,,201300,8.31,1.036,0.0195,PDE387HT,12.34,E387A,E387,measured
E387A HIGH TURBULENCE,E387A,E387,e387,CHAMPINE,other,,,201300,9.32,1.093,0.0243,PDE387HT,12.34,E387A,E387,measured
E387A HIGH TURBULENCE,E387A,E387,e387,CHAMPINE,other,,,201300,10.34,1.12,0.0303,PDE387HT,12.34,E387A,E387,measured
E387A HIGH TURBULENCE,E387A,E387,e387,CHAMPINE,other,,,201300,11.34,1.117,0.0388,PDE387HT,12.34,E387A,E387,measured
E387A HIGH TURBULENCE,E387A,E387,e387,CHAMPINE,other,,,201300,12.32,1.109,0.0426,PDE387HT,12.34,E387A,E387,measured
E387A HIGH TURBULENCE,E387A,E387,e387,CHAMPINE,other,,,301300,-3.98,-0.089,0.016,PDE387HT,12.34,E387A,E387,measured
E387A HIGH TURBULENCE,E387A,E387,e387,CHAMPINE,other,,,301300,-2.97,0.001,0.0127,PDE387HT,12.34,E387A,E387,measured
E387A HIGH TURBULENCE,E387A,E387,e387,CHAMPINE,other,,,301300,-1.91,0.1,0.011,PDE387HT,12.34,E387A,E387,measured
E387A HIGH TURBULENCE,E387A,E387,e387,CHAMPINE,other,,,301300,-0.9,0.197,0.0103,PDE387HT,12.34,E387A,E387,measured
E387A HIGH TURBULENCE,E387A,E387,e387,CHAMPINE,other,,,301300,0.13,0.296,0.008,PDE387HT,12.34,E387A,E387,measured
E387A HIGH TURBULENCE,E387A,E387,e387,CHAMPINE,other,,,301300,1.16,0.399,0.0083,PDE387HT,12.34,E387A,E387,measured
E387A HIGH TURBULENCE,E387A,E387,e387,CHAMPINE,other,,,301300,2.19,0.502,0.0087,PDE387HT,12.34,E387A,E387,measured
E387A HIGH TURBULENCE,E387A,E387,e387,CHAMPINE,other,,,301300,3.21,0.601,0.009,PDE387HT,12.34,E387A,E387,measured
E387A HIGH TURBULENCE,E387A,E387,e387,CHAMPINE,other,,,301300,4.24,0.699,0.0101,PDE387HT,12.34,E387A,E387,measured
E387A HIGH TURBULENCE,E387A,E387,e387,CHAMPINE,other,,,301300,5.26,0.793,0.0103,PDE387HT,12.34,E387A,E387,measured
E387A HIGH TURBULENCE,E387A,E387,e387,CHAMPINE,other,,,301300,6.27,0.881,0.0112,PDE387HT,12.34,E387A,E387,measured
E387A HIGH TURBULENCE,E387A,E387,e387,CHAMPINE,other,,,301300,7.3,0.959,0.0143,PDE387HT,12.34,E387A,E387,measured
E387A HIGH TURBULENCE,E387A,E387,e387,CHAMPINE,other,,,301300,8.31,1.028,0.0175,PDE387HT,12.34,E387A,E387,measured
E387A HIGH TURBULENCE,E387A,E387,e387,CHAMPINE,other,,,301300,9.33,1.086,0.0225,PDE387HT,12.34,E387A,E387,measured
E387A HIGH TURBULENCE,E387A,E387,e387,CHAMPINE,other,,,301300,10.33,1.116,0.0285,PDE387HT,12.34,E387A,E387,measured
E387A HIGH TURBULENCE,E387A,E387,e387,CHAMPINE,other,,,301300,11.33,1.115,0.0416,PDE387HT,12.34,E387A,E387,measured
E387A HIGH TURBULENCE,E387A,E387,e387,CHAMPINE,other,,,301300,12.33,1.105,0.0487,PDE387HT,12.34,E387A,E387,measured
E387A HIGH TURBULENCE,E387A,E387,e387,CHAMPINE,other,,,301300,13.33,1.088,0.0682,PDE387HT,12.34,E387A,E387,measured
E387A HIGH TURBULENCE,E387A,E387,e387,CHAMPINE,other,,,301300,14.32,1.069,0.0798,PDE387HT,12.34,E387A,E387,measured
E387A REPEAT,E387A REPEAT,E387,e387,CHAMPINE,clean,,,99500,-3.95,-0.152,0.0274,PDE387REP,12.32,E387A,E387,measured
E387A REPEAT,E387A REPEAT,E387,e387,CHAMPINE,clean,,,99500,-2.9,-0.005,0.0193,PDE387REP,12.32,E387A,E387,measured
E387A REPEAT,E387A REPEAT,E387,e387,CHAMPINE,clean,,,99500,-1.87,0.127,0.0146,PDE387REP,12.32,E387A,E387,measured
E387A REPEAT,E387A REPEAT,E387,e387,CHAMPINE,clean,,,99500,-0.88,0.221,0.0146,PDE387REP,12.32,E387A,E387,measured
E387A REPEAT,E387A REPEAT,E387,e387,CHAMPINE,clean,,,99500,0.16,0.318,0.0154,PDE387REP,12.32,E387A,E387,measured
E387A REPEAT,E387A REPEAT,E387,e387,CHAMPINE,clean,,,99500,1.18,0.413,0.0175,PDE387REP,12.32,E387A,E387,measured
E387A REPEAT,E387A REPEAT,E387,e387,CHAMPINE,clean,,,99500,2.19,0.506,0.0183,PDE387REP,12.32,E387A,E387,measured
E387A REPEAT,E387A REPEAT,E387,e387,CHAMPINE,clean,,,99500,3.21,0.599,0.0218,PDE387REP,12.32,E387A,E387,measured
E387A REPEAT,E387A REPEAT,E387,e387,CHAMPINE,clean,,,99500,4.22,0.683,0.0221,PDE387REP,12.32,E387A,E387,measured
E387A REPEAT,E387A REPEAT,E387,e387,CHAMPINE,clean,,,99500,5.25,0.78,0.0224,PDE387REP,12.32,E387A,E387,measured
E387A REPEAT,E387A REPEAT,E387,e387,CHAMPINE,clean,,,99500,6.27,0.876,0.0217,PDE387REP,12.32,E387A,E387,measured
E387A REPEAT,E387A REPEAT,E387,e387,CHAMPINE,clean,,,99500,7.29,0.973,0.0196,PDE387REP,12.32,E387A,E387,measured
E387A REPEAT,E387A REPEAT,E387,e387,CHAMPINE,clean,,,99500,8.32,1.059,0.0203,PDE387REP,12.32,E387A,E387,measured
E387A REPEAT,E387A REPEAT,E387,e387,CHAMPINE,clean,,,99500,9.32,1.106,0.0256,PDE387REP,12.32,E387A,E387,measured
E387A REPEAT,E387A REPEAT,E387,e387,CHAMPINE,clean,,,99500,10.32,1.12,0.0345,PDE387REP,12.32,E387A,E387,measured
E387A REPEAT,E387A REPEAT,E387,e387,CHAMPINE,clean,,,149600,-2.9,0.025,0.0147,PDE387REP,12.32,E387A,E387,measured
E387A REPEAT,E387A REPEAT,E387,e387,CHAMPINE,clean,,,149600,-1.88,0.114,0.013,PDE387REP,12.32,E387A,E387,measured
E387A REPEAT,E387A REPEAT,E387,e387,CHAMPINE,clean,,,149600,-0.89,0.195,0.0107,PDE387REP,12.32,E387A,E387,measured
E387A REPEAT,E387A REPEAT,E387,e387,CHAMPINE,clean,,,149600,0.14,0.298,0.0114,PDE387REP,12.32,E387A,E387,measured
E387A REPEAT,E387A REPEAT,E387,e387,CHAMPINE,clean,,,149600,1.16,0.398,0.0123,PDE387REP,12.32,E387A,E387,measured
E387A REPEAT,E387A REPEAT,E387,e387,CHAMPINE,clean,,,149600,2.18,0.501,0.0133,PDE387REP,12.32,E387A,E387,measured
E387A REPEAT,E387A REPEAT,E387,e387,CHAMPINE,clean,,,149600,3.21,0.601,0.0145,PDE387REP,12.32,E387A,E387,measured
E387A REPEAT,E387A REPEAT,E387,e387,CHAMPINE,clean,,,149600,4.24,0.702,0.0153,PDE387REP,12.32,E387A,E387,measured
E387A REPEAT,E387A REPEAT,E387,e387,CHAMPINE,clean,,,149600,5.26,0.8,0.0153,PDE387REP,12.32,E387A,E387,measured
E387A REPEAT,E387A REPEAT,E387,e387,CHAMPINE,clean,,,149600,6.27,0.894,0.0159,PDE387REP,12.32,E387A,E387,measured
E387A REPEAT,E387A REPEAT,E387,e387,CHAMPINE,clean,,,149600,7.3,0.988,0.0154,PDE387REP,12.32,E387A,E387,measured
E387A REPEAT,E387A REPEAT,E387,e387,CHAMPINE,clean,,,149600,8.31,1.058,0.0186,PDE387REP,12.32,E387A,E387,measured
E387A REPEAT,E387A REPEAT,E387,e387,CHAMPINE,clean,,,149600,9.34,1.104,0.0249,PDE387REP,12.32,E387A,E387,measured
E387A REPEAT,E387A REPEAT,E387,e387,CHAMPINE,clean,,,202000,-3.94,-0.096,0.0179,PDE387REP,12.32,E387A,E387,measured
E387A REPEAT,E387A REPEAT,E387,e387,CHAMPINE,clean,,,202000,-2.94,-0.005,0.0138,PDE387REP,12.32,E387A,E387,measured
E387A REPEAT,E387A REPEAT,E387,e387,CHAMPINE,clean,,,202000,-1.9,0.089,0.0118,PDE387REP,12.32,E387A,E387,measured
E387A REPEAT,E387A REPEAT,E387,e387,CHAMPINE,clean,,,202000,-0.88,0.183,0.0092,PDE387REP,12.32,E387A,E387,measured
E387A REPEAT,E387A REPEAT,E387,e387,CHAMPINE,clean,,,202000,0.16,0.285,0.0088,PDE387REP,12.32,E387A,E387,measured
E387A REPEAT,E387A REPEAT,E387,e387,CHAMPINE,clean,,,202000,1.18,0.389,0.0102,PDE387REP,12.32,E387A,E387,measured
E387A REPEAT,E387A REPEAT,E387,e387,CHAMPINE,clean,,,202000,2.2,0.493,0.0107,PDE387REP,12.32,E387A,E387,measured
E387A REPEAT,E387A REPEAT,E387,e387,CHAMPINE,clean,,,202000,3.21,0.595,0.0116,PDE387REP,12.32,E387A,E387,measured
E387A REPEAT,E387A REPEAT,E387,e387,CHAMPINE,clean,,,202000,4.24,0.695,0.0121,PDE387REP,12.32,E387A,E387,measured
E387A REPEAT,E387A REPEAT,E387,e387,CHAMPINE,clean,,,202000,5.26,0.794,0.013,PDE387REP,12.32,E387A,E387,measured
E387A REPEAT,E387A REPEAT,E387,e387,CHAMPINE,clean,,,202000,6.27,0.893,0.013,PDE387REP,12.32,E387A,E387,measured
E387A REPEAT,E387A REPEAT,E387,e387,CHAMPINE,clean,,,202000,7.29,0.98,0.014,PDE387REP,12.32,E387A,E387,measured
E387A REPEAT,E387A REPEAT,E387,e387,CHAMPINE,clean,,,202000,8.3,1.044,0.0185,PDE387REP,12.32,E387A,E387,measured
E387A REPEAT,E387A REPEAT,E387,e387,CHAMPINE,clean,,,202000,9.33,1.092,0.0245,PDE387REP,12.32,E387A,E387,measured
E387A REPEAT,E387A REPEAT,E387,e387,CHAMPINE,clean,,,202000,10.33,1.12,0.0322,PDE387REP,12.32,E387A,E387,measured
E387A REPEAT,E387A REPEAT,E387,e387,CHAMPINE,clean,,,202000,11.33,1.12,0.0434,PDE387REP,12.32,E387A,E387,measured
E387A REPEAT,E387A REPEAT,E387,e387,CHAMPINE,clean,,,302200,-3.94,-0.11,0.0164,PDE387REP,12.32,E387A,E387,measured
E387A REPEAT,E387A REPEAT,E387,e387,CHAMPINE,clean,,,302200,-2.97,-0.018,0.0128,PDE387REP,12.32,E387A,E387,measured
E387A REPEAT,E387A REPEAT,E387,e387,CHAMPINE,clean,,,302200,-1.91,0.082,0.0105,PDE387REP,12.32,E387A,E387,measured
E387A REPEAT,E387A REPEAT,E387,e387,CHAMPINE,clean,,,302200,-0.89,0.183,0.0096,PDE387REP,12.32,E387A,E387,measured
E387A REPEAT,E387A REPEAT,E387,e387,CHAMPINE,clean,,,302200,0.15,0.284,0.0082,PDE387REP,12.32,E387A,E387,measured
E387A REPEAT,E387A REPEAT,E387,e387,CHAMPINE,clean,,,302200,1.18,0.396,0.0085,PDE387REP,12.32,E387A,E387,measured
E387A REPEAT,E387A REPEAT,E387,e387,CHAMPINE,clean,,,302200,2.2,0.501,0.0088,PDE387REP,12.32,E387A,E387,measured
E387A REPEAT,E387A REPEAT,E387,e387,CHAMPINE,clean,,,302200,3.22,0.605,0.0097,PDE387REP,12.32,E387A,E387,measured
E387A REPEAT,E387A REPEAT,E387,e387,CHAMPINE,clean,,,302200,4.24,0.708,0.01,PDE387REP,12.32,E387A,E387,measured
E387A REPEAT,E387A REPEAT,E387,e387,CHAMPINE,clean,,,302200,5.27,0.81,0.0107,PDE387REP,12.32,E387A,E387,measured
E387A REPEAT,E387A REPEAT,E387,e387,CHAMPINE,clean,,,302200,6.29,0.905,0.0111,PDE387REP,12.32,E387A,E387,measured
E387A REPEAT,E387A REPEAT,E387,e387,CHAMPINE,clean,,,302200,7.3,0.985,0.0137,PDE387REP,12.32,E387A,E387,measured
E387A REPEAT,E387A REPEAT,E387,e387,CHAMPINE,clean,,,302200,8.32,1.05,0.0175,PDE387REP,12.32,E387A,E387,measured
E387A REPEAT,E387A REPEAT,E387,e387,CHAMPINE,clean,,,302200,9.33,1.102,0.0231,PDE387REP,12.32,E387A,E387,measured
E387A REPEAT,E387A REPEAT,E387,e387,CHAMPINE,clean,,,302200,10.34,1.131,0.0309,PDE387REP,12.32,E387A,E387,measured
"E387A UST .020, .125, 20%",E387A,E387,e387,CHAMPINE,tripped,0.2,,101500,-2.9,0.015,0.0173,PDE387UST2012520,12.33,E387A,E387,measured
"E387A UST .020, .125, 20%",E387A,E387,e387,CHAMPINE,tripped,0.2,,101500,-1.39,0.147,0.012,PDE387UST2012520,12.33,E387A,E387,measured
"E387A UST .020, .125, 20%",E387A,E387,e387,CHAMPINE,tripped,0.2,,101500,0.16,0.297,0.0118,PDE387UST2012520,12.33,E387A,E387,measured
"E387A UST .020, .125, 20%",E387A,E387,e387,CHAMPINE,tripped,0.2,,101500,1.68,0.445,0.0139,PDE387UST2012520,12.33,E387A,E387,measured
"E387A UST .020, .125, 20%",E387A,E387,e387,CHAMPINE,tripped,0.2,,101500,3.21,0.595,0.0151,PDE387UST2012520,12.33,E387A,E387,measured
"E387A UST .020, .125, 20%",E387A,E387,e387,CHAMPINE,tripped,0.2,,101500,4.75,0.742,0.0165,PDE387UST2012520,12.33,E387A,E387,measured
"E387A UST .020, .125, 20%",E387A,E387,e387,CHAMPINE,tripped,0.2,,101500,6.28,0.887,0.0176,PDE387UST2012520,12.33,E387A,E387,measured
"E387A UST .020, .125, 20%",E387A,E387,e387,CHAMPINE,tripped,0.2,,101500,7.3,0.977,0.0196,PDE387UST2012520,12.33,E387A,E387,measured
"E387A UST .020, .125, 20%",E387A,E387,e387,CHAMPINE,tripped,0.2,,101500,8.31,1.059,0.0204,PDE387UST2012520,12.33,E387A,E387,measured
"E387A UST .020, .125, 20%",E387A,E387,e387,CHAMPINE,tripped,0.2,,101500,9.33,1.096,0.0266,PDE387UST2012520,12.33,E387A,E387,measured
"E387A UST .020, .125, 20%",E387A,E387,e387,CHAMPINE,tripped,0.2,,101500,10.34,1.102,0.0378,PDE387UST2012520,12.33,E387A,E387,measured
"E387A UST .020, .125, 20%",E387A,E387,e387,CHAMPINE,tripped,0.2,,101500,11.32,1.103,0.0535,PDE387UST2012520,12.33,E387A,E387,measured
"E387A UST .020, .125, 20%",E387A,E387,e387,CHAMPINE,tripped,0.2,,153000,-2.91,0.0,0.0152,PDE387UST2012520,12.33,E387A,E387,measured
"E387A UST .020, .125, 20%",E387A,E387,e387,CHAMPINE,tripped,0.2,,153000,-1.38,0.139,0.0113,PDE387UST2012520,12.33,E387A,E387,measured
"E387A UST .020, .125, 20%",E387A,E387,e387,CHAMPINE,tripped,0.2,,153000,0.15,0.288,0.0101,PDE387UST2012520,12.33,E387A,E387,measured
"E387A UST .020, .125, 20%",E387A,E387,e387,CHAMPINE,tripped,0.2,,153000,1.67,0.443,0.0112,PDE387UST2012520,12.33,E387A,E387,measured
"E387A UST .020, .125, 20%",E387A,E387,e387,CHAMPINE,tripped,0.2,,153000,3.23,0.599,0.0122,PDE387UST2012520,12.33,E387A,E387,measured
"E387A UST .020, .125, 20%",E387A,E387,e387,CHAMPINE,tripped,0.2,,153000,4.76,0.749,0.0135,PDE387UST2012520,12.33,E387A,E387,measured
"E387A UST .020, .125, 20%",E387A,E387,e387,CHAMPINE,tripped,0.2,,153000,6.27,0.893,0.0143,PDE387UST2012520,12.33,E387A,E387,measured
"E387A UST .020, .125, 20%",E387A,E387,e387,CHAMPINE,tripped,0.2,,153000,7.3,0.982,0.0168,PDE387UST2012520,12.33,E387A,E387,measured
"E387A UST .020, .125, 20%",E387A,E387,e387,CHAMPINE,tripped,0.2,,153000,8.32,1.059,0.0191,PDE387UST2012520,12.33,E387A,E387,measured
"E387A UST .020, .125, 20%",E387A,E387,e387,CHAMPINE,tripped,0.2,,153000,9.33,1.098,0.0265,PDE387UST2012520,12.33,E387A,E387,measured
"E387A UST .020, .125, 20%",E387A,E387,e387,CHAMPINE,tripped,0.2,,153000,10.34,1.115,0.0362,PDE387UST2012520,12.33,E387A,E387,measured
"E387A UST .020, .125, 20%",E387A,E387,e387,CHAMPINE,tripped,0.2,,153000,11.33,1.11,0.0484,PDE387UST2012520,12.33,E387A,E387,measured
"E387A UST .020, .125, 20%",E387A,E387,e387,CHAMPINE,tripped,0.2,,200400,-3.92,-0.092,0.0177,PDE387UST2012520,12.33,E387A,E387,measured
"E387A UST .020, .125, 20%",E387A,E387,e387,CHAMPINE,tripped,0.2,,200400,-2.91,-0.001,0.0138,PDE387UST2012520,12.33,E387A,E387,measured
"E387A UST .020, .125, 20%",E387A,E387,e387,CHAMPINE,tripped,0.2,,200400,-1.89,0.095,0.0119,PDE387UST2012520,12.33,E387A,E387,measured
"E387A UST .020, .125, 20%",E387A,E387,e387,CHAMPINE,tripped,0.2,,200400,-0.88,0.188,0.0102,PDE387UST2012520,12.33,E387A,E387,measured
"E387A UST .020, .125, 20%",E387A,E387,e387,CHAMPINE,tripped,0.2,,200400,0.16,0.292,0.0092,PDE387UST2012520,12.33,E387A,E387,measured
"E387A UST .020, .125, 20%",E387A,E387,e387,CHAMPINE,tripped,0.2,,200400,1.18,0.397,0.0094,PDE387UST2012520,12.33,E387A,E387,measured
"E387A UST .020, .125, 20%",E387A,E387,e387,CHAMPINE,tripped,0.2,,200400,2.2,0.5,0.0104,PDE387UST2012520,12.33,E387A,E387,measured
"E387A UST .020, .125, 20%",E387A,E387,e387,CHAMPINE,tripped,0.2,,200400,3.22,0.602,0.0109,PDE387UST2012520,12.33,E387A,E387,measured
"E387A UST .020, .125, 20%",E387A,E387,e387,CHAMPINE,tripped,0.2,,200400,4.24,0.702,0.012,PDE387UST2012520,12.33,E387A,E387,measured
"E387A UST .020, .125, 20%",E387A,E387,e387,CHAMPINE,tripped,0.2,,200400,5.27,0.8,0.0123,PDE387UST2012520,12.33,E387A,E387,measured
"E387A UST .020, .125, 20%",E387A,E387,e387,CHAMPINE,tripped,0.2,,200400,6.29,0.896,0.0136,PDE387UST2012520,12.33,E387A,E387,measured
"E387A UST .020, .125, 20%",E387A,E387,e387,CHAMPINE,tripped,0.2,,200400,7.31,0.984,0.0157,PDE387UST2012520,12.33,E387A,E387,measured
"E387A UST .020, .125, 20%",E387A,E387,e387,CHAMPINE,tripped,0.2,,200400,8.33,1.055,0.0196,PDE387UST2012520,12.33,E387A,E387,measured
"E387A UST .020, .125, 20%",E387A,E387,e387,CHAMPINE,tripped,0.2,,200400,9.33,1.1,0.026,PDE387UST2012520,12.33,E387A,E387,measured
"E387A UST .020, .125, 20%",E387A,E387,e387,CHAMPINE,tripped,0.2,,200400,10.35,1.121,0.0349,PDE387UST2012520,12.33,E387A,E387,measured
"E387A UST .020, .125, 20%",E387A,E387,e387,CHAMPINE,tripped,0.2,,311800,-3.95,-0.11,0.0173,PDE387UST2012520,12.33,E387A,E387,measured
"E387A UST .020, .125, 20%",E387A,E387,e387,CHAMPINE,tripped,0.2,,311800,-2.95,-0.018,0.0134,PDE387UST2012520,12.33,E387A,E387,measured
"E387A UST .020, .125, 20%",E387A,E387,e387,CHAMPINE,tripped,0.2,,311800,-1.94,0.081,0.0114,PDE387UST2012520,12.33,E387A,E387,measured
"E387A UST .020, .125, 20%",E387A,E387,e387,CHAMPINE,tripped,0.2,,311800,-0.91,0.182,0.01,PDE387UST2012520,12.33,E387A,E387,measured
"E387A UST .020, .125, 20%",E387A,E387,e387,CHAMPINE,tripped,0.2,,311800,0.13,0.282,0.0083,PDE387UST2012520,12.33,E387A,E387,measured
"E387A UST .020, .125, 20%",E387A,E387,e387,CHAMPINE,tripped,0.2,,311800,1.17,0.394,0.0089,PDE387UST2012520,12.33,E387A,E387,measured
"E387A UST .020, .125, 20%",E387A,E387,e387,CHAMPINE,tripped,0.2,,311800,2.19,0.496,0.0093,PDE387UST2012520,12.33,E387A,E387,measured
"E387A UST .020, .125, 20%",E387A,E387,e387,CHAMPINE,tripped,0.2,,311800,3.22,0.599,0.0103,PDE387UST2012520,12.33,E387A,E387,measured
"E387A UST .020, .125, 20%",E387A,E387,e387,CHAMPINE,tripped,0.2,,311800,4.24,0.699,0.0111,PDE387UST2012520,12.33,E387A,E387,measured
"E387A UST .020, .125, 20%",E387A,E387,e387,CHAMPINE,tripped,0.2,,311800,5.26,0.797,0.0116,PDE387UST2012520,12.33,E387A,E387,measured
"E387A UST .020, .125, 20%",E387A,E387,e387,CHAMPINE,tripped,0.2,,311800,6.28,0.891,0.0131,PDE387UST2012520,12.33,E387A,E387,measured
"E387A UST .020, .125, 20%",E387A,E387,e387,CHAMPINE,tripped,0.2,,311800,7.31,0.979,0.0146,PDE387UST2012520,12.33,E387A,E387,measured
"E387A UST .020, .125, 20%",E387A,E387,e387,CHAMPINE,tripped,0.2,,311800,8.31,1.042,0.0187,PDE387UST2012520,12.33,E387A,E387,measured
"E387A UST .020, .125, 20%",E387A,E387,e387,CHAMPINE,tripped,0.2,,311800,9.32,1.093,0.024,PDE387UST2012520,12.33,E387A,E387,measured
"E387A UST .020, .125, 20%",E387A,E387,e387,CHAMPINE,tripped,0.2,,311800,10.34,1.114,0.0324,PDE387UST2012520,12.33,E387A,E387,measured
"E387A UST .020, .125, 20%",E387A,E387,e387,CHAMPINE,tripped,0.2,,311800,11.32,1.109,0.0495,PDE387UST2012520,12.33,E387A,E387,measured
"E387A UST .020, .125, 20%",E387A,E387,e387,CHAMPINE,tripped,0.2,,311800,12.32,1.1,0.0678,PDE387UST2012520,12.33,E387A,E387,measured
FLAT PLATE,FLAT PLATE,FLAT PLATE,,FRASER,clean,,,100100,-3.99,-0.383,0.0335,PDFP,12.37,,,none
FLAT PLATE,FLAT PLATE,FLAT PLATE,,FRASER,clean,,,100100,-2.96,-0.274,0.0238,PDFP,12.37,,,none
FLAT PLATE,FLAT PLATE,FLAT PLATE,,FRASER,clean,,,100100,-1.95,-0.186,0.0181,PDFP,12.37,,,none
FLAT PLATE,FLAT PLATE,FLAT PLATE,,FRASER,clean,,,100100,-0.91,-0.077,0.0152,PDFP,12.37,,,none
FLAT PLATE,FLAT PLATE,FLAT PLATE,,FRASER,clean,,,100100,0.1,0.017,0.0143,PDFP,12.37,,,none
FLAT PLATE,FLAT PLATE,FLAT PLATE,,FRASER,clean,,,100100,1.13,0.127,0.017,PDFP,12.37,,,none
FLAT PLATE,FLAT PLATE,FLAT PLATE,,FRASER,clean,,,100100,2.14,0.216,0.018,PDFP,12.37,,,none
FLAT PLATE,FLAT PLATE,FLAT PLATE,,FRASER,clean,,,100100,3.16,0.324,0.0263,PDFP,12.37,,,none
FLAT PLATE,FLAT PLATE,FLAT PLATE,,FRASER,clean,,,100100,4.19,0.417,0.0365,PDFP,12.37,,,none
FLAT PLATE,FLAT PLATE,FLAT PLATE,,FRASER,clean,,,100100,5.2,0.517,0.0544,PDFP,12.37,,,none
FLAT PLATE,FLAT PLATE,FLAT PLATE,,FRASER,clean,,,100100,6.24,0.614,0.0723,PDFP,12.37,,,none
FLAT PLATE,FLAT PLATE,FLAT PLATE,,FRASER,clean,,,100100,7.24,0.674,0.0921,PDFP,12.37,,,none
FLAT PLATE,FLAT PLATE,FLAT PLATE,,FRASER,clean,,,199700,-3.98,-0.379,0.029,PDFP,12.37,,,none
FLAT PLATE,FLAT PLATE,FLAT PLATE,,FRASER,clean,,,199700,-2.97,-0.28,0.0204,PDFP,12.37,,,none
FLAT PLATE,FLAT PLATE,FLAT PLATE,,FRASER,clean,,,199700,-1.95,-0.184,0.015,PDFP,12.37,,,none
FLAT PLATE,FLAT PLATE,FLAT PLATE,,FRASER,clean,,,199700,-0.92,-0.082,0.0144,PDFP,12.37,,,none
FLAT PLATE,FLAT PLATE,FLAT PLATE,,FRASER,clean,,,199700,0.1,0.014,0.0143,PDFP,12.37,,,none
FLAT PLATE,FLAT PLATE,FLAT PLATE,,FRASER,clean,,,199700,1.12,0.109,0.0135,PDFP,12.37,,,none
FLAT PLATE,FLAT PLATE,FLAT PLATE,,FRASER,clean,,,199700,2.15,0.211,0.0171,PDFP,12.37,,,none
FLAT PLATE,FLAT PLATE,FLAT PLATE,,FRASER,clean,,,199700,3.16,0.307,0.0243,PDFP,12.37,,,none
FLAT PLATE,FLAT PLATE,FLAT PLATE,,FRASER,clean,,,199700,4.18,0.404,0.0348,PDFP,12.37,,,none
FLAT PLATE,FLAT PLATE,FLAT PLATE,,FRASER,clean,,,199700,5.2,0.506,0.0494,PDFP,12.37,,,none
FLAT PLATE,FLAT PLATE,FLAT PLATE,,FRASER,clean,,,199700,6.23,0.609,0.0705,PDFP,12.37,,,none
FLAT PLATE,FLAT PLATE,FLAT PLATE,,FRASER,clean,,,300400,-3.99,-0.374,0.0301,PDFP,12.37,,,none
FLAT PLATE,FLAT PLATE,FLAT PLATE,,FRASER,clean,,,300400,-2.97,-0.275,0.0207,PDFP,12.37,,,none
FLAT PLATE,FLAT PLATE,FLAT PLATE,,FRASER,clean,,,300400,-1.94,-0.178,0.0139,PDFP,12.37,,,none
FLAT PLATE,FLAT PLATE,FLAT PLATE,,FRASER,clean,,,300400,-0.93,-0.078,0.0138,PDFP,12.37,,,none
FLAT PLATE,FLAT PLATE,FLAT PLATE,,FRASER,clean,,,300400,0.1,0.015,0.0131,PDFP,12.37,,,none
FLAT PLATE,FLAT PLATE,FLAT PLATE,,FRASER,clean,,,300400,1.12,0.11,0.0143,PDFP,12.37,,,none
FLAT PLATE,FLAT PLATE,FLAT PLATE,,FRASER,clean,,,300400,2.15,0.211,0.0158,PDFP,12.37,,,none
FLAT PLATE,FLAT PLATE,FLAT PLATE,,FRASER,clean,,,300400,3.16,0.31,0.0232,PDFP,12.37,,,none
FLAT PLATE,FLAT PLATE,FLAT PLATE,,FRASER,clean,,,300400,4.19,0.407,0.0342,PDFP,12.37,,,none
FLAT PLATE,FLAT PLATE,FLAT PLATE,,FRASER,clean,,,300400,5.21,0.508,0.0491,PDFP,12.37,,,none
FLAT PLATE,FLAT PLATE,FLAT PLATE,,FRASER,clean,,,300400,6.22,0.606,0.0691,PDFP,12.37,,,none
FLAT PLATE,FLAT PLATE,FLAT PLATE,,FRASER,clean,,,300400,7.25,0.685,0.0959,PDFP,12.37,,,none
FX60-100,FX60-100,FX60-100,fx60100,BORDER,clean,,,59600,-3.94,-0.148,0.0268,PDFX,12.39,FX60-100,,measured
FX60-100,FX60-100,FX60-100,fx60100,BORDER,clean,,,59600,-2.42,-0.052,0.0209,PDFX,12.39,FX60-100,,measured
FX60-100,FX60-100,FX60-100,fx60100,BORDER,clean,,,59600,-0.9,0.065,0.0185,PDFX,12.39,FX60-100,,measured
FX60-100,FX60-100,FX60-100,fx60100,BORDER,clean,,,59600,0.65,0.225,0.0194,PDFX,12.39,FX60-100,,measured
FX60-100,FX60-100,FX60-100,fx60100,BORDER,clean,,,59600,2.18,0.461,0.0232,PDFX,12.39,FX60-100,,measured
FX60-100,FX60-100,FX60-100,fx60100,BORDER,clean,,,59600,3.73,0.635,0.025,PDFX,12.39,FX60-100,,measured
FX60-100,FX60-100,FX60-100,fx60100,BORDER,clean,,,59600,5.24,0.769,0.0228,PDFX,12.39,FX60-100,,measured
FX60-100,FX60-100,FX60-100,fx60100,BORDER,clean,,,59600,6.78,0.889,0.0227,PDFX,12.39,FX60-100,,measured
FX60-100,FX60-100,FX60-100,fx60100,BORDER,clean,,,59600,8.31,1.007,0.0216,PDFX,12.39,FX60-100,,measured
FX60-100,FX60-100,FX60-100,fx60100,BORDER,clean,,,59600,9.83,1.1,0.0335,PDFX,12.39,FX60-100,,measured
FX60-100,FX60-100,FX60-100,fx60100,BORDER,clean,,,59600,11.34,1.151,0.0445,PDFX,12.39,FX60-100,,measured
FX60-100,FX60-100,FX60-100,fx60100,BORDER,clean,,,99400,-4.98,-0.286,0.0314,PDFX,12.39,FX60-100,,measured
FX60-100,FX60-100,FX60-100,fx60100,BORDER,clean,,,99400,-3.94,-0.2,0.0231,PDFX,12.39,FX60-100,,measured
FX60-100,FX60-100,FX60-100,fx60100,BORDER,clean,,,99400,-2.91,-0.104,0.0188,PDFX,12.39,FX60-100,,measured
FX60-100,FX60-100,FX60-100,fx60100,BORDER,clean,,,99400,-1.91,0.008,0.0162,PDFX,12.39,FX60-100,,measured
FX60-100,FX60-100,FX60-100,fx60100,BORDER,clean,,,99400,-0.89,0.138,0.0166,PDFX,12.39,FX60-100,,measured
FX60-100,FX60-100,FX60-100,fx60100,BORDER,clean,,,99400,0.16,0.282,0.0166,PDFX,12.39,FX60-100,,measured
FX60-100,FX60-100,FX60-100,fx60100,BORDER,clean,,,99400,1.18,0.415,0.0161,PDFX,12.39,FX60-100,,measured
FX60-100,FX60-100,FX60-100,fx60100,BORDER,clean,,,99400,2.21,0.522,0.016,PDFX,12.39,FX60-100,,measured
FX60-100,FX60-100,FX60-100,fx60100,BORDER,clean,,,99400,3.23,0.622,0.0163,PDFX,12.39,FX60-100,,measured
FX60-100,FX60-100,FX60-100,fx60100,BORDER,clean,,,99400,4.24,0.713,0.0164,PDFX,12.39,FX60-100,,measured
FX60-100,FX60-100,FX60-100,fx60100,BORDER,clean,,,99400,5.27,0.804,0.0166,PDFX,12.39,FX60-100,,measured
FX60-100,FX60-100,FX60-100,fx60100,BORDER,clean,,,99400,6.28,0.897,0.017,PDFX,12.39,FX60-100,,measured
FX60-100,FX60-100,FX60-100,fx60100,BORDER,clean,,,99400,7.31,0.983,0.0187,PDFX,12.39,FX60-100,,measured
FX60-100,FX60-100,FX60-100,fx60100,BORDER,clean,,,99400,8.32,1.062,0.0223,PDFX,12.39,FX60-100,,measured
FX60-100,FX60-100,FX60-100,fx60100,BORDER,clean,,,99400,9.34,1.135,0.0246,PDFX,12.39,FX60-100,,measured
FX60-100,FX60-100,FX60-100,fx60100,BORDER,clean,,,99400,10.35,1.192,0.0309,PDFX,12.39,FX60-100,,measured
FX60-100,FX60-100,FX60-100,fx60100,BORDER,clean,,,99400,11.36,1.219,0.0402,PDFX,12.39,FX60-100,,measured
FX60-100,FX60-100,FX60-100,fx60100,BORDER,clean,,,152300,-3.95,-0.175,0.0203,PDFX,12.39,FX60-100,,measured
FX60-100,FX60-100,FX60-100,fx60100,BORDER,clean,,,152300,-2.93,-0.05,0.0183,PDFX,12.39,FX60-100,,measured
FX60-100,FX60-100,FX60-100,fx60100,BORDER,clean,,,152300,-1.9,0.1,0.0153,PDFX,12.39,FX60-100,,measured
FX60-100,FX60-100,FX60-100,fx60100,BORDER,clean,,,152300,-0.87,0.224,0.0135,PDFX,12.39,FX60-100,,measured
FX60-100,FX60-100,FX60-100,fx60100,BORDER,clean,,,152300,0.16,0.337,0.0137,PDFX,12.39,FX60-100,,measured
FX60-100,FX60-100,FX60-100,fx60100,BORDER,clean,,,152300,1.17,0.43,0.0128,PDFX,12.39,FX60-100,,measured
FX60-100,FX60-100,FX60-100,fx60100,BORDER,clean,,,152300,2.19,0.52,0.0119,PDFX,12.39,FX60-100,,measured
FX60-100,FX60-100,FX60-100,fx60100,BORDER,clean,,,152300,3.23,0.621,0.0118,PDFX,12.39,FX60-100,,measured
FX60-100,FX60-100,FX60-100,fx60100,BORDER,clean,,,152300,4.25,0.722,0.012,PDFX,12.39,FX60-100,,measured
FX60-100,FX60-100,FX60-100,fx60100,BORDER,clean,,,152300,5.26,0.814,0.0134,PDFX,12.39,FX60-100,,measured
FX60-100,FX60-100,FX60-100,fx60100,BORDER,clean,,,152300,6.29,0.902,0.0148,PDFX,12.39,FX60-100,,measured
FX60-100,FX60-100,FX60-100,fx60100,BORDER,clean,,,152300,7.31,0.989,0.0171,PDFX,12.39,FX60-100,,measured
FX60-100,FX60-100,FX60-100,fx60100,BORDER,clean,,,152300,8.32,1.067,0.0201,PDFX,12.39,FX60-100,,measured
FX60-100,FX60-100,FX60-100,fx60100,BORDER,clean,,,152300,9.33,1.134,0.0248,PDFX,12.39,FX60-100,,measured
FX60-100,FX60-100,FX60-100,fx60100,BORDER,clean,,,152300,10.34,1.177,0.0304,PDFX,12.39,FX60-100,,measured
FX60-100,FX60-100,FX60-100,fx60100,BORDER,clean,,,152300,11.35,1.189,0.042,PDFX,12.39,FX60-100,,measured
FX60-100,FX60-100,FX60-100,fx60100,BORDER,clean,,,152300,12.35,1.169,0.0513,PDFX,12.39,FX60-100,,measured
FX60-100,FX60-100,FX60-100,fx60100,BORDER,clean,,,203400,-5.0,-0.295,0.0287,PDFX,12.39,FX60-100,,measured
FX60-100,FX60-100,FX60-100,fx60100,BORDER,clean,,,203400,-3.95,-0.186,0.0193,PDFX,12.39,FX60-100,,measured
FX60-100,FX60-100,FX60-100,fx60100,BORDER,clean,,,203400,-2.92,-0.054,0.0149,PDFX,12.39,FX60-100,,measured
FX60-100,FX60-100,FX60-100,fx60100,BORDER,clean,,,203400,-1.9,0.087,0.0114,PDFX,12.39,FX60-100,,measured
FX60-100,FX60-100,FX60-100,fx60100,BORDER,clean,,,203400,-0.89,0.206,0.0105,PDFX,12.39,FX60-100,,measured
FX60-100,FX60-100,FX60-100,fx60100,BORDER,clean,,,203400,0.16,0.31,0.0108,PDFX,12.39,FX60-100,,measured
FX60-100,FX60-100,FX60-100,fx60100,BORDER,clean,,,203400,1.17,0.412,0.0104,PDFX,12.39,FX60-100,,measured
FX60-100,FX60-100,FX60-100,fx60100,BORDER,clean,,,203400,2.21,0.512,0.0104,PDFX,12.39,FX60-100,,measured
FX60-100,FX60-100,FX60-100,fx60100,BORDER,clean,,,203400,3.21,0.606,0.0101,PDFX,12.39,FX60-100,,measured
FX60-100,FX60-100,FX60-100,fx60100,BORDER,clean,,,203400,4.23,0.701,0.0105,PDFX,12.39,FX60-100,,measured
FX60-100,FX60-100,FX60-100,fx60100,BORDER,clean,,,203400,5.26,0.796,0.0116,PDFX,12.39,FX60-100,,measured
FX60-100,FX60-100,FX60-100,fx60100,BORDER,clean,,,203400,6.28,0.886,0.0136,PDFX,12.39,FX60-100,,measured
FX60-100,FX60-100,FX60-100,fx60100,BORDER,clean,,,203400,7.3,0.973,0.0158,PDFX,12.39,FX60-100,,measured
FX60-100,FX60-100,FX60-100,fx60100,BORDER,clean,,,203400,8.31,1.052,0.0185,PDFX,12.39,FX60-100,,measured
FX60-100,FX60-100,FX60-100,fx60100,BORDER,clean,,,203400,9.33,1.12,0.0233,PDFX,12.39,FX60-100,,measured
FX60-100,FX60-100,FX60-100,fx60100,BORDER,clean,,,203400,10.34,1.168,0.0299,PDFX,12.39,FX60-100,,measured
FX60-100,FX60-100,FX60-100,fx60100,BORDER,clean,,,203400,11.36,1.19,0.0393,PDFX,12.39,FX60-100,,measured
FX60-100,FX60-100,FX60-100,fx60100,BORDER,clean,,,298800,-2.92,0.012,0.0123,PDFX,12.39,FX60-100,,measured
FX60-100,FX60-100,FX60-100,fx60100,BORDER,clean,,,298800,-1.88,0.128,0.0104,PDFX,12.39,FX60-100,,measured
FX60-100,FX60-100,FX60-100,fx60100,BORDER,clean,,,298800,-0.86,0.236,0.0093,PDFX,12.39,FX60-100,,measured
FX60-100,FX60-100,FX60-100,fx60100,BORDER,clean,,,298800,0.17,0.34,0.0093,PDFX,12.39,FX60-100,,measured
FX60-100,FX60-100,FX60-100,fx60100,BORDER,clean,,,298800,1.18,0.441,0.0093,PDFX,12.39,FX60-100,,measured
FX60-100,FX60-100,FX60-100,fx60100,BORDER,clean,,,298800,2.21,0.541,0.0095,PDFX,12.39,FX60-100,,measured
FX60-100,FX60-100,FX60-100,fx60100,BORDER,clean,,,298800,3.21,0.635,0.0097,PDFX,12.39,FX60-100,,measured
FX60-100,FX60-100,FX60-100,fx60100,BORDER,clean,,,298800,4.22,0.721,0.0098,PDFX,12.39,FX60-100,,measured
FX60-100,FX60-100,FX60-100,fx60100,BORDER,clean,,,298800,5.26,0.812,0.0112,PDFX,12.39,FX60-100,,measured
FX60-100,FX60-100,FX60-100,fx60100,BORDER,clean,,,298800,6.27,0.9,0.0129,PDFX,12.39,FX60-100,,measured
FX60-100,FX60-100,FX60-100,fx60100,BORDER,clean,,,298800,7.28,0.982,0.0148,PDFX,12.39,FX60-100,,measured
FX63-137A,FX63-137A,FX63-137,fx63137,CHAMPINE,clean,,,200100,-6.92,-0.021,0.036,PDFX63,12.40,,FX63-137,design
FX63-137A,FX63-137A,FX63-137,fx63137,CHAMPINE,clean,,,200100,-5.89,0.085,0.0201,PDFX63,12.40,,FX63-137,design
FX63-137A,FX63-137A,FX63-137,fx63137,CHAMPINE,clean,,,200100,-4.88,0.186,0.0172,PDFX63,12.40,,FX63-137,design
FX63-137A,FX63-137A,FX63-137,fx63137,CHAMPINE,clean,,,200100,-3.85,0.292,0.0149,PDFX63,12.40,,FX63-137,design
FX63-137A,FX63-137A,FX63-137,fx63137,CHAMPINE,clean,,,200100,-2.83,0.403,0.0142,PDFX63,12.40,,FX63-137,design
FX63-137A,FX63-137A,FX63-137,fx63137,CHAMPINE,clean,,,200100,-1.8,0.515,0.0142,PDFX63,12.40,,FX63-137,design
FX63-137A,FX63-137A,FX63-137,fx63137,CHAMPINE,clean,,,200100,-0.79,0.61,0.0149,PDFX63,12.40,,FX63-137,design
FX63-137A,FX63-137A,FX63-137,fx63137,CHAMPINE,clean,,,200100,0.24,0.724,0.0156,PDFX63,12.40,,FX63-137,design
FX63-137A,FX63-137A,FX63-137,fx63137,CHAMPINE,clean,,,200100,1.27,0.829,0.0159,PDFX63,12.40,,FX63-137,design
FX63-137A,FX63-137A,FX63-137,fx63137,CHAMPINE,clean,,,200100,2.3,0.931,0.0167,PDFX63,12.40,,FX63-137,design
FX63-137A,FX63-137A,FX63-137,fx63137,CHAMPINE,clean,,,200100,3.32,1.031,0.0163,PDFX63,12.40,,FX63-137,design
FX63-137A,FX63-137A,FX63-137,fx63137,CHAMPINE,clean,,,200100,4.33,1.122,0.0163,PDFX63,12.40,,FX63-137,design
FX63-137A,FX63-137A,FX63-137,fx63137,CHAMPINE,clean,,,200100,5.36,1.21,0.0166,PDFX63,12.40,,FX63-137,design
FX63-137A,FX63-137A,FX63-137,fx63137,CHAMPINE,clean,,,200100,6.38,1.299,0.0175,PDFX63,12.40,,FX63-137,design
FX63-137A,FX63-137A,FX63-137,fx63137,CHAMPINE,clean,,,200100,7.39,1.385,0.0185,PDFX63,12.40,,FX63-137,design
FX63-137A,FX63-137A,FX63-137,fx63137,CHAMPINE,clean,,,200100,8.41,1.46,0.0198,PDFX63,12.40,,FX63-137,design
FX63-137A,FX63-137A,FX63-137,fx63137,CHAMPINE,clean,,,200100,9.42,1.525,0.0219,PDFX63,12.40,,FX63-137,design
FX63-137A,FX63-137A,FX63-137,fx63137,CHAMPINE,clean,,,200100,10.43,1.573,0.0254,PDFX63,12.40,,FX63-137,design
FX63-137A,FX63-137A,FX63-137,fx63137,CHAMPINE,clean,,,200100,11.44,1.599,0.0298,PDFX63,12.40,,FX63-137,design
FX63-137A,FX63-137A,FX63-137,fx63137,CHAMPINE,clean,,,200100,12.44,1.607,0.0368,PDFX63,12.40,,FX63-137,design
FX63-137A,FX63-137A,FX63-137,fx63137,CHAMPINE,clean,,,299500,-6.91,-0.028,0.0248,PDFX63,12.40,,FX63-137,design
FX63-137A,FX63-137A,FX63-137,fx63137,CHAMPINE,clean,,,299500,-5.89,0.088,0.0165,PDFX63,12.40,,FX63-137,design
FX63-137A,FX63-137A,FX63-137,fx63137,CHAMPINE,clean,,,299500,-4.88,0.191,0.0144,PDFX63,12.40,,FX63-137,design
FX63-137A,FX63-137A,FX63-137,fx63137,CHAMPINE,clean,,,299500,-3.85,0.301,0.0128,PDFX63,12.40,,FX63-137,design
FX63-137A,FX63-137A,FX63-137,fx63137,CHAMPINE,clean,,,299500,-2.83,0.412,0.0123,PDFX63,12.40,,FX63-137,design
FX63-137A,FX63-137A,FX63-137,fx63137,CHAMPINE,clean,,,299500,-1.79,0.527,0.0116,PDFX63,12.40,,FX63-137,design
FX63-137A,FX63-137A,FX63-137,fx63137,CHAMPINE,clean,,,299500,-0.77,0.635,0.0121,PDFX63,12.40,,FX63-137,design
FX63-137A,FX63-137A,FX63-137,fx63137,CHAMPINE,clean,,,299500,0.23,0.736,0.0122,PDFX63,12.40,,FX63-137,design
FX63-137A,FX63-137A,FX63-137,fx63137,CHAMPINE,clean,,,299500,1.24,0.838,0.0123,PDFX63,12.40,,FX63-137,design
FX63-137A,FX63-137A,FX63-137,fx63137,CHAMPINE,clean,,,299500,2.23,0.935,0.0125,PDFX63,12.40,,FX63-137,design
FX63-137A,FX63-137A,FX63-137,fx63137,CHAMPINE,clean,,,299500,3.2,1.024,0.013,PDFX63,12.40,,FX63-137,design
FX63-137A,FX63-137A,FX63-137,fx63137,CHAMPINE,clean,,,299500,4.28,1.125,0.0136,PDFX63,12.40,,FX63-137,design
FX63-137A,FX63-137A,FX63-137,fx63137,CHAMPINE,clean,,,299500,5.34,1.22,0.0144,PDFX63,12.40,,FX63-137,design
FX63-137A,FX63-137A,FX63-137,fx63137,CHAMPINE,clean,,,299500,6.37,1.3,0.0155,PDFX63,12.40,,FX63-137,design
FX63-137A,FX63-137A,FX63-137,fx63137,CHAMPINE,clean,,,299500,7.39,1.379,0.0165,PDFX63,12.40,,FX63-137,design
FX63-137A,FX63-137A,FX63-137,fx63137,CHAMPINE,clean,,,299500,8.4,1.452,0.0183,PDFX63,12.40,,FX63-137,design
FX63-137A,FX63-137A,FX63-137,fx63137,CHAMPINE,clean,,,299500,9.41,1.512,0.0205,PDFX63,12.40,,FX63-137,design
FX63-137A,FX63-137A,FX63-137,fx63137,CHAMPINE,clean,,,299500,10.43,1.552,0.024,PDFX63,12.40,,FX63-137,design
FX63-137A,FX63-137A,FX63-137,fx63137,CHAMPINE,clean,,,299500,11.44,1.571,0.0295,PDFX63,12.40,,FX63-137,design
FX63-137B,FX63-137B,FX63-137,fx63137,CHAMPINE,clean,,,100800,-3.87,0.21,0.0308,PDFX63B,12.41,,FX63-137,design
FX63-137B,FX63-137B,FX63-137,fx63137,CHAMPINE,clean,,,100800,-2.85,0.345,0.0279,PDFX63B,12.41,,FX63-137,design
FX63-137B,FX63-137B,FX63-137,fx63137,CHAMPINE,clean,,,100800,-1.82,0.473,0.0276,PDFX63B,12.41,,FX63-137,design
FX63-137B,FX63-137B,FX63-137,fx63137,CHAMPINE,clean,,,100800,-0.79,0.581,0.0287,PDFX63B,12.41,,FX63-137,design
FX63-137B,FX63-137B,FX63-137,fx63137,CHAMPINE,clean,,,100800,0.22,0.684,0.0265,PDFX63B,12.41,,FX63-137,design
FX63-137B,FX63-137B,FX63-137,fx63137,CHAMPINE,clean,,,100800,1.26,0.778,0.026,PDFX63B,12.41,,FX63-137,design
FX63-137B,FX63-137B,FX63-137,fx63137,CHAMPINE,clean,,,100800,2.27,0.87,0.0271,PDFX63B,12.41,,FX63-137,design
FX63-137B,FX63-137B,FX63-137,fx63137,CHAMPINE,clean,,,100800,3.3,0.974,0.0263,PDFX63B,12.41,,FX63-137,design
FX63-137B,FX63-137B,FX63-137,fx63137,CHAMPINE,clean,,,100800,4.32,1.074,0.0249,PDFX63B,12.41,,FX63-137,design
FX63-137B,FX63-137B,FX63-137,fx63137,CHAMPINE,clean,,,100800,5.34,1.174,0.0234,PDFX63B,12.41,,FX63-137,design
FX63-137B,FX63-137B,FX63-137,fx63137,CHAMPINE,clean,,,100800,6.36,1.277,0.0262,PDFX63B,12.41,,FX63-137,design
FX63-137B,FX63-137B,FX63-137,fx63137,CHAMPINE,clean,,,100800,7.39,1.373,0.0259,PDFX63B,12.41,,FX63-137,design
FX63-137B,FX63-137B,FX63-137,fx63137,CHAMPINE,clean,,,100800,8.4,1.459,0.0274,PDFX63B,12.41,,FX63-137,design
FX63-137B,FX63-137B,FX63-137,fx63137,CHAMPINE,clean,,,100800,9.42,1.532,0.0291,PDFX63B,12.41,,FX63-137,design
FX63-137B,FX63-137B,FX63-137,fx63137,CHAMPINE,clean,,,100800,10.42,1.56,0.0353,PDFX63B,12.41,,FX63-137,design
FX63-137B,FX63-137B,FX63-137,fx63137,CHAMPINE,clean,,,100800,11.44,1.597,0.0522,PDFX63B,12.41,,FX63-137,design
FX63-137B,FX63-137B,FX63-137,fx63137,CHAMPINE,clean,,,155600,-6.93,-0.092,0.0463,PDFX63B,12.41,,FX63-137,design
FX63-137B,FX63-137B,FX63-137,fx63137,CHAMPINE,clean,,,155600,-5.9,0.056,0.0233,PDFX63B,12.41,,FX63-137,design
FX63-137B,FX63-137B,FX63-137,fx63137,CHAMPINE,clean,,,155600,-4.89,0.164,0.0196,PDFX63B,12.41,,FX63-137,design
FX63-137B,FX63-137B,FX63-137,fx63137,CHAMPINE,clean,,,155600,-3.86,0.273,0.0175,PDFX63B,12.41,,FX63-137,design
FX63-137B,FX63-137B,FX63-137,fx63137,CHAMPINE,clean,,,155600,-2.83,0.39,0.0162,PDFX63B,12.41,,FX63-137,design
FX63-137B,FX63-137B,FX63-137,fx63137,CHAMPINE,clean,,,155600,-1.81,0.499,0.0157,PDFX63B,12.41,,FX63-137,design
FX63-137B,FX63-137B,FX63-137,fx63137,CHAMPINE,clean,,,155600,-0.79,0.604,0.0166,PDFX63B,12.41,,FX63-137,design
FX63-137B,FX63-137B,FX63-137,fx63137,CHAMPINE,clean,,,155600,0.25,0.707,0.0172,PDFX63B,12.41,,FX63-137,design
FX63-137B,FX63-137B,FX63-137,fx63137,CHAMPINE,clean,,,155600,1.26,0.811,0.0182,PDFX63B,12.41,,FX63-137,design
FX63-137B,FX63-137B,FX63-137,fx63137,CHAMPINE,clean,,,155600,2.29,0.912,0.0184,PDFX63B,12.41,,FX63-137,design
FX63-137B,FX63-137B,FX63-137,fx63137,CHAMPINE,clean,,,155600,3.3,1.008,0.0186,PDFX63B,12.41,,FX63-137,design
FX63-137B,FX63-137B,FX63-137,fx63137,CHAMPINE,clean,,,155600,4.32,1.1,0.0183,PDFX63B,12.41,,FX63-137,design
FX63-137B,FX63-137B,FX63-137,fx63137,CHAMPINE,clean,,,155600,5.35,1.196,0.0193,PDFX63B,12.41,,FX63-137,design
FX63-137B,FX63-137B,FX63-137,fx63137,CHAMPINE,clean,,,155600,6.36,1.29,0.0202,PDFX63B,12.41,,FX63-137,design
FX63-137B,FX63-137B,FX63-137,fx63137,CHAMPINE,clean,,,155600,7.38,1.379,0.0219,PDFX63B,12.41,,FX63-137,design
FX63-137B,FX63-137B,FX63-137,fx63137,CHAMPINE,clean,,,155600,8.4,1.462,0.0235,PDFX63B,12.41,,FX63-137,design
FX63-137B,FX63-137B,FX63-137,fx63137,CHAMPINE,clean,,,155600,9.42,1.532,0.0249,PDFX63B,12.41,,FX63-137,design
FX63-137B,FX63-137B,FX63-137,fx63137,CHAMPINE,clean,,,155600,10.42,1.587,0.0275,PDFX63B,12.41,,FX63-137,design
FX63-137B,FX63-137B,FX63-137,fx63137,CHAMPINE,clean,,,155600,11.43,1.615,0.0326,PDFX63B,12.41,,FX63-137,design
FX63-137B,FX63-137B,FX63-137,fx63137,CHAMPINE,clean,,,200700,-5.9,0.083,0.0186,PDFX63B,12.41,,FX63-137,design
FX63-137B,FX63-137B,FX63-137,fx63137,CHAMPINE,clean,,,200700,-4.88,0.186,0.016,PDFX63B,12.41,,FX63-137,design
FX63-137B,FX63-137B,FX63-137,fx63137,CHAMPINE,clean,,,200700,-3.86,0.291,0.0148,PDFX63B,12.41,,FX63-137,design
FX63-137B,FX63-137B,FX63-137,fx63137,CHAMPINE,clean,,,200700,-2.85,0.399,0.0143,PDFX63B,12.41,,FX63-137,design
FX63-137B,FX63-137B,FX63-137,fx63137,CHAMPINE,clean,,,200700,-1.79,0.52,0.014,PDFX63B,12.41,,FX63-137,design
FX63-137B,FX63-137B,FX63-137,fx63137,CHAMPINE,clean,,,200700,-0.79,0.626,0.0147,PDFX63B,12.41,,FX63-137,design
FX63-137B,FX63-137B,FX63-137,fx63137,CHAMPINE,clean,,,200700,0.25,0.733,0.015,PDFX63B,12.41,,FX63-137,design
FX63-137B,FX63-137B,FX63-137,fx63137,CHAMPINE,clean,,,200700,1.28,0.842,0.0158,PDFX63B,12.41,,FX63-137,design
FX63-137B,FX63-137B,FX63-137,fx63137,CHAMPINE,clean,,,200700,2.3,0.946,0.0158,PDFX63B,12.41,,FX63-137,design
FX63-137B,FX63-137B,FX63-137,fx63137,CHAMPINE,clean,,,200700,3.3,1.046,0.0161,PDFX63B,12.41,,FX63-137,design
FX63-137B,FX63-137B,FX63-137,fx63137,CHAMPINE,clean,,,200700,4.33,1.14,0.0164,PDFX63B,12.41,,FX63-137,design
FX63-137B,FX63-137B,FX63-137,fx63137,CHAMPINE,clean,,,200700,5.35,1.229,0.0164,PDFX63B,12.41,,FX63-137,design
FX63-137B,FX63-137B,FX63-137,fx63137,CHAMPINE,clean,,,200700,6.36,1.32,0.0183,PDFX63B,12.41,,FX63-137,design
FX63-137B,FX63-137B,FX63-137,fx63137,CHAMPINE,clean,,,200700,7.38,1.407,0.0199,PDFX63B,12.41,,FX63-137,design
FX63-137B,FX63-137B,FX63-137,fx63137,CHAMPINE,clean,,,200700,8.42,1.486,0.0215,PDFX63B,12.41,,FX63-137,design
FX63-137B,FX63-137B,FX63-137,fx63137,CHAMPINE,clean,,,200700,9.43,1.551,0.0247,PDFX63B,12.41,,FX63-137,design
FX63-137B,FX63-137B,FX63-137,fx63137,CHAMPINE,clean,,,200700,10.44,1.597,0.0272,PDFX63B,12.41,,FX63-137,design
FX63-137B,FX63-137B,FX63-137,fx63137,CHAMPINE,clean,,,200700,11.44,1.613,0.0364,PDFX63B,12.41,,FX63-137,design
FX63-137B,FX63-137B,FX63-137,fx63137,CHAMPINE,clean,,,200700,12.44,1.616,0.0504,PDFX63B,12.41,,FX63-137,design
FX63-137B,FX63-137B,FX63-137,fx63137,CHAMPINE,clean,,,200700,13.44,1.623,0.0519,PDFX63B,12.41,,FX63-137,design
FX63-137B,FX63-137B,FX63-137,fx63137,CHAMPINE,clean,,,308600,-6.94,-0.049,0.0329,PDFX63B,12.41,,FX63-137,design
FX63-137B,FX63-137B,FX63-137,fx63137,CHAMPINE,clean,,,308600,-5.92,0.08,0.016,PDFX63B,12.41,,FX63-137,design
FX63-137B,FX63-137B,FX63-137,fx63137,CHAMPINE,clean,,,308600,-4.89,0.19,0.0137,PDFX63B,12.41,,FX63-137,design
FX63-137B,FX63-137B,FX63-137,fx63137,CHAMPINE,clean,,,308600,-3.84,0.304,0.0124,PDFX63B,12.41,,FX63-137,design
FX63-137B,FX63-137B,FX63-137,fx63137,CHAMPINE,clean,,,308600,-2.83,0.42,0.0118,PDFX63B,12.41,,FX63-137,design
FX63-137B,FX63-137B,FX63-137,fx63137,CHAMPINE,clean,,,308600,-1.79,0.538,0.0119,PDFX63B,12.41,,FX63-137,design
FX63-137B,FX63-137B,FX63-137,fx63137,CHAMPINE,clean,,,308600,-0.79,0.647,0.012,PDFX63B,12.41,,FX63-137,design
FX63-137B,FX63-137B,FX63-137,fx63137,CHAMPINE,clean,,,308600,0.24,0.754,0.0122,PDFX63B,12.41,,FX63-137,design
FX63-137B,FX63-137B,FX63-137,fx63137,CHAMPINE,clean,,,308600,1.28,0.862,0.0129,PDFX63B,12.41,,FX63-137,design
FX63-137B,FX63-137B,FX63-137,fx63137,CHAMPINE,clean,,,308600,2.28,0.964,0.013,PDFX63B,12.41,,FX63-137,design
FX63-137B,FX63-137B,FX63-137,fx63137,CHAMPINE,clean,,,308600,3.31,1.062,0.0134,PDFX63B,12.41,,FX63-137,design
FX63-137B,FX63-137B,FX63-137,fx63137,CHAMPINE,clean,,,308600,4.33,1.156,0.0139,PDFX63B,12.41,,FX63-137,design
FX63-137B,FX63-137B,FX63-137,fx63137,CHAMPINE,clean,,,308600,5.36,1.247,0.0146,PDFX63B,12.41,,FX63-137,design
FX63-137B,FX63-137B,FX63-137,fx63137,CHAMPINE,clean,,,308600,6.37,1.333,0.0148,PDFX63B,12.41,,FX63-137,design
FX63-137B,FX63-137B,FX63-137,fx63137,CHAMPINE,clean,,,308600,7.39,1.411,0.0162,PDFX63B,12.41,,FX63-137,design
FX63-137B,FX63-137B,FX63-137,fx63137,CHAMPINE,clean,,,308600,8.42,1.491,0.0185,PDFX63B,12.41,,FX63-137,design
FX63-137B,FX63-137B,FX63-137,fx63137,CHAMPINE,clean,,,308600,9.42,1.539,0.021,PDFX63B,12.41,,FX63-137,design
FX63-137B,FX63-137B,FX63-137,fx63137,CHAMPINE,clean,,,308600,10.43,1.575,0.026,PDFX63B,12.41,,FX63-137,design
FX63-137B,FX63-137B,FX63-137,fx63137,CHAMPINE,clean,,,308600,11.43,1.589,0.0313,PDFX63B,12.41,,FX63-137,design
FX63-137B,FX63-137B,FX63-137,fx63137,CHAMPINE,clean,,,308600,12.43,1.592,0.0443,PDFX63B,12.41,,FX63-137,design
HQ2/9A,HQ2/9A,HQ2/9,hq209,WAGNER/OLSEN,clean,,,62000,-2.95,-0.189,0.0155,PDHQ,12.42,HQ2/9A,,measured
HQ2/9A,HQ2/9A,HQ2/9,hq209,WAGNER/OLSEN,clean,,,62000,-1.94,-0.119,0.0143,PDHQ,12.42,HQ2/9A,,measured
HQ2/9A,HQ2/9A,HQ2/9,hq209,WAGNER/OLSEN,clean,,,62000,-0.92,-0.042,0.0141,PDHQ,12.42,HQ2/9A,,measured
HQ2/9A,HQ2/9A,HQ2/9,hq209,WAGNER/OLSEN,clean,,,62000,0.1,0.08,0.0154,PDHQ,12.42,HQ2/9A,,measured
HQ2/9A,HQ2/9A,HQ2/9,hq209,WAGNER/OLSEN,clean,,,62000,1.13,0.207,0.0175,PDHQ,12.42,HQ2/9A,,measured
HQ2/9A,HQ2/9A,HQ2/9,hq209,WAGNER/OLSEN,clean,,,62000,2.17,0.379,0.0212,PDHQ,12.42,HQ2/9A,,measured
HQ2/9A,HQ2/9A,HQ2/9,hq209,WAGNER/OLSEN,clean,,,62000,3.2,0.53,0.019,PDHQ,12.42,HQ2/9A,,measured
HQ2/9A,HQ2/9A,HQ2/9,hq209,WAGNER/OLSEN,clean,,,62000,4.22,0.609,0.0188,PDHQ,12.42,HQ2/9A,,measured
HQ2/9A,HQ2/9A,HQ2/9,hq209,WAGNER/OLSEN,clean,,,62000,5.24,0.675,0.022,PDHQ,12.42,HQ2/9A,,measured
HQ2/9A,HQ2/9A,HQ2/9,hq209,WAGNER/OLSEN,clean,,,62000,6.26,0.769,0.0281,PDHQ,12.42,HQ2/9A,,measured
HQ2/9A,HQ2/9A,HQ2/9,hq209,WAGNER/OLSEN,clean,,,62000,7.28,0.833,0.0238,PDHQ,12.42,HQ2/9A,,measured
HQ2/9A,HQ2/9A,HQ2/9,hq209,WAGNER/OLSEN,clean,,,62000,8.28,0.887,0.032,PDHQ,12.42,HQ2/9A,,measured
HQ2/9A,HQ2/9A,HQ2/9,hq209,WAGNER/OLSEN,clean,,,62000,9.3,0.936,0.0476,PDHQ,12.42,HQ2/9A,,measured
HQ2/9A,HQ2/9A,HQ2/9,hq209,WAGNER/OLSEN,clean,,,98300,-3.96,-0.219,0.0204,PDHQ,12.42,HQ2/9A,,measured
HQ2/9A,HQ2/9A,HQ2/9,hq209,WAGNER/OLSEN,clean,,,98300,-2.94,-0.139,0.0172,PDHQ,12.42,HQ2/9A,,measured
HQ2/9A,HQ2/9A,HQ2/9,hq209,WAGNER/OLSEN,clean,,,98300,-1.92,-0.051,0.0122,PDHQ,12.42,HQ2/9A,,measured
HQ2/9A,HQ2/9A,HQ2/9,hq209,WAGNER/OLSEN,clean,,,98300,-0.91,0.037,0.0116,PDHQ,12.42,HQ2/9A,,measured
HQ2/9A,HQ2/9A,HQ2/9,hq209,WAGNER/OLSEN,clean,,,98300,0.14,0.165,0.014,PDHQ,12.42,HQ2/9A,,measured
HQ2/9A,HQ2/9A,HQ2/9,hq209,WAGNER/OLSEN,clean,,,98300,1.16,0.321,0.0152,PDHQ,12.42,HQ2/9A,,measured
HQ2/9A,HQ2/9A,HQ2/9,hq209,WAGNER/OLSEN,clean,,,98300,2.19,0.464,0.0144,PDHQ,12.42,HQ2/9A,,measured
HQ2/9A,HQ2/9A,HQ2/9,hq209,WAGNER/OLSEN,clean,,,98300,3.2,0.556,0.0144,PDHQ,12.42,HQ2/9A,,measured
HQ2/9A,HQ2/9A,HQ2/9,hq209,WAGNER/OLSEN,clean,,,98300,4.23,0.649,0.0149,PDHQ,12.42,HQ2/9A,,measured
HQ2/9A,HQ2/9A,HQ2/9,hq209,WAGNER/OLSEN,clean,,,98300,5.25,0.735,0.0153,PDHQ,12.42,HQ2/9A,,measured
HQ2/9A,HQ2/9A,HQ2/9,hq209,WAGNER/OLSEN,clean,,,98300,6.26,0.815,0.0183,PDHQ,12.42,HQ2/9A,,measured
HQ2/9A,HQ2/9A,HQ2/9,hq209,WAGNER/OLSEN,clean,,,98300,7.28,0.878,0.0225,PDHQ,12.42,HQ2/9A,,measured
HQ2/9A,HQ2/9A,HQ2/9,hq209,WAGNER/OLSEN,clean,,,98300,8.29,0.934,0.0282,PDHQ,12.42,HQ2/9A,,measured
HQ2/9A,HQ2/9A,HQ2/9,hq209,WAGNER/OLSEN,clean,,,98300,9.3,0.982,0.0359,PDHQ,12.42,HQ2/9A,,measured
HQ2/9A,HQ2/9A,HQ2/9,hq209,WAGNER/OLSEN,clean,,,98300,10.31,1.008,0.05,PDHQ,12.42,HQ2/9A,,measured
HQ2/9A,HQ2/9A,HQ2/9,hq209,WAGNER/OLSEN,clean,,,98300,11.31,0.979,0.1163,PDHQ,12.42,HQ2/9A,,measured
HQ2/9A,HQ2/9A,HQ2/9,hq209,WAGNER/OLSEN,clean,,,149000,-3.96,-0.213,0.017,PDHQ,12.42,HQ2/9A,,measured
HQ2/9A,HQ2/9A,HQ2/9,hq209,WAGNER/OLSEN,clean,,,149000,-2.94,-0.123,0.0148,PDHQ,12.42,HQ2/9A,,measured
HQ2/9A,HQ2/9A,HQ2/9,hq209,WAGNER/OLSEN,clean,,,149000,-1.92,-0.017,0.0128,PDHQ,12.42,HQ2/9A,,measured
HQ2/9A,HQ2/9A,HQ2/9,hq209,WAGNER/OLSEN,clean,,,149000,-0.88,0.121,0.0113,PDHQ,12.42,HQ2/9A,,measured
HQ2/9A,HQ2/9A,HQ2/9,hq209,WAGNER/OLSEN,clean,,,149000,0.14,0.251,0.0106,PDHQ,12.42,HQ2/9A,,measured
HQ2/9A,HQ2/9A,HQ2/9,hq209,WAGNER/OLSEN,clean,,,149000,1.18,0.366,0.0113,PDHQ,12.42,HQ2/9A,,measured
HQ2/9A,HQ2/9A,HQ2/9,hq209,WAGNER/OLSEN,clean,,,149000,2.2,0.459,0.0107,PDHQ,12.42,HQ2/9A,,measured
HQ2/9A,HQ2/9A,HQ2/9,hq209,WAGNER/OLSEN,clean,,,149000,3.21,0.558,0.011,PDHQ,12.42,HQ2/9A,,measured
HQ2/9A,HQ2/9A,HQ2/9,hq209,WAGNER/OLSEN,clean,,,149000,4.23,0.652,0.0117,PDHQ,12.42,HQ2/9A,,measured
HQ2/9A,HQ2/9A,HQ2/9,hq209,WAGNER/OLSEN,clean,,,149000,5.26,0.738,0.0131,PDHQ,12.42,HQ2/9A,,measured
HQ2/9A,HQ2/9A,HQ2/9,hq209,WAGNER/OLSEN,clean,,,149000,6.27,0.815,0.0162,PDHQ,12.42,HQ2/9A,,measured
HQ2/9A,HQ2/9A,HQ2/9,hq209,WAGNER/OLSEN,clean,,,149000,7.28,0.89,0.0208,PDHQ,12.42,HQ2/9A,,measured
HQ2/9A,HQ2/9A,HQ2/9,hq209,WAGNER/OLSEN,clean,,,149000,8.3,0.955,0.0241,PDHQ,12.42,HQ2/9A,,measured
HQ2/9A,HQ2/9A,HQ2/9,hq209,WAGNER/OLSEN,clean,,,149000,9.31,1.004,0.0323,PDHQ,12.42,HQ2/9A,,measured
HQ2/9A,HQ2/9A,HQ2/9,hq209,WAGNER/OLSEN,clean,,,149000,10.32,1.037,0.0395,PDHQ,12.42,HQ2/9A,,measured
HQ2/9A,HQ2/9A,HQ2/9,hq209,WAGNER/OLSEN,clean,,,208700,-3.96,-0.222,0.0155,PDHQ,12.42,HQ2/9A,,measured
HQ2/9A,HQ2/9A,HQ2/9,hq209,WAGNER/OLSEN,clean,,,208700,-2.93,-0.106,0.0134,PDHQ,12.42,HQ2/9A,,measured
HQ2/9A,HQ2/9A,HQ2/9,hq209,WAGNER/OLSEN,clean,,,208700,-1.9,0.031,0.0108,PDHQ,12.42,HQ2/9A,,measured
HQ2/9A,HQ2/9A,HQ2/9,hq209,WAGNER/OLSEN,clean,,,208700,-0.88,0.158,0.0091,PDHQ,12.42,HQ2/9A,,measured
HQ2/9A,HQ2/9A,HQ2/9,hq209,WAGNER/OLSEN,clean,,,208700,0.15,0.25,0.0088,PDHQ,12.42,HQ2/9A,,measured
HQ2/9A,HQ2/9A,HQ2/9,hq209,WAGNER/OLSEN,clean,,,208700,1.17,0.347,0.0083,PDHQ,12.42,HQ2/9A,,measured
HQ2/9A,HQ2/9A,HQ2/9,hq209,WAGNER/OLSEN,clean,,,208700,2.19,0.452,0.0086,PDHQ,12.42,HQ2/9A,,measured
HQ2/9A,HQ2/9A,HQ2/9,hq209,WAGNER/OLSEN,clean,,,208700,3.21,0.553,0.0092,PDHQ,12.42,HQ2/9A,,measured
HQ2/9A,HQ2/9A,HQ2/9,hq209,WAGNER/OLSEN,clean,,,208700,4.23,0.646,0.0104,PDHQ,12.42,HQ2/9A,,measured
HQ2/9A,HQ2/9A,HQ2/9,hq209,WAGNER/OLSEN,clean,,,208700,5.25,0.737,0.0124,PDHQ,12.42,HQ2/9A,,measured
HQ2/9A,HQ2/9A,HQ2/9,hq209,WAGNER/OLSEN,clean,,,208700,6.27,0.819,0.015,PDHQ,12.42,HQ2/9A,,measured
HQ2/9A,HQ2/9A,HQ2/9,hq209,WAGNER/OLSEN,clean,,,208700,7.3,0.898,0.0184,PDHQ,12.42,HQ2/9A,,measured
HQ2/9A,HQ2/9A,HQ2/9,hq209,WAGNER/OLSEN,clean,,,208700,8.3,0.965,0.0221,PDHQ,12.42,HQ2/9A,,measured
HQ2/9A,HQ2/9A,HQ2/9,hq209,WAGNER/OLSEN,clean,,,208700,9.32,1.015,0.0281,PDHQ,12.42,HQ2/9A,,measured
HQ2/9A,HQ2/9A,HQ2/9,hq209,WAGNER/OLSEN,clean,,,208700,10.32,1.046,0.0371,PDHQ,12.42,HQ2/9A,,measured
HQ2/9A,HQ2/9A,HQ2/9,hq209,WAGNER/OLSEN,clean,,,208700,11.31,1.029,0.0967,PDHQ,12.42,HQ2/9A,,measured
HQ2/9A,HQ2/9A,HQ2/9,hq209,WAGNER/OLSEN,clean,,,303400,-3.96,-0.177,0.0137,PDHQ,12.42,HQ2/9A,,measured
HQ2/9A,HQ2/9A,HQ2/9,hq209,WAGNER/OLSEN,clean,,,303400,-2.94,-0.049,0.0109,PDHQ,12.42,HQ2/9A,,measured
HQ2/9A,HQ2/9A,HQ2/9,hq209,WAGNER/OLSEN,clean,,,303400,-1.91,0.061,0.0084,PDHQ,12.42,HQ2/9A,,measured
HQ2/9A,HQ2/9A,HQ2/9,hq209,WAGNER/OLSEN,clean,,,303400,-0.88,0.154,0.0072,PDHQ,12.42,HQ2/9A,,measured
HQ2/9A,HQ2/9A,HQ2/9,hq209,WAGNER/OLSEN,clean,,,303400,0.14,0.25,0.0075,PDHQ,12.42,HQ2/9A,,measured
HQ2/9A,HQ2/9A,HQ2/9,hq209,WAGNER/OLSEN,clean,,,303400,1.18,0.348,0.0072,PDHQ,12.42,HQ2/9A,,measured
HQ2/9A,HQ2/9A,HQ2/9,hq209,WAGNER/OLSEN,clean,,,303400,2.19,0.457,0.0075,PDHQ,12.42,HQ2/9A,,measured
HQ2/9A,HQ2/9A,HQ2/9,hq209,WAGNER/OLSEN,clean,,,303400,3.21,0.564,0.0084,PDHQ,12.42,HQ2/9A,,measured
HQ2/9A,HQ2/9A,HQ2/9,hq209,WAGNER/OLSEN,clean,,,303400,4.24,0.657,0.0101,PDHQ,12.42,HQ2/9A,,measured
HQ2/9A,HQ2/9A,HQ2/9,hq209,WAGNER/OLSEN,clean,,,303400,5.25,0.742,0.0125,PDHQ,12.42,HQ2/9A,,measured
HQ2/9A,HQ2/9A,HQ2/9,hq209,WAGNER/OLSEN,clean,,,303400,6.27,0.826,0.0145,PDHQ,12.42,HQ2/9A,,measured
HQ2/9A,HQ2/9A,HQ2/9,hq209,WAGNER/OLSEN,clean,,,303400,7.28,0.907,0.0171,PDHQ,12.42,HQ2/9A,,measured
HQ2/9A,HQ2/9A,HQ2/9,hq209,WAGNER/OLSEN,clean,,,303400,8.31,0.981,0.0203,PDHQ,12.42,HQ2/9A,,measured
HQ2/9A,HQ2/9A,HQ2/9,hq209,WAGNER/OLSEN,clean,,,303400,9.31,1.038,0.0249,PDHQ,12.42,HQ2/9A,,measured
HQ2/9A,HQ2/9A,HQ2/9,hq209,WAGNER/OLSEN,clean,,,303400,10.33,1.076,0.0324,PDHQ,12.42,HQ2/9A,,measured
HQ2/9A,HQ2/9A,HQ2/9,hq209,WAGNER/OLSEN,clean,,,303400,11.32,1.079,0.0437,PDHQ,12.42,HQ2/9A,,measured
HQ2/9B,HQ2/9B,HQ2/9,hq209,WAGNER/OLSEN,clean,,,60800,-2.94,-0.146,0.0197,PDHQB,12.47,HQ2/9B,,measured
HQ2/9B,HQ2/9B,HQ2/9,hq209,WAGNER/OLSEN,clean,,,60800,-1.43,-0.026,0.0156,PDHQB,12.47,HQ2/9B,,measured
HQ2/9B,HQ2/9B,HQ2/9,hq209,WAGNER/OLSEN,clean,,,60800,0.1,0.116,0.0155,PDHQB,12.47,HQ2/9B,,measured
HQ2/9B,HQ2/9B,HQ2/9,hq209,WAGNER/OLSEN,clean,,,60800,1.65,0.329,0.0179,PDHQB,12.47,HQ2/9B,,measured
HQ2/9B,HQ2/9B,HQ2/9,hq209,WAGNER/OLSEN,clean,,,60800,3.19,0.539,0.0195,PDHQB,12.47,HQ2/9B,,measured
HQ2/9B,HQ2/9B,HQ2/9,hq209,WAGNER/OLSEN,clean,,,60800,4.74,0.663,0.0188,PDHQB,12.47,HQ2/9B,,measured
HQ2/9B,HQ2/9B,HQ2/9,hq209,WAGNER/OLSEN,clean,,,60800,6.26,0.781,0.0228,PDHQB,12.47,HQ2/9B,,measured
HQ2/9B,HQ2/9B,HQ2/9,hq209,WAGNER/OLSEN,clean,,,60800,7.77,0.863,0.0282,PDHQB,12.47,HQ2/9B,,measured
HQ2/9B,HQ2/9B,HQ2/9,hq209,WAGNER/OLSEN,clean,,,60800,9.3,0.928,0.0422,PDHQB,12.47,HQ2/9B,,measured
HQ2/9B,HQ2/9B,HQ2/9,hq209,WAGNER/OLSEN,clean,,,60800,10.8,0.962,0.0751,PDHQB,12.47,HQ2/9B,,measured
HQ2/9B,HQ2/9B,HQ2/9,hq209,WAGNER/OLSEN,clean,,,100100,-2.94,-0.143,0.0189,PDHQB,12.47,HQ2/9B,,measured
HQ2/9B,HQ2/9B,HQ2/9,hq209,WAGNER/OLSEN,clean,,,100100,-1.42,-0.014,0.0134,PDHQB,12.47,HQ2/9B,,measured
HQ2/9B,HQ2/9B,HQ2/9,hq209,WAGNER/OLSEN,clean,,,100100,0.13,0.149,0.015,PDHQB,12.47,HQ2/9B,,measured
HQ2/9B,HQ2/9B,HQ2/9,hq209,WAGNER/OLSEN,clean,,,100100,1.66,0.382,0.0161,PDHQB,12.47,HQ2/9B,,measured
HQ2/9B,HQ2/9B,HQ2/9,hq209,WAGNER/OLSEN,clean,,,100100,3.2,0.559,0.0149,PDHQB,12.47,HQ2/9B,,measured
HQ2/9B,HQ2/9B,HQ2/9,hq209,WAGNER/OLSEN,clean,,,100100,4.75,0.69,0.0148,PDHQB,12.47,HQ2/9B,,measured
HQ2/9B,HQ2/9B,HQ2/9,hq209,WAGNER/OLSEN,clean,,,100100,6.26,0.825,0.016,PDHQB,12.47,HQ2/9B,,measured
HQ2/9B,HQ2/9B,HQ2/9,hq209,WAGNER/OLSEN,clean,,,100100,7.77,0.904,0.0249,PDHQB,12.47,HQ2/9B,,measured
HQ2/9B,HQ2/9B,HQ2/9,hq209,WAGNER/OLSEN,clean,,,100100,9.31,0.98,0.0386,PDHQB,12.47,HQ2/9B,,measured
HQ2/9B,HQ2/9B,HQ2/9,hq209,WAGNER/OLSEN,clean,,,100100,10.79,0.999,0.0707,PDHQB,12.47,HQ2/9B,,measured
HQ2/9B,HQ2/9B,HQ2/9,hq209,WAGNER/OLSEN,clean,,,100100,12.3,0.935,0.1433,PDHQB,12.47,HQ2/9B,,measured
HQ2/9B,HQ2/9B,HQ2/9,hq209,WAGNER/OLSEN,clean,,,100100,13.77,0.849,0.1783,PDHQB,12.47,HQ2/9B,,measured
HQ2/9B,HQ2/9B,HQ2/9,hq209,WAGNER/OLSEN,clean,,,152000,-2.94,-0.149,0.0151,PDHQB,12.47,HQ2/9B,,measured
HQ2/9B,HQ2/9B,HQ2/9,hq209,WAGNER/OLSEN,clean,,,152000,-1.39,0.025,0.0124,PDHQB,12.47,HQ2/9B,,measured
HQ2/9B,HQ2/9B,HQ2/9,hq209,WAGNER/OLSEN,clean,,,152000,0.12,0.231,0.0103,PDHQB,12.47,HQ2/9B,,measured
HQ2/9B,HQ2/9B,HQ2/9,hq209,WAGNER/OLSEN,clean,,,152000,1.67,0.393,0.0107,PDHQB,12.47,HQ2/9B,,measured
HQ2/9B,HQ2/9B,HQ2/9,hq209,WAGNER/OLSEN,clean,,,152000,3.2,0.538,0.0116,PDHQB,12.47,HQ2/9B,,measured
HQ2/9B,HQ2/9B,HQ2/9,hq209,WAGNER/OLSEN,clean,,,152000,4.73,0.68,0.0116,PDHQB,12.47,HQ2/9B,,measured
HQ2/9B,HQ2/9B,HQ2/9,hq209,WAGNER/OLSEN,clean,,,152000,6.26,0.802,0.0153,PDHQB,12.47,HQ2/9B,,measured
HQ2/9B,HQ2/9B,HQ2/9,hq209,WAGNER/OLSEN,clean,,,152000,7.78,0.902,0.0214,PDHQB,12.47,HQ2/9B,,measured
HQ2/9B,HQ2/9B,HQ2/9,hq209,WAGNER/OLSEN,clean,,,152000,9.29,0.973,0.0314,PDHQB,12.47,HQ2/9B,,measured
HQ2/9B,HQ2/9B,HQ2/9,hq209,WAGNER/OLSEN,clean,,,152000,10.8,1.02,0.0508,PDHQB,12.47,HQ2/9B,,measured
HQ2/9B,HQ2/9B,HQ2/9,hq209,WAGNER/OLSEN,clean,,,152000,12.3,0.979,0.1425,PDHQB,12.47,HQ2/9B,,measured
HQ2/9B,HQ2/9B,HQ2/9,hq209,WAGNER/OLSEN,clean,,,152000,13.76,0.888,0.209,PDHQB,12.47,HQ2/9B,,measured
HQ2/9B,HQ2/9B,HQ2/9,hq209,WAGNER/OLSEN,clean,,,202400,-3.97,-0.218,0.0158,PDHQB,12.47,HQ2/9B,,measured
HQ2/9B,HQ2/9B,HQ2/9,hq209,WAGNER/OLSEN,clean,,,202400,-2.46,-0.051,0.0128,PDHQB,12.47,HQ2/9B,,measured
HQ2/9B,HQ2/9B,HQ2/9,hq209,WAGNER/OLSEN,clean,,,202400,-0.9,0.151,0.0102,PDHQB,12.47,HQ2/9B,,measured
HQ2/9B,HQ2/9B,HQ2/9,hq209,WAGNER/OLSEN,clean,,,202400,0.63,0.295,0.0086,PDHQB,12.47,HQ2/9B,,measured
HQ2/9B,HQ2/9B,HQ2/9,hq209,WAGNER/OLSEN,clean,,,202400,2.18,0.452,0.0092,PDHQB,12.47,HQ2/9B,,measured
HQ2/9B,HQ2/9B,HQ2/9,hq209,WAGNER/OLSEN,clean,,,202400,3.71,0.603,0.0097,PDHQB,12.47,HQ2/9B,,measured
HQ2/9B,HQ2/9B,HQ2/9,hq209,WAGNER/OLSEN,clean,,,202400,5.25,0.739,0.0119,PDHQB,12.47,HQ2/9B,,measured
HQ2/9B,HQ2/9B,HQ2/9,hq209,WAGNER/OLSEN,clean,,,202400,6.75,0.855,0.0166,PDHQB,12.47,HQ2/9B,,measured
HQ2/9B,HQ2/9B,HQ2/9,hq209,WAGNER/OLSEN,clean,,,202400,8.29,0.95,0.0242,PDHQB,12.47,HQ2/9B,,measured
HQ2/9B,HQ2/9B,HQ2/9,hq209,WAGNER/OLSEN,clean,,,202400,9.79,1.014,0.035,PDHQB,12.47,HQ2/9B,,measured
HQ2/9B,HQ2/9B,HQ2/9,hq209,WAGNER/OLSEN,clean,,,303500,-4.01,-0.201,0.0132,PDHQB,12.47,HQ2/9B,,measured
HQ2/9B,HQ2/9B,HQ2/9,hq209,WAGNER/OLSEN,clean,,,303500,-2.49,-0.012,0.0102,PDHQB,12.47,HQ2/9B,,measured
HQ2/9B,HQ2/9B,HQ2/9,hq209,WAGNER/OLSEN,clean,,,303500,-0.95,0.142,0.0077,PDHQB,12.47,HQ2/9B,,measured
HQ2/9B,HQ2/9B,HQ2/9,hq209,WAGNER/OLSEN,clean,,,303500,0.62,0.287,0.0074,PDHQB,12.47,HQ2/9B,,measured
HQ2/9B,HQ2/9B,HQ2/9,hq209,WAGNER/OLSEN,clean,,,303500,2.15,0.445,0.0075,PDHQB,12.47,HQ2/9B,,measured
HQ2/9B,HQ2/9B,HQ2/9,hq209,WAGNER/OLSEN,clean,,,303500,3.7,0.604,0.0086,PDHQB,12.47,HQ2/9B,,measured
HQ2/9B,HQ2/9B,HQ2/9,hq209,WAGNER/OLSEN,clean,,,303500,5.22,0.739,0.0117,PDHQB,12.47,HQ2/9B,,measured
HQ2/9B,HQ2/9B,HQ2/9,hq209,WAGNER/OLSEN,clean,,,303500,6.76,0.864,0.0155,PDHQB,12.47,HQ2/9B,,measured
HQ2/9B,HQ2/9B,HQ2/9,hq209,WAGNER/OLSEN,clean,,,303500,8.3,0.968,0.0218,PDHQB,12.47,HQ2/9B,,measured
HQ2/9B,HQ2/9B,HQ2/9,hq209,WAGNER/OLSEN,clean,,,303500,9.81,1.037,0.0307,PDHQB,12.47,HQ2/9B,,measured
HQ2/9B,HQ2/9B,HQ2/9,hq209,WAGNER/OLSEN,clean,,,303500,11.31,1.053,0.0736,PDHQB,12.47,HQ2/9B,,measured
HQ2/9B,HQ2/9B,HQ2/9,hq209,WAGNER/OLSEN,clean,,,303500,12.73,1.011,0.1481,PDHQB,12.47,HQ2/9B,,measured
"HQ2/9A UST .020, .125, 20%",HQ2/9A,HQ2/9,hq209,WAGNER/OLSEN,tripped,0.2,,98200,-3.95,-0.236,0.0205,PDHQUST2012520,12.43,HQ2/9A,,measured
"HQ2/9A UST .020, .125, 20%",HQ2/9A,HQ2/9,hq209,WAGNER/OLSEN,tripped,0.2,,98200,-2.95,-0.155,0.0166,PDHQUST2012520,12.43,HQ2/9A,,measured
"HQ2/9A UST .020, .125, 20%",HQ2/9A,HQ2/9,hq209,WAGNER/OLSEN,tripped,0.2,,98200,-1.93,-0.045,0.0131,PDHQUST2012520,12.43,HQ2/9A,,measured
"HQ2/9A UST .020, .125, 20%",HQ2/9A,HQ2/9,hq209,WAGNER/OLSEN,tripped,0.2,,98200,-0.88,0.084,0.0144,PDHQUST2012520,12.43,HQ2/9A,,measured
"HQ2/9A UST .020, .125, 20%",HQ2/9A,HQ2/9,hq209,WAGNER/OLSEN,tripped,0.2,,98200,0.14,0.226,0.0136,PDHQUST2012520,12.43,HQ2/9A,,measured
"HQ2/9A UST .020, .125, 20%",HQ2/9A,HQ2/9,hq209,WAGNER/OLSEN,tripped,0.2,,98200,1.15,0.338,0.0133,PDHQUST2012520,12.43,HQ2/9A,,measured
"HQ2/9A UST .020, .125, 20%",HQ2/9A,HQ2/9,hq209,WAGNER/OLSEN,tripped,0.2,,98200,2.19,0.439,0.0134,PDHQUST2012520,12.43,HQ2/9A,,measured
"HQ2/9A UST .020, .125, 20%",HQ2/9A,HQ2/9,hq209,WAGNER/OLSEN,tripped,0.2,,98200,3.19,0.542,0.0139,PDHQUST2012520,12.43,HQ2/9A,,measured
"HQ2/9A UST .020, .125, 20%",HQ2/9A,HQ2/9,hq209,WAGNER/OLSEN,tripped,0.2,,98200,4.23,0.647,0.0156,PDHQUST2012520,12.43,HQ2/9A,,measured
"HQ2/9A UST .020, .125, 20%",HQ2/9A,HQ2/9,hq209,WAGNER/OLSEN,tripped,0.2,,98200,5.25,0.742,0.0154,PDHQUST2012520,12.43,HQ2/9A,,measured
"HQ2/9A UST .020, .125, 20%",HQ2/9A,HQ2/9,hq209,WAGNER/OLSEN,tripped,0.2,,98200,6.26,0.826,0.0192,PDHQUST2012520,12.43,HQ2/9A,,measured
"HQ2/9A UST .020, .125, 20%",HQ2/9A,HQ2/9,hq209,WAGNER/OLSEN,tripped,0.2,,98200,7.27,0.886,0.0243,PDHQUST2012520,12.43,HQ2/9A,,measured
"HQ2/9A UST .020, .125, 20%",HQ2/9A,HQ2/9,hq209,WAGNER/OLSEN,tripped,0.2,,98200,8.3,0.945,0.0307,PDHQUST2012520,12.43,HQ2/9A,,measured
"HQ2/9A UST .020, .125, 20%",HQ2/9A,HQ2/9,hq209,WAGNER/OLSEN,tripped,0.2,,98200,9.3,0.992,0.0386,PDHQUST2012520,12.43,HQ2/9A,,measured
"HQ2/9A UST .020, .125, 20%",HQ2/9A,HQ2/9,hq209,WAGNER/OLSEN,tripped,0.2,,98200,10.31,1.022,0.0532,PDHQUST2012520,12.43,HQ2/9A,,measured
"HQ2/9A UST .020, .125, 20%",HQ2/9A,HQ2/9,hq209,WAGNER/OLSEN,tripped,0.2,,98200,11.3,1.001,0.1139,PDHQUST2012520,12.43,HQ2/9A,,measured
"HQ2/9A UST .020, .125, 20%",HQ2/9A,HQ2/9,hq209,WAGNER/OLSEN,tripped,0.2,,151600,-3.97,-0.209,0.0163,PDHQUST2012520,12.43,HQ2/9A,,measured
"HQ2/9A UST .020, .125, 20%",HQ2/9A,HQ2/9,hq209,WAGNER/OLSEN,tripped,0.2,,151600,-2.94,-0.089,0.0139,PDHQUST2012520,12.43,HQ2/9A,,measured
"HQ2/9A UST .020, .125, 20%",HQ2/9A,HQ2/9,hq209,WAGNER/OLSEN,tripped,0.2,,151600,-1.93,0.029,0.0107,PDHQUST2012520,12.43,HQ2/9A,,measured
"HQ2/9A UST .020, .125, 20%",HQ2/9A,HQ2/9,hq209,WAGNER/OLSEN,tripped,0.2,,151600,-0.9,0.129,0.0101,PDHQUST2012520,12.43,HQ2/9A,,measured
"HQ2/9A UST .020, .125, 20%",HQ2/9A,HQ2/9,hq209,WAGNER/OLSEN,tripped,0.2,,151600,0.13,0.227,0.0092,PDHQUST2012520,12.43,HQ2/9A,,measured
"HQ2/9A UST .020, .125, 20%",HQ2/9A,HQ2/9,hq209,WAGNER/OLSEN,tripped,0.2,,151600,1.15,0.339,0.0098,PDHQUST2012520,12.43,HQ2/9A,,measured
"HQ2/9A UST .020, .125, 20%",HQ2/9A,HQ2/9,hq209,WAGNER/OLSEN,tripped,0.2,,151600,2.18,0.443,0.01,PDHQUST2012520,12.43,HQ2/9A,,measured
"HQ2/9A UST .020, .125, 20%",HQ2/9A,HQ2/9,hq209,WAGNER/OLSEN,tripped,0.2,,151600,3.21,0.544,0.0106,PDHQUST2012520,12.43,HQ2/9A,,measured
"HQ2/9A UST .020, .125, 20%",HQ2/9A,HQ2/9,hq209,WAGNER/OLSEN,tripped,0.2,,151600,4.22,0.642,0.0125,PDHQUST2012520,12.43,HQ2/9A,,measured
"HQ2/9A UST .020, .125, 20%",HQ2/9A,HQ2/9,hq209,WAGNER/OLSEN,tripped,0.2,,151600,5.24,0.734,0.0143,PDHQUST2012520,12.43,HQ2/9A,,measured
"HQ2/9A UST .020, .125, 20%",HQ2/9A,HQ2/9,hq209,WAGNER/OLSEN,tripped,0.2,,151600,6.26,0.821,0.0168,PDHQUST2012520,12.43,HQ2/9A,,measured
"HQ2/9A UST .020, .125, 20%",HQ2/9A,HQ2/9,hq209,WAGNER/OLSEN,tripped,0.2,,151600,7.29,0.893,0.0214,PDHQUST2012520,12.43,HQ2/9A,,measured
"HQ2/9A UST .020, .125, 20%",HQ2/9A,HQ2/9,hq209,WAGNER/OLSEN,tripped,0.2,,151600,8.31,0.959,0.0253,PDHQUST2012520,12.43,HQ2/9A,,measured
"HQ2/9A UST .020, .125, 20%",HQ2/9A,HQ2/9,hq209,WAGNER/OLSEN,tripped,0.2,,151600,9.31,1.01,0.0332,PDHQUST2012520,12.43,HQ2/9A,,measured
"HQ2/9A UST .020, .125, 20%",HQ2/9A,HQ2/9,hq209,WAGNER/OLSEN,tripped,0.2,,202100,-3.96,-0.171,0.015,PDHQUST2012520,12.43,HQ2/9A,,measured
"HQ2/9A UST .020, .125, 20%",HQ2/9A,HQ2/9,hq209,WAGNER/OLSEN,tripped,0.2,,202100,-2.94,-0.056,0.0125,PDHQUST2012520,12.43,HQ2/9A,,measured
"HQ2/9A UST .020, .125, 20%",HQ2/9A,HQ2/9,hq209,WAGNER/OLSEN,tripped,0.2,,202100,-1.93,0.046,0.0094,PDHQUST2012520,12.43,HQ2/9A,,measured
"HQ2/9A UST .020, .125, 20%",HQ2/9A,HQ2/9,hq209,WAGNER/OLSEN,tripped,0.2,,202100,-0.91,0.135,0.0088,PDHQUST2012520,12.43,HQ2/9A,,measured
"HQ2/9A UST .020, .125, 20%",HQ2/9A,HQ2/9,hq209,WAGNER/OLSEN,tripped,0.2,,202100,0.1,0.227,0.0089,PDHQUST2012520,12.43,HQ2/9A,,measured
"HQ2/9A UST .020, .125, 20%",HQ2/9A,HQ2/9,hq209,WAGNER/OLSEN,tripped,0.2,,202100,1.15,0.331,0.0088,PDHQUST2012520,12.43,HQ2/9A,,measured
"HQ2/9A UST .020, .125, 20%",HQ2/9A,HQ2/9,hq209,WAGNER/OLSEN,tripped,0.2,,202100,2.17,0.436,0.0095,PDHQUST2012520,12.43,HQ2/9A,,measured
"HQ2/9A UST .020, .125, 20%",HQ2/9A,HQ2/9,hq209,WAGNER/OLSEN,tripped,0.2,,202100,3.19,0.538,0.0109,PDHQUST2012520,12.43,HQ2/9A,,measured
"HQ2/9A UST .020, .125, 20%",HQ2/9A,HQ2/9,hq209,WAGNER/OLSEN,tripped,0.2,,202100,4.2,0.637,0.0122,PDHQUST2012520,12.43,HQ2/9A,,measured
"HQ2/9A UST .020, .125, 20%",HQ2/9A,HQ2/9,hq209,WAGNER/OLSEN,tripped,0.2,,202100,5.24,0.734,0.0136,PDHQUST2012520,12.43,HQ2/9A,,measured
"HQ2/9A UST .020, .125, 20%",HQ2/9A,HQ2/9,hq209,WAGNER/OLSEN,tripped,0.2,,202100,6.27,0.824,0.0164,PDHQUST2012520,12.43,HQ2/9A,,measured
"HQ2/9A UST .020, .125, 20%",HQ2/9A,HQ2/9,hq209,WAGNER/OLSEN,tripped,0.2,,202100,7.29,0.902,0.0198,PDHQUST2012520,12.43,HQ2/9A,,measured
"HQ2/9A UST .020, .125, 20%",HQ2/9A,HQ2/9,hq209,WAGNER/OLSEN,tripped,0.2,,202100,8.31,0.97,0.0231,PDHQUST2012520,12.43,HQ2/9A,,measured
"HQ2/9A UST .020, .125, 20%",HQ2/9A,HQ2/9,hq209,WAGNER/OLSEN,tripped,0.2,,202100,9.31,1.02,0.0293,PDHQUST2012520,12.43,HQ2/9A,,measured
"HQ2/9A UST .020, .125, 20%",HQ2/9A,HQ2/9,hq209,WAGNER/OLSEN,tripped,0.2,,202100,10.32,1.051,0.0378,PDHQUST2012520,12.43,HQ2/9A,,measured
"HQ2/9A UST .020, .125, 20%",HQ2/9A,HQ2/9,hq209,WAGNER/OLSEN,tripped,0.2,,202100,11.3,1.054,0.0783,PDHQUST2012520,12.43,HQ2/9A,,measured
"HQ2/9A UST .020, .125, 20%",HQ2/9A,HQ2/9,hq209,WAGNER/OLSEN,tripped,0.2,,311700,-3.96,-0.163,0.0128,PDHQUST2012520,12.43,HQ2/9A,,measured
"HQ2/9A UST .020, .125, 20%",HQ2/9A,HQ2/9,hq209,WAGNER/OLSEN,tripped,0.2,,311700,-2.97,-0.071,0.0116,PDHQUST2012520,12.43,HQ2/9A,,measured
"HQ2/9A UST .020, .125, 20%",HQ2/9A,HQ2/9,hq209,WAGNER/OLSEN,tripped,0.2,,311700,-2.06,0.014,0.0111,PDHQUST2012520,12.43,HQ2/9A,,measured
"HQ2/9A UST .020, .125, 20%",HQ2/9A,HQ2/9,hq209,WAGNER/OLSEN,tripped,0.2,,311700,-0.95,0.119,0.0098,PDHQUST2012520,12.43,HQ2/9A,,measured
"HQ2/9A UST .020, .125, 20%",HQ2/9A,HQ2/9,hq209,WAGNER/OLSEN,tripped,0.2,,311700,0.1,0.221,0.0097,PDHQUST2012520,12.43,HQ2/9A,,measured
"HQ2/9A UST .020, .125, 20%",HQ2/9A,HQ2/9,hq209,WAGNER/OLSEN,tripped,0.2,,311700,1.15,0.323,0.0093,PDHQUST2012520,12.43,HQ2/9A,,measured
"HQ2/9A UST .020, .125, 20%",HQ2/9A,HQ2/9,hq209,WAGNER/OLSEN,tripped,0.2,,311700,2.15,0.432,0.0096,PDHQUST2012520,12.43,HQ2/9A,,measured
"HQ2/9A UST .020, .125, 20%",HQ2/9A,HQ2/9,hq209,WAGNER/OLSEN,tripped,0.2,,311700,3.2,0.545,0.0106,PDHQUST2012520,12.43,HQ2/9A,,measured
"HQ2/9A UST .020, .125, 20%",HQ2/9A,HQ2/9,hq209,WAGNER/OLSEN,tripped,0.2,,311700,4.2,0.644,0.0116,PDHQUST2012520,12.43,HQ2/9A,,measured
"HQ2/9A UST .020, .125, 20%",HQ2/9A,HQ2/9,hq209,WAGNER/OLSEN,tripped,0.2,,311700,5.25,0.744,0.0129,PDHQUST2012520,12.43,HQ2/9A,,measured
"HQ2/9A UST .020, .125, 20%",HQ2/9A,HQ2/9,hq209,WAGNER/OLSEN,tripped,0.2,,311700,6.25,0.825,0.0154,PDHQUST2012520,12.43,HQ2/9A,,measured
"HQ2/9A UST .020, .125, 20%",HQ2/9A,HQ2/9,hq209,WAGNER/OLSEN,tripped,0.2,,311700,7.28,0.906,0.0176,PDHQUST2012520,12.43,HQ2/9A,,measured
"HQ2/9A UST .020, .125, 20%",HQ2/9A,HQ2/9,hq209,WAGNER/OLSEN,tripped,0.2,,311700,8.3,0.981,0.0208,PDHQUST2012520,12.43,HQ2/9A,,measured
"HQ2/9A UST .020, .125, 20%",HQ2/9A,HQ2/9,hq209,WAGNER/OLSEN,tripped,0.2,,311700,9.31,1.038,0.0256,PDHQUST2012520,12.43,HQ2/9A,,measured
"HQ2/9A UST .020, .125, 20%",HQ2/9A,HQ2/9,hq209,WAGNER/OLSEN,tripped,0.2,,311700,10.32,1.073,0.0329,PDHQUST2012520,12.43,HQ2/9A,,measured
"HQ2/9A UST .020, .125, 20%",HQ2/9A,HQ2/9,hq209,WAGNER/OLSEN,tripped,0.2,,311700,11.32,1.073,0.0432,PDHQUST2012520,12.43,HQ2/9A,,measured
"HQ2/9A UST .020, .125, 20%",HQ2/9A,HQ2/9,hq209,WAGNER/OLSEN,tripped,0.2,,311700,12.43,1.017,0.1496,PDHQUST2012520,12.43,HQ2/9A,,measured
"HQ2/9A UST .020, .125, 40%",HQ2/9A,HQ2/9,hq209,WAGNER/OLSEN,tripped,0.4,,101600,-3.46,-0.185,0.0177,PDHQUST2012540,12.44,HQ2/9A,,measured
"HQ2/9A UST .020, .125, 40%",HQ2/9A,HQ2/9,hq209,WAGNER/OLSEN,tripped,0.4,,101600,-1.92,-0.006,0.0116,PDHQUST2012540,12.44,HQ2/9A,,measured
"HQ2/9A UST .020, .125, 40%",HQ2/9A,HQ2/9,hq209,WAGNER/OLSEN,tripped,0.4,,101600,-0.38,0.148,0.0136,PDHQUST2012540,12.44,HQ2/9A,,measured
"HQ2/9A UST .020, .125, 40%",HQ2/9A,HQ2/9,hq209,WAGNER/OLSEN,tripped,0.4,,101600,1.15,0.331,0.0134,PDHQUST2012540,12.44,HQ2/9A,,measured
"HQ2/9A UST .020, .125, 40%",HQ2/9A,HQ2/9,hq209,WAGNER/OLSEN,tripped,0.4,,101600,2.7,0.492,0.0147,PDHQUST2012540,12.44,HQ2/9A,,measured
"HQ2/9A UST .020, .125, 40%",HQ2/9A,HQ2/9,hq209,WAGNER/OLSEN,tripped,0.4,,101600,5.23,0.722,0.0164,PDHQUST2012540,12.44,HQ2/9A,,measured
"HQ2/9A UST .020, .125, 40%",HQ2/9A,HQ2/9,hq209,WAGNER/OLSEN,tripped,0.4,,101600,6.78,0.842,0.0222,PDHQUST2012540,12.44,HQ2/9A,,measured
"HQ2/9A UST .020, .125, 40%",HQ2/9A,HQ2/9,hq209,WAGNER/OLSEN,tripped,0.4,,101600,8.3,0.933,0.0299,PDHQUST2012540,12.44,HQ2/9A,,measured
"HQ2/9A UST .020, .125, 40%",HQ2/9A,HQ2/9,hq209,WAGNER/OLSEN,tripped,0.4,,101600,9.3,0.978,0.0434,PDHQUST2012540,12.44,HQ2/9A,,measured
"HQ2/9A UST .020, .125, 40%",HQ2/9A,HQ2/9,hq209,WAGNER/OLSEN,tripped,0.4,,101600,10.3,1.003,0.0541,PDHQUST2012540,12.44,HQ2/9A,,measured
"HQ2/9A UST .020, .125, 40%",HQ2/9A,HQ2/9,hq209,WAGNER/OLSEN,tripped,0.4,,153300,-3.45,-0.129,0.0145,PDHQUST2012540,12.44,HQ2/9A,,measured
"HQ2/9A UST .020, .125, 40%",HQ2/9A,HQ2/9,hq209,WAGNER/OLSEN,tripped,0.4,,153300,-1.91,0.04,0.0099,PDHQUST2012540,12.44,HQ2/9A,,measured
"HQ2/9A UST .020, .125, 40%",HQ2/9A,HQ2/9,hq209,WAGNER/OLSEN,tripped,0.4,,153300,-0.37,0.179,0.0088,PDHQUST2012540,12.44,HQ2/9A,,measured
"HQ2/9A UST .020, .125, 40%",HQ2/9A,HQ2/9,hq209,WAGNER/OLSEN,tripped,0.4,,153300,1.16,0.344,0.0093,PDHQUST2012540,12.44,HQ2/9A,,measured
"HQ2/9A UST .020, .125, 40%",HQ2/9A,HQ2/9,hq209,WAGNER/OLSEN,tripped,0.4,,153300,2.69,0.499,0.0104,PDHQUST2012540,12.44,HQ2/9A,,measured
"HQ2/9A UST .020, .125, 40%",HQ2/9A,HQ2/9,hq209,WAGNER/OLSEN,tripped,0.4,,153300,5.25,0.739,0.0138,PDHQUST2012540,12.44,HQ2/9A,,measured
"HQ2/9A UST .020, .125, 40%",HQ2/9A,HQ2/9,hq209,WAGNER/OLSEN,tripped,0.4,,153300,6.77,0.858,0.0184,PDHQUST2012540,12.44,HQ2/9A,,measured
"HQ2/9A UST .020, .125, 40%",HQ2/9A,HQ2/9,hq209,WAGNER/OLSEN,tripped,0.4,,153300,8.29,0.953,0.026,PDHQUST2012540,12.44,HQ2/9A,,measured
"HQ2/9A UST .020, .125, 40%",HQ2/9A,HQ2/9,hq209,WAGNER/OLSEN,tripped,0.4,,153300,9.31,1.004,0.0317,PDHQUST2012540,12.44,HQ2/9A,,measured
"HQ2/9A UST .020, .125, 40%",HQ2/9A,HQ2/9,hq209,WAGNER/OLSEN,tripped,0.4,,153300,10.32,1.035,0.0425,PDHQUST2012540,12.44,HQ2/9A,,measured
"HQ2/9A UST .020, .125, 40%",HQ2/9A,HQ2/9,hq209,WAGNER/OLSEN,tripped,0.4,,153300,11.31,1.025,0.1019,PDHQUST2012540,12.44,HQ2/9A,,measured
"HQ2/9A UST .020, .125, 40%",HQ2/9A,HQ2/9,hq209,WAGNER/OLSEN,tripped,0.4,,205300,-3.46,-0.108,0.0132,PDHQUST2012540,12.44,HQ2/9A,,measured
"HQ2/9A UST .020, .125, 40%",HQ2/9A,HQ2/9,hq209,WAGNER/OLSEN,tripped,0.4,,205300,-1.9,0.043,0.0092,PDHQUST2012540,12.44,HQ2/9A,,measured
"HQ2/9A UST .020, .125, 40%",HQ2/9A,HQ2/9,hq209,WAGNER/OLSEN,tripped,0.4,,205300,-0.39,0.182,0.009,PDHQUST2012540,12.44,HQ2/9A,,measured
"HQ2/9A UST .020, .125, 40%",HQ2/9A,HQ2/9,hq209,WAGNER/OLSEN,tripped,0.4,,205300,1.16,0.334,0.0085,PDHQUST2012540,12.44,HQ2/9A,,measured
"HQ2/9A UST .020, .125, 40%",HQ2/9A,HQ2/9,hq209,WAGNER/OLSEN,tripped,0.4,,205300,2.68,0.496,0.0098,PDHQUST2012540,12.44,HQ2/9A,,measured
"HQ2/9A UST .020, .125, 40%",HQ2/9A,HQ2/9,hq209,WAGNER/OLSEN,tripped,0.4,,205300,5.24,0.733,0.0132,PDHQUST2012540,12.44,HQ2/9A,,measured
"HQ2/9A UST .020, .125, 40%",HQ2/9A,HQ2/9,hq209,WAGNER/OLSEN,tripped,0.4,,205300,6.77,0.858,0.0174,PDHQUST2012540,12.44,HQ2/9A,,measured
"HQ2/9A UST .020, .125, 40%",HQ2/9A,HQ2/9,hq209,WAGNER/OLSEN,tripped,0.4,,205300,8.29,0.966,0.0228,PDHQUST2012540,12.44,HQ2/9A,,measured
"HQ2/9A UST .020, .125, 40%",HQ2/9A,HQ2/9,hq209,WAGNER/OLSEN,tripped,0.4,,205300,9.32,1.018,0.0287,PDHQUST2012540,12.44,HQ2/9A,,measured
"HQ2/9A UST .020, .125, 40%",HQ2/9A,HQ2/9,hq209,WAGNER/OLSEN,tripped,0.4,,205300,10.31,1.049,0.0382,PDHQUST2012540,12.44,HQ2/9A,,measured
"HQ2/9A UST .020, .125, 40%",HQ2/9A,HQ2/9,hq209,WAGNER/OLSEN,tripped,0.4,,205300,11.31,1.042,0.0903,PDHQUST2012540,12.44,HQ2/9A,,measured
"HQ2/9A UST .020, .125, 40%",HQ2/9A,HQ2/9,hq209,WAGNER/OLSEN,tripped,0.4,,305200,-3.46,-0.116,0.0127,PDHQUST2012540,12.44,HQ2/9A,,measured
"HQ2/9A UST .020, .125, 40%",HQ2/9A,HQ2/9,hq209,WAGNER/OLSEN,tripped,0.4,,305200,-1.97,0.023,0.0105,PDHQUST2012540,12.44,HQ2/9A,,measured
"HQ2/9A UST .020, .125, 40%",HQ2/9A,HQ2/9,hq209,WAGNER/OLSEN,tripped,0.4,,305200,-0.43,0.18,0.0084,PDHQUST2012540,12.44,HQ2/9A,,measured
"HQ2/9A UST .020, .125, 40%",HQ2/9A,HQ2/9,hq209,WAGNER/OLSEN,tripped,0.4,,305200,1.15,0.332,0.0081,PDHQUST2012540,12.44,HQ2/9A,,measured
"HQ2/9A UST .020, .125, 40%",HQ2/9A,HQ2/9,hq209,WAGNER/OLSEN,tripped,0.4,,305200,2.69,0.5,0.0085,PDHQUST2012540,12.44,HQ2/9A,,measured
"HQ2/9A UST .020, .125, 40%",HQ2/9A,HQ2/9,hq209,WAGNER/OLSEN,tripped,0.4,,305200,5.24,0.74,0.013,PDHQUST2012540,12.44,HQ2/9A,,measured
"HQ2/9A UST .020, .125, 40%",HQ2/9A,HQ2/9,hq209,WAGNER/OLSEN,tripped,0.4,,305200,6.77,0.866,0.0162,PDHQUST2012540,12.44,HQ2/9A,,measured
"HQ2/9A UST .020, .125, 40%",HQ2/9A,HQ2/9,hq209,WAGNER/OLSEN,tripped,0.4,,305200,8.29,0.975,0.0201,PDHQUST2012540,12.44,HQ2/9A,,measured
"HQ2/9A UST .020, .125, 40%",HQ2/9A,HQ2/9,hq209,WAGNER/OLSEN,tripped,0.4,,305200,9.31,1.033,0.0252,PDHQUST2012540,12.44,HQ2/9A,,measured
"HQ2/9A UST .020, .125, 40%",HQ2/9A,HQ2/9,hq209,WAGNER/OLSEN,tripped,0.4,,305200,10.32,1.069,0.0324,PDHQUST2012540,12.44,HQ2/9A,,measured
"HQ2/9A UST .020, .125, 40%",HQ2/9A,HQ2/9,hq209,WAGNER/OLSEN,tripped,0.4,,305200,11.31,1.07,0.0429,PDHQUST2012540,12.44,HQ2/9A,,measured
"HQ2/9A UST .020, .125, 50%",HQ2/9A,HQ2/9,hq209,WAGNER/OLSEN,tripped,0.5,,58900,-2.97,-0.14,0.0201,PDHQBUST2012550,12.48,HQ2/9A,,measured
"HQ2/9A UST .020, .125, 50%",HQ2/9A,HQ2/9,hq209,WAGNER/OLSEN,tripped,0.5,,58900,-1.43,-0.018,0.0136,PDHQBUST2012550,12.48,HQ2/9A,,measured
"HQ2/9A UST .020, .125, 50%",HQ2/9A,HQ2/9,hq209,WAGNER/OLSEN,tripped,0.5,,58900,0.13,0.172,0.0145,PDHQBUST2012550,12.48,HQ2/9A,,measured
"HQ2/9A UST .020, .125, 50%",HQ2/9A,HQ2/9,hq209,WAGNER/OLSEN,tripped,0.5,,58900,1.66,0.374,0.0196,PDHQBUST2012550,12.48,HQ2/9A,,measured
"HQ2/9A UST .020, .125, 50%",HQ2/9A,HQ2/9,hq209,WAGNER/OLSEN,tripped,0.5,,58900,3.22,0.564,0.0214,PDHQBUST2012550,12.48,HQ2/9A,,measured
"HQ2/9A UST .020, .125, 50%",HQ2/9A,HQ2/9,hq209,WAGNER/OLSEN,tripped,0.5,,58900,4.74,0.698,0.0239,PDHQBUST2012550,12.48,HQ2/9A,,measured
"HQ2/9A UST .020, .125, 50%",HQ2/9A,HQ2/9,hq209,WAGNER/OLSEN,tripped,0.5,,58900,6.27,0.806,0.024,PDHQBUST2012550,12.48,HQ2/9A,,measured
"HQ2/9A UST .020, .125, 50%",HQ2/9A,HQ2/9,hq209,WAGNER/OLSEN,tripped,0.5,,58900,7.77,0.881,0.027,PDHQBUST2012550,12.48,HQ2/9A,,measured
"HQ2/9A UST .020, .125, 50%",HQ2/9A,HQ2/9,hq209,WAGNER/OLSEN,tripped,0.5,,58900,9.3,0.929,0.0546,PDHQBUST2012550,12.48,HQ2/9A,,measured
"HQ2/9A UST .020, .125, 50%",HQ2/9A,HQ2/9,hq209,WAGNER/OLSEN,tripped,0.5,,58900,10.81,0.959,0.0751,PDHQBUST2012550,12.48,HQ2/9A,,measured
"HQ2/9A UST .020, .125, 50%",HQ2/9A,HQ2/9,hq209,WAGNER/OLSEN,tripped,0.5,,100800,-2.94,-0.132,0.0163,PDHQBUST2012550,12.48,HQ2/9A,,measured
"HQ2/9A UST .020, .125, 50%",HQ2/9A,HQ2/9,hq209,WAGNER/OLSEN,tripped,0.5,,100800,-1.42,0.049,0.0125,PDHQBUST2012550,12.48,HQ2/9A,,measured
"HQ2/9A UST .020, .125, 50%",HQ2/9A,HQ2/9,hq209,WAGNER/OLSEN,tripped,0.5,,100800,0.13,0.217,0.0133,PDHQBUST2012550,12.48,HQ2/9A,,measured
"HQ2/9A UST .020, .125, 50%",HQ2/9A,HQ2/9,hq209,WAGNER/OLSEN,tripped,0.5,,100800,1.66,0.391,0.0124,PDHQBUST2012550,12.48,HQ2/9A,,measured
"HQ2/9A UST .020, .125, 50%",HQ2/9A,HQ2/9,hq209,WAGNER/OLSEN,tripped,0.5,,100800,3.21,0.549,0.0148,PDHQBUST2012550,12.48,HQ2/9A,,measured
"HQ2/9A UST .020, .125, 50%",HQ2/9A,HQ2/9,hq209,WAGNER/OLSEN,tripped,0.5,,100800,4.73,0.683,0.0151,PDHQBUST2012550,12.48,HQ2/9A,,measured
"HQ2/9A UST .020, .125, 50%",HQ2/9A,HQ2/9,hq209,WAGNER/OLSEN,tripped,0.5,,100800,6.24,0.801,0.0176,PDHQBUST2012550,12.48,HQ2/9A,,measured
"HQ2/9A UST .020, .125, 50%",HQ2/9A,HQ2/9,hq209,WAGNER/OLSEN,tripped,0.5,,100800,7.78,0.894,0.0249,PDHQBUST2012550,12.48,HQ2/9A,,measured
"HQ2/9A UST .020, .125, 50%",HQ2/9A,HQ2/9,hq209,WAGNER/OLSEN,tripped,0.5,,100800,9.28,0.96,0.037,PDHQBUST2012550,12.48,HQ2/9A,,measured
"HQ2/9A UST .020, .125, 50%",HQ2/9A,HQ2/9,hq209,WAGNER/OLSEN,tripped,0.5,,100800,10.81,1.008,0.0581,PDHQBUST2012550,12.48,HQ2/9A,,measured
"HQ2/9A UST .020, .125, 50%",HQ2/9A,HQ2/9,hq209,WAGNER/OLSEN,tripped,0.5,,100800,12.3,0.952,0.1444,PDHQBUST2012550,12.48,HQ2/9A,,measured
"HQ2/9A UST .020, .125, 50%",HQ2/9A,HQ2/9,hq209,WAGNER/OLSEN,tripped,0.5,,100800,13.78,0.84,0.197,PDHQBUST2012550,12.48,HQ2/9A,,measured
"HQ2/9A UST .020, .125, 50%",HQ2/9A,HQ2/9,hq209,WAGNER/OLSEN,tripped,0.5,,149300,-2.93,-0.07,0.0136,PDHQBUST2012550,12.48,HQ2/9A,,measured
"HQ2/9A UST .020, .125, 50%",HQ2/9A,HQ2/9,hq209,WAGNER/OLSEN,tripped,0.5,,149300,-1.41,0.08,0.0102,PDHQBUST2012550,12.48,HQ2/9A,,measured
"HQ2/9A UST .020, .125, 50%",HQ2/9A,HQ2/9,hq209,WAGNER/OLSEN,tripped,0.5,,149300,0.11,0.226,0.0091,PDHQBUST2012550,12.48,HQ2/9A,,measured
"HQ2/9A UST .020, .125, 50%",HQ2/9A,HQ2/9,hq209,WAGNER/OLSEN,tripped,0.5,,149300,1.68,0.397,0.0109,PDHQBUST2012550,12.48,HQ2/9A,,measured
"HQ2/9A UST .020, .125, 50%",HQ2/9A,HQ2/9,hq209,WAGNER/OLSEN,tripped,0.5,,149300,3.19,0.55,0.0116,PDHQBUST2012550,12.48,HQ2/9A,,measured
"HQ2/9A UST .020, .125, 50%",HQ2/9A,HQ2/9,hq209,WAGNER/OLSEN,tripped,0.5,,149300,4.74,0.694,0.0123,PDHQBUST2012550,12.48,HQ2/9A,,measured
"HQ2/9A UST .020, .125, 50%",HQ2/9A,HQ2/9,hq209,WAGNER/OLSEN,tripped,0.5,,149300,6.26,0.814,0.0176,PDHQBUST2012550,12.48,HQ2/9A,,measured
"HQ2/9A UST .020, .125, 50%",HQ2/9A,HQ2/9,hq209,WAGNER/OLSEN,tripped,0.5,,149300,7.79,0.913,0.0236,PDHQBUST2012550,12.48,HQ2/9A,,measured
"HQ2/9A UST .020, .125, 50%",HQ2/9A,HQ2/9,hq209,WAGNER/OLSEN,tripped,0.5,,149300,9.3,0.98,0.0362,PDHQBUST2012550,12.48,HQ2/9A,,measured
"HQ2/9A UST .020, .125, 50%",HQ2/9A,HQ2/9,hq209,WAGNER/OLSEN,tripped,0.5,,149300,10.82,1.027,0.0677,PDHQBUST2012550,12.48,HQ2/9A,,measured
"HQ2/9A UST .020, .125, 50%",HQ2/9A,HQ2/9,hq209,WAGNER/OLSEN,tripped,0.5,,149300,12.31,0.974,0.1588,PDHQBUST2012550,12.48,HQ2/9A,,measured
"HQ2/9A UST .020, .125, 50%",HQ2/9A,HQ2/9,hq209,WAGNER/OLSEN,tripped,0.5,,204700,-2.96,-0.08,0.0124,PDHQBUST2012550,12.48,HQ2/9A,,measured
"HQ2/9A UST .020, .125, 50%",HQ2/9A,HQ2/9,hq209,WAGNER/OLSEN,tripped,0.5,,204700,-1.41,0.068,0.0088,PDHQBUST2012550,12.48,HQ2/9A,,measured
"HQ2/9A UST .020, .125, 50%",HQ2/9A,HQ2/9,hq209,WAGNER/OLSEN,tripped,0.5,,204700,0.13,0.21,0.0078,PDHQBUST2012550,12.48,HQ2/9A,,measured
"HQ2/9A UST .020, .125, 50%",HQ2/9A,HQ2/9,hq209,WAGNER/OLSEN,tripped,0.5,,204700,1.66,0.376,0.0082,PDHQBUST2012550,12.48,HQ2/9A,,measured
"HQ2/9A UST .020, .125, 50%",HQ2/9A,HQ2/9,hq209,WAGNER/OLSEN,tripped,0.5,,204700,3.18,0.534,0.0089,PDHQBUST2012550,12.48,HQ2/9A,,measured
"HQ2/9A UST .020, .125, 50%",HQ2/9A,HQ2/9,hq209,WAGNER/OLSEN,tripped,0.5,,204700,4.73,0.683,0.0108,PDHQBUST2012550,12.48,HQ2/9A,,measured
"HQ2/9A UST .020, .125, 50%",HQ2/9A,HQ2/9,hq209,WAGNER/OLSEN,tripped,0.5,,204700,6.25,0.802,0.0153,PDHQBUST2012550,12.48,HQ2/9A,,measured
"HQ2/9A UST .020, .125, 50%",HQ2/9A,HQ2/9,hq209,WAGNER/OLSEN,tripped,0.5,,204700,7.77,0.907,0.0206,PDHQBUST2012550,12.48,HQ2/9A,,measured
"HQ2/9A UST .020, .125, 50%",HQ2/9A,HQ2/9,hq209,WAGNER/OLSEN,tripped,0.5,,204700,9.31,0.983,0.0286,PDHQBUST2012550,12.48,HQ2/9A,,measured
"HQ2/9A UST .020, .125, 50%",HQ2/9A,HQ2/9,hq209,WAGNER/OLSEN,tripped,0.5,,204700,10.81,1.033,0.0471,PDHQBUST2012550,12.48,HQ2/9A,,measured
"HQ2/9A UST .020, .125, 50%",HQ2/9A,HQ2/9,hq209,WAGNER/OLSEN,tripped,0.5,,204700,12.3,1.004,0.13,PDHQBUST2012550,12.48,HQ2/9A,,measured
"HQ2/9A UST .020, .125, 50%",HQ2/9A,HQ2/9,hq209,WAGNER/OLSEN,tripped,0.5,,204700,13.81,0.936,0.1999,PDHQBUST2012550,12.48,HQ2/9A,,measured
"HQ2/9A UST .020, .125, 50%",HQ2/9A,HQ2/9,hq209,WAGNER/OLSEN,tripped,0.5,,299200,-2.92,-0.072,0.0114,PDHQBUST2012550,12.48,HQ2/9A,,measured
"HQ2/9A UST .020, .125, 50%",HQ2/9A,HQ2/9,hq209,WAGNER/OLSEN,tripped,0.5,,299200,-1.43,0.078,0.0088,PDHQBUST2012550,12.48,HQ2/9A,,measured
"HQ2/9A UST .020, .125, 50%",HQ2/9A,HQ2/9,hq209,WAGNER/OLSEN,tripped,0.5,,299200,0.12,0.227,0.0081,PDHQBUST2012550,12.48,HQ2/9A,,measured
"HQ2/9A UST .020, .125, 50%",HQ2/9A,HQ2/9,hq209,WAGNER/OLSEN,tripped,0.5,,299200,1.65,0.385,0.0078,PDHQBUST2012550,12.48,HQ2/9A,,measured
"HQ2/9A UST .020, .125, 50%",HQ2/9A,HQ2/9,hq209,WAGNER/OLSEN,tripped,0.5,,299200,3.19,0.548,0.0084,PDHQBUST2012550,12.48,HQ2/9A,,measured
"HQ2/9A UST .020, .125, 50%",HQ2/9A,HQ2/9,hq209,WAGNER/OLSEN,tripped,0.5,,299200,4.74,0.692,0.0111,PDHQBUST2012550,12.48,HQ2/9A,,measured
"HQ2/9A UST .020, .125, 50%",HQ2/9A,HQ2/9,hq209,WAGNER/OLSEN,tripped,0.5,,299200,6.27,0.82,0.0152,PDHQBUST2012550,12.48,HQ2/9A,,measured
"HQ2/9A UST .020, .125, 50%",HQ2/9A,HQ2/9,hq209,WAGNER/OLSEN,tripped,0.5,,299200,7.79,0.93,0.0202,PDHQBUST2012550,12.48,HQ2/9A,,measured
"HQ2/9A UST .020, .125, 50%",HQ2/9A,HQ2/9,hq209,WAGNER/OLSEN,tripped,0.5,,299200,9.31,1.009,0.0288,PDHQBUST2012550,12.48,HQ2/9A,,measured
"HQ2/9A UST .020, .125, 50%",HQ2/9A,HQ2/9,hq209,WAGNER/OLSEN,tripped,0.5,,299200,10.81,1.052,0.0531,PDHQBUST2012550,12.48,HQ2/9A,,measured
"HQ2/9A UST .020, .125, 50%",HQ2/9A,HQ2/9,hq209,WAGNER/OLSEN,tripped,0.5,,299200,12.23,1.01,0.1387,PDHQBUST2012550,12.48,HQ2/9A,,measured
"HQ2/9A UST .020, .125, 50%",HQ2/9A,HQ2/9,hq209,WAGNER/OLSEN,tripped,0.5,,299200,13.78,0.946,0.193,PDHQBUST2012550,12.48,HQ2/9A,,measured
"HQ2/9A LST .020, .125, 50%",HQ2/9A,HQ2/9,hq209,WAGNER/OLSEN,tripped,,0.5,151600,-3.96,-0.224,0.0174,PDHQLST2012550,12.45,HQ2/9A,,measured
"HQ2/9A LST .020, .125, 50%",HQ2/9A,HQ2/9,hq209,WAGNER/OLSEN,tripped,,0.5,151600,-2.98,-0.135,0.015,PDHQLST2012550,12.45,HQ2/9A,,measured
"HQ2/9A LST .020, .125, 50%",HQ2/9A,HQ2/9,hq209,WAGNER/OLSEN,tripped,,0.5,151600,-1.91,-0.022,0.0121,PDHQLST2012550,12.45,HQ2/9A,,measured
"HQ2/9A LST .020, .125, 50%",HQ2/9A,HQ2/9,hq209,WAGNER/OLSEN,tripped,,0.5,151600,-0.9,0.122,0.0102,PDHQLST2012550,12.45,HQ2/9A,,measured
"HQ2/9A LST .020, .125, 50%",HQ2/9A,HQ2/9,hq209,WAGNER/OLSEN,tripped,,0.5,151600,0.13,0.254,0.0112,PDHQLST2012550,12.45,HQ2/9A,,measured
"HQ2/9A LST .020, .125, 50%",HQ2/9A,HQ2/9,hq209,WAGNER/OLSEN,tripped,,0.5,151600,1.15,0.362,0.0108,PDHQLST2012550,12.45,HQ2/9A,,measured
"HQ2/9A LST .020, .125, 50%",HQ2/9A,HQ2/9,hq209,WAGNER/OLSEN,tripped,,0.5,151600,2.18,0.461,0.0107,PDHQLST2012550,12.45,HQ2/9A,,measured
"HQ2/9A LST .020, .125, 50%",HQ2/9A,HQ2/9,hq209,WAGNER/OLSEN,tripped,,0.5,151600,3.17,0.558,0.0115,PDHQLST2012550,12.45,HQ2/9A,,measured
"HQ2/9A LST .020, .125, 50%",HQ2/9A,HQ2/9,hq209,WAGNER/OLSEN,tripped,,0.5,151600,4.22,0.658,0.0112,PDHQLST2012550,12.45,HQ2/9A,,measured
"HQ2/9A LST .020, .125, 50%",HQ2/9A,HQ2/9,hq209,WAGNER/OLSEN,tripped,,0.5,151600,5.24,0.747,0.0134,PDHQLST2012550,12.45,HQ2/9A,,measured
"HQ2/9A LST .020, .125, 50%",HQ2/9A,HQ2/9,hq209,WAGNER/OLSEN,tripped,,0.5,151600,6.24,0.823,0.0173,PDHQLST2012550,12.45,HQ2/9A,,measured
"HQ2/9A LST .020, .125, 50%",HQ2/9A,HQ2/9,hq209,WAGNER/OLSEN,tripped,,0.5,151600,7.29,0.9,0.02,PDHQLST2012550,12.45,HQ2/9A,,measured
"HQ2/9A LST .020, .125, 50%",HQ2/9A,HQ2/9,hq209,WAGNER/OLSEN,tripped,,0.5,151600,8.29,0.965,0.0241,PDHQLST2012550,12.45,HQ2/9A,,measured
"HQ2/9A LST .020, .125, 50%",HQ2/9A,HQ2/9,hq209,WAGNER/OLSEN,tripped,,0.5,151600,9.3,1.013,0.0311,PDHQLST2012550,12.45,HQ2/9A,,measured
"HQ2/9A LST .020, .125, 50%",HQ2/9A,HQ2/9,hq209,WAGNER/OLSEN,tripped,,0.5,151600,10.31,1.047,0.0404,PDHQLST2012550,12.45,HQ2/9A,,measured
"HQ2/9A LST .020, .125, 50%",HQ2/9A,HQ2/9,hq209,WAGNER/OLSEN,tripped,,0.5,151600,11.31,1.037,0.0917,PDHQLST2012550,12.45,HQ2/9A,,measured
"HQ2/9A LST .020, .125, 50%",HQ2/9A,HQ2/9,hq209,WAGNER/OLSEN,tripped,,0.5,200000,-3.98,-0.215,0.0157,PDHQLST2012550,12.45,HQ2/9A,,measured
"HQ2/9A LST .020, .125, 50%",HQ2/9A,HQ2/9,hq209,WAGNER/OLSEN,tripped,,0.5,200000,-2.97,-0.106,0.0138,PDHQLST2012550,12.45,HQ2/9A,,measured
"HQ2/9A LST .020, .125, 50%",HQ2/9A,HQ2/9,hq209,WAGNER/OLSEN,tripped,,0.5,200000,-1.96,0.027,0.0112,PDHQLST2012550,12.45,HQ2/9A,,measured
"HQ2/9A LST .020, .125, 50%",HQ2/9A,HQ2/9,hq209,WAGNER/OLSEN,tripped,,0.5,200000,-0.91,0.162,0.0098,PDHQLST2012550,12.45,HQ2/9A,,measured
"HQ2/9A LST .020, .125, 50%",HQ2/9A,HQ2/9,hq209,WAGNER/OLSEN,tripped,,0.5,200000,0.1,0.262,0.0096,PDHQLST2012550,12.45,HQ2/9A,,measured
"HQ2/9A LST .020, .125, 50%",HQ2/9A,HQ2/9,hq209,WAGNER/OLSEN,tripped,,0.5,200000,1.15,0.361,0.0095,PDHQLST2012550,12.45,HQ2/9A,,measured
"HQ2/9A LST .020, .125, 50%",HQ2/9A,HQ2/9,hq209,WAGNER/OLSEN,tripped,,0.5,200000,2.15,0.46,0.0091,PDHQLST2012550,12.45,HQ2/9A,,measured
"HQ2/9A LST .020, .125, 50%",HQ2/9A,HQ2/9,hq209,WAGNER/OLSEN,tripped,,0.5,200000,3.19,0.561,0.0093,PDHQLST2012550,12.45,HQ2/9A,,measured
"HQ2/9A LST .020, .125, 50%",HQ2/9A,HQ2/9,hq209,WAGNER/OLSEN,tripped,,0.5,200000,4.19,0.654,0.0105,PDHQLST2012550,12.45,HQ2/9A,,measured
"HQ2/9A LST .020, .125, 50%",HQ2/9A,HQ2/9,hq209,WAGNER/OLSEN,tripped,,0.5,200000,5.23,0.744,0.013,PDHQLST2012550,12.45,HQ2/9A,,measured
"HQ2/9A LST .020, .125, 50%",HQ2/9A,HQ2/9,hq209,WAGNER/OLSEN,tripped,,0.5,200000,6.26,0.829,0.0157,PDHQLST2012550,12.45,HQ2/9A,,measured
"HQ2/9A LST .020, .125, 50%",HQ2/9A,HQ2/9,hq209,WAGNER/OLSEN,tripped,,0.5,200000,7.27,0.908,0.0191,PDHQLST2012550,12.45,HQ2/9A,,measured
"HQ2/9A LST .020, .125, 50%",HQ2/9A,HQ2/9,hq209,WAGNER/OLSEN,tripped,,0.5,200000,8.28,0.979,0.0221,PDHQLST2012550,12.45,HQ2/9A,,measured
"HQ2/9A LST .020, .125, 50%",HQ2/9A,HQ2/9,hq209,WAGNER/OLSEN,tripped,,0.5,200000,9.3,1.031,0.0283,PDHQLST2012550,12.45,HQ2/9A,,measured
"HQ2/9A LST .020, .125, 50%",HQ2/9A,HQ2/9,hq209,WAGNER/OLSEN,tripped,,0.5,200000,10.32,1.064,0.0372,PDHQLST2012550,12.45,HQ2/9A,,measured
"HQ2/9A LST .020, .125, 50%",HQ2/9A,HQ2/9,hq209,WAGNER/OLSEN,tripped,,0.5,308100,-4.07,-0.185,0.0135,PDHQLST2012550,12.45,HQ2/9A,,measured
"HQ2/9A LST .020, .125, 50%",HQ2/9A,HQ2/9,hq209,WAGNER/OLSEN,tripped,,0.5,308100,-3.01,-0.056,0.0116,PDHQLST2012550,12.45,HQ2/9A,,measured
"HQ2/9A LST .020, .125, 50%",HQ2/9A,HQ2/9,hq209,WAGNER/OLSEN,tripped,,0.5,308100,-2.01,0.054,0.0093,PDHQLST2012550,12.45,HQ2/9A,,measured
"HQ2/9A LST .020, .125, 50%",HQ2/9A,HQ2/9,hq209,WAGNER/OLSEN,tripped,,0.5,308100,-0.95,0.158,0.0074,PDHQLST2012550,12.45,HQ2/9A,,measured
"HQ2/9A LST .020, .125, 50%",HQ2/9A,HQ2/9,hq209,WAGNER/OLSEN,tripped,,0.5,308100,0.03,0.25,0.0076,PDHQLST2012550,12.45,HQ2/9A,,measured
"HQ2/9A LST .020, .125, 50%",HQ2/9A,HQ2/9,hq209,WAGNER/OLSEN,tripped,,0.5,308100,1.05,0.357,0.0078,PDHQLST2012550,12.45,HQ2/9A,,measured
"HQ2/9A LST .020, .125, 50%",HQ2/9A,HQ2/9,hq209,WAGNER/OLSEN,tripped,,0.5,308100,2.13,0.471,0.0081,PDHQLST2012550,12.45,HQ2/9A,,measured
"HQ2/9A LST .020, .125, 50%",HQ2/9A,HQ2/9,hq209,WAGNER/OLSEN,tripped,,0.5,308100,3.17,0.576,0.0091,PDHQLST2012550,12.45,HQ2/9A,,measured
"HQ2/9A LST .020, .125, 50%",HQ2/9A,HQ2/9,hq209,WAGNER/OLSEN,tripped,,0.5,308100,4.21,0.67,0.0107,PDHQLST2012550,12.45,HQ2/9A,,measured
"HQ2/9A LST .020, .125, 50%",HQ2/9A,HQ2/9,hq209,WAGNER/OLSEN,tripped,,0.5,308100,5.24,0.756,0.0129,PDHQLST2012550,12.45,HQ2/9A,,measured
"HQ2/9A LST .020, .125, 50%",HQ2/9A,HQ2/9,hq209,WAGNER/OLSEN,tripped,,0.5,308100,6.25,0.837,0.0147,PDHQLST2012550,12.45,HQ2/9A,,measured
"HQ2/9A LST .020, .125, 50%",HQ2/9A,HQ2/9,hq209,WAGNER/OLSEN,tripped,,0.5,308100,7.27,0.917,0.0168,PDHQLST2012550,12.45,HQ2/9A,,measured
"HQ2/9A LST .020, .125, 50%",HQ2/9A,HQ2/9,hq209,WAGNER/OLSEN,tripped,,0.5,308100,8.3,0.991,0.0201,PDHQLST2012550,12.45,HQ2/9A,,measured
"HQ2/9A LST .020, .125, 50%",HQ2/9A,HQ2/9,hq209,WAGNER/OLSEN,tripped,,0.5,308100,9.3,1.047,0.0242,PDHQLST2012550,12.45,HQ2/9A,,measured
"HQ2/9A LST .020, .125, 50%",HQ2/9A,HQ2/9,hq209,WAGNER/OLSEN,tripped,,0.5,308100,10.33,1.084,0.032,PDHQLST2012550,12.45,HQ2/9A,,measured
"HQ2/9B BLOWING TYPE B, 50%",HQ2/9B,HQ2/9,hq209,WAGNER/OLSEN,other,,,59000,-2.96,-0.173,0.0185,PDHQBBLOWB,12.49,HQ2/9B,,measured
"HQ2/9B BLOWING TYPE B, 50%",HQ2/9B,HQ2/9,hq209,WAGNER/OLSEN,other,,,59000,-1.42,0.007,0.0149,PDHQBBLOWB,12.49,HQ2/9B,,measured
"HQ2/9B BLOWING TYPE B, 50%",HQ2/9B,HQ2/9,hq209,WAGNER/OLSEN,other,,,59000,0.13,0.169,0.0163,PDHQBBLOWB,12.49,HQ2/9B,,measured
"HQ2/9B BLOWING TYPE B, 50%",HQ2/9B,HQ2/9,hq209,WAGNER/OLSEN,other,,,59000,1.66,0.354,0.0169,PDHQBBLOWB,12.49,HQ2/9B,,measured
"HQ2/9B BLOWING TYPE B, 50%",HQ2/9B,HQ2/9,hq209,WAGNER/OLSEN,other,,,59000,3.2,0.525,0.0201,PDHQBBLOWB,12.49,HQ2/9B,,measured
"HQ2/9B BLOWING TYPE B, 50%",HQ2/9B,HQ2/9,hq209,WAGNER/OLSEN,other,,,59000,4.72,0.645,0.0175,PDHQBBLOWB,12.49,HQ2/9B,,measured
"HQ2/9B BLOWING TYPE B, 50%",HQ2/9B,HQ2/9,hq209,WAGNER/OLSEN,other,,,59000,6.24,0.764,0.0227,PDHQBBLOWB,12.49,HQ2/9B,,measured
"HQ2/9B BLOWING TYPE B, 50%",HQ2/9B,HQ2/9,hq209,WAGNER/OLSEN,other,,,59000,7.78,0.854,0.0265,PDHQBBLOWB,12.49,HQ2/9B,,measured
"HQ2/9B BLOWING TYPE B, 50%",HQ2/9B,HQ2/9,hq209,WAGNER/OLSEN,other,,,59000,9.28,0.916,0.0396,PDHQBBLOWB,12.49,HQ2/9B,,measured
"HQ2/9B BLOWING TYPE B, 50%",HQ2/9B,HQ2/9,hq209,WAGNER/OLSEN,other,,,59000,10.8,0.947,0.0731,PDHQBBLOWB,12.49,HQ2/9B,,measured
"HQ2/9B BLOWING TYPE B, 50%",HQ2/9B,HQ2/9,hq209,WAGNER/OLSEN,other,,,100200,-2.95,-0.13,0.0158,PDHQBBLOWB,12.49,HQ2/9B,,measured
"HQ2/9B BLOWING TYPE B, 50%",HQ2/9B,HQ2/9,hq209,WAGNER/OLSEN,other,,,100200,-1.42,0.032,0.0134,PDHQBBLOWB,12.49,HQ2/9B,,measured
"HQ2/9B BLOWING TYPE B, 50%",HQ2/9B,HQ2/9,hq209,WAGNER/OLSEN,other,,,100200,0.11,0.193,0.0119,PDHQBBLOWB,12.49,HQ2/9B,,measured
"HQ2/9B BLOWING TYPE B, 50%",HQ2/9B,HQ2/9,hq209,WAGNER/OLSEN,other,,,100200,1.66,0.348,0.0132,PDHQBBLOWB,12.49,HQ2/9B,,measured
"HQ2/9B BLOWING TYPE B, 50%",HQ2/9B,HQ2/9,hq209,WAGNER/OLSEN,other,,,100200,3.2,0.492,0.0139,PDHQBBLOWB,12.49,HQ2/9B,,measured
"HQ2/9B BLOWING TYPE B, 50%",HQ2/9B,HQ2/9,hq209,WAGNER/OLSEN,other,,,100200,4.72,0.632,0.0151,PDHQBBLOWB,12.49,HQ2/9B,,measured
"HQ2/9B BLOWING TYPE B, 50%",HQ2/9B,HQ2/9,hq209,WAGNER/OLSEN,other,,,100200,6.25,0.767,0.0181,PDHQBBLOWB,12.49,HQ2/9B,,measured
"HQ2/9B BLOWING TYPE B, 50%",HQ2/9B,HQ2/9,hq209,WAGNER/OLSEN,other,,,100200,7.77,0.851,0.0267,PDHQBBLOWB,12.49,HQ2/9B,,measured
"HQ2/9B BLOWING TYPE B, 50%",HQ2/9B,HQ2/9,hq209,WAGNER/OLSEN,other,,,100200,9.28,0.911,0.0407,PDHQBBLOWB,12.49,HQ2/9B,,measured
"HQ2/9B BLOWING TYPE B, 50%",HQ2/9B,HQ2/9,hq209,WAGNER/OLSEN,other,,,100200,10.79,0.952,0.075,PDHQBBLOWB,12.49,HQ2/9B,,measured
"HQ2/9B BLOWING TYPE B, 50%",HQ2/9B,HQ2/9,hq209,WAGNER/OLSEN,other,,,100200,12.29,0.87,0.1908,PDHQBBLOWB,12.49,HQ2/9B,,measured
"HQ2/9B BLOWING TYPE B, 50%",HQ2/9B,HQ2/9,hq209,WAGNER/OLSEN,other,,,100200,13.76,0.769,0.2198,PDHQBBLOWB,12.49,HQ2/9B,,measured
"HQ2/9B BLOWING TYPE B, 50%",HQ2/9B,HQ2/9,hq209,WAGNER/OLSEN,other,,,200100,-2.94,-0.071,0.0128,PDHQBBLOWB,12.49,HQ2/9B,,measured
"HQ2/9B BLOWING TYPE B, 50%",HQ2/9B,HQ2/9,hq209,WAGNER/OLSEN,other,,,200100,-1.4,0.072,0.0102,PDHQBBLOWB,12.49,HQ2/9B,,measured
"HQ2/9B BLOWING TYPE B, 50%",HQ2/9B,HQ2/9,hq209,WAGNER/OLSEN,other,,,200100,0.12,0.215,0.0094,PDHQBBLOWB,12.49,HQ2/9B,,measured
"HQ2/9B BLOWING TYPE B, 50%",HQ2/9B,HQ2/9,hq209,WAGNER/OLSEN,other,,,200100,1.66,0.378,0.0096,PDHQBBLOWB,12.49,HQ2/9B,,measured
"HQ2/9B BLOWING TYPE B, 50%",HQ2/9B,HQ2/9,hq209,WAGNER/OLSEN,other,,,200100,3.19,0.54,0.0107,PDHQBBLOWB,12.49,HQ2/9B,,measured
"HQ2/9B BLOWING TYPE B, 50%",HQ2/9B,HQ2/9,hq209,WAGNER/OLSEN,other,,,200100,4.74,0.691,0.0115,PDHQBBLOWB,12.49,HQ2/9B,,measured
"HQ2/9B BLOWING TYPE B, 50%",HQ2/9B,HQ2/9,hq209,WAGNER/OLSEN,other,,,200100,6.26,0.814,0.0159,PDHQBBLOWB,12.49,HQ2/9B,,measured
"HQ2/9B BLOWING TYPE B, 50%",HQ2/9B,HQ2/9,hq209,WAGNER/OLSEN,other,,,200100,7.78,0.915,0.0218,PDHQBBLOWB,12.49,HQ2/9B,,measured
"HQ2/9B BLOWING TYPE B, 50%",HQ2/9B,HQ2/9,hq209,WAGNER/OLSEN,other,,,200100,9.31,0.989,0.0323,PDHQBBLOWB,12.49,HQ2/9B,,measured
"HQ2/9B BLOWING TYPE B, 50%",HQ2/9B,HQ2/9,hq209,WAGNER/OLSEN,other,,,200100,10.82,1.036,0.0564,PDHQBBLOWB,12.49,HQ2/9B,,measured
"HQ2/9B BLOWING TYPE B, 50%",HQ2/9B,HQ2/9,hq209,WAGNER/OLSEN,other,,,302500,-2.96,-0.08,0.0121,PDHQBBLOWB,12.49,HQ2/9B,,measured
"HQ2/9B BLOWING TYPE B, 50%",HQ2/9B,HQ2/9,hq209,WAGNER/OLSEN,other,,,302500,-1.44,0.072,0.0096,PDHQBBLOWB,12.49,HQ2/9B,,measured
"HQ2/9B BLOWING TYPE B, 50%",HQ2/9B,HQ2/9,hq209,WAGNER/OLSEN,other,,,302500,0.13,0.226,0.0086,PDHQBBLOWB,12.49,HQ2/9B,,measured
"HQ2/9B BLOWING TYPE B, 50%",HQ2/9B,HQ2/9,hq209,WAGNER/OLSEN,other,,,302500,1.67,0.385,0.0081,PDHQBBLOWB,12.49,HQ2/9B,,measured
"HQ2/9B BLOWING TYPE B, 50%",HQ2/9B,HQ2/9,hq209,WAGNER/OLSEN,other,,,302500,3.19,0.549,0.009,PDHQBBLOWB,12.49,HQ2/9B,,measured
"HQ2/9B BLOWING TYPE B, 50%",HQ2/9B,HQ2/9,hq209,WAGNER/OLSEN,other,,,302500,4.73,0.7,0.0108,PDHQBBLOWB,12.49,HQ2/9B,,measured
"HQ2/9B BLOWING TYPE B, 50%",HQ2/9B,HQ2/9,hq209,WAGNER/OLSEN,other,,,302500,6.26,0.822,0.0149,PDHQBBLOWB,12.49,HQ2/9B,,measured
"HQ2/9B BLOWING TYPE B, 50%",HQ2/9B,HQ2/9,hq209,WAGNER/OLSEN,other,,,302500,7.78,0.933,0.0196,PDHQBBLOWB,12.49,HQ2/9B,,measured
"HQ2/9B BLOWING TYPE B, 50%",HQ2/9B,HQ2/9,hq209,WAGNER/OLSEN,other,,,302500,9.31,1.01,0.0276,PDHQBBLOWB,12.49,HQ2/9B,,measured
"HQ2/9B BLOWING TYPE B, 50%",HQ2/9B,HQ2/9,hq209,WAGNER/OLSEN,other,,,302500,10.82,1.051,0.0519,PDHQBBLOWB,12.49,HQ2/9B,,measured
"HQ2/9B BLOWING TYPE B, 50%",HQ2/9B,HQ2/9,hq209,WAGNER/OLSEN,other,,,302500,12.19,1.011,0.1333,PDHQBBLOWB,12.49,HQ2/9B,,measured
HQ2/9B TRIPS AT 200k,HQ2/9B,HQ2/9,hq209,WAGNER/OLSEN,other,,,202400,-3.97,-0.218,0.0158,PDHQBCOMP,12.50,HQ2/9B,,measured
HQ2/9B TRIPS AT 200k,HQ2/9B,HQ2/9,hq209,WAGNER/OLSEN,other,,,202400,-2.46,-0.051,0.0128,PDHQBCOMP,12.50,HQ2/9B,,measured
HQ2/9B TRIPS AT 200k,HQ2/9B,HQ2/9,hq209,WAGNER/OLSEN,other,,,202400,-0.9,0.151,0.0102,PDHQBCOMP,12.50,HQ2/9B,,measured
HQ2/9B TRIPS AT 200k,HQ2/9B,HQ2/9,hq209,WAGNER/OLSEN,other,,,202400,0.63,0.295,0.0086,PDHQBCOMP,12.50,HQ2/9B,,measured
HQ2/9B TRIPS AT 200k,HQ2/9B,HQ2/9,hq209,WAGNER/OLSEN,other,,,202400,2.18,0.452,0.0092,PDHQBCOMP,12.50,HQ2/9B,,measured
HQ2/9B TRIPS AT 200k,HQ2/9B,HQ2/9,hq209,WAGNER/OLSEN,other,,,202400,3.71,0.603,0.0097,PDHQBCOMP,12.50,HQ2/9B,,measured
HQ2/9B TRIPS AT 200k,HQ2/9B,HQ2/9,hq209,WAGNER/OLSEN,other,,,202400,5.25,0.739,0.0119,PDHQBCOMP,12.50,HQ2/9B,,measured
HQ2/9B TRIPS AT 200k,HQ2/9B,HQ2/9,hq209,WAGNER/OLSEN,other,,,202400,6.75,0.855,0.0166,PDHQBCOMP,12.50,HQ2/9B,,measured
HQ2/9B TRIPS AT 200k,HQ2/9B,HQ2/9,hq209,WAGNER/OLSEN,other,,,202400,8.29,0.95,0.0242,PDHQBCOMP,12.50,HQ2/9B,,measured
HQ2/9B TRIPS AT 200k,HQ2/9B,HQ2/9,hq209,WAGNER/OLSEN,other,,,202400,9.79,1.014,0.035,PDHQBCOMP,12.50,HQ2/9B,,measured
HQ2/9B TRIPS AT 200k,HQ2/9B,HQ2/9,hq209,WAGNER/OLSEN,other,,,199700,-2.93,-0.078,0.0135,PDHQBCOMP,12.50,HQ2/9B,,measured
HQ2/9B TRIPS AT 200k,HQ2/9B,HQ2/9,hq209,WAGNER/OLSEN,other,,,199700,-0.92,0.107,0.0096,PDHQBCOMP,12.50,HQ2/9B,,measured
HQ2/9B TRIPS AT 200k,HQ2/9B,HQ2/9,hq209,WAGNER/OLSEN,other,,,199700,1.16,0.315,0.0093,PDHQBCOMP,12.50,HQ2/9B,,measured
HQ2/9B TRIPS AT 200k,HQ2/9B,HQ2/9,hq209,WAGNER/OLSEN,other,,,199700,3.2,0.526,0.0103,PDHQBCOMP,12.50,HQ2/9B,,measured
HQ2/9B TRIPS AT 200k,HQ2/9B,HQ2/9,hq209,WAGNER/OLSEN,other,,,199700,5.22,0.723,0.0122,PDHQBCOMP,12.50,HQ2/9B,,measured
HQ2/9B TRIPS AT 200k,HQ2/9B,HQ2/9,hq209,WAGNER/OLSEN,other,,,199700,7.28,0.88,0.0189,PDHQBCOMP,12.50,HQ2/9B,,measured
HQ2/9B TRIPS AT 200k,HQ2/9B,HQ2/9,hq209,WAGNER/OLSEN,other,,,199700,9.29,0.983,0.0312,PDHQBCOMP,12.50,HQ2/9B,,measured
HQ2/9B TRIPS AT 200k,HQ2/9B,HQ2/9,hq209,WAGNER/OLSEN,other,,,200100,-2.94,-0.071,0.0128,PDHQBCOMP,12.50,HQ2/9B,,measured
HQ2/9B TRIPS AT 200k,HQ2/9B,HQ2/9,hq209,WAGNER/OLSEN,other,,,200100,-1.4,0.072,0.0102,PDHQBCOMP,12.50,HQ2/9B,,measured
HQ2/9B TRIPS AT 200k,HQ2/9B,HQ2/9,hq209,WAGNER/OLSEN,other,,,200100,0.12,0.215,0.0094,PDHQBCOMP,12.50,HQ2/9B,,measured
HQ2/9B TRIPS AT 200k,HQ2/9B,HQ2/9,hq209,WAGNER/OLSEN,other,,,200100,1.66,0.378,0.0096,PDHQBCOMP,12.50,HQ2/9B,,measured
HQ2/9B TRIPS AT 200k,HQ2/9B,HQ2/9,hq209,WAGNER/OLSEN,other,,,200100,3.19,0.54,0.0107,PDHQBCOMP,12.50,HQ2/9B,,measured
HQ2/9B TRIPS AT 200k,HQ2/9B,HQ2/9,hq209,WAGNER/OLSEN,other,,,200100,4.74,0.691,0.0115,PDHQBCOMP,12.50,HQ2/9B,,measured
HQ2/9B TRIPS AT 200k,HQ2/9B,HQ2/9,hq209,WAGNER/OLSEN,other,,,200100,6.26,0.814,0.0159,PDHQBCOMP,12.50,HQ2/9B,,measured
HQ2/9B TRIPS AT 200k,HQ2/9B,HQ2/9,hq209,WAGNER/OLSEN,other,,,200100,7.78,0.915,0.0218,PDHQBCOMP,12.50,HQ2/9B,,measured
HQ2/9B TRIPS AT 200k,HQ2/9B,HQ2/9,hq209,WAGNER/OLSEN,other,,,200100,9.31,0.989,0.0323,PDHQBCOMP,12.50,HQ2/9B,,measured
HQ2/9B TRIPS AT 200k,HQ2/9B,HQ2/9,hq209,WAGNER/OLSEN,other,,,200100,10.82,1.036,0.0564,PDHQBCOMP,12.50,HQ2/9B,,measured
HQ2/9B TRIPS AT 200k,HQ2/9B,HQ2/9,hq209,WAGNER/OLSEN,other,,,204700,-2.96,-0.08,0.0124,PDHQBCOMP,12.50,HQ2/9B,,measured
HQ2/9B TRIPS AT 200k,HQ2/9B,HQ2/9,hq209,WAGNER/OLSEN,other,,,204700,-1.41,0.068,0.0088,PDHQBCOMP,12.50,HQ2/9B,,measured
HQ2/9B TRIPS AT 200k,HQ2/9B,HQ2/9,hq209,WAGNER/OLSEN,other,,,204700,0.13,0.21,0.0078,PDHQBCOMP,12.50,HQ2/9B,,measured
HQ2/9B TRIPS AT 200k,HQ2/9B,HQ2/9,hq209,WAGNER/OLSEN,other,,,204700,1.66,0.376,0.0082,PDHQBCOMP,12.50,HQ2/9B,,measured
HQ2/9B TRIPS AT 200k,HQ2/9B,HQ2/9,hq209,WAGNER/OLSEN,other,,,204700,3.18,0.534,0.0089,PDHQBCOMP,12.50,HQ2/9B,,measured
HQ2/9B TRIPS AT 200k,HQ2/9B,HQ2/9,hq209,WAGNER/OLSEN,other,,,204700,4.73,0.683,0.0108,PDHQBCOMP,12.50,HQ2/9B,,measured
HQ2/9B TRIPS AT 200k,HQ2/9B,HQ2/9,hq209,WAGNER/OLSEN,other,,,204700,6.25,0.802,0.0153,PDHQBCOMP,12.50,HQ2/9B,,measured
HQ2/9B TRIPS AT 200k,HQ2/9B,HQ2/9,hq209,WAGNER/OLSEN,other,,,204700,7.77,0.907,0.0206,PDHQBCOMP,12.50,HQ2/9B,,measured
HQ2/9B TRIPS AT 200k,HQ2/9B,HQ2/9,hq209,WAGNER/OLSEN,other,,,204700,9.31,0.983,0.0286,PDHQBCOMP,12.50,HQ2/9B,,measured
HQ2/9B TRIPS AT 200k,HQ2/9B,HQ2/9,hq209,WAGNER/OLSEN,other,,,204700,10.81,1.033,0.0471,PDHQBCOMP,12.50,HQ2/9B,,measured
HQ2/9B TRIPS AT 200k,HQ2/9B,HQ2/9,hq209,WAGNER/OLSEN,other,,,204700,12.3,1.004,0.13,PDHQBCOMP,12.50,HQ2/9B,,measured
HQ2/9B TRIPS AT 200k,HQ2/9B,HQ2/9,hq209,WAGNER/OLSEN,other,,,204700,13.81,0.936,0.1999,PDHQBCOMP,12.50,HQ2/9B,,measured
J5012,J5012,J5012,j5012,RASKIN,clean,,,56500,-6.04,-0.596,0.0242,PDJR01,12.52,J5012,J5012,measured
J5012,J5012,J5012,j5012,RASKIN,clean,,,56500,-5.03,-0.51,0.0206,PDJR01,12.52,J5012,J5012,measured
J5012,J5012,J5012,j5012,RASKIN,clean,,,56500,-4.01,-0.447,0.0218,PDJR01,12.52,J5012,J5012,measured
J5012,J5012,J5012,j5012,RASKIN,clean,,,56500,-2.99,-0.38,0.0222,PDJR01,12.52,J5012,J5012,measured
J5012,J5012,J5012,j5012,RASKIN,clean,,,56500,-1.97,-0.201,0.0218,PDJR01,12.52,J5012,J5012,measured
J5012,J5012,J5012,j5012,RASKIN,clean,,,56500,-0.92,-0.002,0.0224,PDJR01,12.52,J5012,J5012,measured
J5012,J5012,J5012,j5012,RASKIN,clean,,,56500,0.09,0.008,0.0175,PDJR01,12.52,J5012,J5012,measured
J5012,J5012,J5012,j5012,RASKIN,clean,,,56500,1.11,0.112,0.0204,PDJR01,12.52,J5012,J5012,measured
J5012,J5012,J5012,j5012,RASKIN,clean,,,56500,2.16,0.34,0.0203,PDJR01,12.52,J5012,J5012,measured
J5012,J5012,J5012,j5012,RASKIN,clean,,,56500,3.2,0.449,0.0223,PDJR01,12.52,J5012,J5012,measured
J5012,J5012,J5012,j5012,RASKIN,clean,,,56500,4.21,0.529,0.0194,PDJR01,12.52,J5012,J5012,measured
J5012,J5012,J5012,j5012,RASKIN,clean,,,56500,5.24,0.631,0.0215,PDJR01,12.52,J5012,J5012,measured
J5012,J5012,J5012,j5012,RASKIN,clean,,,56500,6.25,0.689,0.0251,PDJR01,12.52,J5012,J5012,measured
J5012,J5012,J5012,j5012,RASKIN,clean,,,56500,7.26,0.742,0.0285,PDJR01,12.52,J5012,J5012,measured
J5012,J5012,J5012,j5012,RASKIN,clean,,,56500,8.27,0.802,0.0406,PDJR01,12.52,J5012,J5012,measured
J5012,J5012,J5012,j5012,RASKIN,clean,,,56500,9.27,0.842,0.0494,PDJR01,12.52,J5012,J5012,measured
J5012,J5012,J5012,j5012,RASKIN,clean,,,97800,-6.01,-0.55,0.0187,PDJR01,12.52,J5012,J5012,measured
J5012,J5012,J5012,j5012,RASKIN,clean,,,97800,-5.0,-0.485,0.0164,PDJR01,12.52,J5012,J5012,measured
J5012,J5012,J5012,j5012,RASKIN,clean,,,97800,-4.0,-0.407,0.0159,PDJR01,12.52,J5012,J5012,measured
J5012,J5012,J5012,j5012,RASKIN,clean,,,97800,-2.97,-0.342,0.016,PDJR01,12.52,J5012,J5012,measured
J5012,J5012,J5012,j5012,RASKIN,clean,,,97800,-1.96,-0.264,0.0156,PDJR01,12.52,J5012,J5012,measured
J5012,J5012,J5012,j5012,RASKIN,clean,,,97800,-0.93,-0.124,0.0185,PDJR01,12.52,J5012,J5012,measured
J5012,J5012,J5012,j5012,RASKIN,clean,,,97800,0.09,0.039,0.0165,PDJR01,12.52,J5012,J5012,measured
J5012,J5012,J5012,j5012,RASKIN,clean,,,97800,1.14,0.23,0.016,PDJR01,12.52,J5012,J5012,measured
J5012,J5012,J5012,j5012,RASKIN,clean,,,97800,2.17,0.352,0.0151,PDJR01,12.52,J5012,J5012,measured
J5012,J5012,J5012,j5012,RASKIN,clean,,,97800,3.19,0.423,0.0147,PDJR01,12.52,J5012,J5012,measured
J5012,J5012,J5012,j5012,RASKIN,clean,,,97800,4.19,0.494,0.0152,PDJR01,12.52,J5012,J5012,measured
J5012,J5012,J5012,j5012,RASKIN,clean,,,97800,5.22,0.568,0.017,PDJR01,12.52,J5012,J5012,measured
J5012,J5012,J5012,j5012,RASKIN,clean,,,97800,6.22,0.629,0.0225,PDJR01,12.52,J5012,J5012,measured
J5012,J5012,J5012,j5012,RASKIN,clean,,,97800,7.24,0.693,0.0275,PDJR01,12.52,J5012,J5012,measured
J5012,J5012,J5012,j5012,RASKIN,clean,,,97800,8.26,0.76,0.0344,PDJR01,12.52,J5012,J5012,measured
J5012,J5012,J5012,j5012,RASKIN,clean,,,97800,9.26,0.811,0.0455,PDJR01,12.52,J5012,J5012,measured
J5012,J5012,J5012,j5012,RASKIN,clean,,,151300,-6.05,-0.548,0.0163,PDJR01,12.52,J5012,J5012,measured
J5012,J5012,J5012,j5012,RASKIN,clean,,,151300,-5.02,-0.483,0.014,PDJR01,12.52,J5012,J5012,measured
J5012,J5012,J5012,j5012,RASKIN,clean,,,151300,-3.99,-0.411,0.0126,PDJR01,12.52,J5012,J5012,measured
J5012,J5012,J5012,j5012,RASKIN,clean,,,151300,-2.98,-0.329,0.012,PDJR01,12.52,J5012,J5012,measured
J5012,J5012,J5012,j5012,RASKIN,clean,,,151300,-1.95,-0.21,0.0122,PDJR01,12.52,J5012,J5012,measured
J5012,J5012,J5012,j5012,RASKIN,clean,,,151300,-0.93,-0.079,0.0126,PDJR01,12.52,J5012,J5012,measured
J5012,J5012,J5012,j5012,RASKIN,clean,,,151300,0.1,0.031,0.0131,PDJR01,12.52,J5012,J5012,measured
J5012,J5012,J5012,j5012,RASKIN,clean,,,151300,1.12,0.152,0.0125,PDJR01,12.52,J5012,J5012,measured
J5012,J5012,J5012,j5012,RASKIN,clean,,,151300,2.15,0.292,0.0123,PDJR01,12.52,J5012,J5012,measured
J5012,J5012,J5012,j5012,RASKIN,clean,,,151300,3.17,0.391,0.012,PDJR01,12.52,J5012,J5012,measured
J5012,J5012,J5012,j5012,RASKIN,clean,,,151300,4.18,0.458,0.0131,PDJR01,12.52,J5012,J5012,measured
J5012,J5012,J5012,j5012,RASKIN,clean,,,151300,5.2,0.518,0.0147,PDJR01,12.52,J5012,J5012,measured
J5012,J5012,J5012,j5012,RASKIN,clean,,,151300,6.22,0.587,0.0191,PDJR01,12.52,J5012,J5012,measured
J5012,J5012,J5012,j5012,RASKIN,clean,,,151300,7.24,0.654,0.0225,PDJR01,12.52,J5012,J5012,measured
J5012,J5012,J5012,j5012,RASKIN,clean,,,151300,8.25,0.717,0.0282,PDJR01,12.52,J5012,J5012,measured
J5012,J5012,J5012,j5012,RASKIN,clean,,,151300,9.27,0.776,0.0327,PDJR01,12.52,J5012,J5012,measured
J5012,J5012,J5012,j5012,RASKIN,clean,,,151300,10.27,0.793,0.0579,PDJR01,12.52,J5012,J5012,measured
J5012,J5012,J5012,j5012,RASKIN,clean,,,201900,-6.04,-0.551,0.0161,PDJR01,12.52,J5012,J5012,measured
J5012,J5012,J5012,j5012,RASKIN,clean,,,201900,-5.01,-0.48,0.0134,PDJR01,12.52,J5012,J5012,measured
J5012,J5012,J5012,j5012,RASKIN,clean,,,201900,-3.98,-0.401,0.0116,PDJR01,12.52,J5012,J5012,measured
J5012,J5012,J5012,j5012,RASKIN,clean,,,201900,-2.97,-0.289,0.0113,PDJR01,12.52,J5012,J5012,measured
J5012,J5012,J5012,j5012,RASKIN,clean,,,201900,-1.97,-0.16,0.0113,PDJR01,12.52,J5012,J5012,measured
J5012,J5012,J5012,j5012,RASKIN,clean,,,201900,-0.93,-0.048,0.0107,PDJR01,12.52,J5012,J5012,measured
J5012,J5012,J5012,j5012,RASKIN,clean,,,201900,0.09,0.043,0.0101,PDJR01,12.52,J5012,J5012,measured
J5012,J5012,J5012,j5012,RASKIN,clean,,,201900,1.11,0.122,0.0096,PDJR01,12.52,J5012,J5012,measured
J5012,J5012,J5012,j5012,RASKIN,clean,,,201900,2.13,0.235,0.01,PDJR01,12.52,J5012,J5012,measured
J5012,J5012,J5012,j5012,RASKIN,clean,,,201900,3.16,0.365,0.0105,PDJR01,12.52,J5012,J5012,measured
J5012,J5012,J5012,j5012,RASKIN,clean,,,201900,4.19,0.464,0.0119,PDJR01,12.52,J5012,J5012,measured
J5012,J5012,J5012,j5012,RASKIN,clean,,,201900,5.21,0.528,0.0141,PDJR01,12.52,J5012,J5012,measured
J5012,J5012,J5012,j5012,RASKIN,clean,,,201900,6.22,0.599,0.0174,PDJR01,12.52,J5012,J5012,measured
J5012,J5012,J5012,j5012,RASKIN,clean,,,201900,7.23,0.67,0.0212,PDJR01,12.52,J5012,J5012,measured
J5012,J5012,J5012,j5012,RASKIN,clean,,,201900,8.26,0.738,0.025,PDJR01,12.52,J5012,J5012,measured
J5012,J5012,J5012,j5012,RASKIN,clean,,,201900,9.26,0.791,0.0326,PDJR01,12.52,J5012,J5012,measured
J5012,J5012,J5012,j5012,RASKIN,clean,,,201900,10.26,0.824,0.0597,PDJR01,12.52,J5012,J5012,measured
J5012,J5012,J5012,j5012,RASKIN,clean,,,303100,-6.04,-0.545,0.014,PDJR01,12.52,J5012,J5012,measured
J5012,J5012,J5012,j5012,RASKIN,clean,,,303100,-5.01,-0.455,0.0129,PDJR01,12.52,J5012,J5012,measured
J5012,J5012,J5012,j5012,RASKIN,clean,,,303100,-4.02,-0.345,0.0115,PDJR01,12.52,J5012,J5012,measured
J5012,J5012,J5012,j5012,RASKIN,clean,,,303100,-2.97,-0.224,0.0094,PDJR01,12.52,J5012,J5012,measured
J5012,J5012,J5012,j5012,RASKIN,clean,,,303100,-1.93,-0.115,0.0086,PDJR01,12.52,J5012,J5012,measured
J5012,J5012,J5012,j5012,RASKIN,clean,,,303100,-0.92,-0.027,0.008,PDJR01,12.52,J5012,J5012,measured
J5012,J5012,J5012,j5012,RASKIN,clean,,,303100,0.09,0.054,0.0082,PDJR01,12.52,J5012,J5012,measured
J5012,J5012,J5012,j5012,RASKIN,clean,,,303100,1.12,0.144,0.0082,PDJR01,12.52,J5012,J5012,measured
J5012,J5012,J5012,j5012,RASKIN,clean,,,303100,2.13,0.24,0.0084,PDJR01,12.52,J5012,J5012,measured
J5012,J5012,J5012,j5012,RASKIN,clean,,,303100,3.16,0.339,0.0091,PDJR01,12.52,J5012,J5012,measured
J5012,J5012,J5012,j5012,RASKIN,clean,,,303100,4.18,0.442,0.0107,PDJR01,12.52,J5012,J5012,measured
J5012,J5012,J5012,j5012,RASKIN,clean,,,303100,5.2,0.53,0.0131,PDJR01,12.52,J5012,J5012,measured
J5012,J5012,J5012,j5012,RASKIN,clean,,,303100,6.22,0.605,0.0158,PDJR01,12.52,J5012,J5012,measured
J5012,J5012,J5012,j5012,RASKIN,clean,,,303100,7.23,0.678,0.0191,PDJR01,12.52,J5012,J5012,measured
J5012,J5012,J5012,j5012,RASKIN,clean,,,303100,8.25,0.745,0.0231,PDJR01,12.52,J5012,J5012,measured
J5012,J5012,J5012,j5012,RASKIN,clean,,,303100,9.26,0.8,0.0287,PDJR01,12.52,J5012,J5012,measured
J5012,J5012,J5012,j5012,RASKIN,clean,,,303100,10.28,0.843,0.0537,PDJR01,12.52,J5012,J5012,measured
MB253515,MB253515,MB253515,,BAME,clean,,,60100,-7.02,-0.531,0.0437,PDMB,12.53,MB253515,MB253515,measured
MB253515,MB253515,MB253515,,BAME,clean,,,60100,-6.02,-0.451,0.0374,PDMB,12.53,MB253515,MB253515,measured
MB253515,MB253515,MB253515,,BAME,clean,,,60100,-4.98,-0.354,0.0308,PDMB,12.53,MB253515,MB253515,measured
MB253515,MB253515,MB253515,,BAME,clean,,,60100,-3.96,-0.26,0.0263,PDMB,12.53,MB253515,MB253515,measured
MB253515,MB253515,MB253515,,BAME,clean,,,60100,-2.94,-0.19,0.0324,PDMB,12.53,MB253515,MB253515,measured
MB253515,MB253515,MB253515,,BAME,clean,,,60100,-1.91,0.002,0.0321,PDMB,12.53,MB253515,MB253515,measured
MB253515,MB253515,MB253515,,BAME,clean,,,60100,-0.9,0.076,0.0327,PDMB,12.53,MB253515,MB253515,measured
MB253515,MB253515,MB253515,,BAME,clean,,,60100,0.12,0.112,0.0366,PDMB,12.53,MB253515,MB253515,measured
MB253515,MB253515,MB253515,,BAME,clean,,,60100,1.14,0.194,0.0398,PDMB,12.53,MB253515,MB253515,measured
MB253515,MB253515,MB253515,,BAME,clean,,,60100,2.15,0.231,0.0446,PDMB,12.53,MB253515,MB253515,measured
MB253515,MB253515,MB253515,,BAME,clean,,,60100,3.16,0.285,0.0522,PDMB,12.53,MB253515,MB253515,measured
MB253515,MB253515,MB253515,,BAME,clean,,,60100,4.18,0.354,0.0637,PDMB,12.53,MB253515,MB253515,measured
MB253515,MB253515,MB253515,,BAME,clean,,,99500,-6.48,-0.368,0.0283,PDMB,12.53,MB253515,MB253515,measured
MB253515,MB253515,MB253515,,BAME,clean,,,99500,-5.66,-0.286,0.0248,PDMB,12.53,MB253515,MB253515,measured
MB253515,MB253515,MB253515,,BAME,clean,,,99500,-4.86,-0.222,0.0226,PDMB,12.53,MB253515,MB253515,measured
MB253515,MB253515,MB253515,,BAME,clean,,,99500,-4.04,-0.165,0.0215,PDMB,12.53,MB253515,MB253515,measured
MB253515,MB253515,MB253515,,BAME,clean,,,99500,-3.23,-0.092,0.0222,PDMB,12.53,MB253515,MB253515,measured
MB253515,MB253515,MB253515,,BAME,clean,,,99500,-2.42,-0.038,0.0234,PDMB,12.53,MB253515,MB253515,measured
MB253515,MB253515,MB253515,,BAME,clean,,,99500,-1.58,0.072,0.0262,PDMB,12.53,MB253515,MB253515,measured
MB253515,MB253515,MB253515,,BAME,clean,,,99500,-0.76,0.226,0.0298,PDMB,12.53,MB253515,MB253515,measured
MB253515,MB253515,MB253515,,BAME,clean,,,99500,0.06,0.331,0.028,PDMB,12.53,MB253515,MB253515,measured
MB253515,MB253515,MB253515,,BAME,clean,,,99500,0.87,0.369,0.0297,PDMB,12.53,MB253515,MB253515,measured
MB253515,MB253515,MB253515,,BAME,clean,,,99500,1.68,0.391,0.0313,PDMB,12.53,MB253515,MB253515,measured
MB253515,MB253515,MB253515,,BAME,clean,,,99500,2.49,0.446,0.0329,PDMB,12.53,MB253515,MB253515,measured
MB253515,MB253515,MB253515,,BAME,clean,,,99500,3.3,0.5,0.0356,PDMB,12.53,MB253515,MB253515,measured
MB253515,MB253515,MB253515,,BAME,clean,,,99500,4.13,0.595,0.0333,PDMB,12.53,MB253515,MB253515,measured
MB253515,MB253515,MB253515,,BAME,clean,,,99500,4.94,0.694,0.0321,PDMB,12.53,MB253515,MB253515,measured
MB253515,MB253515,MB253515,,BAME,clean,,,99500,5.77,0.788,0.028,PDMB,12.53,MB253515,MB253515,measured
MB253515,MB253515,MB253515,,BAME,clean,,,99500,6.58,0.86,0.0254,PDMB,12.53,MB253515,MB253515,measured
MB253515,MB253515,MB253515,,BAME,clean,,,99500,7.38,0.926,0.0228,PDMB,12.53,MB253515,MB253515,measured
MB253515,MB253515,MB253515,,BAME,clean,,,99500,8.21,0.991,0.0224,PDMB,12.53,MB253515,MB253515,measured
MB253515,MB253515,MB253515,,BAME,clean,,,99500,9.02,1.051,0.0218,PDMB,12.53,MB253515,MB253515,measured
MB253515,MB253515,MB253515,,BAME,clean,,,99500,9.82,1.04,0.0278,PDMB,12.53,MB253515,MB253515,measured
MB253515,MB253515,MB253515,,BAME,clean,,,99500,10.61,1.002,0.0459,PDMB,12.53,MB253515,MB253515,measured
MB253515,MB253515,MB253515,,BAME,clean,,,99500,11.41,0.978,0.0433,PDMB,12.53,MB253515,MB253515,measured
MB253515,MB253515,MB253515,,BAME,clean,,,126700,-2.91,-0.029,0.0193,PDMB,12.53,MB253515,MB253515,measured
MB253515,MB253515,MB253515,,BAME,clean,,,126700,-1.9,0.05,0.0199,PDMB,12.53,MB253515,MB253515,measured
MB253515,MB253515,MB253515,,BAME,clean,,,126700,-0.87,0.181,0.0218,PDMB,12.53,MB253515,MB253515,measured
MB253515,MB253515,MB253515,,BAME,clean,,,126700,0.17,0.353,0.0228,PDMB,12.53,MB253515,MB253515,measured
MB253515,MB253515,MB253515,,BAME,clean,,,126700,1.19,0.476,0.0211,PDMB,12.53,MB253515,MB253515,measured
MB253515,MB253515,MB253515,,BAME,clean,,,126700,2.2,0.549,0.0208,PDMB,12.53,MB253515,MB253515,measured
MB253515,MB253515,MB253515,,BAME,clean,,,126700,3.23,0.621,0.0216,PDMB,12.53,MB253515,MB253515,measured
MB253515,MB253515,MB253515,,BAME,clean,,,126700,4.23,0.704,0.0216,PDMB,12.53,MB253515,MB253515,measured
MB253515,MB253515,MB253515,,BAME,clean,,,126700,5.26,0.789,0.0228,PDMB,12.53,MB253515,MB253515,measured
MB253515,MB253515,MB253515,,BAME,clean,,,126700,6.27,0.87,0.0201,PDMB,12.53,MB253515,MB253515,measured
MB253515,MB253515,MB253515,,BAME,clean,,,126700,7.29,0.952,0.0218,PDMB,12.53,MB253515,MB253515,measured
MB253515,MB253515,MB253515,,BAME,clean,,,126700,8.32,1.033,0.0202,PDMB,12.53,MB253515,MB253515,measured
MB253515,MB253515,MB253515,,BAME,clean,,,126700,9.31,1.028,0.0273,PDMB,12.53,MB253515,MB253515,measured
MB253515,MB253515,MB253515,,BAME,clean,,,126700,10.32,0.998,0.0325,PDMB,12.53,MB253515,MB253515,measured
MB253515,MB253515,MB253515,,BAME,clean,,,149700,-5.95,-0.237,0.0206,PDMB,12.53,MB253515,MB253515,measured
MB253515,MB253515,MB253515,,BAME,clean,,,149700,-4.97,-0.175,0.0177,PDMB,12.53,MB253515,MB253515,measured
MB253515,MB253515,MB253515,,BAME,clean,,,149700,-3.94,-0.127,0.0156,PDMB,12.53,MB253515,MB253515,measured
MB253515,MB253515,MB253515,,BAME,clean,,,149700,-2.92,-0.047,0.0157,PDMB,12.53,MB253515,MB253515,measured
MB253515,MB253515,MB253515,,BAME,clean,,,149700,-1.91,0.033,0.0167,PDMB,12.53,MB253515,MB253515,measured
MB253515,MB253515,MB253515,,BAME,clean,,,149700,-0.88,0.12,0.0173,PDMB,12.53,MB253515,MB253515,measured
MB253515,MB253515,MB253515,,BAME,clean,,,149700,0.16,0.268,0.018,PDMB,12.53,MB253515,MB253515,measured
MB253515,MB253515,MB253515,,BAME,clean,,,149700,1.18,0.434,0.0179,PDMB,12.53,MB253515,MB253515,measured
MB253515,MB253515,MB253515,,BAME,clean,,,149700,2.21,0.546,0.018,PDMB,12.53,MB253515,MB253515,measured
MB253515,MB253515,MB253515,,BAME,clean,,,149700,3.23,0.624,0.0182,PDMB,12.53,MB253515,MB253515,measured
MB253515,MB253515,MB253515,,BAME,clean,,,149700,4.24,0.705,0.0183,PDMB,12.53,MB253515,MB253515,measured
MB253515,MB253515,MB253515,,BAME,clean,,,149700,5.26,0.789,0.018,PDMB,12.53,MB253515,MB253515,measured
MB253515,MB253515,MB253515,,BAME,clean,,,149700,6.28,0.87,0.018,PDMB,12.53,MB253515,MB253515,measured
MB253515,MB253515,MB253515,,BAME,clean,,,149700,7.29,0.949,0.0185,PDMB,12.53,MB253515,MB253515,measured
MB253515,MB253515,MB253515,,BAME,clean,,,149700,8.32,1.034,0.0193,PDMB,12.53,MB253515,MB253515,measured
MB253515,MB253515,MB253515,,BAME,clean,,,149700,9.32,1.032,0.0258,PDMB,12.53,MB253515,MB253515,measured
MB253515,MB253515,MB253515,,BAME,clean,,,149700,10.31,0.998,0.0423,PDMB,12.53,MB253515,MB253515,measured
MB253515,MB253515,MB253515,,BAME,clean,,,177600,-2.91,-0.027,0.0136,PDMB,12.53,MB253515,MB253515,measured
MB253515,MB253515,MB253515,,BAME,clean,,,177600,-1.9,0.053,0.0141,PDMB,12.53,MB253515,MB253515,measured
MB253515,MB253515,MB253515,,BAME,clean,,,177600,-0.88,0.141,0.015,PDMB,12.53,MB253515,MB253515,measured
MB253515,MB253515,MB253515,,BAME,clean,,,177600,0.14,0.266,0.016,PDMB,12.53,MB253515,MB253515,measured
MB253515,MB253515,MB253515,,BAME,clean,,,177600,1.19,0.427,0.0151,PDMB,12.53,MB253515,MB253515,measured
MB253515,MB253515,MB253515,,BAME,clean,,,177600,2.2,0.563,0.0151,PDMB,12.53,MB253515,MB253515,measured
MB253515,MB253515,MB253515,,BAME,clean,,,177600,3.23,0.65,0.0153,PDMB,12.53,MB253515,MB253515,measured
MB253515,MB253515,MB253515,,BAME,clean,,,177600,4.24,0.73,0.015,PDMB,12.53,MB253515,MB253515,measured
MB253515,MB253515,MB253515,,BAME,clean,,,177600,5.26,0.811,0.0158,PDMB,12.53,MB253515,MB253515,measured
MB253515,MB253515,MB253515,,BAME,clean,,,177600,6.29,0.89,0.0159,PDMB,12.53,MB253515,MB253515,measured
MB253515,MB253515,MB253515,,BAME,clean,,,177600,7.3,0.97,0.0165,PDMB,12.53,MB253515,MB253515,measured
MB253515,MB253515,MB253515,,BAME,clean,,,177600,8.3,1.011,0.0201,PDMB,12.53,MB253515,MB253515,measured
MB253515,MB253515,MB253515,,BAME,clean,,,177600,9.3,0.994,0.0332,PDMB,12.53,MB253515,MB253515,measured
MB253515,MB253515,MB253515,,BAME,clean,,,177600,10.3,0.971,0.0448,PDMB,12.53,MB253515,MB253515,measured
MB253515,MB253515,MB253515,,BAME,clean,,,177600,11.3,0.961,0.0522,PDMB,12.53,MB253515,MB253515,measured
MB253515,MB253515,MB253515,,BAME,clean,,,200100,-6.99,-0.309,0.0211,PDMB,12.53,MB253515,MB253515,measured
MB253515,MB253515,MB253515,,BAME,clean,,,200100,-5.98,-0.24,0.018,PDMB,12.53,MB253515,MB253515,measured
MB253515,MB253515,MB253515,,BAME,clean,,,200100,-4.97,-0.17,0.0161,PDMB,12.53,MB253515,MB253515,measured
MB253515,MB253515,MB253515,,BAME,clean,,,200100,-3.95,-0.111,0.0133,PDMB,12.53,MB253515,MB253515,measured
MB253515,MB253515,MB253515,,BAME,clean,,,200100,-2.91,-0.034,0.0127,PDMB,12.53,MB253515,MB253515,measured
MB253515,MB253515,MB253515,,BAME,clean,,,200100,-1.9,0.053,0.0129,PDMB,12.53,MB253515,MB253515,measured
MB253515,MB253515,MB253515,,BAME,clean,,,200100,-0.88,0.139,0.0134,PDMB,12.53,MB253515,MB253515,measured
MB253515,MB253515,MB253515,,BAME,clean,,,200100,0.14,0.238,0.0138,PDMB,12.53,MB253515,MB253515,measured
MB253515,MB253515,MB253515,,BAME,clean,,,200100,1.17,0.37,0.0143,PDMB,12.53,MB253515,MB253515,measured
MB253515,MB253515,MB253515,,BAME,clean,,,200100,2.21,0.543,0.0144,PDMB,12.53,MB253515,MB253515,measured
MB253515,MB253515,MB253515,,BAME,clean,,,200100,3.24,0.642,0.0148,PDMB,12.53,MB253515,MB253515,measured
MB253515,MB253515,MB253515,,BAME,clean,,,200100,4.25,0.72,0.0147,PDMB,12.53,MB253515,MB253515,measured
MB253515,MB253515,MB253515,,BAME,clean,,,200100,5.26,0.8,0.0149,PDMB,12.53,MB253515,MB253515,measured
MB253515,MB253515,MB253515,,BAME,clean,,,200100,6.28,0.88,0.0151,PDMB,12.53,MB253515,MB253515,measured
MB253515,MB253515,MB253515,,BAME,clean,,,200100,7.3,0.961,0.0162,PDMB,12.53,MB253515,MB253515,measured
MB253515,MB253515,MB253515,,BAME,clean,,,200100,8.32,1.013,0.0177,PDMB,12.53,MB253515,MB253515,measured
MB253515,MB253515,MB253515,,BAME,clean,,,200100,9.31,0.998,0.0252,PDMB,12.53,MB253515,MB253515,measured
MB253515,MB253515,MB253515,,BAME,clean,,,200100,10.3,0.964,0.0378,PDMB,12.53,MB253515,MB253515,measured
MB253515,MB253515,MB253515,,BAME,clean,,,200100,11.3,0.952,0.0443,PDMB,12.53,MB253515,MB253515,measured
MB253515,MB253515,MB253515,,BAME,clean,,,250100,-2.93,-0.034,0.011,PDMB,12.53,MB253515,MB253515,measured
MB253515,MB253515,MB253515,,BAME,clean,,,250100,-1.89,0.059,0.0109,PDMB,12.53,MB253515,MB253515,measured
MB253515,MB253515,MB253515,,BAME,clean,,,250100,-0.87,0.152,0.0113,PDMB,12.53,MB253515,MB253515,measured
MB253515,MB253515,MB253515,,BAME,clean,,,250100,0.13,0.247,0.0114,PDMB,12.53,MB253515,MB253515,measured
MB253515,MB253515,MB253515,,BAME,clean,,,250100,1.17,0.367,0.0116,PDMB,12.53,MB253515,MB253515,measured
MB253515,MB253515,MB253515,,BAME,clean,,,250100,2.2,0.522,0.013,PDMB,12.53,MB253515,MB253515,measured
MB253515,MB253515,MB253515,,BAME,clean,,,250100,3.22,0.658,0.0121,PDMB,12.53,MB253515,MB253515,measured
MB253515,MB253515,MB253515,,BAME,clean,,,250100,4.25,0.748,0.0126,PDMB,12.53,MB253515,MB253515,measured
MB253515,MB253515,MB253515,,BAME,clean,,,250100,5.28,0.829,0.0127,PDMB,12.53,MB253515,MB253515,measured
MB253515,MB253515,MB253515,,BAME,clean,,,250100,6.28,0.907,0.0137,PDMB,12.53,MB253515,MB253515,measured
MB253515,MB253515,MB253515,,BAME,clean,,,250100,7.3,0.976,0.0145,PDMB,12.53,MB253515,MB253515,measured
MB253515,MB253515,MB253515,,BAME,clean,,,250100,8.29,1.001,0.0187,PDMB,12.53,MB253515,MB253515,measured
MB253515,MB253515,MB253515,,BAME,clean,,,250100,9.29,0.982,0.0324,PDMB,12.53,MB253515,MB253515,measured
MB253515,MB253515,MB253515,,BAME,clean,,,250100,10.29,0.968,0.0391,PDMB,12.53,MB253515,MB253515,measured
MB253515,MB253515,MB253515,,BAME,clean,,,301600,-7.09,-0.348,0.0191,PDMB,12.53,MB253515,MB253515,measured
MB253515,MB253515,MB253515,,BAME,clean,,,301600,-6.05,-0.272,0.0167,PDMB,12.53,MB253515,MB253515,measured
MB253515,MB253515,MB253515,,BAME,clean,,,301600,-5.03,-0.193,0.0144,PDMB,12.53,MB253515,MB253515,measured
MB253515,MB253515,MB253515,,BAME,clean,,,301600,-3.96,-0.118,0.0118,PDMB,12.53,MB253515,MB253515,measured
MB253515,MB253515,MB253515,,BAME,clean,,,301600,-2.97,-0.044,0.0103,PDMB,12.53,MB253515,MB253515,measured
MB253515,MB253515,MB253515,,BAME,clean,,,301600,-1.92,0.047,0.0105,PDMB,12.53,MB253515,MB253515,measured
MB253515,MB253515,MB253515,,BAME,clean,,,301600,-0.88,0.146,0.0101,PDMB,12.53,MB253515,MB253515,measured
MB253515,MB253515,MB253515,,BAME,clean,,,301600,0.13,0.241,0.01,PDMB,12.53,MB253515,MB253515,measured
MB253515,MB253515,MB253515,,BAME,clean,,,301600,1.17,0.341,0.0103,PDMB,12.53,MB253515,MB253515,measured
MB253515,MB253515,MB253515,,BAME,clean,,,301600,2.18,0.465,0.0108,PDMB,12.53,MB253515,MB253515,measured
MB253515,MB253515,MB253515,,BAME,clean,,,301600,3.22,0.61,0.0112,PDMB,12.53,MB253515,MB253515,measured
MB253515,MB253515,MB253515,,BAME,clean,,,301600,4.24,0.722,0.0111,PDMB,12.53,MB253515,MB253515,measured
MB253515,MB253515,MB253515,,BAME,clean,,,301600,5.26,0.801,0.0116,PDMB,12.53,MB253515,MB253515,measured
MB253515,MB253515,MB253515,,BAME,clean,,,301600,6.28,0.878,0.0125,PDMB,12.53,MB253515,MB253515,measured
MB253515,MB253515,MB253515,,BAME,clean,,,301600,7.3,0.947,0.0138,PDMB,12.53,MB253515,MB253515,measured
MB253515,MB253515,MB253515,,BAME,clean,,,301600,8.3,0.976,0.0176,PDMB,12.53,MB253515,MB253515,measured
MB253515,MB253515,MB253515,,BAME,clean,,,301600,9.3,0.958,0.027,PDMB,12.53,MB253515,MB253515,measured
MB253515,MB253515,MB253515,,BAME,clean,,,301600,10.3,0.943,0.0371,PDMB,12.53,MB253515,MB253515,measured
"MB253515 UST .020, .125, 20%",MB253515,MB253515,,BAME,tripped,0.2,,59600,-2.92,-0.053,0.0238,PDMBUST2012520,12.54,MB253515,MB253515,measured
"MB253515 UST .020, .125, 20%",MB253515,MB253515,,BAME,tripped,0.2,,59600,-1.88,0.166,0.0254,PDMBUST2012520,12.54,MB253515,MB253515,measured
"MB253515 UST .020, .125, 20%",MB253515,MB253515,,BAME,tripped,0.2,,59600,-0.83,0.348,0.025,PDMBUST2012520,12.54,MB253515,MB253515,measured
"MB253515 UST .020, .125, 20%",MB253515,MB253515,,BAME,tripped,0.2,,59600,0.17,0.396,0.0251,PDMBUST2012520,12.54,MB253515,MB253515,measured
"MB253515 UST .020, .125, 20%",MB253515,MB253515,,BAME,tripped,0.2,,59600,1.2,0.444,0.0259,PDMBUST2012520,12.54,MB253515,MB253515,measured
"MB253515 UST .020, .125, 20%",MB253515,MB253515,,BAME,tripped,0.2,,59600,2.21,0.517,0.0267,PDMBUST2012520,12.54,MB253515,MB253515,measured
"MB253515 UST .020, .125, 20%",MB253515,MB253515,,BAME,tripped,0.2,,59600,3.23,0.587,0.0273,PDMBUST2012520,12.54,MB253515,MB253515,measured
"MB253515 UST .020, .125, 20%",MB253515,MB253515,,BAME,tripped,0.2,,59600,4.24,0.671,0.027,PDMBUST2012520,12.54,MB253515,MB253515,measured
"MB253515 UST .020, .125, 20%",MB253515,MB253515,,BAME,tripped,0.2,,59600,5.27,0.761,0.0272,PDMBUST2012520,12.54,MB253515,MB253515,measured
"MB253515 UST .020, .125, 20%",MB253515,MB253515,,BAME,tripped,0.2,,59600,6.28,0.849,0.0291,PDMBUST2012520,12.54,MB253515,MB253515,measured
"MB253515 UST .020, .125, 20%",MB253515,MB253515,,BAME,tripped,0.2,,59600,7.29,0.92,0.0311,PDMBUST2012520,12.54,MB253515,MB253515,measured
"MB253515 UST .020, .125, 20%",MB253515,MB253515,,BAME,tripped,0.2,,59600,8.24,0.613,0.0965,PDMBUST2012520,12.54,MB253515,MB253515,measured
"MB253515 UST .020, .125, 20%",MB253515,MB253515,,BAME,tripped,0.2,,101300,-4.95,-0.2,0.0189,PDMBUST2012520,12.54,MB253515,MB253515,measured
"MB253515 UST .020, .125, 20%",MB253515,MB253515,,BAME,tripped,0.2,,101300,-3.93,-0.134,0.0146,PDMBUST2012520,12.54,MB253515,MB253515,measured
"MB253515 UST .020, .125, 20%",MB253515,MB253515,,BAME,tripped,0.2,,101300,-2.92,-0.07,0.0161,PDMBUST2012520,12.54,MB253515,MB253515,measured
"MB253515 UST .020, .125, 20%",MB253515,MB253515,,BAME,tripped,0.2,,101300,-1.9,0.008,0.0174,PDMBUST2012520,12.54,MB253515,MB253515,measured
"MB253515 UST .020, .125, 20%",MB253515,MB253515,,BAME,tripped,0.2,,101300,-0.87,0.181,0.0178,PDMBUST2012520,12.54,MB253515,MB253515,measured
"MB253515 UST .020, .125, 20%",MB253515,MB253515,,BAME,tripped,0.2,,101300,0.17,0.354,0.0168,PDMBUST2012520,12.54,MB253515,MB253515,measured
"MB253515 UST .020, .125, 20%",MB253515,MB253515,,BAME,tripped,0.2,,101300,1.19,0.463,0.0168,PDMBUST2012520,12.54,MB253515,MB253515,measured
"MB253515 UST .020, .125, 20%",MB253515,MB253515,,BAME,tripped,0.2,,101300,2.21,0.541,0.0169,PDMBUST2012520,12.54,MB253515,MB253515,measured
"MB253515 UST .020, .125, 20%",MB253515,MB253515,,BAME,tripped,0.2,,101300,3.24,0.615,0.0172,PDMBUST2012520,12.54,MB253515,MB253515,measured
"MB253515 UST .020, .125, 20%",MB253515,MB253515,,BAME,tripped,0.2,,101300,4.24,0.697,0.0179,PDMBUST2012520,12.54,MB253515,MB253515,measured
"MB253515 UST .020, .125, 20%",MB253515,MB253515,,BAME,tripped,0.2,,101300,5.26,0.778,0.018,PDMBUST2012520,12.54,MB253515,MB253515,measured
"MB253515 UST .020, .125, 20%",MB253515,MB253515,,BAME,tripped,0.2,,101300,6.28,0.863,0.0197,PDMBUST2012520,12.54,MB253515,MB253515,measured
"MB253515 UST .020, .125, 20%",MB253515,MB253515,,BAME,tripped,0.2,,101300,7.3,0.939,0.021,PDMBUST2012520,12.54,MB253515,MB253515,measured
"MB253515 UST .020, .125, 20%",MB253515,MB253515,,BAME,tripped,0.2,,101300,8.32,1.015,0.0235,PDMBUST2012520,12.54,MB253515,MB253515,measured
"MB253515 UST .020, .125, 20%",MB253515,MB253515,,BAME,tripped,0.2,,101300,9.33,1.09,0.0254,PDMBUST2012520,12.54,MB253515,MB253515,measured
"MB253515 UST .020, .125, 20%",MB253515,MB253515,,BAME,tripped,0.2,,101300,10.33,1.051,0.0288,PDMBUST2012520,12.54,MB253515,MB253515,measured
"MB253515 UST .020, .125, 20%",MB253515,MB253515,,BAME,tripped,0.2,,101300,11.31,1.004,0.039,PDMBUST2012520,12.54,MB253515,MB253515,measured
"MB253515 UST .020, .125, 20%",MB253515,MB253515,,BAME,tripped,0.2,,101300,12.31,0.991,0.0464,PDMBUST2012520,12.54,MB253515,MB253515,measured
"MB253515 UST .020, .125, 20%",MB253515,MB253515,,BAME,tripped,0.2,,203600,-2.91,-0.06,0.0115,PDMBUST2012520,12.54,MB253515,MB253515,measured
"MB253515 UST .020, .125, 20%",MB253515,MB253515,,BAME,tripped,0.2,,203600,-1.9,0.029,0.0117,PDMBUST2012520,12.54,MB253515,MB253515,measured
"MB253515 UST .020, .125, 20%",MB253515,MB253515,,BAME,tripped,0.2,,203600,-0.89,0.115,0.0121,PDMBUST2012520,12.54,MB253515,MB253515,measured
"MB253515 UST .020, .125, 20%",MB253515,MB253515,,BAME,tripped,0.2,,203600,0.14,0.213,0.0119,PDMBUST2012520,12.54,MB253515,MB253515,measured
"MB253515 UST .020, .125, 20%",MB253515,MB253515,,BAME,tripped,0.2,,203600,1.18,0.346,0.0128,PDMBUST2012520,12.54,MB253515,MB253515,measured
"MB253515 UST .020, .125, 20%",MB253515,MB253515,,BAME,tripped,0.2,,203600,2.21,0.517,0.0135,PDMBUST2012520,12.54,MB253515,MB253515,measured
"MB253515 UST .020, .125, 20%",MB253515,MB253515,,BAME,tripped,0.2,,203600,3.23,0.611,0.0141,PDMBUST2012520,12.54,MB253515,MB253515,measured
"MB253515 UST .020, .125, 20%",MB253515,MB253515,,BAME,tripped,0.2,,203600,4.24,0.675,0.0147,PDMBUST2012520,12.54,MB253515,MB253515,measured
"MB253515 UST .020, .125, 20%",MB253515,MB253515,,BAME,tripped,0.2,,203600,5.25,0.749,0.0154,PDMBUST2012520,12.54,MB253515,MB253515,measured
"MB253515 UST .020, .125, 20%",MB253515,MB253515,,BAME,tripped,0.2,,203600,6.28,0.83,0.0168,PDMBUST2012520,12.54,MB253515,MB253515,measured
"MB253515 UST .020, .125, 20%",MB253515,MB253515,,BAME,tripped,0.2,,203600,7.3,0.914,0.0181,PDMBUST2012520,12.54,MB253515,MB253515,measured
"MB253515 UST .020, .125, 20%",MB253515,MB253515,,BAME,tripped,0.2,,203600,8.31,0.988,0.0196,PDMBUST2012520,12.54,MB253515,MB253515,measured
"MB253515 UST .020, .125, 20%",MB253515,MB253515,,BAME,tripped,0.2,,203600,9.32,1.01,0.0266,PDMBUST2012520,12.54,MB253515,MB253515,measured
"MB253515 UST .020, .125, 20%",MB253515,MB253515,,BAME,tripped,0.2,,203600,10.31,0.974,0.0414,PDMBUST2012520,12.54,MB253515,MB253515,measured
"MB253515 UST .020, .125, 20%",MB253515,MB253515,,BAME,tripped,0.2,,203600,11.31,0.959,0.0506,PDMBUST2012520,12.54,MB253515,MB253515,measured
"MB253515 UST .020, .125, 20%",MB253515,MB253515,,BAME,tripped,0.2,,203600,12.31,0.955,0.0586,PDMBUST2012520,12.54,MB253515,MB253515,measured
"MB253515 UST .020, .125, 20%",MB253515,MB253515,,BAME,tripped,0.2,,203600,13.31,0.955,0.0714,PDMBUST2012520,12.54,MB253515,MB253515,measured
"MB253515 UST .020, .125, 20%",MB253515,MB253515,,BAME,tripped,0.2,,203600,14.31,0.952,0.0881,PDMBUST2012520,12.54,MB253515,MB253515,measured
"MB253515 UST .020, .125, 20%",MB253515,MB253515,,BAME,tripped,0.2,,306300,-2.93,-0.066,0.0108,PDMBUST2012520,12.54,MB253515,MB253515,measured
"MB253515 UST .020, .125, 20%",MB253515,MB253515,,BAME,tripped,0.2,,306300,-1.9,0.018,0.0108,PDMBUST2012520,12.54,MB253515,MB253515,measured
"MB253515 UST .020, .125, 20%",MB253515,MB253515,,BAME,tripped,0.2,,306300,-0.89,0.109,0.0114,PDMBUST2012520,12.54,MB253515,MB253515,measured
"MB253515 UST .020, .125, 20%",MB253515,MB253515,,BAME,tripped,0.2,,306300,0.14,0.202,0.0118,PDMBUST2012520,12.54,MB253515,MB253515,measured
"MB253515 UST .020, .125, 20%",MB253515,MB253515,,BAME,tripped,0.2,,306300,1.15,0.298,0.0122,PDMBUST2012520,12.54,MB253515,MB253515,measured
"MB253515 UST .020, .125, 20%",MB253515,MB253515,,BAME,tripped,0.2,,306300,2.19,0.437,0.0129,PDMBUST2012520,12.54,MB253515,MB253515,measured
"MB253515 UST .020, .125, 20%",MB253515,MB253515,,BAME,tripped,0.2,,306300,3.22,0.582,0.0135,PDMBUST2012520,12.54,MB253515,MB253515,measured
"MB253515 UST .020, .125, 20%",MB253515,MB253515,,BAME,tripped,0.2,,306300,4.24,0.668,0.0135,PDMBUST2012520,12.54,MB253515,MB253515,measured
"MB253515 UST .020, .125, 20%",MB253515,MB253515,,BAME,tripped,0.2,,306300,5.26,0.736,0.0143,PDMBUST2012520,12.54,MB253515,MB253515,measured
"MB253515 UST .020, .125, 20%",MB253515,MB253515,,BAME,tripped,0.2,,306300,6.27,0.816,0.0149,PDMBUST2012520,12.54,MB253515,MB253515,measured
"MB253515 UST .020, .125, 20%",MB253515,MB253515,,BAME,tripped,0.2,,306300,7.29,0.899,0.0159,PDMBUST2012520,12.54,MB253515,MB253515,measured
"MB253515 UST .020, .125, 20%",MB253515,MB253515,,BAME,tripped,0.2,,306300,8.3,0.972,0.0178,PDMBUST2012520,12.54,MB253515,MB253515,measured
MILEY,MILEY,MILEY,miley,N. ANDERSON,clean,,,201600,-3.93,0.007,0.0342,PDML,12.56,MILEY,MILEY,measured
MILEY,MILEY,MILEY,miley,N. ANDERSON,clean,,,201600,-2.91,0.107,0.0303,PDML,12.56,MILEY,MILEY,measured
MILEY,MILEY,MILEY,miley,N. ANDERSON,clean,,,201600,-1.88,0.206,0.0307,PDML,12.56,MILEY,MILEY,measured
MILEY,MILEY,MILEY,miley,N. ANDERSON,clean,,,201600,-0.86,0.303,0.0344,PDML,12.56,MILEY,MILEY,measured
MILEY,MILEY,MILEY,miley,N. ANDERSON,clean,,,201600,0.17,0.388,0.0414,PDML,12.56,MILEY,MILEY,measured
MILEY,MILEY,MILEY,miley,N. ANDERSON,clean,,,201600,1.18,0.463,0.0492,PDML,12.56,MILEY,MILEY,measured
MILEY,MILEY,MILEY,miley,N. ANDERSON,clean,,,201600,2.22,0.558,0.0518,PDML,12.56,MILEY,MILEY,measured
MILEY,MILEY,MILEY,miley,N. ANDERSON,clean,,,201600,3.22,0.666,0.0497,PDML,12.56,MILEY,MILEY,measured
MILEY,MILEY,MILEY,miley,N. ANDERSON,clean,,,201600,4.26,0.782,0.041,PDML,12.56,MILEY,MILEY,measured
MILEY,MILEY,MILEY,miley,N. ANDERSON,clean,,,201600,5.28,0.894,0.0344,PDML,12.56,MILEY,MILEY,measured
MILEY,MILEY,MILEY,miley,N. ANDERSON,clean,,,201600,6.28,1.002,0.03,PDML,12.56,MILEY,MILEY,measured
MILEY,MILEY,MILEY,miley,N. ANDERSON,clean,,,201600,7.32,1.113,0.0266,PDML,12.56,MILEY,MILEY,measured
MILEY,MILEY,MILEY,miley,N. ANDERSON,clean,,,201600,8.34,1.22,0.024,PDML,12.56,MILEY,MILEY,measured
MILEY,MILEY,MILEY,miley,N. ANDERSON,clean,,,201600,9.36,1.326,0.0212,PDML,12.56,MILEY,MILEY,measured
MILEY,MILEY,MILEY,miley,N. ANDERSON,clean,,,201600,10.38,1.43,0.0194,PDML,12.56,MILEY,MILEY,measured
MILEY,MILEY,MILEY,miley,N. ANDERSON,clean,,,201600,11.38,1.46,0.0336,PDML,12.56,MILEY,MILEY,measured
MILEY,MILEY,MILEY,miley,N. ANDERSON,clean,,,232000,-4.98,-0.157,0.0534,PDML,12.56,MILEY,MILEY,measured
MILEY,MILEY,MILEY,miley,N. ANDERSON,clean,,,232000,-3.92,-0.043,0.0378,PDML,12.56,MILEY,MILEY,measured
MILEY,MILEY,MILEY,miley,N. ANDERSON,clean,,,232000,-2.93,0.06,0.0284,PDML,12.56,MILEY,MILEY,measured
MILEY,MILEY,MILEY,miley,N. ANDERSON,clean,,,232000,-1.89,0.162,0.0261,PDML,12.56,MILEY,MILEY,measured
MILEY,MILEY,MILEY,miley,N. ANDERSON,clean,,,232000,-0.85,0.265,0.0251,PDML,12.56,MILEY,MILEY,measured
MILEY,MILEY,MILEY,miley,N. ANDERSON,clean,,,232000,0.16,0.366,0.0251,PDML,12.56,MILEY,MILEY,measured
MILEY,MILEY,MILEY,miley,N. ANDERSON,clean,,,232000,1.18,0.462,0.0271,PDML,12.56,MILEY,MILEY,measured
MILEY,MILEY,MILEY,miley,N. ANDERSON,clean,,,232000,2.2,0.562,0.0298,PDML,12.56,MILEY,MILEY,measured
MILEY,MILEY,MILEY,miley,N. ANDERSON,clean,,,232000,3.22,0.663,0.0302,PDML,12.56,MILEY,MILEY,measured
MILEY,MILEY,MILEY,miley,N. ANDERSON,clean,,,232000,4.25,0.766,0.0276,PDML,12.56,MILEY,MILEY,measured
MILEY,MILEY,MILEY,miley,N. ANDERSON,clean,,,232000,5.28,0.871,0.0251,PDML,12.56,MILEY,MILEY,measured
MILEY,MILEY,MILEY,miley,N. ANDERSON,clean,,,232000,6.3,0.975,0.0235,PDML,12.56,MILEY,MILEY,measured
MILEY,MILEY,MILEY,miley,N. ANDERSON,clean,,,232000,7.32,1.078,0.0218,PDML,12.56,MILEY,MILEY,measured
MILEY,MILEY,MILEY,miley,N. ANDERSON,clean,,,232000,8.35,1.183,0.0201,PDML,12.56,MILEY,MILEY,measured
MILEY,MILEY,MILEY,miley,N. ANDERSON,clean,,,232000,9.36,1.283,0.0179,PDML,12.56,MILEY,MILEY,measured
MILEY,MILEY,MILEY,miley,N. ANDERSON,clean,,,232000,10.37,1.364,0.0176,PDML,12.56,MILEY,MILEY,measured
MILEY,MILEY,MILEY,miley,N. ANDERSON,clean,,,232000,11.37,1.364,0.0395,PDML,12.56,MILEY,MILEY,measured
MILEY,MILEY,MILEY,miley,N. ANDERSON,clean,,,232000,12.39,1.326,0.0629,PDML,12.56,MILEY,MILEY,measured
MILEY,MILEY,MILEY,miley,N. ANDERSON,clean,,,232000,13.36,1.291,0.0501,PDML,12.56,MILEY,MILEY,measured
MILEY,MILEY,MILEY,miley,N. ANDERSON,clean,,,254600,-3.92,0.0,0.0306,PDML,12.56,MILEY,MILEY,measured
MILEY,MILEY,MILEY,miley,N. ANDERSON,clean,,,254600,-2.9,0.103,0.0253,PDML,12.56,MILEY,MILEY,measured
MILEY,MILEY,MILEY,miley,N. ANDERSON,clean,,,254600,-1.88,0.202,0.0226,PDML,12.56,MILEY,MILEY,measured
MILEY,MILEY,MILEY,miley,N. ANDERSON,clean,,,254600,-0.85,0.304,0.0219,PDML,12.56,MILEY,MILEY,measured
MILEY,MILEY,MILEY,miley,N. ANDERSON,clean,,,254600,0.16,0.407,0.0209,PDML,12.56,MILEY,MILEY,measured
MILEY,MILEY,MILEY,miley,N. ANDERSON,clean,,,254600,1.18,0.51,0.0213,PDML,12.56,MILEY,MILEY,measured
MILEY,MILEY,MILEY,miley,N. ANDERSON,clean,,,254600,2.21,0.611,0.0224,PDML,12.56,MILEY,MILEY,measured
MILEY,MILEY,MILEY,miley,N. ANDERSON,clean,,,254600,3.25,0.716,0.0228,PDML,12.56,MILEY,MILEY,measured
MILEY,MILEY,MILEY,miley,N. ANDERSON,clean,,,254600,4.25,0.817,0.0227,PDML,12.56,MILEY,MILEY,measured
MILEY,MILEY,MILEY,miley,N. ANDERSON,clean,,,254600,5.28,0.922,0.0214,PDML,12.56,MILEY,MILEY,measured
MILEY,MILEY,MILEY,miley,N. ANDERSON,clean,,,254600,6.3,1.028,0.0183,PDML,12.56,MILEY,MILEY,measured
MILEY,MILEY,MILEY,miley,N. ANDERSON,clean,,,254600,7.32,1.131,0.0175,PDML,12.56,MILEY,MILEY,measured
MILEY,MILEY,MILEY,miley,N. ANDERSON,clean,,,254600,8.35,1.231,0.0178,PDML,12.56,MILEY,MILEY,measured
MILEY,MILEY,MILEY,miley,N. ANDERSON,clean,,,254600,9.37,1.325,0.0172,PDML,12.56,MILEY,MILEY,measured
MILEY,MILEY,MILEY,miley,N. ANDERSON,clean,,,254600,10.38,1.366,0.0234,PDML,12.56,MILEY,MILEY,measured
MILEY,MILEY,MILEY,miley,N. ANDERSON,clean,,,254600,11.37,1.364,0.0463,PDML,12.56,MILEY,MILEY,measured
MILEY,MILEY,MILEY,miley,N. ANDERSON,clean,,,254600,12.37,1.325,0.0732,PDML,12.56,MILEY,MILEY,measured
MILEY,MILEY,MILEY,miley,N. ANDERSON,clean,,,302900,-3.92,-0.001,0.0305,PDML,12.56,MILEY,MILEY,measured
MILEY,MILEY,MILEY,miley,N. ANDERSON,clean,,,302900,-2.9,0.104,0.0228,PDML,12.56,MILEY,MILEY,measured
MILEY,MILEY,MILEY,miley,N. ANDERSON,clean,,,302900,-1.89,0.205,0.0201,PDML,12.56,MILEY,MILEY,measured
MILEY,MILEY,MILEY,miley,N. ANDERSON,clean,,,302900,-0.86,0.313,0.0183,PDML,12.56,MILEY,MILEY,measured
MILEY,MILEY,MILEY,miley,N. ANDERSON,clean,,,302900,0.15,0.417,0.0168,PDML,12.56,MILEY,MILEY,measured
MILEY,MILEY,MILEY,miley,N. ANDERSON,clean,,,302900,1.19,0.523,0.0163,PDML,12.56,MILEY,MILEY,measured
MILEY,MILEY,MILEY,miley,N. ANDERSON,clean,,,302900,2.22,0.626,0.0174,PDML,12.56,MILEY,MILEY,measured
MILEY,MILEY,MILEY,miley,N. ANDERSON,clean,,,302900,3.25,0.729,0.017,PDML,12.56,MILEY,MILEY,measured
MILEY,MILEY,MILEY,miley,N. ANDERSON,clean,,,302900,4.27,0.83,0.0169,PDML,12.56,MILEY,MILEY,measured
MILEY,MILEY,MILEY,miley,N. ANDERSON,clean,,,302900,5.3,0.933,0.0165,PDML,12.56,MILEY,MILEY,measured
MILEY,MILEY,MILEY,miley,N. ANDERSON,clean,,,302900,6.3,1.031,0.0159,PDML,12.56,MILEY,MILEY,measured
MILEY,MILEY,MILEY,miley,N. ANDERSON,clean,,,302900,7.32,1.132,0.0149,PDML,12.56,MILEY,MILEY,measured
MILEY,MILEY,MILEY,miley,N. ANDERSON,clean,,,302900,8.34,1.232,0.0153,PDML,12.56,MILEY,MILEY,measured
MILEY,MILEY,MILEY,miley,N. ANDERSON,clean,,,302900,9.37,1.321,0.0155,PDML,12.56,MILEY,MILEY,measured
MILEY,MILEY,MILEY,miley,N. ANDERSON,clean,,,302900,10.38,1.352,0.0239,PDML,12.56,MILEY,MILEY,measured
MILEY,MILEY,MILEY,miley,N. ANDERSON,clean,,,302900,11.35,1.331,0.0579,PDML,12.56,MILEY,MILEY,measured
MILEY,MILEY,MILEY,miley,N. ANDERSON,clean,,,302900,12.35,1.297,0.0705,PDML,12.56,MILEY,MILEY,measured
MILEY BUMP SHOT TRIP 31%,MILEY,MILEY,miley,N. ANDERSON,tripped,0.31,,200900,-2.9,0.1,0.0213,PDMLBMPSHT31,12.57,MILEY,MILEY,measured
MILEY BUMP SHOT TRIP 31%,MILEY,MILEY,miley,N. ANDERSON,tripped,0.31,,200900,-1.9,0.198,0.0184,PDMLBMPSHT31,12.57,MILEY,MILEY,measured
MILEY BUMP SHOT TRIP 31%,MILEY,MILEY,miley,N. ANDERSON,tripped,0.31,,200900,-0.84,0.303,0.0162,PDMLBMPSHT31,12.57,MILEY,MILEY,measured
MILEY BUMP SHOT TRIP 31%,MILEY,MILEY,miley,N. ANDERSON,tripped,0.31,,200900,0.16,0.405,0.0143,PDMLBMPSHT31,12.57,MILEY,MILEY,measured
MILEY BUMP SHOT TRIP 31%,MILEY,MILEY,miley,N. ANDERSON,tripped,0.31,,200900,1.19,0.507,0.0141,PDMLBMPSHT31,12.57,MILEY,MILEY,measured
MILEY BUMP SHOT TRIP 31%,MILEY,MILEY,miley,N. ANDERSON,tripped,0.31,,200900,2.22,0.611,0.0149,PDMLBMPSHT31,12.57,MILEY,MILEY,measured
MILEY BUMP SHOT TRIP 31%,MILEY,MILEY,miley,N. ANDERSON,tripped,0.31,,200900,3.23,0.709,0.0156,PDMLBMPSHT31,12.57,MILEY,MILEY,measured
MILEY BUMP SHOT TRIP 31%,MILEY,MILEY,miley,N. ANDERSON,tripped,0.31,,200900,4.25,0.808,0.0161,PDMLBMPSHT31,12.57,MILEY,MILEY,measured
MILEY BUMP SHOT TRIP 31%,MILEY,MILEY,miley,N. ANDERSON,tripped,0.31,,200900,5.28,0.906,0.0172,PDMLBMPSHT31,12.57,MILEY,MILEY,measured
MILEY BUMP SHOT TRIP 31%,MILEY,MILEY,miley,N. ANDERSON,tripped,0.31,,200900,6.29,0.998,0.0178,PDMLBMPSHT31,12.57,MILEY,MILEY,measured
MILEY BUMP SHOT TRIP 31%,MILEY,MILEY,miley,N. ANDERSON,tripped,0.31,,200900,7.32,1.091,0.0189,PDMLBMPSHT31,12.57,MILEY,MILEY,measured
MILEY BUMP SHOT TRIP 31%,MILEY,MILEY,miley,N. ANDERSON,tripped,0.31,,200900,8.34,1.178,0.0205,PDMLBMPSHT31,12.57,MILEY,MILEY,measured
MILEY BUMP SHOT TRIP 31%,MILEY,MILEY,miley,N. ANDERSON,tripped,0.31,,200900,9.35,1.268,0.0223,PDMLBMPSHT31,12.57,MILEY,MILEY,measured
MILEY BUMP SHOT TRIP 31%,MILEY,MILEY,miley,N. ANDERSON,tripped,0.31,,200900,10.38,1.348,0.0233,PDMLBMPSHT31,12.57,MILEY,MILEY,measured
MILEY BUMP SHOT TRIP 31%,MILEY,MILEY,miley,N. ANDERSON,tripped,0.31,,200900,11.38,1.359,0.0433,PDMLBMPSHT31,12.57,MILEY,MILEY,measured
MILEY BUMP SHOT TRIP 31%,MILEY,MILEY,miley,N. ANDERSON,tripped,0.31,,200900,12.37,1.326,0.0502,PDMLBMPSHT31,12.57,MILEY,MILEY,measured
MILEY BUMP SHOT TRIP 31%,MILEY,MILEY,miley,N. ANDERSON,tripped,0.31,,251600,-2.91,0.105,0.0209,PDMLBMPSHT31,12.57,MILEY,MILEY,measured
MILEY BUMP SHOT TRIP 31%,MILEY,MILEY,miley,N. ANDERSON,tripped,0.31,,251600,-1.88,0.204,0.0174,PDMLBMPSHT31,12.57,MILEY,MILEY,measured
MILEY BUMP SHOT TRIP 31%,MILEY,MILEY,miley,N. ANDERSON,tripped,0.31,,251600,-0.86,0.306,0.0155,PDMLBMPSHT31,12.57,MILEY,MILEY,measured
MILEY BUMP SHOT TRIP 31%,MILEY,MILEY,miley,N. ANDERSON,tripped,0.31,,251600,0.18,0.412,0.0133,PDMLBMPSHT31,12.57,MILEY,MILEY,measured
MILEY BUMP SHOT TRIP 31%,MILEY,MILEY,miley,N. ANDERSON,tripped,0.31,,251600,1.2,0.516,0.013,PDMLBMPSHT31,12.57,MILEY,MILEY,measured
MILEY BUMP SHOT TRIP 31%,MILEY,MILEY,miley,N. ANDERSON,tripped,0.31,,251600,2.21,0.618,0.0136,PDMLBMPSHT31,12.57,MILEY,MILEY,measured
MILEY BUMP SHOT TRIP 31%,MILEY,MILEY,miley,N. ANDERSON,tripped,0.31,,251600,3.25,0.72,0.014,PDMLBMPSHT31,12.57,MILEY,MILEY,measured
MILEY BUMP SHOT TRIP 31%,MILEY,MILEY,miley,N. ANDERSON,tripped,0.31,,251600,4.25,0.816,0.0149,PDMLBMPSHT31,12.57,MILEY,MILEY,measured
MILEY BUMP SHOT TRIP 31%,MILEY,MILEY,miley,N. ANDERSON,tripped,0.31,,251600,5.29,0.914,0.0157,PDMLBMPSHT31,12.57,MILEY,MILEY,measured
MILEY BUMP SHOT TRIP 31%,MILEY,MILEY,miley,N. ANDERSON,tripped,0.31,,251600,6.29,1.009,0.0162,PDMLBMPSHT31,12.57,MILEY,MILEY,measured
MILEY BUMP SHOT TRIP 31%,MILEY,MILEY,miley,N. ANDERSON,tripped,0.31,,251600,7.32,1.103,0.0175,PDMLBMPSHT31,12.57,MILEY,MILEY,measured
MILEY BUMP SHOT TRIP 31%,MILEY,MILEY,miley,N. ANDERSON,tripped,0.31,,251600,8.34,1.194,0.0185,PDMLBMPSHT31,12.57,MILEY,MILEY,measured
MILEY BUMP SHOT TRIP 31%,MILEY,MILEY,miley,N. ANDERSON,tripped,0.31,,251600,9.34,1.281,0.0198,PDMLBMPSHT31,12.57,MILEY,MILEY,measured
MILEY BUMP SHOT TRIP 31%,MILEY,MILEY,miley,N. ANDERSON,tripped,0.31,,251600,10.37,1.351,0.0205,PDMLBMPSHT31,12.57,MILEY,MILEY,measured
MILEY BUMP SHOT TRIP 31%,MILEY,MILEY,miley,N. ANDERSON,tripped,0.31,,251600,11.36,1.332,0.0499,PDMLBMPSHT31,12.57,MILEY,MILEY,measured
MILEY BUMP SHOT TRIP 31%,MILEY,MILEY,miley,N. ANDERSON,tripped,0.31,,251600,12.36,1.293,0.057,PDMLBMPSHT31,12.57,MILEY,MILEY,measured
MILEY BUMP SHOT TRIP 31%,MILEY,MILEY,miley,N. ANDERSON,tripped,0.31,,307400,-2.9,0.092,0.0207,PDMLBMPSHT31,12.57,MILEY,MILEY,measured
MILEY BUMP SHOT TRIP 31%,MILEY,MILEY,miley,N. ANDERSON,tripped,0.31,,307400,-1.91,0.193,0.0167,PDMLBMPSHT31,12.57,MILEY,MILEY,measured
MILEY BUMP SHOT TRIP 31%,MILEY,MILEY,miley,N. ANDERSON,tripped,0.31,,307400,-0.88,0.298,0.0148,PDMLBMPSHT31,12.57,MILEY,MILEY,measured
MILEY BUMP SHOT TRIP 31%,MILEY,MILEY,miley,N. ANDERSON,tripped,0.31,,307400,0.17,0.41,0.0126,PDMLBMPSHT31,12.57,MILEY,MILEY,measured
MILEY BUMP SHOT TRIP 31%,MILEY,MILEY,miley,N. ANDERSON,tripped,0.31,,307400,1.17,0.51,0.0124,PDMLBMPSHT31,12.57,MILEY,MILEY,measured
MILEY BUMP SHOT TRIP 31%,MILEY,MILEY,miley,N. ANDERSON,tripped,0.31,,307400,2.21,0.617,0.0128,PDMLBMPSHT31,12.57,MILEY,MILEY,measured
MILEY BUMP SHOT TRIP 31%,MILEY,MILEY,miley,N. ANDERSON,tripped,0.31,,307400,3.22,0.717,0.0135,PDMLBMPSHT31,12.57,MILEY,MILEY,measured
MILEY BUMP SHOT TRIP 31%,MILEY,MILEY,miley,N. ANDERSON,tripped,0.31,,307400,4.25,0.816,0.0141,PDMLBMPSHT31,12.57,MILEY,MILEY,measured
MILEY BUMP SHOT TRIP 31%,MILEY,MILEY,miley,N. ANDERSON,tripped,0.31,,307400,5.28,0.913,0.0146,PDMLBMPSHT31,12.57,MILEY,MILEY,measured
MILEY BUMP SHOT TRIP 31%,MILEY,MILEY,miley,N. ANDERSON,tripped,0.31,,307400,6.29,1.006,0.0158,PDMLBMPSHT31,12.57,MILEY,MILEY,measured
MILEY BUMP SHOT TRIP 31%,MILEY,MILEY,miley,N. ANDERSON,tripped,0.31,,307400,7.33,1.1,0.0163,PDMLBMPSHT31,12.57,MILEY,MILEY,measured
MILEY BUMP SHOT TRIP 31%,MILEY,MILEY,miley,N. ANDERSON,tripped,0.31,,307400,8.33,1.19,0.0175,PDMLBMPSHT31,12.57,MILEY,MILEY,measured
MILEY BUMP SHOT TRIP 31%,MILEY,MILEY,miley,N. ANDERSON,tripped,0.31,,307400,9.36,1.283,0.0185,PDMLBMPSHT31,12.57,MILEY,MILEY,measured
MILEY BUMP SHOT TRIP 31%,MILEY,MILEY,miley,N. ANDERSON,tripped,0.31,,307400,10.37,1.332,0.0234,PDMLBMPSHT31,12.57,MILEY,MILEY,measured
MILEY BUMP SHOT TRIP 31%,MILEY,MILEY,miley,N. ANDERSON,tripped,0.31,,307400,11.34,1.309,0.0358,PDMLBMPSHT31,12.57,MILEY,MILEY,measured
MILEY BUMP SHOT TRIP 31%,MILEY,MILEY,miley,N. ANDERSON,tripped,0.31,,307400,12.33,1.267,0.0465,PDMLBMPSHT31,12.57,MILEY,MILEY,measured
MILEY BUMP SHOT TRIP 31%,MILEY,MILEY,miley,N. ANDERSON,tripped,0.31,,307400,13.32,1.222,0.0558,PDMLBMPSHT31,12.57,MILEY,MILEY,measured
MILEY UST AT 200k,MILEY,MILEY,miley,N. ANDERSON,other,,,199500,-3.93,0.007,0.0348,PDPDMLCOMPD2,12.58,MILEY,MILEY,measured
MILEY UST AT 200k,MILEY,MILEY,miley,N. ANDERSON,other,,,199500,-2.91,0.109,0.0309,PDPDMLCOMPD2,12.58,MILEY,MILEY,measured
MILEY UST AT 200k,MILEY,MILEY,miley,N. ANDERSON,other,,,199500,-1.88,0.21,0.0313,PDPDMLCOMPD2,12.58,MILEY,MILEY,measured
MILEY UST AT 200k,MILEY,MILEY,miley,N. ANDERSON,other,,,199500,-0.86,0.309,0.035,PDPDMLCOMPD2,12.58,MILEY,MILEY,measured
MILEY UST AT 200k,MILEY,MILEY,miley,N. ANDERSON,other,,,199500,0.17,0.396,0.0422,PDPDMLCOMPD2,12.58,MILEY,MILEY,measured
MILEY UST AT 200k,MILEY,MILEY,miley,N. ANDERSON,other,,,199500,1.18,0.473,0.0501,PDPDMLCOMPD2,12.58,MILEY,MILEY,measured
MILEY UST AT 200k,MILEY,MILEY,miley,N. ANDERSON,other,,,199500,2.22,0.569,0.0528,PDPDMLCOMPD2,12.58,MILEY,MILEY,measured
MILEY UST AT 200k,MILEY,MILEY,miley,N. ANDERSON,other,,,199500,3.22,0.679,0.0506,PDPDMLCOMPD2,12.58,MILEY,MILEY,measured
MILEY UST AT 200k,MILEY,MILEY,miley,N. ANDERSON,other,,,199500,4.26,0.798,0.0418,PDPDMLCOMPD2,12.58,MILEY,MILEY,measured
MILEY UST AT 200k,MILEY,MILEY,miley,N. ANDERSON,other,,,199500,5.28,0.913,0.0351,PDPDMLCOMPD2,12.58,MILEY,MILEY,measured
MILEY UST AT 200k,MILEY,MILEY,miley,N. ANDERSON,other,,,199500,6.29,1.022,0.0306,PDPDMLCOMPD2,12.58,MILEY,MILEY,measured
MILEY UST AT 200k,MILEY,MILEY,miley,N. ANDERSON,other,,,199500,7.33,1.136,0.0271,PDPDMLCOMPD2,12.58,MILEY,MILEY,measured
MILEY UST AT 200k,MILEY,MILEY,miley,N. ANDERSON,other,,,199500,8.35,1.245,0.0244,PDPDMLCOMPD2,12.58,MILEY,MILEY,measured
MILEY UST AT 200k,MILEY,MILEY,miley,N. ANDERSON,other,,,199500,9.37,1.354,0.0216,PDPDMLCOMPD2,12.58,MILEY,MILEY,measured
MILEY UST AT 200k,MILEY,MILEY,miley,N. ANDERSON,other,,,199500,10.38,1.43,0.0194,PDPDMLCOMPD2,12.58,MILEY,MILEY,measured
MILEY UST AT 200k,MILEY,MILEY,miley,N. ANDERSON,other,,,199500,11.38,1.46,0.0336,PDPDMLCOMPD2,12.58,MILEY,MILEY,measured
MILEY UST AT 200k,MILEY,MILEY,miley,N. ANDERSON,other,,,203600,-3.91,0.011,0.0277,PDPDMLCOMPD2,12.58,MILEY,MILEY,measured
MILEY UST AT 200k,MILEY,MILEY,miley,N. ANDERSON,other,,,203600,-2.89,0.113,0.0216,PDPDMLCOMPD2,12.58,MILEY,MILEY,measured
MILEY UST AT 200k,MILEY,MILEY,miley,N. ANDERSON,other,,,203600,-1.86,0.216,0.0184,PDPDMLCOMPD2,12.58,MILEY,MILEY,measured
MILEY UST AT 200k,MILEY,MILEY,miley,N. ANDERSON,other,,,203600,-0.84,0.319,0.0156,PDPDMLCOMPD2,12.58,MILEY,MILEY,measured
MILEY UST AT 200k,MILEY,MILEY,miley,N. ANDERSON,other,,,203600,0.17,0.422,0.0135,PDPDMLCOMPD2,12.58,MILEY,MILEY,measured
MILEY UST AT 200k,MILEY,MILEY,miley,N. ANDERSON,other,,,203600,1.2,0.529,0.0132,PDPDMLCOMPD2,12.58,MILEY,MILEY,measured
MILEY UST AT 200k,MILEY,MILEY,miley,N. ANDERSON,other,,,203600,2.22,0.632,0.0138,PDPDMLCOMPD2,12.58,MILEY,MILEY,measured
MILEY UST AT 200k,MILEY,MILEY,miley,N. ANDERSON,other,,,203600,3.24,0.733,0.0142,PDPDMLCOMPD2,12.58,MILEY,MILEY,measured
MILEY UST AT 200k,MILEY,MILEY,miley,N. ANDERSON,other,,,203600,4.26,0.835,0.015,PDPDMLCOMPD2,12.58,MILEY,MILEY,measured
MILEY UST AT 200k,MILEY,MILEY,miley,N. ANDERSON,other,,,203600,5.29,0.934,0.0156,PDPDMLCOMPD2,12.58,MILEY,MILEY,measured
MILEY UST AT 200k,MILEY,MILEY,miley,N. ANDERSON,other,,,203600,6.31,1.031,0.0165,PDPDMLCOMPD2,12.58,MILEY,MILEY,measured
MILEY UST AT 200k,MILEY,MILEY,miley,N. ANDERSON,other,,,203600,7.34,1.127,0.0176,PDPDMLCOMPD2,12.58,MILEY,MILEY,measured
MILEY UST AT 200k,MILEY,MILEY,miley,N. ANDERSON,other,,,203600,8.36,1.222,0.0187,PDPDMLCOMPD2,12.58,MILEY,MILEY,measured
MILEY UST AT 200k,MILEY,MILEY,miley,N. ANDERSON,other,,,203600,9.36,1.314,0.0189,PDPDMLCOMPD2,12.58,MILEY,MILEY,measured
MILEY UST AT 200k,MILEY,MILEY,miley,N. ANDERSON,other,,,203600,10.39,1.38,0.02,PDPDMLCOMPD2,12.58,MILEY,MILEY,measured
MILEY UST AT 200k,MILEY,MILEY,miley,N. ANDERSON,other,,,203600,11.37,1.357,0.0511,PDPDMLCOMPD2,12.58,MILEY,MILEY,measured
MILEY UST AT 200k,MILEY,MILEY,miley,N. ANDERSON,other,,,203600,12.39,1.317,0.0725,PDPDMLCOMPD2,12.58,MILEY,MILEY,measured
MILEY UST AT 200k,MILEY,MILEY,miley,N. ANDERSON,other,,,204100,-3.92,0.0,0.0288,PDPDMLCOMPD2,12.58,MILEY,MILEY,measured
MILEY UST AT 200k,MILEY,MILEY,miley,N. ANDERSON,other,,,204100,-2.9,0.104,0.023,PDPDMLCOMPD2,12.58,MILEY,MILEY,measured
MILEY UST AT 200k,MILEY,MILEY,miley,N. ANDERSON,other,,,204100,-1.86,0.206,0.0195,PDPDMLCOMPD2,12.58,MILEY,MILEY,measured
MILEY UST AT 200k,MILEY,MILEY,miley,N. ANDERSON,other,,,204100,-0.85,0.308,0.0175,PDPDMLCOMPD2,12.58,MILEY,MILEY,measured
MILEY UST AT 200k,MILEY,MILEY,miley,N. ANDERSON,other,,,204100,0.16,0.41,0.0148,PDPDMLCOMPD2,12.58,MILEY,MILEY,measured
MILEY UST AT 200k,MILEY,MILEY,miley,N. ANDERSON,other,,,204100,1.18,0.512,0.0155,PDPDMLCOMPD2,12.58,MILEY,MILEY,measured
MILEY UST AT 200k,MILEY,MILEY,miley,N. ANDERSON,other,,,204100,2.21,0.616,0.0166,PDPDMLCOMPD2,12.58,MILEY,MILEY,measured
MILEY UST AT 200k,MILEY,MILEY,miley,N. ANDERSON,other,,,204100,3.23,0.719,0.0165,PDPDMLCOMPD2,12.58,MILEY,MILEY,measured
MILEY UST AT 200k,MILEY,MILEY,miley,N. ANDERSON,other,,,204100,4.26,0.816,0.0179,PDPDMLCOMPD2,12.58,MILEY,MILEY,measured
MILEY UST AT 200k,MILEY,MILEY,miley,N. ANDERSON,other,,,204100,5.28,0.916,0.0189,PDPDMLCOMPD2,12.58,MILEY,MILEY,measured
MILEY UST AT 200k,MILEY,MILEY,miley,N. ANDERSON,other,,,204100,6.31,1.016,0.0201,PDPDMLCOMPD2,12.58,MILEY,MILEY,measured
MILEY UST AT 200k,MILEY,MILEY,miley,N. ANDERSON,other,,,204100,7.33,1.112,0.0215,PDPDMLCOMPD2,12.58,MILEY,MILEY,measured
MILEY UST AT 200k,MILEY,MILEY,miley,N. ANDERSON,other,,,204100,8.35,1.211,0.0215,PDPDMLCOMPD2,12.58,MILEY,MILEY,measured
MILEY UST AT 200k,MILEY,MILEY,miley,N. ANDERSON,other,,,204100,9.37,1.307,0.0202,PDPDMLCOMPD2,12.58,MILEY,MILEY,measured
MILEY UST AT 200k,MILEY,MILEY,miley,N. ANDERSON,other,,,204100,10.38,1.368,0.0194,PDPDMLCOMPD2,12.58,MILEY,MILEY,measured
MILEY UST AT 200k,MILEY,MILEY,miley,N. ANDERSON,other,,,204100,11.37,1.378,0.0328,PDPDMLCOMPD2,12.58,MILEY,MILEY,measured
MILEY UST AT 200k,MILEY,MILEY,miley,N. ANDERSON,other,,,203600,-3.91,0.008,0.0283,PDPDMLCOMPD2,12.58,MILEY,MILEY,measured
MILEY UST AT 200k,MILEY,MILEY,miley,N. ANDERSON,other,,,203600,-2.9,0.108,0.0228,PDPDMLCOMPD2,12.58,MILEY,MILEY,measured
MILEY UST AT 200k,MILEY,MILEY,miley,N. ANDERSON,other,,,203600,-1.87,0.211,0.0196,PDPDMLCOMPD2,12.58,MILEY,MILEY,measured
MILEY UST AT 200k,MILEY,MILEY,miley,N. ANDERSON,other,,,203600,-0.85,0.313,0.017,PDPDMLCOMPD2,12.58,MILEY,MILEY,measured
MILEY UST AT 200k,MILEY,MILEY,miley,N. ANDERSON,other,,,203600,0.17,0.417,0.014,PDPDMLCOMPD2,12.58,MILEY,MILEY,measured
MILEY UST AT 200k,MILEY,MILEY,miley,N. ANDERSON,other,,,203600,1.19,0.522,0.0138,PDPDMLCOMPD2,12.58,MILEY,MILEY,measured
MILEY UST AT 200k,MILEY,MILEY,miley,N. ANDERSON,other,,,203600,2.21,0.627,0.014,PDPDMLCOMPD2,12.58,MILEY,MILEY,measured
MILEY UST AT 200k,MILEY,MILEY,miley,N. ANDERSON,other,,,203600,3.24,0.731,0.0142,PDPDMLCOMPD2,12.58,MILEY,MILEY,measured
MILEY UST AT 200k,MILEY,MILEY,miley,N. ANDERSON,other,,,203600,4.27,0.832,0.0148,PDPDMLCOMPD2,12.58,MILEY,MILEY,measured
MILEY UST AT 200k,MILEY,MILEY,miley,N. ANDERSON,other,,,203600,5.28,0.929,0.0152,PDPDMLCOMPD2,12.58,MILEY,MILEY,measured
MILEY UST AT 200k,MILEY,MILEY,miley,N. ANDERSON,other,,,203600,6.31,1.027,0.0162,PDPDMLCOMPD2,12.58,MILEY,MILEY,measured
MILEY UST AT 200k,MILEY,MILEY,miley,N. ANDERSON,other,,,203600,7.33,1.122,0.0171,PDPDMLCOMPD2,12.58,MILEY,MILEY,measured
MILEY UST AT 200k,MILEY,MILEY,miley,N. ANDERSON,other,,,203600,8.35,1.215,0.0175,PDPDMLCOMPD2,12.58,MILEY,MILEY,measured
MILEY UST AT 200k,MILEY,MILEY,miley,N. ANDERSON,other,,,203600,9.36,1.305,0.0192,PDPDMLCOMPD2,12.58,MILEY,MILEY,measured
MILEY UST AT 200k,MILEY,MILEY,miley,N. ANDERSON,other,,,203600,10.38,1.37,0.0194,PDPDMLCOMPD2,12.58,MILEY,MILEY,measured
MILEY UST AT 200k,MILEY,MILEY,miley,N. ANDERSON,other,,,203600,11.37,1.356,0.0462,PDPDMLCOMPD2,12.58,MILEY,MILEY,measured
MILEY UST AT 200k,MILEY,MILEY,miley,N. ANDERSON,other,,,203600,12.36,1.315,0.0694,PDPDMLCOMPD2,12.58,MILEY,MILEY,measured
MILEY UST AT 200k,MILEY,MILEY,miley,N. ANDERSON,other,,,200900,-2.9,0.1,0.0213,PDPDMLCOMPD2,12.58,MILEY,MILEY,measured
MILEY UST AT 200k,MILEY,MILEY,miley,N. ANDERSON,other,,,200900,-1.9,0.198,0.0184,PDPDMLCOMPD2,12.58,MILEY,MILEY,measured
MILEY UST AT 200k,MILEY,MILEY,miley,N. ANDERSON,other,,,200900,-0.84,0.303,0.0162,PDPDMLCOMPD2,12.58,MILEY,MILEY,measured
MILEY UST AT 200k,MILEY,MILEY,miley,N. ANDERSON,other,,,200900,0.16,0.405,0.0143,PDPDMLCOMPD2,12.58,MILEY,MILEY,measured
MILEY UST AT 200k,MILEY,MILEY,miley,N. ANDERSON,other,,,200900,1.19,0.507,0.0141,PDPDMLCOMPD2,12.58,MILEY,MILEY,measured
MILEY UST AT 200k,MILEY,MILEY,miley,N. ANDERSON,other,,,200900,2.22,0.611,0.0149,PDPDMLCOMPD2,12.58,MILEY,MILEY,measured
MILEY UST AT 200k,MILEY,MILEY,miley,N. ANDERSON,other,,,200900,3.23,0.709,0.0156,PDPDMLCOMPD2,12.58,MILEY,MILEY,measured
MILEY UST AT 200k,MILEY,MILEY,miley,N. ANDERSON,other,,,200900,4.25,0.808,0.0161,PDPDMLCOMPD2,12.58,MILEY,MILEY,measured
MILEY UST AT 200k,MILEY,MILEY,miley,N. ANDERSON,other,,,200900,5.28,0.906,0.0172,PDPDMLCOMPD2,12.58,MILEY,MILEY,measured
MILEY UST AT 200k,MILEY,MILEY,miley,N. ANDERSON,other,,,200900,6.29,0.998,0.0178,PDPDMLCOMPD2,12.58,MILEY,MILEY,measured
MILEY UST AT 200k,MILEY,MILEY,miley,N. ANDERSON,other,,,200900,7.32,1.091,0.0189,PDPDMLCOMPD2,12.58,MILEY,MILEY,measured
MILEY UST AT 200k,MILEY,MILEY,miley,N. ANDERSON,other,,,200900,8.34,1.178,0.0205,PDPDMLCOMPD2,12.58,MILEY,MILEY,measured
MILEY UST AT 200k,MILEY,MILEY,miley,N. ANDERSON,other,,,200900,9.35,1.268,0.0223,PDPDMLCOMPD2,12.58,MILEY,MILEY,measured
MILEY UST AT 200k,MILEY,MILEY,miley,N. ANDERSON,other,,,200900,10.38,1.348,0.0233,PDPDMLCOMPD2,12.58,MILEY,MILEY,measured
MILEY UST AT 200k,MILEY,MILEY,miley,N. ANDERSON,other,,,200900,11.38,1.359,0.0433,PDPDMLCOMPD2,12.58,MILEY,MILEY,measured
MILEY UST AT 200k,MILEY,MILEY,miley,N. ANDERSON,other,,,200900,12.37,1.326,0.0502,PDPDMLCOMPD2,12.58,MILEY,MILEY,measured
NACA 0009,NACA 0009,NACA 0009,naca0009,NANKIVIL,clean,,,59700,-6.02,-0.504,0.0267,PDN0009,12.60,NACA0009,NACA0009,measured
NACA 0009,NACA 0009,NACA 0009,naca0009,NANKIVIL,clean,,,59700,-5.03,-0.448,0.0181,PDN0009,12.60,NACA0009,NACA0009,measured
NACA 0009,NACA 0009,NACA 0009,naca0009,NANKIVIL,clean,,,59700,-3.99,-0.381,0.016,PDN0009,12.60,NACA0009,NACA0009,measured
NACA 0009,NACA 0009,NACA 0009,naca0009,NANKIVIL,clean,,,59700,-3.0,-0.293,0.0142,PDN0009,12.60,NACA0009,NACA0009,measured
NACA 0009,NACA 0009,NACA 0009,naca0009,NANKIVIL,clean,,,59700,-1.95,-0.141,0.0159,PDN0009,12.60,NACA0009,NACA0009,measured
NACA 0009,NACA 0009,NACA 0009,naca0009,NANKIVIL,clean,,,59700,-0.92,-0.044,0.0118,PDN0009,12.60,NACA0009,NACA0009,measured
NACA 0009,NACA 0009,NACA 0009,naca0009,NANKIVIL,clean,,,59700,0.09,-0.007,0.0119,PDN0009,12.60,NACA0009,NACA0009,measured
NACA 0009,NACA 0009,NACA 0009,naca0009,NANKIVIL,clean,,,59700,1.1,0.057,0.0152,PDN0009,12.60,NACA0009,NACA0009,measured
NACA 0009,NACA 0009,NACA 0009,naca0009,NANKIVIL,clean,,,59700,2.13,0.217,0.0156,PDN0009,12.60,NACA0009,NACA0009,measured
NACA 0009,NACA 0009,NACA 0009,naca0009,NANKIVIL,clean,,,59700,3.15,0.354,0.0163,PDN0009,12.60,NACA0009,NACA0009,measured
NACA 0009,NACA 0009,NACA 0009,naca0009,NANKIVIL,clean,,,59700,4.19,0.438,0.0179,PDN0009,12.60,NACA0009,NACA0009,measured
NACA 0009,NACA 0009,NACA 0009,naca0009,NANKIVIL,clean,,,59700,5.19,0.508,0.0192,PDN0009,12.60,NACA0009,NACA0009,measured
NACA 0009,NACA 0009,NACA 0009,naca0009,NANKIVIL,clean,,,59700,6.22,0.58,0.0238,PDN0009,12.60,NACA0009,NACA0009,measured
NACA 0009,NACA 0009,NACA 0009,naca0009,NANKIVIL,clean,,,59700,7.23,0.646,0.0337,PDN0009,12.60,NACA0009,NACA0009,measured
NACA 0009,NACA 0009,NACA 0009,naca0009,NANKIVIL,clean,,,59700,8.23,0.694,0.0438,PDN0009,12.60,NACA0009,NACA0009,measured
NACA 0009,NACA 0009,NACA 0009,naca0009,NANKIVIL,clean,,,59700,9.26,0.727,0.1067,PDN0009,12.60,NACA0009,NACA0009,measured
NACA 0009,NACA 0009,NACA 0009,naca0009,NANKIVIL,clean,,,59700,10.25,0.704,0.1493,PDN0009,12.60,NACA0009,NACA0009,measured
NACA 0009,NACA 0009,NACA 0009,naca0009,NANKIVIL,clean,,,100300,-6.03,-0.54,0.0241,PDN0009,12.60,NACA0009,NACA0009,measured
NACA 0009,NACA 0009,NACA 0009,naca0009,NANKIVIL,clean,,,100300,-5.0,-0.46,0.0192,PDN0009,12.60,NACA0009,NACA0009,measured
NACA 0009,NACA 0009,NACA 0009,naca0009,NANKIVIL,clean,,,100300,-3.98,-0.388,0.0148,PDN0009,12.60,NACA0009,NACA0009,measured
NACA 0009,NACA 0009,NACA 0009,naca0009,NANKIVIL,clean,,,100300,-2.98,-0.311,0.0125,PDN0009,12.60,NACA0009,NACA0009,measured
NACA 0009,NACA 0009,NACA 0009,naca0009,NANKIVIL,clean,,,100300,-1.96,-0.195,0.0122,PDN0009,12.60,NACA0009,NACA0009,measured
NACA 0009,NACA 0009,NACA 0009,naca0009,NANKIVIL,clean,,,100300,-0.91,-0.041,0.0106,PDN0009,12.60,NACA0009,NACA0009,measured
NACA 0009,NACA 0009,NACA 0009,naca0009,NANKIVIL,clean,,,100300,0.09,-0.004,0.0096,PDN0009,12.60,NACA0009,NACA0009,measured
NACA 0009,NACA 0009,NACA 0009,naca0009,NANKIVIL,clean,,,100300,1.11,0.119,0.0106,PDN0009,12.60,NACA0009,NACA0009,measured
NACA 0009,NACA 0009,NACA 0009,naca0009,NANKIVIL,clean,,,100300,2.15,0.257,0.0117,PDN0009,12.60,NACA0009,NACA0009,measured
NACA 0009,NACA 0009,NACA 0009,naca0009,NANKIVIL,clean,,,100300,3.15,0.353,0.0118,PDN0009,12.60,NACA0009,NACA0009,measured
NACA 0009,NACA 0009,NACA 0009,naca0009,NANKIVIL,clean,,,100300,4.19,0.44,0.0138,PDN0009,12.60,NACA0009,NACA0009,measured
NACA 0009,NACA 0009,NACA 0009,naca0009,NANKIVIL,clean,,,100300,5.21,0.523,0.0175,PDN0009,12.60,NACA0009,NACA0009,measured
NACA 0009,NACA 0009,NACA 0009,naca0009,NANKIVIL,clean,,,100300,6.21,0.596,0.0217,PDN0009,12.60,NACA0009,NACA0009,measured
NACA 0009,NACA 0009,NACA 0009,naca0009,NANKIVIL,clean,,,100300,7.23,0.669,0.0264,PDN0009,12.60,NACA0009,NACA0009,measured
NACA 0009,NACA 0009,NACA 0009,naca0009,NANKIVIL,clean,,,100300,8.24,0.727,0.0394,PDN0009,12.60,NACA0009,NACA0009,measured
NACA 0009,NACA 0009,NACA 0009,naca0009,NANKIVIL,clean,,,150600,-6.04,-0.545,0.0225,PDN0009,12.60,NACA0009,NACA0009,measured
NACA 0009,NACA 0009,NACA 0009,naca0009,NANKIVIL,clean,,,150600,-5.03,-0.465,0.0183,PDN0009,12.60,NACA0009,NACA0009,measured
NACA 0009,NACA 0009,NACA 0009,naca0009,NANKIVIL,clean,,,150600,-4.0,-0.381,0.015,PDN0009,12.60,NACA0009,NACA0009,measured
NACA 0009,NACA 0009,NACA 0009,naca0009,NANKIVIL,clean,,,150600,-2.99,-0.309,0.0113,PDN0009,12.60,NACA0009,NACA0009,measured
NACA 0009,NACA 0009,NACA 0009,naca0009,NANKIVIL,clean,,,150600,-1.96,-0.224,0.0094,PDN0009,12.60,NACA0009,NACA0009,measured
NACA 0009,NACA 0009,NACA 0009,naca0009,NANKIVIL,clean,,,150600,-0.94,-0.068,0.0084,PDN0009,12.60,NACA0009,NACA0009,measured
NACA 0009,NACA 0009,NACA 0009,naca0009,NANKIVIL,clean,,,150600,0.07,0.036,0.0087,PDN0009,12.60,NACA0009,NACA0009,measured
NACA 0009,NACA 0009,NACA 0009,naca0009,NANKIVIL,clean,,,150600,1.11,0.17,0.0099,PDN0009,12.60,NACA0009,NACA0009,measured
NACA 0009,NACA 0009,NACA 0009,naca0009,NANKIVIL,clean,,,150600,2.15,0.261,0.0097,PDN0009,12.60,NACA0009,NACA0009,measured
NACA 0009,NACA 0009,NACA 0009,naca0009,NANKIVIL,clean,,,150600,3.16,0.347,0.0109,PDN0009,12.60,NACA0009,NACA0009,measured
NACA 0009,NACA 0009,NACA 0009,naca0009,NANKIVIL,clean,,,150600,4.18,0.435,0.0129,PDN0009,12.60,NACA0009,NACA0009,measured
NACA 0009,NACA 0009,NACA 0009,naca0009,NANKIVIL,clean,,,150600,5.21,0.521,0.0149,PDN0009,12.60,NACA0009,NACA0009,measured
NACA 0009,NACA 0009,NACA 0009,naca0009,NANKIVIL,clean,,,150600,6.21,0.601,0.0185,PDN0009,12.60,NACA0009,NACA0009,measured
NACA 0009,NACA 0009,NACA 0009,naca0009,NANKIVIL,clean,,,150600,7.24,0.673,0.0245,PDN0009,12.60,NACA0009,NACA0009,measured
NACA 0009,NACA 0009,NACA 0009,naca0009,NANKIVIL,clean,,,150600,8.24,0.735,0.0339,PDN0009,12.60,NACA0009,NACA0009,measured
NACA 0009,NACA 0009,NACA 0009,naca0009,NANKIVIL,clean,,,150600,9.25,0.772,0.0718,PDN0009,12.60,NACA0009,NACA0009,measured
NACA 0009,NACA 0009,NACA 0009,naca0009,NANKIVIL,clean,,,199000,-6.04,-0.544,0.0216,PDN0009,12.60,NACA0009,NACA0009,measured
NACA 0009,NACA 0009,NACA 0009,naca0009,NANKIVIL,clean,,,199000,-5.01,-0.462,0.0171,PDN0009,12.60,NACA0009,NACA0009,measured
NACA 0009,NACA 0009,NACA 0009,naca0009,NANKIVIL,clean,,,199000,-4.0,-0.377,0.0145,PDN0009,12.60,NACA0009,NACA0009,measured
NACA 0009,NACA 0009,NACA 0009,naca0009,NANKIVIL,clean,,,199000,-2.99,-0.303,0.0111,PDN0009,12.60,NACA0009,NACA0009,measured
NACA 0009,NACA 0009,NACA 0009,naca0009,NANKIVIL,clean,,,199000,-2.01,-0.224,0.0089,PDN0009,12.60,NACA0009,NACA0009,measured
NACA 0009,NACA 0009,NACA 0009,naca0009,NANKIVIL,clean,,,199000,-0.94,-0.09,0.0085,PDN0009,12.60,NACA0009,NACA0009,measured
NACA 0009,NACA 0009,NACA 0009,naca0009,NANKIVIL,clean,,,199000,0.1,0.06,0.0081,PDN0009,12.60,NACA0009,NACA0009,measured
NACA 0009,NACA 0009,NACA 0009,naca0009,NANKIVIL,clean,,,199000,1.1,0.167,0.0083,PDN0009,12.60,NACA0009,NACA0009,measured
NACA 0009,NACA 0009,NACA 0009,naca0009,NANKIVIL,clean,,,199000,2.13,0.253,0.0084,PDN0009,12.60,NACA0009,NACA0009,measured
NACA 0009,NACA 0009,NACA 0009,naca0009,NANKIVIL,clean,,,199000,3.15,0.346,0.01,PDN0009,12.60,NACA0009,NACA0009,measured
NACA 0009,NACA 0009,NACA 0009,naca0009,NANKIVIL,clean,,,199000,4.19,0.439,0.0118,PDN0009,12.60,NACA0009,NACA0009,measured
NACA 0009,NACA 0009,NACA 0009,naca0009,NANKIVIL,clean,,,199000,5.19,0.526,0.0143,PDN0009,12.60,NACA0009,NACA0009,measured
NACA 0009,NACA 0009,NACA 0009,naca0009,NANKIVIL,clean,,,199000,6.23,0.611,0.018,PDN0009,12.60,NACA0009,NACA0009,measured
NACA 0009,NACA 0009,NACA 0009,naca0009,NANKIVIL,clean,,,199000,7.24,0.684,0.0228,PDN0009,12.60,NACA0009,NACA0009,measured
NACA 0009,NACA 0009,NACA 0009,naca0009,NANKIVIL,clean,,,199000,8.24,0.748,0.0309,PDN0009,12.60,NACA0009,NACA0009,measured
NACA 0009,NACA 0009,NACA 0009,naca0009,NANKIVIL,clean,,,199000,9.25,0.787,0.0629,PDN0009,12.60,NACA0009,NACA0009,measured
NACA 0009,NACA 0009,NACA 0009,naca0009,NANKIVIL,clean,,,302900,-6.05,-0.56,0.0202,PDN0009,12.60,NACA0009,NACA0009,measured
NACA 0009,NACA 0009,NACA 0009,naca0009,NANKIVIL,clean,,,302900,-5.04,-0.475,0.0156,PDN0009,12.60,NACA0009,NACA0009,measured
NACA 0009,NACA 0009,NACA 0009,naca0009,NANKIVIL,clean,,,302900,-3.98,-0.385,0.0131,PDN0009,12.60,NACA0009,NACA0009,measured
NACA 0009,NACA 0009,NACA 0009,naca0009,NANKIVIL,clean,,,302900,-2.98,-0.294,0.0109,PDN0009,12.60,NACA0009,NACA0009,measured
NACA 0009,NACA 0009,NACA 0009,naca0009,NANKIVIL,clean,,,302900,-1.95,-0.184,0.0084,PDN0009,12.60,NACA0009,NACA0009,measured
NACA 0009,NACA 0009,NACA 0009,naca0009,NANKIVIL,clean,,,302900,-0.99,-0.09,0.0073,PDN0009,12.60,NACA0009,NACA0009,measured
NACA 0009,NACA 0009,NACA 0009,naca0009,NANKIVIL,clean,,,302900,0.08,0.014,0.0068,PDN0009,12.60,NACA0009,NACA0009,measured
NACA 0009,NACA 0009,NACA 0009,naca0009,NANKIVIL,clean,,,302900,1.1,0.127,0.0068,PDN0009,12.60,NACA0009,NACA0009,measured
NACA 0009,NACA 0009,NACA 0009,naca0009,NANKIVIL,clean,,,302900,2.14,0.244,0.008,PDN0009,12.60,NACA0009,NACA0009,measured
NACA 0009,NACA 0009,NACA 0009,naca0009,NANKIVIL,clean,,,302900,3.17,0.345,0.0092,PDN0009,12.60,NACA0009,NACA0009,measured
NACA 0009,NACA 0009,NACA 0009,naca0009,NANKIVIL,clean,,,302900,4.19,0.439,0.0114,PDN0009,12.60,NACA0009,NACA0009,measured
NACA 0009,NACA 0009,NACA 0009,naca0009,NANKIVIL,clean,,,302900,5.21,0.528,0.0129,PDN0009,12.60,NACA0009,NACA0009,measured
NACA 0009,NACA 0009,NACA 0009,naca0009,NANKIVIL,clean,,,302900,6.22,0.613,0.0159,PDN0009,12.60,NACA0009,NACA0009,measured
NACA 0009,NACA 0009,NACA 0009,naca0009,NANKIVIL,clean,,,302900,7.23,0.686,0.0199,PDN0009,12.60,NACA0009,NACA0009,measured
NACA 0009,NACA 0009,NACA 0009,naca0009,NANKIVIL,clean,,,302900,8.25,0.753,0.0279,PDN0009,12.60,NACA0009,NACA0009,measured
NACA 0009,NACA 0009,NACA 0009,naca0009,NANKIVIL,clean,,,302900,9.27,0.792,0.0575,PDN0009,12.60,NACA0009,NACA0009,measured
NACA 2.5411,NACA 2.5411,NACA 2.5411,naca2411,FRASER,clean,,,58200,-1.95,-0.14,0.019,PDN2411,12.62,NACA2.5411,NACA2411,measured
NACA 2.5411,NACA 2.5411,NACA 2.5411,naca2411,FRASER,clean,,,58200,-0.92,-0.026,0.018,PDN2411,12.62,NACA2.5411,NACA2411,measured
NACA 2.5411,NACA 2.5411,NACA 2.5411,naca2411,FRASER,clean,,,58200,0.11,0.13,0.0203,PDN2411,12.62,NACA2.5411,NACA2411,measured
NACA 2.5411,NACA 2.5411,NACA 2.5411,naca2411,FRASER,clean,,,58200,1.14,0.253,0.02,PDN2411,12.62,NACA2.5411,NACA2411,measured
NACA 2.5411,NACA 2.5411,NACA 2.5411,naca2411,FRASER,clean,,,58200,2.18,0.37,0.0222,PDN2411,12.62,NACA2.5411,NACA2411,measured
NACA 2.5411,NACA 2.5411,NACA 2.5411,naca2411,FRASER,clean,,,58200,3.21,0.486,0.0207,PDN2411,12.62,NACA2.5411,NACA2411,measured
NACA 2.5411,NACA 2.5411,NACA 2.5411,naca2411,FRASER,clean,,,58200,4.21,0.58,0.0233,PDN2411,12.62,NACA2.5411,NACA2411,measured
NACA 2.5411,NACA 2.5411,NACA 2.5411,naca2411,FRASER,clean,,,58200,5.23,0.652,0.0247,PDN2411,12.62,NACA2.5411,NACA2411,measured
NACA 2.5411,NACA 2.5411,NACA 2.5411,naca2411,FRASER,clean,,,58200,6.24,0.725,0.0265,PDN2411,12.62,NACA2.5411,NACA2411,measured
NACA 2.5411,NACA 2.5411,NACA 2.5411,naca2411,FRASER,clean,,,58200,7.26,0.811,0.0252,PDN2411,12.62,NACA2.5411,NACA2411,measured
NACA 2.5411,NACA 2.5411,NACA 2.5411,naca2411,FRASER,clean,,,58200,8.28,0.874,0.0314,PDN2411,12.62,NACA2.5411,NACA2411,measured
NACA 2.5411,NACA 2.5411,NACA 2.5411,naca2411,FRASER,clean,,,58200,9.29,0.934,0.0376,PDN2411,12.62,NACA2.5411,NACA2411,measured
NACA 2.5411,NACA 2.5411,NACA 2.5411,naca2411,FRASER,clean,,,58200,10.3,0.978,0.0486,PDN2411,12.62,NACA2.5411,NACA2411,measured
NACA 2.5411,NACA 2.5411,NACA 2.5411,naca2411,FRASER,clean,,,58200,11.3,0.996,0.0643,PDN2411,12.62,NACA2.5411,NACA2411,measured
NACA 2.5411,NACA 2.5411,NACA 2.5411,naca2411,FRASER,clean,,,101500,-3.96,-0.273,0.0213,PDN2411,12.62,NACA2.5411,NACA2411,measured
NACA 2.5411,NACA 2.5411,NACA 2.5411,naca2411,FRASER,clean,,,101500,-2.96,-0.168,0.0175,PDN2411,12.62,NACA2.5411,NACA2411,measured
NACA 2.5411,NACA 2.5411,NACA 2.5411,naca2411,FRASER,clean,,,101500,-1.92,-0.03,0.0153,PDN2411,12.62,NACA2.5411,NACA2411,measured
NACA 2.5411,NACA 2.5411,NACA 2.5411,naca2411,FRASER,clean,,,101500,-0.88,0.118,0.0136,PDN2411,12.62,NACA2.5411,NACA2411,measured
NACA 2.5411,NACA 2.5411,NACA 2.5411,naca2411,FRASER,clean,,,101500,0.15,0.24,0.0133,PDN2411,12.62,NACA2.5411,NACA2411,measured
NACA 2.5411,NACA 2.5411,NACA 2.5411,naca2411,FRASER,clean,,,101500,1.16,0.328,0.0137,PDN2411,12.62,NACA2.5411,NACA2411,measured
NACA 2.5411,NACA 2.5411,NACA 2.5411,naca2411,FRASER,clean,,,101500,2.17,0.411,0.0139,PDN2411,12.62,NACA2.5411,NACA2411,measured
NACA 2.5411,NACA 2.5411,NACA 2.5411,naca2411,FRASER,clean,,,101500,3.2,0.503,0.014,PDN2411,12.62,NACA2.5411,NACA2411,measured
NACA 2.5411,NACA 2.5411,NACA 2.5411,naca2411,FRASER,clean,,,101500,4.22,0.596,0.0156,PDN2411,12.62,NACA2.5411,NACA2411,measured
NACA 2.5411,NACA 2.5411,NACA 2.5411,naca2411,FRASER,clean,,,101500,5.24,0.683,0.0163,PDN2411,12.62,NACA2.5411,NACA2411,measured
NACA 2.5411,NACA 2.5411,NACA 2.5411,naca2411,FRASER,clean,,,101500,6.26,0.763,0.0185,PDN2411,12.62,NACA2.5411,NACA2411,measured
NACA 2.5411,NACA 2.5411,NACA 2.5411,naca2411,FRASER,clean,,,101500,7.27,0.821,0.023,PDN2411,12.62,NACA2.5411,NACA2411,measured
NACA 2.5411,NACA 2.5411,NACA 2.5411,naca2411,FRASER,clean,,,101500,8.28,0.873,0.0277,PDN2411,12.62,NACA2.5411,NACA2411,measured
NACA 2.5411,NACA 2.5411,NACA 2.5411,naca2411,FRASER,clean,,,101500,9.3,0.926,0.0339,PDN2411,12.62,NACA2.5411,NACA2411,measured
NACA 2.5411,NACA 2.5411,NACA 2.5411,naca2411,FRASER,clean,,,101500,10.3,0.973,0.0431,PDN2411,12.62,NACA2.5411,NACA2411,measured
NACA 2.5411,NACA 2.5411,NACA 2.5411,naca2411,FRASER,clean,,,200600,-3.96,-0.18,0.0142,PDN2411,12.62,NACA2.5411,NACA2411,measured
NACA 2.5411,NACA 2.5411,NACA 2.5411,naca2411,FRASER,clean,,,200600,-2.94,-0.066,0.011,PDN2411,12.62,NACA2.5411,NACA2411,measured
NACA 2.5411,NACA 2.5411,NACA 2.5411,naca2411,FRASER,clean,,,200600,-1.91,0.029,0.0114,PDN2411,12.62,NACA2.5411,NACA2411,measured
NACA 2.5411,NACA 2.5411,NACA 2.5411,naca2411,FRASER,clean,,,200600,-0.88,0.113,0.0099,PDN2411,12.62,NACA2.5411,NACA2411,measured
NACA 2.5411,NACA 2.5411,NACA 2.5411,naca2411,FRASER,clean,,,200600,0.13,0.239,0.0088,PDN2411,12.62,NACA2.5411,NACA2411,measured
NACA 2.5411,NACA 2.5411,NACA 2.5411,naca2411,FRASER,clean,,,200600,1.17,0.339,0.0093,PDN2411,12.62,NACA2.5411,NACA2411,measured
NACA 2.5411,NACA 2.5411,NACA 2.5411,naca2411,FRASER,clean,,,200600,2.19,0.438,0.0101,PDN2411,12.62,NACA2.5411,NACA2411,measured
NACA 2.5411,NACA 2.5411,NACA 2.5411,naca2411,FRASER,clean,,,200600,3.21,0.537,0.0112,PDN2411,12.62,NACA2.5411,NACA2411,measured
NACA 2.5411,NACA 2.5411,NACA 2.5411,naca2411,FRASER,clean,,,200600,4.23,0.631,0.0121,PDN2411,12.62,NACA2.5411,NACA2411,measured
NACA 2.5411,NACA 2.5411,NACA 2.5411,naca2411,FRASER,clean,,,200600,5.24,0.715,0.0136,PDN2411,12.62,NACA2.5411,NACA2411,measured
NACA 2.5411,NACA 2.5411,NACA 2.5411,naca2411,FRASER,clean,,,200600,6.26,0.785,0.0168,PDN2411,12.62,NACA2.5411,NACA2411,measured
NACA 2.5411,NACA 2.5411,NACA 2.5411,naca2411,FRASER,clean,,,200600,7.28,0.851,0.021,PDN2411,12.62,NACA2.5411,NACA2411,measured
NACA 2.5411,NACA 2.5411,NACA 2.5411,naca2411,FRASER,clean,,,200600,8.29,0.914,0.0242,PDN2411,12.62,NACA2.5411,NACA2411,measured
NACA 2.5411,NACA 2.5411,NACA 2.5411,naca2411,FRASER,clean,,,200600,9.3,0.97,0.0293,PDN2411,12.62,NACA2.5411,NACA2411,measured
NACA 2.5411,NACA 2.5411,NACA 2.5411,naca2411,FRASER,clean,,,200600,10.31,1.015,0.037,PDN2411,12.62,NACA2.5411,NACA2411,measured
NACA 2.5411,NACA 2.5411,NACA 2.5411,naca2411,FRASER,clean,,,200600,11.32,1.044,0.0479,PDN2411,12.62,NACA2.5411,NACA2411,measured
NACA 2.5411,NACA 2.5411,NACA 2.5411,naca2411,FRASER,clean,,,303300,-3.94,-0.155,0.0125,PDN2411,12.62,NACA2.5411,NACA2411,measured
NACA 2.5411,NACA 2.5411,NACA 2.5411,naca2411,FRASER,clean,,,303300,-2.94,-0.067,0.011,PDN2411,12.62,NACA2.5411,NACA2411,measured
NACA 2.5411,NACA 2.5411,NACA 2.5411,naca2411,FRASER,clean,,,303300,-1.91,0.027,0.0099,PDN2411,12.62,NACA2.5411,NACA2411,measured
NACA 2.5411,NACA 2.5411,NACA 2.5411,naca2411,FRASER,clean,,,303300,-0.9,0.119,0.0093,PDN2411,12.62,NACA2.5411,NACA2411,measured
NACA 2.5411,NACA 2.5411,NACA 2.5411,naca2411,FRASER,clean,,,303300,0.12,0.206,0.008,PDN2411,12.62,NACA2.5411,NACA2411,measured
NACA 2.5411,NACA 2.5411,NACA 2.5411,naca2411,FRASER,clean,,,303300,1.17,0.344,0.0084,PDN2411,12.62,NACA2.5411,NACA2411,measured
NACA 2.5411,NACA 2.5411,NACA 2.5411,naca2411,FRASER,clean,,,303300,2.18,0.441,0.0088,PDN2411,12.62,NACA2.5411,NACA2411,measured
NACA 2.5411,NACA 2.5411,NACA 2.5411,naca2411,FRASER,clean,,,303300,3.21,0.537,0.0095,PDN2411,12.62,NACA2.5411,NACA2411,measured
NACA 2.5411,NACA 2.5411,NACA 2.5411,naca2411,FRASER,clean,,,303300,4.22,0.625,0.0107,PDN2411,12.62,NACA2.5411,NACA2411,measured
NACA 2.5411,NACA 2.5411,NACA 2.5411,naca2411,FRASER,clean,,,303300,5.24,0.703,0.0126,PDN2411,12.62,NACA2.5411,NACA2411,measured
NACA 6409,NACA 6409,NACA 6409,naca6409,HALSEY,clean,,,61400,-0.83,0.325,0.0325,PDN6409,12.66,NACA6409,NACA6409,measured
NACA 6409,NACA 6409,NACA 6409,naca6409,HALSEY,clean,,,61400,0.19,0.438,0.0305,PDN6409,12.66,NACA6409,NACA6409,measured
NACA 6409,NACA 6409,NACA 6409,naca6409,HALSEY,clean,,,61400,1.19,0.541,0.028,PDN6409,12.66,NACA6409,NACA6409,measured
NACA 6409,NACA 6409,NACA 6409,naca6409,HALSEY,clean,,,61400,2.22,0.629,0.0313,PDN6409,12.66,NACA6409,NACA6409,measured
NACA 6409,NACA 6409,NACA 6409,naca6409,HALSEY,clean,,,61400,3.23,0.716,0.0336,PDN6409,12.66,NACA6409,NACA6409,measured
NACA 6409,NACA 6409,NACA 6409,naca6409,HALSEY,clean,,,61400,4.26,0.805,0.0365,PDN6409,12.66,NACA6409,NACA6409,measured
NACA 6409,NACA 6409,NACA 6409,naca6409,HALSEY,clean,,,61400,5.26,0.873,0.0374,PDN6409,12.66,NACA6409,NACA6409,measured
NACA 6409,NACA 6409,NACA 6409,naca6409,HALSEY,clean,,,61400,6.28,0.931,0.0391,PDN6409,12.66,NACA6409,NACA6409,measured
NACA 6409,NACA 6409,NACA 6409,naca6409,HALSEY,clean,,,61400,7.24,0.714,0.0958,PDN6409,12.66,NACA6409,NACA6409,measured
NACA 6409,NACA 6409,NACA 6409,naca6409,HALSEY,clean,,,61400,8.24,0.723,0.1167,PDN6409,12.66,NACA6409,NACA6409,measured
NACA 6409,NACA 6409,NACA 6409,naca6409,HALSEY,clean,,,61400,9.25,0.765,0.1196,PDN6409,12.66,NACA6409,NACA6409,measured
NACA 6409,NACA 6409,NACA 6409,naca6409,HALSEY,clean,,,61400,10.36,1.274,0.0333,PDN6409,12.66,NACA6409,NACA6409,measured
NACA 6409,NACA 6409,NACA 6409,naca6409,HALSEY,clean,,,79400,-0.84,0.411,0.0271,PDN6409,12.66,NACA6409,NACA6409,measured
NACA 6409,NACA 6409,NACA 6409,naca6409,HALSEY,clean,,,79400,0.18,0.525,0.0213,PDN6409,12.66,NACA6409,NACA6409,measured
NACA 6409,NACA 6409,NACA 6409,naca6409,HALSEY,clean,,,79400,1.21,0.618,0.0221,PDN6409,12.66,NACA6409,NACA6409,measured
NACA 6409,NACA 6409,NACA 6409,naca6409,HALSEY,clean,,,79400,2.21,0.7,0.0229,PDN6409,12.66,NACA6409,NACA6409,measured
NACA 6409,NACA 6409,NACA 6409,naca6409,HALSEY,clean,,,79400,3.24,0.792,0.0223,PDN6409,12.66,NACA6409,NACA6409,measured
NACA 6409,NACA 6409,NACA 6409,naca6409,HALSEY,clean,,,79400,4.25,0.887,0.023,PDN6409,12.66,NACA6409,NACA6409,measured
NACA 6409,NACA 6409,NACA 6409,naca6409,HALSEY,clean,,,79400,5.26,0.972,0.0247,PDN6409,12.66,NACA6409,NACA6409,measured
NACA 6409,NACA 6409,NACA 6409,naca6409,HALSEY,clean,,,79400,6.28,1.055,0.0265,PDN6409,12.66,NACA6409,NACA6409,measured
NACA 6409,NACA 6409,NACA 6409,naca6409,HALSEY,clean,,,79400,7.32,1.138,0.0298,PDN6409,12.66,NACA6409,NACA6409,measured
NACA 6409,NACA 6409,NACA 6409,naca6409,HALSEY,clean,,,79400,8.32,1.207,0.0277,PDN6409,12.66,NACA6409,NACA6409,measured
NACA 6409,NACA 6409,NACA 6409,naca6409,HALSEY,clean,,,79400,9.35,1.271,0.0303,PDN6409,12.66,NACA6409,NACA6409,measured
NACA 6409,NACA 6409,NACA 6409,naca6409,HALSEY,clean,,,79400,10.35,1.32,0.0308,PDN6409,12.66,NACA6409,NACA6409,measured
NACA 6409,NACA 6409,NACA 6409,naca6409,HALSEY,clean,,,79400,11.36,1.373,0.0276,PDN6409,12.66,NACA6409,NACA6409,measured
NACA 6409,NACA 6409,NACA 6409,naca6409,HALSEY,clean,,,79400,12.36,1.369,0.029,PDN6409,12.66,NACA6409,NACA6409,measured
NACA 6409,NACA 6409,NACA 6409,naca6409,HALSEY,clean,,,79400,13.35,1.347,0.0521,PDN6409,12.66,NACA6409,NACA6409,measured
NACA 6409,NACA 6409,NACA 6409,naca6409,HALSEY,clean,,,102600,-0.84,0.459,0.02,PDN6409,12.66,NACA6409,NACA6409,measured
NACA 6409,NACA 6409,NACA 6409,naca6409,HALSEY,clean,,,102600,0.14,0.549,0.018,PDN6409,12.66,NACA6409,NACA6409,measured
NACA 6409,NACA 6409,NACA 6409,naca6409,HALSEY,clean,,,102600,1.18,0.646,0.0187,PDN6409,12.66,NACA6409,NACA6409,measured
NACA 6409,NACA 6409,NACA 6409,naca6409,HALSEY,clean,,,102600,2.2,0.739,0.018,PDN6409,12.66,NACA6409,NACA6409,measured
NACA 6409,NACA 6409,NACA 6409,naca6409,HALSEY,clean,,,102600,3.23,0.829,0.0188,PDN6409,12.66,NACA6409,NACA6409,measured
NACA 6409,NACA 6409,NACA 6409,naca6409,HALSEY,clean,,,102600,4.24,0.922,0.0193,PDN6409,12.66,NACA6409,NACA6409,measured
NACA 6409,NACA 6409,NACA 6409,naca6409,HALSEY,clean,,,102600,5.27,1.015,0.0202,PDN6409,12.66,NACA6409,NACA6409,measured
NACA 6409,NACA 6409,NACA 6409,naca6409,HALSEY,clean,,,102600,6.29,1.093,0.0205,PDN6409,12.66,NACA6409,NACA6409,measured
NACA 6409,NACA 6409,NACA 6409,naca6409,HALSEY,clean,,,102600,7.32,1.179,0.022,PDN6409,12.66,NACA6409,NACA6409,measured
NACA 6409,NACA 6409,NACA 6409,naca6409,HALSEY,clean,,,102600,8.31,1.248,0.0231,PDN6409,12.66,NACA6409,NACA6409,measured
NACA 6409,NACA 6409,NACA 6409,naca6409,HALSEY,clean,,,102600,9.34,1.312,0.0242,PDN6409,12.66,NACA6409,NACA6409,measured
NACA 6409,NACA 6409,NACA 6409,naca6409,HALSEY,clean,,,102600,10.37,1.353,0.0263,PDN6409,12.66,NACA6409,NACA6409,measured
NACA 6409,NACA 6409,NACA 6409,naca6409,HALSEY,clean,,,102600,11.35,1.366,0.0276,PDN6409,12.66,NACA6409,NACA6409,measured
NACA 6409,NACA 6409,NACA 6409,naca6409,HALSEY,clean,,,102600,12.36,1.35,0.0364,PDN6409,12.66,NACA6409,NACA6409,measured
NACA 6409,NACA 6409,NACA 6409,naca6409,HALSEY,clean,,,102600,13.36,1.329,0.0413,PDN6409,12.66,NACA6409,NACA6409,measured
NACA 6409,NACA 6409,NACA 6409,naca6409,HALSEY,clean,,,102600,14.36,1.303,0.0571,PDN6409,12.66,NACA6409,NACA6409,measured
NACA 6409,NACA 6409,NACA 6409,naca6409,HALSEY,clean,,,147300,-0.9,0.481,0.0122,PDN6409,12.66,NACA6409,NACA6409,measured
NACA 6409,NACA 6409,NACA 6409,naca6409,HALSEY,clean,,,147300,0.1,0.575,0.0124,PDN6409,12.66,NACA6409,NACA6409,measured
NACA 6409,NACA 6409,NACA 6409,naca6409,HALSEY,clean,,,147300,1.18,0.673,0.0119,PDN6409,12.66,NACA6409,NACA6409,measured
NACA 6409,NACA 6409,NACA 6409,naca6409,HALSEY,clean,,,147300,2.2,0.779,0.0127,PDN6409,12.66,NACA6409,NACA6409,measured
NACA 6409,NACA 6409,NACA 6409,naca6409,HALSEY,clean,,,147300,3.19,0.88,0.0138,PDN6409,12.66,NACA6409,NACA6409,measured
NACA 6409,NACA 6409,NACA 6409,naca6409,HALSEY,clean,,,147300,4.23,0.974,0.0148,PDN6409,12.66,NACA6409,NACA6409,measured
NACA 6409,NACA 6409,NACA 6409,naca6409,HALSEY,clean,,,147300,5.23,1.063,0.0158,PDN6409,12.66,NACA6409,NACA6409,measured
NACA 6409,NACA 6409,NACA 6409,naca6409,HALSEY,clean,,,147300,6.26,1.153,0.0165,PDN6409,12.66,NACA6409,NACA6409,measured
NACA 6409,NACA 6409,NACA 6409,naca6409,HALSEY,clean,,,147300,7.28,1.234,0.0166,PDN6409,12.66,NACA6409,NACA6409,measured
NACA 6409,NACA 6409,NACA 6409,naca6409,HALSEY,clean,,,147300,8.31,1.301,0.0179,PDN6409,12.66,NACA6409,NACA6409,measured
NACA 6409,NACA 6409,NACA 6409,naca6409,HALSEY,clean,,,147300,9.35,1.361,0.0206,PDN6409,12.66,NACA6409,NACA6409,measured
NACA 6409,NACA 6409,NACA 6409,naca6409,HALSEY,clean,,,147300,10.33,1.383,0.0237,PDN6409,12.66,NACA6409,NACA6409,measured
NACA 6409,NACA 6409,NACA 6409,naca6409,HALSEY,clean,,,147300,11.33,1.383,0.0276,PDN6409,12.66,NACA6409,NACA6409,measured
NACA 6409,NACA 6409,NACA 6409,naca6409,HALSEY,clean,,,147300,12.35,1.343,0.0349,PDN6409,12.66,NACA6409,NACA6409,measured
NACA 6409,NACA 6409,NACA 6409,naca6409,HALSEY,clean,,,147300,13.34,1.324,0.0382,PDN6409,12.66,NACA6409,NACA6409,measured
NACA 6409,NACA 6409,NACA 6409,naca6409,HALSEY,clean,,,200100,-0.87,0.536,0.0124,PDN6409,12.66,NACA6409,NACA6409,measured
NACA 6409,NACA 6409,NACA 6409,naca6409,HALSEY,clean,,,200100,0.18,0.639,0.012,PDN6409,12.66,NACA6409,NACA6409,measured
NACA 6409,NACA 6409,NACA 6409,naca6409,HALSEY,clean,,,200100,1.2,0.73,0.0112,PDN6409,12.66,NACA6409,NACA6409,measured
NACA 6409,NACA 6409,NACA 6409,naca6409,HALSEY,clean,,,200100,2.18,0.821,0.0115,PDN6409,12.66,NACA6409,NACA6409,measured
NACA 6409,NACA 6409,NACA 6409,naca6409,HALSEY,clean,,,200100,3.17,0.912,0.0124,PDN6409,12.66,NACA6409,NACA6409,measured
NACA 6409,NACA 6409,NACA 6409,naca6409,HALSEY,clean,,,200100,4.21,1.006,0.0134,PDN6409,12.66,NACA6409,NACA6409,measured
NACA 6409,NACA 6409,NACA 6409,naca6409,HALSEY,clean,,,200100,5.2,1.092,0.0143,PDN6409,12.66,NACA6409,NACA6409,measured
NACA 6409,NACA 6409,NACA 6409,naca6409,HALSEY,clean,,,200100,6.22,1.175,0.0155,PDN6409,12.66,NACA6409,NACA6409,measured
NACA 6409,NACA 6409,NACA 6409,naca6409,HALSEY,clean,,,200100,7.38,1.265,0.0165,PDN6409,12.66,NACA6409,NACA6409,measured
NACA 6409,NACA 6409,NACA 6409,naca6409,HALSEY,clean,,,200100,8.32,1.315,0.0177,PDN6409,12.66,NACA6409,NACA6409,measured
NACA 6409,NACA 6409,NACA 6409,naca6409,HALSEY,clean,,,200100,9.31,1.342,0.0206,PDN6409,12.66,NACA6409,NACA6409,measured
NACA 6409,NACA 6409,NACA 6409,naca6409,HALSEY,clean,,,200100,10.33,1.339,0.024,PDN6409,12.66,NACA6409,NACA6409,measured
NACA 6409,NACA 6409,NACA 6409,naca6409,HALSEY,clean,,,200100,11.33,1.325,0.0286,PDN6409,12.66,NACA6409,NACA6409,measured
NACA 6409,NACA 6409,NACA 6409,naca6409,HALSEY,clean,,,200100,12.33,1.301,0.0309,PDN6409,12.66,NACA6409,NACA6409,measured
NACA 6409,NACA 6409,NACA 6409,naca6409,HALSEY,clean,,,200100,13.29,1.28,0.0369,PDN6409,12.66,NACA6409,NACA6409,measured
NACA 6409,NACA 6409,NACA 6409,naca6409,HALSEY,clean,,,200100,14.29,1.26,0.0549,PDN6409,12.66,NACA6409,NACA6409,measured
NACA 64A010,NACA 64A010,NACA 64A010,naca64a010,CHAMPINE,clean,,,62800,-5.01,-0.484,0.0154,PDNACA64,12.64,NACA64a010,,measured
NACA 64A010,NACA 64A010,NACA 64A010,naca64a010,CHAMPINE,clean,,,62800,-4.0,-0.404,0.0152,PDNACA64,12.64,NACA64a010,,measured
NACA 64A010,NACA 64A010,NACA 64A010,naca64a010,CHAMPINE,clean,,,62800,-2.97,-0.33,0.0146,PDNACA64,12.64,NACA64a010,,measured
NACA 64A010,NACA 64A010,NACA 64A010,naca64a010,CHAMPINE,clean,,,62800,-1.95,-0.19,0.0179,PDNACA64,12.64,NACA64a010,,measured
NACA 64A010,NACA 64A010,NACA 64A010,naca64a010,CHAMPINE,clean,,,62800,-0.91,-0.03,0.0174,PDNACA64,12.64,NACA64a010,,measured
NACA 64A010,NACA 64A010,NACA 64A010,naca64a010,CHAMPINE,clean,,,62800,-0.4,-0.013,0.0191,PDNACA64,12.64,NACA64a010,,measured
NACA 64A010,NACA 64A010,NACA 64A010,naca64a010,CHAMPINE,clean,,,62800,0.08,-0.007,0.0135,PDNACA64,12.64,NACA64a010,,measured
NACA 64A010,NACA 64A010,NACA 64A010,naca64a010,CHAMPINE,clean,,,62800,0.6,-0.005,0.0135,PDNACA64,12.64,NACA64a010,,measured
NACA 64A010,NACA 64A010,NACA 64A010,naca64a010,CHAMPINE,clean,,,62800,1.1,0.018,0.0149,PDNACA64,12.64,NACA64a010,,measured
NACA 64A010,NACA 64A010,NACA 64A010,naca64a010,CHAMPINE,clean,,,62800,1.62,0.088,0.0189,PDNACA64,12.64,NACA64a010,,measured
NACA 64A010,NACA 64A010,NACA 64A010,naca64a010,CHAMPINE,clean,,,62800,2.14,0.206,0.0181,PDNACA64,12.64,NACA64a010,,measured
NACA 64A010,NACA 64A010,NACA 64A010,naca64a010,CHAMPINE,clean,,,62800,3.15,0.333,0.0162,PDNACA64,12.64,NACA64a010,,measured
NACA 64A010,NACA 64A010,NACA 64A010,naca64a010,CHAMPINE,clean,,,62800,4.18,0.413,0.017,PDNACA64,12.64,NACA64a010,,measured
NACA 64A010,NACA 64A010,NACA 64A010,naca64a010,CHAMPINE,clean,,,62800,5.2,0.471,0.0227,PDNACA64,12.64,NACA64a010,,measured
NACA 64A010,NACA 64A010,NACA 64A010,naca64a010,CHAMPINE,clean,,,62800,6.2,0.525,0.0296,PDNACA64,12.64,NACA64a010,,measured
NACA 64A010,NACA 64A010,NACA 64A010,naca64a010,CHAMPINE,clean,,,62800,7.22,0.572,0.0415,PDNACA64,12.64,NACA64a010,,measured
NACA 64A010,NACA 64A010,NACA 64A010,naca64a010,CHAMPINE,clean,,,104200,-5.01,-0.465,0.0143,PDNACA64,12.64,NACA64a010,,measured
NACA 64A010,NACA 64A010,NACA 64A010,naca64a010,CHAMPINE,clean,,,104200,-3.99,-0.398,0.0129,PDNACA64,12.64,NACA64a010,,measured
NACA 64A010,NACA 64A010,NACA 64A010,naca64a010,CHAMPINE,clean,,,104200,-2.98,-0.327,0.0124,PDNACA64,12.64,NACA64a010,,measured
NACA 64A010,NACA 64A010,NACA 64A010,naca64a010,CHAMPINE,clean,,,104200,-1.96,-0.24,0.0124,PDNACA64,12.64,NACA64a010,,measured
NACA 64A010,NACA 64A010,NACA 64A010,naca64a010,CHAMPINE,clean,,,104200,-0.93,-0.089,0.0127,PDNACA64,12.64,NACA64a010,,measured
NACA 64A010,NACA 64A010,NACA 64A010,naca64a010,CHAMPINE,clean,,,104200,0.09,0.012,0.0121,PDNACA64,12.64,NACA64a010,,measured
NACA 64A010,NACA 64A010,NACA 64A010,naca64a010,CHAMPINE,clean,,,104200,1.15,0.191,0.0133,PDNACA64,12.64,NACA64a010,,measured
NACA 64A010,NACA 64A010,NACA 64A010,naca64a010,CHAMPINE,clean,,,104200,2.16,0.301,0.013,PDNACA64,12.64,NACA64a010,,measured
NACA 64A010,NACA 64A010,NACA 64A010,naca64a010,CHAMPINE,clean,,,104200,3.16,0.368,0.0127,PDNACA64,12.64,NACA64a010,,measured
NACA 64A010,NACA 64A010,NACA 64A010,naca64a010,CHAMPINE,clean,,,104200,4.19,0.434,0.0131,PDNACA64,12.64,NACA64a010,,measured
NACA 64A010,NACA 64A010,NACA 64A010,naca64a010,CHAMPINE,clean,,,104200,5.2,0.493,0.0203,PDNACA64,12.64,NACA64a010,,measured
NACA 64A010,NACA 64A010,NACA 64A010,naca64a010,CHAMPINE,clean,,,104200,6.22,0.559,0.0262,PDNACA64,12.64,NACA64a010,,measured
NACA 64A010,NACA 64A010,NACA 64A010,naca64a010,CHAMPINE,clean,,,104200,7.23,0.621,0.0334,PDNACA64,12.64,NACA64a010,,measured
NACA 64A010,NACA 64A010,NACA 64A010,naca64a010,CHAMPINE,clean,,,104200,8.25,0.676,0.0494,PDNACA64,12.64,NACA64a010,,measured
NACA 64A010,NACA 64A010,NACA 64A010,naca64a010,CHAMPINE,clean,,,150200,-6.02,-0.565,0.0181,PDNACA64,12.64,NACA64a010,,measured
NACA 64A010,NACA 64A010,NACA 64A010,naca64a010,CHAMPINE,clean,,,150200,-4.52,-0.465,0.0123,PDNACA64,12.64,NACA64a010,,measured
NACA 64A010,NACA 64A010,NACA 64A010,naca64a010,CHAMPINE,clean,,,150200,-3.0,-0.347,0.011,PDNACA64,12.64,NACA64a010,,measured
NACA 64A010,NACA 64A010,NACA 64A010,naca64a010,CHAMPINE,clean,,,150200,-1.47,-0.223,0.0103,PDNACA64,12.64,NACA64a010,,measured
NACA 64A010,NACA 64A010,NACA 64A010,naca64a010,CHAMPINE,clean,,,150200,0.07,0.002,0.0104,PDNACA64,12.64,NACA64a010,,measured
NACA 64A010,NACA 64A010,NACA 64A010,naca64a010,CHAMPINE,clean,,,150200,1.63,0.227,0.0108,PDNACA64,12.64,NACA64a010,,measured
NACA 64A010,NACA 64A010,NACA 64A010,naca64a010,CHAMPINE,clean,,,150200,3.16,0.362,0.0102,PDNACA64,12.64,NACA64a010,,measured
NACA 64A010,NACA 64A010,NACA 64A010,naca64a010,CHAMPINE,clean,,,150200,4.7,0.468,0.0154,PDNACA64,12.64,NACA64a010,,measured
NACA 64A010,NACA 64A010,NACA 64A010,naca64a010,CHAMPINE,clean,,,150200,6.21,0.574,0.0217,PDNACA64,12.64,NACA64a010,,measured
NACA 64A010,NACA 64A010,NACA 64A010,naca64a010,CHAMPINE,clean,,,150200,7.74,0.673,0.0366,PDNACA64,12.64,NACA64a010,,measured
NACA 64A010,NACA 64A010,NACA 64A010,naca64a010,CHAMPINE,clean,,,203300,-5.01,-0.454,0.0129,PDNACA64,12.64,NACA64a010,,measured
NACA 64A010,NACA 64A010,NACA 64A010,naca64a010,CHAMPINE,clean,,,203300,-4.0,-0.383,0.01,PDNACA64,12.64,NACA64a010,,measured
NACA 64A010,NACA 64A010,NACA 64A010,naca64a010,CHAMPINE,clean,,,203300,-2.97,-0.299,0.0096,PDNACA64,12.64,NACA64a010,,measured
NACA 64A010,NACA 64A010,NACA 64A010,naca64a010,CHAMPINE,clean,,,203300,-1.95,-0.184,0.0098,PDNACA64,12.64,NACA64a010,,measured
NACA 64A010,NACA 64A010,NACA 64A010,naca64a010,CHAMPINE,clean,,,203300,-0.91,-0.048,0.0092,PDNACA64,12.64,NACA64a010,,measured
NACA 64A010,NACA 64A010,NACA 64A010,naca64a010,CHAMPINE,clean,,,203300,0.11,0.053,0.0093,PDNACA64,12.64,NACA64a010,,measured
NACA 64A010,NACA 64A010,NACA 64A010,naca64a010,CHAMPINE,clean,,,203300,1.13,0.155,0.0091,PDNACA64,12.64,NACA64a010,,measured
NACA 64A010,NACA 64A010,NACA 64A010,naca64a010,CHAMPINE,clean,,,203300,2.15,0.291,0.0094,PDNACA64,12.64,NACA64a010,,measured
NACA 64A010,NACA 64A010,NACA 64A010,naca64a010,CHAMPINE,clean,,,203300,3.18,0.384,0.0099,PDNACA64,12.64,NACA64a010,,measured
NACA 64A010,NACA 64A010,NACA 64A010,naca64a010,CHAMPINE,clean,,,203300,4.2,0.45,0.0131,PDNACA64,12.64,NACA64a010,,measured
NACA 64A010,NACA 64A010,NACA 64A010,naca64a010,CHAMPINE,clean,,,203300,5.21,0.526,0.0166,PDNACA64,12.64,NACA64a010,,measured
NACA 64A010,NACA 64A010,NACA 64A010,naca64a010,CHAMPINE,clean,,,203300,6.23,0.601,0.0201,PDNACA64,12.64,NACA64a010,,measured
NACA 64A010,NACA 64A010,NACA 64A010,naca64a010,CHAMPINE,clean,,,203300,7.24,0.665,0.0272,PDNACA64,12.64,NACA64a010,,measured
NACA 64A010,NACA 64A010,NACA 64A010,naca64a010,CHAMPINE,clean,,,203300,8.26,0.724,0.0523,PDNACA64,12.64,NACA64a010,,measured
NACA 64A010,NACA 64A010,NACA 64A010,naca64a010,CHAMPINE,clean,,,301000,-5.02,-0.463,0.012,PDNACA64,12.64,NACA64a010,,measured
NACA 64A010,NACA 64A010,NACA 64A010,naca64a010,CHAMPINE,clean,,,301000,-4.04,-0.385,0.01,PDNACA64,12.64,NACA64a010,,measured
NACA 64A010,NACA 64A010,NACA 64A010,naca64a010,CHAMPINE,clean,,,301000,-2.98,-0.266,0.0083,PDNACA64,12.64,NACA64a010,,measured
NACA 64A010,NACA 64A010,NACA 64A010,naca64a010,CHAMPINE,clean,,,301000,-1.95,-0.14,0.0075,PDNACA64,12.64,NACA64a010,,measured
NACA 64A010,NACA 64A010,NACA 64A010,naca64a010,CHAMPINE,clean,,,301000,-0.91,-0.04,0.0073,PDNACA64,12.64,NACA64a010,,measured
NACA 64A010,NACA 64A010,NACA 64A010,naca64a010,CHAMPINE,clean,,,301000,0.11,0.049,0.0075,PDNACA64,12.64,NACA64a010,,measured
NACA 64A010,NACA 64A010,NACA 64A010,naca64a010,CHAMPINE,clean,,,301000,1.13,0.14,0.0075,PDNACA64,12.64,NACA64a010,,measured
NACA 64A010,NACA 64A010,NACA 64A010,naca64a010,CHAMPINE,clean,,,301000,2.15,0.244,0.0081,PDNACA64,12.64,NACA64a010,,measured
NACA 64A010,NACA 64A010,NACA 64A010,naca64a010,CHAMPINE,clean,,,301000,3.17,0.365,0.0104,PDNACA64,12.64,NACA64a010,,measured
NACA 64A010,NACA 64A010,NACA 64A010,naca64a010,CHAMPINE,clean,,,301000,4.19,0.448,0.0122,PDNACA64,12.64,NACA64a010,,measured
NACA 64A010,NACA 64A010,NACA 64A010,naca64a010,CHAMPINE,clean,,,301000,5.2,0.527,0.0146,PDNACA64,12.64,NACA64a010,,measured
NACA 64A010,NACA 64A010,NACA 64A010,naca64a010,CHAMPINE,clean,,,301000,6.23,0.602,0.0177,PDNACA64,12.64,NACA64a010,,measured
NACA 64A010,NACA 64A010,NACA 64A010,naca64a010,CHAMPINE,clean,,,301000,7.25,0.67,0.0235,PDNACA64,12.64,NACA64a010,,measured
RG15,RG15,RG15,rg15,FOX,clean,,,59600,-2.93,-0.125,0.0159,PDRG,12.68,RG15,RG15,measured
RG15,RG15,RG15,rg15,FOX,clean,,,59600,-1.92,-0.069,0.0132,PDRG,12.68,RG15,RG15,measured
RG15,RG15,RG15,rg15,FOX,clean,,,59600,-0.91,0.017,0.0141,PDRG,12.68,RG15,RG15,measured
RG15,RG15,RG15,rg15,FOX,clean,,,59600,0.12,0.12,0.0188,PDRG,12.68,RG15,RG15,measured
RG15,RG15,RG15,rg15,FOX,clean,,,59600,1.14,0.215,0.0164,PDRG,12.68,RG15,RG15,measured
RG15,RG15,RG15,rg15,FOX,clean,,,59600,2.18,0.392,0.0213,PDRG,12.68,RG15,RG15,measured
RG15,RG15,RG15,rg15,FOX,clean,,,59600,3.21,0.54,0.0195,PDRG,12.68,RG15,RG15,measured
RG15,RG15,RG15,rg15,FOX,clean,,,59600,4.23,0.622,0.0187,PDRG,12.68,RG15,RG15,measured
RG15,RG15,RG15,rg15,FOX,clean,,,59600,5.23,0.691,0.0186,PDRG,12.68,RG15,RG15,measured
RG15,RG15,RG15,rg15,FOX,clean,,,59600,6.25,0.772,0.0219,PDRG,12.68,RG15,RG15,measured
RG15,RG15,RG15,rg15,FOX,clean,,,59600,7.28,0.853,0.0242,PDRG,12.68,RG15,RG15,measured
RG15,RG15,RG15,rg15,FOX,clean,,,59600,8.29,0.911,0.0289,PDRG,12.68,RG15,RG15,measured
RG15,RG15,RG15,rg15,FOX,clean,,,59600,9.3,0.965,0.0353,PDRG,12.68,RG15,RG15,measured
RG15,RG15,RG15,rg15,FOX,clean,,,59600,10.32,1.009,0.0469,PDRG,12.68,RG15,RG15,measured
RG15,RG15,RG15,rg15,FOX,clean,,,59600,11.33,1.026,0.0693,PDRG,12.68,RG15,RG15,measured
RG15,RG15,RG15,rg15,FOX,clean,,,99600,-2.93,-0.139,0.0141,PDRG,12.68,RG15,RG15,measured
RG15,RG15,RG15,rg15,FOX,clean,,,99600,-1.93,-0.059,0.0125,PDRG,12.68,RG15,RG15,measured
RG15,RG15,RG15,rg15,FOX,clean,,,99600,-0.91,0.021,0.0113,PDRG,12.68,RG15,RG15,measured
RG15,RG15,RG15,rg15,FOX,clean,,,99600,0.13,0.141,0.0129,PDRG,12.68,RG15,RG15,measured
RG15,RG15,RG15,rg15,FOX,clean,,,99600,1.16,0.31,0.0144,PDRG,12.68,RG15,RG15,measured
RG15,RG15,RG15,rg15,FOX,clean,,,99600,2.19,0.452,0.0131,PDRG,12.68,RG15,RG15,measured
RG15,RG15,RG15,rg15,FOX,clean,,,99600,3.21,0.544,0.0134,PDRG,12.68,RG15,RG15,measured
RG15,RG15,RG15,rg15,FOX,clean,,,99600,4.23,0.63,0.0149,PDRG,12.68,RG15,RG15,measured
RG15,RG15,RG15,rg15,FOX,clean,,,99600,5.25,0.718,0.0159,PDRG,12.68,RG15,RG15,measured
RG15,RG15,RG15,rg15,FOX,clean,,,99600,6.27,0.801,0.0182,PDRG,12.68,RG15,RG15,measured
RG15,RG15,RG15,rg15,FOX,clean,,,99600,7.28,0.877,0.021,PDRG,12.68,RG15,RG15,measured
RG15,RG15,RG15,rg15,FOX,clean,,,99600,8.29,0.946,0.0247,PDRG,12.68,RG15,RG15,measured
RG15,RG15,RG15,rg15,FOX,clean,,,99600,9.31,0.997,0.0309,PDRG,12.68,RG15,RG15,measured
RG15,RG15,RG15,rg15,FOX,clean,,,99600,10.32,1.035,0.0401,PDRG,12.68,RG15,RG15,measured
RG15,RG15,RG15,rg15,FOX,clean,,,99600,11.33,1.055,0.0536,PDRG,12.68,RG15,RG15,measured
RG15,RG15,RG15,rg15,FOX,clean,,,146100,-2.92,-0.133,0.0127,PDRG,12.68,RG15,RG15,measured
RG15,RG15,RG15,rg15,FOX,clean,,,146100,-1.9,-0.043,0.0106,PDRG,12.68,RG15,RG15,measured
RG15,RG15,RG15,rg15,FOX,clean,,,146100,-0.9,0.065,0.0097,PDRG,12.68,RG15,RG15,measured
RG15,RG15,RG15,rg15,FOX,clean,,,146100,0.13,0.214,0.0101,PDRG,12.68,RG15,RG15,measured
RG15,RG15,RG15,rg15,FOX,clean,,,146100,1.16,0.345,0.0097,PDRG,12.68,RG15,RG15,measured
RG15,RG15,RG15,rg15,FOX,clean,,,146100,2.19,0.461,0.0103,PDRG,12.68,RG15,RG15,measured
RG15,RG15,RG15,rg15,FOX,clean,,,146100,3.21,0.564,0.0112,PDRG,12.68,RG15,RG15,measured
RG15,RG15,RG15,rg15,FOX,clean,,,146100,4.24,0.665,0.0128,PDRG,12.68,RG15,RG15,measured
RG15,RG15,RG15,rg15,FOX,clean,,,146100,5.26,0.763,0.0142,PDRG,12.68,RG15,RG15,measured
RG15,RG15,RG15,rg15,FOX,clean,,,146100,6.28,0.86,0.0164,PDRG,12.68,RG15,RG15,measured
RG15,RG15,RG15,rg15,FOX,clean,,,146100,7.3,0.949,0.019,PDRG,12.68,RG15,RG15,measured
RG15,RG15,RG15,rg15,FOX,clean,,,200900,-4.0,-0.232,0.0144,PDRG,12.68,RG15,RG15,measured
RG15,RG15,RG15,rg15,FOX,clean,,,200900,-2.96,-0.139,0.0123,PDRG,12.68,RG15,RG15,measured
RG15,RG15,RG15,rg15,FOX,clean,,,200900,-1.92,-0.027,0.0108,PDRG,12.68,RG15,RG15,measured
RG15,RG15,RG15,rg15,FOX,clean,,,200900,-0.91,0.098,0.0094,PDRG,12.68,RG15,RG15,measured
RG15,RG15,RG15,rg15,FOX,clean,,,200900,0.12,0.221,0.0085,PDRG,12.68,RG15,RG15,measured
RG15,RG15,RG15,rg15,FOX,clean,,,200900,1.15,0.329,0.0083,PDRG,12.68,RG15,RG15,measured
RG15,RG15,RG15,rg15,FOX,clean,,,200900,2.19,0.43,0.0087,PDRG,12.68,RG15,RG15,measured
RG15,RG15,RG15,rg15,FOX,clean,,,200900,3.19,0.526,0.0096,PDRG,12.68,RG15,RG15,measured
RG15,RG15,RG15,rg15,FOX,clean,,,200900,4.22,0.627,0.0107,PDRG,12.68,RG15,RG15,measured
RG15,RG15,RG15,rg15,FOX,clean,,,200900,5.25,0.716,0.0121,PDRG,12.68,RG15,RG15,measured
RG15,RG15,RG15,rg15,FOX,clean,,,200900,6.26,0.804,0.0144,PDRG,12.68,RG15,RG15,measured
RG15,RG15,RG15,rg15,FOX,clean,,,200900,7.28,0.89,0.0165,PDRG,12.68,RG15,RG15,measured
RG15,RG15,RG15,rg15,FOX,clean,,,200900,8.3,0.965,0.0191,PDRG,12.68,RG15,RG15,measured
RG15,RG15,RG15,rg15,FOX,clean,,,200900,9.31,1.022,0.0249,PDRG,12.68,RG15,RG15,measured
RG15,RG15,RG15,rg15,FOX,clean,,,200900,10.33,1.065,0.0309,PDRG,12.68,RG15,RG15,measured
RG15,RG15,RG15,rg15,FOX,clean,,,200900,11.33,1.084,0.041,PDRG,12.68,RG15,RG15,measured
RG15,RG15,RG15,rg15,FOX,clean,,,302600,-3.99,-0.215,0.0126,PDRG,12.68,RG15,RG15,measured
RG15,RG15,RG15,rg15,FOX,clean,,,302600,-2.97,-0.095,0.0109,PDRG,12.68,RG15,RG15,measured
RG15,RG15,RG15,rg15,FOX,clean,,,302600,-1.97,0.034,0.0092,PDRG,12.68,RG15,RG15,measured
RG15,RG15,RG15,rg15,FOX,clean,,,302600,-0.93,0.146,0.0076,PDRG,12.68,RG15,RG15,measured
RG15,RG15,RG15,rg15,FOX,clean,,,302600,0.05,0.239,0.0069,PDRG,12.68,RG15,RG15,measured
RG15,RG15,RG15,rg15,FOX,clean,,,302600,1.09,0.331,0.0075,PDRG,12.68,RG15,RG15,measured
RG15,RG15,RG15,rg15,FOX,clean,,,302600,2.17,0.44,0.0078,PDRG,12.68,RG15,RG15,measured
RG15,RG15,RG15,rg15,FOX,clean,,,302600,3.2,0.543,0.0087,PDRG,12.68,RG15,RG15,measured
RG15,RG15,RG15,rg15,FOX,clean,,,302600,4.23,0.639,0.01,PDRG,12.68,RG15,RG15,measured
RG15,RG15,RG15,rg15,FOX,clean,,,302600,5.24,0.73,0.0115,PDRG,12.68,RG15,RG15,measured
RG15,RG15,RG15,rg15,FOX,clean,,,302600,6.27,0.82,0.0131,PDRG,12.68,RG15,RG15,measured
RG15,RG15,RG15,rg15,FOX,clean,,,302600,7.29,0.907,0.015,PDRG,12.68,RG15,RG15,measured
RG15,RG15,RG15,rg15,FOX,clean,,,302600,8.3,0.981,0.0185,PDRG,12.68,RG15,RG15,measured
"RG15 UST .020, .125, 20%",RG15,RG15,rg15,FOX,tripped,0.2,,102300,-3.96,-0.227,0.0183,PDRGUST2012520,12.69,RG15,RG15,measured
"RG15 UST .020, .125, 20%",RG15,RG15,rg15,FOX,tripped,0.2,,102300,-2.94,-0.13,0.0144,PDRGUST2012520,12.69,RG15,RG15,measured
"RG15 UST .020, .125, 20%",RG15,RG15,rg15,FOX,tripped,0.2,,102300,-1.93,-0.046,0.0116,PDRGUST2012520,12.69,RG15,RG15,measured
"RG15 UST .020, .125, 20%",RG15,RG15,rg15,FOX,tripped,0.2,,102300,-0.9,0.076,0.0117,PDRGUST2012520,12.69,RG15,RG15,measured
"RG15 UST .020, .125, 20%",RG15,RG15,rg15,FOX,tripped,0.2,,102300,0.12,0.214,0.0121,PDRGUST2012520,12.69,RG15,RG15,measured
"RG15 UST .020, .125, 20%",RG15,RG15,rg15,FOX,tripped,0.2,,102300,1.16,0.338,0.012,PDRGUST2012520,12.69,RG15,RG15,measured
"RG15 UST .020, .125, 20%",RG15,RG15,rg15,FOX,tripped,0.2,,102300,2.19,0.447,0.0125,PDRGUST2012520,12.69,RG15,RG15,measured
"RG15 UST .020, .125, 20%",RG15,RG15,rg15,FOX,tripped,0.2,,102300,3.2,0.541,0.0121,PDRGUST2012520,12.69,RG15,RG15,measured
"RG15 UST .020, .125, 20%",RG15,RG15,rg15,FOX,tripped,0.2,,102300,4.24,0.633,0.0124,PDRGUST2012520,12.69,RG15,RG15,measured
"RG15 UST .020, .125, 20%",RG15,RG15,rg15,FOX,tripped,0.2,,102300,5.24,0.721,0.0156,PDRGUST2012520,12.69,RG15,RG15,measured
"RG15 UST .020, .125, 20%",RG15,RG15,rg15,FOX,tripped,0.2,,102300,6.25,0.804,0.0165,PDRGUST2012520,12.69,RG15,RG15,measured
"RG15 UST .020, .125, 20%",RG15,RG15,rg15,FOX,tripped,0.2,,102300,7.27,0.879,0.021,PDRGUST2012520,12.69,RG15,RG15,measured
"RG15 UST .020, .125, 20%",RG15,RG15,rg15,FOX,tripped,0.2,,102300,8.3,0.945,0.0264,PDRGUST2012520,12.69,RG15,RG15,measured
"RG15 UST .020, .125, 20%",RG15,RG15,rg15,FOX,tripped,0.2,,102300,9.31,0.997,0.0299,PDRGUST2012520,12.69,RG15,RG15,measured
"RG15 UST .020, .125, 20%",RG15,RG15,rg15,FOX,tripped,0.2,,102300,10.31,1.017,0.0625,PDRGUST2012520,12.69,RG15,RG15,measured
"RG15 UST .020, .125, 20%",RG15,RG15,rg15,FOX,tripped,0.2,,151600,-3.97,-0.216,0.0154,PDRGUST2012520,12.69,RG15,RG15,measured
"RG15 UST .020, .125, 20%",RG15,RG15,rg15,FOX,tripped,0.2,,151600,-2.94,-0.099,0.0129,PDRGUST2012520,12.69,RG15,RG15,measured
"RG15 UST .020, .125, 20%",RG15,RG15,rg15,FOX,tripped,0.2,,151600,-1.91,0.027,0.0108,PDRGUST2012520,12.69,RG15,RG15,measured
"RG15 UST .020, .125, 20%",RG15,RG15,rg15,FOX,tripped,0.2,,151600,-0.89,0.124,0.0097,PDRGUST2012520,12.69,RG15,RG15,measured
"RG15 UST .020, .125, 20%",RG15,RG15,rg15,FOX,tripped,0.2,,151600,0.13,0.237,0.0088,PDRGUST2012520,12.69,RG15,RG15,measured
"RG15 UST .020, .125, 20%",RG15,RG15,rg15,FOX,tripped,0.2,,151600,1.17,0.347,0.0101,PDRGUST2012520,12.69,RG15,RG15,measured
"RG15 UST .020, .125, 20%",RG15,RG15,rg15,FOX,tripped,0.2,,151600,2.19,0.449,0.0109,PDRGUST2012520,12.69,RG15,RG15,measured
"RG15 UST .020, .125, 20%",RG15,RG15,rg15,FOX,tripped,0.2,,151600,3.21,0.549,0.0116,PDRGUST2012520,12.69,RG15,RG15,measured
"RG15 UST .020, .125, 20%",RG15,RG15,rg15,FOX,tripped,0.2,,151600,4.23,0.648,0.0125,PDRGUST2012520,12.69,RG15,RG15,measured
"RG15 UST .020, .125, 20%",RG15,RG15,rg15,FOX,tripped,0.2,,151600,5.24,0.743,0.014,PDRGUST2012520,12.69,RG15,RG15,measured
"RG15 UST .020, .125, 20%",RG15,RG15,rg15,FOX,tripped,0.2,,151600,6.27,0.833,0.0166,PDRGUST2012520,12.69,RG15,RG15,measured
"RG15 UST .020, .125, 20%",RG15,RG15,rg15,FOX,tripped,0.2,,151600,7.28,0.917,0.0188,PDRGUST2012520,12.69,RG15,RG15,measured
"RG15 UST .020, .125, 20%",RG15,RG15,rg15,FOX,tripped,0.2,,151600,8.31,0.989,0.0237,PDRGUST2012520,12.69,RG15,RG15,measured
"RG15 UST .020, .125, 20%",RG15,RG15,rg15,FOX,tripped,0.2,,151600,9.3,1.04,0.0276,PDRGUST2012520,12.69,RG15,RG15,measured
"RG15 UST .020, .125, 20%",RG15,RG15,rg15,FOX,tripped,0.2,,151600,10.33,1.076,0.0387,PDRGUST2012520,12.69,RG15,RG15,measured
"RG15 UST .020, .125, 20%",RG15,RG15,rg15,FOX,tripped,0.2,,151600,11.32,1.089,0.0505,PDRGUST2012520,12.69,RG15,RG15,measured
"RG15 UST .020, .125, 20%",RG15,RG15,rg15,FOX,tripped,0.2,,151600,12.3,1.038,0.1342,PDRGUST2012520,12.69,RG15,RG15,measured
"RG15 UST .020, .125, 20%",RG15,RG15,rg15,FOX,tripped,0.2,,201200,-3.97,-0.188,0.0135,PDRGUST2012520,12.69,RG15,RG15,measured
"RG15 UST .020, .125, 20%",RG15,RG15,rg15,FOX,tripped,0.2,,201200,-2.93,-0.062,0.0114,PDRGUST2012520,12.69,RG15,RG15,measured
"RG15 UST .020, .125, 20%",RG15,RG15,rg15,FOX,tripped,0.2,,201200,-1.92,0.05,0.009,PDRGUST2012520,12.69,RG15,RG15,measured
"RG15 UST .020, .125, 20%",RG15,RG15,rg15,FOX,tripped,0.2,,201200,-0.9,0.137,0.0083,PDRGUST2012520,12.69,RG15,RG15,measured
"RG15 UST .020, .125, 20%",RG15,RG15,rg15,FOX,tripped,0.2,,201200,0.14,0.229,0.0086,PDRGUST2012520,12.69,RG15,RG15,measured
"RG15 UST .020, .125, 20%",RG15,RG15,rg15,FOX,tripped,0.2,,201200,1.15,0.338,0.0093,PDRGUST2012520,12.69,RG15,RG15,measured
"RG15 UST .020, .125, 20%",RG15,RG15,rg15,FOX,tripped,0.2,,201200,2.17,0.442,0.01,PDRGUST2012520,12.69,RG15,RG15,measured
"RG15 UST .020, .125, 20%",RG15,RG15,rg15,FOX,tripped,0.2,,201200,3.2,0.546,0.0109,PDRGUST2012520,12.69,RG15,RG15,measured
"RG15 UST .020, .125, 20%",RG15,RG15,rg15,FOX,tripped,0.2,,201200,4.22,0.647,0.0121,PDRGUST2012520,12.69,RG15,RG15,measured
"RG15 UST .020, .125, 20%",RG15,RG15,rg15,FOX,tripped,0.2,,201200,5.24,0.747,0.0133,PDRGUST2012520,12.69,RG15,RG15,measured
"RG15 UST .020, .125, 20%",RG15,RG15,rg15,FOX,tripped,0.2,,201200,6.26,0.843,0.0148,PDRGUST2012520,12.69,RG15,RG15,measured
"RG15 UST .020, .125, 20%",RG15,RG15,rg15,FOX,tripped,0.2,,201200,7.29,0.929,0.0178,PDRGUST2012520,12.69,RG15,RG15,measured
"RG15 UST .020, .125, 20%",RG15,RG15,rg15,FOX,tripped,0.2,,201200,8.29,0.998,0.022,PDRGUST2012520,12.69,RG15,RG15,measured
"RG15 UST .020, .125, 20%",RG15,RG15,rg15,FOX,tripped,0.2,,201200,9.32,1.053,0.0282,PDRGUST2012520,12.69,RG15,RG15,measured
"RG15 UST .020, .125, 20%",RG15,RG15,rg15,FOX,tripped,0.2,,201200,10.32,1.089,0.0361,PDRGUST2012520,12.69,RG15,RG15,measured
"RG15 UST .020, .125, 20%",RG15,RG15,rg15,FOX,tripped,0.2,,201200,11.32,1.103,0.0463,PDRGUST2012520,12.69,RG15,RG15,measured
"RG15 UST .020, .125, 20%",RG15,RG15,rg15,FOX,tripped,0.2,,313500,-3.97,-0.164,0.0121,PDRGUST2012520,12.69,RG15,RG15,measured
"RG15 UST .020, .125, 20%",RG15,RG15,rg15,FOX,tripped,0.2,,313500,-2.96,-0.065,0.0107,PDRGUST2012520,12.69,RG15,RG15,measured
"RG15 UST .020, .125, 20%",RG15,RG15,rg15,FOX,tripped,0.2,,313500,-1.96,0.025,0.0101,PDRGUST2012520,12.69,RG15,RG15,measured
"RG15 UST .020, .125, 20%",RG15,RG15,rg15,FOX,tripped,0.2,,313500,-0.94,0.125,0.0091,PDRGUST2012520,12.69,RG15,RG15,measured
"RG15 UST .020, .125, 20%",RG15,RG15,rg15,FOX,tripped,0.2,,313500,0.11,0.227,0.0095,PDRGUST2012520,12.69,RG15,RG15,measured
"RG15 UST .020, .125, 20%",RG15,RG15,rg15,FOX,tripped,0.2,,313500,1.15,0.33,0.0096,PDRGUST2012520,12.69,RG15,RG15,measured
"RG15 UST .020, .125, 20%",RG15,RG15,rg15,FOX,tripped,0.2,,313500,2.17,0.44,0.0098,PDRGUST2012520,12.69,RG15,RG15,measured
"RG15 UST .020, .125, 20%",RG15,RG15,rg15,FOX,tripped,0.2,,313500,3.19,0.549,0.0104,PDRGUST2012520,12.69,RG15,RG15,measured
"RG15 UST .020, .125, 20%",RG15,RG15,rg15,FOX,tripped,0.2,,313500,4.22,0.652,0.011,PDRGUST2012520,12.69,RG15,RG15,measured
"RG15 UST .020, .125, 20%",RG15,RG15,rg15,FOX,tripped,0.2,,313500,5.26,0.754,0.0122,PDRGUST2012520,12.69,RG15,RG15,measured
"RG15 UST .020, .125, 20%",RG15,RG15,rg15,FOX,tripped,0.2,,313500,6.27,0.845,0.0139,PDRGUST2012520,12.69,RG15,RG15,measured
"RG15 UST .020, .125, 20%",RG15,RG15,rg15,FOX,tripped,0.2,,313500,7.28,0.924,0.0165,PDRGUST2012520,12.69,RG15,RG15,measured
"RG15 UST .020, .125, 20%",RG15,RG15,rg15,FOX,tripped,0.2,,313500,8.31,1.0,0.0199,PDRGUST2012520,12.69,RG15,RG15,measured
"RG15 UST .020, .125, 20%",RG15,RG15,rg15,FOX,tripped,0.2,,313500,9.32,1.057,0.0248,PDRGUST2012520,12.69,RG15,RG15,measured
"RG15 UST .020, .125, 20%",RG15,RG15,rg15,FOX,tripped,0.2,,313500,10.31,1.096,0.0314,PDRGUST2012520,12.69,RG15,RG15,measured
"RG15 UST .020, .125, 20%",RG15,RG15,rg15,FOX,tripped,0.2,,313500,11.31,1.107,0.0402,PDRGUST2012520,12.69,RG15,RG15,measured
"RG15 UST .020, .125, 40%",RG15,RG15,rg15,FOX,tripped,0.4,,101700,-3.45,-0.198,0.0172,PDRGUST2012540,12.70,RG15,RG15,measured
"RG15 UST .020, .125, 40%",RG15,RG15,rg15,FOX,tripped,0.4,,101700,-1.92,-0.062,0.0113,PDRGUST2012540,12.70,RG15,RG15,measured
"RG15 UST .020, .125, 40%",RG15,RG15,rg15,FOX,tripped,0.4,,101700,-0.39,0.128,0.0116,PDRGUST2012540,12.70,RG15,RG15,measured
"RG15 UST .020, .125, 40%",RG15,RG15,rg15,FOX,tripped,0.4,,101700,1.15,0.32,0.0127,PDRGUST2012540,12.70,RG15,RG15,measured
"RG15 UST .020, .125, 40%",RG15,RG15,rg15,FOX,tripped,0.4,,101700,2.69,0.486,0.013,PDRGUST2012540,12.70,RG15,RG15,measured
"RG15 UST .020, .125, 40%",RG15,RG15,rg15,FOX,tripped,0.4,,101700,5.26,0.728,0.0159,PDRGUST2012540,12.70,RG15,RG15,measured
"RG15 UST .020, .125, 40%",RG15,RG15,rg15,FOX,tripped,0.4,,101700,6.78,0.856,0.0188,PDRGUST2012540,12.70,RG15,RG15,measured
"RG15 UST .020, .125, 40%",RG15,RG15,rg15,FOX,tripped,0.4,,101700,8.29,0.962,0.0246,PDRGUST2012540,12.70,RG15,RG15,measured
"RG15 UST .020, .125, 40%",RG15,RG15,rg15,FOX,tripped,0.4,,101700,9.31,1.012,0.0293,PDRGUST2012540,12.70,RG15,RG15,measured
"RG15 UST .020, .125, 40%",RG15,RG15,rg15,FOX,tripped,0.4,,101700,10.32,1.047,0.0346,PDRGUST2012540,12.70,RG15,RG15,measured
"RG15 UST .020, .125, 40%",RG15,RG15,rg15,FOX,tripped,0.4,,101700,11.32,1.051,0.0744,PDRGUST2012540,12.70,RG15,RG15,measured
"RG15 UST .020, .125, 40%",RG15,RG15,rg15,FOX,tripped,0.4,,151900,-3.44,-0.14,0.0134,PDRGUST2012540,12.70,RG15,RG15,measured
"RG15 UST .020, .125, 40%",RG15,RG15,rg15,FOX,tripped,0.4,,151900,-1.92,0.028,0.0094,PDRGUST2012540,12.70,RG15,RG15,measured
"RG15 UST .020, .125, 40%",RG15,RG15,rg15,FOX,tripped,0.4,,151900,-0.38,0.175,0.0084,PDRGUST2012540,12.70,RG15,RG15,measured
"RG15 UST .020, .125, 40%",RG15,RG15,rg15,FOX,tripped,0.4,,151900,1.16,0.349,0.0097,PDRGUST2012540,12.70,RG15,RG15,measured
"RG15 UST .020, .125, 40%",RG15,RG15,rg15,FOX,tripped,0.4,,151900,2.7,0.508,0.011,PDRGUST2012540,12.70,RG15,RG15,measured
"RG15 UST .020, .125, 40%",RG15,RG15,rg15,FOX,tripped,0.4,,151900,5.26,0.748,0.0144,PDRGUST2012540,12.70,RG15,RG15,measured
"RG15 UST .020, .125, 40%",RG15,RG15,rg15,FOX,tripped,0.4,,151900,6.78,0.877,0.0194,PDRGUST2012540,12.70,RG15,RG15,measured
"RG15 UST .020, .125, 40%",RG15,RG15,rg15,FOX,tripped,0.4,,151900,8.3,0.987,0.0257,PDRGUST2012540,12.70,RG15,RG15,measured
"RG15 UST .020, .125, 40%",RG15,RG15,rg15,FOX,tripped,0.4,,151900,9.31,1.04,0.0312,PDRGUST2012540,12.70,RG15,RG15,measured
"RG15 UST .020, .125, 40%",RG15,RG15,rg15,FOX,tripped,0.4,,151900,10.32,1.075,0.0407,PDRGUST2012540,12.70,RG15,RG15,measured
"RG15 UST .020, .125, 40%",RG15,RG15,rg15,FOX,tripped,0.4,,151900,11.33,1.091,0.0559,PDRGUST2012540,12.70,RG15,RG15,measured
"RG15 UST .020, .125, 40%",RG15,RG15,rg15,FOX,tripped,0.4,,202700,-3.43,-0.107,0.0117,PDRGUST2012540,12.70,RG15,RG15,measured
"RG15 UST .020, .125, 40%",RG15,RG15,rg15,FOX,tripped,0.4,,202700,-1.93,0.049,0.0088,PDRGUST2012540,12.70,RG15,RG15,measured
"RG15 UST .020, .125, 40%",RG15,RG15,rg15,FOX,tripped,0.4,,202700,-0.38,0.18,0.0083,PDRGUST2012540,12.70,RG15,RG15,measured
"RG15 UST .020, .125, 40%",RG15,RG15,rg15,FOX,tripped,0.4,,202700,1.17,0.343,0.0087,PDRGUST2012540,12.70,RG15,RG15,measured
"RG15 UST .020, .125, 40%",RG15,RG15,rg15,FOX,tripped,0.4,,202700,2.7,0.506,0.0097,PDRGUST2012540,12.70,RG15,RG15,measured
"RG15 UST .020, .125, 40%",RG15,RG15,rg15,FOX,tripped,0.4,,202700,5.26,0.749,0.0135,PDRGUST2012540,12.70,RG15,RG15,measured
"RG15 UST .020, .125, 40%",RG15,RG15,rg15,FOX,tripped,0.4,,202700,6.78,0.879,0.0171,PDRGUST2012540,12.70,RG15,RG15,measured
"RG15 UST .020, .125, 40%",RG15,RG15,rg15,FOX,tripped,0.4,,202700,8.29,0.995,0.0223,PDRGUST2012540,12.70,RG15,RG15,measured
"RG15 UST .020, .125, 40%",RG15,RG15,rg15,FOX,tripped,0.4,,202700,9.32,1.049,0.028,PDRGUST2012540,12.70,RG15,RG15,measured
"RG15 UST .020, .125, 40%",RG15,RG15,rg15,FOX,tripped,0.4,,305100,-3.49,-0.114,0.012,PDRGUST2012540,12.70,RG15,RG15,measured
"RG15 UST .020, .125, 40%",RG15,RG15,rg15,FOX,tripped,0.4,,305100,-2.0,0.032,0.0096,PDRGUST2012540,12.70,RG15,RG15,measured
"RG15 UST .020, .125, 40%",RG15,RG15,rg15,FOX,tripped,0.4,,305100,-0.39,0.189,0.0087,PDRGUST2012540,12.70,RG15,RG15,measured
"RG15 UST .020, .125, 40%",RG15,RG15,rg15,FOX,tripped,0.4,,305100,1.13,0.34,0.0082,PDRGUST2012540,12.70,RG15,RG15,measured
"RG15 UST .020, .125, 40%",RG15,RG15,rg15,FOX,tripped,0.4,,305100,2.7,0.509,0.0086,PDRGUST2012540,12.70,RG15,RG15,measured
"RG15 UST .020, .125, 40%",RG15,RG15,rg15,FOX,tripped,0.4,,305100,5.25,0.75,0.0122,PDRGUST2012540,12.70,RG15,RG15,measured
"RG15 UST .020, .125, 40%",RG15,RG15,rg15,FOX,tripped,0.4,,305100,6.79,0.884,0.0152,PDRGUST2012540,12.70,RG15,RG15,measured
"RG15 UST .020, .125, 40%",RG15,RG15,rg15,FOX,tripped,0.4,,305100,8.3,0.995,0.0205,PDRGUST2012540,12.70,RG15,RG15,measured
"RG15 UST .020, .125, 40%",RG15,RG15,rg15,FOX,tripped,0.4,,305100,9.31,1.051,0.0253,PDRGUST2012540,12.70,RG15,RG15,measured
"RG15 UST .020, .125, 40%",RG15,RG15,rg15,FOX,tripped,0.4,,305100,10.32,1.09,0.0317,PDRGUST2012540,12.70,RG15,RG15,measured
"RG15 UST .020, .125, 60%",RG15,RG15,rg15,FOX,tripped,0.6,,101000,-3.45,-0.198,0.0172,PDRGUST2012560,12.71,RG15,RG15,measured
"RG15 UST .020, .125, 60%",RG15,RG15,rg15,FOX,tripped,0.6,,101000,-1.93,-0.065,0.0119,PDRGUST2012560,12.71,RG15,RG15,measured
"RG15 UST .020, .125, 60%",RG15,RG15,rg15,FOX,tripped,0.6,,101000,-0.38,0.112,0.0117,PDRGUST2012560,12.71,RG15,RG15,measured
"RG15 UST .020, .125, 60%",RG15,RG15,rg15,FOX,tripped,0.6,,101000,1.16,0.316,0.0147,PDRGUST2012560,12.71,RG15,RG15,measured
"RG15 UST .020, .125, 60%",RG15,RG15,rg15,FOX,tripped,0.6,,101000,2.69,0.5,0.0136,PDRGUST2012560,12.71,RG15,RG15,measured
"RG15 UST .020, .125, 60%",RG15,RG15,rg15,FOX,tripped,0.6,,101000,5.24,0.723,0.0157,PDRGUST2012560,12.71,RG15,RG15,measured
"RG15 UST .020, .125, 60%",RG15,RG15,rg15,FOX,tripped,0.6,,101000,6.77,0.85,0.0174,PDRGUST2012560,12.71,RG15,RG15,measured
"RG15 UST .020, .125, 60%",RG15,RG15,rg15,FOX,tripped,0.6,,101000,8.3,0.964,0.0233,PDRGUST2012560,12.71,RG15,RG15,measured
"RG15 UST .020, .125, 60%",RG15,RG15,rg15,FOX,tripped,0.6,,101000,9.31,1.013,0.0301,PDRGUST2012560,12.71,RG15,RG15,measured
"RG15 UST .020, .125, 60%",RG15,RG15,rg15,FOX,tripped,0.6,,101000,10.32,1.048,0.0396,PDRGUST2012560,12.71,RG15,RG15,measured
"RG15 UST .020, .125, 60%",RG15,RG15,rg15,FOX,tripped,0.6,,101000,11.32,1.05,0.0779,PDRGUST2012560,12.71,RG15,RG15,measured
"RG15 UST .020, .125, 60%",RG15,RG15,rg15,FOX,tripped,0.6,,152800,-3.95,-0.198,0.0162,PDRGUST2012560,12.71,RG15,RG15,measured
"RG15 UST .020, .125, 60%",RG15,RG15,rg15,FOX,tripped,0.6,,152800,-2.93,-0.082,0.012,PDRGUST2012560,12.71,RG15,RG15,measured
"RG15 UST .020, .125, 60%",RG15,RG15,rg15,FOX,tripped,0.6,,152800,-1.92,0.032,0.01,PDRGUST2012560,12.71,RG15,RG15,measured
"RG15 UST .020, .125, 60%",RG15,RG15,rg15,FOX,tripped,0.6,,152800,-0.91,0.131,0.0107,PDRGUST2012560,12.71,RG15,RG15,measured
"RG15 UST .020, .125, 60%",RG15,RG15,rg15,FOX,tripped,0.6,,152800,0.12,0.249,0.0106,PDRGUST2012560,12.71,RG15,RG15,measured
"RG15 UST .020, .125, 60%",RG15,RG15,rg15,FOX,tripped,0.6,,152800,1.16,0.368,0.0101,PDRGUST2012560,12.71,RG15,RG15,measured
"RG15 UST .020, .125, 60%",RG15,RG15,rg15,FOX,tripped,0.6,,152800,2.18,0.469,0.0102,PDRGUST2012560,12.71,RG15,RG15,measured
"RG15 UST .020, .125, 60%",RG15,RG15,rg15,FOX,tripped,0.6,,152800,3.21,0.566,0.0105,PDRGUST2012560,12.71,RG15,RG15,measured
"RG15 UST .020, .125, 60%",RG15,RG15,rg15,FOX,tripped,0.6,,152800,4.23,0.663,0.0118,PDRGUST2012560,12.71,RG15,RG15,measured
"RG15 UST .020, .125, 60%",RG15,RG15,rg15,FOX,tripped,0.6,,152800,5.24,0.751,0.0136,PDRGUST2012560,12.71,RG15,RG15,measured
"RG15 UST .020, .125, 60%",RG15,RG15,rg15,FOX,tripped,0.6,,152800,6.27,0.839,0.0159,PDRGUST2012560,12.71,RG15,RG15,measured
"RG15 UST .020, .125, 60%",RG15,RG15,rg15,FOX,tripped,0.6,,152800,7.29,0.925,0.0191,PDRGUST2012560,12.71,RG15,RG15,measured
"RG15 UST .020, .125, 60%",RG15,RG15,rg15,FOX,tripped,0.6,,152800,8.3,0.998,0.0226,PDRGUST2012560,12.71,RG15,RG15,measured
"RG15 UST .020, .125, 60%",RG15,RG15,rg15,FOX,tripped,0.6,,152800,9.31,1.051,0.0289,PDRGUST2012560,12.71,RG15,RG15,measured
"RG15 UST .020, .125, 60%",RG15,RG15,rg15,FOX,tripped,0.6,,152800,10.32,1.092,0.0362,PDRGUST2012560,12.71,RG15,RG15,measured
"RG15 UST .020, .125, 60%",RG15,RG15,rg15,FOX,tripped,0.6,,152800,11.33,1.11,0.0479,PDRGUST2012560,12.71,RG15,RG15,measured
"RG15 UST .020, .125, 60%",RG15,RG15,rg15,FOX,tripped,0.6,,152800,12.32,1.086,0.1002,PDRGUST2012560,12.71,RG15,RG15,measured
"RG15 UST .020, .125, 60%",RG15,RG15,rg15,FOX,tripped,0.6,,152800,13.29,0.997,0.1993,PDRGUST2012560,12.71,RG15,RG15,measured
"RG15 UST .020, .125, 60%",RG15,RG15,rg15,FOX,tripped,0.6,,202300,-3.95,-0.164,0.0139,PDRGUST2012560,12.71,RG15,RG15,measured
"RG15 UST .020, .125, 60%",RG15,RG15,rg15,FOX,tripped,0.6,,202300,-2.97,-0.058,0.0108,PDRGUST2012560,12.71,RG15,RG15,measured
"RG15 UST .020, .125, 60%",RG15,RG15,rg15,FOX,tripped,0.6,,202300,-1.91,0.055,0.0087,PDRGUST2012560,12.71,RG15,RG15,measured
"RG15 UST .020, .125, 60%",RG15,RG15,rg15,FOX,tripped,0.6,,202300,-0.92,0.148,0.0082,PDRGUST2012560,12.71,RG15,RG15,measured
"RG15 UST .020, .125, 60%",RG15,RG15,rg15,FOX,tripped,0.6,,202300,0.12,0.248,0.0081,PDRGUST2012560,12.71,RG15,RG15,measured
"RG15 UST .020, .125, 60%",RG15,RG15,rg15,FOX,tripped,0.6,,202300,1.15,0.357,0.0083,PDRGUST2012560,12.71,RG15,RG15,measured
"RG15 UST .020, .125, 60%",RG15,RG15,rg15,FOX,tripped,0.6,,202300,2.16,0.457,0.0086,PDRGUST2012560,12.71,RG15,RG15,measured
"RG15 UST .020, .125, 60%",RG15,RG15,rg15,FOX,tripped,0.6,,202300,3.19,0.558,0.0096,PDRGUST2012560,12.71,RG15,RG15,measured
"RG15 UST .020, .125, 60%",RG15,RG15,rg15,FOX,tripped,0.6,,202300,4.22,0.654,0.0111,PDRGUST2012560,12.71,RG15,RG15,measured
"RG15 UST .020, .125, 60%",RG15,RG15,rg15,FOX,tripped,0.6,,202300,5.25,0.747,0.0127,PDRGUST2012560,12.71,RG15,RG15,measured
"RG15 UST .020, .125, 60%",RG15,RG15,rg15,FOX,tripped,0.6,,202300,6.26,0.836,0.0151,PDRGUST2012560,12.71,RG15,RG15,measured
"RG15 UST .020, .125, 60%",RG15,RG15,rg15,FOX,tripped,0.6,,202300,7.29,0.922,0.0175,PDRGUST2012560,12.71,RG15,RG15,measured
"RG15 UST .020, .125, 60%",RG15,RG15,rg15,FOX,tripped,0.6,,202300,8.29,0.994,0.0211,PDRGUST2012560,12.71,RG15,RG15,measured
"RG15 UST .020, .125, 60%",RG15,RG15,rg15,FOX,tripped,0.6,,202300,9.32,1.049,0.0267,PDRGUST2012560,12.71,RG15,RG15,measured
"RG15 UST .020, .125, 60%",RG15,RG15,rg15,FOX,tripped,0.6,,202300,10.32,1.087,0.0337,PDRGUST2012560,12.71,RG15,RG15,measured
"RG15 UST .020, .125, 60%",RG15,RG15,rg15,FOX,tripped,0.6,,202300,11.33,1.105,0.044,PDRGUST2012560,12.71,RG15,RG15,measured
"RG15 UST .020, .125, 60%",RG15,RG15,rg15,FOX,tripped,0.6,,202300,12.19,1.089,0.0944,PDRGUST2012560,12.71,RG15,RG15,measured
"RG15 UST .020, .125, 60%",RG15,RG15,rg15,FOX,tripped,0.6,,307600,-4.02,-0.158,0.0123,PDRGUST2012560,12.71,RG15,RG15,measured
"RG15 UST .020, .125, 60%",RG15,RG15,rg15,FOX,tripped,0.6,,307600,-2.96,-0.052,0.0103,PDRGUST2012560,12.71,RG15,RG15,measured
"RG15 UST .020, .125, 60%",RG15,RG15,rg15,FOX,tripped,0.6,,307600,-1.97,0.047,0.0086,PDRGUST2012560,12.71,RG15,RG15,measured
"RG15 UST .020, .125, 60%",RG15,RG15,rg15,FOX,tripped,0.6,,307600,-0.98,0.142,0.0074,PDRGUST2012560,12.71,RG15,RG15,measured
"RG15 UST .020, .125, 60%",RG15,RG15,rg15,FOX,tripped,0.6,,307600,0.11,0.247,0.0072,PDRGUST2012560,12.71,RG15,RG15,measured
"RG15 UST .020, .125, 60%",RG15,RG15,rg15,FOX,tripped,0.6,,307600,1.1,0.345,0.007,PDRGUST2012560,12.71,RG15,RG15,measured
"RG15 UST .020, .125, 60%",RG15,RG15,rg15,FOX,tripped,0.6,,307600,2.16,0.457,0.008,PDRGUST2012560,12.71,RG15,RG15,measured
"RG15 UST .020, .125, 60%",RG15,RG15,rg15,FOX,tripped,0.6,,307600,3.18,0.559,0.0091,PDRGUST2012560,12.71,RG15,RG15,measured
"RG15 UST .020, .125, 60%",RG15,RG15,rg15,FOX,tripped,0.6,,307600,4.21,0.655,0.0105,PDRGUST2012560,12.71,RG15,RG15,measured
"RG15 UST .020, .125, 60%",RG15,RG15,rg15,FOX,tripped,0.6,,307600,5.25,0.749,0.012,PDRGUST2012560,12.71,RG15,RG15,measured
"RG15 UST .020, .125, 60%",RG15,RG15,rg15,FOX,tripped,0.6,,307600,6.27,0.836,0.0138,PDRGUST2012560,12.71,RG15,RG15,measured
"RG15 UST .020, .125, 60%",RG15,RG15,rg15,FOX,tripped,0.6,,307600,7.28,0.921,0.0157,PDRGUST2012560,12.71,RG15,RG15,measured
"RG15 UST .020, .125, 60%",RG15,RG15,rg15,FOX,tripped,0.6,,307600,8.3,0.995,0.0192,PDRGUST2012560,12.71,RG15,RG15,measured
"RG15 UST .020, .125, 60%",RG15,RG15,rg15,FOX,tripped,0.6,,307600,9.32,1.053,0.0241,PDRGUST2012560,12.71,RG15,RG15,measured
"RG15 UST .020, .125, 60%",RG15,RG15,rg15,FOX,tripped,0.6,,307600,10.32,1.094,0.0306,PDRGUST2012560,12.71,RG15,RG15,measured
"RG15 UST .020, .125, 60%",RG15,RG15,rg15,FOX,tripped,0.6,,307600,11.32,1.109,0.0402,PDRGUST2012560,12.71,RG15,RG15,measured
"RG15 UST .020, .125, 70%",RG15,RG15,rg15,FOX,tripped,0.7,,101000,-2.96,-0.128,0.0151,PDRGUST2012570,12.72,RG15,RG15,measured
"RG15 UST .020, .125, 70%",RG15,RG15,rg15,FOX,tripped,0.7,,101000,-1.93,-0.054,0.012,PDRGUST2012570,12.72,RG15,RG15,measured
"RG15 UST .020, .125, 70%",RG15,RG15,rg15,FOX,tripped,0.7,,101000,-0.92,0.021,0.0125,PDRGUST2012570,12.72,RG15,RG15,measured
"RG15 UST .020, .125, 70%",RG15,RG15,rg15,FOX,tripped,0.7,,101000,0.11,0.145,0.0119,PDRGUST2012570,12.72,RG15,RG15,measured
"RG15 UST .020, .125, 70%",RG15,RG15,rg15,FOX,tripped,0.7,,101000,1.15,0.304,0.0142,PDRGUST2012570,12.72,RG15,RG15,measured
"RG15 UST .020, .125, 70%",RG15,RG15,rg15,FOX,tripped,0.7,,101000,2.19,0.454,0.014,PDRGUST2012570,12.72,RG15,RG15,measured
"RG15 UST .020, .125, 70%",RG15,RG15,rg15,FOX,tripped,0.7,,101000,3.2,0.548,0.0129,PDRGUST2012570,12.72,RG15,RG15,measured
"RG15 UST .020, .125, 70%",RG15,RG15,rg15,FOX,tripped,0.7,,101000,4.21,0.633,0.0133,PDRGUST2012570,12.72,RG15,RG15,measured
"RG15 UST .020, .125, 70%",RG15,RG15,rg15,FOX,tripped,0.7,,101000,5.23,0.718,0.0152,PDRGUST2012570,12.72,RG15,RG15,measured
"RG15 UST .020, .125, 70%",RG15,RG15,rg15,FOX,tripped,0.7,,101000,6.25,0.8,0.0171,PDRGUST2012570,12.72,RG15,RG15,measured
"RG15 UST .020, .125, 70%",RG15,RG15,rg15,FOX,tripped,0.7,,101000,7.28,0.883,0.0194,PDRGUST2012570,12.72,RG15,RG15,measured
"RG15 UST .020, .125, 70%",RG15,RG15,rg15,FOX,tripped,0.7,,101000,8.29,0.954,0.0242,PDRGUST2012570,12.72,RG15,RG15,measured
"RG15 UST .020, .125, 70%",RG15,RG15,rg15,FOX,tripped,0.7,,101000,9.3,1.001,0.0285,PDRGUST2012570,12.72,RG15,RG15,measured
"RG15 UST .020, .125, 70%",RG15,RG15,rg15,FOX,tripped,0.7,,101000,10.31,1.04,0.0351,PDRGUST2012570,12.72,RG15,RG15,measured
"RG15 UST .020, .125, 70%",RG15,RG15,rg15,FOX,tripped,0.7,,101000,11.31,1.057,0.0475,PDRGUST2012570,12.72,RG15,RG15,measured
"RG15 UST .020, .125, 70%",RG15,RG15,rg15,FOX,tripped,0.7,,101000,12.3,1.014,0.1151,PDRGUST2012570,12.72,RG15,RG15,measured
"RG15 UST .020, .125, 70%",RG15,RG15,rg15,FOX,tripped,0.7,,153300,-2.93,-0.097,0.0138,PDRGUST2012570,12.72,RG15,RG15,measured
"RG15 UST .020, .125, 70%",RG15,RG15,rg15,FOX,tripped,0.7,,153300,-1.93,0.013,0.0115,PDRGUST2012570,12.72,RG15,RG15,measured
"RG15 UST .020, .125, 70%",RG15,RG15,rg15,FOX,tripped,0.7,,153300,-0.91,0.112,0.0097,PDRGUST2012570,12.72,RG15,RG15,measured
"RG15 UST .020, .125, 70%",RG15,RG15,rg15,FOX,tripped,0.7,,153300,0.12,0.243,0.0098,PDRGUST2012570,12.72,RG15,RG15,measured
"RG15 UST .020, .125, 70%",RG15,RG15,rg15,FOX,tripped,0.7,,153300,1.14,0.37,0.0096,PDRGUST2012570,12.72,RG15,RG15,measured
"RG15 UST .020, .125, 70%",RG15,RG15,rg15,FOX,tripped,0.7,,153300,2.17,0.47,0.0096,PDRGUST2012570,12.72,RG15,RG15,measured
"RG15 UST .020, .125, 70%",RG15,RG15,rg15,FOX,tripped,0.7,,153300,3.17,0.563,0.0108,PDRGUST2012570,12.72,RG15,RG15,measured
"RG15 UST .020, .125, 70%",RG15,RG15,rg15,FOX,tripped,0.7,,153300,4.2,0.657,0.0119,PDRGUST2012570,12.72,RG15,RG15,measured
"RG15 UST .020, .125, 70%",RG15,RG15,rg15,FOX,tripped,0.7,,153300,5.25,0.748,0.0133,PDRGUST2012570,12.72,RG15,RG15,measured
"RG15 UST .020, .125, 70%",RG15,RG15,rg15,FOX,tripped,0.7,,153300,6.26,0.834,0.0152,PDRGUST2012570,12.72,RG15,RG15,measured
"RG15 UST .020, .125, 70%",RG15,RG15,rg15,FOX,tripped,0.7,,153300,7.28,0.919,0.0177,PDRGUST2012570,12.72,RG15,RG15,measured
"RG15 UST .020, .125, 70%",RG15,RG15,rg15,FOX,tripped,0.7,,153300,8.3,0.991,0.0216,PDRGUST2012570,12.72,RG15,RG15,measured
"RG15 UST .020, .125, 70%",RG15,RG15,rg15,FOX,tripped,0.7,,153300,9.3,1.042,0.0269,PDRGUST2012570,12.72,RG15,RG15,measured
"RG15 UST .020, .125, 70%",RG15,RG15,rg15,FOX,tripped,0.7,,153300,10.32,1.08,0.0336,PDRGUST2012570,12.72,RG15,RG15,measured
"RG15 UST .020, .125, 70%",RG15,RG15,rg15,FOX,tripped,0.7,,153300,11.33,1.099,0.0457,PDRGUST2012570,12.72,RG15,RG15,measured
"RG15 UST .020, .125, 70%",RG15,RG15,rg15,FOX,tripped,0.7,,201300,-2.97,-0.071,0.0113,PDRGUST2012570,12.72,RG15,RG15,measured
"RG15 UST .020, .125, 70%",RG15,RG15,rg15,FOX,tripped,0.7,,201300,-1.93,0.044,0.0095,PDRGUST2012570,12.72,RG15,RG15,measured
"RG15 UST .020, .125, 70%",RG15,RG15,rg15,FOX,tripped,0.7,,201300,-0.91,0.146,0.0089,PDRGUST2012570,12.72,RG15,RG15,measured
"RG15 UST .020, .125, 70%",RG15,RG15,rg15,FOX,tripped,0.7,,201300,0.1,0.245,0.0084,PDRGUST2012570,12.72,RG15,RG15,measured
"RG15 UST .020, .125, 70%",RG15,RG15,rg15,FOX,tripped,0.7,,201300,1.15,0.357,0.0084,PDRGUST2012570,12.72,RG15,RG15,measured
"RG15 UST .020, .125, 70%",RG15,RG15,rg15,FOX,tripped,0.7,,201300,2.15,0.454,0.009,PDRGUST2012570,12.72,RG15,RG15,measured
"RG15 UST .020, .125, 70%",RG15,RG15,rg15,FOX,tripped,0.7,,201300,3.19,0.555,0.0094,PDRGUST2012570,12.72,RG15,RG15,measured
"RG15 UST .020, .125, 70%",RG15,RG15,rg15,FOX,tripped,0.7,,201300,4.23,0.653,0.0111,PDRGUST2012570,12.72,RG15,RG15,measured
"RG15 UST .020, .125, 70%",RG15,RG15,rg15,FOX,tripped,0.7,,201300,5.24,0.747,0.0124,PDRGUST2012570,12.72,RG15,RG15,measured
"RG15 UST .020, .125, 70%",RG15,RG15,rg15,FOX,tripped,0.7,,201300,6.24,0.836,0.0146,PDRGUST2012570,12.72,RG15,RG15,measured
"RG15 UST .020, .125, 70%",RG15,RG15,rg15,FOX,tripped,0.7,,201300,7.27,0.923,0.0162,PDRGUST2012570,12.72,RG15,RG15,measured
"RG15 UST .020, .125, 70%",RG15,RG15,rg15,FOX,tripped,0.7,,201300,8.3,0.998,0.0211,PDRGUST2012570,12.72,RG15,RG15,measured
"RG15 UST .020, .125, 70%",RG15,RG15,rg15,FOX,tripped,0.7,,201300,9.32,1.053,0.0264,PDRGUST2012570,12.72,RG15,RG15,measured
"RG15 UST .020, .125, 70%",RG15,RG15,rg15,FOX,tripped,0.7,,201300,10.34,1.092,0.0323,PDRGUST2012570,12.72,RG15,RG15,measured
"RG15 UST .020, .125, 70%",RG15,RG15,rg15,FOX,tripped,0.7,,201300,11.33,1.108,0.0429,PDRGUST2012570,12.72,RG15,RG15,measured
"RG15 UST .020, .125, 70%",RG15,RG15,rg15,FOX,tripped,0.7,,300600,-2.97,-0.055,0.0097,PDRGUST2012570,12.72,RG15,RG15,measured
"RG15 UST .020, .125, 70%",RG15,RG15,rg15,FOX,tripped,0.7,,300600,-1.97,0.047,0.0084,PDRGUST2012570,12.72,RG15,RG15,measured
"RG15 UST .020, .125, 70%",RG15,RG15,rg15,FOX,tripped,0.7,,300600,-0.94,0.152,0.0073,PDRGUST2012570,12.72,RG15,RG15,measured
"RG15 UST .020, .125, 70%",RG15,RG15,rg15,FOX,tripped,0.7,,300600,0.12,0.249,0.007,PDRGUST2012570,12.72,RG15,RG15,measured
"RG15 UST .020, .125, 70%",RG15,RG15,rg15,FOX,tripped,0.7,,300600,1.12,0.346,0.007,PDRGUST2012570,12.72,RG15,RG15,measured
"RG15 UST .020, .125, 70%",RG15,RG15,rg15,FOX,tripped,0.7,,300600,2.15,0.451,0.0078,PDRGUST2012570,12.72,RG15,RG15,measured
"RG15 UST .020, .125, 70%",RG15,RG15,rg15,FOX,tripped,0.7,,300600,3.19,0.555,0.0092,PDRGUST2012570,12.72,RG15,RG15,measured
"RG15 UST .020, .125, 70%",RG15,RG15,rg15,FOX,tripped,0.7,,300600,4.2,0.65,0.0105,PDRGUST2012570,12.72,RG15,RG15,measured
"RG15 UST .020, .125, 70%",RG15,RG15,rg15,FOX,tripped,0.7,,300600,5.25,0.745,0.012,PDRGUST2012570,12.72,RG15,RG15,measured
"RG15 UST .020, .125, 70%",RG15,RG15,rg15,FOX,tripped,0.7,,300600,6.26,0.836,0.0136,PDRGUST2012570,12.72,RG15,RG15,measured
"RG15 UST .020, .125, 70%",RG15,RG15,rg15,FOX,tripped,0.7,,300600,7.28,0.922,0.0156,PDRGUST2012570,12.72,RG15,RG15,measured
"RG15 UST .020, .125, 70%",RG15,RG15,rg15,FOX,tripped,0.7,,300600,8.3,0.996,0.0194,PDRGUST2012570,12.72,RG15,RG15,measured
"RG15 UST .020, .125, 70%",RG15,RG15,rg15,FOX,tripped,0.7,,300600,9.31,1.053,0.0243,PDRGUST2012570,12.72,RG15,RG15,measured
"RG15 UST .020, .125, 70%",RG15,RG15,rg15,FOX,tripped,0.7,,300600,10.32,1.091,0.0301,PDRGUST2012570,12.72,RG15,RG15,measured
"RG15 UST .020, .125, 70%",RG15,RG15,rg15,FOX,tripped,0.7,,300600,11.31,1.108,0.0405,PDRGUST2012570,12.72,RG15,RG15,measured
"RG15 UST .020, .125, 70%",RG15,RG15,rg15,FOX,tripped,0.7,,300600,12.3,1.092,0.0882,PDRGUST2012570,12.72,RG15,RG15,measured
S2048,S2048,S2048,s2048,BECK,clean,,,58800,-2.93,-0.101,0.0169,PDS2048,12.74,S2048,S2048,measured
S2048,S2048,S2048,s2048,BECK,clean,,,58800,-1.91,-0.031,0.0131,PDS2048,12.74,S2048,S2048,measured
S2048,S2048,S2048,s2048,BECK,clean,,,58800,-0.89,0.078,0.0138,PDS2048,12.74,S2048,S2048,measured
S2048,S2048,S2048,s2048,BECK,clean,,,58800,0.13,0.183,0.0153,PDS2048,12.74,S2048,S2048,measured
S2048,S2048,S2048,s2048,BECK,clean,,,58800,1.16,0.268,0.0185,PDS2048,12.74,S2048,S2048,measured
S2048,S2048,S2048,s2048,BECK,clean,,,58800,2.19,0.425,0.0218,PDS2048,12.74,S2048,S2048,measured
S2048,S2048,S2048,s2048,BECK,clean,,,58800,3.22,0.605,0.0225,PDS2048,12.74,S2048,S2048,measured
S2048,S2048,S2048,s2048,BECK,clean,,,58800,4.24,0.695,0.0221,PDS2048,12.74,S2048,S2048,measured
S2048,S2048,S2048,s2048,BECK,clean,,,58800,5.26,0.767,0.0212,PDS2048,12.74,S2048,S2048,measured
S2048,S2048,S2048,s2048,BECK,clean,,,58800,6.27,0.827,0.0242,PDS2048,12.74,S2048,S2048,measured
S2048,S2048,S2048,s2048,BECK,clean,,,99500,-2.93,-0.089,0.0144,PDS2048,12.74,S2048,S2048,measured
S2048,S2048,S2048,s2048,BECK,clean,,,99500,-1.92,-0.012,0.0135,PDS2048,12.74,S2048,S2048,measured
S2048,S2048,S2048,s2048,BECK,clean,,,99500,-0.89,0.096,0.0139,PDS2048,12.74,S2048,S2048,measured
S2048,S2048,S2048,s2048,BECK,clean,,,99500,0.15,0.22,0.0146,PDS2048,12.74,S2048,S2048,measured
S2048,S2048,S2048,s2048,BECK,clean,,,99500,1.18,0.373,0.0161,PDS2048,12.74,S2048,S2048,measured
S2048,S2048,S2048,s2048,BECK,clean,,,99500,2.2,0.53,0.0143,PDS2048,12.74,S2048,S2048,measured
S2048,S2048,S2048,s2048,BECK,clean,,,99500,3.23,0.632,0.0145,PDS2048,12.74,S2048,S2048,measured
S2048,S2048,S2048,s2048,BECK,clean,,,99500,4.24,0.716,0.0146,PDS2048,12.74,S2048,S2048,measured
S2048,S2048,S2048,s2048,BECK,clean,,,99500,5.26,0.79,0.0172,PDS2048,12.74,S2048,S2048,measured
S2048,S2048,S2048,s2048,BECK,clean,,,99500,6.27,0.854,0.02,PDS2048,12.74,S2048,S2048,measured
S2048,S2048,S2048,s2048,BECK,clean,,,99500,7.29,0.906,0.0271,PDS2048,12.74,S2048,S2048,measured
S2048,S2048,S2048,s2048,BECK,clean,,,99500,8.29,0.959,0.0325,PDS2048,12.74,S2048,S2048,measured
S2048,S2048,S2048,s2048,BECK,clean,,,99500,9.31,0.996,0.042,PDS2048,12.74,S2048,S2048,measured
S2048,S2048,S2048,s2048,BECK,clean,,,154000,-4.97,-0.277,0.019,PDS2048,12.74,S2048,S2048,measured
S2048,S2048,S2048,s2048,BECK,clean,,,154000,-3.97,-0.188,0.017,PDS2048,12.74,S2048,S2048,measured
S2048,S2048,S2048,s2048,BECK,clean,,,154000,-2.93,-0.086,0.0141,PDS2048,12.74,S2048,S2048,measured
S2048,S2048,S2048,s2048,BECK,clean,,,154000,-1.92,0.018,0.0116,PDS2048,12.74,S2048,S2048,measured
S2048,S2048,S2048,s2048,BECK,clean,,,154000,-0.88,0.147,0.0123,PDS2048,12.74,S2048,S2048,measured
S2048,S2048,S2048,s2048,BECK,clean,,,154000,0.14,0.3,0.0111,PDS2048,12.74,S2048,S2048,measured
S2048,S2048,S2048,s2048,BECK,clean,,,154000,1.17,0.43,0.0102,PDS2048,12.74,S2048,S2048,measured
S2048,S2048,S2048,s2048,BECK,clean,,,154000,2.2,0.535,0.0109,PDS2048,12.74,S2048,S2048,measured
S2048,S2048,S2048,s2048,BECK,clean,,,154000,3.23,0.63,0.0113,PDS2048,12.74,S2048,S2048,measured
S2048,S2048,S2048,s2048,BECK,clean,,,154000,4.23,0.711,0.0136,PDS2048,12.74,S2048,S2048,measured
S2048,S2048,S2048,s2048,BECK,clean,,,154000,5.26,0.792,0.0157,PDS2048,12.74,S2048,S2048,measured
S2048,S2048,S2048,s2048,BECK,clean,,,154000,6.27,0.859,0.0189,PDS2048,12.74,S2048,S2048,measured
S2048,S2048,S2048,s2048,BECK,clean,,,154000,7.29,0.922,0.0245,PDS2048,12.74,S2048,S2048,measured
S2048,S2048,S2048,s2048,BECK,clean,,,154000,8.3,0.976,0.0308,PDS2048,12.74,S2048,S2048,measured
S2048,S2048,S2048,s2048,BECK,clean,,,200900,-2.94,-0.051,0.0129,PDS2048,12.74,S2048,S2048,measured
S2048,S2048,S2048,s2048,BECK,clean,,,200900,-1.89,0.082,0.0105,PDS2048,12.74,S2048,S2048,measured
S2048,S2048,S2048,s2048,BECK,clean,,,200900,-0.87,0.207,0.0102,PDS2048,12.74,S2048,S2048,measured
S2048,S2048,S2048,s2048,BECK,clean,,,200900,0.16,0.332,0.0095,PDS2048,12.74,S2048,S2048,measured
S2048,S2048,S2048,s2048,BECK,clean,,,200900,1.18,0.439,0.009,PDS2048,12.74,S2048,S2048,measured
S2048,S2048,S2048,s2048,BECK,clean,,,200900,2.2,0.54,0.0092,PDS2048,12.74,S2048,S2048,measured
S2048,S2048,S2048,s2048,BECK,clean,,,200900,3.22,0.634,0.0103,PDS2048,12.74,S2048,S2048,measured
S2048,S2048,S2048,s2048,BECK,clean,,,200900,4.24,0.72,0.0126,PDS2048,12.74,S2048,S2048,measured
S2048,S2048,S2048,s2048,BECK,clean,,,200900,5.26,0.8,0.0147,PDS2048,12.74,S2048,S2048,measured
S2048,S2048,S2048,s2048,BECK,clean,,,200900,6.28,0.87,0.018,PDS2048,12.74,S2048,S2048,measured
S2048,S2048,S2048,s2048,BECK,clean,,,200900,7.3,0.934,0.0231,PDS2048,12.74,S2048,S2048,measured
S2048,S2048,S2048,s2048,BECK,clean,,,200900,8.3,0.986,0.0287,PDS2048,12.74,S2048,S2048,measured
S2048,S2048,S2048,s2048,BECK,clean,,,200900,9.32,1.023,0.0373,PDS2048,12.74,S2048,S2048,measured
S2048,S2048,S2048,s2048,BECK,clean,,,200900,10.33,1.054,0.0583,PDS2048,12.74,S2048,S2048,measured
S2048,S2048,S2048,s2048,BECK,clean,,,200900,11.35,1.013,0.1328,PDS2048,12.74,S2048,S2048,measured
S2048,S2048,S2048,s2048,BECK,clean,,,302800,-2.94,0.017,0.0115,PDS2048,12.74,S2048,S2048,measured
S2048,S2048,S2048,s2048,BECK,clean,,,302800,-1.89,0.145,0.0088,PDS2048,12.74,S2048,S2048,measured
S2048,S2048,S2048,s2048,BECK,clean,,,302800,-0.88,0.25,0.0077,PDS2048,12.74,S2048,S2048,measured
S2048,S2048,S2048,s2048,BECK,clean,,,302800,0.1,0.344,0.0072,PDS2048,12.74,S2048,S2048,measured
S2048,S2048,S2048,s2048,BECK,clean,,,302800,1.16,0.449,0.0074,PDS2048,12.74,S2048,S2048,measured
S2048,S2048,S2048,s2048,BECK,clean,,,302800,2.18,0.55,0.0081,PDS2048,12.74,S2048,S2048,measured
S2048,S2048,S2048,s2048,BECK,clean,,,302800,3.19,0.64,0.0096,PDS2048,12.74,S2048,S2048,measured
S2048,S2048,S2048,s2048,BECK,clean,,,302800,4.24,0.728,0.0116,PDS2048,12.74,S2048,S2048,measured
S2048,S2048,S2048,s2048,BECK,clean,,,302800,5.26,0.808,0.0137,PDS2048,12.74,S2048,S2048,measured
S2048,S2048,S2048,s2048,BECK,clean,,,302800,6.28,0.881,0.0174,PDS2048,12.74,S2048,S2048,measured
"S2048 LST 60% UST 63% (.020, .125)",S2048,S2048,s2048,BECK,tripped,0.63,0.6,102200,-3.95,-0.185,0.0194,PDS2048LST60UST63,12.75,S2048,S2048,measured
"S2048 LST 60% UST 63% (.020, .125)",S2048,S2048,s2048,BECK,tripped,0.63,0.6,102200,-2.93,-0.09,0.0153,PDS2048LST60UST63,12.75,S2048,S2048,measured
"S2048 LST 60% UST 63% (.020, .125)",S2048,S2048,s2048,BECK,tripped,0.63,0.6,102200,-1.91,-0.002,0.0133,PDS2048LST60UST63,12.75,S2048,S2048,measured
"S2048 LST 60% UST 63% (.020, .125)",S2048,S2048,s2048,BECK,tripped,0.63,0.6,102200,-0.89,0.092,0.0147,PDS2048LST60UST63,12.75,S2048,S2048,measured
"S2048 LST 60% UST 63% (.020, .125)",S2048,S2048,s2048,BECK,tripped,0.63,0.6,102200,0.13,0.233,0.0149,PDS2048LST60UST63,12.75,S2048,S2048,measured
"S2048 LST 60% UST 63% (.020, .125)",S2048,S2048,s2048,BECK,tripped,0.63,0.6,102200,1.17,0.379,0.0162,PDS2048LST60UST63,12.75,S2048,S2048,measured
"S2048 LST 60% UST 63% (.020, .125)",S2048,S2048,s2048,BECK,tripped,0.63,0.6,102200,2.2,0.539,0.0157,PDS2048LST60UST63,12.75,S2048,S2048,measured
"S2048 LST 60% UST 63% (.020, .125)",S2048,S2048,s2048,BECK,tripped,0.63,0.6,102200,3.23,0.642,0.014,PDS2048LST60UST63,12.75,S2048,S2048,measured
"S2048 LST 60% UST 63% (.020, .125)",S2048,S2048,s2048,BECK,tripped,0.63,0.6,102200,4.25,0.725,0.0146,PDS2048LST60UST63,12.75,S2048,S2048,measured
"S2048 LST 60% UST 63% (.020, .125)",S2048,S2048,s2048,BECK,tripped,0.63,0.6,102200,5.26,0.8,0.0168,PDS2048LST60UST63,12.75,S2048,S2048,measured
"S2048 LST 60% UST 63% (.020, .125)",S2048,S2048,s2048,BECK,tripped,0.63,0.6,102200,6.27,0.87,0.0212,PDS2048LST60UST63,12.75,S2048,S2048,measured
"S2048 LST 60% UST 63% (.020, .125)",S2048,S2048,s2048,BECK,tripped,0.63,0.6,102200,7.3,0.927,0.0256,PDS2048LST60UST63,12.75,S2048,S2048,measured
"S2048 LST 60% UST 63% (.020, .125)",S2048,S2048,s2048,BECK,tripped,0.63,0.6,102200,8.3,0.98,0.0332,PDS2048LST60UST63,12.75,S2048,S2048,measured
"S2048 LST 60% UST 63% (.020, .125)",S2048,S2048,s2048,BECK,tripped,0.63,0.6,102200,9.31,1.018,0.0416,PDS2048LST60UST63,12.75,S2048,S2048,measured
"S2048 LST 60% UST 63% (.020, .125)",S2048,S2048,s2048,BECK,tripped,0.63,0.6,148800,-2.92,-0.045,0.0138,PDS2048LST60UST63,12.75,S2048,S2048,measured
"S2048 LST 60% UST 63% (.020, .125)",S2048,S2048,s2048,BECK,tripped,0.63,0.6,148800,-1.91,0.065,0.0119,PDS2048LST60UST63,12.75,S2048,S2048,measured
"S2048 LST 60% UST 63% (.020, .125)",S2048,S2048,s2048,BECK,tripped,0.63,0.6,148800,-0.89,0.177,0.0119,PDS2048LST60UST63,12.75,S2048,S2048,measured
"S2048 LST 60% UST 63% (.020, .125)",S2048,S2048,s2048,BECK,tripped,0.63,0.6,148800,0.17,0.317,0.0116,PDS2048LST60UST63,12.75,S2048,S2048,measured
"S2048 LST 60% UST 63% (.020, .125)",S2048,S2048,s2048,BECK,tripped,0.63,0.6,148800,1.18,0.446,0.0113,PDS2048LST60UST63,12.75,S2048,S2048,measured
"S2048 LST 60% UST 63% (.020, .125)",S2048,S2048,s2048,BECK,tripped,0.63,0.6,148800,2.2,0.55,0.0112,PDS2048LST60UST63,12.75,S2048,S2048,measured
"S2048 LST 60% UST 63% (.020, .125)",S2048,S2048,s2048,BECK,tripped,0.63,0.6,148800,3.22,0.646,0.0111,PDS2048LST60UST63,12.75,S2048,S2048,measured
"S2048 LST 60% UST 63% (.020, .125)",S2048,S2048,s2048,BECK,tripped,0.63,0.6,148800,4.24,0.726,0.0126,PDS2048LST60UST63,12.75,S2048,S2048,measured
"S2048 LST 60% UST 63% (.020, .125)",S2048,S2048,s2048,BECK,tripped,0.63,0.6,148800,5.26,0.805,0.0157,PDS2048LST60UST63,12.75,S2048,S2048,measured
"S2048 LST 60% UST 63% (.020, .125)",S2048,S2048,s2048,BECK,tripped,0.63,0.6,148800,6.27,0.874,0.0193,PDS2048LST60UST63,12.75,S2048,S2048,measured
"S2048 LST 60% UST 63% (.020, .125)",S2048,S2048,s2048,BECK,tripped,0.63,0.6,148800,7.29,0.934,0.024,PDS2048LST60UST63,12.75,S2048,S2048,measured
"S2048 LST 60% UST 63% (.020, .125)",S2048,S2048,s2048,BECK,tripped,0.63,0.6,148800,8.31,0.986,0.0299,PDS2048LST60UST63,12.75,S2048,S2048,measured
"S2048 LST 60% UST 63% (.020, .125)",S2048,S2048,s2048,BECK,tripped,0.63,0.6,148800,9.31,1.025,0.0392,PDS2048LST60UST63,12.75,S2048,S2048,measured
"S2048 LST 60% UST 63% (.020, .125)",S2048,S2048,s2048,BECK,tripped,0.63,0.6,148800,10.33,1.048,0.0566,PDS2048LST60UST63,12.75,S2048,S2048,measured
"S2048 LST 60% UST 63% (.020, .125)",S2048,S2048,s2048,BECK,tripped,0.63,0.6,148800,11.3,1.023,0.1301,PDS2048LST60UST63,12.75,S2048,S2048,measured
"S2048 LST 60% UST 63% (.020, .125)",S2048,S2048,s2048,BECK,tripped,0.63,0.6,198700,-2.92,0.003,0.0117,PDS2048LST60UST63,12.75,S2048,S2048,measured
"S2048 LST 60% UST 63% (.020, .125)",S2048,S2048,s2048,BECK,tripped,0.63,0.6,198700,-1.92,0.116,0.0094,PDS2048LST60UST63,12.75,S2048,S2048,measured
"S2048 LST 60% UST 63% (.020, .125)",S2048,S2048,s2048,BECK,tripped,0.63,0.6,198700,-0.87,0.22,0.0088,PDS2048LST60UST63,12.75,S2048,S2048,measured
"S2048 LST 60% UST 63% (.020, .125)",S2048,S2048,s2048,BECK,tripped,0.63,0.6,198700,0.15,0.333,0.0086,PDS2048LST60UST63,12.75,S2048,S2048,measured
"S2048 LST 60% UST 63% (.020, .125)",S2048,S2048,s2048,BECK,tripped,0.63,0.6,198700,1.17,0.443,0.0086,PDS2048LST60UST63,12.75,S2048,S2048,measured
"S2048 LST 60% UST 63% (.020, .125)",S2048,S2048,s2048,BECK,tripped,0.63,0.6,198700,2.19,0.545,0.0093,PDS2048LST60UST63,12.75,S2048,S2048,measured
"S2048 LST 60% UST 63% (.020, .125)",S2048,S2048,s2048,BECK,tripped,0.63,0.6,198700,3.23,0.641,0.0103,PDS2048LST60UST63,12.75,S2048,S2048,measured
"S2048 LST 60% UST 63% (.020, .125)",S2048,S2048,s2048,BECK,tripped,0.63,0.6,198700,4.24,0.724,0.0125,PDS2048LST60UST63,12.75,S2048,S2048,measured
"S2048 LST 60% UST 63% (.020, .125)",S2048,S2048,s2048,BECK,tripped,0.63,0.6,198700,5.25,0.806,0.0151,PDS2048LST60UST63,12.75,S2048,S2048,measured
"S2048 LST 60% UST 63% (.020, .125)",S2048,S2048,s2048,BECK,tripped,0.63,0.6,198700,6.28,0.879,0.0183,PDS2048LST60UST63,12.75,S2048,S2048,measured
"S2048 LST 60% UST 63% (.020, .125)",S2048,S2048,s2048,BECK,tripped,0.63,0.6,198700,7.29,0.943,0.0228,PDS2048LST60UST63,12.75,S2048,S2048,measured
"S2048 LST 60% UST 63% (.020, .125)",S2048,S2048,s2048,BECK,tripped,0.63,0.6,198700,8.31,0.998,0.0289,PDS2048LST60UST63,12.75,S2048,S2048,measured
"S2048 LST 60% UST 63% (.020, .125)",S2048,S2048,s2048,BECK,tripped,0.63,0.6,198700,9.31,1.035,0.0373,PDS2048LST60UST63,12.75,S2048,S2048,measured
"S2048 LST 60% UST 63% (.020, .125)",S2048,S2048,s2048,BECK,tripped,0.63,0.6,198700,10.32,1.066,0.0567,PDS2048LST60UST63,12.75,S2048,S2048,measured
"S2048 LST 60% UST 63% (.020, .125)",S2048,S2048,s2048,BECK,tripped,0.63,0.6,300800,-2.94,0.029,0.0103,PDS2048LST60UST63,12.75,S2048,S2048,measured
"S2048 LST 60% UST 63% (.020, .125)",S2048,S2048,s2048,BECK,tripped,0.63,0.6,300800,-1.93,0.136,0.008,PDS2048LST60UST63,12.75,S2048,S2048,measured
"S2048 LST 60% UST 63% (.020, .125)",S2048,S2048,s2048,BECK,tripped,0.63,0.6,300800,-0.92,0.24,0.0074,PDS2048LST60UST63,12.75,S2048,S2048,measured
"S2048 LST 60% UST 63% (.020, .125)",S2048,S2048,s2048,BECK,tripped,0.63,0.6,300800,0.13,0.341,0.0074,PDS2048LST60UST63,12.75,S2048,S2048,measured
"S2048 LST 60% UST 63% (.020, .125)",S2048,S2048,s2048,BECK,tripped,0.63,0.6,300800,1.14,0.442,0.0073,PDS2048LST60UST63,12.75,S2048,S2048,measured
"S2048 LST 60% UST 63% (.020, .125)",S2048,S2048,s2048,BECK,tripped,0.63,0.6,300800,2.19,0.546,0.0079,PDS2048LST60UST63,12.75,S2048,S2048,measured
"S2048 LST 60% UST 63% (.020, .125)",S2048,S2048,s2048,BECK,tripped,0.63,0.6,300800,3.21,0.638,0.0097,PDS2048LST60UST63,12.75,S2048,S2048,measured
"S2048 LST 60% UST 63% (.020, .125)",S2048,S2048,s2048,BECK,tripped,0.63,0.6,300800,4.24,0.727,0.012,PDS2048LST60UST63,12.75,S2048,S2048,measured
"S2048 LST 60% UST 63% (.020, .125)",S2048,S2048,s2048,BECK,tripped,0.63,0.6,300800,5.26,0.809,0.014,PDS2048LST60UST63,12.75,S2048,S2048,measured
"S2048 LST 60% UST 63% (.020, .125)",S2048,S2048,s2048,BECK,tripped,0.63,0.6,300800,6.26,0.883,0.0172,PDS2048LST60UST63,12.75,S2048,S2048,measured
"S2048 LST 60% UST 63% (.020, .125)",S2048,S2048,s2048,BECK,tripped,0.63,0.6,300800,7.29,0.95,0.0212,PDS2048LST60UST63,12.75,S2048,S2048,measured
"S2048 LST 60% UST 63% (.020, .125)",S2048,S2048,s2048,BECK,tripped,0.63,0.6,300800,8.31,1.008,0.026,PDS2048LST60UST63,12.75,S2048,S2048,measured
"S2048 LST 60% UST 63% (.020, .125)",S2048,S2048,s2048,BECK,tripped,0.63,0.6,300800,9.3,1.048,0.0333,PDS2048LST60UST63,12.75,S2048,S2048,measured
"S2048 LST 60% UST 63% (.020, .125)",S2048,S2048,s2048,BECK,tripped,0.63,0.6,300800,10.31,1.079,0.0527,PDS2048LST60UST63,12.75,S2048,S2048,measured
S2048 TRIPS AT 300k,S2048,S2048,s2048,BECK,other,,,302800,-2.94,0.017,0.0115,PDS2048COMPD3,12.76,S2048,S2048,measured
S2048 TRIPS AT 300k,S2048,S2048,s2048,BECK,other,,,302800,-1.89,0.145,0.0088,PDS2048COMPD3,12.76,S2048,S2048,measured
S2048 TRIPS AT 300k,S2048,S2048,s2048,BECK,other,,,302800,-0.88,0.25,0.0077,PDS2048COMPD3,12.76,S2048,S2048,measured
S2048 TRIPS AT 300k,S2048,S2048,s2048,BECK,other,,,302800,0.1,0.344,0.0072,PDS2048COMPD3,12.76,S2048,S2048,measured
S2048 TRIPS AT 300k,S2048,S2048,s2048,BECK,other,,,302800,1.16,0.449,0.0074,PDS2048COMPD3,12.76,S2048,S2048,measured
S2048 TRIPS AT 300k,S2048,S2048,s2048,BECK,other,,,302800,2.18,0.55,0.0081,PDS2048COMPD3,12.76,S2048,S2048,measured
S2048 TRIPS AT 300k,S2048,S2048,s2048,BECK,other,,,302800,3.19,0.64,0.0096,PDS2048COMPD3,12.76,S2048,S2048,measured
S2048 TRIPS AT 300k,S2048,S2048,s2048,BECK,other,,,302800,4.24,0.728,0.0116,PDS2048COMPD3,12.76,S2048,S2048,measured
S2048 TRIPS AT 300k,S2048,S2048,s2048,BECK,other,,,302800,5.26,0.808,0.0137,PDS2048COMPD3,12.76,S2048,S2048,measured
S2048 TRIPS AT 300k,S2048,S2048,s2048,BECK,other,,,302800,6.28,0.881,0.0174,PDS2048COMPD3,12.76,S2048,S2048,measured
S2048 TRIPS AT 300k,S2048,S2048,s2048,BECK,other,,,303900,-4.07,-0.14,0.0134,PDS2048COMPD3,12.76,S2048,S2048,measured
S2048 TRIPS AT 300k,S2048,S2048,s2048,BECK,other,,,303900,-2.99,0.006,0.0113,PDS2048COMPD3,12.76,S2048,S2048,measured
S2048 TRIPS AT 300k,S2048,S2048,s2048,BECK,other,,,303900,-1.9,0.137,0.0089,PDS2048COMPD3,12.76,S2048,S2048,measured
S2048 TRIPS AT 300k,S2048,S2048,s2048,BECK,other,,,303900,-0.92,0.237,0.0077,PDS2048COMPD3,12.76,S2048,S2048,measured
S2048 TRIPS AT 300k,S2048,S2048,s2048,BECK,other,,,303900,0.1,0.335,0.0073,PDS2048COMPD3,12.76,S2048,S2048,measured
S2048 TRIPS AT 300k,S2048,S2048,s2048,BECK,other,,,303900,1.13,0.437,0.0073,PDS2048COMPD3,12.76,S2048,S2048,measured
S2048 TRIPS AT 300k,S2048,S2048,s2048,BECK,other,,,303900,2.16,0.541,0.0081,PDS2048COMPD3,12.76,S2048,S2048,measured
S2048 TRIPS AT 300k,S2048,S2048,s2048,BECK,other,,,303900,3.21,0.636,0.0096,PDS2048COMPD3,12.76,S2048,S2048,measured
S2048 TRIPS AT 300k,S2048,S2048,s2048,BECK,other,,,303900,4.21,0.722,0.0116,PDS2048COMPD3,12.76,S2048,S2048,measured
S2048 TRIPS AT 300k,S2048,S2048,s2048,BECK,other,,,303900,5.24,0.805,0.0137,PDS2048COMPD3,12.76,S2048,S2048,measured
S2048 TRIPS AT 300k,S2048,S2048,s2048,BECK,other,,,303900,6.25,0.88,0.0172,PDS2048COMPD3,12.76,S2048,S2048,measured
S2048 TRIPS AT 300k,S2048,S2048,s2048,BECK,other,,,303900,7.27,0.946,0.0209,PDS2048COMPD3,12.76,S2048,S2048,measured
S2048 TRIPS AT 300k,S2048,S2048,s2048,BECK,other,,,303900,8.31,1.002,0.0261,PDS2048COMPD3,12.76,S2048,S2048,measured
S2048 TRIPS AT 300k,S2048,S2048,s2048,BECK,other,,,303900,9.32,1.04,0.034,PDS2048COMPD3,12.76,S2048,S2048,measured
S2048 TRIPS AT 300k,S2048,S2048,s2048,BECK,other,,,303900,10.3,1.074,0.0558,PDS2048COMPD3,12.76,S2048,S2048,measured
S2048 TRIPS AT 300k,S2048,S2048,s2048,BECK,other,,,301300,-3.96,-0.084,0.0123,PDS2048COMPD3,12.76,S2048,S2048,measured
S2048 TRIPS AT 300k,S2048,S2048,s2048,BECK,other,,,301300,-2.94,0.034,0.0102,PDS2048COMPD3,12.76,S2048,S2048,measured
S2048 TRIPS AT 300k,S2048,S2048,s2048,BECK,other,,,301300,-1.9,0.149,0.0084,PDS2048COMPD3,12.76,S2048,S2048,measured
S2048 TRIPS AT 300k,S2048,S2048,s2048,BECK,other,,,301300,-0.87,0.253,0.0078,PDS2048COMPD3,12.76,S2048,S2048,measured
S2048 TRIPS AT 300k,S2048,S2048,s2048,BECK,other,,,301300,0.14,0.351,0.0073,PDS2048COMPD3,12.76,S2048,S2048,measured
S2048 TRIPS AT 300k,S2048,S2048,s2048,BECK,other,,,301300,1.19,0.456,0.0075,PDS2048COMPD3,12.76,S2048,S2048,measured
S2048 TRIPS AT 300k,S2048,S2048,s2048,BECK,other,,,301300,2.2,0.558,0.0083,PDS2048COMPD3,12.76,S2048,S2048,measured
S2048 TRIPS AT 300k,S2048,S2048,s2048,BECK,other,,,301300,3.22,0.65,0.0099,PDS2048COMPD3,12.76,S2048,S2048,measured
S2048 TRIPS AT 300k,S2048,S2048,s2048,BECK,other,,,301300,4.25,0.738,0.012,PDS2048COMPD3,12.76,S2048,S2048,measured
S2048 TRIPS AT 300k,S2048,S2048,s2048,BECK,other,,,301300,5.25,0.818,0.0143,PDS2048COMPD3,12.76,S2048,S2048,measured
S2048 TRIPS AT 300k,S2048,S2048,s2048,BECK,other,,,301300,6.29,0.895,0.0175,PDS2048COMPD3,12.76,S2048,S2048,measured
S2048 TRIPS AT 300k,S2048,S2048,s2048,BECK,other,,,301300,7.29,0.962,0.0215,PDS2048COMPD3,12.76,S2048,S2048,measured
S2048 TRIPS AT 300k,S2048,S2048,s2048,BECK,other,,,301300,8.31,1.017,0.0265,PDS2048COMPD3,12.76,S2048,S2048,measured
S2048 TRIPS AT 300k,S2048,S2048,s2048,BECK,other,,,301300,9.32,1.053,0.0351,PDS2048COMPD3,12.76,S2048,S2048,measured
S2048 TRIPS AT 300k,S2048,S2048,s2048,BECK,other,,,306300,-4.0,-0.136,0.013,PDS2048COMPD3,12.76,S2048,S2048,measured
S2048 TRIPS AT 300k,S2048,S2048,s2048,BECK,other,,,306300,-2.97,-0.019,0.0106,PDS2048COMPD3,12.76,S2048,S2048,measured
S2048 TRIPS AT 300k,S2048,S2048,s2048,BECK,other,,,306300,-1.94,0.098,0.0085,PDS2048COMPD3,12.76,S2048,S2048,measured
S2048 TRIPS AT 300k,S2048,S2048,s2048,BECK,other,,,306300,-0.89,0.21,0.0074,PDS2048COMPD3,12.76,S2048,S2048,measured
S2048 TRIPS AT 300k,S2048,S2048,s2048,BECK,other,,,306300,0.11,0.349,0.0073,PDS2048COMPD3,12.76,S2048,S2048,measured
S2048 TRIPS AT 300k,S2048,S2048,s2048,BECK,other,,,306300,1.16,0.464,0.0077,PDS2048COMPD3,12.76,S2048,S2048,measured
S2048 TRIPS AT 300k,S2048,S2048,s2048,BECK,other,,,306300,2.17,0.572,0.0085,PDS2048COMPD3,12.76,S2048,S2048,measured
S2048 TRIPS AT 300k,S2048,S2048,s2048,BECK,other,,,306300,3.21,0.667,0.0105,PDS2048COMPD3,12.76,S2048,S2048,measured
S2048 TRIPS AT 300k,S2048,S2048,s2048,BECK,other,,,306300,4.25,0.758,0.0125,PDS2048COMPD3,12.76,S2048,S2048,measured
S2048 TRIPS AT 300k,S2048,S2048,s2048,BECK,other,,,306300,5.27,0.839,0.0151,PDS2048COMPD3,12.76,S2048,S2048,measured
S2048 TRIPS AT 300k,S2048,S2048,s2048,BECK,other,,,306300,6.26,0.908,0.0189,PDS2048COMPD3,12.76,S2048,S2048,measured
S2048 TRIPS AT 300k,S2048,S2048,s2048,BECK,other,,,306300,7.3,0.974,0.023,PDS2048COMPD3,12.76,S2048,S2048,measured
S2048 TRIPS AT 300k,S2048,S2048,s2048,BECK,other,,,306300,8.3,1.025,0.0285,PDS2048COMPD3,12.76,S2048,S2048,measured
S2048 TRIPS AT 300k,S2048,S2048,s2048,BECK,other,,,306300,9.29,1.059,0.0399,PDS2048COMPD3,12.76,S2048,S2048,measured
S2048 TRIPS AT 300k,S2048,S2048,s2048,BECK,other,,,306300,10.36,1.05,0.0968,PDS2048COMPD3,12.76,S2048,S2048,measured
S2055 REPEAT,S2055 REPEAT,S2055,s2055,BECK,clean,,,103100,-3.95,-0.239,0.0217,PDS2055REP,12.78,S2055,S2055,measured
S2055 REPEAT,S2055 REPEAT,S2055,s2055,BECK,clean,,,103100,-2.44,-0.113,0.014,PDS2055REP,12.78,S2055,S2055,measured
S2055 REPEAT,S2055 REPEAT,S2055,s2055,BECK,clean,,,103100,-0.9,0.016,0.011,PDS2055REP,12.78,S2055,S2055,measured
S2055 REPEAT,S2055 REPEAT,S2055,s2055,BECK,clean,,,103100,0.63,0.225,0.0141,PDS2055REP,12.78,S2055,S2055,measured
S2055 REPEAT,S2055 REPEAT,S2055,s2055,BECK,clean,,,103100,2.18,0.453,0.0151,PDS2055REP,12.78,S2055,S2055,measured
S2055 REPEAT,S2055 REPEAT,S2055,s2055,BECK,clean,,,103100,3.72,0.604,0.0131,PDS2055REP,12.78,S2055,S2055,measured
S2055 REPEAT,S2055 REPEAT,S2055,s2055,BECK,clean,,,103100,5.25,0.722,0.0144,PDS2055REP,12.78,S2055,S2055,measured
S2055 REPEAT,S2055 REPEAT,S2055,s2055,BECK,clean,,,103100,6.78,0.827,0.0197,PDS2055REP,12.78,S2055,S2055,measured
S2055 REPEAT,S2055 REPEAT,S2055,s2055,BECK,clean,,,103100,8.29,0.914,0.0307,PDS2055REP,12.78,S2055,S2055,measured
S2055 REPEAT,S2055 REPEAT,S2055,s2055,BECK,clean,,,103100,9.8,0.98,0.046,PDS2055REP,12.78,S2055,S2055,measured
S2055 REPEAT,S2055 REPEAT,S2055,s2055,BECK,clean,,,103100,11.31,0.98,0.1021,PDS2055REP,12.78,S2055,S2055,measured
S2055 REPEAT,S2055 REPEAT,S2055,s2055,BECK,clean,,,103100,12.8,0.901,0.1804,PDS2055REP,12.78,S2055,S2055,measured
S2055 REPEAT,S2055 REPEAT,S2055,s2055,BECK,clean,,,152700,-2.95,-0.15,0.0122,PDS2055REP,12.78,S2055,S2055,measured
S2055 REPEAT,S2055 REPEAT,S2055,s2055,BECK,clean,,,152700,-1.91,-0.057,0.0108,PDS2055REP,12.78,S2055,S2055,measured
S2055 REPEAT,S2055 REPEAT,S2055,s2055,BECK,clean,,,152700,-0.88,0.079,0.0109,PDS2055REP,12.78,S2055,S2055,measured
S2055 REPEAT,S2055 REPEAT,S2055,s2055,BECK,clean,,,152700,0.12,0.225,0.0118,PDS2055REP,12.78,S2055,S2055,measured
S2055 REPEAT,S2055 REPEAT,S2055,s2055,BECK,clean,,,152700,1.16,0.357,0.0113,PDS2055REP,12.78,S2055,S2055,measured
S2055 REPEAT,S2055 REPEAT,S2055,s2055,BECK,clean,,,152700,2.19,0.464,0.0116,PDS2055REP,12.78,S2055,S2055,measured
S2055 REPEAT,S2055 REPEAT,S2055,s2055,BECK,clean,,,152700,3.22,0.548,0.0101,PDS2055REP,12.78,S2055,S2055,measured
S2055 REPEAT,S2055 REPEAT,S2055,s2055,BECK,clean,,,152700,4.22,0.635,0.0115,PDS2055REP,12.78,S2055,S2055,measured
S2055 REPEAT,S2055 REPEAT,S2055,s2055,BECK,clean,,,152700,5.24,0.72,0.0149,PDS2055REP,12.78,S2055,S2055,measured
S2055 REPEAT,S2055 REPEAT,S2055,s2055,BECK,clean,,,152700,6.26,0.792,0.0169,PDS2055REP,12.78,S2055,S2055,measured
S2055 REPEAT,S2055 REPEAT,S2055,s2055,BECK,clean,,,152700,7.28,0.856,0.0214,PDS2055REP,12.78,S2055,S2055,measured
S2055 REPEAT,S2055 REPEAT,S2055,s2055,BECK,clean,,,152700,8.28,0.914,0.0284,PDS2055REP,12.78,S2055,S2055,measured
S2055 REPEAT,S2055 REPEAT,S2055,s2055,BECK,clean,,,152700,9.31,0.962,0.0378,PDS2055REP,12.78,S2055,S2055,measured
S2055 REPEAT,S2055 REPEAT,S2055,s2055,BECK,clean,,,152700,10.3,0.997,0.0646,PDS2055REP,12.78,S2055,S2055,measured
S2055 REPEAT,S2055 REPEAT,S2055,s2055,BECK,clean,,,202000,-3.96,-0.229,0.0147,PDS2055REP,12.78,S2055,S2055,measured
S2055 REPEAT,S2055 REPEAT,S2055,s2055,BECK,clean,,,202000,-2.95,-0.12,0.0123,PDS2055REP,12.78,S2055,S2055,measured
S2055 REPEAT,S2055 REPEAT,S2055,s2055,BECK,clean,,,202000,-1.9,0.009,0.0096,PDS2055REP,12.78,S2055,S2055,measured
S2055 REPEAT,S2055 REPEAT,S2055,s2055,BECK,clean,,,202000,-0.89,0.128,0.0096,PDS2055REP,12.78,S2055,S2055,measured
S2055 REPEAT,S2055 REPEAT,S2055,s2055,BECK,clean,,,202000,0.14,0.249,0.0087,PDS2055REP,12.78,S2055,S2055,measured
S2055 REPEAT,S2055 REPEAT,S2055,s2055,BECK,clean,,,202000,1.16,0.35,0.0083,PDS2055REP,12.78,S2055,S2055,measured
S2055 REPEAT,S2055 REPEAT,S2055,s2055,BECK,clean,,,202000,2.19,0.45,0.0084,PDS2055REP,12.78,S2055,S2055,measured
S2055 REPEAT,S2055 REPEAT,S2055,s2055,BECK,clean,,,202000,3.2,0.543,0.0091,PDS2055REP,12.78,S2055,S2055,measured
S2055 REPEAT,S2055 REPEAT,S2055,s2055,BECK,clean,,,202000,4.21,0.63,0.0111,PDS2055REP,12.78,S2055,S2055,measured
S2055 REPEAT,S2055 REPEAT,S2055,s2055,BECK,clean,,,202000,5.24,0.716,0.0132,PDS2055REP,12.78,S2055,S2055,measured
S2055 REPEAT,S2055 REPEAT,S2055,s2055,BECK,clean,,,202000,6.26,0.795,0.0165,PDS2055REP,12.78,S2055,S2055,measured
S2055 REPEAT,S2055 REPEAT,S2055,s2055,BECK,clean,,,202000,7.27,0.865,0.0208,PDS2055REP,12.78,S2055,S2055,measured
S2055 REPEAT,S2055 REPEAT,S2055,s2055,BECK,clean,,,202000,8.29,0.925,0.026,PDS2055REP,12.78,S2055,S2055,measured
S2055 REPEAT,S2055 REPEAT,S2055,s2055,BECK,clean,,,202000,9.31,0.974,0.0359,PDS2055REP,12.78,S2055,S2055,measured
S2055 REPEAT,S2055 REPEAT,S2055,s2055,BECK,clean,,,304800,-3.96,-0.162,0.0126,PDS2055REP,12.78,S2055,S2055,measured
S2055 REPEAT,S2055 REPEAT,S2055,s2055,BECK,clean,,,304800,-2.94,-0.048,0.0104,PDS2055REP,12.78,S2055,S2055,measured
S2055 REPEAT,S2055 REPEAT,S2055,s2055,BECK,clean,,,304800,-1.92,0.053,0.0078,PDS2055REP,12.78,S2055,S2055,measured
S2055 REPEAT,S2055 REPEAT,S2055,s2055,BECK,clean,,,304800,-0.88,0.134,0.0068,PDS2055REP,12.78,S2055,S2055,measured
S2055 REPEAT,S2055 REPEAT,S2055,s2055,BECK,clean,,,304800,0.13,0.238,0.0067,PDS2055REP,12.78,S2055,S2055,measured
S2055 REPEAT,S2055 REPEAT,S2055,s2055,BECK,clean,,,304800,1.16,0.344,0.007,PDS2055REP,12.78,S2055,S2055,measured
S2055 REPEAT,S2055 REPEAT,S2055,s2055,BECK,clean,,,304800,2.18,0.447,0.0077,PDS2055REP,12.78,S2055,S2055,measured
S2055 REPEAT,S2055 REPEAT,S2055,s2055,BECK,clean,,,304800,3.2,0.54,0.0089,PDS2055REP,12.78,S2055,S2055,measured
S2055 REPEAT,S2055 REPEAT,S2055,s2055,BECK,clean,,,304800,4.22,0.632,0.0108,PDS2055REP,12.78,S2055,S2055,measured
S2055 REPEAT,S2055 REPEAT,S2055,s2055,BECK,clean,,,304800,5.25,0.719,0.0131,PDS2055REP,12.78,S2055,S2055,measured
S2055 REPEAT,S2055 REPEAT,S2055,s2055,BECK,clean,,,304800,6.26,0.798,0.0166,PDS2055REP,12.78,S2055,S2055,measured
S2055 REPEAT,S2055 REPEAT,S2055,s2055,BECK,clean,,,304800,7.28,0.869,0.0201,PDS2055REP,12.78,S2055,S2055,measured
S2055 REPEAT,S2055 REPEAT,S2055,s2055,BECK,clean,,,304800,8.28,0.928,0.0262,PDS2055REP,12.78,S2055,S2055,measured
S2055 REPEAT,S2055 REPEAT,S2055,s2055,BECK,clean,,,304800,9.31,0.979,0.0369,PDS2055REP,12.78,S2055,S2055,measured
S2055 REPEAT,S2055 REPEAT,S2055,s2055,BECK,clean,,,304800,10.3,1.011,0.0764,PDS2055REP,12.78,S2055,S2055,measured
S2091A,S2091A,S2091,s2091,JONES et al.,clean,,,60800,-2.89,0.099,0.026,PDS2091,12.79,,S2091,design
S2091A,S2091A,S2091,s2091,JONES et al.,clean,,,60800,-1.85,0.228,0.0212,PDS2091,12.79,,S2091,design
S2091A,S2091A,S2091,s2091,JONES et al.,clean,,,60800,-0.83,0.338,0.0226,PDS2091,12.79,,S2091,design
S2091A,S2091A,S2091,s2091,JONES et al.,clean,,,60800,0.19,0.439,0.0238,PDS2091,12.79,,S2091,design
S2091A,S2091A,S2091,s2091,JONES et al.,clean,,,60800,1.21,0.526,0.0275,PDS2091,12.79,,S2091,design
S2091A,S2091A,S2091,s2091,JONES et al.,clean,,,60800,2.23,0.619,0.0295,PDS2091,12.79,,S2091,design
S2091A,S2091A,S2091,s2091,JONES et al.,clean,,,60800,3.25,0.704,0.0329,PDS2091,12.79,,S2091,design
S2091A,S2091A,S2091,s2091,JONES et al.,clean,,,60800,4.27,0.789,0.0322,PDS2091,12.79,,S2091,design
S2091A,S2091A,S2091,s2091,JONES et al.,clean,,,60800,5.29,0.888,0.0326,PDS2091,12.79,,S2091,design
S2091A,S2091A,S2091,s2091,JONES et al.,clean,,,60800,6.31,0.981,0.0286,PDS2091,12.79,,S2091,design
S2091A,S2091A,S2091,s2091,JONES et al.,clean,,,60800,7.32,1.05,0.0313,PDS2091,12.79,,S2091,design
S2091A,S2091A,S2091,s2091,JONES et al.,clean,,,60800,8.35,1.129,0.0287,PDS2091,12.79,,S2091,design
S2091A,S2091A,S2091,s2091,JONES et al.,clean,,,60800,9.35,1.201,0.0317,PDS2091,12.79,,S2091,design
S2091A,S2091A,S2091,s2091,JONES et al.,clean,,,60800,10.37,1.259,0.035,PDS2091,12.79,,S2091,design
S2091A,S2091A,S2091,s2091,JONES et al.,clean,,,60800,11.37,1.265,0.0438,PDS2091,12.79,,S2091,design
S2091A,S2091A,S2091,s2091,JONES et al.,clean,,,99200,-4.95,-0.088,0.0296,PDS2091,12.79,,S2091,design
S2091A,S2091A,S2091,s2091,JONES et al.,clean,,,99200,-3.89,0.049,0.0209,PDS2091,12.79,,S2091,design
S2091A,S2091A,S2091,s2091,JONES et al.,clean,,,99200,-2.87,0.154,0.0174,PDS2091,12.79,,S2091,design
S2091A,S2091A,S2091,s2091,JONES et al.,clean,,,99200,-1.85,0.246,0.0149,PDS2091,12.79,,S2091,design
S2091A,S2091A,S2091,s2091,JONES et al.,clean,,,99200,-0.83,0.343,0.014,PDS2091,12.79,,S2091,design
S2091A,S2091A,S2091,s2091,JONES et al.,clean,,,99200,0.18,0.44,0.0149,PDS2091,12.79,,S2091,design
S2091A,S2091A,S2091,s2091,JONES et al.,clean,,,99200,1.21,0.545,0.018,PDS2091,12.79,,S2091,design
S2091A,S2091A,S2091,s2091,JONES et al.,clean,,,99200,2.23,0.64,0.018,PDS2091,12.79,,S2091,design
S2091A,S2091A,S2091,s2091,JONES et al.,clean,,,99200,3.26,0.732,0.0188,PDS2091,12.79,,S2091,design
S2091A,S2091A,S2091,s2091,JONES et al.,clean,,,99200,4.27,0.83,0.0193,PDS2091,12.79,,S2091,design
S2091A,S2091A,S2091,s2091,JONES et al.,clean,,,99200,5.29,0.919,0.0199,PDS2091,12.79,,S2091,design
S2091A,S2091A,S2091,s2091,JONES et al.,clean,,,99200,6.31,1.012,0.0214,PDS2091,12.79,,S2091,design
S2091A,S2091A,S2091,s2091,JONES et al.,clean,,,99200,7.33,1.091,0.0217,PDS2091,12.79,,S2091,design
S2091A,S2091A,S2091,s2091,JONES et al.,clean,,,99200,8.35,1.179,0.024,PDS2091,12.79,,S2091,design
S2091A,S2091A,S2091,s2091,JONES et al.,clean,,,99200,9.37,1.258,0.0254,PDS2091,12.79,,S2091,design
S2091A,S2091A,S2091,s2091,JONES et al.,clean,,,99200,10.37,1.289,0.0331,PDS2091,12.79,,S2091,design
S2091A,S2091A,S2091,s2091,JONES et al.,clean,,,99200,11.37,1.279,0.0504,PDS2091,12.79,,S2091,design
S2091A,S2091A,S2091,s2091,JONES et al.,clean,,,99200,12.37,1.252,0.0683,PDS2091,12.79,,S2091,design
S2091A,S2091A,S2091,s2091,JONES et al.,clean,,,201500,-2.87,0.126,0.0141,PDS2091,12.79,,S2091,design
S2091A,S2091A,S2091,s2091,JONES et al.,clean,,,201500,-1.88,0.227,0.0128,PDS2091,12.79,,S2091,design
S2091A,S2091A,S2091,s2091,JONES et al.,clean,,,201500,-0.84,0.329,0.0108,PDS2091,12.79,,S2091,design
S2091A,S2091A,S2091,s2091,JONES et al.,clean,,,201500,0.18,0.435,0.0106,PDS2091,12.79,,S2091,design
S2091A,S2091A,S2091,s2091,JONES et al.,clean,,,201500,1.21,0.54,0.0111,PDS2091,12.79,,S2091,design
S2091A,S2091A,S2091,s2091,JONES et al.,clean,,,201500,2.23,0.645,0.0115,PDS2091,12.79,,S2091,design
S2091A,S2091A,S2091,s2091,JONES et al.,clean,,,201500,3.25,0.747,0.0125,PDS2091,12.79,,S2091,design
S2091A,S2091A,S2091,s2091,JONES et al.,clean,,,201500,4.27,0.844,0.0134,PDS2091,12.79,,S2091,design
S2091A,S2091A,S2091,s2091,JONES et al.,clean,,,201500,5.29,0.939,0.0142,PDS2091,12.79,,S2091,design
S2091A,S2091A,S2091,s2091,JONES et al.,clean,,,201500,6.31,1.03,0.0153,PDS2091,12.79,,S2091,design
S2091A,S2091A,S2091,s2091,JONES et al.,clean,,,201500,7.33,1.114,0.0171,PDS2091,12.79,,S2091,design
S2091A,S2091A,S2091,s2091,JONES et al.,clean,,,201500,8.35,1.192,0.0193,PDS2091,12.79,,S2091,design
S2091A,S2091A,S2091,s2091,JONES et al.,clean,,,201500,9.36,1.252,0.0234,PDS2091,12.79,,S2091,design
S2091A,S2091A,S2091,s2091,JONES et al.,clean,,,201500,10.36,1.278,0.0327,PDS2091,12.79,,S2091,design
S2091A,S2091A,S2091,s2091,JONES et al.,clean,,,201500,11.36,1.262,0.0535,PDS2091,12.79,,S2091,design
S2091A,S2091A,S2091,s2091,JONES et al.,clean,,,201500,12.36,1.235,0.0767,PDS2091,12.79,,S2091,design
S2091B,S2091B,S2091,s2091,JONES et al./SAWYER,clean,,,60400,-3.93,-0.091,0.029,PDS2091B,12.80,S2091B,S2091,measured
S2091B,S2091B,S2091,s2091,JONES et al./SAWYER,clean,,,60400,-2.4,0.079,0.0231,PDS2091B,12.80,S2091B,S2091,measured
S2091B,S2091B,S2091,s2091,JONES et al./SAWYER,clean,,,60400,-0.85,0.28,0.0263,PDS2091B,12.80,S2091B,S2091,measured
S2091B,S2091B,S2091,s2091,JONES et al./SAWYER,clean,,,60400,0.7,0.471,0.0301,PDS2091B,12.80,S2091B,S2091,measured
S2091B,S2091B,S2091,s2091,JONES et al./SAWYER,clean,,,60400,2.23,0.604,0.0322,PDS2091B,12.80,S2091B,S2091,measured
S2091B,S2091B,S2091,s2091,JONES et al./SAWYER,clean,,,60400,3.74,0.722,0.0331,PDS2091B,12.80,S2091B,S2091,measured
S2091B,S2091B,S2091,s2091,JONES et al./SAWYER,clean,,,60400,5.27,0.835,0.0335,PDS2091B,12.80,S2091B,S2091,measured
S2091B,S2091B,S2091,s2091,JONES et al./SAWYER,clean,,,60400,6.8,0.951,0.0382,PDS2091B,12.80,S2091B,S2091,measured
S2091B,S2091B,S2091,s2091,JONES et al./SAWYER,clean,,,60400,8.33,1.054,0.0472,PDS2091B,12.80,S2091B,S2091,measured
S2091B,S2091B,S2091,s2091,JONES et al./SAWYER,clean,,,101300,-2.87,0.145,0.021,PDS2091B,12.80,S2091B,S2091,measured
S2091B,S2091B,S2091,s2091,JONES et al./SAWYER,clean,,,101300,-1.35,0.321,0.0156,PDS2091B,12.80,S2091B,S2091,measured
S2091B,S2091B,S2091,s2091,JONES et al./SAWYER,clean,,,101300,0.19,0.469,0.0166,PDS2091B,12.80,S2091B,S2091,measured
S2091B,S2091B,S2091,s2091,JONES et al./SAWYER,clean,,,101300,1.73,0.609,0.0174,PDS2091B,12.80,S2091B,S2091,measured
S2091B,S2091B,S2091,s2091,JONES et al./SAWYER,clean,,,101300,3.26,0.751,0.0183,PDS2091B,12.80,S2091B,S2091,measured
S2091B,S2091B,S2091,s2091,JONES et al./SAWYER,clean,,,101300,4.79,0.887,0.0203,PDS2091B,12.80,S2091B,S2091,measured
S2091B,S2091B,S2091,s2091,JONES et al./SAWYER,clean,,,101300,6.31,1.012,0.0228,PDS2091B,12.80,S2091B,S2091,measured
S2091B,S2091B,S2091,s2091,JONES et al./SAWYER,clean,,,101300,7.84,1.127,0.0261,PDS2091B,12.80,S2091B,S2091,measured
S2091B,S2091B,S2091,s2091,JONES et al./SAWYER,clean,,,101300,9.35,1.232,0.0298,PDS2091B,12.80,S2091B,S2091,measured
S2091B,S2091B,S2091,s2091,JONES et al./SAWYER,clean,,,101300,10.37,1.294,0.0356,PDS2091B,12.80,S2091B,S2091,measured
S2091B,S2091B,S2091,s2091,JONES et al./SAWYER,clean,,,101300,11.37,1.33,0.0398,PDS2091B,12.80,S2091B,S2091,measured
S2091B,S2091B,S2091,s2091,JONES et al./SAWYER,clean,,,101300,12.38,1.312,0.0459,PDS2091B,12.80,S2091B,S2091,measured
S2091B,S2091B,S2091,s2091,JONES et al./SAWYER,clean,,,149300,-4.93,-0.079,0.0239,PDS2091B,12.80,S2091B,S2091,measured
S2091B,S2091B,S2091,s2091,JONES et al./SAWYER,clean,,,149300,-3.9,0.061,0.0192,PDS2091B,12.80,S2091B,S2091,measured
S2091B,S2091B,S2091,s2091,JONES et al./SAWYER,clean,,,149300,-2.87,0.18,0.0146,PDS2091B,12.80,S2091B,S2091,measured
S2091B,S2091B,S2091,s2091,JONES et al./SAWYER,clean,,,149300,-1.86,0.272,0.0121,PDS2091B,12.80,S2091B,S2091,measured
S2091B,S2091B,S2091,s2091,JONES et al./SAWYER,clean,,,149300,-0.83,0.368,0.0113,PDS2091B,12.80,S2091B,S2091,measured
S2091B,S2091B,S2091,s2091,JONES et al./SAWYER,clean,,,149300,0.17,0.466,0.0119,PDS2091B,12.80,S2091B,S2091,measured
S2091B,S2091B,S2091,s2091,JONES et al./SAWYER,clean,,,149300,1.22,0.57,0.0128,PDS2091B,12.80,S2091B,S2091,measured
S2091B,S2091B,S2091,s2091,JONES et al./SAWYER,clean,,,149300,2.24,0.67,0.014,PDS2091B,12.80,S2091B,S2091,measured
S2091B,S2091B,S2091,s2091,JONES et al./SAWYER,clean,,,149300,3.26,0.771,0.0143,PDS2091B,12.80,S2091B,S2091,measured
S2091B,S2091B,S2091,s2091,JONES et al./SAWYER,clean,,,149300,4.28,0.865,0.0158,PDS2091B,12.80,S2091B,S2091,measured
S2091B,S2091B,S2091,s2091,JONES et al./SAWYER,clean,,,149300,5.3,0.957,0.0166,PDS2091B,12.80,S2091B,S2091,measured
S2091B,S2091B,S2091,s2091,JONES et al./SAWYER,clean,,,149300,6.32,1.043,0.0187,PDS2091B,12.80,S2091B,S2091,measured
S2091B,S2091B,S2091,s2091,JONES et al./SAWYER,clean,,,149300,7.34,1.123,0.0204,PDS2091B,12.80,S2091B,S2091,measured
S2091B,S2091B,S2091,s2091,JONES et al./SAWYER,clean,,,149300,8.35,1.205,0.0225,PDS2091B,12.80,S2091B,S2091,measured
S2091B,S2091B,S2091,s2091,JONES et al./SAWYER,clean,,,149300,9.36,1.278,0.0256,PDS2091B,12.80,S2091B,S2091,measured
S2091B,S2091B,S2091,s2091,JONES et al./SAWYER,clean,,,149300,10.38,1.352,0.028,PDS2091B,12.80,S2091B,S2091,measured
S2091B,S2091B,S2091,s2091,JONES et al./SAWYER,clean,,,149300,11.38,1.392,0.0328,PDS2091B,12.80,S2091B,S2091,measured
S2091B,S2091B,S2091,s2091,JONES et al./SAWYER,clean,,,149300,12.38,1.366,0.0388,PDS2091B,12.80,S2091B,S2091,measured
S2091B,S2091B,S2091,s2091,JONES et al./SAWYER,clean,,,198400,-4.9,-0.013,0.0181,PDS2091B,12.80,S2091B,S2091,measured
S2091B,S2091B,S2091,s2091,JONES et al./SAWYER,clean,,,198400,-3.91,0.09,0.0142,PDS2091B,12.80,S2091B,S2091,measured
S2091B,S2091B,S2091,s2091,JONES et al./SAWYER,clean,,,198400,-2.87,0.188,0.0126,PDS2091B,12.80,S2091B,S2091,measured
S2091B,S2091B,S2091,s2091,JONES et al./SAWYER,clean,,,198400,-1.84,0.282,0.0113,PDS2091B,12.80,S2091B,S2091,measured
S2091B,S2091B,S2091,s2091,JONES et al./SAWYER,clean,,,198400,-0.84,0.38,0.0101,PDS2091B,12.80,S2091B,S2091,measured
S2091B,S2091B,S2091,s2091,JONES et al./SAWYER,clean,,,198400,0.19,0.485,0.0105,PDS2091B,12.80,S2091B,S2091,measured
S2091B,S2091B,S2091,s2091,JONES et al./SAWYER,clean,,,198400,1.22,0.588,0.0111,PDS2091B,12.80,S2091B,S2091,measured
S2091B,S2091B,S2091,s2091,JONES et al./SAWYER,clean,,,198400,2.25,0.692,0.012,PDS2091B,12.80,S2091B,S2091,measured
S2091B,S2091B,S2091,s2091,JONES et al./SAWYER,clean,,,198400,3.25,0.791,0.013,PDS2091B,12.80,S2091B,S2091,measured
S2091B,S2091B,S2091,s2091,JONES et al./SAWYER,clean,,,198400,4.28,0.888,0.0141,PDS2091B,12.80,S2091B,S2091,measured
S2091B,S2091B,S2091,s2091,JONES et al./SAWYER,clean,,,198400,5.31,0.979,0.0154,PDS2091B,12.80,S2091B,S2091,measured
S2091B,S2091B,S2091,s2091,JONES et al./SAWYER,clean,,,198400,6.31,1.065,0.0168,PDS2091B,12.80,S2091B,S2091,measured
S2091B,S2091B,S2091,s2091,JONES et al./SAWYER,clean,,,198400,7.34,1.148,0.0182,PDS2091B,12.80,S2091B,S2091,measured
S2091B,S2091B,S2091,s2091,JONES et al./SAWYER,clean,,,198400,8.36,1.23,0.0206,PDS2091B,12.80,S2091B,S2091,measured
S2091B,S2091B,S2091,s2091,JONES et al./SAWYER,clean,,,198400,9.38,1.31,0.0227,PDS2091B,12.80,S2091B,S2091,measured
S2091B,S2091B,S2091,s2091,JONES et al./SAWYER,clean,,,198400,10.38,1.37,0.0259,PDS2091B,12.80,S2091B,S2091,measured
S2091B,S2091B,S2091,s2091,JONES et al./SAWYER,clean,,,198400,11.4,1.395,0.0308,PDS2091B,12.80,S2091B,S2091,measured
S2091B,S2091B,S2091,s2091,JONES et al./SAWYER,clean,,,198400,12.39,1.36,0.0463,PDS2091B,12.80,S2091B,S2091,measured
S2091B,S2091B,S2091,s2091,JONES et al./SAWYER,clean,,,303900,-3.91,0.115,0.0113,PDS2091B,12.80,S2091B,S2091,measured
S2091B,S2091B,S2091,s2091,JONES et al./SAWYER,clean,,,303900,-2.88,0.213,0.0101,PDS2091B,12.80,S2091B,S2091,measured
S2091B,S2091B,S2091,s2091,JONES et al./SAWYER,clean,,,303900,-1.85,0.316,0.0098,PDS2091B,12.80,S2091B,S2091,measured
S2091B,S2091B,S2091,s2091,JONES et al./SAWYER,clean,,,303900,-0.83,0.414,0.0085,PDS2091B,12.80,S2091B,S2091,measured
S2091B,S2091B,S2091,s2091,JONES et al./SAWYER,clean,,,303900,0.21,0.526,0.0085,PDS2091B,12.80,S2091B,S2091,measured
S2091B,S2091B,S2091,s2091,JONES et al./SAWYER,clean,,,303900,1.23,0.632,0.0096,PDS2091B,12.80,S2091B,S2091,measured
S2091B,S2091B,S2091,s2091,JONES et al./SAWYER,clean,,,303900,2.24,0.733,0.0102,PDS2091B,12.80,S2091B,S2091,measured
S2091B,S2091B,S2091,s2091,JONES et al./SAWYER,clean,,,303900,3.28,0.832,0.0112,PDS2091B,12.80,S2091B,S2091,measured
S2091B,S2091B,S2091,s2091,JONES et al./SAWYER,clean,,,303900,4.29,0.925,0.0129,PDS2091B,12.80,S2091B,S2091,measured
S2091B,S2091B,S2091,s2091,JONES et al./SAWYER,clean,,,303900,5.31,1.014,0.0138,PDS2091B,12.80,S2091B,S2091,measured
S2091B,S2091B,S2091,s2091,JONES et al./SAWYER,clean,,,303900,6.32,1.099,0.0154,PDS2091B,12.80,S2091B,S2091,measured
S2091B,S2091B,S2091,s2091,JONES et al./SAWYER,clean,,,303900,7.34,1.182,0.0165,PDS2091B,12.80,S2091B,S2091,measured
S2091B,S2091B,S2091,s2091,JONES et al./SAWYER,clean,,,303900,8.35,1.258,0.0187,PDS2091B,12.80,S2091B,S2091,measured
S2091B,S2091B,S2091,s2091,JONES et al./SAWYER,clean,,,303900,9.38,1.325,0.0219,PDS2091B,12.80,S2091B,S2091,measured
S2091B,S2091B,S2091,s2091,JONES et al./SAWYER,clean,,,303900,10.38,1.373,0.0254,PDS2091B,12.80,S2091B,S2091,measured
S2091B,S2091B,S2091,s2091,JONES et al./SAWYER,clean,,,303900,11.38,1.378,0.0375,PDS2091B,12.80,S2091B,S2091,measured
S2091B GFA,S2091B,S2091,s2091,JONES et al./SAWYER,flap,,,59200,-4.91,0.088,0.0288,PDS2091BGERNEY,12.81,S2091B,S2091,measured
S2091B GFA,S2091B,S2091,s2091,JONES et al./SAWYER,flap,,,59200,-2.85,0.285,0.0196,PDS2091BGERNEY,12.81,S2091B,S2091,measured
S2091B GFA,S2091B,S2091,s2091,JONES et al./SAWYER,flap,,,59200,-0.81,0.495,0.0329,PDS2091BGERNEY,12.81,S2091B,S2091,measured
S2091B GFA,S2091B,S2091,s2091,JONES et al./SAWYER,flap,,,59200,1.25,0.744,0.0358,PDS2091BGERNEY,12.81,S2091B,S2091,measured
S2091B GFA,S2091B,S2091,s2091,JONES et al./SAWYER,flap,,,59200,3.29,0.94,0.0316,PDS2091BGERNEY,12.81,S2091B,S2091,measured
S2091B GFA,S2091B,S2091,s2091,JONES et al./SAWYER,flap,,,59200,5.33,1.09,0.0443,PDS2091BGERNEY,12.81,S2091B,S2091,measured
S2091B GFA,S2091B,S2091,s2091,JONES et al./SAWYER,flap,,,59200,7.36,1.225,0.0483,PDS2091BGERNEY,12.81,S2091B,S2091,measured
S2091B GFA,S2091B,S2091,s2091,JONES et al./SAWYER,flap,,,59200,9.34,1.055,0.1727,PDS2091BGERNEY,12.81,S2091B,S2091,measured
S2091B GFA,S2091B,S2091,s2091,JONES et al./SAWYER,flap,,,59200,11.3,0.896,0.2234,PDS2091BGERNEY,12.81,S2091B,S2091,measured
S2091B GFA,S2091B,S2091,s2091,JONES et al./SAWYER,flap,,,100400,-4.9,0.131,0.024,PDS2091BGERNEY,12.81,S2091B,S2091,measured
S2091B GFA,S2091B,S2091,s2091,JONES et al./SAWYER,flap,,,100400,-3.87,0.267,0.0196,PDS2091BGERNEY,12.81,S2091B,S2091,measured
S2091B GFA,S2091B,S2091,s2091,JONES et al./SAWYER,flap,,,100400,-2.82,0.409,0.0182,PDS2091BGERNEY,12.81,S2091B,S2091,measured
S2091B GFA,S2091B,S2091,s2091,JONES et al./SAWYER,flap,,,100400,-1.81,0.474,0.0168,PDS2091BGERNEY,12.81,S2091B,S2091,measured
S2091B GFA,S2091B,S2091,s2091,JONES et al./SAWYER,flap,,,100400,-0.78,0.577,0.0164,PDS2091BGERNEY,12.81,S2091B,S2091,measured
S2091B GFA,S2091B,S2091,s2091,JONES et al./SAWYER,flap,,,100400,0.23,0.683,0.0174,PDS2091BGERNEY,12.81,S2091B,S2091,measured
S2091B GFA,S2091B,S2091,s2091,JONES et al./SAWYER,flap,,,100400,1.26,0.789,0.0189,PDS2091BGERNEY,12.81,S2091B,S2091,measured
S2091B GFA,S2091B,S2091,s2091,JONES et al./SAWYER,flap,,,100400,2.29,0.892,0.0189,PDS2091BGERNEY,12.81,S2091B,S2091,measured
S2091B GFA,S2091B,S2091,s2091,JONES et al./SAWYER,flap,,,100400,3.31,0.992,0.021,PDS2091BGERNEY,12.81,S2091B,S2091,measured
S2091B GFA,S2091B,S2091,s2091,JONES et al./SAWYER,flap,,,100400,4.33,1.079,0.0251,PDS2091BGERNEY,12.81,S2091B,S2091,measured
S2091B GFA,S2091B,S2091,s2091,JONES et al./SAWYER,flap,,,100400,5.34,1.171,0.0232,PDS2091BGERNEY,12.81,S2091B,S2091,measured
S2091B GFA,S2091B,S2091,s2091,JONES et al./SAWYER,flap,,,100400,6.36,1.253,0.027,PDS2091BGERNEY,12.81,S2091B,S2091,measured
S2091B GFA,S2091B,S2091,s2091,JONES et al./SAWYER,flap,,,100400,7.38,1.335,0.0285,PDS2091BGERNEY,12.81,S2091B,S2091,measured
S2091B GFA,S2091B,S2091,s2091,JONES et al./SAWYER,flap,,,100400,8.4,1.411,0.0323,PDS2091BGERNEY,12.81,S2091B,S2091,measured
S2091B GFA,S2091B,S2091,s2091,JONES et al./SAWYER,flap,,,100400,9.41,1.477,0.0358,PDS2091BGERNEY,12.81,S2091B,S2091,measured
S2091B GFA,S2091B,S2091,s2091,JONES et al./SAWYER,flap,,,100400,10.43,1.518,0.0418,PDS2091BGERNEY,12.81,S2091B,S2091,measured
S2091B GFA,S2091B,S2091,s2091,JONES et al./SAWYER,flap,,,100400,11.42,1.491,0.0553,PDS2091BGERNEY,12.81,S2091B,S2091,measured
S2091B GFA,S2091B,S2091,s2091,JONES et al./SAWYER,flap,,,100400,12.4,1.438,0.0787,PDS2091BGERNEY,12.81,S2091B,S2091,measured
S2091B GFA,S2091B,S2091,s2091,JONES et al./SAWYER,flap,,,100400,13.4,1.392,0.1052,PDS2091BGERNEY,12.81,S2091B,S2091,measured
S2091B GFA,S2091B,S2091,s2091,JONES et al./SAWYER,flap,,,100400,14.31,1.001,0.2596,PDS2091BGERNEY,12.81,S2091B,S2091,measured
S2091B GFA,S2091B,S2091,s2091,JONES et al./SAWYER,flap,,,146200,-4.89,0.163,0.0182,PDS2091BGERNEY,12.81,S2091B,S2091,measured
S2091B GFA,S2091B,S2091,s2091,JONES et al./SAWYER,flap,,,146200,-2.82,0.452,0.0159,PDS2091BGERNEY,12.81,S2091B,S2091,measured
S2091B GFA,S2091B,S2091,s2091,JONES et al./SAWYER,flap,,,146200,-0.79,0.567,0.014,PDS2091BGERNEY,12.81,S2091B,S2091,measured
S2091B GFA,S2091B,S2091,s2091,JONES et al./SAWYER,flap,,,146200,1.26,0.797,0.0156,PDS2091BGERNEY,12.81,S2091B,S2091,measured
S2091B GFA,S2091B,S2091,s2091,JONES et al./SAWYER,flap,,,146200,3.31,1.021,0.018,PDS2091BGERNEY,12.81,S2091B,S2091,measured
S2091B GFA,S2091B,S2091,s2091,JONES et al./SAWYER,flap,,,146200,5.35,1.222,0.0212,PDS2091BGERNEY,12.81,S2091B,S2091,measured
S2091B GFA,S2091B,S2091,s2091,JONES et al./SAWYER,flap,,,146200,7.38,1.403,0.025,PDS2091BGERNEY,12.81,S2091B,S2091,measured
S2091B GFA,S2091B,S2091,s2091,JONES et al./SAWYER,flap,,,146200,9.44,1.574,0.0313,PDS2091BGERNEY,12.81,S2091B,S2091,measured
S2091B GFA,S2091B,S2091,s2091,JONES et al./SAWYER,flap,,,146200,11.43,1.606,0.0408,PDS2091BGERNEY,12.81,S2091B,S2091,measured
S2091B GFA,S2091B,S2091,s2091,JONES et al./SAWYER,flap,,,146200,13.41,1.503,0.0609,PDS2091BGERNEY,12.81,S2091B,S2091,measured
S2091B GFA,S2091B,S2091,s2091,JONES et al./SAWYER,flap,,,199700,-4.88,0.19,0.0174,PDS2091BGERNEY,12.81,S2091B,S2091,measured
S2091B GFA,S2091B,S2091,s2091,JONES et al./SAWYER,flap,,,199700,-3.86,0.334,0.0165,PDS2091BGERNEY,12.81,S2091B,S2091,measured
S2091B GFA,S2091B,S2091,s2091,JONES et al./SAWYER,flap,,,199700,-2.81,0.465,0.0139,PDS2091BGERNEY,12.81,S2091B,S2091,measured
S2091B GFA,S2091B,S2091,s2091,JONES et al./SAWYER,flap,,,199700,-1.79,0.56,0.0135,PDS2091BGERNEY,12.81,S2091B,S2091,measured
S2091B GFA,S2091B,S2091,s2091,JONES et al./SAWYER,flap,,,199700,-0.79,0.609,0.0131,PDS2091BGERNEY,12.81,S2091B,S2091,measured
S2091B GFA,S2091B,S2091,s2091,JONES et al./SAWYER,flap,,,199700,0.23,0.688,0.0136,PDS2091BGERNEY,12.81,S2091B,S2091,measured
S2091B GFA,S2091B,S2091,s2091,JONES et al./SAWYER,flap,,,199700,1.26,0.805,0.0144,PDS2091BGERNEY,12.81,S2091B,S2091,measured
S2091B GFA,S2091B,S2091,s2091,JONES et al./SAWYER,flap,,,199700,2.27,0.915,0.0148,PDS2091BGERNEY,12.81,S2091B,S2091,measured
S2091B GFA,S2091B,S2091,s2091,JONES et al./SAWYER,flap,,,199700,3.3,1.023,0.0158,PDS2091BGERNEY,12.81,S2091B,S2091,measured
S2091B GFA,S2091B,S2091,s2091,JONES et al./SAWYER,flap,,,199700,4.34,1.131,0.0172,PDS2091BGERNEY,12.81,S2091B,S2091,measured
S2091B GFA,S2091B,S2091,s2091,JONES et al./SAWYER,flap,,,199700,5.35,1.23,0.0186,PDS2091BGERNEY,12.81,S2091B,S2091,measured
S2091B GFA,S2091B,S2091,s2091,JONES et al./SAWYER,flap,,,199700,6.38,1.325,0.0208,PDS2091BGERNEY,12.81,S2091B,S2091,measured
S2091B GFA,S2091B,S2091,s2091,JONES et al./SAWYER,flap,,,199700,7.39,1.414,0.0233,PDS2091BGERNEY,12.81,S2091B,S2091,measured
S2091B GFA,S2091B,S2091,s2091,JONES et al./SAWYER,flap,,,199700,8.4,1.498,0.0259,PDS2091BGERNEY,12.81,S2091B,S2091,measured
S2091B GFA,S2091B,S2091,s2091,JONES et al./SAWYER,flap,,,199700,9.43,1.567,0.0289,PDS2091BGERNEY,12.81,S2091B,S2091,measured
S2091B GFA,S2091B,S2091,s2091,JONES et al./SAWYER,flap,,,199700,10.44,1.589,0.0358,PDS2091BGERNEY,12.81,S2091B,S2091,measured
S2091B GFA,S2091B,S2091,s2091,JONES et al./SAWYER,flap,,,199700,11.42,1.538,0.0657,PDS2091BGERNEY,12.81,S2091B,S2091,measured
S2091B GFA,S2091B,S2091,s2091,JONES et al./SAWYER,flap,,,199700,12.42,1.467,0.1061,PDS2091BGERNEY,12.81,S2091B,S2091,measured
S2091B GFA,S2091B,S2091,s2091,JONES et al./SAWYER,flap,,,306400,-4.88,0.206,0.0148,PDS2091BGERNEY,12.81,S2091B,S2091,measured
S2091B GFA,S2091B,S2091,s2091,JONES et al./SAWYER,flap,,,306400,-3.86,0.33,0.0136,PDS2091BGERNEY,12.81,S2091B,S2091,measured
S2091B GFA,S2091B,S2091,s2091,JONES et al./SAWYER,flap,,,306400,-2.82,0.454,0.0134,PDS2091BGERNEY,12.81,S2091B,S2091,measured
S2091B GFA,S2091B,S2091,s2091,JONES et al./SAWYER,flap,,,306400,-1.79,0.587,0.0136,PDS2091BGERNEY,12.81,S2091B,S2091,measured
S2091B GFA,S2091B,S2091,s2091,JONES et al./SAWYER,flap,,,306400,-0.79,0.666,0.0133,PDS2091BGERNEY,12.81,S2091B,S2091,measured
S2091B GFA,S2091B,S2091,s2091,JONES et al./SAWYER,flap,,,306400,0.22,0.707,0.0119,PDS2091BGERNEY,12.81,S2091B,S2091,measured
S2091B GFA,S2091B,S2091,s2091,JONES et al./SAWYER,flap,,,306400,1.26,0.816,0.0121,PDS2091BGERNEY,12.81,S2091B,S2091,measured
S2091B GFA,S2091B,S2091,s2091,JONES et al./SAWYER,flap,,,306400,2.27,0.926,0.013,PDS2091BGERNEY,12.81,S2091B,S2091,measured
S2091B GFA,S2091B,S2091,s2091,JONES et al./SAWYER,flap,,,306400,3.27,1.03,0.0139,PDS2091BGERNEY,12.81,S2091B,S2091,measured
S2091B GFA,S2091B,S2091,s2091,JONES et al./SAWYER,flap,,,306400,4.29,1.13,0.015,PDS2091BGERNEY,12.81,S2091B,S2091,measured
S2091B GFA,S2091B,S2091,s2091,JONES et al./SAWYER,flap,,,306400,5.32,1.224,0.0165,PDS2091BGERNEY,12.81,S2091B,S2091,measured
S2091B GFA,S2091B,S2091,s2091,JONES et al./SAWYER,flap,,,306400,6.34,1.32,0.018,PDS2091BGERNEY,12.81,S2091B,S2091,measured
S2091B GFA,S2091B,S2091,s2091,JONES et al./SAWYER,flap,,,306400,7.39,1.414,0.0201,PDS2091BGERNEY,12.81,S2091B,S2091,measured
S2091B GFA,S2091B,S2091,s2091,JONES et al./SAWYER,flap,,,306400,8.38,1.492,0.0228,PDS2091BGERNEY,12.81,S2091B,S2091,measured
S2091B GFA,S2091B,S2091,s2091,JONES et al./SAWYER,flap,,,306400,9.42,1.56,0.0256,PDS2091BGERNEY,12.81,S2091B,S2091,measured
S2091B GFA,S2091B,S2091,s2091,JONES et al./SAWYER,flap,,,306400,10.41,1.588,0.033,PDS2091BGERNEY,12.81,S2091B,S2091,measured
S2091B GFA,S2091B,S2091,s2091,JONES et al./SAWYER,flap,,,306400,11.42,1.565,0.0366,PDS2091BGERNEY,12.81,S2091B,S2091,measured
S2091B GFA,S2091B,S2091,s2091,JONES et al./SAWYER,flap,,,306400,12.38,1.483,0.0967,PDS2091BGERNEY,12.81,S2091B,S2091,measured
S2091B GFA,S2091B,S2091,s2091,JONES et al./SAWYER,flap,,,306400,13.38,1.416,0.133,PDS2091BGERNEY,12.81,S2091B,S2091,measured
S2091B GFB,S2091B,S2091,s2091,JONES et al./SAWYER,flap,,,99600,-4.93,0.031,0.0257,PDS2091BGF2,12.82,S2091B,S2091,measured
S2091B GFB,S2091B,S2091,s2091,JONES et al./SAWYER,flap,,,99600,-3.35,0.256,0.019,PDS2091BGF2,12.82,S2091B,S2091,measured
S2091B GFB,S2091B,S2091,s2091,JONES et al./SAWYER,flap,,,99600,-1.84,0.413,0.0157,PDS2091BGF2,12.82,S2091B,S2091,measured
S2091B GFB,S2091B,S2091,s2091,JONES et al./SAWYER,flap,,,99600,-0.29,0.56,0.0163,PDS2091BGF2,12.82,S2091B,S2091,measured
S2091B GFB,S2091B,S2091,s2091,JONES et al./SAWYER,flap,,,99600,1.24,0.715,0.0188,PDS2091BGF2,12.82,S2091B,S2091,measured
S2091B GFB,S2091B,S2091,s2091,JONES et al./SAWYER,flap,,,99600,2.76,0.866,0.0198,PDS2091BGF2,12.82,S2091B,S2091,measured
S2091B GFB,S2091B,S2091,s2091,JONES et al./SAWYER,flap,,,99600,4.3,1.013,0.0227,PDS2091BGF2,12.82,S2091B,S2091,measured
S2091B GFB,S2091B,S2091,s2091,JONES et al./SAWYER,flap,,,99600,5.84,1.145,0.0238,PDS2091BGF2,12.82,S2091B,S2091,measured
S2091B GFB,S2091B,S2091,s2091,JONES et al./SAWYER,flap,,,99600,7.36,1.266,0.0279,PDS2091BGF2,12.82,S2091B,S2091,measured
S2091B GFB,S2091B,S2091,s2091,JONES et al./SAWYER,flap,,,99600,8.9,1.376,0.0332,PDS2091BGF2,12.82,S2091B,S2091,measured
S2091B GFB,S2091B,S2091,s2091,JONES et al./SAWYER,flap,,,99600,10.4,1.456,0.0388,PDS2091BGF2,12.82,S2091B,S2091,measured
S2091B GFB,S2091B,S2091,s2091,JONES et al./SAWYER,flap,,,99600,11.9,1.43,0.051,PDS2091BGF2,12.82,S2091B,S2091,measured
S2091B GFB,S2091B,S2091,s2091,JONES et al./SAWYER,flap,,,99600,13.4,1.378,0.0628,PDS2091BGF2,12.82,S2091B,S2091,measured
S2091B GFB,S2091B,S2091,s2091,JONES et al./SAWYER,flap,,,200000,-4.9,0.104,0.0174,PDS2091BGF2,12.82,S2091B,S2091,measured
S2091B GFB,S2091B,S2091,s2091,JONES et al./SAWYER,flap,,,200000,-3.35,0.304,0.0128,PDS2091BGF2,12.82,S2091B,S2091,measured
S2091B GFB,S2091B,S2091,s2091,JONES et al./SAWYER,flap,,,200000,-1.84,0.457,0.0115,PDS2091BGF2,12.82,S2091B,S2091,measured
S2091B GFB,S2091B,S2091,s2091,JONES et al./SAWYER,flap,,,200000,-0.3,0.552,0.011,PDS2091BGF2,12.82,S2091B,S2091,measured
S2091B GFB,S2091B,S2091,s2091,JONES et al./SAWYER,flap,,,200000,1.24,0.721,0.0123,PDS2091BGF2,12.82,S2091B,S2091,measured
S2091B GFB,S2091B,S2091,s2091,JONES et al./SAWYER,flap,,,200000,2.77,0.886,0.0142,PDS2091BGF2,12.82,S2091B,S2091,measured
S2091B GFB,S2091B,S2091,s2091,JONES et al./SAWYER,flap,,,200000,4.31,1.04,0.0155,PDS2091BGF2,12.82,S2091B,S2091,measured
S2091B GFB,S2091B,S2091,s2091,JONES et al./SAWYER,flap,,,200000,5.85,1.187,0.0175,PDS2091BGF2,12.82,S2091B,S2091,measured
S2091B GFB,S2091B,S2091,s2091,JONES et al./SAWYER,flap,,,200000,7.37,1.318,0.0206,PDS2091BGF2,12.82,S2091B,S2091,measured
S2091B GFB,S2091B,S2091,s2091,JONES et al./SAWYER,flap,,,200000,8.9,1.444,0.0242,PDS2091BGF2,12.82,S2091B,S2091,measured
S2091B GFB,S2091B,S2091,s2091,JONES et al./SAWYER,flap,,,200000,10.42,1.522,0.0309,PDS2091BGF2,12.82,S2091B,S2091,measured
S2091B GFB,S2091B,S2091,s2091,JONES et al./SAWYER,flap,,,200000,11.9,1.468,0.0604,PDS2091BGF2,12.82,S2091B,S2091,measured
S2091B GFB,S2091B,S2091,s2091,JONES et al./SAWYER,flap,,,200000,13.39,1.379,0.1139,PDS2091BGF2,12.82,S2091B,S2091,measured
S2091B GFB,S2091B,S2091,s2091,JONES et al./SAWYER,flap,,,298500,-4.89,0.124,0.0133,PDS2091BGF2,12.82,S2091B,S2091,measured
S2091B GFB,S2091B,S2091,s2091,JONES et al./SAWYER,flap,,,298500,-3.9,0.238,0.0117,PDS2091BGF2,12.82,S2091B,S2091,measured
S2091B GFB,S2091B,S2091,s2091,JONES et al./SAWYER,flap,,,298500,-2.84,0.354,0.011,PDS2091BGF2,12.82,S2091B,S2091,measured
S2091B GFB,S2091B,S2091,s2091,JONES et al./SAWYER,flap,,,298500,-1.8,0.476,0.0105,PDS2091BGF2,12.82,S2091B,S2091,measured
S2091B GFB,S2091B,S2091,s2091,JONES et al./SAWYER,flap,,,298500,-0.82,0.559,0.01,PDS2091BGF2,12.82,S2091B,S2091,measured
S2091B GFB,S2091B,S2091,s2091,JONES et al./SAWYER,flap,,,298500,0.18,0.62,0.0101,PDS2091BGF2,12.82,S2091B,S2091,measured
S2091B GFB,S2091B,S2091,s2091,JONES et al./SAWYER,flap,,,298500,1.2,0.736,0.0104,PDS2091BGF2,12.82,S2091B,S2091,measured
S2091B GFB,S2091B,S2091,s2091,JONES et al./SAWYER,flap,,,298500,2.26,0.851,0.0115,PDS2091BGF2,12.82,S2091B,S2091,measured
S2091B GFB,S2091B,S2091,s2091,JONES et al./SAWYER,flap,,,298500,3.26,0.956,0.0125,PDS2091BGF2,12.82,S2091B,S2091,measured
S2091B GFB,S2091B,S2091,s2091,JONES et al./SAWYER,flap,,,298500,4.3,1.058,0.0138,PDS2091BGF2,12.82,S2091B,S2091,measured
S2091B GFB,S2091B,S2091,s2091,JONES et al./SAWYER,flap,,,298500,5.31,1.153,0.015,PDS2091BGF2,12.82,S2091B,S2091,measured
S2091B GFB,S2091B,S2091,s2091,JONES et al./SAWYER,flap,,,298500,6.34,1.247,0.0164,PDS2091BGF2,12.82,S2091B,S2091,measured
S2091B GFB,S2091B,S2091,s2091,JONES et al./SAWYER,flap,,,298500,7.38,1.334,0.0182,PDS2091BGF2,12.82,S2091B,S2091,measured
S2091B GFB,S2091B,S2091,s2091,JONES et al./SAWYER,flap,,,298500,8.38,1.414,0.0207,PDS2091BGF2,12.82,S2091B,S2091,measured
S2091B GFB,S2091B,S2091,s2091,JONES et al./SAWYER,flap,,,298500,9.39,1.482,0.0237,PDS2091BGF2,12.82,S2091B,S2091,measured
S2091B GFB,S2091B,S2091,s2091,JONES et al./SAWYER,flap,,,298500,10.42,1.523,0.0282,PDS2091BGF2,12.82,S2091B,S2091,measured
S2091B GFB,S2091B,S2091,s2091,JONES et al./SAWYER,flap,,,298500,11.42,1.504,0.0427,PDS2091BGF2,12.82,S2091B,S2091,measured
S2091B GFB,S2091B,S2091,s2091,JONES et al./SAWYER,flap,,,298500,12.38,1.437,0.0861,PDS2091BGF2,12.82,S2091B,S2091,measured
S2091B GFC,S2091B,S2091,s2091,JONES et al./SAWYER,flap,,,99800,-3.78,0.537,0.0245,PDS2091BGF3,12.83,S2091B,S2091,measured
S2091B GFC,S2091B,S2091,s2091,JONES et al./SAWYER,flap,,,99800,-2.77,0.64,0.0249,PDS2091BGF3,12.83,S2091B,S2091,measured
S2091B GFC,S2091B,S2091,s2091,JONES et al./SAWYER,flap,,,99800,-1.76,0.705,0.0234,PDS2091BGF3,12.83,S2091B,S2091,measured
S2091B GFC,S2091B,S2091,s2091,JONES et al./SAWYER,flap,,,99800,-1.01,0.764,0.0223,PDS2091BGF3,12.83,S2091B,S2091,measured
S2091B GFC,S2091B,S2091,s2091,JONES et al./SAWYER,flap,,,99800,-0.23,0.838,0.0212,PDS2091BGF3,12.83,S2091B,S2091,measured
S2091B GFC,S2091B,S2091,s2091,JONES et al./SAWYER,flap,,,99800,0.54,0.909,0.0246,PDS2091BGF3,12.83,S2091B,S2091,measured
S2091B GFC,S2091B,S2091,s2091,JONES et al./SAWYER,flap,,,99800,1.29,0.997,0.0256,PDS2091BGF3,12.83,S2091B,S2091,measured
S2091B GFC,S2091B,S2091,s2091,JONES et al./SAWYER,flap,,,99800,2.32,1.073,0.0254,PDS2091BGF3,12.83,S2091B,S2091,measured
S2091B GFC,S2091B,S2091,s2091,JONES et al./SAWYER,flap,,,99800,3.36,1.184,0.0285,PDS2091BGF3,12.83,S2091B,S2091,measured
S2091B GFC,S2091B,S2091,s2091,JONES et al./SAWYER,flap,,,99800,4.36,1.277,0.0295,PDS2091BGF3,12.83,S2091B,S2091,measured
S2091B GFC,S2091B,S2091,s2091,JONES et al./SAWYER,flap,,,99800,5.39,1.381,0.0297,PDS2091BGF3,12.83,S2091B,S2091,measured
S2091B GFC,S2091B,S2091,s2091,JONES et al./SAWYER,flap,,,99800,6.4,1.451,0.0314,PDS2091BGF3,12.83,S2091B,S2091,measured
S2091B GFC,S2091B,S2091,s2091,JONES et al./SAWYER,flap,,,99800,7.42,1.516,0.0339,PDS2091BGF3,12.83,S2091B,S2091,measured
S2091B GFC,S2091B,S2091,s2091,JONES et al./SAWYER,flap,,,99800,8.43,1.586,0.0346,PDS2091BGF3,12.83,S2091B,S2091,measured
S2091B GFC,S2091B,S2091,s2091,JONES et al./SAWYER,flap,,,99800,9.44,1.64,0.0464,PDS2091BGF3,12.83,S2091B,S2091,measured
S2091B GFC,S2091B,S2091,s2091,JONES et al./SAWYER,flap,,,99800,10.44,1.632,0.0465,PDS2091BGF3,12.83,S2091B,S2091,measured
S2091B GFC,S2091B,S2091,s2091,JONES et al./SAWYER,flap,,,99800,11.44,1.597,0.0565,PDS2091BGF3,12.83,S2091B,S2091,measured
S2091B GFC,S2091B,S2091,s2091,JONES et al./SAWYER,flap,,,99800,12.35,1.122,0.2719,PDS2091BGF3,12.83,S2091B,S2091,measured
S2091B GFC,S2091B,S2091,s2091,JONES et al./SAWYER,flap,,,199300,-3.8,0.565,0.0247,PDS2091BGF3,12.83,S2091B,S2091,measured
S2091B GFC,S2091B,S2091,s2091,JONES et al./SAWYER,flap,,,199300,-2.78,0.681,0.0233,PDS2091BGF3,12.83,S2091B,S2091,measured
S2091B GFC,S2091B,S2091,s2091,JONES et al./SAWYER,flap,,,199300,-1.75,0.765,0.024,PDS2091BGF3,12.83,S2091B,S2091,measured
S2091B GFC,S2091B,S2091,s2091,JONES et al./SAWYER,flap,,,199300,-1.0,0.808,0.024,PDS2091BGF3,12.83,S2091B,S2091,measured
S2091B GFC,S2091B,S2091,s2091,JONES et al./SAWYER,flap,,,199300,-0.24,0.839,0.0227,PDS2091BGF3,12.83,S2091B,S2091,measured
S2091B GFC,S2091B,S2091,s2091,JONES et al./SAWYER,flap,,,199300,0.51,0.892,0.0216,PDS2091BGF3,12.83,S2091B,S2091,measured
S2091B GFC,S2091B,S2091,s2091,JONES et al./SAWYER,flap,,,199300,1.28,0.965,0.0202,PDS2091BGF3,12.83,S2091B,S2091,measured
S2091B GFC,S2091B,S2091,s2091,JONES et al./SAWYER,flap,,,199300,2.31,1.072,0.0213,PDS2091BGF3,12.83,S2091B,S2091,measured
S2091B GFC,S2091B,S2091,s2091,JONES et al./SAWYER,flap,,,199300,3.35,1.18,0.0217,PDS2091BGF3,12.83,S2091B,S2091,measured
S2091B GFC,S2091B,S2091,s2091,JONES et al./SAWYER,flap,,,199300,4.37,1.28,0.0231,PDS2091BGF3,12.83,S2091B,S2091,measured
S2091B GFC,S2091B,S2091,s2091,JONES et al./SAWYER,flap,,,199300,5.38,1.373,0.0244,PDS2091BGF3,12.83,S2091B,S2091,measured
S2091B GFC,S2091B,S2091,s2091,JONES et al./SAWYER,flap,,,199300,6.4,1.462,0.0264,PDS2091BGF3,12.83,S2091B,S2091,measured
S2091B GFC,S2091B,S2091,s2091,JONES et al./SAWYER,flap,,,199300,7.41,1.545,0.0282,PDS2091BGF3,12.83,S2091B,S2091,measured
S2091B GFC,S2091B,S2091,s2091,JONES et al./SAWYER,flap,,,199300,8.43,1.621,0.0315,PDS2091BGF3,12.83,S2091B,S2091,measured
S2091B GFC,S2091B,S2091,s2091,JONES et al./SAWYER,flap,,,199300,9.45,1.669,0.0371,PDS2091BGF3,12.83,S2091B,S2091,measured
S2091B GFC,S2091B,S2091,s2091,JONES et al./SAWYER,flap,,,199300,10.45,1.645,0.0486,PDS2091BGF3,12.83,S2091B,S2091,measured
S2091B GFC,S2091B,S2091,s2091,JONES et al./SAWYER,flap,,,302700,-3.8,0.553,0.0232,PDS2091BGF3,12.83,S2091B,S2091,measured
S2091B GFC,S2091B,S2091,s2091,JONES et al./SAWYER,flap,,,302700,-2.79,0.68,0.0244,PDS2091BGF3,12.83,S2091B,S2091,measured
S2091B GFC,S2091B,S2091,s2091,JONES et al./SAWYER,flap,,,302700,-1.74,0.793,0.0245,PDS2091BGF3,12.83,S2091B,S2091,measured
S2091B GFC,S2091B,S2091,s2091,JONES et al./SAWYER,flap,,,302700,-0.98,0.863,0.0249,PDS2091BGF3,12.83,S2091B,S2091,measured
S2091B GFC,S2091B,S2091,s2091,JONES et al./SAWYER,flap,,,302700,-0.22,0.921,0.0244,PDS2091BGF3,12.83,S2091B,S2091,measured
S2091B GFC,S2091B,S2091,s2091,JONES et al./SAWYER,flap,,,302700,0.52,0.966,0.0231,PDS2091BGF3,12.83,S2091B,S2091,measured
S2091B GFC,S2091B,S2091,s2091,JONES et al./SAWYER,flap,,,302700,1.31,1.014,0.0235,PDS2091BGF3,12.83,S2091B,S2091,measured
S2091B GFC,S2091B,S2091,s2091,JONES et al./SAWYER,flap,,,302700,2.32,1.099,0.0221,PDS2091BGF3,12.83,S2091B,S2091,measured
S2091B GFC,S2091B,S2091,s2091,JONES et al./SAWYER,flap,,,302700,3.32,1.191,0.0203,PDS2091BGF3,12.83,S2091B,S2091,measured
S2091B GFC,S2091B,S2091,s2091,JONES et al./SAWYER,flap,,,302700,4.33,1.286,0.0207,PDS2091BGF3,12.83,S2091B,S2091,measured
S2091B GFC,S2091B,S2091,s2091,JONES et al./SAWYER,flap,,,302700,5.36,1.382,0.0223,PDS2091BGF3,12.83,S2091B,S2091,measured
S2091B GFC,S2091B,S2091,s2091,JONES et al./SAWYER,flap,,,302700,6.37,1.468,0.0237,PDS2091BGF3,12.83,S2091B,S2091,measured
S2091B GFC,S2091B,S2091,s2091,JONES et al./SAWYER,flap,,,302700,7.33,1.543,0.0259,PDS2091BGF3,12.83,S2091B,S2091,measured
S2091B GFC,S2091B,S2091,s2091,JONES et al./SAWYER,flap,,,302700,8.39,1.619,0.0282,PDS2091BGF3,12.83,S2091B,S2091,measured
S2091B GFC,S2091B,S2091,s2091,JONES et al./SAWYER,flap,,,302700,9.42,1.67,0.0339,PDS2091BGF3,12.83,S2091B,S2091,measured
S2091B GFC,S2091B,S2091,s2091,JONES et al./SAWYER,flap,,,302700,10.42,1.657,0.0479,PDS2091BGF3,12.83,S2091B,S2091,measured
S2091B GFC,S2091B,S2091,s2091,JONES et al./SAWYER,flap,,,302700,11.42,1.558,0.0988,PDS2091BGF3,12.83,S2091B,S2091,measured
S3010,S3010,S3010,s3010,SAWYER/NANKIVIL,clean,,,60900,-2.96,-0.084,0.0172,PDS3010,12.85,S3010,S3010,measured
S3010,S3010,S3010,s3010,SAWYER/NANKIVIL,clean,,,60900,-1.41,0.133,0.0167,PDS3010,12.85,S3010,S3010,measured
S3010,S3010,S3010,s3010,SAWYER/NANKIVIL,clean,,,60900,0.14,0.329,0.0218,PDS3010,12.85,S3010,S3010,measured
S3010,S3010,S3010,s3010,SAWYER/NANKIVIL,clean,,,60900,1.69,0.468,0.0236,PDS3010,12.85,S3010,S3010,measured
S3010,S3010,S3010,s3010,SAWYER/NANKIVIL,clean,,,60900,3.23,0.594,0.0268,PDS3010,12.85,S3010,S3010,measured
S3010,S3010,S3010,s3010,SAWYER/NANKIVIL,clean,,,60900,4.73,0.719,0.028,PDS3010,12.85,S3010,S3010,measured
S3010,S3010,S3010,s3010,SAWYER/NANKIVIL,clean,,,60900,6.28,0.844,0.028,PDS3010,12.85,S3010,S3010,measured
S3010,S3010,S3010,s3010,SAWYER/NANKIVIL,clean,,,60900,7.79,0.951,0.0357,PDS3010,12.85,S3010,S3010,measured
S3010,S3010,S3010,s3010,SAWYER/NANKIVIL,clean,,,60900,9.32,1.042,0.0353,PDS3010,12.85,S3010,S3010,measured
S3010,S3010,S3010,s3010,SAWYER/NANKIVIL,clean,,,60900,10.82,1.091,0.0411,PDS3010,12.85,S3010,S3010,measured
S3010,S3010,S3010,s3010,SAWYER/NANKIVIL,clean,,,100500,-3.95,-0.142,0.0171,PDS3010,12.85,S3010,S3010,measured
S3010,S3010,S3010,s3010,SAWYER/NANKIVIL,clean,,,100500,-2.9,0.003,0.0145,PDS3010,12.85,S3010,S3010,measured
S3010,S3010,S3010,s3010,SAWYER/NANKIVIL,clean,,,100500,-1.89,0.128,0.0132,PDS3010,12.85,S3010,S3010,measured
S3010,S3010,S3010,s3010,SAWYER/NANKIVIL,clean,,,100500,-0.86,0.235,0.0135,PDS3010,12.85,S3010,S3010,measured
S3010,S3010,S3010,s3010,SAWYER/NANKIVIL,clean,,,100500,0.15,0.324,0.014,PDS3010,12.85,S3010,S3010,measured
S3010,S3010,S3010,s3010,SAWYER/NANKIVIL,clean,,,100500,1.17,0.421,0.015,PDS3010,12.85,S3010,S3010,measured
S3010,S3010,S3010,s3010,SAWYER/NANKIVIL,clean,,,100500,2.19,0.517,0.0158,PDS3010,12.85,S3010,S3010,measured
S3010,S3010,S3010,s3010,SAWYER/NANKIVIL,clean,,,100500,3.22,0.618,0.0161,PDS3010,12.85,S3010,S3010,measured
S3010,S3010,S3010,s3010,SAWYER/NANKIVIL,clean,,,100500,4.24,0.713,0.017,PDS3010,12.85,S3010,S3010,measured
S3010,S3010,S3010,s3010,SAWYER/NANKIVIL,clean,,,100500,5.25,0.801,0.0178,PDS3010,12.85,S3010,S3010,measured
S3010,S3010,S3010,s3010,SAWYER/NANKIVIL,clean,,,100500,6.27,0.89,0.0213,PDS3010,12.85,S3010,S3010,measured
S3010,S3010,S3010,s3010,SAWYER/NANKIVIL,clean,,,100500,7.3,0.972,0.0237,PDS3010,12.85,S3010,S3010,measured
S3010,S3010,S3010,s3010,SAWYER/NANKIVIL,clean,,,100500,8.32,1.051,0.0256,PDS3010,12.85,S3010,S3010,measured
S3010,S3010,S3010,s3010,SAWYER/NANKIVIL,clean,,,100500,9.32,1.12,0.0305,PDS3010,12.85,S3010,S3010,measured
S3010,S3010,S3010,s3010,SAWYER/NANKIVIL,clean,,,100500,10.34,1.148,0.0332,PDS3010,12.85,S3010,S3010,measured
S3010,S3010,S3010,s3010,SAWYER/NANKIVIL,clean,,,100500,11.34,1.148,0.048,PDS3010,12.85,S3010,S3010,measured
S3010,S3010,S3010,s3010,SAWYER/NANKIVIL,clean,,,147400,-3.92,-0.078,0.0132,PDS3010,12.85,S3010,S3010,measured
S3010,S3010,S3010,s3010,SAWYER/NANKIVIL,clean,,,147400,-2.4,0.071,0.0116,PDS3010,12.85,S3010,S3010,measured
S3010,S3010,S3010,s3010,SAWYER/NANKIVIL,clean,,,147400,-0.87,0.208,0.0115,PDS3010,12.85,S3010,S3010,measured
S3010,S3010,S3010,s3010,SAWYER/NANKIVIL,clean,,,147400,0.66,0.365,0.0113,PDS3010,12.85,S3010,S3010,measured
S3010,S3010,S3010,s3010,SAWYER/NANKIVIL,clean,,,147400,2.18,0.522,0.0117,PDS3010,12.85,S3010,S3010,measured
S3010,S3010,S3010,s3010,SAWYER/NANKIVIL,clean,,,147400,3.73,0.676,0.0135,PDS3010,12.85,S3010,S3010,measured
S3010,S3010,S3010,s3010,SAWYER/NANKIVIL,clean,,,147400,5.26,0.822,0.0155,PDS3010,12.85,S3010,S3010,measured
S3010,S3010,S3010,s3010,SAWYER/NANKIVIL,clean,,,147400,6.81,0.959,0.0183,PDS3010,12.85,S3010,S3010,measured
S3010,S3010,S3010,s3010,SAWYER/NANKIVIL,clean,,,147400,8.31,1.084,0.0223,PDS3010,12.85,S3010,S3010,measured
S3010,S3010,S3010,s3010,SAWYER/NANKIVIL,clean,,,147400,9.85,1.167,0.0277,PDS3010,12.85,S3010,S3010,measured
S3010,S3010,S3010,s3010,SAWYER/NANKIVIL,clean,,,147400,11.34,1.167,0.0401,PDS3010,12.85,S3010,S3010,measured
S3010,S3010,S3010,s3010,SAWYER/NANKIVIL,clean,,,147400,12.85,1.147,0.0601,PDS3010,12.85,S3010,S3010,measured
S3010,S3010,S3010,s3010,SAWYER/NANKIVIL,clean,,,147400,14.28,0.857,0.2484,PDS3010,12.85,S3010,S3010,measured
S3010,S3010,S3010,s3010,SAWYER/NANKIVIL,clean,,,203900,-3.92,-0.09,0.0126,PDS3010,12.85,S3010,S3010,measured
S3010,S3010,S3010,s3010,SAWYER/NANKIVIL,clean,,,203900,-2.41,0.045,0.0112,PDS3010,12.85,S3010,S3010,measured
S3010,S3010,S3010,s3010,SAWYER/NANKIVIL,clean,,,203900,-0.88,0.185,0.0094,PDS3010,12.85,S3010,S3010,measured
S3010,S3010,S3010,s3010,SAWYER/NANKIVIL,clean,,,203900,0.67,0.356,0.0094,PDS3010,12.85,S3010,S3010,measured
S3010,S3010,S3010,s3010,SAWYER/NANKIVIL,clean,,,203900,2.2,0.512,0.0099,PDS3010,12.85,S3010,S3010,measured
S3010,S3010,S3010,s3010,SAWYER/NANKIVIL,clean,,,203900,3.71,0.664,0.0124,PDS3010,12.85,S3010,S3010,measured
S3010,S3010,S3010,s3010,SAWYER/NANKIVIL,clean,,,203900,5.25,0.811,0.0139,PDS3010,12.85,S3010,S3010,measured
S3010,S3010,S3010,s3010,SAWYER/NANKIVIL,clean,,,203900,6.78,0.948,0.0159,PDS3010,12.85,S3010,S3010,measured
S3010,S3010,S3010,s3010,SAWYER/NANKIVIL,clean,,,203900,8.31,1.075,0.0193,PDS3010,12.85,S3010,S3010,measured
S3010,S3010,S3010,s3010,SAWYER/NANKIVIL,clean,,,203900,9.85,1.159,0.0253,PDS3010,12.85,S3010,S3010,measured
S3010,S3010,S3010,s3010,SAWYER/NANKIVIL,clean,,,203900,11.34,1.166,0.0345,PDS3010,12.85,S3010,S3010,measured
S3010,S3010,S3010,s3010,SAWYER/NANKIVIL,clean,,,203900,12.84,1.147,0.0564,PDS3010,12.85,S3010,S3010,measured
S3010,S3010,S3010,s3010,SAWYER/NANKIVIL,clean,,,203900,14.32,1.116,0.0738,PDS3010,12.85,S3010,S3010,measured
S3010,S3010,S3010,s3010,SAWYER/NANKIVIL,clean,,,301000,-3.98,-0.105,0.0114,PDS3010,12.85,S3010,S3010,measured
S3010,S3010,S3010,s3010,SAWYER/NANKIVIL,clean,,,301000,-2.94,-0.004,0.0105,PDS3010,12.85,S3010,S3010,measured
S3010,S3010,S3010,s3010,SAWYER/NANKIVIL,clean,,,301000,-1.91,0.099,0.0092,PDS3010,12.85,S3010,S3010,measured
S3010,S3010,S3010,s3010,SAWYER/NANKIVIL,clean,,,301000,-0.92,0.197,0.0085,PDS3010,12.85,S3010,S3010,measured
S3010,S3010,S3010,s3010,SAWYER/NANKIVIL,clean,,,301000,0.14,0.307,0.0077,PDS3010,12.85,S3010,S3010,measured
S3010,S3010,S3010,s3010,SAWYER/NANKIVIL,clean,,,301000,1.14,0.416,0.0081,PDS3010,12.85,S3010,S3010,measured
S3010,S3010,S3010,s3010,SAWYER/NANKIVIL,clean,,,301000,2.18,0.525,0.0087,PDS3010,12.85,S3010,S3010,measured
S3010,S3010,S3010,s3010,SAWYER/NANKIVIL,clean,,,301000,3.19,0.626,0.0098,PDS3010,12.85,S3010,S3010,measured
S3010,S3010,S3010,s3010,SAWYER/NANKIVIL,clean,,,301000,4.24,0.732,0.0109,PDS3010,12.85,S3010,S3010,measured
S3010,S3010,S3010,s3010,SAWYER/NANKIVIL,clean,,,301000,5.25,0.829,0.0122,PDS3010,12.85,S3010,S3010,measured
S3010,S3010,S3010,s3010,SAWYER/NANKIVIL,clean,,,301000,6.28,0.923,0.0137,PDS3010,12.85,S3010,S3010,measured
S3010,S3010,S3010,s3010,SAWYER/NANKIVIL,clean,,,301000,7.29,1.01,0.0155,PDS3010,12.85,S3010,S3010,measured
S3010,S3010,S3010,s3010,SAWYER/NANKIVIL,clean,,,301000,8.32,1.091,0.0179,PDS3010,12.85,S3010,S3010,measured
S3010,S3010,S3010,s3010,SAWYER/NANKIVIL,clean,,,301000,9.34,1.153,0.0214,PDS3010,12.85,S3010,S3010,measured
S3010,S3010,S3010,s3010,SAWYER/NANKIVIL,clean,,,301000,10.34,1.182,0.0284,PDS3010,12.85,S3010,S3010,measured
S3010,S3010,S3010,s3010,SAWYER/NANKIVIL,clean,,,301000,11.33,1.175,0.0314,PDS3010,12.85,S3010,S3010,measured
S3014,S3014,S3014,s3014,ALLEN,clean,,,62000,-3.93,-0.128,0.0193,PDS3014,12.87,S3014,S3014,measured
S3014,S3014,S3014,s3014,ALLEN,clean,,,62000,-2.92,-0.042,0.014,PDS3014,12.87,S3014,S3014,measured
S3014,S3014,S3014,s3014,ALLEN,clean,,,62000,-1.89,0.066,0.0167,PDS3014,12.87,S3014,S3014,measured
S3014,S3014,S3014,s3014,ALLEN,clean,,,62000,-0.86,0.217,0.0193,PDS3014,12.87,S3014,S3014,measured
S3014,S3014,S3014,s3014,ALLEN,clean,,,62000,0.17,0.367,0.0227,PDS3014,12.87,S3014,S3014,measured
S3014,S3014,S3014,s3014,ALLEN,clean,,,62000,1.21,0.495,0.0247,PDS3014,12.87,S3014,S3014,measured
S3014,S3014,S3014,s3014,ALLEN,clean,,,62000,2.23,0.59,0.0237,PDS3014,12.87,S3014,S3014,measured
S3014,S3014,S3014,s3014,ALLEN,clean,,,62000,3.25,0.685,0.0232,PDS3014,12.87,S3014,S3014,measured
S3014,S3014,S3014,s3014,ALLEN,clean,,,62000,4.27,0.774,0.0216,PDS3014,12.87,S3014,S3014,measured
S3014,S3014,S3014,s3014,ALLEN,clean,,,62000,5.28,0.857,0.0259,PDS3014,12.87,S3014,S3014,measured
S3014,S3014,S3014,s3014,ALLEN,clean,,,62000,6.29,0.935,0.0216,PDS3014,12.87,S3014,S3014,measured
S3014,S3014,S3014,s3014,ALLEN,clean,,,62000,7.32,1.007,0.0322,PDS3014,12.87,S3014,S3014,measured
S3014,S3014,S3014,s3014,ALLEN,clean,,,62000,8.33,1.073,0.0316,PDS3014,12.87,S3014,S3014,measured
S3014,S3014,S3014,s3014,ALLEN,clean,,,62000,9.34,1.129,0.0382,PDS3014,12.87,S3014,S3014,measured
S3014,S3014,S3014,s3014,ALLEN,clean,,,62000,10.35,1.158,0.0477,PDS3014,12.87,S3014,S3014,measured
S3014,S3014,S3014,s3014,ALLEN,clean,,,99900,-3.93,-0.104,0.0171,PDS3014,12.87,S3014,S3014,measured
S3014,S3014,S3014,s3014,ALLEN,clean,,,99900,-2.89,0.026,0.0141,PDS3014,12.87,S3014,S3014,measured
S3014,S3014,S3014,s3014,ALLEN,clean,,,99900,-1.87,0.171,0.0157,PDS3014,12.87,S3014,S3014,measured
S3014,S3014,S3014,s3014,ALLEN,clean,,,99900,-0.84,0.301,0.0162,PDS3014,12.87,S3014,S3014,measured
S3014,S3014,S3014,s3014,ALLEN,clean,,,99900,0.17,0.394,0.0176,PDS3014,12.87,S3014,S3014,measured
S3014,S3014,S3014,s3014,ALLEN,clean,,,99900,1.2,0.481,0.0181,PDS3014,12.87,S3014,S3014,measured
S3014,S3014,S3014,s3014,ALLEN,clean,,,99900,2.23,0.569,0.0174,PDS3014,12.87,S3014,S3014,measured
S3014,S3014,S3014,s3014,ALLEN,clean,,,99900,3.24,0.661,0.0177,PDS3014,12.87,S3014,S3014,measured
S3014,S3014,S3014,s3014,ALLEN,clean,,,99900,4.26,0.75,0.0181,PDS3014,12.87,S3014,S3014,measured
S3014,S3014,S3014,s3014,ALLEN,clean,,,99900,5.28,0.836,0.0193,PDS3014,12.87,S3014,S3014,measured
S3014,S3014,S3014,s3014,ALLEN,clean,,,99900,6.3,0.916,0.0217,PDS3014,12.87,S3014,S3014,measured
S3014,S3014,S3014,s3014,ALLEN,clean,,,99900,7.31,0.992,0.0244,PDS3014,12.87,S3014,S3014,measured
S3014,S3014,S3014,s3014,ALLEN,clean,,,99900,8.32,1.061,0.0282,PDS3014,12.87,S3014,S3014,measured
S3014,S3014,S3014,s3014,ALLEN,clean,,,99900,9.34,1.118,0.0322,PDS3014,12.87,S3014,S3014,measured
S3014,S3014,S3014,s3014,ALLEN,clean,,,99900,10.35,1.148,0.0397,PDS3014,12.87,S3014,S3014,measured
S3014,S3014,S3014,s3014,ALLEN,clean,,,99900,11.35,1.132,0.0566,PDS3014,12.87,S3014,S3014,measured
S3014,S3014,S3014,s3014,ALLEN,clean,,,151500,-3.91,-0.011,0.0139,PDS3014,12.87,S3014,S3014,measured
S3014,S3014,S3014,s3014,ALLEN,clean,,,151500,-2.88,0.086,0.0118,PDS3014,12.87,S3014,S3014,measured
S3014,S3014,S3014,s3014,ALLEN,clean,,,151500,0.17,0.381,0.0125,PDS3014,12.87,S3014,S3014,measured
S3014,S3014,S3014,s3014,ALLEN,clean,,,151500,2.22,0.577,0.0131,PDS3014,12.87,S3014,S3014,measured
S3014,S3014,S3014,s3014,ALLEN,clean,,,151500,4.27,0.772,0.0144,PDS3014,12.87,S3014,S3014,measured
S3014,S3014,S3014,s3014,ALLEN,clean,,,151500,6.3,0.948,0.0182,PDS3014,12.87,S3014,S3014,measured
S3014,S3014,S3014,s3014,ALLEN,clean,,,151500,7.31,1.015,0.0202,PDS3014,12.87,S3014,S3014,measured
S3014,S3014,S3014,s3014,ALLEN,clean,,,151500,8.33,1.086,0.023,PDS3014,12.87,S3014,S3014,measured
S3014,S3014,S3014,s3014,ALLEN,clean,,,151500,9.34,1.158,0.0263,PDS3014,12.87,S3014,S3014,measured
S3014,S3014,S3014,s3014,ALLEN,clean,,,151500,10.35,1.188,0.0327,PDS3014,12.87,S3014,S3014,measured
S3014,S3014,S3014,s3014,ALLEN,clean,,,151500,11.34,1.166,0.0493,PDS3014,12.87,S3014,S3014,measured
S3014,S3014,S3014,s3014,ALLEN,clean,,,200800,-3.92,-0.019,0.0127,PDS3014,12.87,S3014,S3014,measured
S3014,S3014,S3014,s3014,ALLEN,clean,,,200800,-2.9,0.065,0.0115,PDS3014,12.87,S3014,S3014,measured
S3014,S3014,S3014,s3014,ALLEN,clean,,,200800,-1.88,0.168,0.0098,PDS3014,12.87,S3014,S3014,measured
S3014,S3014,S3014,s3014,ALLEN,clean,,,200800,-0.85,0.268,0.0099,PDS3014,12.87,S3014,S3014,measured
S3014,S3014,S3014,s3014,ALLEN,clean,,,200800,0.17,0.369,0.01,PDS3014,12.87,S3014,S3014,measured
S3014,S3014,S3014,s3014,ALLEN,clean,,,200800,1.19,0.47,0.0104,PDS3014,12.87,S3014,S3014,measured
S3014,S3014,S3014,s3014,ALLEN,clean,,,200800,2.21,0.554,0.0105,PDS3014,12.87,S3014,S3014,measured
S3014,S3014,S3014,s3014,ALLEN,clean,,,200800,3.24,0.651,0.0111,PDS3014,12.87,S3014,S3014,measured
S3014,S3014,S3014,s3014,ALLEN,clean,,,200800,4.26,0.747,0.0121,PDS3014,12.87,S3014,S3014,measured
S3014,S3014,S3014,s3014,ALLEN,clean,,,200800,5.27,0.837,0.0137,PDS3014,12.87,S3014,S3014,measured
S3014,S3014,S3014,s3014,ALLEN,clean,,,200800,6.3,0.925,0.0156,PDS3014,12.87,S3014,S3014,measured
S3014,S3014,S3014,s3014,ALLEN,clean,,,200800,7.31,1.011,0.018,PDS3014,12.87,S3014,S3014,measured
S3014,S3014,S3014,s3014,ALLEN,clean,,,200800,8.34,1.091,0.0205,PDS3014,12.87,S3014,S3014,measured
S3014,S3014,S3014,s3014,ALLEN,clean,,,200800,9.35,1.16,0.023,PDS3014,12.87,S3014,S3014,measured
S3014,S3014,S3014,s3014,ALLEN,clean,,,200800,10.36,1.189,0.0302,PDS3014,12.87,S3014,S3014,measured
S3014,S3014,S3014,s3014,ALLEN,clean,,,200800,11.36,1.169,0.0434,PDS3014,12.87,S3014,S3014,measured
S3014,S3014,S3014,s3014,ALLEN,clean,,,303700,-2.89,0.044,0.0105,PDS3014,12.87,S3014,S3014,measured
S3014,S3014,S3014,s3014,ALLEN,clean,,,303700,-1.88,0.138,0.0087,PDS3014,12.87,S3014,S3014,measured
S3014,S3014,S3014,s3014,ALLEN,clean,,,303700,-0.99,0.242,0.0082,PDS3014,12.87,S3014,S3014,measured
S3014,S3014,S3014,s3014,ALLEN,clean,,,303700,0.17,0.34,0.008,PDS3014,12.87,S3014,S3014,measured
S3014,S3014,S3014,s3014,ALLEN,clean,,,303700,1.19,0.447,0.0084,PDS3014,12.87,S3014,S3014,measured
S3014,S3014,S3014,s3014,ALLEN,clean,,,303700,2.22,0.551,0.0088,PDS3014,12.87,S3014,S3014,measured
S3014,S3014,S3014,s3014,ALLEN,clean,,,303700,3.23,0.65,0.0096,PDS3014,12.87,S3014,S3014,measured
S3014,S3014,S3014,s3014,ALLEN,clean,,,303700,4.26,0.747,0.0109,PDS3014,12.87,S3014,S3014,measured
S3014,S3014,S3014,s3014,ALLEN,clean,,,303700,5.28,0.837,0.0124,PDS3014,12.87,S3014,S3014,measured
S3014,S3014,S3014,s3014,ALLEN,clean,,,303700,6.29,0.923,0.0141,PDS3014,12.87,S3014,S3014,measured
S3014,S3014,S3014,s3014,ALLEN,clean,,,303700,7.31,1.008,0.016,PDS3014,12.87,S3014,S3014,measured
S3016,S3016,S3016,s3016,ARANA,clean,,,59100,-3.98,-0.293,0.0238,PDS3016,12.89,S3016,S3016,measured
S3016,S3016,S3016,s3016,ARANA,clean,,,59100,-2.96,-0.235,0.0196,PDS3016,12.89,S3016,S3016,measured
S3016,S3016,S3016,s3016,ARANA,clean,,,59100,-1.94,-0.144,0.0143,PDS3016,12.89,S3016,S3016,measured
S3016,S3016,S3016,s3016,ARANA,clean,,,59100,-0.9,-0.013,0.0162,PDS3016,12.89,S3016,S3016,measured
S3016,S3016,S3016,s3016,ARANA,clean,,,59100,0.13,0.159,0.0174,PDS3016,12.89,S3016,S3016,measured
S3016,S3016,S3016,s3016,ARANA,clean,,,59100,1.15,0.293,0.0189,PDS3016,12.89,S3016,S3016,measured
S3016,S3016,S3016,s3016,ARANA,clean,,,59100,2.19,0.394,0.022,PDS3016,12.89,S3016,S3016,measured
S3016,S3016,S3016,s3016,ARANA,clean,,,59100,3.2,0.479,0.0219,PDS3016,12.89,S3016,S3016,measured
S3016,S3016,S3016,s3016,ARANA,clean,,,59100,4.21,0.565,0.0213,PDS3016,12.89,S3016,S3016,measured
S3016,S3016,S3016,s3016,ARANA,clean,,,59100,5.24,0.665,0.0211,PDS3016,12.89,S3016,S3016,measured
S3016,S3016,S3016,s3016,ARANA,clean,,,59100,6.25,0.745,0.023,PDS3016,12.89,S3016,S3016,measured
S3016,S3016,S3016,s3016,ARANA,clean,,,59100,7.27,0.819,0.0281,PDS3016,12.89,S3016,S3016,measured
S3016,S3016,S3016,s3016,ARANA,clean,,,59100,8.28,0.866,0.0359,PDS3016,12.89,S3016,S3016,measured
S3016,S3016,S3016,s3016,ARANA,clean,,,59100,9.3,0.928,0.0429,PDS3016,12.89,S3016,S3016,measured
S3016,S3016,S3016,s3016,ARANA,clean,,,59100,10.31,0.974,0.0601,PDS3016,12.89,S3016,S3016,measured
S3016,S3016,S3016,s3016,ARANA,clean,,,103300,-4.99,-0.354,0.018,PDS3016,12.89,S3016,S3016,measured
S3016,S3016,S3016,s3016,ARANA,clean,,,103300,-3.98,-0.277,0.0163,PDS3016,12.89,S3016,S3016,measured
S3016,S3016,S3016,s3016,ARANA,clean,,,103300,-2.96,-0.192,0.0135,PDS3016,12.89,S3016,S3016,measured
S3016,S3016,S3016,s3016,ARANA,clean,,,103300,-1.92,-0.057,0.012,PDS3016,12.89,S3016,S3016,measured
S3016,S3016,S3016,s3016,ARANA,clean,,,103300,-0.9,0.084,0.012,PDS3016,12.89,S3016,S3016,measured
S3016,S3016,S3016,s3016,ARANA,clean,,,103300,0.13,0.205,0.0137,PDS3016,12.89,S3016,S3016,measured
S3016,S3016,S3016,s3016,ARANA,clean,,,103300,1.15,0.303,0.0152,PDS3016,12.89,S3016,S3016,measured
S3016,S3016,S3016,s3016,ARANA,clean,,,103300,2.19,0.393,0.0143,PDS3016,12.89,S3016,S3016,measured
S3016,S3016,S3016,s3016,ARANA,clean,,,103300,3.19,0.48,0.0152,PDS3016,12.89,S3016,S3016,measured
S3016,S3016,S3016,s3016,ARANA,clean,,,103300,4.22,0.571,0.0175,PDS3016,12.89,S3016,S3016,measured
S3016,S3016,S3016,s3016,ARANA,clean,,,103300,5.24,0.66,0.0158,PDS3016,12.89,S3016,S3016,measured
S3016,S3016,S3016,s3016,ARANA,clean,,,103300,6.24,0.753,0.0211,PDS3016,12.89,S3016,S3016,measured
S3016,S3016,S3016,s3016,ARANA,clean,,,103300,7.27,0.828,0.0194,PDS3016,12.89,S3016,S3016,measured
S3016,S3016,S3016,s3016,ARANA,clean,,,103300,8.28,0.893,0.0339,PDS3016,12.89,S3016,S3016,measured
S3016,S3016,S3016,s3016,ARANA,clean,,,103300,9.29,0.923,0.0421,PDS3016,12.89,S3016,S3016,measured
S3016,S3016,S3016,s3016,ARANA,clean,,,152700,-4.99,-0.341,0.0185,PDS3016,12.89,S3016,S3016,measured
S3016,S3016,S3016,s3016,ARANA,clean,,,152700,-3.96,-0.245,0.014,PDS3016,12.89,S3016,S3016,measured
S3016,S3016,S3016,s3016,ARANA,clean,,,152700,-2.94,-0.126,0.0127,PDS3016,12.89,S3016,S3016,measured
S3016,S3016,S3016,s3016,ARANA,clean,,,152700,-1.91,0.005,0.0107,PDS3016,12.89,S3016,S3016,measured
S3016,S3016,S3016,s3016,ARANA,clean,,,152700,-0.89,0.105,0.0113,PDS3016,12.89,S3016,S3016,measured
S3016,S3016,S3016,s3016,ARANA,clean,,,152700,0.14,0.196,0.012,PDS3016,12.89,S3016,S3016,measured
S3016,S3016,S3016,s3016,ARANA,clean,,,152700,1.15,0.294,0.0118,PDS3016,12.89,S3016,S3016,measured
S3016,S3016,S3016,s3016,ARANA,clean,,,152700,2.17,0.399,0.0119,PDS3016,12.89,S3016,S3016,measured
S3016,S3016,S3016,s3016,ARANA,clean,,,152700,3.2,0.496,0.0123,PDS3016,12.89,S3016,S3016,measured
S3016,S3016,S3016,s3016,ARANA,clean,,,152700,4.21,0.598,0.0133,PDS3016,12.89,S3016,S3016,measured
S3016,S3016,S3016,s3016,ARANA,clean,,,152700,5.23,0.687,0.0165,PDS3016,12.89,S3016,S3016,measured
S3016,S3016,S3016,s3016,ARANA,clean,,,152700,6.25,0.777,0.018,PDS3016,12.89,S3016,S3016,measured
S3016,S3016,S3016,s3016,ARANA,clean,,,152700,7.27,0.859,0.0227,PDS3016,12.89,S3016,S3016,measured
S3016,S3016,S3016,s3016,ARANA,clean,,,152700,8.29,0.938,0.0236,PDS3016,12.89,S3016,S3016,measured
S3016,S3016,S3016,s3016,ARANA,clean,,,152700,9.32,1.015,0.0286,PDS3016,12.89,S3016,S3016,measured
S3016,S3016,S3016,s3016,ARANA,clean,,,208900,-4.96,-0.306,0.0171,PDS3016,12.89,S3016,S3016,measured
S3016,S3016,S3016,s3016,ARANA,clean,,,208900,-3.96,-0.19,0.0137,PDS3016,12.89,S3016,S3016,measured
S3016,S3016,S3016,s3016,ARANA,clean,,,208900,-2.93,-0.102,0.0115,PDS3016,12.89,S3016,S3016,measured
S3016,S3016,S3016,s3016,ARANA,clean,,,208900,-1.93,-0.02,0.0102,PDS3016,12.89,S3016,S3016,measured
S3016,S3016,S3016,s3016,ARANA,clean,,,208900,-0.9,0.083,0.0086,PDS3016,12.89,S3016,S3016,measured
S3016,S3016,S3016,s3016,ARANA,clean,,,208900,0.14,0.191,0.0087,PDS3016,12.89,S3016,S3016,measured
S3016,S3016,S3016,s3016,ARANA,clean,,,208900,1.15,0.293,0.009,PDS3016,12.89,S3016,S3016,measured
S3016,S3016,S3016,s3016,ARANA,clean,,,208900,2.18,0.396,0.0091,PDS3016,12.89,S3016,S3016,measured
S3016,S3016,S3016,s3016,ARANA,clean,,,208900,3.19,0.498,0.0098,PDS3016,12.89,S3016,S3016,measured
S3016,S3016,S3016,s3016,ARANA,clean,,,208900,4.22,0.598,0.0107,PDS3016,12.89,S3016,S3016,measured
S3016,S3016,S3016,s3016,ARANA,clean,,,208900,5.24,0.693,0.0124,PDS3016,12.89,S3016,S3016,measured
S3016,S3016,S3016,s3016,ARANA,clean,,,208900,6.27,0.786,0.0143,PDS3016,12.89,S3016,S3016,measured
S3016,S3016,S3016,s3016,ARANA,clean,,,208900,7.27,0.872,0.0175,PDS3016,12.89,S3016,S3016,measured
S3016,S3016,S3016,s3016,ARANA,clean,,,208900,8.31,0.95,0.0208,PDS3016,12.89,S3016,S3016,measured
S3016,S3016,S3016,s3016,ARANA,clean,,,208900,9.31,1.021,0.0244,PDS3016,12.89,S3016,S3016,measured
S3016,S3016,S3016,s3016,ARANA,clean,,,208900,10.32,1.081,0.0296,PDS3016,12.89,S3016,S3016,measured
S3016,S3016,S3016,s3016,ARANA,clean,,,208900,11.34,1.124,0.0365,PDS3016,12.89,S3016,S3016,measured
S3016,S3016,S3016,s3016,ARANA,clean,,,304800,-4.99,-0.303,0.0155,PDS3016,12.89,S3016,S3016,measured
S3016,S3016,S3016,s3016,ARANA,clean,,,304800,-3.98,-0.219,0.013,PDS3016,12.89,S3016,S3016,measured
S3016,S3016,S3016,s3016,ARANA,clean,,,304800,-2.95,-0.127,0.0108,PDS3016,12.89,S3016,S3016,measured
S3016,S3016,S3016,s3016,ARANA,clean,,,304800,-1.92,-0.033,0.0096,PDS3016,12.89,S3016,S3016,measured
S3016,S3016,S3016,s3016,ARANA,clean,,,304800,-0.9,0.06,0.008,PDS3016,12.89,S3016,S3016,measured
S3016,S3016,S3016,s3016,ARANA,clean,,,304800,0.11,0.18,0.0073,PDS3016,12.89,S3016,S3016,measured
S3016,S3016,S3016,s3016,ARANA,clean,,,304800,1.16,0.286,0.0075,PDS3016,12.89,S3016,S3016,measured
S3016,S3016,S3016,s3016,ARANA,clean,,,304800,2.17,0.39,0.0079,PDS3016,12.89,S3016,S3016,measured
S3016,S3016,S3016,s3016,ARANA,clean,,,304800,3.2,0.493,0.0088,PDS3016,12.89,S3016,S3016,measured
S3016,S3016,S3016,s3016,ARANA,clean,,,304800,4.22,0.592,0.0099,PDS3016,12.89,S3016,S3016,measured
S3016,S3016,S3016,s3016,ARANA,clean,,,304800,5.23,0.686,0.0115,PDS3016,12.89,S3016,S3016,measured
S3016,S3016,S3016,s3016,ARANA,clean,,,304800,6.25,0.777,0.0133,PDS3016,12.89,S3016,S3016,measured
S3016,S3016,S3016,s3016,ARANA,clean,,,304800,7.28,0.866,0.0158,PDS3016,12.89,S3016,S3016,measured
S3016,S3016,S3016,s3016,ARANA,clean,,,304800,8.3,0.947,0.0183,PDS3016,12.89,S3016,S3016,measured
S3016,S3016,S3016,s3016,ARANA,clean,,,304800,9.32,1.023,0.0214,PDS3016,12.89,S3016,S3016,measured
S3016,S3016,S3016,s3016,ARANA,clean,,,304800,10.33,1.086,0.0256,PDS3016,12.89,S3016,S3016,measured
S3016,S3016,S3016,s3016,ARANA,clean,,,304800,11.33,1.134,0.0314,PDS3016,12.89,S3016,S3016,measured
S3021A,S3021A,S3021,s3021,CHAMPINE,clean,,,58800,-3.96,-0.207,0.0295,PDS3021,12.90,S3021A,S3021,measured
S3021A,S3021A,S3021,s3021,CHAMPINE,clean,,,58800,-2.94,-0.13,0.0212,PDS3021,12.90,S3021A,S3021,measured
S3021A,S3021A,S3021,s3021,CHAMPINE,clean,,,58800,-1.92,-0.06,0.0174,PDS3021,12.90,S3021A,S3021,measured
S3021A,S3021A,S3021,s3021,CHAMPINE,clean,,,58800,-0.9,0.023,0.0153,PDS3021,12.90,S3021A,S3021,measured
S3021A,S3021A,S3021,s3021,CHAMPINE,clean,,,58800,0.13,0.179,0.0181,PDS3021,12.90,S3021A,S3021,measured
S3021A,S3021A,S3021,s3021,CHAMPINE,clean,,,58800,1.16,0.314,0.0223,PDS3021,12.90,S3021A,S3021,measured
S3021A,S3021A,S3021,s3021,CHAMPINE,clean,,,58800,2.18,0.432,0.0241,PDS3021,12.90,S3021A,S3021,measured
S3021A,S3021A,S3021,s3021,CHAMPINE,clean,,,58800,3.2,0.524,0.0283,PDS3021,12.90,S3021A,S3021,measured
S3021A,S3021A,S3021,s3021,CHAMPINE,clean,,,58800,4.22,0.608,0.0255,PDS3021,12.90,S3021A,S3021,measured
S3021A,S3021A,S3021,s3021,CHAMPINE,clean,,,58800,5.25,0.689,0.0253,PDS3021,12.90,S3021A,S3021,measured
S3021A,S3021A,S3021,s3021,CHAMPINE,clean,,,58800,6.26,0.764,0.0257,PDS3021,12.90,S3021A,S3021,measured
S3021A,S3021A,S3021,s3021,CHAMPINE,clean,,,58800,7.28,0.851,0.028,PDS3021,12.90,S3021A,S3021,measured
S3021A,S3021A,S3021,s3021,CHAMPINE,clean,,,58800,8.29,0.922,0.0264,PDS3021,12.90,S3021A,S3021,measured
S3021A,S3021A,S3021,s3021,CHAMPINE,clean,,,58800,9.31,0.992,0.0309,PDS3021,12.90,S3021A,S3021,measured
S3021A,S3021A,S3021,s3021,CHAMPINE,clean,,,58800,10.32,1.052,0.0326,PDS3021,12.90,S3021A,S3021,measured
S3021A,S3021A,S3021,s3021,CHAMPINE,clean,,,58800,11.33,1.069,0.0402,PDS3021,12.90,S3021A,S3021,measured
S3021A,S3021A,S3021,s3021,CHAMPINE,clean,,,99500,-3.95,-0.224,0.0238,PDS3021,12.90,S3021A,S3021,measured
S3021A,S3021A,S3021,s3021,CHAMPINE,clean,,,99500,-2.95,-0.135,0.0186,PDS3021,12.90,S3021A,S3021,measured
S3021A,S3021A,S3021,s3021,CHAMPINE,clean,,,99500,-1.92,-0.001,0.0138,PDS3021,12.90,S3021A,S3021,measured
S3021A,S3021A,S3021,s3021,CHAMPINE,clean,,,99500,-0.87,0.147,0.0126,PDS3021,12.90,S3021A,S3021,measured
S3021A,S3021A,S3021,s3021,CHAMPINE,clean,,,99500,0.15,0.279,0.0143,PDS3021,12.90,S3021A,S3021,measured
S3021A,S3021A,S3021,s3021,CHAMPINE,clean,,,99500,1.17,0.374,0.0149,PDS3021,12.90,S3021A,S3021,measured
S3021A,S3021A,S3021,s3021,CHAMPINE,clean,,,99500,2.18,0.46,0.0158,PDS3021,12.90,S3021A,S3021,measured
S3021A,S3021A,S3021,s3021,CHAMPINE,clean,,,99500,3.21,0.545,0.0171,PDS3021,12.90,S3021A,S3021,measured
S3021A,S3021A,S3021,s3021,CHAMPINE,clean,,,99500,4.21,0.633,0.0177,PDS3021,12.90,S3021A,S3021,measured
S3021A,S3021A,S3021,s3021,CHAMPINE,clean,,,99500,5.25,0.722,0.0183,PDS3021,12.90,S3021A,S3021,measured
S3021A,S3021A,S3021,s3021,CHAMPINE,clean,,,99500,6.27,0.81,0.0193,PDS3021,12.90,S3021A,S3021,measured
S3021A,S3021A,S3021,s3021,CHAMPINE,clean,,,99500,7.29,0.898,0.0195,PDS3021,12.90,S3021A,S3021,measured
S3021A,S3021A,S3021,s3021,CHAMPINE,clean,,,99500,8.3,0.975,0.0222,PDS3021,12.90,S3021A,S3021,measured
S3021A,S3021A,S3021,s3021,CHAMPINE,clean,,,99500,9.32,1.046,0.0245,PDS3021,12.90,S3021A,S3021,measured
S3021A,S3021A,S3021,s3021,CHAMPINE,clean,,,99500,10.33,1.104,0.0283,PDS3021,12.90,S3021A,S3021,measured
S3021A,S3021A,S3021,s3021,CHAMPINE,clean,,,99500,11.34,1.104,0.0377,PDS3021,12.90,S3021A,S3021,measured
S3021A,S3021A,S3021,s3021,CHAMPINE,clean,,,149300,-2.0,0.043,0.0117,PDS3021,12.90,S3021A,S3021,measured
S3021A,S3021A,S3021,s3021,CHAMPINE,clean,,,149300,-0.88,0.17,0.01,PDS3021,12.90,S3021A,S3021,measured
S3021A,S3021A,S3021,s3021,CHAMPINE,clean,,,149300,1.16,0.364,0.0109,PDS3021,12.90,S3021A,S3021,measured
S3021A,S3021A,S3021,s3021,CHAMPINE,clean,,,149300,3.22,0.557,0.0126,PDS3021,12.90,S3021A,S3021,measured
S3021A,S3021A,S3021,s3021,CHAMPINE,clean,,,149300,5.26,0.75,0.0142,PDS3021,12.90,S3021A,S3021,measured
S3021A,S3021A,S3021,s3021,CHAMPINE,clean,,,149300,7.29,0.931,0.0166,PDS3021,12.90,S3021A,S3021,measured
S3021A,S3021A,S3021,s3021,CHAMPINE,clean,,,149300,9.34,1.09,0.0209,PDS3021,12.90,S3021A,S3021,measured
S3021A,S3021A,S3021,s3021,CHAMPINE,clean,,,149300,10.35,1.142,0.025,PDS3021,12.90,S3021A,S3021,measured
S3021A,S3021A,S3021,s3021,CHAMPINE,clean,,,149300,11.34,1.145,0.0362,PDS3021,12.90,S3021A,S3021,measured
S3021A,S3021A,S3021,s3021,CHAMPINE,clean,,,200600,-4.03,-0.193,0.0177,PDS3021,12.90,S3021A,S3021,measured
S3021A,S3021A,S3021,s3021,CHAMPINE,clean,,,200600,-2.99,-0.056,0.0132,PDS3021,12.90,S3021A,S3021,measured
S3021A,S3021A,S3021,s3021,CHAMPINE,clean,,,200600,-1.9,0.056,0.0109,PDS3021,12.90,S3021A,S3021,measured
S3021A,S3021A,S3021,s3021,CHAMPINE,clean,,,200600,-0.93,0.135,0.0091,PDS3021,12.90,S3021A,S3021,measured
S3021A,S3021A,S3021,s3021,CHAMPINE,clean,,,200600,0.15,0.25,0.0084,PDS3021,12.90,S3021A,S3021,measured
S3021A,S3021A,S3021,s3021,CHAMPINE,clean,,,200600,1.18,0.348,0.009,PDS3021,12.90,S3021A,S3021,measured
S3021A,S3021A,S3021,s3021,CHAMPINE,clean,,,200600,2.19,0.445,0.0096,PDS3021,12.90,S3021A,S3021,measured
S3021A,S3021A,S3021,s3021,CHAMPINE,clean,,,200600,3.21,0.542,0.0103,PDS3021,12.90,S3021A,S3021,measured
S3021A,S3021A,S3021,s3021,CHAMPINE,clean,,,200600,4.24,0.639,0.0113,PDS3021,12.90,S3021A,S3021,measured
S3021A,S3021A,S3021,s3021,CHAMPINE,clean,,,200600,5.25,0.73,0.0119,PDS3021,12.90,S3021A,S3021,measured
S3021A,S3021A,S3021,s3021,CHAMPINE,clean,,,200600,6.27,0.818,0.0127,PDS3021,12.90,S3021A,S3021,measured
S3021A,S3021A,S3021,s3021,CHAMPINE,clean,,,200600,7.29,0.903,0.0143,PDS3021,12.90,S3021A,S3021,measured
S3021A,S3021A,S3021,s3021,CHAMPINE,clean,,,200600,8.31,0.984,0.0165,PDS3021,12.90,S3021A,S3021,measured
S3021A,S3021A,S3021,s3021,CHAMPINE,clean,,,200600,9.32,1.055,0.0186,PDS3021,12.90,S3021A,S3021,measured
S3021A,S3021A,S3021,s3021,CHAMPINE,clean,,,200600,10.34,1.111,0.0222,PDS3021,12.90,S3021A,S3021,measured
S3021A,S3021A,S3021,s3021,CHAMPINE,clean,,,200600,11.33,1.131,0.0294,PDS3021,12.90,S3021A,S3021,measured
S3021A,S3021A,S3021,s3021,CHAMPINE,clean,,,303700,-3.94,-0.144,0.0139,PDS3021,12.90,S3021A,S3021,measured
S3021A,S3021A,S3021,s3021,CHAMPINE,clean,,,303700,-2.92,-0.029,0.0105,PDS3021,12.90,S3021A,S3021,measured
S3021A,S3021A,S3021,s3021,CHAMPINE,clean,,,303700,-1.95,0.059,0.0095,PDS3021,12.90,S3021A,S3021,measured
S3021A,S3021A,S3021,s3021,CHAMPINE,clean,,,303700,-0.92,0.152,0.0083,PDS3021,12.90,S3021A,S3021,measured
S3021A,S3021A,S3021,s3021,CHAMPINE,clean,,,303700,0.12,0.259,0.0072,PDS3021,12.90,S3021A,S3021,measured
S3021A,S3021A,S3021,s3021,CHAMPINE,clean,,,303700,1.17,0.362,0.0077,PDS3021,12.90,S3021A,S3021,measured
S3021A,S3021A,S3021,s3021,CHAMPINE,clean,,,303700,2.17,0.452,0.0081,PDS3021,12.90,S3021A,S3021,measured
S3021A,S3021A,S3021,s3021,CHAMPINE,clean,,,303700,3.21,0.548,0.0089,PDS3021,12.90,S3021A,S3021,measured
S3021A,S3021A,S3021,s3021,CHAMPINE,clean,,,303700,4.23,0.639,0.0095,PDS3021,12.90,S3021A,S3021,measured
S3021A,S3021A,S3021,s3021,CHAMPINE,clean,,,303700,5.26,0.726,0.0104,PDS3021,12.90,S3021A,S3021,measured
S3021A,S3021A,S3021,s3021,CHAMPINE,clean,,,303700,6.27,0.81,0.0113,PDS3021,12.90,S3021A,S3021,measured
S3021A,S3021A,S3021,s3021,CHAMPINE,clean,,,303700,7.29,0.893,0.0129,PDS3021,12.90,S3021A,S3021,measured
S3021A,S3021A,S3021,s3021,CHAMPINE,clean,,,303700,8.31,0.972,0.0148,PDS3021,12.90,S3021A,S3021,measured
S3021A,S3021A,S3021,s3021,CHAMPINE,clean,,,303700,9.33,1.042,0.0172,PDS3021,12.90,S3021A,S3021,measured
S3021A,S3021A,S3021,s3021,CHAMPINE,clean,,,303700,10.34,1.099,0.0204,PDS3021,12.90,S3021A,S3021,measured
S3021B,S3021B,S3021,s3021,MOHS,clean,,,99300,-2.96,-0.11,0.0189,PDS3021B,12.92,S3021B,S3021,measured
S3021B,S3021B,S3021,s3021,MOHS,clean,,,99300,-1.93,0.026,0.0148,PDS3021B,12.92,S3021B,S3021,measured
S3021B,S3021B,S3021,s3021,MOHS,clean,,,99300,-0.87,0.174,0.0135,PDS3021B,12.92,S3021B,S3021,measured
S3021B,S3021B,S3021,s3021,MOHS,clean,,,99300,0.15,0.27,0.0143,PDS3021B,12.92,S3021B,S3021,measured
S3021B,S3021B,S3021,s3021,MOHS,clean,,,99300,1.16,0.356,0.0165,PDS3021B,12.92,S3021B,S3021,measured
S3021B,S3021B,S3021,s3021,MOHS,clean,,,99300,2.19,0.441,0.018,PDS3021B,12.92,S3021B,S3021,measured
S3021B,S3021B,S3021,s3021,MOHS,clean,,,99300,3.21,0.526,0.0196,PDS3021B,12.92,S3021B,S3021,measured
S3021B,S3021B,S3021,s3021,MOHS,clean,,,99300,4.22,0.611,0.0195,PDS3021B,12.92,S3021B,S3021,measured
S3021B,S3021B,S3021,s3021,MOHS,clean,,,99300,5.25,0.698,0.0195,PDS3021B,12.92,S3021B,S3021,measured
S3021B,S3021B,S3021,s3021,MOHS,clean,,,99300,6.26,0.785,0.0186,PDS3021B,12.92,S3021B,S3021,measured
S3021B,S3021B,S3021,s3021,MOHS,clean,,,99300,7.28,0.868,0.0202,PDS3021B,12.92,S3021B,S3021,measured
S3021B,S3021B,S3021,s3021,MOHS,clean,,,99300,8.29,0.944,0.0225,PDS3021B,12.92,S3021B,S3021,measured
S3021B,S3021B,S3021,s3021,MOHS,clean,,,99300,9.31,1.012,0.0262,PDS3021B,12.92,S3021B,S3021,measured
S3021B,S3021B,S3021,s3021,MOHS,clean,,,99300,10.31,1.048,0.0291,PDS3021B,12.92,S3021B,S3021,measured
S3021B,S3021B,S3021,s3021,MOHS,clean,,,201300,-2.97,-0.082,0.013,PDS3021B,12.92,S3021B,S3021,measured
S3021B,S3021B,S3021,s3021,MOHS,clean,,,201300,-1.93,0.008,0.0115,PDS3021B,12.92,S3021B,S3021,measured
S3021B,S3021B,S3021,s3021,MOHS,clean,,,201300,-0.94,0.091,0.0102,PDS3021B,12.92,S3021B,S3021,measured
S3021B,S3021B,S3021,s3021,MOHS,clean,,,201300,0.11,0.222,0.0093,PDS3021B,12.92,S3021B,S3021,measured
S3021B,S3021B,S3021,s3021,MOHS,clean,,,201300,1.14,0.318,0.01,PDS3021B,12.92,S3021B,S3021,measured
S3021B,S3021B,S3021,s3021,MOHS,clean,,,201300,2.17,0.415,0.0106,PDS3021B,12.92,S3021B,S3021,measured
S3021B,S3021B,S3021,s3021,MOHS,clean,,,201300,3.19,0.512,0.0108,PDS3021B,12.92,S3021B,S3021,measured
S3021B,S3021B,S3021,s3021,MOHS,clean,,,201300,4.22,0.609,0.0111,PDS3021B,12.92,S3021B,S3021,measured
S3021B,S3021B,S3021,s3021,MOHS,clean,,,201300,5.24,0.7,0.0116,PDS3021B,12.92,S3021B,S3021,measured
S3021B,S3021B,S3021,s3021,MOHS,clean,,,201300,6.27,0.788,0.0128,PDS3021B,12.92,S3021B,S3021,measured
S3021B,S3021B,S3021,s3021,MOHS,clean,,,201300,7.27,0.869,0.0146,PDS3021B,12.92,S3021B,S3021,measured
S3021B,S3021B,S3021,s3021,MOHS,clean,,,201300,8.29,0.946,0.0164,PDS3021B,12.92,S3021B,S3021,measured
S3021B,S3021B,S3021,s3021,MOHS,clean,,,201300,9.3,1.007,0.0191,PDS3021B,12.92,S3021B,S3021,measured
S3021B,S3021B,S3021,s3021,MOHS,clean,,,201300,10.3,1.048,0.0233,PDS3021B,12.92,S3021B,S3021,measured
S3021B,S3021B,S3021,s3021,MOHS,clean,,,201300,11.31,1.057,0.0297,PDS3021B,12.92,S3021B,S3021,measured
S3021B,S3021B,S3021,s3021,MOHS,clean,,,304800,-2.99,-0.092,0.0115,PDS3021B,12.92,S3021B,S3021,measured
S3021B,S3021B,S3021,s3021,MOHS,clean,,,304800,-1.96,0.001,0.0107,PDS3021B,12.92,S3021B,S3021,measured
S3021B,S3021B,S3021,s3021,MOHS,clean,,,304800,-0.98,0.092,0.0098,PDS3021B,12.92,S3021B,S3021,measured
S3021B,S3021B,S3021,s3021,MOHS,clean,,,304800,0.05,0.215,0.0079,PDS3021B,12.92,S3021B,S3021,measured
S3021B,S3021B,S3021,s3021,MOHS,clean,,,304800,1.08,0.326,0.0079,PDS3021B,12.92,S3021B,S3021,measured
S3021B,S3021B,S3021,s3021,MOHS,clean,,,304800,2.14,0.426,0.0085,PDS3021B,12.92,S3021B,S3021,measured
S3021B,S3021B,S3021,s3021,MOHS,clean,,,304800,3.19,0.523,0.0088,PDS3021B,12.92,S3021B,S3021,measured
S3021B,S3021B,S3021,s3021,MOHS,clean,,,304800,4.2,0.615,0.0095,PDS3021B,12.92,S3021B,S3021,measured
S3021B,S3021B,S3021,s3021,MOHS,clean,,,304800,5.23,0.705,0.0105,PDS3021B,12.92,S3021B,S3021,measured
S3021B,S3021B,S3021,s3021,MOHS,clean,,,304800,6.25,0.79,0.012,PDS3021B,12.92,S3021B,S3021,measured
S3021B,S3021B,S3021,s3021,MOHS,clean,,,304800,7.27,0.872,0.0132,PDS3021B,12.92,S3021B,S3021,measured
S3021B,S3021B,S3021,s3021,MOHS,clean,,,304800,8.28,0.947,0.0149,PDS3021B,12.92,S3021B,S3021,measured
S3021B,S3021B,S3021,s3021,MOHS,clean,,,304800,9.3,1.01,0.0174,PDS3021B,12.92,S3021B,S3021,measured
S3021B,S3021B,S3021,s3021,MOHS,clean,,,304800,10.31,1.056,0.0207,PDS3021B,12.92,S3021B,S3021,measured
S4061A,S4061A,S4061,s4061,MILLER,clean,,,60400,-3.94,-0.124,0.0262,PDS4061,12.93,S4061A,S4061,measured
S4061A,S4061A,S4061,s4061,MILLER,clean,,,60400,-2.92,0.008,0.0209,PDS4061,12.93,S4061A,S4061,measured
S4061A,S4061A,S4061,s4061,MILLER,clean,,,60400,-1.9,0.128,0.0197,PDS4061,12.93,S4061A,S4061,measured
S4061A,S4061A,S4061,s4061,MILLER,clean,,,60400,-0.87,0.266,0.0204,PDS4061,12.93,S4061A,S4061,measured
S4061A,S4061A,S4061,s4061,MILLER,clean,,,60400,0.17,0.376,0.0239,PDS4061,12.93,S4061A,S4061,measured
S4061A,S4061A,S4061,s4061,MILLER,clean,,,60400,1.2,0.468,0.0231,PDS4061,12.93,S4061A,S4061,measured
S4061A,S4061A,S4061,s4061,MILLER,clean,,,60400,2.2,0.553,0.0275,PDS4061,12.93,S4061A,S4061,measured
S4061A,S4061A,S4061,s4061,MILLER,clean,,,60400,3.22,0.635,0.0324,PDS4061,12.93,S4061A,S4061,measured
S4061A,S4061A,S4061,s4061,MILLER,clean,,,60400,4.26,0.725,0.0311,PDS4061,12.93,S4061A,S4061,measured
S4061A,S4061A,S4061,s4061,MILLER,clean,,,60400,5.26,0.801,0.0313,PDS4061,12.93,S4061A,S4061,measured
S4061A,S4061A,S4061,s4061,MILLER,clean,,,60400,6.29,0.896,0.0294,PDS4061,12.93,S4061A,S4061,measured
S4061A,S4061A,S4061,s4061,MILLER,clean,,,60400,7.31,0.978,0.0245,PDS4061,12.93,S4061A,S4061,measured
S4061A,S4061A,S4061,s4061,MILLER,clean,,,60400,8.32,1.067,0.0296,PDS4061,12.93,S4061A,S4061,measured
S4061A,S4061A,S4061,s4061,MILLER,clean,,,60400,9.33,1.08,0.0375,PDS4061,12.93,S4061A,S4061,measured
S4061A,S4061A,S4061,s4061,MILLER,clean,,,60400,10.35,1.13,0.0427,PDS4061,12.93,S4061A,S4061,measured
S4061A,S4061A,S4061,s4061,MILLER,clean,,,99800,-3.92,-0.027,0.0171,PDS4061,12.93,S4061A,S4061,measured
S4061A,S4061A,S4061,s4061,MILLER,clean,,,99800,-2.89,0.078,0.016,PDS4061,12.93,S4061A,S4061,measured
S4061A,S4061A,S4061,s4061,MILLER,clean,,,99800,-1.87,0.174,0.0163,PDS4061,12.93,S4061A,S4061,measured
S4061A,S4061A,S4061,s4061,MILLER,clean,,,99800,-0.86,0.269,0.0149,PDS4061,12.93,S4061A,S4061,measured
S4061A,S4061A,S4061,s4061,MILLER,clean,,,99800,0.17,0.366,0.0163,PDS4061,12.93,S4061A,S4061,measured
S4061A,S4061A,S4061,s4061,MILLER,clean,,,99800,1.19,0.458,0.0168,PDS4061,12.93,S4061A,S4061,measured
S4061A,S4061A,S4061,s4061,MILLER,clean,,,99800,2.21,0.554,0.0171,PDS4061,12.93,S4061A,S4061,measured
S4061A,S4061A,S4061,s4061,MILLER,clean,,,99800,3.24,0.653,0.017,PDS4061,12.93,S4061A,S4061,measured
S4061A,S4061A,S4061,s4061,MILLER,clean,,,99800,4.25,0.746,0.0174,PDS4061,12.93,S4061A,S4061,measured
S4061A,S4061A,S4061,s4061,MILLER,clean,,,99800,5.28,0.843,0.0187,PDS4061,12.93,S4061A,S4061,measured
S4061A,S4061A,S4061,s4061,MILLER,clean,,,99800,6.28,0.933,0.0195,PDS4061,12.93,S4061A,S4061,measured
S4061A,S4061A,S4061,s4061,MILLER,clean,,,99800,7.31,1.026,0.021,PDS4061,12.93,S4061A,S4061,measured
S4061A,S4061A,S4061,s4061,MILLER,clean,,,99800,8.32,1.078,0.0256,PDS4061,12.93,S4061A,S4061,measured
S4061A,S4061A,S4061,s4061,MILLER,clean,,,99800,9.33,1.114,0.0324,PDS4061,12.93,S4061A,S4061,measured
S4061A,S4061A,S4061,s4061,MILLER,clean,,,99800,10.34,1.132,0.0432,PDS4061,12.93,S4061A,S4061,measured
S4061A,S4061A,S4061,s4061,MILLER,clean,,,200400,-3.95,-0.076,0.0144,PDS4061,12.93,S4061A,S4061,measured
S4061A,S4061A,S4061,s4061,MILLER,clean,,,200400,-2.93,0.027,0.0129,PDS4061,12.93,S4061A,S4061,measured
S4061A,S4061A,S4061,s4061,MILLER,clean,,,200400,-1.89,0.131,0.0121,PDS4061,12.93,S4061A,S4061,measured
S4061A,S4061A,S4061,s4061,MILLER,clean,,,200400,-0.86,0.236,0.0113,PDS4061,12.93,S4061A,S4061,measured
S4061A,S4061A,S4061,s4061,MILLER,clean,,,200400,0.16,0.338,0.0102,PDS4061,12.93,S4061A,S4061,measured
S4061A,S4061A,S4061,s4061,MILLER,clean,,,200400,1.18,0.448,0.0098,PDS4061,12.93,S4061A,S4061,measured
S4061A,S4061A,S4061,s4061,MILLER,clean,,,200400,2.19,0.552,0.0101,PDS4061,12.93,S4061A,S4061,measured
S4061A,S4061A,S4061,s4061,MILLER,clean,,,200400,3.22,0.652,0.0107,PDS4061,12.93,S4061A,S4061,measured
S4061A,S4061A,S4061,s4061,MILLER,clean,,,200400,4.26,0.751,0.0117,PDS4061,12.93,S4061A,S4061,measured
S4061A,S4061A,S4061,s4061,MILLER,clean,,,200400,5.27,0.846,0.0127,PDS4061,12.93,S4061A,S4061,measured
S4061A,S4061A,S4061,s4061,MILLER,clean,,,200400,6.3,0.937,0.0143,PDS4061,12.93,S4061A,S4061,measured
S4061A,S4061A,S4061,s4061,MILLER,clean,,,200400,7.3,1.008,0.0179,PDS4061,12.93,S4061A,S4061,measured
S4061A,S4061A,S4061,s4061,MILLER,clean,,,200400,8.32,1.057,0.0252,PDS4061,12.93,S4061A,S4061,measured
S4061A,S4061A,S4061,s4061,MILLER,clean,,,200400,9.33,1.089,0.0311,PDS4061,12.93,S4061A,S4061,measured
S4061A,S4061A,S4061,s4061,MILLER,clean,,,200400,10.34,1.1,0.0413,PDS4061,12.93,S4061A,S4061,measured
S4061A,S4061A,S4061,s4061,MILLER,clean,,,200400,11.33,1.098,0.0539,PDS4061,12.93,S4061A,S4061,measured
S4061B,S4061B,S4061,s4061,MICHAELIS,clean,,,60200,-2.91,-0.036,0.0268,PDS4061B,12.94,S4061B,S4061,measured
S4061B,S4061B,S4061,s4061,MICHAELIS,clean,,,60200,-1.89,0.071,0.025,PDS4061B,12.94,S4061B,S4061,measured
S4061B,S4061B,S4061,s4061,MICHAELIS,clean,,,60200,-0.88,0.177,0.0209,PDS4061B,12.94,S4061B,S4061,measured
S4061B,S4061B,S4061,s4061,MICHAELIS,clean,,,60200,0.15,0.287,0.0264,PDS4061B,12.94,S4061B,S4061,measured
S4061B,S4061B,S4061,s4061,MICHAELIS,clean,,,60200,1.18,0.397,0.0299,PDS4061B,12.94,S4061B,S4061,measured
S4061B,S4061B,S4061,s4061,MICHAELIS,clean,,,60200,2.2,0.51,0.0341,PDS4061B,12.94,S4061B,S4061,measured
S4061B,S4061B,S4061,s4061,MICHAELIS,clean,,,60200,3.23,0.624,0.0339,PDS4061B,12.94,S4061B,S4061,measured
S4061B,S4061B,S4061,s4061,MICHAELIS,clean,,,60200,4.24,0.721,0.0344,PDS4061B,12.94,S4061B,S4061,measured
S4061B,S4061B,S4061,s4061,MICHAELIS,clean,,,60200,5.27,0.817,0.0374,PDS4061B,12.94,S4061B,S4061,measured
S4061B,S4061B,S4061,s4061,MICHAELIS,clean,,,60200,6.28,0.911,0.0336,PDS4061B,12.94,S4061B,S4061,measured
S4061B,S4061B,S4061,s4061,MICHAELIS,clean,,,60200,7.31,0.995,0.031,PDS4061B,12.94,S4061B,S4061,measured
S4061B,S4061B,S4061,s4061,MICHAELIS,clean,,,60200,8.33,1.069,0.0297,PDS4061B,12.94,S4061B,S4061,measured
S4061B,S4061B,S4061,s4061,MICHAELIS,clean,,,60200,9.34,1.131,0.0314,PDS4061B,12.94,S4061B,S4061,measured
S4061B,S4061B,S4061,s4061,MICHAELIS,clean,,,60200,10.33,1.169,0.0377,PDS4061B,12.94,S4061B,S4061,measured
S4061B,S4061B,S4061,s4061,MICHAELIS,clean,,,60200,11.36,1.176,0.0458,PDS4061B,12.94,S4061B,S4061,measured
S4061B,S4061B,S4061,s4061,MICHAELIS,clean,,,100000,-2.9,0.082,0.0218,PDS4061B,12.94,S4061B,S4061,measured
S4061B,S4061B,S4061,s4061,MICHAELIS,clean,,,100000,-1.87,0.194,0.0204,PDS4061B,12.94,S4061B,S4061,measured
S4061B,S4061B,S4061,s4061,MICHAELIS,clean,,,100000,-0.84,0.296,0.0199,PDS4061B,12.94,S4061B,S4061,measured
S4061B,S4061B,S4061,s4061,MICHAELIS,clean,,,100000,0.18,0.398,0.0209,PDS4061B,12.94,S4061B,S4061,measured
S4061B,S4061B,S4061,s4061,MICHAELIS,clean,,,100000,1.2,0.5,0.023,PDS4061B,12.94,S4061B,S4061,measured
S4061B,S4061B,S4061,s4061,MICHAELIS,clean,,,100000,2.22,0.604,0.0241,PDS4061B,12.94,S4061B,S4061,measured
S4061B,S4061B,S4061,s4061,MICHAELIS,clean,,,100000,3.24,0.7,0.0223,PDS4061B,12.94,S4061B,S4061,measured
S4061B,S4061B,S4061,s4061,MICHAELIS,clean,,,100000,4.26,0.791,0.0222,PDS4061B,12.94,S4061B,S4061,measured
S4061B,S4061B,S4061,s4061,MICHAELIS,clean,,,100000,5.28,0.886,0.0212,PDS4061B,12.94,S4061B,S4061,measured
S4061B,S4061B,S4061,s4061,MICHAELIS,clean,,,100000,6.31,0.979,0.0206,PDS4061B,12.94,S4061B,S4061,measured
S4061B,S4061B,S4061,s4061,MICHAELIS,clean,,,100000,7.31,1.065,0.0203,PDS4061B,12.94,S4061B,S4061,measured
S4061B,S4061B,S4061,s4061,MICHAELIS,clean,,,100000,8.33,1.143,0.0225,PDS4061B,12.94,S4061B,S4061,measured
S4061B,S4061B,S4061,s4061,MICHAELIS,clean,,,100000,9.34,1.21,0.0253,PDS4061B,12.94,S4061B,S4061,measured
S4061B,S4061B,S4061,s4061,MICHAELIS,clean,,,100000,10.35,1.24,0.0312,PDS4061B,12.94,S4061B,S4061,measured
S4061B,S4061B,S4061,s4061,MICHAELIS,clean,,,100000,11.37,1.245,0.0406,PDS4061B,12.94,S4061B,S4061,measured
S4061B,S4061B,S4061,s4061,MICHAELIS,clean,,,150800,-1.87,0.234,0.0157,PDS4061B,12.94,S4061B,S4061,measured
S4061B,S4061B,S4061,s4061,MICHAELIS,clean,,,150800,0.16,0.419,0.0131,PDS4061B,12.94,S4061B,S4061,measured
S4061B,S4061B,S4061,s4061,MICHAELIS,clean,,,150800,2.23,0.619,0.0135,PDS4061B,12.94,S4061B,S4061,measured
S4061B,S4061B,S4061,s4061,MICHAELIS,clean,,,150800,4.25,0.812,0.0145,PDS4061B,12.94,S4061B,S4061,measured
S4061B,S4061B,S4061,s4061,MICHAELIS,clean,,,150800,6.31,1.019,0.0157,PDS4061B,12.94,S4061B,S4061,measured
S4061B,S4061B,S4061,s4061,MICHAELIS,clean,,,150800,7.33,1.1,0.017,PDS4061B,12.94,S4061B,S4061,measured
S4061B,S4061B,S4061,s4061,MICHAELIS,clean,,,150800,8.34,1.169,0.0198,PDS4061B,12.94,S4061B,S4061,measured
S4061B,S4061B,S4061,s4061,MICHAELIS,clean,,,150800,9.34,1.223,0.0227,PDS4061B,12.94,S4061B,S4061,measured
S4061B,S4061B,S4061,s4061,MICHAELIS,clean,,,150800,10.36,1.253,0.0284,PDS4061B,12.94,S4061B,S4061,measured
S4061B,S4061B,S4061,s4061,MICHAELIS,clean,,,198900,-4.97,-0.142,0.0442,PDS4061B,12.94,S4061B,S4061,measured
S4061B,S4061B,S4061,s4061,MICHAELIS,clean,,,198900,-3.99,-0.039,0.0211,PDS4061B,12.94,S4061B,S4061,measured
S4061B,S4061B,S4061,s4061,MICHAELIS,clean,,,198900,-2.95,0.055,0.0163,PDS4061B,12.94,S4061B,S4061,measured
S4061B,S4061B,S4061,s4061,MICHAELIS,clean,,,198900,-1.91,0.154,0.014,PDS4061B,12.94,S4061B,S4061,measured
S4061B,S4061B,S4061,s4061,MICHAELIS,clean,,,198900,-0.91,0.252,0.0124,PDS4061B,12.94,S4061B,S4061,measured
S4061B,S4061B,S4061,s4061,MICHAELIS,clean,,,198900,0.16,0.352,0.0116,PDS4061B,12.94,S4061B,S4061,measured
S4061B,S4061B,S4061,s4061,MICHAELIS,clean,,,198900,1.16,0.457,0.0106,PDS4061B,12.94,S4061B,S4061,measured
S4061B,S4061B,S4061,s4061,MICHAELIS,clean,,,198900,2.21,0.591,0.0108,PDS4061B,12.94,S4061B,S4061,measured
S4061B,S4061B,S4061,s4061,MICHAELIS,clean,,,198900,3.24,0.692,0.0113,PDS4061B,12.94,S4061B,S4061,measured
S4061B,S4061B,S4061,s4061,MICHAELIS,clean,,,198900,4.24,0.789,0.0116,PDS4061B,12.94,S4061B,S4061,measured
S4061B,S4061B,S4061,s4061,MICHAELIS,clean,,,198900,5.28,0.89,0.0127,PDS4061B,12.94,S4061B,S4061,measured
S4061B,S4061B,S4061,s4061,MICHAELIS,clean,,,198900,6.3,0.983,0.0133,PDS4061B,12.94,S4061B,S4061,measured
S4061B,S4061B,S4061,s4061,MICHAELIS,clean,,,198900,7.32,1.069,0.0147,PDS4061B,12.94,S4061B,S4061,measured
S4061B,S4061B,S4061,s4061,MICHAELIS,clean,,,198900,8.34,1.144,0.0171,PDS4061B,12.94,S4061B,S4061,measured
S4061B,S4061B,S4061,s4061,MICHAELIS,clean,,,198900,9.35,1.207,0.0203,PDS4061B,12.94,S4061B,S4061,measured
S4061B,S4061B,S4061,s4061,MICHAELIS,clean,,,198900,10.35,1.247,0.0265,PDS4061B,12.94,S4061B,S4061,measured
S4061B,S4061B,S4061,s4061,MICHAELIS,clean,,,198900,11.36,1.267,0.0336,PDS4061B,12.94,S4061B,S4061,measured
S4061B,S4061B,S4061,s4061,MICHAELIS,clean,,,198900,12.36,1.264,0.0421,PDS4061B,12.94,S4061B,S4061,measured
S4061B,S4061B,S4061,s4061,MICHAELIS,clean,,,300300,-3.92,-0.056,0.0176,PDS4061B,12.94,S4061B,S4061,measured
S4061B,S4061B,S4061,s4061,MICHAELIS,clean,,,300300,-2.91,0.048,0.0134,PDS4061B,12.94,S4061B,S4061,measured
S4061B,S4061B,S4061,s4061,MICHAELIS,clean,,,300300,-1.87,0.155,0.0115,PDS4061B,12.94,S4061B,S4061,measured
S4061B,S4061B,S4061,s4061,MICHAELIS,clean,,,300300,-0.85,0.291,0.0101,PDS4061B,12.94,S4061B,S4061,measured
S4061B,S4061B,S4061,s4061,MICHAELIS,clean,,,300300,0.18,0.393,0.0095,PDS4061B,12.94,S4061B,S4061,measured
S4061B,S4061B,S4061,s4061,MICHAELIS,clean,,,300300,1.2,0.502,0.0086,PDS4061B,12.94,S4061B,S4061,measured
S4061B,S4061B,S4061,s4061,MICHAELIS,clean,,,300300,2.21,0.603,0.0087,PDS4061B,12.94,S4061B,S4061,measured
S4061B,S4061B,S4061,s4061,MICHAELIS,clean,,,300300,3.22,0.703,0.0095,PDS4061B,12.94,S4061B,S4061,measured
S4061B,S4061B,S4061,s4061,MICHAELIS,clean,,,300300,4.25,0.803,0.0099,PDS4061B,12.94,S4061B,S4061,measured
S4061B,S4061B,S4061,s4061,MICHAELIS,clean,,,300300,5.24,0.895,0.0109,PDS4061B,12.94,S4061B,S4061,measured
"S4061B UST .020, .125, 45%",S4061B,S4061,s4061,MICHAELIS,tripped,0.45,,60900,-2.92,0.039,0.0247,PDS4061BUST2012545,12.95,S4061B,S4061,measured
"S4061B UST .020, .125, 45%",S4061B,S4061,s4061,MICHAELIS,tripped,0.45,,60900,-1.38,0.188,0.02,PDS4061BUST2012545,12.95,S4061B,S4061,measured
"S4061B UST .020, .125, 45%",S4061B,S4061,s4061,MICHAELIS,tripped,0.45,,60900,0.15,0.337,0.0228,PDS4061BUST2012545,12.95,S4061B,S4061,measured
"S4061B UST .020, .125, 45%",S4061B,S4061,s4061,MICHAELIS,tripped,0.45,,60900,1.68,0.475,0.0273,PDS4061BUST2012545,12.95,S4061B,S4061,measured
"S4061B UST .020, .125, 45%",S4061B,S4061,s4061,MICHAELIS,tripped,0.45,,60900,3.23,0.6,0.0313,PDS4061BUST2012545,12.95,S4061B,S4061,measured
"S4061B UST .020, .125, 45%",S4061B,S4061,s4061,MICHAELIS,tripped,0.45,,60900,4.74,0.749,0.0292,PDS4061BUST2012545,12.95,S4061B,S4061,measured
"S4061B UST .020, .125, 45%",S4061B,S4061,s4061,MICHAELIS,tripped,0.45,,60900,6.27,0.884,0.0288,PDS4061BUST2012545,12.95,S4061B,S4061,measured
"S4061B UST .020, .125, 45%",S4061B,S4061,s4061,MICHAELIS,tripped,0.45,,60900,7.8,1.016,0.0291,PDS4061BUST2012545,12.95,S4061B,S4061,measured
"S4061B UST .020, .125, 45%",S4061B,S4061,s4061,MICHAELIS,tripped,0.45,,60900,9.32,1.117,0.03,PDS4061BUST2012545,12.95,S4061B,S4061,measured
"S4061B UST .020, .125, 45%",S4061B,S4061,s4061,MICHAELIS,tripped,0.45,,60900,10.85,1.182,0.0359,PDS4061BUST2012545,12.95,S4061B,S4061,measured
"S4061B UST .020, .125, 45%",S4061B,S4061,s4061,MICHAELIS,tripped,0.45,,60900,12.36,1.199,0.0434,PDS4061BUST2012545,12.95,S4061B,S4061,measured
"S4061B UST .020, .125, 45%",S4061B,S4061,s4061,MICHAELIS,tripped,0.45,,100700,-3.94,-0.048,0.0282,PDS4061BUST2012545,12.95,S4061B,S4061,measured
"S4061B UST .020, .125, 45%",S4061B,S4061,s4061,MICHAELIS,tripped,0.45,,100700,-2.39,0.114,0.0183,PDS4061BUST2012545,12.95,S4061B,S4061,measured
"S4061B UST .020, .125, 45%",S4061B,S4061,s4061,MICHAELIS,tripped,0.45,,100700,-0.87,0.253,0.0153,PDS4061BUST2012545,12.95,S4061B,S4061,measured
"S4061B UST .020, .125, 45%",S4061B,S4061,s4061,MICHAELIS,tripped,0.45,,100700,0.68,0.402,0.0144,PDS4061BUST2012545,12.95,S4061B,S4061,measured
"S4061B UST .020, .125, 45%",S4061B,S4061,s4061,MICHAELIS,tripped,0.45,,100700,2.2,0.558,0.017,PDS4061BUST2012545,12.95,S4061B,S4061,measured
"S4061B UST .020, .125, 45%",S4061B,S4061,s4061,MICHAELIS,tripped,0.45,,100700,3.71,0.708,0.0202,PDS4061BUST2012545,12.95,S4061B,S4061,measured
"S4061B UST .020, .125, 45%",S4061B,S4061,s4061,MICHAELIS,tripped,0.45,,100700,5.27,0.852,0.0201,PDS4061BUST2012545,12.95,S4061B,S4061,measured
"S4061B UST .020, .125, 45%",S4061B,S4061,s4061,MICHAELIS,tripped,0.45,,100700,6.78,0.989,0.0191,PDS4061BUST2012545,12.95,S4061B,S4061,measured
"S4061B UST .020, .125, 45%",S4061B,S4061,s4061,MICHAELIS,tripped,0.45,,100700,8.32,1.114,0.0217,PDS4061BUST2012545,12.95,S4061B,S4061,measured
"S4061B UST .020, .125, 45%",S4061B,S4061,s4061,MICHAELIS,tripped,0.45,,100700,9.84,1.208,0.0253,PDS4061BUST2012545,12.95,S4061B,S4061,measured
"S4061B UST .020, .125, 45%",S4061B,S4061,s4061,MICHAELIS,tripped,0.45,,100700,11.36,1.231,0.0344,PDS4061BUST2012545,12.95,S4061B,S4061,measured
"S4061B UST .020, .125, 45%",S4061B,S4061,s4061,MICHAELIS,tripped,0.45,,100700,12.84,1.227,0.0493,PDS4061BUST2012545,12.95,S4061B,S4061,measured
"S4061B UST .020, .125, 45%",S4061B,S4061,s4061,MICHAELIS,tripped,0.45,,100700,14.35,1.193,0.0603,PDS4061BUST2012545,12.95,S4061B,S4061,measured
"S4061B UST .020, .125, 45%",S4061B,S4061,s4061,MICHAELIS,tripped,0.45,,150200,-2.93,0.058,0.0172,PDS4061BUST2012545,12.95,S4061B,S4061,measured
"S4061B UST .020, .125, 45%",S4061B,S4061,s4061,MICHAELIS,tripped,0.45,,150200,-1.39,0.207,0.0134,PDS4061BUST2012545,12.95,S4061B,S4061,measured
"S4061B UST .020, .125, 45%",S4061B,S4061,s4061,MICHAELIS,tripped,0.45,,150200,0.15,0.355,0.0108,PDS4061BUST2012545,12.95,S4061B,S4061,measured
"S4061B UST .020, .125, 45%",S4061B,S4061,s4061,MICHAELIS,tripped,0.45,,150200,1.71,0.513,0.0117,PDS4061BUST2012545,12.95,S4061B,S4061,measured
"S4061B UST .020, .125, 45%",S4061B,S4061,s4061,MICHAELIS,tripped,0.45,,150200,3.21,0.663,0.0134,PDS4061BUST2012545,12.95,S4061B,S4061,measured
"S4061B UST .020, .125, 45%",S4061B,S4061,s4061,MICHAELIS,tripped,0.45,,150200,4.77,0.81,0.0143,PDS4061BUST2012545,12.95,S4061B,S4061,measured
"S4061B UST .020, .125, 45%",S4061B,S4061,s4061,MICHAELIS,tripped,0.45,,150200,6.27,0.948,0.0148,PDS4061BUST2012545,12.95,S4061B,S4061,measured
"S4061B UST .020, .125, 45%",S4061B,S4061,s4061,MICHAELIS,tripped,0.45,,150200,7.83,1.079,0.017,PDS4061BUST2012545,12.95,S4061B,S4061,measured
"S4061B UST .020, .125, 45%",S4061B,S4061,s4061,MICHAELIS,tripped,0.45,,150200,9.35,1.179,0.0214,PDS4061BUST2012545,12.95,S4061B,S4061,measured
"S4061B UST .020, .125, 45%",S4061B,S4061,s4061,MICHAELIS,tripped,0.45,,150200,10.85,1.233,0.0308,PDS4061BUST2012545,12.95,S4061B,S4061,measured
"S4061B UST .020, .125, 45%",S4061B,S4061,s4061,MICHAELIS,tripped,0.45,,150200,12.33,1.233,0.0466,PDS4061BUST2012545,12.95,S4061B,S4061,measured
"S4061B UST .020, .125, 45%",S4061B,S4061,s4061,MICHAELIS,tripped,0.45,,200500,-3.94,-0.06,0.0197,PDS4061BUST2012545,12.95,S4061B,S4061,measured
"S4061B UST .020, .125, 45%",S4061B,S4061,s4061,MICHAELIS,tripped,0.45,,200500,-2.41,0.086,0.0143,PDS4061BUST2012545,12.95,S4061B,S4061,measured
"S4061B UST .020, .125, 45%",S4061B,S4061,s4061,MICHAELIS,tripped,0.45,,200500,-0.86,0.239,0.0114,PDS4061BUST2012545,12.95,S4061B,S4061,measured
"S4061B UST .020, .125, 45%",S4061B,S4061,s4061,MICHAELIS,tripped,0.45,,200500,0.66,0.391,0.0095,PDS4061BUST2012545,12.95,S4061B,S4061,measured
"S4061B UST .020, .125, 45%",S4061B,S4061,s4061,MICHAELIS,tripped,0.45,,200500,2.2,0.55,0.0107,PDS4061BUST2012545,12.95,S4061B,S4061,measured
"S4061B UST .020, .125, 45%",S4061B,S4061,s4061,MICHAELIS,tripped,0.45,,200500,3.72,0.706,0.0113,PDS4061BUST2012545,12.95,S4061B,S4061,measured
"S4061B UST .020, .125, 45%",S4061B,S4061,s4061,MICHAELIS,tripped,0.45,,200500,5.28,0.855,0.0121,PDS4061BUST2012545,12.95,S4061B,S4061,measured
"S4061B UST .020, .125, 45%",S4061B,S4061,s4061,MICHAELIS,tripped,0.45,,200500,6.79,0.993,0.0137,PDS4061BUST2012545,12.95,S4061B,S4061,measured
"S4061B UST .020, .125, 45%",S4061B,S4061,s4061,MICHAELIS,tripped,0.45,,200500,8.33,1.109,0.0172,PDS4061BUST2012545,12.95,S4061B,S4061,measured
"S4061B UST .020, .125, 45%",S4061B,S4061,s4061,MICHAELIS,tripped,0.45,,200500,9.84,1.197,0.0218,PDS4061BUST2012545,12.95,S4061B,S4061,measured
"S4061B UST .020, .125, 45%",S4061B,S4061,s4061,MICHAELIS,tripped,0.45,,200500,11.34,1.241,0.0325,PDS4061BUST2012545,12.95,S4061B,S4061,measured
"S4061B UST .020, .125, 45%",S4061B,S4061,s4061,MICHAELIS,tripped,0.45,,200500,12.85,1.229,0.0516,PDS4061BUST2012545,12.95,S4061B,S4061,measured
"S4061B UST .020, .125, 45%",S4061B,S4061,s4061,MICHAELIS,tripped,0.45,,200500,14.35,1.197,0.0624,PDS4061BUST2012545,12.95,S4061B,S4061,measured
"S4061B UST .020, .125, 45%",S4061B,S4061,s4061,MICHAELIS,tripped,0.45,,299700,-2.9,0.05,0.014,PDS4061BUST2012545,12.95,S4061B,S4061,measured
"S4061B UST .020, .125, 45%",S4061B,S4061,s4061,MICHAELIS,tripped,0.45,,299700,-1.39,0.204,0.0111,PDS4061BUST2012545,12.95,S4061B,S4061,measured
"S4061B UST .020, .125, 45%",S4061B,S4061,s4061,MICHAELIS,tripped,0.45,,299700,0.14,0.362,0.0098,PDS4061BUST2012545,12.95,S4061B,S4061,measured
"S4061B UST .020, .125, 45%",S4061B,S4061,s4061,MICHAELIS,tripped,0.45,,299700,1.69,0.524,0.0088,PDS4061BUST2012545,12.95,S4061B,S4061,measured
"S4061B UST .020, .125, 45%",S4061B,S4061,s4061,MICHAELIS,tripped,0.45,,299700,3.22,0.682,0.0096,PDS4061BUST2012545,12.95,S4061B,S4061,measured
"S4061B UST .020, .125, 45%",S4061B,S4061,s4061,MICHAELIS,tripped,0.45,,299700,4.74,0.829,0.0105,PDS4061BUST2012545,12.95,S4061B,S4061,measured
"S4061B UST .020, .125, 45%",S4061B,S4061,s4061,MICHAELIS,tripped,0.45,,299700,6.28,0.97,0.0122,PDS4061BUST2012545,12.95,S4061B,S4061,measured
"S4061B UST .020, .125, 45%",S4061B,S4061,s4061,MICHAELIS,tripped,0.45,,299700,7.8,1.085,0.015,PDS4061BUST2012545,12.95,S4061B,S4061,measured
"S4061B UST .020, .125, 45%",S4061B,S4061,s4061,MICHAELIS,tripped,0.45,,299700,9.34,1.178,0.0192,PDS4061BUST2012545,12.95,S4061B,S4061,measured
"S4061B UST .020, .125, 45%",S4061B,S4061,s4061,MICHAELIS,tripped,0.45,,299700,10.86,1.235,0.027,PDS4061BUST2012545,12.95,S4061B,S4061,measured
"S4061B UST .020, .125, 45%",S4061B,S4061,s4061,MICHAELIS,tripped,0.45,,299700,12.34,1.243,0.0425,PDS4061BUST2012545,12.95,S4061B,S4061,measured
S4061B UST AT 150k,S4061B,S4061,s4061,MICHAELIS,other,,,150800,-1.87,0.234,0.0157,PDS4061BCOMPD5,12.96,S4061B,S4061,measured
S4061B UST AT 150k,S4061B,S4061,s4061,MICHAELIS,other,,,150800,0.16,0.419,0.0131,PDS4061BCOMPD5,12.96,S4061B,S4061,measured
S4061B UST AT 150k,S4061B,S4061,s4061,MICHAELIS,other,,,150800,2.23,0.619,0.0135,PDS4061BCOMPD5,12.96,S4061B,S4061,measured
S4061B UST AT 150k,S4061B,S4061,s4061,MICHAELIS,other,,,150800,4.25,0.812,0.0145,PDS4061BCOMPD5,12.96,S4061B,S4061,measured
S4061B UST AT 150k,S4061B,S4061,s4061,MICHAELIS,other,,,150800,6.31,1.019,0.0157,PDS4061BCOMPD5,12.96,S4061B,S4061,measured
S4061B UST AT 150k,S4061B,S4061,s4061,MICHAELIS,other,,,150800,7.33,1.1,0.017,PDS4061BCOMPD5,12.96,S4061B,S4061,measured
S4061B UST AT 150k,S4061B,S4061,s4061,MICHAELIS,other,,,150800,8.34,1.169,0.0198,PDS4061BCOMPD5,12.96,S4061B,S4061,measured
S4061B UST AT 150k,S4061B,S4061,s4061,MICHAELIS,other,,,150800,9.34,1.223,0.0227,PDS4061BCOMPD5,12.96,S4061B,S4061,measured
S4061B UST AT 150k,S4061B,S4061,s4061,MICHAELIS,other,,,150800,10.36,1.253,0.0284,PDS4061BCOMPD5,12.96,S4061B,S4061,measured
S4061B UST AT 150k,S4061B,S4061,s4061,MICHAELIS,other,,,150200,-2.93,0.058,0.0172,PDS4061BCOMPD5,12.96,S4061B,S4061,measured
S4061B UST AT 150k,S4061B,S4061,s4061,MICHAELIS,other,,,150200,-1.39,0.207,0.0134,PDS4061BCOMPD5,12.96,S4061B,S4061,measured
S4061B UST AT 150k,S4061B,S4061,s4061,MICHAELIS,other,,,150200,0.15,0.355,0.0108,PDS4061BCOMPD5,12.96,S4061B,S4061,measured
S4061B UST AT 150k,S4061B,S4061,s4061,MICHAELIS,other,,,150200,1.71,0.513,0.0117,PDS4061BCOMPD5,12.96,S4061B,S4061,measured
S4061B UST AT 150k,S4061B,S4061,s4061,MICHAELIS,other,,,150200,3.21,0.663,0.0134,PDS4061BCOMPD5,12.96,S4061B,S4061,measured
S4061B UST AT 150k,S4061B,S4061,s4061,MICHAELIS,other,,,150200,4.77,0.81,0.0143,PDS4061BCOMPD5,12.96,S4061B,S4061,measured
S4061B UST AT 150k,S4061B,S4061,s4061,MICHAELIS,other,,,150200,6.27,0.948,0.0148,PDS4061BCOMPD5,12.96,S4061B,S4061,measured
S4061B UST AT 150k,S4061B,S4061,s4061,MICHAELIS,other,,,150200,7.83,1.079,0.017,PDS4061BCOMPD5,12.96,S4061B,S4061,measured
S4061B UST AT 150k,S4061B,S4061,s4061,MICHAELIS,other,,,150200,9.35,1.179,0.0214,PDS4061BCOMPD5,12.96,S4061B,S4061,measured
S4061B UST AT 150k,S4061B,S4061,s4061,MICHAELIS,other,,,150200,10.85,1.233,0.0308,PDS4061BCOMPD5,12.96,S4061B,S4061,measured
S4061B UST AT 150k,S4061B,S4061,s4061,MICHAELIS,other,,,150200,12.33,1.233,0.0466,PDS4061BCOMPD5,12.96,S4061B,S4061,measured
S4061B UST AT 150k,S4061B,S4061,s4061,MICHAELIS,other,,,151000,-3.93,-0.051,0.0209,PDS4061BCOMPD5,12.96,S4061B,S4061,measured
S4061B UST AT 150k,S4061B,S4061,s4061,MICHAELIS,other,,,151000,-2.39,0.092,0.0155,PDS4061BCOMPD5,12.96,S4061B,S4061,measured
S4061B UST AT 150k,S4061B,S4061,s4061,MICHAELIS,other,,,151000,-0.88,0.241,0.0127,PDS4061BCOMPD5,12.96,S4061B,S4061,measured
S4061B UST AT 150k,S4061B,S4061,s4061,MICHAELIS,other,,,151000,0.65,0.395,0.011,PDS4061BCOMPD5,12.96,S4061B,S4061,measured
S4061B UST AT 150k,S4061B,S4061,s4061,MICHAELIS,other,,,151000,2.21,0.556,0.012,PDS4061BCOMPD5,12.96,S4061B,S4061,measured
S4061B UST AT 150k,S4061B,S4061,s4061,MICHAELIS,other,,,151000,3.74,0.707,0.0135,PDS4061BCOMPD5,12.96,S4061B,S4061,measured
S4061B UST AT 150k,S4061B,S4061,s4061,MICHAELIS,other,,,151000,5.25,0.853,0.0144,PDS4061BCOMPD5,12.96,S4061B,S4061,measured
S4061B UST AT 150k,S4061B,S4061,s4061,MICHAELIS,other,,,151000,6.79,0.992,0.0155,PDS4061BCOMPD5,12.96,S4061B,S4061,measured
S4061B UST AT 150k,S4061B,S4061,s4061,MICHAELIS,other,,,151000,8.32,1.115,0.0184,PDS4061BCOMPD5,12.96,S4061B,S4061,measured
S4061B UST AT 150k,S4061B,S4061,s4061,MICHAELIS,other,,,151000,9.85,1.205,0.0233,PDS4061BCOMPD5,12.96,S4061B,S4061,measured
S4061B UST AT 150k,S4061B,S4061,s4061,MICHAELIS,other,,,151000,11.34,1.239,0.0342,PDS4061BCOMPD5,12.96,S4061B,S4061,measured
S4061B TWO UST AT 150k AND 300k,S4061B,S4061,s4061,MICHAELIS,other,,,150200,-2.93,0.058,0.0172,PDS4061BCOM,12.97,S4061B,S4061,measured
S4061B TWO UST AT 150k AND 300k,S4061B,S4061,s4061,MICHAELIS,other,,,150200,-1.39,0.207,0.0134,PDS4061BCOM,12.97,S4061B,S4061,measured
S4061B TWO UST AT 150k AND 300k,S4061B,S4061,s4061,MICHAELIS,other,,,150200,0.15,0.355,0.0108,PDS4061BCOM,12.97,S4061B,S4061,measured
S4061B TWO UST AT 150k AND 300k,S4061B,S4061,s4061,MICHAELIS,other,,,150200,1.71,0.513,0.0117,PDS4061BCOM,12.97,S4061B,S4061,measured
S4061B TWO UST AT 150k AND 300k,S4061B,S4061,s4061,MICHAELIS,other,,,150200,3.21,0.663,0.0134,PDS4061BCOM,12.97,S4061B,S4061,measured
S4061B TWO UST AT 150k AND 300k,S4061B,S4061,s4061,MICHAELIS,other,,,150200,4.77,0.81,0.0143,PDS4061BCOM,12.97,S4061B,S4061,measured
S4061B TWO UST AT 150k AND 300k,S4061B,S4061,s4061,MICHAELIS,other,,,150200,6.27,0.948,0.0148,PDS4061BCOM,12.97,S4061B,S4061,measured
S4061B TWO UST AT 150k AND 300k,S4061B,S4061,s4061,MICHAELIS,other,,,150200,7.83,1.079,0.017,PDS4061BCOM,12.97,S4061B,S4061,measured
S4061B TWO UST AT 150k AND 300k,S4061B,S4061,s4061,MICHAELIS,other,,,150200,9.35,1.179,0.0214,PDS4061BCOM,12.97,S4061B,S4061,measured
S4061B TWO UST AT 150k AND 300k,S4061B,S4061,s4061,MICHAELIS,other,,,150200,10.85,1.233,0.0308,PDS4061BCOM,12.97,S4061B,S4061,measured
S4061B TWO UST AT 150k AND 300k,S4061B,S4061,s4061,MICHAELIS,other,,,150200,12.33,1.233,0.0466,PDS4061BCOM,12.97,S4061B,S4061,measured
S4061B TWO UST AT 150k AND 300k,S4061B,S4061,s4061,MICHAELIS,other,,,151000,-3.93,-0.051,0.0209,PDS4061BCOM,12.97,S4061B,S4061,measured
S4061B TWO UST AT 150k AND 300k,S4061B,S4061,s4061,MICHAELIS,other,,,151000,-2.39,0.092,0.0155,PDS4061BCOM,12.97,S4061B,S4061,measured
S4061B TWO UST AT 150k AND 300k,S4061B,S4061,s4061,MICHAELIS,other,,,151000,-0.88,0.241,0.0127,PDS4061BCOM,12.97,S4061B,S4061,measured
S4061B TWO UST AT 150k AND 300k,S4061B,S4061,s4061,MICHAELIS,other,,,151000,0.65,0.395,0.011,PDS4061BCOM,12.97,S4061B,S4061,measured
S4061B TWO UST AT 150k AND 300k,S4061B,S4061,s4061,MICHAELIS,other,,,151000,2.21,0.556,0.012,PDS4061BCOM,12.97,S4061B,S4061,measured
S4061B TWO UST AT 150k AND 300k,S4061B,S4061,s4061,MICHAELIS,other,,,151000,3.74,0.707,0.0135,PDS4061BCOM,12.97,S4061B,S4061,measured
S4061B TWO UST AT 150k AND 300k,S4061B,S4061,s4061,MICHAELIS,other,,,151000,5.25,0.853,0.0144,PDS4061BCOM,12.97,S4061B,S4061,measured
S4061B TWO UST AT 150k AND 300k,S4061B,S4061,s4061,MICHAELIS,other,,,151000,6.79,0.992,0.0155,PDS4061BCOM,12.97,S4061B,S4061,measured
S4061B TWO UST AT 150k AND 300k,S4061B,S4061,s4061,MICHAELIS,other,,,151000,8.32,1.115,0.0184,PDS4061BCOM,12.97,S4061B,S4061,measured
S4061B TWO UST AT 150k AND 300k,S4061B,S4061,s4061,MICHAELIS,other,,,151000,9.85,1.205,0.0233,PDS4061BCOM,12.97,S4061B,S4061,measured
S4061B TWO UST AT 150k AND 300k,S4061B,S4061,s4061,MICHAELIS,other,,,151000,11.34,1.239,0.0342,PDS4061BCOM,12.97,S4061B,S4061,measured
S4061B TWO UST AT 150k AND 300k,S4061B,S4061,s4061,MICHAELIS,other,,,299700,-2.9,0.05,0.014,PDS4061BCOM,12.97,S4061B,S4061,measured
S4061B TWO UST AT 150k AND 300k,S4061B,S4061,s4061,MICHAELIS,other,,,299700,-1.39,0.204,0.0111,PDS4061BCOM,12.97,S4061B,S4061,measured
S4061B TWO UST AT 150k AND 300k,S4061B,S4061,s4061,MICHAELIS,other,,,299700,0.14,0.362,0.0098,PDS4061BCOM,12.97,S4061B,S4061,measured
S4061B TWO UST AT 150k AND 300k,S4061B,S4061,s4061,MICHAELIS,other,,,299700,1.69,0.524,0.0088,PDS4061BCOM,12.97,S4061B,S4061,measured
S4061B TWO UST AT 150k AND 300k,S4061B,S4061,s4061,MICHAELIS,other,,,299700,3.22,0.682,0.0096,PDS4061BCOM,12.97,S4061B,S4061,measured
S4061B TWO UST AT 150k AND 300k,S4061B,S4061,s4061,MICHAELIS,other,,,299700,4.74,0.829,0.0105,PDS4061BCOM,12.97,S4061B,S4061,measured
S4061B TWO UST AT 150k AND 300k,S4061B,S4061,s4061,MICHAELIS,other,,,299700,6.28,0.97,0.0122,PDS4061BCOM,12.97,S4061B,S4061,measured
S4061B TWO UST AT 150k AND 300k,S4061B,S4061,s4061,MICHAELIS,other,,,299700,7.8,1.085,0.015,PDS4061BCOM,12.97,S4061B,S4061,measured
S4061B TWO UST AT 150k AND 300k,S4061B,S4061,s4061,MICHAELIS,other,,,299700,9.34,1.178,0.0192,PDS4061BCOM,12.97,S4061B,S4061,measured
S4061B TWO UST AT 150k AND 300k,S4061B,S4061,s4061,MICHAELIS,other,,,299700,10.86,1.235,0.027,PDS4061BCOM,12.97,S4061B,S4061,measured
S4061B TWO UST AT 150k AND 300k,S4061B,S4061,s4061,MICHAELIS,other,,,299700,12.34,1.243,0.0425,PDS4061BCOM,12.97,S4061B,S4061,measured
S4061B TWO UST AT 150k AND 300k,S4061B,S4061,s4061,MICHAELIS,other,,,301300,-2.91,0.029,0.0139,PDS4061BCOM,12.97,S4061B,S4061,measured
S4061B TWO UST AT 150k AND 300k,S4061B,S4061,s4061,MICHAELIS,other,,,301300,-1.38,0.183,0.0114,PDS4061BCOM,12.97,S4061B,S4061,measured
S4061B TWO UST AT 150k AND 300k,S4061B,S4061,s4061,MICHAELIS,other,,,301300,0.13,0.34,0.0098,PDS4061BCOM,12.97,S4061B,S4061,measured
S4061B TWO UST AT 150k AND 300k,S4061B,S4061,s4061,MICHAELIS,other,,,301300,1.67,0.501,0.0086,PDS4061BCOM,12.97,S4061B,S4061,measured
S4061B TWO UST AT 150k AND 300k,S4061B,S4061,s4061,MICHAELIS,other,,,301300,3.17,0.654,0.0093,PDS4061BCOM,12.97,S4061B,S4061,measured
S4061B TWO UST AT 150k AND 300k,S4061B,S4061,s4061,MICHAELIS,other,,,301300,4.73,0.807,0.0103,PDS4061BCOM,12.97,S4061B,S4061,measured
S4061B TWO UST AT 150k AND 300k,S4061B,S4061,s4061,MICHAELIS,other,,,301300,6.28,0.95,0.0118,PDS4061BCOM,12.97,S4061B,S4061,measured
S4061B TWO UST AT 150k AND 300k,S4061B,S4061,s4061,MICHAELIS,other,,,301300,7.8,1.071,0.0147,PDS4061BCOM,12.97,S4061B,S4061,measured
S4061B TWO UST AT 150k AND 300k,S4061B,S4061,s4061,MICHAELIS,other,,,301300,9.32,1.17,0.0185,PDS4061BCOM,12.97,S4061B,S4061,measured
S4061B TWO UST AT 150k AND 300k,S4061B,S4061,s4061,MICHAELIS,other,,,301300,10.84,1.232,0.0255,PDS4061BCOM,12.97,S4061B,S4061,measured
S4062,S4062,S4062,s4062,WATSON/BOREN,clean,,,59300,-2.9,0.024,0.0291,PDS4062,12.99,S4062,S4062,measured
S4062,S4062,S4062,s4062,WATSON/BOREN,clean,,,59300,-1.88,0.139,0.0236,PDS4062,12.99,S4062,S4062,measured
S4062,S4062,S4062,s4062,WATSON/BOREN,clean,,,59300,-0.86,0.222,0.0226,PDS4062,12.99,S4062,S4062,measured
S4062,S4062,S4062,s4062,WATSON/BOREN,clean,,,59300,0.16,0.305,0.027,PDS4062,12.99,S4062,S4062,measured
S4062,S4062,S4062,s4062,WATSON/BOREN,clean,,,59300,1.17,0.407,0.0294,PDS4062,12.99,S4062,S4062,measured
S4062,S4062,S4062,s4062,WATSON/BOREN,clean,,,59300,2.21,0.502,0.0346,PDS4062,12.99,S4062,S4062,measured
S4062,S4062,S4062,s4062,WATSON/BOREN,clean,,,59300,3.23,0.619,0.0361,PDS4062,12.99,S4062,S4062,measured
S4062,S4062,S4062,s4062,WATSON/BOREN,clean,,,59300,4.26,0.761,0.0323,PDS4062,12.99,S4062,S4062,measured
S4062,S4062,S4062,s4062,WATSON/BOREN,clean,,,59300,5.29,0.865,0.0274,PDS4062,12.99,S4062,S4062,measured
S4062,S4062,S4062,s4062,WATSON/BOREN,clean,,,59300,6.3,0.953,0.0257,PDS4062,12.99,S4062,S4062,measured
S4062,S4062,S4062,s4062,WATSON/BOREN,clean,,,59300,7.32,1.027,0.0229,PDS4062,12.99,S4062,S4062,measured
S4062,S4062,S4062,s4062,WATSON/BOREN,clean,,,59300,8.33,1.107,0.0289,PDS4062,12.99,S4062,S4062,measured
S4062,S4062,S4062,s4062,WATSON/BOREN,clean,,,59300,9.35,1.145,0.0293,PDS4062,12.99,S4062,S4062,measured
S4062,S4062,S4062,s4062,WATSON/BOREN,clean,,,59300,10.35,1.158,0.0415,PDS4062,12.99,S4062,S4062,measured
S4062,S4062,S4062,s4062,WATSON/BOREN,clean,,,59300,11.35,1.181,0.0451,PDS4062,12.99,S4062,S4062,measured
S4062,S4062,S4062,s4062,WATSON/BOREN,clean,,,98900,-3.9,0.031,0.0259,PDS4062,12.99,S4062,S4062,measured
S4062,S4062,S4062,s4062,WATSON/BOREN,clean,,,98900,-2.89,0.131,0.0223,PDS4062,12.99,S4062,S4062,measured
S4062,S4062,S4062,s4062,WATSON/BOREN,clean,,,98900,-1.86,0.238,0.0203,PDS4062,12.99,S4062,S4062,measured
S4062,S4062,S4062,s4062,WATSON/BOREN,clean,,,98900,-0.84,0.324,0.0197,PDS4062,12.99,S4062,S4062,measured
S4062,S4062,S4062,s4062,WATSON/BOREN,clean,,,98900,0.18,0.43,0.022,PDS4062,12.99,S4062,S4062,measured
S4062,S4062,S4062,s4062,WATSON/BOREN,clean,,,98900,1.21,0.529,0.0252,PDS4062,12.99,S4062,S4062,measured
S4062,S4062,S4062,s4062,WATSON/BOREN,clean,,,98900,2.23,0.627,0.0256,PDS4062,12.99,S4062,S4062,measured
S4062,S4062,S4062,s4062,WATSON/BOREN,clean,,,98900,3.25,0.726,0.0255,PDS4062,12.99,S4062,S4062,measured
S4062,S4062,S4062,s4062,WATSON/BOREN,clean,,,98900,4.27,0.822,0.0222,PDS4062,12.99,S4062,S4062,measured
S4062,S4062,S4062,s4062,WATSON/BOREN,clean,,,98900,5.29,0.916,0.0198,PDS4062,12.99,S4062,S4062,measured
S4062,S4062,S4062,s4062,WATSON/BOREN,clean,,,98900,6.31,1.009,0.0191,PDS4062,12.99,S4062,S4062,measured
S4062,S4062,S4062,s4062,WATSON/BOREN,clean,,,98900,7.33,1.09,0.0202,PDS4062,12.99,S4062,S4062,measured
S4062,S4062,S4062,s4062,WATSON/BOREN,clean,,,98900,8.34,1.144,0.0227,PDS4062,12.99,S4062,S4062,measured
S4062,S4062,S4062,s4062,WATSON/BOREN,clean,,,98900,9.34,1.168,0.0307,PDS4062,12.99,S4062,S4062,measured
S4062,S4062,S4062,s4062,WATSON/BOREN,clean,,,98900,10.36,1.197,0.0384,PDS4062,12.99,S4062,S4062,measured
S4062,S4062,S4062,s4062,WATSON/BOREN,clean,,,150200,-3.92,0.066,0.0206,PDS4062,12.99,S4062,S4062,measured
S4062,S4062,S4062,s4062,WATSON/BOREN,clean,,,150200,-2.88,0.159,0.0178,PDS4062,12.99,S4062,S4062,measured
S4062,S4062,S4062,s4062,WATSON/BOREN,clean,,,150200,-1.84,0.251,0.0156,PDS4062,12.99,S4062,S4062,measured
S4062,S4062,S4062,s4062,WATSON/BOREN,clean,,,150200,-0.82,0.335,0.0136,PDS4062,12.99,S4062,S4062,measured
S4062,S4062,S4062,s4062,WATSON/BOREN,clean,,,150200,0.18,0.432,0.0141,PDS4062,12.99,S4062,S4062,measured
S4062,S4062,S4062,s4062,WATSON/BOREN,clean,,,150200,1.19,0.531,0.0148,PDS4062,12.99,S4062,S4062,measured
S4062,S4062,S4062,s4062,WATSON/BOREN,clean,,,150200,2.22,0.627,0.0146,PDS4062,12.99,S4062,S4062,measured
S4062,S4062,S4062,s4062,WATSON/BOREN,clean,,,150200,3.25,0.731,0.0151,PDS4062,12.99,S4062,S4062,measured
S4062,S4062,S4062,s4062,WATSON/BOREN,clean,,,150200,4.27,0.826,0.0147,PDS4062,12.99,S4062,S4062,measured
S4062,S4062,S4062,s4062,WATSON/BOREN,clean,,,150200,5.29,0.923,0.0146,PDS4062,12.99,S4062,S4062,measured
S4062,S4062,S4062,s4062,WATSON/BOREN,clean,,,150200,6.31,0.999,0.0147,PDS4062,12.99,S4062,S4062,measured
S4062,S4062,S4062,s4062,WATSON/BOREN,clean,,,150200,7.32,1.072,0.0172,PDS4062,12.99,S4062,S4062,measured
S4062,S4062,S4062,s4062,WATSON/BOREN,clean,,,150200,8.34,1.122,0.0226,PDS4062,12.99,S4062,S4062,measured
S4062,S4062,S4062,s4062,WATSON/BOREN,clean,,,150200,9.34,1.157,0.0281,PDS4062,12.99,S4062,S4062,measured
S4062,S4062,S4062,s4062,WATSON/BOREN,clean,,,150200,10.35,1.189,0.0341,PDS4062,12.99,S4062,S4062,measured
S4062,S4062,S4062,s4062,WATSON/BOREN,clean,,,150200,11.36,1.203,0.0437,PDS4062,12.99,S4062,S4062,measured
S4062,S4062,S4062,s4062,WATSON/BOREN,clean,,,150200,12.35,1.201,0.0621,PDS4062,12.99,S4062,S4062,measured
S4062,S4062,S4062,s4062,WATSON/BOREN,clean,,,201600,-4.93,-0.042,0.0269,PDS4062,12.99,S4062,S4062,measured
S4062,S4062,S4062,s4062,WATSON/BOREN,clean,,,201600,-3.95,0.049,0.0194,PDS4062,12.99,S4062,S4062,measured
S4062,S4062,S4062,s4062,WATSON/BOREN,clean,,,201600,-2.9,0.146,0.0162,PDS4062,12.99,S4062,S4062,measured
S4062,S4062,S4062,s4062,WATSON/BOREN,clean,,,201600,-1.86,0.246,0.0139,PDS4062,12.99,S4062,S4062,measured
S4062,S4062,S4062,s4062,WATSON/BOREN,clean,,,201600,-0.85,0.345,0.0116,PDS4062,12.99,S4062,S4062,measured
S4062,S4062,S4062,s4062,WATSON/BOREN,clean,,,201600,0.19,0.442,0.0104,PDS4062,12.99,S4062,S4062,measured
S4062,S4062,S4062,s4062,WATSON/BOREN,clean,,,201600,1.21,0.545,0.0108,PDS4062,12.99,S4062,S4062,measured
S4062,S4062,S4062,s4062,WATSON/BOREN,clean,,,201600,2.23,0.65,0.0114,PDS4062,12.99,S4062,S4062,measured
S4062,S4062,S4062,s4062,WATSON/BOREN,clean,,,201600,3.26,0.753,0.0117,PDS4062,12.99,S4062,S4062,measured
S4062,S4062,S4062,s4062,WATSON/BOREN,clean,,,201600,4.28,0.853,0.0121,PDS4062,12.99,S4062,S4062,measured
S4062,S4062,S4062,s4062,WATSON/BOREN,clean,,,201600,5.3,0.945,0.0125,PDS4062,12.99,S4062,S4062,measured
S4062,S4062,S4062,s4062,WATSON/BOREN,clean,,,201600,6.31,1.026,0.0141,PDS4062,12.99,S4062,S4062,measured
S4062,S4062,S4062,s4062,WATSON/BOREN,clean,,,201600,7.33,1.095,0.0173,PDS4062,12.99,S4062,S4062,measured
S4062,S4062,S4062,s4062,WATSON/BOREN,clean,,,201600,8.34,1.147,0.0219,PDS4062,12.99,S4062,S4062,measured
S4062,S4062,S4062,s4062,WATSON/BOREN,clean,,,201600,9.35,1.189,0.0274,PDS4062,12.99,S4062,S4062,measured
S4062,S4062,S4062,s4062,WATSON/BOREN,clean,,,201600,10.36,1.217,0.0338,PDS4062,12.99,S4062,S4062,measured
S4062,S4062,S4062,s4062,WATSON/BOREN,clean,,,201600,11.36,1.229,0.0447,PDS4062,12.99,S4062,S4062,measured
S4062,S4062,S4062,s4062,WATSON/BOREN,clean,,,304900,-3.91,0.016,0.0186,PDS4062,12.99,S4062,S4062,measured
S4062,S4062,S4062,s4062,WATSON/BOREN,clean,,,304900,-2.88,0.121,0.0141,PDS4062,12.99,S4062,S4062,measured
S4062,S4062,S4062,s4062,WATSON/BOREN,clean,,,304900,-1.86,0.225,0.0125,PDS4062,12.99,S4062,S4062,measured
S4062,S4062,S4062,s4062,WATSON/BOREN,clean,,,304900,-0.86,0.337,0.0103,PDS4062,12.99,S4062,S4062,measured
S4062,S4062,S4062,s4062,WATSON/BOREN,clean,,,304900,0.17,0.436,0.0087,PDS4062,12.99,S4062,S4062,measured
S4062,S4062,S4062,s4062,WATSON/BOREN,clean,,,304900,1.19,0.541,0.0084,PDS4062,12.99,S4062,S4062,measured
S4062,S4062,S4062,s4062,WATSON/BOREN,clean,,,304900,2.23,0.65,0.0088,PDS4062,12.99,S4062,S4062,measured
S4062,S4062,S4062,s4062,WATSON/BOREN,clean,,,304900,3.25,0.751,0.0092,PDS4062,12.99,S4062,S4062,measured
S4062,S4062,S4062,s4062,WATSON/BOREN,clean,,,304900,4.26,0.848,0.0099,PDS4062,12.99,S4062,S4062,measured
S4062,S4062,S4062,s4062,WATSON/BOREN,clean,,,304900,5.29,0.939,0.0111,PDS4062,12.99,S4062,S4062,measured
S4062,S4062,S4062,s4062,WATSON/BOREN,clean,,,304900,6.31,1.019,0.0134,PDS4062,12.99,S4062,S4062,measured
S4180,S4180,S4180,s4180,RUMINISKI,clean,,,106400,-2.91,0.013,0.0277,PDS4180,12.100,,S4180,design
S4180,S4180,S4180,s4180,RUMINISKI,clean,,,106400,-0.88,0.202,0.0185,PDS4180,12.100,,S4180,design
S4180,S4180,S4180,s4180,RUMINISKI,clean,,,106400,1.16,0.398,0.0167,PDS4180,12.100,,S4180,design
S4180,S4180,S4180,s4180,RUMINISKI,clean,,,106400,3.23,0.596,0.0178,PDS4180,12.100,,S4180,design
S4180,S4180,S4180,s4180,RUMINISKI,clean,,,106400,5.26,0.789,0.021,PDS4180,12.100,,S4180,design
S4180,S4180,S4180,s4180,RUMINISKI,clean,,,106400,7.29,0.968,0.0223,PDS4180,12.100,,S4180,design
S4180,S4180,S4180,s4180,RUMINISKI,clean,,,106400,8.32,1.056,0.0199,PDS4180,12.100,,S4180,design
S4180,S4180,S4180,s4180,RUMINISKI,clean,,,106400,9.33,1.116,0.0271,PDS4180,12.100,,S4180,design
S4180,S4180,S4180,s4180,RUMINISKI,clean,,,106400,10.33,1.148,0.0408,PDS4180,12.100,,S4180,design
S4180,S4180,S4180,s4180,RUMINISKI,clean,,,106400,11.34,1.171,0.0452,PDS4180,12.100,,S4180,design
S4180,S4180,S4180,s4180,RUMINISKI,clean,,,106400,12.35,1.176,0.0543,PDS4180,12.100,,S4180,design
S4180,S4180,S4180,s4180,RUMINISKI,clean,,,106400,13.32,1.11,0.146,PDS4180,12.100,,S4180,design
S4180,S4180,S4180,s4180,RUMINISKI,clean,,,201800,-2.92,0.011,0.0156,PDS4180,12.100,,S4180,design
S4180,S4180,S4180,s4180,RUMINISKI,clean,,,201800,-0.86,0.217,0.0127,PDS4180,12.100,,S4180,design
S4180,S4180,S4180,s4180,RUMINISKI,clean,,,201800,1.18,0.423,0.0114,PDS4180,12.100,,S4180,design
S4180,S4180,S4180,s4180,RUMINISKI,clean,,,201800,3.23,0.635,0.0123,PDS4180,12.100,,S4180,design
S4180,S4180,S4180,s4180,RUMINISKI,clean,,,201800,5.27,0.833,0.0139,PDS4180,12.100,,S4180,design
S4180,S4180,S4180,s4180,RUMINISKI,clean,,,201800,7.3,1.021,0.0162,PDS4180,12.100,,S4180,design
S4180,S4180,S4180,s4180,RUMINISKI,clean,,,201800,8.32,1.1,0.021,PDS4180,12.100,,S4180,design
S4180,S4180,S4180,s4180,RUMINISKI,clean,,,201800,9.33,1.156,0.03,PDS4180,12.100,,S4180,design
S4180,S4180,S4180,s4180,RUMINISKI,clean,,,201800,10.32,1.175,0.0418,PDS4180,12.100,,S4180,design
S4180,S4180,S4180,s4180,RUMINISKI,clean,,,201800,11.34,1.175,0.0647,PDS4180,12.100,,S4180,design
S4180,S4180,S4180,s4180,RUMINISKI,clean,,,201800,12.35,1.162,0.0975,PDS4180,12.100,,S4180,design
S4180,S4180,S4180,s4180,RUMINISKI,clean,,,304700,-2.95,-0.005,0.0135,PDS4180,12.100,,S4180,design
S4180,S4180,S4180,s4180,RUMINISKI,clean,,,304700,-1.93,0.111,0.0121,PDS4180,12.100,,S4180,design
S4180,S4180,S4180,s4180,RUMINISKI,clean,,,304700,-0.87,0.221,0.0111,PDS4180,12.100,,S4180,design
S4180,S4180,S4180,s4180,RUMINISKI,clean,,,304700,0.14,0.331,0.0108,PDS4180,12.100,,S4180,design
S4180,S4180,S4180,s4180,RUMINISKI,clean,,,304700,1.17,0.431,0.0092,PDS4180,12.100,,S4180,design
S4180,S4180,S4180,s4180,RUMINISKI,clean,,,304700,2.19,0.538,0.0094,PDS4180,12.100,,S4180,design
S4180,S4180,S4180,s4180,RUMINISKI,clean,,,304700,3.2,0.639,0.01,PDS4180,12.100,,S4180,design
S4180,S4180,S4180,s4180,RUMINISKI,clean,,,304700,4.24,0.741,0.0106,PDS4180,12.100,,S4180,design
S4180,S4180,S4180,s4180,RUMINISKI,clean,,,304700,5.26,0.838,0.0115,PDS4180,12.100,,S4180,design
S4180,S4180,S4180,s4180,RUMINISKI,clean,,,304700,6.28,0.929,0.0123,PDS4180,12.100,,S4180,design
S4180,S4180,S4180,s4180,RUMINISKI,clean,,,304700,7.3,1.017,0.0152,PDS4180,12.100,,S4180,design
S4180,S4180,S4180,s4180,RUMINISKI,clean,,,304700,8.32,1.093,0.0193,PDS4180,12.100,,S4180,design
S4180,S4180,S4180,s4180,RUMINISKI,clean,,,304700,9.32,1.146,0.0257,PDS4180,12.100,,S4180,design
S4180,S4180,S4180,s4180,RUMINISKI,clean,,,304700,10.32,1.17,0.0418,PDS4180,12.100,,S4180,design
S4233,S4233,S4233,s4233,CHAMPINE,clean,,,60300,-2.92,-0.047,0.0263,PDS4233,12.101,S4233,S4233,measured
S4233,S4233,S4233,s4233,CHAMPINE,clean,,,60300,-1.9,0.005,0.0284,PDS4233,12.101,S4233,S4233,measured
S4233,S4233,S4233,s4233,CHAMPINE,clean,,,60300,-0.88,0.116,0.031,PDS4233,12.101,S4233,S4233,measured
S4233,S4233,S4233,s4233,CHAMPINE,clean,,,60300,0.15,0.22,0.0336,PDS4233,12.101,S4233,S4233,measured
S4233,S4233,S4233,s4233,CHAMPINE,clean,,,60300,1.16,0.292,0.0381,PDS4233,12.101,S4233,S4233,measured
S4233,S4233,S4233,s4233,CHAMPINE,clean,,,101300,-6.97,-0.354,0.029,PDS4233,12.101,S4233,S4233,measured
S4233,S4233,S4233,s4233,CHAMPINE,clean,,,101300,-5.97,-0.255,0.0253,PDS4233,12.101,S4233,S4233,measured
S4233,S4233,S4233,s4233,CHAMPINE,clean,,,101300,-4.94,-0.163,0.0211,PDS4233,12.101,S4233,S4233,measured
S4233,S4233,S4233,s4233,CHAMPINE,clean,,,101300,-3.94,-0.075,0.0183,PDS4233,12.101,S4233,S4233,measured
S4233,S4233,S4233,s4233,CHAMPINE,clean,,,101300,-2.91,0.011,0.0191,PDS4233,12.101,S4233,S4233,measured
S4233,S4233,S4233,s4233,CHAMPINE,clean,,,101300,-1.9,0.076,0.0188,PDS4233,12.101,S4233,S4233,measured
S4233,S4233,S4233,s4233,CHAMPINE,clean,,,101300,-0.89,0.149,0.0193,PDS4233,12.101,S4233,S4233,measured
S4233,S4233,S4233,s4233,CHAMPINE,clean,,,101300,0.15,0.265,0.0204,PDS4233,12.101,S4233,S4233,measured
S4233,S4233,S4233,s4233,CHAMPINE,clean,,,101300,1.17,0.373,0.0241,PDS4233,12.101,S4233,S4233,measured
S4233,S4233,S4233,s4233,CHAMPINE,clean,,,101300,2.19,0.474,0.026,PDS4233,12.101,S4233,S4233,measured
S4233,S4233,S4233,s4233,CHAMPINE,clean,,,101300,3.22,0.552,0.0292,PDS4233,12.101,S4233,S4233,measured
S4233,S4233,S4233,s4233,CHAMPINE,clean,,,101300,4.23,0.64,0.0292,PDS4233,12.101,S4233,S4233,measured
S4233,S4233,S4233,s4233,CHAMPINE,clean,,,101300,5.25,0.752,0.0292,PDS4233,12.101,S4233,S4233,measured
S4233,S4233,S4233,s4233,CHAMPINE,clean,,,101300,6.28,0.849,0.0298,PDS4233,12.101,S4233,S4233,measured
S4233,S4233,S4233,s4233,CHAMPINE,clean,,,101300,7.3,0.962,0.0256,PDS4233,12.101,S4233,S4233,measured
S4233,S4233,S4233,s4233,CHAMPINE,clean,,,101300,8.33,1.065,0.0242,PDS4233,12.101,S4233,S4233,measured
S4233,S4233,S4233,s4233,CHAMPINE,clean,,,101300,9.34,1.159,0.0242,PDS4233,12.101,S4233,S4233,measured
S4233,S4233,S4233,s4233,CHAMPINE,clean,,,101300,10.35,1.221,0.0267,PDS4233,12.101,S4233,S4233,measured
S4233,S4233,S4233,s4233,CHAMPINE,clean,,,101300,11.35,1.199,0.0356,PDS4233,12.101,S4233,S4233,measured
S4233,S4233,S4233,s4233,CHAMPINE,clean,,,127300,-4.97,-0.224,0.0198,PDS4233,12.101,S4233,S4233,measured
S4233,S4233,S4233,s4233,CHAMPINE,clean,,,127300,-3.95,-0.138,0.0182,PDS4233,12.101,S4233,S4233,measured
S4233,S4233,S4233,s4233,CHAMPINE,clean,,,127300,-2.92,-0.057,0.0171,PDS4233,12.101,S4233,S4233,measured
S4233,S4233,S4233,s4233,CHAMPINE,clean,,,127300,-1.9,0.019,0.018,PDS4233,12.101,S4233,S4233,measured
S4233,S4233,S4233,s4233,CHAMPINE,clean,,,127300,-0.87,0.117,0.0162,PDS4233,12.101,S4233,S4233,measured
S4233,S4233,S4233,s4233,CHAMPINE,clean,,,127300,0.13,0.214,0.0162,PDS4233,12.101,S4233,S4233,measured
S4233,S4233,S4233,s4233,CHAMPINE,clean,,,127300,1.16,0.306,0.018,PDS4233,12.101,S4233,S4233,measured
S4233,S4233,S4233,s4233,CHAMPINE,clean,,,127300,2.18,0.418,0.0181,PDS4233,12.101,S4233,S4233,measured
S4233,S4233,S4233,s4233,CHAMPINE,clean,,,127300,3.2,0.528,0.0203,PDS4233,12.101,S4233,S4233,measured
S4233,S4233,S4233,s4233,CHAMPINE,clean,,,127300,4.23,0.624,0.0212,PDS4233,12.101,S4233,S4233,measured
S4233,S4233,S4233,s4233,CHAMPINE,clean,,,127300,5.25,0.734,0.0213,PDS4233,12.101,S4233,S4233,measured
S4233,S4233,S4233,s4233,CHAMPINE,clean,,,127300,6.27,0.832,0.0212,PDS4233,12.101,S4233,S4233,measured
S4233,S4233,S4233,s4233,CHAMPINE,clean,,,127300,7.28,0.935,0.021,PDS4233,12.101,S4233,S4233,measured
S4233,S4233,S4233,s4233,CHAMPINE,clean,,,127300,8.3,1.028,0.0221,PDS4233,12.101,S4233,S4233,measured
S4233,S4233,S4233,s4233,CHAMPINE,clean,,,127300,9.33,1.111,0.0199,PDS4233,12.101,S4233,S4233,measured
S4233,S4233,S4233,s4233,CHAMPINE,clean,,,150200,-4.94,-0.144,0.0166,PDS4233,12.101,S4233,S4233,measured
S4233,S4233,S4233,s4233,CHAMPINE,clean,,,150200,-3.92,-0.057,0.0156,PDS4233,12.101,S4233,S4233,measured
S4233,S4233,S4233,s4233,CHAMPINE,clean,,,150200,-2.91,0.033,0.0149,PDS4233,12.101,S4233,S4233,measured
S4233,S4233,S4233,s4233,CHAMPINE,clean,,,150200,-1.89,0.128,0.0149,PDS4233,12.101,S4233,S4233,measured
S4233,S4233,S4233,s4233,CHAMPINE,clean,,,150200,-0.86,0.219,0.0147,PDS4233,12.101,S4233,S4233,measured
S4233,S4233,S4233,s4233,CHAMPINE,clean,,,150200,0.16,0.313,0.0155,PDS4233,12.101,S4233,S4233,measured
S4233,S4233,S4233,s4233,CHAMPINE,clean,,,150200,1.18,0.433,0.0152,PDS4233,12.101,S4233,S4233,measured
S4233,S4233,S4233,s4233,CHAMPINE,clean,,,150200,2.2,0.538,0.0161,PDS4233,12.101,S4233,S4233,measured
S4233,S4233,S4233,s4233,CHAMPINE,clean,,,150200,3.24,0.643,0.0172,PDS4233,12.101,S4233,S4233,measured
S4233,S4233,S4233,s4233,CHAMPINE,clean,,,150200,4.25,0.745,0.0179,PDS4233,12.101,S4233,S4233,measured
S4233,S4233,S4233,s4233,CHAMPINE,clean,,,150200,5.28,0.845,0.0182,PDS4233,12.101,S4233,S4233,measured
S4233,S4233,S4233,s4233,CHAMPINE,clean,,,150200,6.3,0.945,0.0185,PDS4233,12.101,S4233,S4233,measured
S4233,S4233,S4233,s4233,CHAMPINE,clean,,,150200,7.32,1.042,0.0188,PDS4233,12.101,S4233,S4233,measured
S4233,S4233,S4233,s4233,CHAMPINE,clean,,,150200,8.35,1.14,0.0195,PDS4233,12.101,S4233,S4233,measured
S4233,S4233,S4233,s4233,CHAMPINE,clean,,,150200,9.35,1.213,0.0213,PDS4233,12.101,S4233,S4233,measured
S4233,S4233,S4233,s4233,CHAMPINE,clean,,,150200,10.37,1.234,0.0267,PDS4233,12.101,S4233,S4233,measured
S4233,S4233,S4233,s4233,CHAMPINE,clean,,,200200,-5.05,-0.174,0.0154,PDS4233,12.101,S4233,S4233,measured
S4233,S4233,S4233,s4233,CHAMPINE,clean,,,200200,-3.99,-0.077,0.0136,PDS4233,12.101,S4233,S4233,measured
S4233,S4233,S4233,s4233,CHAMPINE,clean,,,200200,-2.97,0.02,0.0126,PDS4233,12.101,S4233,S4233,measured
S4233,S4233,S4233,s4233,CHAMPINE,clean,,,200200,-1.94,0.12,0.0123,PDS4233,12.101,S4233,S4233,measured
S4233,S4233,S4233,s4233,CHAMPINE,clean,,,200200,-0.9,0.225,0.0121,PDS4233,12.101,S4233,S4233,measured
S4233,S4233,S4233,s4233,CHAMPINE,clean,,,200200,0.13,0.321,0.0119,PDS4233,12.101,S4233,S4233,measured
S4233,S4233,S4233,s4233,CHAMPINE,clean,,,200200,1.15,0.428,0.0124,PDS4233,12.101,S4233,S4233,measured
S4233,S4233,S4233,s4233,CHAMPINE,clean,,,200200,2.18,0.542,0.0123,PDS4233,12.101,S4233,S4233,measured
S4233,S4233,S4233,s4233,CHAMPINE,clean,,,200200,3.22,0.651,0.0133,PDS4233,12.101,S4233,S4233,measured
S4233,S4233,S4233,s4233,CHAMPINE,clean,,,200200,4.24,0.754,0.0139,PDS4233,12.101,S4233,S4233,measured
S4233,S4233,S4233,s4233,CHAMPINE,clean,,,200200,5.27,0.862,0.0147,PDS4233,12.101,S4233,S4233,measured
S4233,S4233,S4233,s4233,CHAMPINE,clean,,,200200,6.3,0.964,0.0154,PDS4233,12.101,S4233,S4233,measured
S4233,S4233,S4233,s4233,CHAMPINE,clean,,,200200,7.31,1.064,0.0162,PDS4233,12.101,S4233,S4233,measured
S4233,S4233,S4233,s4233,CHAMPINE,clean,,,200200,8.34,1.158,0.0173,PDS4233,12.101,S4233,S4233,measured
S4233,S4233,S4233,s4233,CHAMPINE,clean,,,200200,9.36,1.22,0.0197,PDS4233,12.101,S4233,S4233,measured
S4233,S4233,S4233,s4233,CHAMPINE,clean,,,200200,10.36,1.234,0.0281,PDS4233,12.101,S4233,S4233,measured
S4233,S4233,S4233,s4233,CHAMPINE,clean,,,305100,-5.97,-0.269,0.0165,PDS4233,12.101,S4233,S4233,measured
S4233,S4233,S4233,s4233,CHAMPINE,clean,,,305100,-4.95,-0.17,0.0139,PDS4233,12.101,S4233,S4233,measured
S4233,S4233,S4233,s4233,CHAMPINE,clean,,,305100,-3.98,-0.074,0.0121,PDS4233,12.101,S4233,S4233,measured
S4233,S4233,S4233,s4233,CHAMPINE,clean,,,305100,-2.98,0.025,0.0109,PDS4233,12.101,S4233,S4233,measured
S4233,S4233,S4233,s4233,CHAMPINE,clean,,,305100,-1.98,0.124,0.0102,PDS4233,12.101,S4233,S4233,measured
S4233,S4233,S4233,s4233,CHAMPINE,clean,,,305100,-0.98,0.226,0.0097,PDS4233,12.101,S4233,S4233,measured
S4233,S4233,S4233,s4233,CHAMPINE,clean,,,305100,0.11,0.342,0.0097,PDS4233,12.101,S4233,S4233,measured
S4233,S4233,S4233,s4233,CHAMPINE,clean,,,305100,1.17,0.451,0.0097,PDS4233,12.101,S4233,S4233,measured
S4233,S4233,S4233,s4233,CHAMPINE,clean,,,305100,2.17,0.552,0.01,PDS4233,12.101,S4233,S4233,measured
S4233,S4233,S4233,s4233,CHAMPINE,clean,,,305100,3.23,0.663,0.0104,PDS4233,12.101,S4233,S4233,measured
S4233,S4233,S4233,s4233,CHAMPINE,clean,,,305100,4.25,0.766,0.0112,PDS4233,12.101,S4233,S4233,measured
S4233,S4233,S4233,s4233,CHAMPINE,clean,,,305100,5.27,0.869,0.0118,PDS4233,12.101,S4233,S4233,measured
S4233,S4233,S4233,s4233,CHAMPINE,clean,,,305100,6.29,0.967,0.0125,PDS4233,12.101,S4233,S4233,measured
S4233,S4233,S4233,s4233,CHAMPINE,clean,,,305100,7.32,1.062,0.0137,PDS4233,12.101,S4233,S4233,measured
S4233,S4233,S4233,s4233,CHAMPINE,clean,,,305100,8.34,1.142,0.0153,PDS4233,12.101,S4233,S4233,measured
S4233,S4233,S4233,s4233,CHAMPINE,clean,,,305100,9.34,1.191,0.0189,PDS4233,12.101,S4233,S4233,measured
S4233,S4233,S4233,s4233,CHAMPINE,clean,,,305100,10.35,1.196,0.0265,PDS4233,12.101,S4233,S4233,measured
S4233,S4233,S4233,s4233,CHAMPINE,clean,,,305100,11.35,1.186,0.0404,PDS4233,12.101,S4233,S4233,measured
"S4233 UST .020, .125, 20%",S4233,S4233,s4233,CHAMPINE,tripped,0.2,,60200,-3.94,-0.136,0.0249,PDS4233UST2012520,12.102,S4233,S4233,measured
"S4233 UST .020, .125, 20%",S4233,S4233,s4233,CHAMPINE,tripped,0.2,,60200,-2.92,-0.024,0.0262,PDS4233UST2012520,12.102,S4233,S4233,measured
"S4233 UST .020, .125, 20%",S4233,S4233,s4233,CHAMPINE,tripped,0.2,,60200,-1.89,0.049,0.0266,PDS4233UST2012520,12.102,S4233,S4233,measured
"S4233 UST .020, .125, 20%",S4233,S4233,s4233,CHAMPINE,tripped,0.2,,60200,-0.86,0.22,0.0264,PDS4233UST2012520,12.102,S4233,S4233,measured
"S4233 UST .020, .125, 20%",S4233,S4233,s4233,CHAMPINE,tripped,0.2,,60200,0.15,0.306,0.0264,PDS4233UST2012520,12.102,S4233,S4233,measured
"S4233 UST .020, .125, 20%",S4233,S4233,s4233,CHAMPINE,tripped,0.2,,60200,1.18,0.403,0.0282,PDS4233UST2012520,12.102,S4233,S4233,measured
"S4233 UST .020, .125, 20%",S4233,S4233,s4233,CHAMPINE,tripped,0.2,,60200,2.2,0.5,0.0299,PDS4233UST2012520,12.102,S4233,S4233,measured
"S4233 UST .020, .125, 20%",S4233,S4233,s4233,CHAMPINE,tripped,0.2,,60200,3.23,0.595,0.029,PDS4233UST2012520,12.102,S4233,S4233,measured
"S4233 UST .020, .125, 20%",S4233,S4233,s4233,CHAMPINE,tripped,0.2,,60200,4.24,0.691,0.0293,PDS4233UST2012520,12.102,S4233,S4233,measured
"S4233 UST .020, .125, 20%",S4233,S4233,s4233,CHAMPINE,tripped,0.2,,60200,5.27,0.787,0.0311,PDS4233UST2012520,12.102,S4233,S4233,measured
"S4233 UST .020, .125, 20%",S4233,S4233,s4233,CHAMPINE,tripped,0.2,,60200,6.28,0.881,0.0294,PDS4233UST2012520,12.102,S4233,S4233,measured
"S4233 UST .020, .125, 20%",S4233,S4233,s4233,CHAMPINE,tripped,0.2,,60200,7.3,0.977,0.0316,PDS4233UST2012520,12.102,S4233,S4233,measured
"S4233 UST .020, .125, 20%",S4233,S4233,s4233,CHAMPINE,tripped,0.2,,60200,8.32,1.064,0.0328,PDS4233UST2012520,12.102,S4233,S4233,measured
"S4233 UST .020, .125, 20%",S4233,S4233,s4233,CHAMPINE,tripped,0.2,,60200,9.35,1.145,0.037,PDS4233UST2012520,12.102,S4233,S4233,measured
"S4233 UST .020, .125, 20%",S4233,S4233,s4233,CHAMPINE,tripped,0.2,,60200,10.36,1.234,0.0349,PDS4233UST2012520,12.102,S4233,S4233,measured
"S4233 UST .020, .125, 20%",S4233,S4233,s4233,CHAMPINE,tripped,0.2,,60200,11.37,1.284,0.0368,PDS4233UST2012520,12.102,S4233,S4233,measured
"S4233 UST .020, .125, 20%",S4233,S4233,s4233,CHAMPINE,tripped,0.2,,60200,12.36,1.234,0.0485,PDS4233UST2012520,12.102,S4233,S4233,measured
"S4233 UST .020, .125, 20%",S4233,S4233,s4233,CHAMPINE,tripped,0.2,,101700,-3.93,-0.055,0.0182,PDS4233UST2012520,12.102,S4233,S4233,measured
"S4233 UST .020, .125, 20%",S4233,S4233,s4233,CHAMPINE,tripped,0.2,,101700,-2.91,0.021,0.0177,PDS4233UST2012520,12.102,S4233,S4233,measured
"S4233 UST .020, .125, 20%",S4233,S4233,s4233,CHAMPINE,tripped,0.2,,101700,-1.88,0.099,0.0172,PDS4233UST2012520,12.102,S4233,S4233,measured
"S4233 UST .020, .125, 20%",S4233,S4233,s4233,CHAMPINE,tripped,0.2,,101700,-0.87,0.175,0.0162,PDS4233UST2012520,12.102,S4233,S4233,measured
"S4233 UST .020, .125, 20%",S4233,S4233,s4233,CHAMPINE,tripped,0.2,,101700,0.17,0.308,0.016,PDS4233UST2012520,12.102,S4233,S4233,measured
"S4233 UST .020, .125, 20%",S4233,S4233,s4233,CHAMPINE,tripped,0.2,,101700,1.18,0.409,0.016,PDS4233UST2012520,12.102,S4233,S4233,measured
"S4233 UST .020, .125, 20%",S4233,S4233,s4233,CHAMPINE,tripped,0.2,,101700,2.21,0.513,0.0164,PDS4233UST2012520,12.102,S4233,S4233,measured
"S4233 UST .020, .125, 20%",S4233,S4233,s4233,CHAMPINE,tripped,0.2,,101700,3.22,0.613,0.0173,PDS4233UST2012520,12.102,S4233,S4233,measured
"S4233 UST .020, .125, 20%",S4233,S4233,s4233,CHAMPINE,tripped,0.2,,101700,4.25,0.713,0.0182,PDS4233UST2012520,12.102,S4233,S4233,measured
"S4233 UST .020, .125, 20%",S4233,S4233,s4233,CHAMPINE,tripped,0.2,,101700,5.27,0.815,0.019,PDS4233UST2012520,12.102,S4233,S4233,measured
"S4233 UST .020, .125, 20%",S4233,S4233,s4233,CHAMPINE,tripped,0.2,,101700,6.3,0.912,0.0204,PDS4233UST2012520,12.102,S4233,S4233,measured
"S4233 UST .020, .125, 20%",S4233,S4233,s4233,CHAMPINE,tripped,0.2,,101700,7.31,1.006,0.0212,PDS4233UST2012520,12.102,S4233,S4233,measured
"S4233 UST .020, .125, 20%",S4233,S4233,s4233,CHAMPINE,tripped,0.2,,101700,8.34,1.101,0.0226,PDS4233UST2012520,12.102,S4233,S4233,measured
"S4233 UST .020, .125, 20%",S4233,S4233,s4233,CHAMPINE,tripped,0.2,,101700,9.35,1.189,0.0248,PDS4233UST2012520,12.102,S4233,S4233,measured
"S4233 UST .020, .125, 20%",S4233,S4233,s4233,CHAMPINE,tripped,0.2,,101700,10.37,1.257,0.0263,PDS4233UST2012520,12.102,S4233,S4233,measured
"S4233 UST .020, .125, 20%",S4233,S4233,s4233,CHAMPINE,tripped,0.2,,101700,11.36,1.233,0.0398,PDS4233UST2012520,12.102,S4233,S4233,measured
"S4233 UST .020, .125, 20%",S4233,S4233,s4233,CHAMPINE,tripped,0.2,,152100,-5.98,-0.253,0.0192,PDS4233UST2012520,12.102,S4233,S4233,measured
"S4233 UST .020, .125, 20%",S4233,S4233,s4233,CHAMPINE,tripped,0.2,,152100,-4.97,-0.172,0.0164,PDS4233UST2012520,12.102,S4233,S4233,measured
"S4233 UST .020, .125, 20%",S4233,S4233,s4233,CHAMPINE,tripped,0.2,,152100,-3.92,-0.08,0.0139,PDS4233UST2012520,12.102,S4233,S4233,measured
"S4233 UST .020, .125, 20%",S4233,S4233,s4233,CHAMPINE,tripped,0.2,,152100,-2.92,0.011,0.0127,PDS4233UST2012520,12.102,S4233,S4233,measured
"S4233 UST .020, .125, 20%",S4233,S4233,s4233,CHAMPINE,tripped,0.2,,152100,-1.88,0.108,0.0128,PDS4233UST2012520,12.102,S4233,S4233,measured
"S4233 UST .020, .125, 20%",S4233,S4233,s4233,CHAMPINE,tripped,0.2,,152100,-0.88,0.201,0.0121,PDS4233UST2012520,12.102,S4233,S4233,measured
"S4233 UST .020, .125, 20%",S4233,S4233,s4233,CHAMPINE,tripped,0.2,,152100,0.14,0.29,0.0122,PDS4233UST2012520,12.102,S4233,S4233,measured
"S4233 UST .020, .125, 20%",S4233,S4233,s4233,CHAMPINE,tripped,0.2,,152100,1.17,0.411,0.0112,PDS4233UST2012520,12.102,S4233,S4233,measured
"S4233 UST .020, .125, 20%",S4233,S4233,s4233,CHAMPINE,tripped,0.2,,152100,2.2,0.52,0.0118,PDS4233UST2012520,12.102,S4233,S4233,measured
"S4233 UST .020, .125, 20%",S4233,S4233,s4233,CHAMPINE,tripped,0.2,,152100,3.2,0.622,0.0125,PDS4233UST2012520,12.102,S4233,S4233,measured
"S4233 UST .020, .125, 20%",S4233,S4233,s4233,CHAMPINE,tripped,0.2,,152100,4.23,0.724,0.0144,PDS4233UST2012520,12.102,S4233,S4233,measured
"S4233 UST .020, .125, 20%",S4233,S4233,s4233,CHAMPINE,tripped,0.2,,152100,5.26,0.824,0.0149,PDS4233UST2012520,12.102,S4233,S4233,measured
"S4233 UST .020, .125, 20%",S4233,S4233,s4233,CHAMPINE,tripped,0.2,,152100,6.27,0.92,0.0162,PDS4233UST2012520,12.102,S4233,S4233,measured
"S4233 UST .020, .125, 20%",S4233,S4233,s4233,CHAMPINE,tripped,0.2,,152100,7.3,1.014,0.0173,PDS4233UST2012520,12.102,S4233,S4233,measured
"S4233 UST .020, .125, 20%",S4233,S4233,s4233,CHAMPINE,tripped,0.2,,152100,8.32,1.105,0.0197,PDS4233UST2012520,12.102,S4233,S4233,measured
"S4233 UST .020, .125, 20%",S4233,S4233,s4233,CHAMPINE,tripped,0.2,,152100,9.35,1.189,0.0217,PDS4233UST2012520,12.102,S4233,S4233,measured
"S4233 UST .020, .125, 20%",S4233,S4233,s4233,CHAMPINE,tripped,0.2,,152100,10.34,1.229,0.0301,PDS4233UST2012520,12.102,S4233,S4233,measured
"S4233 UST .020, .125, 20%",S4233,S4233,s4233,CHAMPINE,tripped,0.2,,152100,11.36,1.197,0.0464,PDS4233UST2012520,12.102,S4233,S4233,measured
"S4233 UST .020, .125, 20%",S4233,S4233,s4233,CHAMPINE,tripped,0.2,,202200,-3.93,-0.076,0.0132,PDS4233UST2012520,12.102,S4233,S4233,measured
"S4233 UST .020, .125, 20%",S4233,S4233,s4233,CHAMPINE,tripped,0.2,,202200,-2.92,0.024,0.0121,PDS4233UST2012520,12.102,S4233,S4233,measured
"S4233 UST .020, .125, 20%",S4233,S4233,s4233,CHAMPINE,tripped,0.2,,202200,-1.88,0.124,0.0116,PDS4233UST2012520,12.102,S4233,S4233,measured
"S4233 UST .020, .125, 20%",S4233,S4233,s4233,CHAMPINE,tripped,0.2,,202200,-0.87,0.222,0.0114,PDS4233UST2012520,12.102,S4233,S4233,measured
"S4233 UST .020, .125, 20%",S4233,S4233,s4233,CHAMPINE,tripped,0.2,,202200,0.16,0.318,0.0112,PDS4233UST2012520,12.102,S4233,S4233,measured
"S4233 UST .020, .125, 20%",S4233,S4233,s4233,CHAMPINE,tripped,0.2,,202200,1.18,0.415,0.0112,PDS4233UST2012520,12.102,S4233,S4233,measured
"S4233 UST .020, .125, 20%",S4233,S4233,s4233,CHAMPINE,tripped,0.2,,202200,2.21,0.526,0.0113,PDS4233UST2012520,12.102,S4233,S4233,measured
"S4233 UST .020, .125, 20%",S4233,S4233,s4233,CHAMPINE,tripped,0.2,,202200,3.23,0.629,0.0122,PDS4233UST2012520,12.102,S4233,S4233,measured
"S4233 UST .020, .125, 20%",S4233,S4233,s4233,CHAMPINE,tripped,0.2,,202200,4.25,0.73,0.013,PDS4233UST2012520,12.102,S4233,S4233,measured
"S4233 UST .020, .125, 20%",S4233,S4233,s4233,CHAMPINE,tripped,0.2,,202200,5.27,0.826,0.0143,PDS4233UST2012520,12.102,S4233,S4233,measured
"S4233 UST .020, .125, 20%",S4233,S4233,s4233,CHAMPINE,tripped,0.2,,202200,6.3,0.921,0.0154,PDS4233UST2012520,12.102,S4233,S4233,measured
"S4233 UST .020, .125, 20%",S4233,S4233,s4233,CHAMPINE,tripped,0.2,,202200,7.31,1.013,0.0167,PDS4233UST2012520,12.102,S4233,S4233,measured
"S4233 UST .020, .125, 20%",S4233,S4233,s4233,CHAMPINE,tripped,0.2,,202200,8.33,1.098,0.0183,PDS4233UST2012520,12.102,S4233,S4233,measured
"S4233 UST .020, .125, 20%",S4233,S4233,s4233,CHAMPINE,tripped,0.2,,202200,9.35,1.173,0.0206,PDS4233UST2012520,12.102,S4233,S4233,measured
"S4233 UST .020, .125, 20%",S4233,S4233,s4233,CHAMPINE,tripped,0.2,,202200,10.36,1.202,0.0258,PDS4233UST2012520,12.102,S4233,S4233,measured
"S4233 UST .020, .125, 20%",S4233,S4233,s4233,CHAMPINE,tripped,0.2,,298900,-6.0,-0.289,0.0162,PDS4233UST2012520,12.102,S4233,S4233,measured
"S4233 UST .020, .125, 20%",S4233,S4233,s4233,CHAMPINE,tripped,0.2,,298900,-4.43,-0.144,0.013,PDS4233UST2012520,12.102,S4233,S4233,measured
"S4233 UST .020, .125, 20%",S4233,S4233,s4233,CHAMPINE,tripped,0.2,,298900,-2.92,0.002,0.0109,PDS4233UST2012520,12.102,S4233,S4233,measured
"S4233 UST .020, .125, 20%",S4233,S4233,s4233,CHAMPINE,tripped,0.2,,298900,-1.41,0.152,0.0109,PDS4233UST2012520,12.102,S4233,S4233,measured
"S4233 UST .020, .125, 20%",S4233,S4233,s4233,CHAMPINE,tripped,0.2,,298900,0.16,0.313,0.0114,PDS4233UST2012520,12.102,S4233,S4233,measured
"S4233 UST .020, .125, 20%",S4233,S4233,s4233,CHAMPINE,tripped,0.2,,298900,1.68,0.46,0.0117,PDS4233UST2012520,12.102,S4233,S4233,measured
"S4233 UST .020, .125, 20%",S4233,S4233,s4233,CHAMPINE,tripped,0.2,,298900,3.21,0.616,0.0125,PDS4233UST2012520,12.102,S4233,S4233,measured
"S4233 UST .020, .125, 20%",S4233,S4233,s4233,CHAMPINE,tripped,0.2,,298900,4.77,0.77,0.0137,PDS4233UST2012520,12.102,S4233,S4233,measured
"S4233 UST .020, .125, 20%",S4233,S4233,s4233,CHAMPINE,tripped,0.2,,298900,6.29,0.917,0.0151,PDS4233UST2012520,12.102,S4233,S4233,measured
"S4233 UST .020, .125, 20%",S4233,S4233,s4233,CHAMPINE,tripped,0.2,,298900,7.82,1.056,0.0166,PDS4233UST2012520,12.102,S4233,S4233,measured
"S4233 UST .020, .125, 20%",S4233,S4233,s4233,CHAMPINE,tripped,0.2,,298900,9.34,1.17,0.0205,PDS4233UST2012520,12.102,S4233,S4233,measured
"S4233 UST .020, .125, 20%",S4233,S4233,s4233,CHAMPINE,tripped,0.2,,298900,10.84,1.162,0.0375,PDS4233UST2012520,12.102,S4233,S4233,measured
"S4233 UST .020, .125, 20%",S4233,S4233,s4233,CHAMPINE,tripped,0.2,,298900,12.33,1.137,0.0629,PDS4233UST2012520,12.102,S4233,S4233,measured
SD2030,SD2030,SD2030,sd2030,WAGNER/OLSEN,clean,,,101000,-2.94,-0.119,0.0155,PDSD2030,12.104,SD2030,SD2030,measured
SD2030,SD2030,SD2030,sd2030,WAGNER/OLSEN,clean,,,101000,-0.91,0.094,0.0148,PDSD2030,12.104,SD2030,SD2030,measured
SD2030,SD2030,SD2030,sd2030,WAGNER/OLSEN,clean,,,101000,0.11,0.165,0.015,PDSD2030,12.104,SD2030,SD2030,measured
SD2030,SD2030,SD2030,sd2030,WAGNER/OLSEN,clean,,,101000,1.66,0.376,0.0182,PDSD2030,12.104,SD2030,SD2030,measured
SD2030,SD2030,SD2030,sd2030,WAGNER/OLSEN,clean,,,101000,3.19,0.593,0.0156,PDSD2030,12.104,SD2030,SD2030,measured
SD2030,SD2030,SD2030,sd2030,WAGNER/OLSEN,clean,,,101000,4.72,0.743,0.0152,PDSD2030,12.104,SD2030,SD2030,measured
SD2030,SD2030,SD2030,sd2030,WAGNER/OLSEN,clean,,,101000,6.27,0.844,0.0187,PDSD2030,12.104,SD2030,SD2030,measured
SD2030,SD2030,SD2030,sd2030,WAGNER/OLSEN,clean,,,101000,7.76,0.914,0.0273,PDSD2030,12.104,SD2030,SD2030,measured
SD2030,SD2030,SD2030,sd2030,WAGNER/OLSEN,clean,,,150200,-2.94,-0.089,0.0143,PDSD2030,12.104,SD2030,SD2030,measured
SD2030,SD2030,SD2030,sd2030,WAGNER/OLSEN,clean,,,150200,-1.39,0.053,0.0155,PDSD2030,12.104,SD2030,SD2030,measured
SD2030,SD2030,SD2030,sd2030,WAGNER/OLSEN,clean,,,150200,0.13,0.255,0.015,PDSD2030,12.104,SD2030,SD2030,measured
SD2030,SD2030,SD2030,sd2030,WAGNER/OLSEN,clean,,,150200,1.66,0.471,0.0125,PDSD2030,12.104,SD2030,SD2030,measured
SD2030,SD2030,SD2030,sd2030,WAGNER/OLSEN,clean,,,150200,3.23,0.628,0.0115,PDSD2030,12.104,SD2030,SD2030,measured
SD2030,SD2030,SD2030,sd2030,WAGNER/OLSEN,clean,,,150200,4.74,0.749,0.0133,PDSD2030,12.104,SD2030,SD2030,measured
SD2030,SD2030,SD2030,sd2030,WAGNER/OLSEN,clean,,,150200,6.26,0.849,0.0186,PDSD2030,12.104,SD2030,SD2030,measured
SD2030,SD2030,SD2030,sd2030,WAGNER/OLSEN,clean,,,150200,7.78,0.942,0.0247,PDSD2030,12.104,SD2030,SD2030,measured
SD2030,SD2030,SD2030,sd2030,WAGNER/OLSEN,clean,,,150200,9.32,1.021,0.0384,PDSD2030,12.104,SD2030,SD2030,measured
SD2030,SD2030,SD2030,sd2030,WAGNER/OLSEN,clean,,,150200,10.81,1.062,0.078,PDSD2030,12.104,SD2030,SD2030,measured
SD2030,SD2030,SD2030,sd2030,WAGNER/OLSEN,clean,,,150200,12.27,0.996,0.1826,PDSD2030,12.104,SD2030,SD2030,measured
SD2030,SD2030,SD2030,sd2030,WAGNER/OLSEN,clean,,,198100,-3.96,-0.176,0.0154,PDSD2030,12.104,SD2030,SD2030,measured
SD2030,SD2030,SD2030,sd2030,WAGNER/OLSEN,clean,,,198100,-2.94,-0.061,0.0141,PDSD2030,12.104,SD2030,SD2030,measured
SD2030,SD2030,SD2030,sd2030,WAGNER/OLSEN,clean,,,198100,-1.93,0.06,0.0122,PDSD2030,12.104,SD2030,SD2030,measured
SD2030,SD2030,SD2030,sd2030,WAGNER/OLSEN,clean,,,198100,-0.9,0.176,0.0112,PDSD2030,12.104,SD2030,SD2030,measured
SD2030,SD2030,SD2030,sd2030,WAGNER/OLSEN,clean,,,198100,0.14,0.315,0.0104,PDSD2030,12.104,SD2030,SD2030,measured
SD2030,SD2030,SD2030,sd2030,WAGNER/OLSEN,clean,,,198100,1.18,0.436,0.0098,PDSD2030,12.104,SD2030,SD2030,measured
SD2030,SD2030,SD2030,sd2030,WAGNER/OLSEN,clean,,,198100,2.2,0.538,0.0095,PDSD2030,12.104,SD2030,SD2030,measured
SD2030,SD2030,SD2030,sd2030,WAGNER/OLSEN,clean,,,198100,3.23,0.64,0.0096,PDSD2030,12.104,SD2030,SD2030,measured
SD2030,SD2030,SD2030,sd2030,WAGNER/OLSEN,clean,,,198100,4.23,0.721,0.0116,PDSD2030,12.104,SD2030,SD2030,measured
SD2030,SD2030,SD2030,sd2030,WAGNER/OLSEN,clean,,,198100,5.25,0.794,0.0147,PDSD2030,12.104,SD2030,SD2030,measured
SD2030,SD2030,SD2030,sd2030,WAGNER/OLSEN,clean,,,198100,6.27,0.867,0.0182,PDSD2030,12.104,SD2030,SD2030,measured
SD2030,SD2030,SD2030,sd2030,WAGNER/OLSEN,clean,,,198100,7.28,0.936,0.0211,PDSD2030,12.104,SD2030,SD2030,measured
SD2030,SD2030,SD2030,sd2030,WAGNER/OLSEN,clean,,,198100,8.3,0.991,0.0277,PDSD2030,12.104,SD2030,SD2030,measured
SD2030,SD2030,SD2030,sd2030,WAGNER/OLSEN,clean,,,198100,9.3,1.036,0.0344,PDSD2030,12.104,SD2030,SD2030,measured
SD2030,SD2030,SD2030,sd2030,WAGNER/OLSEN,clean,,,198100,10.31,1.074,0.0536,PDSD2030,12.104,SD2030,SD2030,measured
SD2030,SD2030,SD2030,sd2030,WAGNER/OLSEN,clean,,,303800,-5.08,-0.265,0.0176,PDSD2030,12.104,SD2030,SD2030,measured
SD2030,SD2030,SD2030,sd2030,WAGNER/OLSEN,clean,,,303800,-4.07,-0.146,0.0141,PDSD2030,12.104,SD2030,SD2030,measured
SD2030,SD2030,SD2030,sd2030,WAGNER/OLSEN,clean,,,303800,-2.91,0.009,0.0113,PDSD2030,12.104,SD2030,SD2030,measured
SD2030,SD2030,SD2030,sd2030,WAGNER/OLSEN,clean,,,303800,-1.92,0.129,0.009,PDSD2030,12.104,SD2030,SD2030,measured
SD2030,SD2030,SD2030,sd2030,WAGNER/OLSEN,clean,,,303800,-0.95,0.217,0.0075,PDSD2030,12.104,SD2030,SD2030,measured
SD2030,SD2030,SD2030,sd2030,WAGNER/OLSEN,clean,,,303800,0.11,0.322,0.0069,PDSD2030,12.104,SD2030,SD2030,measured
SD2030,SD2030,SD2030,sd2030,WAGNER/OLSEN,clean,,,303800,1.07,0.424,0.0072,PDSD2030,12.104,SD2030,SD2030,measured
SD2030,SD2030,SD2030,sd2030,WAGNER/OLSEN,clean,,,303800,2.16,0.536,0.0073,PDSD2030,12.104,SD2030,SD2030,measured
SD2030,SD2030,SD2030,sd2030,WAGNER/OLSEN,clean,,,303800,3.2,0.635,0.0089,PDSD2030,12.104,SD2030,SD2030,measured
SD2030,SD2030,SD2030,sd2030,WAGNER/OLSEN,clean,,,303800,4.22,0.718,0.0111,PDSD2030,12.104,SD2030,SD2030,measured
SD2030,SD2030,SD2030,sd2030,WAGNER/OLSEN,clean,,,303800,5.24,0.795,0.0136,PDSD2030,12.104,SD2030,SD2030,measured
SD2030,SD2030,SD2030,sd2030,WAGNER/OLSEN,clean,,,303800,6.26,0.874,0.0167,PDSD2030,12.104,SD2030,SD2030,measured
SD2030,SD2030,SD2030,sd2030,WAGNER/OLSEN,clean,,,303800,7.28,0.945,0.0199,PDSD2030,12.104,SD2030,SD2030,measured
SD2030,SD2030,SD2030,sd2030,WAGNER/OLSEN,clean,,,303800,8.3,1.007,0.0244,PDSD2030,12.104,SD2030,SD2030,measured
SD2030,SD2030,SD2030,sd2030,WAGNER/OLSEN,clean,,,303800,9.3,1.053,0.0314,PDSD2030,12.104,SD2030,SD2030,measured
SD2083,SD2083,SD2083,sd2083,OFF,clean,,,63300,-3.95,-0.161,0.0229,PDSD2083,12.106,SD2083,SD2083,measured
SD2083,SD2083,SD2083,sd2083,OFF,clean,,,63300,-2.92,-0.066,0.0196,PDSD2083,12.106,SD2083,SD2083,measured
SD2083,SD2083,SD2083,sd2083,OFF,clean,,,63300,-1.9,0.03,0.014,PDSD2083,12.106,SD2083,SD2083,measured
SD2083,SD2083,SD2083,sd2083,OFF,clean,,,63300,-0.88,0.142,0.0187,PDSD2083,12.106,SD2083,SD2083,measured
SD2083,SD2083,SD2083,sd2083,OFF,clean,,,63300,0.15,0.267,0.0215,PDSD2083,12.106,SD2083,SD2083,measured
SD2083,SD2083,SD2083,sd2083,OFF,clean,,,63300,1.18,0.395,0.0237,PDSD2083,12.106,SD2083,SD2083,measured
SD2083,SD2083,SD2083,sd2083,OFF,clean,,,63300,2.21,0.521,0.0253,PDSD2083,12.106,SD2083,SD2083,measured
SD2083,SD2083,SD2083,sd2083,OFF,clean,,,63300,3.23,0.635,0.0237,PDSD2083,12.106,SD2083,SD2083,measured
SD2083,SD2083,SD2083,sd2083,OFF,clean,,,63300,4.25,0.721,0.0203,PDSD2083,12.106,SD2083,SD2083,measured
SD2083,SD2083,SD2083,sd2083,OFF,clean,,,63300,5.27,0.792,0.0207,PDSD2083,12.106,SD2083,SD2083,measured
SD2083,SD2083,SD2083,sd2083,OFF,clean,,,63300,6.28,0.846,0.0228,PDSD2083,12.106,SD2083,SD2083,measured
SD2083,SD2083,SD2083,sd2083,OFF,clean,,,63300,7.29,0.885,0.0289,PDSD2083,12.106,SD2083,SD2083,measured
SD2083,SD2083,SD2083,sd2083,OFF,clean,,,63300,8.3,0.928,0.0352,PDSD2083,12.106,SD2083,SD2083,measured
SD2083,SD2083,SD2083,sd2083,OFF,clean,,,63300,9.31,0.968,0.046,PDSD2083,12.106,SD2083,SD2083,measured
SD2083,SD2083,SD2083,sd2083,OFF,clean,,,101200,-3.93,-0.081,0.0197,PDSD2083,12.106,SD2083,SD2083,measured
SD2083,SD2083,SD2083,sd2083,OFF,clean,,,101200,-2.9,0.04,0.016,PDSD2083,12.106,SD2083,SD2083,measured
SD2083,SD2083,SD2083,sd2083,OFF,clean,,,101200,-1.88,0.148,0.0142,PDSD2083,12.106,SD2083,SD2083,measured
SD2083,SD2083,SD2083,sd2083,OFF,clean,,,101200,-0.85,0.265,0.0163,PDSD2083,12.106,SD2083,SD2083,measured
SD2083,SD2083,SD2083,sd2083,OFF,clean,,,101200,0.17,0.385,0.017,PDSD2083,12.106,SD2083,SD2083,measured
SD2083,SD2083,SD2083,sd2083,OFF,clean,,,101200,1.2,0.494,0.0179,PDSD2083,12.106,SD2083,SD2083,measured
SD2083,SD2083,SD2083,sd2083,OFF,clean,,,101200,2.22,0.593,0.0169,PDSD2083,12.106,SD2083,SD2083,measured
SD2083,SD2083,SD2083,sd2083,OFF,clean,,,101200,3.24,0.679,0.0166,PDSD2083,12.106,SD2083,SD2083,measured
SD2083,SD2083,SD2083,sd2083,OFF,clean,,,101200,4.26,0.764,0.0162,PDSD2083,12.106,SD2083,SD2083,measured
SD2083,SD2083,SD2083,sd2083,OFF,clean,,,101200,5.27,0.825,0.016,PDSD2083,12.106,SD2083,SD2083,measured
SD2083,SD2083,SD2083,sd2083,OFF,clean,,,101200,6.28,0.867,0.0211,PDSD2083,12.106,SD2083,SD2083,measured
SD2083,SD2083,SD2083,sd2083,OFF,clean,,,101200,7.29,0.908,0.027,PDSD2083,12.106,SD2083,SD2083,measured
SD2083,SD2083,SD2083,sd2083,OFF,clean,,,101200,8.3,0.956,0.0331,PDSD2083,12.106,SD2083,SD2083,measured
SD2083,SD2083,SD2083,sd2083,OFF,clean,,,101200,9.31,0.993,0.0388,PDSD2083,12.106,SD2083,SD2083,measured
SD2083,SD2083,SD2083,sd2083,OFF,clean,,,101200,10.32,1.013,0.0492,PDSD2083,12.106,SD2083,SD2083,measured
SD2083,SD2083,SD2083,sd2083,OFF,clean,,,101200,11.29,1.002,0.0893,PDSD2083,12.106,SD2083,SD2083,measured
SD2083,SD2083,SD2083,sd2083,OFF,clean,,,200900,-3.91,0.003,0.0143,PDSD2083,12.106,SD2083,SD2083,measured
SD2083,SD2083,SD2083,sd2083,OFF,clean,,,200900,-2.9,0.095,0.0123,PDSD2083,12.106,SD2083,SD2083,measured
SD2083,SD2083,SD2083,sd2083,OFF,clean,,,200900,-1.87,0.191,0.0097,PDSD2083,12.106,SD2083,SD2083,measured
SD2083,SD2083,SD2083,sd2083,OFF,clean,,,200900,-0.83,0.303,0.0098,PDSD2083,12.106,SD2083,SD2083,measured
SD2083,SD2083,SD2083,sd2083,OFF,clean,,,200900,0.17,0.4,0.0103,PDSD2083,12.106,SD2083,SD2083,measured
SD2083,SD2083,SD2083,sd2083,OFF,clean,,,200900,1.2,0.499,0.0109,PDSD2083,12.106,SD2083,SD2083,measured
SD2083,SD2083,SD2083,sd2083,OFF,clean,,,200900,2.23,0.599,0.0108,PDSD2083,12.106,SD2083,SD2083,measured
SD2083,SD2083,SD2083,sd2083,OFF,clean,,,200900,3.24,0.694,0.0106,PDSD2083,12.106,SD2083,SD2083,measured
SD2083,SD2083,SD2083,sd2083,OFF,clean,,,200900,4.26,0.767,0.0123,PDSD2083,12.106,SD2083,SD2083,measured
SD2083,SD2083,SD2083,sd2083,OFF,clean,,,200900,5.27,0.821,0.0163,PDSD2083,12.106,SD2083,SD2083,measured
SD2083,SD2083,SD2083,sd2083,OFF,clean,,,200900,6.29,0.876,0.0212,PDSD2083,12.106,SD2083,SD2083,measured
SD2083,SD2083,SD2083,sd2083,OFF,clean,,,200900,7.29,0.929,0.0261,PDSD2083,12.106,SD2083,SD2083,measured
SD2083,SD2083,SD2083,sd2083,OFF,clean,,,200900,8.31,0.974,0.0323,PDSD2083,12.106,SD2083,SD2083,measured
SD2083,SD2083,SD2083,sd2083,OFF,clean,,,200900,9.31,1.01,0.0429,PDSD2083,12.106,SD2083,SD2083,measured
SD2083,SD2083,SD2083,sd2083,OFF,clean,,,300700,-3.92,-0.006,0.0121,PDSD2083,12.106,SD2083,SD2083,measured
SD2083,SD2083,SD2083,sd2083,OFF,clean,,,300700,-2.9,0.088,0.0109,PDSD2083,12.106,SD2083,SD2083,measured
SD2083,SD2083,SD2083,sd2083,OFF,clean,,,300700,-1.89,0.184,0.0092,PDSD2083,12.106,SD2083,SD2083,measured
SD2083,SD2083,SD2083,sd2083,OFF,clean,,,300700,-0.85,0.302,0.008,PDSD2083,12.106,SD2083,SD2083,measured
SD2083,SD2083,SD2083,sd2083,OFF,clean,,,300700,0.18,0.405,0.0083,PDSD2083,12.106,SD2083,SD2083,measured
SD2083,SD2083,SD2083,sd2083,OFF,clean,,,300700,1.19,0.505,0.0088,PDSD2083,12.106,SD2083,SD2083,measured
SD2083,SD2083,SD2083,sd2083,OFF,clean,,,300700,2.21,0.603,0.0089,PDSD2083,12.106,SD2083,SD2083,measured
SD2083,SD2083,SD2083,sd2083,OFF,clean,,,300700,3.24,0.693,0.0094,PDSD2083,12.106,SD2083,SD2083,measured
SD2083,SD2083,SD2083,sd2083,OFF,clean,,,300700,4.24,0.761,0.0121,PDSD2083,12.106,SD2083,SD2083,measured
SD2083,SD2083,SD2083,sd2083,OFF,clean,,,300700,5.27,0.821,0.0162,PDSD2083,12.106,SD2083,SD2083,measured
SD5060,SD5060,SD5060,sd5060,REED,clean,,,60000,-3.95,-0.211,0.0207,PDSD5060,12.107,SD5060,SD5060,measured
SD5060,SD5060,SD5060,sd5060,REED,clean,,,60000,-2.94,-0.137,0.0193,PDSD5060,12.107,SD5060,SD5060,measured
SD5060,SD5060,SD5060,sd5060,REED,clean,,,60000,-1.92,-0.056,0.0144,PDSD5060,12.107,SD5060,SD5060,measured
SD5060,SD5060,SD5060,sd5060,REED,clean,,,60000,-0.9,0.049,0.0145,PDSD5060,12.107,SD5060,SD5060,measured
SD5060,SD5060,SD5060,sd5060,REED,clean,,,60000,0.14,0.201,0.0163,PDSD5060,12.107,SD5060,SD5060,measured
SD5060,SD5060,SD5060,sd5060,REED,clean,,,60000,1.18,0.372,0.0172,PDSD5060,12.107,SD5060,SD5060,measured
SD5060,SD5060,SD5060,sd5060,REED,clean,,,60000,2.18,0.484,0.0206,PDSD5060,12.107,SD5060,SD5060,measured
SD5060,SD5060,SD5060,sd5060,REED,clean,,,60000,3.2,0.563,0.0204,PDSD5060,12.107,SD5060,SD5060,measured
SD5060,SD5060,SD5060,sd5060,REED,clean,,,60000,4.23,0.645,0.0228,PDSD5060,12.107,SD5060,SD5060,measured
SD5060,SD5060,SD5060,sd5060,REED,clean,,,60000,5.25,0.726,0.0232,PDSD5060,12.107,SD5060,SD5060,measured
SD5060,SD5060,SD5060,sd5060,REED,clean,,,60000,6.26,0.806,0.0232,PDSD5060,12.107,SD5060,SD5060,measured
SD5060,SD5060,SD5060,sd5060,REED,clean,,,60000,7.29,0.876,0.0283,PDSD5060,12.107,SD5060,SD5060,measured
SD5060,SD5060,SD5060,sd5060,REED,clean,,,60000,8.3,0.935,0.0345,PDSD5060,12.107,SD5060,SD5060,measured
SD5060,SD5060,SD5060,sd5060,REED,clean,,,60000,9.31,0.983,0.046,PDSD5060,12.107,SD5060,SD5060,measured
SD5060,SD5060,SD5060,sd5060,REED,clean,,,60000,10.31,1.004,0.0627,PDSD5060,12.107,SD5060,SD5060,measured
SD5060,SD5060,SD5060,sd5060,REED,clean,,,99800,-2.94,-0.128,0.0154,PDSD5060,12.107,SD5060,SD5060,measured
SD5060,SD5060,SD5060,sd5060,REED,clean,,,99800,-1.91,0.004,0.0136,PDSD5060,12.107,SD5060,SD5060,measured
SD5060,SD5060,SD5060,sd5060,REED,clean,,,99800,-0.87,0.151,0.0125,PDSD5060,12.107,SD5060,SD5060,measured
SD5060,SD5060,SD5060,sd5060,REED,clean,,,99800,0.15,0.291,0.0134,PDSD5060,12.107,SD5060,SD5060,measured
SD5060,SD5060,SD5060,sd5060,REED,clean,,,99800,1.19,0.393,0.0135,PDSD5060,12.107,SD5060,SD5060,measured
SD5060,SD5060,SD5060,sd5060,REED,clean,,,99800,2.2,0.479,0.0138,PDSD5060,12.107,SD5060,SD5060,measured
SD5060,SD5060,SD5060,sd5060,REED,clean,,,99800,3.21,0.566,0.0152,PDSD5060,12.107,SD5060,SD5060,measured
SD5060,SD5060,SD5060,sd5060,REED,clean,,,99800,4.23,0.658,0.0155,PDSD5060,12.107,SD5060,SD5060,measured
SD5060,SD5060,SD5060,sd5060,REED,clean,,,99800,5.25,0.751,0.0171,PDSD5060,12.107,SD5060,SD5060,measured
SD5060,SD5060,SD5060,sd5060,REED,clean,,,99800,6.27,0.835,0.0195,PDSD5060,12.107,SD5060,SD5060,measured
SD5060,SD5060,SD5060,sd5060,REED,clean,,,99800,7.29,0.918,0.0215,PDSD5060,12.107,SD5060,SD5060,measured
SD5060,SD5060,SD5060,sd5060,REED,clean,,,99800,8.31,0.983,0.0272,PDSD5060,12.107,SD5060,SD5060,measured
SD5060,SD5060,SD5060,sd5060,REED,clean,,,99800,9.32,1.045,0.0327,PDSD5060,12.107,SD5060,SD5060,measured
SD5060,SD5060,SD5060,sd5060,REED,clean,,,99800,10.32,1.092,0.0403,PDSD5060,12.107,SD5060,SD5060,measured
SD5060,SD5060,SD5060,sd5060,REED,clean,,,150400,-4.98,-0.32,0.0154,PDSD5060,12.107,SD5060,SD5060,measured
SD5060,SD5060,SD5060,sd5060,REED,clean,,,150400,-3.96,-0.209,0.0142,PDSD5060,12.107,SD5060,SD5060,measured
SD5060,SD5060,SD5060,sd5060,REED,clean,,,150400,-2.92,-0.081,0.0124,PDSD5060,12.107,SD5060,SD5060,measured
SD5060,SD5060,SD5060,sd5060,REED,clean,,,150400,-1.92,0.026,0.0113,PDSD5060,12.107,SD5060,SD5060,measured
SD5060,SD5060,SD5060,sd5060,REED,clean,,,150400,-0.89,0.127,0.0101,PDSD5060,12.107,SD5060,SD5060,measured
SD5060,SD5060,SD5060,sd5060,REED,clean,,,150400,0.15,0.231,0.0103,PDSD5060,12.107,SD5060,SD5060,measured
SD5060,SD5060,SD5060,sd5060,REED,clean,,,150400,1.15,0.325,0.0108,PDSD5060,12.107,SD5060,SD5060,measured
SD5060,SD5060,SD5060,sd5060,REED,clean,,,150400,2.19,0.426,0.0119,PDSD5060,12.107,SD5060,SD5060,measured
SD5060,SD5060,SD5060,sd5060,REED,clean,,,150400,3.2,0.524,0.0116,PDSD5060,12.107,SD5060,SD5060,measured
SD5060,SD5060,SD5060,sd5060,REED,clean,,,150400,4.23,0.619,0.0129,PDSD5060,12.107,SD5060,SD5060,measured
SD5060,SD5060,SD5060,sd5060,REED,clean,,,150400,5.25,0.711,0.0148,PDSD5060,12.107,SD5060,SD5060,measured
SD5060,SD5060,SD5060,sd5060,REED,clean,,,150400,6.27,0.801,0.0156,PDSD5060,12.107,SD5060,SD5060,measured
SD5060,SD5060,SD5060,sd5060,REED,clean,,,150400,7.28,0.884,0.0196,PDSD5060,12.107,SD5060,SD5060,measured
SD5060,SD5060,SD5060,sd5060,REED,clean,,,150400,8.3,0.958,0.0239,PDSD5060,12.107,SD5060,SD5060,measured
SD5060,SD5060,SD5060,sd5060,REED,clean,,,150400,9.32,1.021,0.0268,PDSD5060,12.107,SD5060,SD5060,measured
SD5060,SD5060,SD5060,sd5060,REED,clean,,,150400,10.32,1.071,0.033,PDSD5060,12.107,SD5060,SD5060,measured
SD5060,SD5060,SD5060,sd5060,REED,clean,,,150400,11.33,1.089,0.0431,PDSD5060,12.107,SD5060,SD5060,measured
SD5060,SD5060,SD5060,sd5060,REED,clean,,,202500,-4.96,-0.269,0.0135,PDSD5060,12.107,SD5060,SD5060,measured
SD5060,SD5060,SD5060,sd5060,REED,clean,,,202500,-3.95,-0.142,0.0121,PDSD5060,12.107,SD5060,SD5060,measured
SD5060,SD5060,SD5060,sd5060,REED,clean,,,202500,-2.91,-0.022,0.0109,PDSD5060,12.107,SD5060,SD5060,measured
SD5060,SD5060,SD5060,sd5060,REED,clean,,,202500,-1.9,0.077,0.0104,PDSD5060,12.107,SD5060,SD5060,measured
SD5060,SD5060,SD5060,sd5060,REED,clean,,,202500,-0.88,0.165,0.0097,PDSD5060,12.107,SD5060,SD5060,measured
SD5060,SD5060,SD5060,sd5060,REED,clean,,,202500,0.15,0.273,0.0092,PDSD5060,12.107,SD5060,SD5060,measured
SD5060,SD5060,SD5060,sd5060,REED,clean,,,202500,1.17,0.373,0.0093,PDSD5060,12.107,SD5060,SD5060,measured
SD5060,SD5060,SD5060,sd5060,REED,clean,,,202500,2.2,0.474,0.0097,PDSD5060,12.107,SD5060,SD5060,measured
SD5060,SD5060,SD5060,sd5060,REED,clean,,,202500,3.22,0.572,0.01,PDSD5060,12.107,SD5060,SD5060,measured
SD5060,SD5060,SD5060,sd5060,REED,clean,,,202500,4.24,0.67,0.0113,PDSD5060,12.107,SD5060,SD5060,measured
SD5060,SD5060,SD5060,sd5060,REED,clean,,,202500,5.26,0.758,0.0132,PDSD5060,12.107,SD5060,SD5060,measured
SD5060,SD5060,SD5060,sd5060,REED,clean,,,202500,6.27,0.845,0.0151,PDSD5060,12.107,SD5060,SD5060,measured
SD5060,SD5060,SD5060,sd5060,REED,clean,,,202500,7.3,0.931,0.0178,PDSD5060,12.107,SD5060,SD5060,measured
SD5060,SD5060,SD5060,sd5060,REED,clean,,,202500,8.31,1.008,0.0212,PDSD5060,12.107,SD5060,SD5060,measured
SD5060,SD5060,SD5060,sd5060,REED,clean,,,202500,9.32,1.072,0.0245,PDSD5060,12.107,SD5060,SD5060,measured
SD5060,SD5060,SD5060,sd5060,REED,clean,,,202500,10.34,1.123,0.0296,PDSD5060,12.107,SD5060,SD5060,measured
SD5060,SD5060,SD5060,sd5060,REED,clean,,,202500,11.34,1.145,0.04,PDSD5060,12.107,SD5060,SD5060,measured
SD5060,SD5060,SD5060,sd5060,REED,clean,,,202500,12.34,1.124,0.0605,PDSD5060,12.107,SD5060,SD5060,measured
SD5060,SD5060,SD5060,sd5060,REED,clean,,,304100,-6.07,-0.371,0.0132,PDSD5060,12.107,SD5060,SD5060,measured
SD5060,SD5060,SD5060,sd5060,REED,clean,,,304100,-5.05,-0.247,0.0115,PDSD5060,12.107,SD5060,SD5060,measured
SD5060,SD5060,SD5060,sd5060,REED,clean,,,304100,-4.01,-0.14,0.0108,PDSD5060,12.107,SD5060,SD5060,measured
SD5060,SD5060,SD5060,sd5060,REED,clean,,,304100,-2.98,-0.042,0.01,PDSD5060,12.107,SD5060,SD5060,measured
SD5060,SD5060,SD5060,sd5060,REED,clean,,,304100,-1.93,0.057,0.0095,PDSD5060,12.107,SD5060,SD5060,measured
SD5060,SD5060,SD5060,sd5060,REED,clean,,,304100,-0.91,0.157,0.0086,PDSD5060,12.107,SD5060,SD5060,measured
SD5060,SD5060,SD5060,sd5060,REED,clean,,,304100,0.13,0.259,0.0076,PDSD5060,12.107,SD5060,SD5060,measured
SD5060,SD5060,SD5060,sd5060,REED,clean,,,304100,1.16,0.371,0.0075,PDSD5060,12.107,SD5060,SD5060,measured
SD5060,SD5060,SD5060,sd5060,REED,clean,,,304100,2.19,0.475,0.0081,PDSD5060,12.107,SD5060,SD5060,measured
SD5060,SD5060,SD5060,sd5060,REED,clean,,,304100,3.22,0.572,0.0092,PDSD5060,12.107,SD5060,SD5060,measured
SD5060,SD5060,SD5060,sd5060,REED,clean,,,304100,4.23,0.666,0.0107,PDSD5060,12.107,SD5060,SD5060,measured
SD5060,SD5060,SD5060,sd5060,REED,clean,,,304100,5.25,0.755,0.0124,PDSD5060,12.107,SD5060,SD5060,measured
SD5060,SD5060,SD5060,sd5060,REED,clean,,,304100,6.26,0.841,0.0138,PDSD5060,12.107,SD5060,SD5060,measured
SD5060,SD5060,SD5060,sd5060,REED,clean,,,304100,7.3,0.929,0.016,PDSD5060,12.107,SD5060,SD5060,measured
SD5060,SD5060,SD5060,sd5060,REED,clean,,,304100,8.3,1.007,0.0189,PDSD5060,12.107,SD5060,SD5060,measured
SD6060,SD6060,SD6060,sd6060,FOX,clean,,,59100,-6.0,-0.399,0.0288,PDSD6060,12.109,SD6060,SD6060,measured
SD6060,SD6060,SD6060,sd6060,FOX,clean,,,59100,-4.97,-0.331,0.0223,PDSD6060,12.109,SD6060,SD6060,measured
SD6060,SD6060,SD6060,sd6060,FOX,clean,,,59100,-3.96,-0.277,0.0158,PDSD6060,12.109,SD6060,SD6060,measured
SD6060,SD6060,SD6060,sd6060,FOX,clean,,,59100,-2.96,-0.187,0.0156,PDSD6060,12.109,SD6060,SD6060,measured
SD6060,SD6060,SD6060,sd6060,FOX,clean,,,59100,-1.93,-0.125,0.0145,PDSD6060,12.109,SD6060,SD6060,measured
SD6060,SD6060,SD6060,sd6060,FOX,clean,,,59100,-0.93,-0.009,0.0186,PDSD6060,12.109,SD6060,SD6060,measured
SD6060,SD6060,SD6060,sd6060,FOX,clean,,,59100,0.12,0.143,0.0217,PDSD6060,12.109,SD6060,SD6060,measured
SD6060,SD6060,SD6060,sd6060,FOX,clean,,,59100,1.15,0.273,0.0231,PDSD6060,12.109,SD6060,SD6060,measured
SD6060,SD6060,SD6060,sd6060,FOX,clean,,,59100,2.17,0.395,0.0258,PDSD6060,12.109,SD6060,SD6060,measured
SD6060,SD6060,SD6060,sd6060,FOX,clean,,,59100,3.19,0.49,0.0249,PDSD6060,12.109,SD6060,SD6060,measured
SD6060,SD6060,SD6060,sd6060,FOX,clean,,,59100,4.21,0.579,0.0258,PDSD6060,12.109,SD6060,SD6060,measured
SD6060,SD6060,SD6060,sd6060,FOX,clean,,,59100,5.23,0.661,0.0242,PDSD6060,12.109,SD6060,SD6060,measured
SD6060,SD6060,SD6060,sd6060,FOX,clean,,,59100,6.25,0.742,0.0218,PDSD6060,12.109,SD6060,SD6060,measured
SD6060,SD6060,SD6060,sd6060,FOX,clean,,,59100,7.26,0.813,0.024,PDSD6060,12.109,SD6060,SD6060,measured
SD6060,SD6060,SD6060,sd6060,FOX,clean,,,59100,8.28,0.866,0.0312,PDSD6060,12.109,SD6060,SD6060,measured
SD6060,SD6060,SD6060,sd6060,FOX,clean,,,59100,9.28,0.892,0.0457,PDSD6060,12.109,SD6060,SD6060,measured
SD6060,SD6060,SD6060,sd6060,FOX,clean,,,59100,10.28,0.906,0.0662,PDSD6060,12.109,SD6060,SD6060,measured
SD6060,SD6060,SD6060,sd6060,FOX,clean,,,100600,-5.98,-0.388,0.0237,PDSD6060,12.109,SD6060,SD6060,measured
SD6060,SD6060,SD6060,sd6060,FOX,clean,,,100600,-4.99,-0.322,0.0183,PDSD6060,12.109,SD6060,SD6060,measured
SD6060,SD6060,SD6060,sd6060,FOX,clean,,,100600,-3.96,-0.248,0.0145,PDSD6060,12.109,SD6060,SD6060,measured
SD6060,SD6060,SD6060,sd6060,FOX,clean,,,100600,-2.95,-0.161,0.0132,PDSD6060,12.109,SD6060,SD6060,measured
SD6060,SD6060,SD6060,sd6060,FOX,clean,,,100600,-1.92,-0.035,0.0138,PDSD6060,12.109,SD6060,SD6060,measured
SD6060,SD6060,SD6060,sd6060,FOX,clean,,,100600,-0.89,0.144,0.0151,PDSD6060,12.109,SD6060,SD6060,measured
SD6060,SD6060,SD6060,sd6060,FOX,clean,,,100600,0.16,0.249,0.0169,PDSD6060,12.109,SD6060,SD6060,measured
SD6060,SD6060,SD6060,sd6060,FOX,clean,,,100600,1.17,0.341,0.0177,PDSD6060,12.109,SD6060,SD6060,measured
SD6060,SD6060,SD6060,sd6060,FOX,clean,,,100600,2.19,0.429,0.018,PDSD6060,12.109,SD6060,SD6060,measured
SD6060,SD6060,SD6060,sd6060,FOX,clean,,,100600,3.21,0.519,0.018,PDSD6060,12.109,SD6060,SD6060,measured
SD6060,SD6060,SD6060,sd6060,FOX,clean,,,100600,4.22,0.611,0.017,PDSD6060,12.109,SD6060,SD6060,measured
SD6060,SD6060,SD6060,sd6060,FOX,clean,,,100600,5.25,0.704,0.0176,PDSD6060,12.109,SD6060,SD6060,measured
SD6060,SD6060,SD6060,sd6060,FOX,clean,,,100600,6.26,0.788,0.0174,PDSD6060,12.109,SD6060,SD6060,measured
SD6060,SD6060,SD6060,sd6060,FOX,clean,,,100600,7.27,0.863,0.0206,PDSD6060,12.109,SD6060,SD6060,measured
SD6060,SD6060,SD6060,sd6060,FOX,clean,,,100600,8.29,0.921,0.0289,PDSD6060,12.109,SD6060,SD6060,measured
SD6060,SD6060,SD6060,sd6060,FOX,clean,,,100600,9.3,0.96,0.0374,PDSD6060,12.109,SD6060,SD6060,measured
SD6060,SD6060,SD6060,sd6060,FOX,clean,,,155700,-5.99,-0.403,0.0206,PDSD6060,12.109,SD6060,SD6060,measured
SD6060,SD6060,SD6060,sd6060,FOX,clean,,,155700,-4.97,-0.328,0.0159,PDSD6060,12.109,SD6060,SD6060,measured
SD6060,SD6060,SD6060,sd6060,FOX,clean,,,155700,-3.95,-0.197,0.0123,PDSD6060,12.109,SD6060,SD6060,measured
SD6060,SD6060,SD6060,sd6060,FOX,clean,,,155700,-2.93,-0.083,0.0112,PDSD6060,12.109,SD6060,SD6060,measured
SD6060,SD6060,SD6060,sd6060,FOX,clean,,,155700,-1.91,-0.012,0.0114,PDSD6060,12.109,SD6060,SD6060,measured
SD6060,SD6060,SD6060,sd6060,FOX,clean,,,155700,-0.89,0.115,0.0119,PDSD6060,12.109,SD6060,SD6060,measured
SD6060,SD6060,SD6060,sd6060,FOX,clean,,,155700,0.13,0.211,0.0117,PDSD6060,12.109,SD6060,SD6060,measured
SD6060,SD6060,SD6060,sd6060,FOX,clean,,,155700,1.15,0.3,0.0118,PDSD6060,12.109,SD6060,SD6060,measured
SD6060,SD6060,SD6060,sd6060,FOX,clean,,,155700,2.18,0.398,0.0115,PDSD6060,12.109,SD6060,SD6060,measured
SD6060,SD6060,SD6060,sd6060,FOX,clean,,,155700,3.21,0.499,0.0123,PDSD6060,12.109,SD6060,SD6060,measured
SD6060,SD6060,SD6060,sd6060,FOX,clean,,,155700,4.23,0.598,0.0126,PDSD6060,12.109,SD6060,SD6060,measured
SD6060,SD6060,SD6060,sd6060,FOX,clean,,,155700,5.24,0.695,0.0134,PDSD6060,12.109,SD6060,SD6060,measured
SD6060,SD6060,SD6060,sd6060,FOX,clean,,,155700,6.27,0.784,0.0154,PDSD6060,12.109,SD6060,SD6060,measured
SD6060,SD6060,SD6060,sd6060,FOX,clean,,,155700,7.27,0.86,0.0199,PDSD6060,12.109,SD6060,SD6060,measured
SD6060,SD6060,SD6060,sd6060,FOX,clean,,,155700,8.28,0.916,0.0251,PDSD6060,12.109,SD6060,SD6060,measured
SD6060,SD6060,SD6060,sd6060,FOX,clean,,,155700,9.31,0.95,0.0336,PDSD6060,12.109,SD6060,SD6060,measured
SD6060,SD6060,SD6060,sd6060,FOX,clean,,,155700,10.29,0.961,0.0465,PDSD6060,12.109,SD6060,SD6060,measured
SD6060,SD6060,SD6060,sd6060,FOX,clean,,,199700,-3.97,-0.154,0.0117,PDSD6060,12.109,SD6060,SD6060,measured
SD6060,SD6060,SD6060,sd6060,FOX,clean,,,199700,-2.93,-0.076,0.0102,PDSD6060,12.109,SD6060,SD6060,measured
SD6060,SD6060,SD6060,sd6060,FOX,clean,,,199700,-1.92,-0.006,0.0102,PDSD6060,12.109,SD6060,SD6060,measured
SD6060,SD6060,SD6060,sd6060,FOX,clean,,,199700,-0.9,0.078,0.0101,PDSD6060,12.109,SD6060,SD6060,measured
SD6060,SD6060,SD6060,sd6060,FOX,clean,,,199700,0.15,0.213,0.0097,PDSD6060,12.109,SD6060,SD6060,measured
SD6060,SD6060,SD6060,sd6060,FOX,clean,,,199700,1.16,0.305,0.0098,PDSD6060,12.109,SD6060,SD6060,measured
SD6060,SD6060,SD6060,sd6060,FOX,clean,,,199700,2.18,0.404,0.01,PDSD6060,12.109,SD6060,SD6060,measured
SD6060,SD6060,SD6060,sd6060,FOX,clean,,,199700,3.2,0.507,0.0103,PDSD6060,12.109,SD6060,SD6060,measured
SD6060,SD6060,SD6060,sd6060,FOX,clean,,,199700,4.22,0.609,0.0109,PDSD6060,12.109,SD6060,SD6060,measured
SD6060,SD6060,SD6060,sd6060,FOX,clean,,,199700,5.25,0.707,0.0121,PDSD6060,12.109,SD6060,SD6060,measured
SD6060,SD6060,SD6060,sd6060,FOX,clean,,,199700,6.26,0.794,0.0143,PDSD6060,12.109,SD6060,SD6060,measured
SD6060,SD6060,SD6060,sd6060,FOX,clean,,,199700,7.28,0.873,0.0179,PDSD6060,12.109,SD6060,SD6060,measured
SD6060,SD6060,SD6060,sd6060,FOX,clean,,,199700,8.3,0.934,0.0239,PDSD6060,12.109,SD6060,SD6060,measured
SD6060,SD6060,SD6060,sd6060,FOX,clean,,,199700,9.31,0.971,0.0315,PDSD6060,12.109,SD6060,SD6060,measured
SD6060,SD6060,SD6060,sd6060,FOX,clean,,,199700,10.31,0.985,0.042,PDSD6060,12.109,SD6060,SD6060,measured
SD6060,SD6060,SD6060,sd6060,FOX,clean,,,307400,-3.99,-0.191,0.0112,PDSD6060,12.109,SD6060,SD6060,measured
SD6060,SD6060,SD6060,sd6060,FOX,clean,,,307400,-2.96,-0.099,0.0094,PDSD6060,12.109,SD6060,SD6060,measured
SD6060,SD6060,SD6060,sd6060,FOX,clean,,,307400,-1.94,-0.012,0.0082,PDSD6060,12.109,SD6060,SD6060,measured
SD6060,SD6060,SD6060,sd6060,FOX,clean,,,307400,-0.91,0.078,0.0077,PDSD6060,12.109,SD6060,SD6060,measured
SD6060,SD6060,SD6060,sd6060,FOX,clean,,,307400,0.12,0.177,0.008,PDSD6060,12.109,SD6060,SD6060,measured
SD6060,SD6060,SD6060,sd6060,FOX,clean,,,307400,1.15,0.302,0.0077,PDSD6060,12.109,SD6060,SD6060,measured
SD6060,SD6060,SD6060,sd6060,FOX,clean,,,307400,2.18,0.407,0.0078,PDSD6060,12.109,SD6060,SD6060,measured
SD6060,SD6060,SD6060,sd6060,FOX,clean,,,307400,3.2,0.51,0.0087,PDSD6060,12.109,SD6060,SD6060,measured
SD6060,SD6060,SD6060,sd6060,FOX,clean,,,307400,4.22,0.61,0.0095,PDSD6060,12.109,SD6060,SD6060,measured
SD6060,SD6060,SD6060,sd6060,FOX,clean,,,307400,5.24,0.705,0.0109,PDSD6060,12.109,SD6060,SD6060,measured
SD6060,SD6060,SD6060,sd6060,FOX,clean,,,307400,6.27,0.794,0.0131,PDSD6060,12.109,SD6060,SD6060,measured
SD6060,SD6060,SD6060,sd6060,FOX,clean,,,307400,7.28,0.871,0.017,PDSD6060,12.109,SD6060,SD6060,measured
SD6060,SD6060,SD6060,sd6060,FOX,clean,,,307400,8.29,0.937,0.0212,PDSD6060,12.109,SD6060,SD6060,measured
SD6060,SD6060,SD6060,sd6060,FOX,clean,,,307400,9.3,0.978,0.0284,PDSD6060,12.109,SD6060,SD6060,measured
"SD6060 UST .020, .125, 20%",SD6060,SD6060,sd6060,FOX,tripped,0.2,,100900,-3.96,-0.209,0.0131,PDSD6060UST2012520,12.110,SD6060,SD6060,measured
"SD6060 UST .020, .125, 20%",SD6060,SD6060,sd6060,FOX,tripped,0.2,,100900,-2.93,-0.094,0.0129,PDSD6060UST2012520,12.110,SD6060,SD6060,measured
"SD6060 UST .020, .125, 20%",SD6060,SD6060,sd6060,FOX,tripped,0.2,,100900,-1.93,0.001,0.0128,PDSD6060UST2012520,12.110,SD6060,SD6060,measured
"SD6060 UST .020, .125, 20%",SD6060,SD6060,sd6060,FOX,tripped,0.2,,100900,-0.89,0.119,0.0132,PDSD6060UST2012520,12.110,SD6060,SD6060,measured
"SD6060 UST .020, .125, 20%",SD6060,SD6060,sd6060,FOX,tripped,0.2,,100900,0.12,0.2,0.0133,PDSD6060UST2012520,12.110,SD6060,SD6060,measured
"SD6060 UST .020, .125, 20%",SD6060,SD6060,sd6060,FOX,tripped,0.2,,100900,1.15,0.287,0.0133,PDSD6060UST2012520,12.110,SD6060,SD6060,measured
"SD6060 UST .020, .125, 20%",SD6060,SD6060,sd6060,FOX,tripped,0.2,,100900,2.17,0.381,0.0139,PDSD6060UST2012520,12.110,SD6060,SD6060,measured
"SD6060 UST .020, .125, 20%",SD6060,SD6060,sd6060,FOX,tripped,0.2,,100900,3.2,0.48,0.015,PDSD6060UST2012520,12.110,SD6060,SD6060,measured
"SD6060 UST .020, .125, 20%",SD6060,SD6060,sd6060,FOX,tripped,0.2,,100900,4.22,0.582,0.0168,PDSD6060UST2012520,12.110,SD6060,SD6060,measured
"SD6060 UST .020, .125, 20%",SD6060,SD6060,sd6060,FOX,tripped,0.2,,100900,5.24,0.679,0.0167,PDSD6060UST2012520,12.110,SD6060,SD6060,measured
"SD6060 UST .020, .125, 20%",SD6060,SD6060,sd6060,FOX,tripped,0.2,,100900,6.25,0.771,0.0198,PDSD6060UST2012520,12.110,SD6060,SD6060,measured
"SD6060 UST .020, .125, 20%",SD6060,SD6060,sd6060,FOX,tripped,0.2,,100900,7.28,0.846,0.0268,PDSD6060UST2012520,12.110,SD6060,SD6060,measured
"SD6060 UST .020, .125, 20%",SD6060,SD6060,sd6060,FOX,tripped,0.2,,100900,8.29,0.897,0.0331,PDSD6060UST2012520,12.110,SD6060,SD6060,measured
"SD6060 UST .020, .125, 20%",SD6060,SD6060,sd6060,FOX,tripped,0.2,,100900,9.3,0.937,0.0394,PDSD6060UST2012520,12.110,SD6060,SD6060,measured
"SD6060 UST .020, .125, 20%",SD6060,SD6060,sd6060,FOX,tripped,0.2,,100900,10.3,0.972,0.0611,PDSD6060UST2012520,12.110,SD6060,SD6060,measured
"SD6060 UST .020, .125, 20%",SD6060,SD6060,sd6060,FOX,tripped,0.2,,100900,11.3,0.967,0.0957,PDSD6060UST2012520,12.110,SD6060,SD6060,measured
"SD6060 UST .020, .125, 20%",SD6060,SD6060,sd6060,FOX,tripped,0.2,,154200,-3.96,-0.18,0.0123,PDSD6060UST2012520,12.110,SD6060,SD6060,measured
"SD6060 UST .020, .125, 20%",SD6060,SD6060,sd6060,FOX,tripped,0.2,,154200,-2.94,-0.105,0.0112,PDSD6060UST2012520,12.110,SD6060,SD6060,measured
"SD6060 UST .020, .125, 20%",SD6060,SD6060,sd6060,FOX,tripped,0.2,,154200,-1.91,-0.033,0.0106,PDSD6060UST2012520,12.110,SD6060,SD6060,measured
"SD6060 UST .020, .125, 20%",SD6060,SD6060,sd6060,FOX,tripped,0.2,,154200,-0.91,0.092,0.0107,PDSD6060UST2012520,12.110,SD6060,SD6060,measured
"SD6060 UST .020, .125, 20%",SD6060,SD6060,sd6060,FOX,tripped,0.2,,154200,0.14,0.2,0.0103,PDSD6060UST2012520,12.110,SD6060,SD6060,measured
"SD6060 UST .020, .125, 20%",SD6060,SD6060,sd6060,FOX,tripped,0.2,,154200,1.15,0.297,0.0106,PDSD6060UST2012520,12.110,SD6060,SD6060,measured
"SD6060 UST .020, .125, 20%",SD6060,SD6060,sd6060,FOX,tripped,0.2,,154200,2.18,0.399,0.0113,PDSD6060UST2012520,12.110,SD6060,SD6060,measured
"SD6060 UST .020, .125, 20%",SD6060,SD6060,sd6060,FOX,tripped,0.2,,154200,3.19,0.499,0.0121,PDSD6060UST2012520,12.110,SD6060,SD6060,measured
"SD6060 UST .020, .125, 20%",SD6060,SD6060,sd6060,FOX,tripped,0.2,,154200,4.22,0.601,0.0134,PDSD6060UST2012520,12.110,SD6060,SD6060,measured
"SD6060 UST .020, .125, 20%",SD6060,SD6060,sd6060,FOX,tripped,0.2,,154200,5.24,0.701,0.0143,PDSD6060UST2012520,12.110,SD6060,SD6060,measured
"SD6060 UST .020, .125, 20%",SD6060,SD6060,sd6060,FOX,tripped,0.2,,154200,6.26,0.796,0.0167,PDSD6060UST2012520,12.110,SD6060,SD6060,measured
"SD6060 UST .020, .125, 20%",SD6060,SD6060,sd6060,FOX,tripped,0.2,,154200,7.28,0.879,0.0209,PDSD6060UST2012520,12.110,SD6060,SD6060,measured
"SD6060 UST .020, .125, 20%",SD6060,SD6060,sd6060,FOX,tripped,0.2,,154200,8.28,0.935,0.0274,PDSD6060UST2012520,12.110,SD6060,SD6060,measured
"SD6060 UST .020, .125, 20%",SD6060,SD6060,sd6060,FOX,tripped,0.2,,154200,9.3,0.965,0.037,PDSD6060UST2012520,12.110,SD6060,SD6060,measured
"SD6060 UST .020, .125, 20%",SD6060,SD6060,sd6060,FOX,tripped,0.2,,154200,10.3,0.98,0.0466,PDSD6060UST2012520,12.110,SD6060,SD6060,measured
"SD6060 UST .020, .125, 20%",SD6060,SD6060,sd6060,FOX,tripped,0.2,,154200,11.3,0.975,0.0653,PDSD6060UST2012520,12.110,SD6060,SD6060,measured
"SD6060 UST .020, .125, 20%",SD6060,SD6060,sd6060,FOX,tripped,0.2,,205500,-3.96,-0.186,0.0121,PDSD6060UST2012520,12.110,SD6060,SD6060,measured
"SD6060 UST .020, .125, 20%",SD6060,SD6060,sd6060,FOX,tripped,0.2,,205500,-2.94,-0.102,0.0094,PDSD6060UST2012520,12.110,SD6060,SD6060,measured
"SD6060 UST .020, .125, 20%",SD6060,SD6060,sd6060,FOX,tripped,0.2,,205500,-1.91,-0.023,0.0094,PDSD6060UST2012520,12.110,SD6060,SD6060,measured
"SD6060 UST .020, .125, 20%",SD6060,SD6060,sd6060,FOX,tripped,0.2,,205500,-0.89,0.067,0.0096,PDSD6060UST2012520,12.110,SD6060,SD6060,measured
"SD6060 UST .020, .125, 20%",SD6060,SD6060,sd6060,FOX,tripped,0.2,,205500,0.11,0.2,0.0098,PDSD6060UST2012520,12.110,SD6060,SD6060,measured
"SD6060 UST .020, .125, 20%",SD6060,SD6060,sd6060,FOX,tripped,0.2,,205500,1.15,0.299,0.0094,PDSD6060UST2012520,12.110,SD6060,SD6060,measured
"SD6060 UST .020, .125, 20%",SD6060,SD6060,sd6060,FOX,tripped,0.2,,205500,2.16,0.398,0.0107,PDSD6060UST2012520,12.110,SD6060,SD6060,measured
"SD6060 UST .020, .125, 20%",SD6060,SD6060,sd6060,FOX,tripped,0.2,,205500,3.19,0.501,0.0109,PDSD6060UST2012520,12.110,SD6060,SD6060,measured
"SD6060 UST .020, .125, 20%",SD6060,SD6060,sd6060,FOX,tripped,0.2,,205500,4.22,0.605,0.0122,PDSD6060UST2012520,12.110,SD6060,SD6060,measured
"SD6060 UST .020, .125, 20%",SD6060,SD6060,sd6060,FOX,tripped,0.2,,205500,5.24,0.707,0.0131,PDSD6060UST2012520,12.110,SD6060,SD6060,measured
"SD6060 UST .020, .125, 20%",SD6060,SD6060,sd6060,FOX,tripped,0.2,,205500,6.26,0.805,0.0151,PDSD6060UST2012520,12.110,SD6060,SD6060,measured
"SD6060 UST .020, .125, 20%",SD6060,SD6060,sd6060,FOX,tripped,0.2,,205500,7.28,0.884,0.0192,PDSD6060UST2012520,12.110,SD6060,SD6060,measured
"SD6060 UST .020, .125, 20%",SD6060,SD6060,sd6060,FOX,tripped,0.2,,205500,8.3,0.944,0.0249,PDSD6060UST2012520,12.110,SD6060,SD6060,measured
"SD6060 UST .020, .125, 20%",SD6060,SD6060,sd6060,FOX,tripped,0.2,,205500,9.29,0.977,0.0328,PDSD6060UST2012520,12.110,SD6060,SD6060,measured
"SD6060 UST .020, .125, 20%",SD6060,SD6060,sd6060,FOX,tripped,0.2,,205500,10.3,0.983,0.0455,PDSD6060UST2012520,12.110,SD6060,SD6060,measured
"SD6060 UST .020, .125, 20%",SD6060,SD6060,sd6060,FOX,tripped,0.2,,205500,11.3,0.975,0.0669,PDSD6060UST2012520,12.110,SD6060,SD6060,measured
"SD6060 UST .020, .125, 20%",SD6060,SD6060,sd6060,FOX,tripped,0.2,,313800,-3.98,-0.212,0.0119,PDSD6060UST2012520,12.110,SD6060,SD6060,measured
"SD6060 UST .020, .125, 20%",SD6060,SD6060,sd6060,FOX,tripped,0.2,,313800,-2.93,-0.113,0.0107,PDSD6060UST2012520,12.110,SD6060,SD6060,measured
"SD6060 UST .020, .125, 20%",SD6060,SD6060,sd6060,FOX,tripped,0.2,,313800,-1.92,-0.026,0.0092,PDSD6060UST2012520,12.110,SD6060,SD6060,measured
"SD6060 UST .020, .125, 20%",SD6060,SD6060,sd6060,FOX,tripped,0.2,,313800,-0.9,0.062,0.0095,PDSD6060UST2012520,12.110,SD6060,SD6060,measured
"SD6060 UST .020, .125, 20%",SD6060,SD6060,sd6060,FOX,tripped,0.2,,313800,0.12,0.161,0.0097,PDSD6060UST2012520,12.110,SD6060,SD6060,measured
"SD6060 UST .020, .125, 20%",SD6060,SD6060,sd6060,FOX,tripped,0.2,,313800,1.16,0.288,0.0098,PDSD6060UST2012520,12.110,SD6060,SD6060,measured
"SD6060 UST .020, .125, 20%",SD6060,SD6060,sd6060,FOX,tripped,0.2,,313800,2.17,0.397,0.0098,PDSD6060UST2012520,12.110,SD6060,SD6060,measured
"SD6060 UST .020, .125, 20%",SD6060,SD6060,sd6060,FOX,tripped,0.2,,313800,3.21,0.504,0.0103,PDSD6060UST2012520,12.110,SD6060,SD6060,measured
"SD6060 UST .020, .125, 20%",SD6060,SD6060,sd6060,FOX,tripped,0.2,,313800,4.22,0.608,0.011,PDSD6060UST2012520,12.110,SD6060,SD6060,measured
"SD6060 UST .020, .125, 20%",SD6060,SD6060,sd6060,FOX,tripped,0.2,,313800,5.23,0.709,0.0121,PDSD6060UST2012520,12.110,SD6060,SD6060,measured
"SD6060 UST .020, .125, 20%",SD6060,SD6060,sd6060,FOX,tripped,0.2,,313800,6.26,0.804,0.0143,PDSD6060UST2012520,12.110,SD6060,SD6060,measured
"SD6060 UST .020, .125, 20%",SD6060,SD6060,sd6060,FOX,tripped,0.2,,313800,7.27,0.877,0.0179,PDSD6060UST2012520,12.110,SD6060,SD6060,measured
"SD6060 UST .020, .125, 20%",SD6060,SD6060,sd6060,FOX,tripped,0.2,,313800,8.29,0.942,0.0233,PDSD6060UST2012520,12.110,SD6060,SD6060,measured
"SD6060 UST .020, .125, 20%",SD6060,SD6060,sd6060,FOX,tripped,0.2,,313800,9.29,0.978,0.0297,PDSD6060UST2012520,12.110,SD6060,SD6060,measured
"SD6060 UST .020, .125, 20%",SD6060,SD6060,sd6060,FOX,tripped,0.2,,313800,10.3,0.981,0.0415,PDSD6060UST2012520,12.110,SD6060,SD6060,measured
"SD6060 UST .020, .125, 40%",SD6060,SD6060,sd6060,FOX,tripped,0.4,,103200,-2.94,-0.123,0.0136,PDSD6060UST2012540,12.111,SD6060,SD6060,measured
"SD6060 UST .020, .125, 40%",SD6060,SD6060,sd6060,FOX,tripped,0.4,,103200,-1.42,0.006,0.0138,PDSD6060UST2012540,12.111,SD6060,SD6060,measured
"SD6060 UST .020, .125, 40%",SD6060,SD6060,sd6060,FOX,tripped,0.4,,103200,0.13,0.177,0.015,PDSD6060UST2012540,12.111,SD6060,SD6060,measured
"SD6060 UST .020, .125, 40%",SD6060,SD6060,sd6060,FOX,tripped,0.4,,103200,1.66,0.317,0.0153,PDSD6060UST2012540,12.111,SD6060,SD6060,measured
"SD6060 UST .020, .125, 40%",SD6060,SD6060,sd6060,FOX,tripped,0.4,,103200,3.19,0.468,0.015,PDSD6060UST2012540,12.111,SD6060,SD6060,measured
"SD6060 UST .020, .125, 40%",SD6060,SD6060,sd6060,FOX,tripped,0.4,,103200,4.73,0.609,0.0178,PDSD6060UST2012540,12.111,SD6060,SD6060,measured
"SD6060 UST .020, .125, 40%",SD6060,SD6060,sd6060,FOX,tripped,0.4,,103200,6.24,0.731,0.0214,PDSD6060UST2012540,12.111,SD6060,SD6060,measured
"SD6060 UST .020, .125, 40%",SD6060,SD6060,sd6060,FOX,tripped,0.4,,103200,7.26,0.804,0.023,PDSD6060UST2012540,12.111,SD6060,SD6060,measured
"SD6060 UST .020, .125, 40%",SD6060,SD6060,sd6060,FOX,tripped,0.4,,103200,8.28,0.859,0.0358,PDSD6060UST2012540,12.111,SD6060,SD6060,measured
"SD6060 UST .020, .125, 40%",SD6060,SD6060,sd6060,FOX,tripped,0.4,,103200,9.28,0.915,0.0414,PDSD6060UST2012540,12.111,SD6060,SD6060,measured
"SD6060 UST .020, .125, 40%",SD6060,SD6060,sd6060,FOX,tripped,0.4,,152000,-2.94,-0.114,0.0114,PDSD6060UST2012540,12.111,SD6060,SD6060,measured
"SD6060 UST .020, .125, 40%",SD6060,SD6060,sd6060,FOX,tripped,0.4,,152000,-1.41,0.016,0.0107,PDSD6060UST2012540,12.111,SD6060,SD6060,measured
"SD6060 UST .020, .125, 40%",SD6060,SD6060,sd6060,FOX,tripped,0.4,,152000,0.14,0.191,0.0114,PDSD6060UST2012540,12.111,SD6060,SD6060,measured
"SD6060 UST .020, .125, 40%",SD6060,SD6060,sd6060,FOX,tripped,0.4,,152000,1.66,0.334,0.0114,PDSD6060UST2012540,12.111,SD6060,SD6060,measured
"SD6060 UST .020, .125, 40%",SD6060,SD6060,sd6060,FOX,tripped,0.4,,152000,3.2,0.491,0.0123,PDSD6060UST2012540,12.111,SD6060,SD6060,measured
"SD6060 UST .020, .125, 40%",SD6060,SD6060,sd6060,FOX,tripped,0.4,,152000,4.74,0.64,0.0137,PDSD6060UST2012540,12.111,SD6060,SD6060,measured
"SD6060 UST .020, .125, 40%",SD6060,SD6060,sd6060,FOX,tripped,0.4,,152000,6.25,0.77,0.018,PDSD6060UST2012540,12.111,SD6060,SD6060,measured
"SD6060 UST .020, .125, 40%",SD6060,SD6060,sd6060,FOX,tripped,0.4,,152000,7.27,0.846,0.0239,PDSD6060UST2012540,12.111,SD6060,SD6060,measured
"SD6060 UST .020, .125, 40%",SD6060,SD6060,sd6060,FOX,tripped,0.4,,152000,8.28,0.892,0.0281,PDSD6060UST2012540,12.111,SD6060,SD6060,measured
"SD6060 UST .020, .125, 40%",SD6060,SD6060,sd6060,FOX,tripped,0.4,,152000,9.3,0.923,0.0398,PDSD6060UST2012540,12.111,SD6060,SD6060,measured
"SD6060 UST .020, .125, 40%",SD6060,SD6060,sd6060,FOX,tripped,0.4,,152000,10.3,0.954,0.0564,PDSD6060UST2012540,12.111,SD6060,SD6060,measured
"SD6060 UST .020, .125, 40%",SD6060,SD6060,sd6060,FOX,tripped,0.4,,152000,11.29,0.954,0.1261,PDSD6060UST2012540,12.111,SD6060,SD6060,measured
"SD6060 UST .020, .125, 40%",SD6060,SD6060,sd6060,FOX,tripped,0.4,,200900,-2.94,-0.108,0.0098,PDSD6060UST2012540,12.111,SD6060,SD6060,measured
"SD6060 UST .020, .125, 40%",SD6060,SD6060,sd6060,FOX,tripped,0.4,,200900,-1.41,0.015,0.0095,PDSD6060UST2012540,12.111,SD6060,SD6060,measured
"SD6060 UST .020, .125, 40%",SD6060,SD6060,sd6060,FOX,tripped,0.4,,200900,0.13,0.2,0.0098,PDSD6060UST2012540,12.111,SD6060,SD6060,measured
"SD6060 UST .020, .125, 40%",SD6060,SD6060,sd6060,FOX,tripped,0.4,,200900,1.67,0.353,0.0101,PDSD6060UST2012540,12.111,SD6060,SD6060,measured
"SD6060 UST .020, .125, 40%",SD6060,SD6060,sd6060,FOX,tripped,0.4,,200900,3.2,0.51,0.0106,PDSD6060UST2012540,12.111,SD6060,SD6060,measured
"SD6060 UST .020, .125, 40%",SD6060,SD6060,sd6060,FOX,tripped,0.4,,200900,4.74,0.663,0.0125,PDSD6060UST2012540,12.111,SD6060,SD6060,measured
"SD6060 UST .020, .125, 40%",SD6060,SD6060,sd6060,FOX,tripped,0.4,,200900,6.27,0.797,0.0159,PDSD6060UST2012540,12.111,SD6060,SD6060,measured
"SD6060 UST .020, .125, 40%",SD6060,SD6060,sd6060,FOX,tripped,0.4,,200900,7.27,0.873,0.0198,PDSD6060UST2012540,12.111,SD6060,SD6060,measured
"SD6060 UST .020, .125, 40%",SD6060,SD6060,sd6060,FOX,tripped,0.4,,200900,8.3,0.93,0.0283,PDSD6060UST2012540,12.111,SD6060,SD6060,measured
"SD6060 UST .020, .125, 40%",SD6060,SD6060,sd6060,FOX,tripped,0.4,,200900,9.29,0.965,0.0334,PDSD6060UST2012540,12.111,SD6060,SD6060,measured
"SD6060 UST .020, .125, 40%",SD6060,SD6060,sd6060,FOX,tripped,0.4,,200900,10.3,0.981,0.045,PDSD6060UST2012540,12.111,SD6060,SD6060,measured
"SD6060 UST .020, .125, 40%",SD6060,SD6060,sd6060,FOX,tripped,0.4,,200900,11.31,0.987,0.0711,PDSD6060UST2012540,12.111,SD6060,SD6060,measured
"SD6060 UST .020, .125, 40%",SD6060,SD6060,sd6060,FOX,tripped,0.4,,309100,-2.94,-0.11,0.0102,PDSD6060UST2012540,12.111,SD6060,SD6060,measured
"SD6060 UST .020, .125, 40%",SD6060,SD6060,sd6060,FOX,tripped,0.4,,309100,-1.41,0.022,0.009,PDSD6060UST2012540,12.111,SD6060,SD6060,measured
"SD6060 UST .020, .125, 40%",SD6060,SD6060,sd6060,FOX,tripped,0.4,,309100,0.12,0.167,0.0081,PDSD6060UST2012540,12.111,SD6060,SD6060,measured
"SD6060 UST .020, .125, 40%",SD6060,SD6060,sd6060,FOX,tripped,0.4,,309100,1.67,0.352,0.0087,PDSD6060UST2012540,12.111,SD6060,SD6060,measured
"SD6060 UST .020, .125, 40%",SD6060,SD6060,sd6060,FOX,tripped,0.4,,309100,3.21,0.512,0.0092,PDSD6060UST2012540,12.111,SD6060,SD6060,measured
"SD6060 UST .020, .125, 40%",SD6060,SD6060,sd6060,FOX,tripped,0.4,,309100,4.75,0.667,0.0109,PDSD6060UST2012540,12.111,SD6060,SD6060,measured
"SD6060 UST .020, .125, 40%",SD6060,SD6060,sd6060,FOX,tripped,0.4,,309100,6.26,0.801,0.0145,PDSD6060UST2012540,12.111,SD6060,SD6060,measured
"SD6060 UST .020, .125, 40%",SD6060,SD6060,sd6060,FOX,tripped,0.4,,309100,7.28,0.879,0.0184,PDSD6060UST2012540,12.111,SD6060,SD6060,measured
"SD6060 UST .020, .125, 40%",SD6060,SD6060,sd6060,FOX,tripped,0.4,,309100,8.3,0.942,0.0241,PDSD6060UST2012540,12.111,SD6060,SD6060,measured
"SD6060 UST .020, .125, 40%",SD6060,SD6060,sd6060,FOX,tripped,0.4,,309100,9.31,0.977,0.0318,PDSD6060UST2012540,12.111,SD6060,SD6060,measured
"SD6060 UST .020, .125, 40%",SD6060,SD6060,sd6060,FOX,tripped,0.4,,309100,10.3,0.983,0.0437,PDSD6060UST2012540,12.111,SD6060,SD6060,measured
SD6080,SD6080,SD6080,sd6080,HOHENSEE/MURRAY,clean,,,59400,-2.9,-0.001,0.0246,PDSD6080,12.113,SD6080,SD6080,measured
SD6080,SD6080,SD6080,sd6080,HOHENSEE/MURRAY,clean,,,59400,-1.89,0.101,0.0211,PDSD6080,12.113,SD6080,SD6080,measured
SD6080,SD6080,SD6080,sd6080,HOHENSEE/MURRAY,clean,,,59400,-0.88,0.213,0.0215,PDSD6080,12.113,SD6080,SD6080,measured
SD6080,SD6080,SD6080,sd6080,HOHENSEE/MURRAY,clean,,,59400,0.17,0.35,0.0252,PDSD6080,12.113,SD6080,SD6080,measured
SD6080,SD6080,SD6080,sd6080,HOHENSEE/MURRAY,clean,,,59400,1.19,0.455,0.0295,PDSD6080,12.113,SD6080,SD6080,measured
SD6080,SD6080,SD6080,sd6080,HOHENSEE/MURRAY,clean,,,59400,2.21,0.563,0.0327,PDSD6080,12.113,SD6080,SD6080,measured
SD6080,SD6080,SD6080,sd6080,HOHENSEE/MURRAY,clean,,,59400,3.24,0.661,0.0334,PDSD6080,12.113,SD6080,SD6080,measured
SD6080,SD6080,SD6080,sd6080,HOHENSEE/MURRAY,clean,,,59400,4.26,0.742,0.031,PDSD6080,12.113,SD6080,SD6080,measured
SD6080,SD6080,SD6080,sd6080,HOHENSEE/MURRAY,clean,,,59400,5.27,0.838,0.0334,PDSD6080,12.113,SD6080,SD6080,measured
SD6080,SD6080,SD6080,sd6080,HOHENSEE/MURRAY,clean,,,59400,6.29,0.923,0.031,PDSD6080,12.113,SD6080,SD6080,measured
SD6080,SD6080,SD6080,sd6080,HOHENSEE/MURRAY,clean,,,59400,7.3,0.992,0.0258,PDSD6080,12.113,SD6080,SD6080,measured
SD6080,SD6080,SD6080,sd6080,HOHENSEE/MURRAY,clean,,,59400,8.32,1.061,0.0267,PDSD6080,12.113,SD6080,SD6080,measured
SD6080,SD6080,SD6080,sd6080,HOHENSEE/MURRAY,clean,,,59400,9.33,1.112,0.0291,PDSD6080,12.113,SD6080,SD6080,measured
SD6080,SD6080,SD6080,sd6080,HOHENSEE/MURRAY,clean,,,59400,10.34,1.142,0.0382,PDSD6080,12.113,SD6080,SD6080,measured
SD6080,SD6080,SD6080,sd6080,HOHENSEE/MURRAY,clean,,,59400,11.33,1.144,0.0398,PDSD6080,12.113,SD6080,SD6080,measured
SD6080,SD6080,SD6080,sd6080,HOHENSEE/MURRAY,clean,,,59400,12.35,1.137,0.0548,PDSD6080,12.113,SD6080,SD6080,measured
SD6080,SD6080,SD6080,sd6080,HOHENSEE/MURRAY,clean,,,100400,-3.9,-0.017,0.0256,PDSD6080,12.113,SD6080,SD6080,measured
SD6080,SD6080,SD6080,sd6080,HOHENSEE/MURRAY,clean,,,100400,-2.89,0.13,0.0204,PDSD6080,12.113,SD6080,SD6080,measured
SD6080,SD6080,SD6080,sd6080,HOHENSEE/MURRAY,clean,,,100400,-1.88,0.235,0.0166,PDSD6080,12.113,SD6080,SD6080,measured
SD6080,SD6080,SD6080,sd6080,HOHENSEE/MURRAY,clean,,,100400,-0.83,0.349,0.0167,PDSD6080,12.113,SD6080,SD6080,measured
SD6080,SD6080,SD6080,sd6080,HOHENSEE/MURRAY,clean,,,100400,0.18,0.443,0.0185,PDSD6080,12.113,SD6080,SD6080,measured
SD6080,SD6080,SD6080,sd6080,HOHENSEE/MURRAY,clean,,,100400,1.21,0.536,0.0189,PDSD6080,12.113,SD6080,SD6080,measured
SD6080,SD6080,SD6080,sd6080,HOHENSEE/MURRAY,clean,,,100400,2.23,0.633,0.0209,PDSD6080,12.113,SD6080,SD6080,measured
SD6080,SD6080,SD6080,sd6080,HOHENSEE/MURRAY,clean,,,100400,3.25,0.731,0.0224,PDSD6080,12.113,SD6080,SD6080,measured
SD6080,SD6080,SD6080,sd6080,HOHENSEE/MURRAY,clean,,,100400,4.27,0.824,0.022,PDSD6080,12.113,SD6080,SD6080,measured
SD6080,SD6080,SD6080,sd6080,HOHENSEE/MURRAY,clean,,,100400,5.29,0.914,0.0203,PDSD6080,12.113,SD6080,SD6080,measured
SD6080,SD6080,SD6080,sd6080,HOHENSEE/MURRAY,clean,,,100400,6.3,1.003,0.0192,PDSD6080,12.113,SD6080,SD6080,measured
SD6080,SD6080,SD6080,sd6080,HOHENSEE/MURRAY,clean,,,100400,7.33,1.09,0.0199,PDSD6080,12.113,SD6080,SD6080,measured
SD6080,SD6080,SD6080,sd6080,HOHENSEE/MURRAY,clean,,,100400,8.35,1.166,0.0217,PDSD6080,12.113,SD6080,SD6080,measured
SD6080,SD6080,SD6080,sd6080,HOHENSEE/MURRAY,clean,,,100400,9.37,1.225,0.0266,PDSD6080,12.113,SD6080,SD6080,measured
SD6080,SD6080,SD6080,sd6080,HOHENSEE/MURRAY,clean,,,100400,10.36,1.232,0.0324,PDSD6080,12.113,SD6080,SD6080,measured
SD6080,SD6080,SD6080,sd6080,HOHENSEE/MURRAY,clean,,,100400,11.35,1.215,0.0451,PDSD6080,12.113,SD6080,SD6080,measured
SD6080,SD6080,SD6080,sd6080,HOHENSEE/MURRAY,clean,,,149700,-1.89,0.24,0.0133,PDSD6080,12.113,SD6080,SD6080,measured
SD6080,SD6080,SD6080,sd6080,HOHENSEE/MURRAY,clean,,,149700,0.18,0.431,0.0119,PDSD6080,12.113,SD6080,SD6080,measured
SD6080,SD6080,SD6080,sd6080,HOHENSEE/MURRAY,clean,,,149700,2.23,0.634,0.0134,PDSD6080,12.113,SD6080,SD6080,measured
SD6080,SD6080,SD6080,sd6080,HOHENSEE/MURRAY,clean,,,149700,3.24,0.731,0.0141,PDSD6080,12.113,SD6080,SD6080,measured
SD6080,SD6080,SD6080,sd6080,HOHENSEE/MURRAY,clean,,,149700,4.27,0.829,0.015,PDSD6080,12.113,SD6080,SD6080,measured
SD6080,SD6080,SD6080,sd6080,HOHENSEE/MURRAY,clean,,,149700,6.3,1.02,0.016,PDSD6080,12.113,SD6080,SD6080,measured
SD6080,SD6080,SD6080,sd6080,HOHENSEE/MURRAY,clean,,,149700,7.32,1.103,0.0175,PDSD6080,12.113,SD6080,SD6080,measured
SD6080,SD6080,SD6080,sd6080,HOHENSEE/MURRAY,clean,,,149700,8.34,1.171,0.0201,PDSD6080,12.113,SD6080,SD6080,measured
SD6080,SD6080,SD6080,sd6080,HOHENSEE/MURRAY,clean,,,149700,9.35,1.223,0.0257,PDSD6080,12.113,SD6080,SD6080,measured
SD6080,SD6080,SD6080,sd6080,HOHENSEE/MURRAY,clean,,,200500,-3.94,0.036,0.0157,PDSD6080,12.113,SD6080,SD6080,measured
SD6080,SD6080,SD6080,sd6080,HOHENSEE/MURRAY,clean,,,200500,-2.88,0.129,0.0132,PDSD6080,12.113,SD6080,SD6080,measured
SD6080,SD6080,SD6080,sd6080,HOHENSEE/MURRAY,clean,,,200500,-1.88,0.224,0.0117,PDSD6080,12.113,SD6080,SD6080,measured
SD6080,SD6080,SD6080,sd6080,HOHENSEE/MURRAY,clean,,,200500,-0.84,0.315,0.0091,PDSD6080,12.113,SD6080,SD6080,measured
SD6080,SD6080,SD6080,sd6080,HOHENSEE/MURRAY,clean,,,200500,0.13,0.417,0.0094,PDSD6080,12.113,SD6080,SD6080,measured
SD6080,SD6080,SD6080,sd6080,HOHENSEE/MURRAY,clean,,,200500,1.17,0.521,0.0099,PDSD6080,12.113,SD6080,SD6080,measured
SD6080,SD6080,SD6080,sd6080,HOHENSEE/MURRAY,clean,,,200500,2.21,0.627,0.0106,PDSD6080,12.113,SD6080,SD6080,measured
SD6080,SD6080,SD6080,sd6080,HOHENSEE/MURRAY,clean,,,200500,3.23,0.729,0.0115,PDSD6080,12.113,SD6080,SD6080,measured
SD6080,SD6080,SD6080,sd6080,HOHENSEE/MURRAY,clean,,,200500,4.26,0.829,0.0122,PDSD6080,12.113,SD6080,SD6080,measured
SD6080,SD6080,SD6080,sd6080,HOHENSEE/MURRAY,clean,,,200500,5.27,0.923,0.0128,PDSD6080,12.113,SD6080,SD6080,measured
SD6080,SD6080,SD6080,sd6080,HOHENSEE/MURRAY,clean,,,200500,6.31,1.011,0.0141,PDSD6080,12.113,SD6080,SD6080,measured
SD6080,SD6080,SD6080,sd6080,HOHENSEE/MURRAY,clean,,,200500,7.32,1.087,0.0157,PDSD6080,12.113,SD6080,SD6080,measured
SD6080,SD6080,SD6080,sd6080,HOHENSEE/MURRAY,clean,,,200500,8.35,1.16,0.0192,PDSD6080,12.113,SD6080,SD6080,measured
SD6080,SD6080,SD6080,sd6080,HOHENSEE/MURRAY,clean,,,200500,9.35,1.213,0.0235,PDSD6080,12.113,SD6080,SD6080,measured
SD6080,SD6080,SD6080,sd6080,HOHENSEE/MURRAY,clean,,,200500,10.34,1.221,0.0339,PDSD6080,12.113,SD6080,SD6080,measured
SD6080,SD6080,SD6080,sd6080,HOHENSEE/MURRAY,clean,,,200500,11.34,1.208,0.0499,PDSD6080,12.113,SD6080,SD6080,measured
SD6080,SD6080,SD6080,sd6080,HOHENSEE/MURRAY,clean,,,301100,-4.93,-0.081,0.0196,PDSD6080,12.113,SD6080,SD6080,measured
SD6080,SD6080,SD6080,sd6080,HOHENSEE/MURRAY,clean,,,301100,-3.94,0.011,0.0134,PDSD6080,12.113,SD6080,SD6080,measured
SD6080,SD6080,SD6080,sd6080,HOHENSEE/MURRAY,clean,,,301100,-2.91,0.113,0.0112,PDSD6080,12.113,SD6080,SD6080,measured
SD6080,SD6080,SD6080,sd6080,HOHENSEE/MURRAY,clean,,,301100,-1.91,0.214,0.0097,PDSD6080,12.113,SD6080,SD6080,measured
SD6080,SD6080,SD6080,sd6080,HOHENSEE/MURRAY,clean,,,301100,-0.87,0.32,0.0082,PDSD6080,12.113,SD6080,SD6080,measured
SD6080,SD6080,SD6080,sd6080,HOHENSEE/MURRAY,clean,,,301100,0.13,0.416,0.0072,PDSD6080,12.113,SD6080,SD6080,measured
SD6080,SD6080,SD6080,sd6080,HOHENSEE/MURRAY,clean,,,301100,1.16,0.519,0.008,PDSD6080,12.113,SD6080,SD6080,measured
SD6080,SD6080,SD6080,sd6080,HOHENSEE/MURRAY,clean,,,301100,2.16,0.621,0.0086,PDSD6080,12.113,SD6080,SD6080,measured
SD6080,SD6080,SD6080,sd6080,HOHENSEE/MURRAY,clean,,,301100,3.16,0.719,0.0092,PDSD6080,12.113,SD6080,SD6080,measured
SD6080,SD6080,SD6080,sd6080,HOHENSEE/MURRAY,clean,,,301100,4.13,0.811,0.0103,PDSD6080,12.113,SD6080,SD6080,measured
SD6080,SD6080,SD6080,sd6080,HOHENSEE/MURRAY,clean,,,301100,5.19,0.91,0.011,PDSD6080,12.113,SD6080,SD6080,measured
SD6080,SD6080,SD6080,sd6080,HOHENSEE/MURRAY,clean,,,301100,6.27,1.003,0.0122,PDSD6080,12.113,SD6080,SD6080,measured
SD6080,SD6080,SD6080,sd6080,HOHENSEE/MURRAY,clean,,,301100,7.26,1.077,0.0148,PDSD6080,12.113,SD6080,SD6080,measured
SD6080,SD6080,SD6080,sd6080,HOHENSEE/MURRAY,clean,,,301100,8.31,1.152,0.0175,PDSD6080,12.113,SD6080,SD6080,measured
SD6080 THICK T.E.,SD6080 THICK T.E.,SD6080 THICK T.E.,,HOHENSEE/MURRAY,clean,,,98100,-2.9,0.087,0.0205,PDSD6080THKTE,12.117,SD6080TTE,,measured
SD6080 THICK T.E.,SD6080 THICK T.E.,SD6080 THICK T.E.,,HOHENSEE/MURRAY,clean,,,98100,-1.35,0.267,0.0149,PDSD6080THKTE,12.117,SD6080TTE,,measured
SD6080 THICK T.E.,SD6080 THICK T.E.,SD6080 THICK T.E.,,HOHENSEE/MURRAY,clean,,,98100,0.17,0.417,0.018,PDSD6080THKTE,12.117,SD6080TTE,,measured
SD6080 THICK T.E.,SD6080 THICK T.E.,SD6080 THICK T.E.,,HOHENSEE/MURRAY,clean,,,98100,1.72,0.558,0.0202,PDSD6080THKTE,12.117,SD6080TTE,,measured
SD6080 THICK T.E.,SD6080 THICK T.E.,SD6080 THICK T.E.,,HOHENSEE/MURRAY,clean,,,98100,3.24,0.698,0.0243,PDSD6080THKTE,12.117,SD6080TTE,,measured
SD6080 THICK T.E.,SD6080 THICK T.E.,SD6080 THICK T.E.,,HOHENSEE/MURRAY,clean,,,98100,4.77,0.835,0.022,PDSD6080THKTE,12.117,SD6080TTE,,measured
SD6080 THICK T.E.,SD6080 THICK T.E.,SD6080 THICK T.E.,,HOHENSEE/MURRAY,clean,,,98100,6.3,0.981,0.0217,PDSD6080THKTE,12.117,SD6080TTE,,measured
SD6080 THICK T.E.,SD6080 THICK T.E.,SD6080 THICK T.E.,,HOHENSEE/MURRAY,clean,,,98100,7.82,1.108,0.0231,PDSD6080THKTE,12.117,SD6080TTE,,measured
SD6080 THICK T.E.,SD6080 THICK T.E.,SD6080 THICK T.E.,,HOHENSEE/MURRAY,clean,,,98100,9.36,1.209,0.0264,PDSD6080THKTE,12.117,SD6080TTE,,measured
SD6080 THICK T.E.,SD6080 THICK T.E.,SD6080 THICK T.E.,,HOHENSEE/MURRAY,clean,,,98100,10.85,1.21,0.0474,PDSD6080THKTE,12.117,SD6080TTE,,measured
SD6080 THICK T.E.,SD6080 THICK T.E.,SD6080 THICK T.E.,,HOHENSEE/MURRAY,clean,,,151700,-2.9,0.074,0.0157,PDSD6080THKTE,12.117,SD6080TTE,,measured
SD6080 THICK T.E.,SD6080 THICK T.E.,SD6080 THICK T.E.,,HOHENSEE/MURRAY,clean,,,151700,-1.39,0.211,0.0125,PDSD6080THKTE,12.117,SD6080TTE,,measured
SD6080 THICK T.E.,SD6080 THICK T.E.,SD6080 THICK T.E.,,HOHENSEE/MURRAY,clean,,,151700,0.12,0.354,0.0118,PDSD6080THKTE,12.117,SD6080TTE,,measured
SD6080 THICK T.E.,SD6080 THICK T.E.,SD6080 THICK T.E.,,HOHENSEE/MURRAY,clean,,,151700,1.67,0.51,0.0119,PDSD6080THKTE,12.117,SD6080TTE,,measured
SD6080 THICK T.E.,SD6080 THICK T.E.,SD6080 THICK T.E.,,HOHENSEE/MURRAY,clean,,,151700,3.23,0.672,0.0136,PDSD6080THKTE,12.117,SD6080TTE,,measured
SD6080 THICK T.E.,SD6080 THICK T.E.,SD6080 THICK T.E.,,HOHENSEE/MURRAY,clean,,,151700,4.74,0.826,0.0149,PDSD6080THKTE,12.117,SD6080TTE,,measured
SD6080 THICK T.E.,SD6080 THICK T.E.,SD6080 THICK T.E.,,HOHENSEE/MURRAY,clean,,,151700,6.27,0.977,0.0155,PDSD6080THKTE,12.117,SD6080TTE,,measured
SD6080 THICK T.E.,SD6080 THICK T.E.,SD6080 THICK T.E.,,HOHENSEE/MURRAY,clean,,,151700,7.81,1.108,0.0179,PDSD6080THKTE,12.117,SD6080TTE,,measured
SD6080 THICK T.E.,SD6080 THICK T.E.,SD6080 THICK T.E.,,HOHENSEE/MURRAY,clean,,,151700,9.33,1.215,0.0241,PDSD6080THKTE,12.117,SD6080TTE,,measured
SD6080 THICK T.E.,SD6080 THICK T.E.,SD6080 THICK T.E.,,HOHENSEE/MURRAY,clean,,,200000,-2.93,0.056,0.0148,PDSD6080THKTE,12.117,SD6080TTE,,measured
SD6080 THICK T.E.,SD6080 THICK T.E.,SD6080 THICK T.E.,,HOHENSEE/MURRAY,clean,,,200000,-1.38,0.212,0.0121,PDSD6080THKTE,12.117,SD6080TTE,,measured
SD6080 THICK T.E.,SD6080 THICK T.E.,SD6080 THICK T.E.,,HOHENSEE/MURRAY,clean,,,200000,0.16,0.358,0.0102,PDSD6080THKTE,12.117,SD6080TTE,,measured
SD6080 THICK T.E.,SD6080 THICK T.E.,SD6080 THICK T.E.,,HOHENSEE/MURRAY,clean,,,200000,1.69,0.521,0.0108,PDSD6080THKTE,12.117,SD6080TTE,,measured
SD6080 THICK T.E.,SD6080 THICK T.E.,SD6080 THICK T.E.,,HOHENSEE/MURRAY,clean,,,200000,3.23,0.68,0.0117,PDSD6080THKTE,12.117,SD6080TTE,,measured
SD6080 THICK T.E.,SD6080 THICK T.E.,SD6080 THICK T.E.,,HOHENSEE/MURRAY,clean,,,200000,4.75,0.835,0.013,PDSD6080THKTE,12.117,SD6080TTE,,measured
SD6080 THICK T.E.,SD6080 THICK T.E.,SD6080 THICK T.E.,,HOHENSEE/MURRAY,clean,,,200000,6.28,0.983,0.0144,PDSD6080THKTE,12.117,SD6080TTE,,measured
SD6080 THICK T.E.,SD6080 THICK T.E.,SD6080 THICK T.E.,,HOHENSEE/MURRAY,clean,,,200000,7.79,1.11,0.0168,PDSD6080THKTE,12.117,SD6080TTE,,measured
SD6080 THICK T.E.,SD6080 THICK T.E.,SD6080 THICK T.E.,,HOHENSEE/MURRAY,clean,,,200000,9.35,1.216,0.0226,PDSD6080THKTE,12.117,SD6080TTE,,measured
SD6080 THICK T.E.,SD6080 THICK T.E.,SD6080 THICK T.E.,,HOHENSEE/MURRAY,clean,,,200000,10.86,1.225,0.0417,PDSD6080THKTE,12.117,SD6080TTE,,measured
SD6080 THICK T.E.,SD6080 THICK T.E.,SD6080 THICK T.E.,,HOHENSEE/MURRAY,clean,,,200000,12.35,1.19,0.086,PDSD6080THKTE,12.117,SD6080TTE,,measured
SD6080 THICK T.E.,SD6080 THICK T.E.,SD6080 THICK T.E.,,HOHENSEE/MURRAY,clean,,,299800,-2.98,0.048,0.0131,PDSD6080THKTE,12.117,SD6080TTE,,measured
SD6080 THICK T.E.,SD6080 THICK T.E.,SD6080 THICK T.E.,,HOHENSEE/MURRAY,clean,,,299800,-1.4,0.214,0.0105,PDSD6080THKTE,12.117,SD6080TTE,,measured
SD6080 THICK T.E.,SD6080 THICK T.E.,SD6080 THICK T.E.,,HOHENSEE/MURRAY,clean,,,299800,0.14,0.367,0.008,PDSD6080THKTE,12.117,SD6080TTE,,measured
SD6080 THICK T.E.,SD6080 THICK T.E.,SD6080 THICK T.E.,,HOHENSEE/MURRAY,clean,,,299800,1.64,0.528,0.009,PDSD6080THKTE,12.117,SD6080TTE,,measured
SD6080 THICK T.E.,SD6080 THICK T.E.,SD6080 THICK T.E.,,HOHENSEE/MURRAY,clean,,,299800,3.19,0.691,0.0098,PDSD6080THKTE,12.117,SD6080TTE,,measured
SD6080 THICK T.E.,SD6080 THICK T.E.,SD6080 THICK T.E.,,HOHENSEE/MURRAY,clean,,,299800,4.71,0.844,0.0109,PDSD6080THKTE,12.117,SD6080TTE,,measured
SD6080 THICK T.E.,SD6080 THICK T.E.,SD6080 THICK T.E.,,HOHENSEE/MURRAY,clean,,,299800,6.28,0.99,0.0125,PDSD6080THKTE,12.117,SD6080TTE,,measured
SD6080 THICK T.E.,SD6080 THICK T.E.,SD6080 THICK T.E.,,HOHENSEE/MURRAY,clean,,,299800,7.8,1.116,0.0167,PDSD6080THKTE,12.117,SD6080TTE,,measured
SD6080 THICK T.E.,SD6080 THICK T.E.,SD6080 THICK T.E.,,HOHENSEE/MURRAY,clean,,,299800,9.32,1.21,0.023,PDSD6080THKTE,12.117,SD6080TTE,,measured
"SD6080 UST .020, .125, 10%",SD6080,SD6080,sd6080,HOHENSEE/MURRAY,tripped,0.1,,100100,-2.9,0.075,0.0222,PDSD6080UST2012510,12.114,SD6080,SD6080,measured
"SD6080 UST .020, .125, 10%",SD6080,SD6080,sd6080,HOHENSEE/MURRAY,tripped,0.1,,100100,-1.35,0.243,0.015,PDSD6080UST2012510,12.114,SD6080,SD6080,measured
"SD6080 UST .020, .125, 10%",SD6080,SD6080,sd6080,HOHENSEE/MURRAY,tripped,0.1,,100100,0.17,0.381,0.0163,PDSD6080UST2012510,12.114,SD6080,SD6080,measured
"SD6080 UST .020, .125, 10%",SD6080,SD6080,sd6080,HOHENSEE/MURRAY,tripped,0.1,,100100,1.71,0.522,0.0161,PDSD6080UST2012510,12.114,SD6080,SD6080,measured
"SD6080 UST .020, .125, 10%",SD6080,SD6080,sd6080,HOHENSEE/MURRAY,tripped,0.1,,100100,3.24,0.67,0.0158,PDSD6080UST2012510,12.114,SD6080,SD6080,measured
"SD6080 UST .020, .125, 10%",SD6080,SD6080,sd6080,HOHENSEE/MURRAY,tripped,0.1,,100100,4.78,0.807,0.0174,PDSD6080UST2012510,12.114,SD6080,SD6080,measured
"SD6080 UST .020, .125, 10%",SD6080,SD6080,sd6080,HOHENSEE/MURRAY,tripped,0.1,,100100,6.29,0.934,0.0201,PDSD6080UST2012510,12.114,SD6080,SD6080,measured
"SD6080 UST .020, .125, 10%",SD6080,SD6080,sd6080,HOHENSEE/MURRAY,tripped,0.1,,100100,7.31,1.014,0.0247,PDSD6080UST2012510,12.114,SD6080,SD6080,measured
"SD6080 UST .020, .125, 10%",SD6080,SD6080,sd6080,HOHENSEE/MURRAY,tripped,0.1,,100100,8.32,1.073,0.0225,PDSD6080UST2012510,12.114,SD6080,SD6080,measured
"SD6080 UST .020, .125, 10%",SD6080,SD6080,sd6080,HOHENSEE/MURRAY,tripped,0.1,,100100,9.34,1.106,0.0406,PDSD6080UST2012510,12.114,SD6080,SD6080,measured
"SD6080 UST .020, .125, 10%",SD6080,SD6080,sd6080,HOHENSEE/MURRAY,tripped,0.1,,100100,10.32,1.125,0.0482,PDSD6080UST2012510,12.114,SD6080,SD6080,measured
"SD6080 UST .020, .125, 10%",SD6080,SD6080,sd6080,HOHENSEE/MURRAY,tripped,0.1,,100100,11.34,1.105,0.1122,PDSD6080UST2012510,12.114,SD6080,SD6080,measured
"SD6080 UST .020, .125, 10%",SD6080,SD6080,sd6080,HOHENSEE/MURRAY,tripped,0.1,,151900,-3.92,0.028,0.0169,PDSD6080UST2012510,12.114,SD6080,SD6080,measured
"SD6080 UST .020, .125, 10%",SD6080,SD6080,sd6080,HOHENSEE/MURRAY,tripped,0.1,,151900,-2.88,0.125,0.0145,PDSD6080UST2012510,12.114,SD6080,SD6080,measured
"SD6080 UST .020, .125, 10%",SD6080,SD6080,sd6080,HOHENSEE/MURRAY,tripped,0.1,,151900,-1.87,0.21,0.0124,PDSD6080UST2012510,12.114,SD6080,SD6080,measured
"SD6080 UST .020, .125, 10%",SD6080,SD6080,sd6080,HOHENSEE/MURRAY,tripped,0.1,,151900,-0.85,0.302,0.0111,PDSD6080UST2012510,12.114,SD6080,SD6080,measured
"SD6080 UST .020, .125, 10%",SD6080,SD6080,sd6080,HOHENSEE/MURRAY,tripped,0.1,,151900,0.17,0.406,0.0108,PDSD6080UST2012510,12.114,SD6080,SD6080,measured
"SD6080 UST .020, .125, 10%",SD6080,SD6080,sd6080,HOHENSEE/MURRAY,tripped,0.1,,151900,1.2,0.51,0.0115,PDSD6080UST2012510,12.114,SD6080,SD6080,measured
"SD6080 UST .020, .125, 10%",SD6080,SD6080,sd6080,HOHENSEE/MURRAY,tripped,0.1,,151900,2.23,0.622,0.0123,PDSD6080UST2012510,12.114,SD6080,SD6080,measured
"SD6080 UST .020, .125, 10%",SD6080,SD6080,sd6080,HOHENSEE/MURRAY,tripped,0.1,,151900,3.23,0.709,0.0134,PDSD6080UST2012510,12.114,SD6080,SD6080,measured
"SD6080 UST .020, .125, 10%",SD6080,SD6080,sd6080,HOHENSEE/MURRAY,tripped,0.1,,151900,4.26,0.803,0.015,PDSD6080UST2012510,12.114,SD6080,SD6080,measured
"SD6080 UST .020, .125, 10%",SD6080,SD6080,sd6080,HOHENSEE/MURRAY,tripped,0.1,,151900,5.29,0.889,0.0165,PDSD6080UST2012510,12.114,SD6080,SD6080,measured
"SD6080 UST .020, .125, 10%",SD6080,SD6080,sd6080,HOHENSEE/MURRAY,tripped,0.1,,151900,6.29,0.973,0.019,PDSD6080UST2012510,12.114,SD6080,SD6080,measured
"SD6080 UST .020, .125, 10%",SD6080,SD6080,sd6080,HOHENSEE/MURRAY,tripped,0.1,,151900,7.32,1.057,0.0222,PDSD6080UST2012510,12.114,SD6080,SD6080,measured
"SD6080 UST .020, .125, 10%",SD6080,SD6080,sd6080,HOHENSEE/MURRAY,tripped,0.1,,151900,8.32,1.136,0.0244,PDSD6080UST2012510,12.114,SD6080,SD6080,measured
"SD6080 UST .020, .125, 10%",SD6080,SD6080,sd6080,HOHENSEE/MURRAY,tripped,0.1,,151900,9.35,1.181,0.0314,PDSD6080UST2012510,12.114,SD6080,SD6080,measured
"SD6080 UST .020, .125, 10%",SD6080,SD6080,sd6080,HOHENSEE/MURRAY,tripped,0.1,,151900,10.33,1.181,0.0494,PDSD6080UST2012510,12.114,SD6080,SD6080,measured
"SD6080 UST .020, .125, 10%",SD6080,SD6080,sd6080,HOHENSEE/MURRAY,tripped,0.1,,151900,11.35,1.161,0.0795,PDSD6080UST2012510,12.114,SD6080,SD6080,measured
"SD6080 UST .020, .125, 10%",SD6080,SD6080,sd6080,HOHENSEE/MURRAY,tripped,0.1,,199400,-3.92,0.036,0.0143,PDSD6080UST2012510,12.114,SD6080,SD6080,measured
"SD6080 UST .020, .125, 10%",SD6080,SD6080,sd6080,HOHENSEE/MURRAY,tripped,0.1,,199400,-2.89,0.133,0.0118,PDSD6080UST2012510,12.114,SD6080,SD6080,measured
"SD6080 UST .020, .125, 10%",SD6080,SD6080,sd6080,HOHENSEE/MURRAY,tripped,0.1,,199400,-1.87,0.23,0.0112,PDSD6080UST2012510,12.114,SD6080,SD6080,measured
"SD6080 UST .020, .125, 10%",SD6080,SD6080,sd6080,HOHENSEE/MURRAY,tripped,0.1,,199400,-0.85,0.323,0.0089,PDSD6080UST2012510,12.114,SD6080,SD6080,measured
"SD6080 UST .020, .125, 10%",SD6080,SD6080,sd6080,HOHENSEE/MURRAY,tripped,0.1,,199400,0.17,0.426,0.0098,PDSD6080UST2012510,12.114,SD6080,SD6080,measured
"SD6080 UST .020, .125, 10%",SD6080,SD6080,sd6080,HOHENSEE/MURRAY,tripped,0.1,,199400,1.19,0.527,0.0099,PDSD6080UST2012510,12.114,SD6080,SD6080,measured
"SD6080 UST .020, .125, 10%",SD6080,SD6080,sd6080,HOHENSEE/MURRAY,tripped,0.1,,199400,2.23,0.629,0.0117,PDSD6080UST2012510,12.114,SD6080,SD6080,measured
"SD6080 UST .020, .125, 10%",SD6080,SD6080,sd6080,HOHENSEE/MURRAY,tripped,0.1,,199400,3.24,0.724,0.0133,PDSD6080UST2012510,12.114,SD6080,SD6080,measured
"SD6080 UST .020, .125, 10%",SD6080,SD6080,sd6080,HOHENSEE/MURRAY,tripped,0.1,,199400,4.27,0.818,0.0148,PDSD6080UST2012510,12.114,SD6080,SD6080,measured
"SD6080 UST .020, .125, 10%",SD6080,SD6080,sd6080,HOHENSEE/MURRAY,tripped,0.1,,199400,5.28,0.91,0.0162,PDSD6080UST2012510,12.114,SD6080,SD6080,measured
"SD6080 UST .020, .125, 10%",SD6080,SD6080,sd6080,HOHENSEE/MURRAY,tripped,0.1,,199400,6.32,1.003,0.0178,PDSD6080UST2012510,12.114,SD6080,SD6080,measured
"SD6080 UST .020, .125, 10%",SD6080,SD6080,sd6080,HOHENSEE/MURRAY,tripped,0.1,,199400,7.32,1.085,0.0201,PDSD6080UST2012510,12.114,SD6080,SD6080,measured
"SD6080 UST .020, .125, 10%",SD6080,SD6080,sd6080,HOHENSEE/MURRAY,tripped,0.1,,199400,8.35,1.166,0.0225,PDSD6080UST2012510,12.114,SD6080,SD6080,measured
"SD6080 UST .020, .125, 10%",SD6080,SD6080,sd6080,HOHENSEE/MURRAY,tripped,0.1,,199400,9.35,1.21,0.0285,PDSD6080UST2012510,12.114,SD6080,SD6080,measured
"SD6080 UST .020, .125, 10%",SD6080,SD6080,sd6080,HOHENSEE/MURRAY,tripped,0.1,,199400,10.36,1.199,0.0434,PDSD6080UST2012510,12.114,SD6080,SD6080,measured
"SD6080 UST .020, .125, 10%",SD6080,SD6080,sd6080,HOHENSEE/MURRAY,tripped,0.1,,199400,11.36,1.174,0.0825,PDSD6080UST2012510,12.114,SD6080,SD6080,measured
"SD6080 UST .020, .125, 10%",SD6080,SD6080,sd6080,HOHENSEE/MURRAY,tripped,0.1,,308500,-3.92,0.028,0.013,PDSD6080UST2012510,12.114,SD6080,SD6080,measured
"SD6080 UST .020, .125, 10%",SD6080,SD6080,sd6080,HOHENSEE/MURRAY,tripped,0.1,,308500,-2.9,0.127,0.0109,PDSD6080UST2012510,12.114,SD6080,SD6080,measured
"SD6080 UST .020, .125, 10%",SD6080,SD6080,sd6080,HOHENSEE/MURRAY,tripped,0.1,,308500,-1.88,0.23,0.0101,PDSD6080UST2012510,12.114,SD6080,SD6080,measured
"SD6080 UST .020, .125, 10%",SD6080,SD6080,sd6080,HOHENSEE/MURRAY,tripped,0.1,,308500,-0.87,0.329,0.0086,PDSD6080UST2012510,12.114,SD6080,SD6080,measured
"SD6080 UST .020, .125, 10%",SD6080,SD6080,sd6080,HOHENSEE/MURRAY,tripped,0.1,,308500,0.17,0.427,0.0091,PDSD6080UST2012510,12.114,SD6080,SD6080,measured
"SD6080 UST .020, .125, 10%",SD6080,SD6080,sd6080,HOHENSEE/MURRAY,tripped,0.1,,308500,1.21,0.528,0.0106,PDSD6080UST2012510,12.114,SD6080,SD6080,measured
"SD6080 UST .020, .125, 10%",SD6080,SD6080,sd6080,HOHENSEE/MURRAY,tripped,0.1,,308500,2.21,0.627,0.0119,PDSD6080UST2012510,12.114,SD6080,SD6080,measured
"SD6080 UST .020, .125, 10%",SD6080,SD6080,sd6080,HOHENSEE/MURRAY,tripped,0.1,,308500,3.22,0.725,0.013,PDSD6080UST2012510,12.114,SD6080,SD6080,measured
"SD6080 UST .020, .125, 10%",SD6080,SD6080,sd6080,HOHENSEE/MURRAY,tripped,0.1,,308500,4.24,0.82,0.014,PDSD6080UST2012510,12.114,SD6080,SD6080,measured
"SD6080 UST .020, .125, 10%",SD6080,SD6080,sd6080,HOHENSEE/MURRAY,tripped,0.1,,308500,5.27,0.911,0.015,PDSD6080UST2012510,12.114,SD6080,SD6080,measured
"SD6080 UST .020, .125, 10%",SD6080,SD6080,sd6080,HOHENSEE/MURRAY,tripped,0.1,,308500,6.28,1.0,0.0164,PDSD6080UST2012510,12.114,SD6080,SD6080,measured
"SD6080 UST .020, .125, 10%",SD6080,SD6080,sd6080,HOHENSEE/MURRAY,tripped,0.1,,308500,7.32,1.086,0.0179,PDSD6080UST2012510,12.114,SD6080,SD6080,measured
"SD6080 UST .020, .125, 10%",SD6080,SD6080,sd6080,HOHENSEE/MURRAY,tripped,0.1,,308500,8.34,1.161,0.0204,PDSD6080UST2012510,12.114,SD6080,SD6080,measured
"SD6080 UST .020, .125, 10%",SD6080,SD6080,sd6080,HOHENSEE/MURRAY,tripped,0.1,,308500,9.34,1.188,0.0297,PDSD6080UST2012510,12.114,SD6080,SD6080,measured
"SD6080 UST .020, .125, 10%",SD6080,SD6080,sd6080,HOHENSEE/MURRAY,tripped,0.1,,308500,10.34,1.186,0.0443,PDSD6080UST2012510,12.114,SD6080,SD6080,measured
"SD6080 UST .020, .125, 20%",SD6080,SD6080,sd6080,HOHENSEE/MURRAY,tripped,0.2,,100500,-2.88,0.164,0.0153,PDSD6080UST2012520,12.115,SD6080,SD6080,measured
"SD6080 UST .020, .125, 20%",SD6080,SD6080,sd6080,HOHENSEE/MURRAY,tripped,0.2,,100500,-1.37,0.287,0.0143,PDSD6080UST2012520,12.115,SD6080,SD6080,measured
"SD6080 UST .020, .125, 20%",SD6080,SD6080,sd6080,HOHENSEE/MURRAY,tripped,0.2,,100500,0.16,0.434,0.0149,PDSD6080UST2012520,12.115,SD6080,SD6080,measured
"SD6080 UST .020, .125, 20%",SD6080,SD6080,sd6080,HOHENSEE/MURRAY,tripped,0.2,,100500,1.7,0.582,0.015,PDSD6080UST2012520,12.115,SD6080,SD6080,measured
"SD6080 UST .020, .125, 20%",SD6080,SD6080,sd6080,HOHENSEE/MURRAY,tripped,0.2,,100500,3.25,0.73,0.0169,PDSD6080UST2012520,12.115,SD6080,SD6080,measured
"SD6080 UST .020, .125, 20%",SD6080,SD6080,sd6080,HOHENSEE/MURRAY,tripped,0.2,,100500,4.77,0.874,0.0186,PDSD6080UST2012520,12.115,SD6080,SD6080,measured
"SD6080 UST .020, .125, 20%",SD6080,SD6080,sd6080,HOHENSEE/MURRAY,tripped,0.2,,100500,6.3,1.013,0.0208,PDSD6080UST2012520,12.115,SD6080,SD6080,measured
"SD6080 UST .020, .125, 20%",SD6080,SD6080,sd6080,HOHENSEE/MURRAY,tripped,0.2,,100500,7.32,1.095,0.0241,PDSD6080UST2012520,12.115,SD6080,SD6080,measured
"SD6080 UST .020, .125, 20%",SD6080,SD6080,sd6080,HOHENSEE/MURRAY,tripped,0.2,,100500,8.35,1.172,0.0261,PDSD6080UST2012520,12.115,SD6080,SD6080,measured
"SD6080 UST .020, .125, 20%",SD6080,SD6080,sd6080,HOHENSEE/MURRAY,tripped,0.2,,100500,9.34,1.212,0.034,PDSD6080UST2012520,12.115,SD6080,SD6080,measured
"SD6080 UST .020, .125, 20%",SD6080,SD6080,sd6080,HOHENSEE/MURRAY,tripped,0.2,,100500,10.34,1.205,0.0501,PDSD6080UST2012520,12.115,SD6080,SD6080,measured
"SD6080 UST .020, .125, 20%",SD6080,SD6080,sd6080,HOHENSEE/MURRAY,tripped,0.2,,153800,-2.88,0.133,0.0137,PDSD6080UST2012520,12.115,SD6080,SD6080,measured
"SD6080 UST .020, .125, 20%",SD6080,SD6080,sd6080,HOHENSEE/MURRAY,tripped,0.2,,153800,-1.36,0.27,0.0101,PDSD6080UST2012520,12.115,SD6080,SD6080,measured
"SD6080 UST .020, .125, 20%",SD6080,SD6080,sd6080,HOHENSEE/MURRAY,tripped,0.2,,153800,0.18,0.429,0.0107,PDSD6080UST2012520,12.115,SD6080,SD6080,measured
"SD6080 UST .020, .125, 20%",SD6080,SD6080,sd6080,HOHENSEE/MURRAY,tripped,0.2,,153800,1.72,0.59,0.0118,PDSD6080UST2012520,12.115,SD6080,SD6080,measured
"SD6080 UST .020, .125, 20%",SD6080,SD6080,sd6080,HOHENSEE/MURRAY,tripped,0.2,,153800,3.24,0.739,0.0134,PDSD6080UST2012520,12.115,SD6080,SD6080,measured
"SD6080 UST .020, .125, 20%",SD6080,SD6080,sd6080,HOHENSEE/MURRAY,tripped,0.2,,153800,4.79,0.893,0.0153,PDSD6080UST2012520,12.115,SD6080,SD6080,measured
"SD6080 UST .020, .125, 20%",SD6080,SD6080,sd6080,HOHENSEE/MURRAY,tripped,0.2,,153800,6.29,1.026,0.0163,PDSD6080UST2012520,12.115,SD6080,SD6080,measured
"SD6080 UST .020, .125, 20%",SD6080,SD6080,sd6080,HOHENSEE/MURRAY,tripped,0.2,,153800,7.32,1.109,0.0192,PDSD6080UST2012520,12.115,SD6080,SD6080,measured
"SD6080 UST .020, .125, 20%",SD6080,SD6080,sd6080,HOHENSEE/MURRAY,tripped,0.2,,153800,8.34,1.18,0.0221,PDSD6080UST2012520,12.115,SD6080,SD6080,measured
"SD6080 UST .020, .125, 20%",SD6080,SD6080,sd6080,HOHENSEE/MURRAY,tripped,0.2,,153800,9.35,1.215,0.0308,PDSD6080UST2012520,12.115,SD6080,SD6080,measured
"SD6080 UST .020, .125, 20%",SD6080,SD6080,sd6080,HOHENSEE/MURRAY,tripped,0.2,,153800,10.35,1.208,0.044,PDSD6080UST2012520,12.115,SD6080,SD6080,measured
"SD6080 UST .020, .125, 20%",SD6080,SD6080,sd6080,HOHENSEE/MURRAY,tripped,0.2,,153800,11.36,1.189,0.0718,PDSD6080UST2012520,12.115,SD6080,SD6080,measured
"SD6080 UST .020, .125, 20%",SD6080,SD6080,sd6080,HOHENSEE/MURRAY,tripped,0.2,,204800,-2.89,0.136,0.0123,PDSD6080UST2012520,12.115,SD6080,SD6080,measured
"SD6080 UST .020, .125, 20%",SD6080,SD6080,sd6080,HOHENSEE/MURRAY,tripped,0.2,,204800,-1.37,0.28,0.0097,PDSD6080UST2012520,12.115,SD6080,SD6080,measured
"SD6080 UST .020, .125, 20%",SD6080,SD6080,sd6080,HOHENSEE/MURRAY,tripped,0.2,,204800,0.17,0.431,0.0094,PDSD6080UST2012520,12.115,SD6080,SD6080,measured
"SD6080 UST .020, .125, 20%",SD6080,SD6080,sd6080,HOHENSEE/MURRAY,tripped,0.2,,204800,1.69,0.586,0.0102,PDSD6080UST2012520,12.115,SD6080,SD6080,measured
"SD6080 UST .020, .125, 20%",SD6080,SD6080,sd6080,HOHENSEE/MURRAY,tripped,0.2,,204800,3.24,0.741,0.0115,PDSD6080UST2012520,12.115,SD6080,SD6080,measured
"SD6080 UST .020, .125, 20%",SD6080,SD6080,sd6080,HOHENSEE/MURRAY,tripped,0.2,,204800,4.78,0.891,0.0135,PDSD6080UST2012520,12.115,SD6080,SD6080,measured
"SD6080 UST .020, .125, 20%",SD6080,SD6080,sd6080,HOHENSEE/MURRAY,tripped,0.2,,204800,6.3,1.026,0.0158,PDSD6080UST2012520,12.115,SD6080,SD6080,measured
"SD6080 UST .020, .125, 20%",SD6080,SD6080,sd6080,HOHENSEE/MURRAY,tripped,0.2,,204800,7.32,1.113,0.0169,PDSD6080UST2012520,12.115,SD6080,SD6080,measured
"SD6080 UST .020, .125, 20%",SD6080,SD6080,sd6080,HOHENSEE/MURRAY,tripped,0.2,,204800,8.35,1.182,0.0221,PDSD6080UST2012520,12.115,SD6080,SD6080,measured
"SD6080 UST .020, .125, 20%",SD6080,SD6080,sd6080,HOHENSEE/MURRAY,tripped,0.2,,204800,9.35,1.212,0.0264,PDSD6080UST2012520,12.115,SD6080,SD6080,measured
"SD6080 UST .020, .125, 20%",SD6080,SD6080,sd6080,HOHENSEE/MURRAY,tripped,0.2,,204800,10.34,1.208,0.0405,PDSD6080UST2012520,12.115,SD6080,SD6080,measured
"SD6080 UST .020, .125, 20%",SD6080,SD6080,sd6080,HOHENSEE/MURRAY,tripped,0.2,,304200,-2.91,0.121,0.0114,PDSD6080UST2012520,12.115,SD6080,SD6080,measured
"SD6080 UST .020, .125, 20%",SD6080,SD6080,sd6080,HOHENSEE/MURRAY,tripped,0.2,,304200,-1.39,0.279,0.0098,PDSD6080UST2012520,12.115,SD6080,SD6080,measured
"SD6080 UST .020, .125, 20%",SD6080,SD6080,sd6080,HOHENSEE/MURRAY,tripped,0.2,,304200,0.14,0.421,0.0091,PDSD6080UST2012520,12.115,SD6080,SD6080,measured
"SD6080 UST .020, .125, 20%",SD6080,SD6080,sd6080,HOHENSEE/MURRAY,tripped,0.2,,304200,1.7,0.583,0.0099,PDSD6080UST2012520,12.115,SD6080,SD6080,measured
"SD6080 UST .020, .125, 20%",SD6080,SD6080,sd6080,HOHENSEE/MURRAY,tripped,0.2,,304200,3.23,0.739,0.0116,PDSD6080UST2012520,12.115,SD6080,SD6080,measured
"SD6080 UST .020, .125, 20%",SD6080,SD6080,sd6080,HOHENSEE/MURRAY,tripped,0.2,,304200,4.76,0.885,0.0128,PDSD6080UST2012520,12.115,SD6080,SD6080,measured
"SD6080 UST .020, .125, 20%",SD6080,SD6080,sd6080,HOHENSEE/MURRAY,tripped,0.2,,304200,6.31,1.024,0.0147,PDSD6080UST2012520,12.115,SD6080,SD6080,measured
"SD6080 UST .020, .125, 20%",SD6080,SD6080,sd6080,HOHENSEE/MURRAY,tripped,0.2,,304200,7.31,1.11,0.0165,PDSD6080UST2012520,12.115,SD6080,SD6080,measured
"SD6080 UST .020, .125, 20%",SD6080,SD6080,sd6080,HOHENSEE/MURRAY,tripped,0.2,,304200,8.34,1.176,0.0202,PDSD6080UST2012520,12.115,SD6080,SD6080,measured
"SD6080 UST .020, .125, 20%",SD6080,SD6080,sd6080,HOHENSEE/MURRAY,tripped,0.2,,304200,9.34,1.207,0.0274,PDSD6080UST2012520,12.115,SD6080,SD6080,measured
"SD6080 UST .020, .125, 20%",SD6080,SD6080,sd6080,HOHENSEE/MURRAY,tripped,0.2,,304200,10.35,1.204,0.0443,PDSD6080UST2012520,12.115,SD6080,SD6080,measured
"SD6080 UST .020, .125, 30%",SD6080,SD6080,sd6080,HOHENSEE/MURRAY,tripped,0.3,,99100,-2.88,0.15,0.0165,PDSD6080UST2012530,12.116,SD6080,SD6080,measured
"SD6080 UST .020, .125, 30%",SD6080,SD6080,sd6080,HOHENSEE/MURRAY,tripped,0.3,,99100,-1.36,0.285,0.0143,PDSD6080UST2012530,12.116,SD6080,SD6080,measured
"SD6080 UST .020, .125, 30%",SD6080,SD6080,sd6080,HOHENSEE/MURRAY,tripped,0.3,,99100,0.19,0.438,0.0144,PDSD6080UST2012530,12.116,SD6080,SD6080,measured
"SD6080 UST .020, .125, 30%",SD6080,SD6080,sd6080,HOHENSEE/MURRAY,tripped,0.3,,99100,1.72,0.595,0.0145,PDSD6080UST2012530,12.116,SD6080,SD6080,measured
"SD6080 UST .020, .125, 30%",SD6080,SD6080,sd6080,HOHENSEE/MURRAY,tripped,0.3,,99100,3.25,0.742,0.0164,PDSD6080UST2012530,12.116,SD6080,SD6080,measured
"SD6080 UST .020, .125, 30%",SD6080,SD6080,sd6080,HOHENSEE/MURRAY,tripped,0.3,,99100,4.77,0.885,0.0186,PDSD6080UST2012530,12.116,SD6080,SD6080,measured
"SD6080 UST .020, .125, 30%",SD6080,SD6080,sd6080,HOHENSEE/MURRAY,tripped,0.3,,99100,6.3,1.024,0.021,PDSD6080UST2012530,12.116,SD6080,SD6080,measured
"SD6080 UST .020, .125, 30%",SD6080,SD6080,sd6080,HOHENSEE/MURRAY,tripped,0.3,,99100,7.33,1.112,0.0199,PDSD6080UST2012530,12.116,SD6080,SD6080,measured
"SD6080 UST .020, .125, 30%",SD6080,SD6080,sd6080,HOHENSEE/MURRAY,tripped,0.3,,99100,8.34,1.182,0.0246,PDSD6080UST2012530,12.116,SD6080,SD6080,measured
"SD6080 UST .020, .125, 30%",SD6080,SD6080,sd6080,HOHENSEE/MURRAY,tripped,0.3,,99100,9.35,1.218,0.0337,PDSD6080UST2012530,12.116,SD6080,SD6080,measured
"SD6080 UST .020, .125, 30%",SD6080,SD6080,sd6080,HOHENSEE/MURRAY,tripped,0.3,,99100,10.35,1.21,0.0444,PDSD6080UST2012530,12.116,SD6080,SD6080,measured
"SD6080 UST .020, .125, 30%",SD6080,SD6080,sd6080,HOHENSEE/MURRAY,tripped,0.3,,149300,-2.88,0.14,0.0141,PDSD6080UST2012530,12.116,SD6080,SD6080,measured
"SD6080 UST .020, .125, 30%",SD6080,SD6080,sd6080,HOHENSEE/MURRAY,tripped,0.3,,149300,-1.36,0.28,0.0102,PDSD6080UST2012530,12.116,SD6080,SD6080,measured
"SD6080 UST .020, .125, 30%",SD6080,SD6080,sd6080,HOHENSEE/MURRAY,tripped,0.3,,149300,0.19,0.437,0.0104,PDSD6080UST2012530,12.116,SD6080,SD6080,measured
"SD6080 UST .020, .125, 30%",SD6080,SD6080,sd6080,HOHENSEE/MURRAY,tripped,0.3,,149300,1.72,0.593,0.0116,PDSD6080UST2012530,12.116,SD6080,SD6080,measured
"SD6080 UST .020, .125, 30%",SD6080,SD6080,sd6080,HOHENSEE/MURRAY,tripped,0.3,,149300,3.24,0.743,0.0133,PDSD6080UST2012530,12.116,SD6080,SD6080,measured
"SD6080 UST .020, .125, 30%",SD6080,SD6080,sd6080,HOHENSEE/MURRAY,tripped,0.3,,149300,4.77,0.89,0.0157,PDSD6080UST2012530,12.116,SD6080,SD6080,measured
"SD6080 UST .020, .125, 30%",SD6080,SD6080,sd6080,HOHENSEE/MURRAY,tripped,0.3,,149300,6.31,1.032,0.0173,PDSD6080UST2012530,12.116,SD6080,SD6080,measured
"SD6080 UST .020, .125, 30%",SD6080,SD6080,sd6080,HOHENSEE/MURRAY,tripped,0.3,,149300,7.33,1.113,0.0179,PDSD6080UST2012530,12.116,SD6080,SD6080,measured
"SD6080 UST .020, .125, 30%",SD6080,SD6080,sd6080,HOHENSEE/MURRAY,tripped,0.3,,149300,8.34,1.18,0.0215,PDSD6080UST2012530,12.116,SD6080,SD6080,measured
"SD6080 UST .020, .125, 30%",SD6080,SD6080,sd6080,HOHENSEE/MURRAY,tripped,0.3,,149300,9.34,1.211,0.0321,PDSD6080UST2012530,12.116,SD6080,SD6080,measured
"SD6080 UST .020, .125, 30%",SD6080,SD6080,sd6080,HOHENSEE/MURRAY,tripped,0.3,,149300,10.34,1.203,0.0461,PDSD6080UST2012530,12.116,SD6080,SD6080,measured
"SD6080 UST .020, .125, 30%",SD6080,SD6080,sd6080,HOHENSEE/MURRAY,tripped,0.3,,197800,-2.88,0.127,0.0125,PDSD6080UST2012530,12.116,SD6080,SD6080,measured
"SD6080 UST .020, .125, 30%",SD6080,SD6080,sd6080,HOHENSEE/MURRAY,tripped,0.3,,197800,-1.38,0.274,0.0096,PDSD6080UST2012530,12.116,SD6080,SD6080,measured
"SD6080 UST .020, .125, 30%",SD6080,SD6080,sd6080,HOHENSEE/MURRAY,tripped,0.3,,197800,0.18,0.431,0.0094,PDSD6080UST2012530,12.116,SD6080,SD6080,measured
"SD6080 UST .020, .125, 30%",SD6080,SD6080,sd6080,HOHENSEE/MURRAY,tripped,0.3,,197800,1.72,0.591,0.0103,PDSD6080UST2012530,12.116,SD6080,SD6080,measured
"SD6080 UST .020, .125, 30%",SD6080,SD6080,sd6080,HOHENSEE/MURRAY,tripped,0.3,,197800,3.25,0.743,0.0118,PDSD6080UST2012530,12.116,SD6080,SD6080,measured
"SD6080 UST .020, .125, 30%",SD6080,SD6080,sd6080,HOHENSEE/MURRAY,tripped,0.3,,197800,4.78,0.897,0.0138,PDSD6080UST2012530,12.116,SD6080,SD6080,measured
"SD6080 UST .020, .125, 30%",SD6080,SD6080,sd6080,HOHENSEE/MURRAY,tripped,0.3,,197800,6.31,1.042,0.0154,PDSD6080UST2012530,12.116,SD6080,SD6080,measured
"SD6080 UST .020, .125, 30%",SD6080,SD6080,sd6080,HOHENSEE/MURRAY,tripped,0.3,,197800,7.32,1.121,0.0177,PDSD6080UST2012530,12.116,SD6080,SD6080,measured
"SD6080 UST .020, .125, 30%",SD6080,SD6080,sd6080,HOHENSEE/MURRAY,tripped,0.3,,197800,8.33,1.188,0.0215,PDSD6080UST2012530,12.116,SD6080,SD6080,measured
"SD6080 UST .020, .125, 30%",SD6080,SD6080,sd6080,HOHENSEE/MURRAY,tripped,0.3,,197800,9.35,1.219,0.0292,PDSD6080UST2012530,12.116,SD6080,SD6080,measured
"SD6080 UST .020, .125, 30%",SD6080,SD6080,sd6080,HOHENSEE/MURRAY,tripped,0.3,,197800,10.34,1.213,0.0506,PDSD6080UST2012530,12.116,SD6080,SD6080,measured
"SD6080 UST .020, .125, 30%",SD6080,SD6080,sd6080,HOHENSEE/MURRAY,tripped,0.3,,197800,11.35,1.197,0.0709,PDSD6080UST2012530,12.116,SD6080,SD6080,measured
"SD6080 UST .020, .125, 30%",SD6080,SD6080,sd6080,HOHENSEE/MURRAY,tripped,0.3,,300300,-2.89,0.114,0.0124,PDSD6080UST2012530,12.116,SD6080,SD6080,measured
"SD6080 UST .020, .125, 30%",SD6080,SD6080,sd6080,HOHENSEE/MURRAY,tripped,0.3,,300300,-1.39,0.267,0.0107,PDSD6080UST2012530,12.116,SD6080,SD6080,measured
"SD6080 UST .020, .125, 30%",SD6080,SD6080,sd6080,HOHENSEE/MURRAY,tripped,0.3,,300300,0.16,0.419,0.0093,PDSD6080UST2012530,12.116,SD6080,SD6080,measured
"SD6080 UST .020, .125, 30%",SD6080,SD6080,sd6080,HOHENSEE/MURRAY,tripped,0.3,,300300,1.7,0.581,0.0099,PDSD6080UST2012530,12.116,SD6080,SD6080,measured
"SD6080 UST .020, .125, 30%",SD6080,SD6080,sd6080,HOHENSEE/MURRAY,tripped,0.3,,300300,3.24,0.739,0.011,PDSD6080UST2012530,12.116,SD6080,SD6080,measured
"SD6080 UST .020, .125, 30%",SD6080,SD6080,sd6080,HOHENSEE/MURRAY,tripped,0.3,,300300,4.78,0.889,0.0119,PDSD6080UST2012530,12.116,SD6080,SD6080,measured
"SD6080 UST .020, .125, 30%",SD6080,SD6080,sd6080,HOHENSEE/MURRAY,tripped,0.3,,300300,6.3,1.025,0.0139,PDSD6080UST2012530,12.116,SD6080,SD6080,measured
"SD6080 UST .020, .125, 30%",SD6080,SD6080,sd6080,HOHENSEE/MURRAY,tripped,0.3,,300300,7.32,1.095,0.0171,PDSD6080UST2012530,12.116,SD6080,SD6080,measured
"SD6080 UST .020, .125, 30%",SD6080,SD6080,sd6080,HOHENSEE/MURRAY,tripped,0.3,,300300,8.33,1.16,0.0206,PDSD6080UST2012530,12.116,SD6080,SD6080,measured
"SD6080 UST .020, .125, 30%",SD6080,SD6080,sd6080,HOHENSEE/MURRAY,tripped,0.3,,300300,9.34,1.19,0.0286,PDSD6080UST2012530,12.116,SD6080,SD6080,measured
"SD6080 UST .020, .125, 30%",SD6080,SD6080,sd6080,HOHENSEE/MURRAY,tripped,0.3,,300300,10.34,1.188,0.0479,PDSD6080UST2012530,12.116,SD6080,SD6080,measured
"SD6080 UST .020, .125, 30%",SD6080,SD6080,sd6080,HOHENSEE/MURRAY,tripped,0.3,,300300,11.32,1.169,0.0775,PDSD6080UST2012530,12.116,SD6080,SD6080,measured
SD7003,SD7003,SD7003,sd7003,ALLEN,clean,,,60300,-2.95,-0.172,0.0122,PDSD7003,12.118,SD7003,SD7003,measured
SD7003,SD7003,SD7003,sd7003,ALLEN,clean,,,60300,-1.41,-0.039,0.0114,PDSD7003,12.118,SD7003,SD7003,measured
SD7003,SD7003,SD7003,sd7003,ALLEN,clean,,,60300,0.12,0.142,0.0121,PDSD7003,12.118,SD7003,SD7003,measured
SD7003,SD7003,SD7003,sd7003,ALLEN,clean,,,60300,1.67,0.37,0.0158,PDSD7003,12.118,SD7003,SD7003,measured
SD7003,SD7003,SD7003,sd7003,ALLEN,clean,,,60300,3.2,0.501,0.0193,PDSD7003,12.118,SD7003,SD7003,measured
SD7003,SD7003,SD7003,sd7003,ALLEN,clean,,,60300,4.73,0.651,0.0223,PDSD7003,12.118,SD7003,SD7003,measured
SD7003,SD7003,SD7003,sd7003,ALLEN,clean,,,60300,6.26,0.779,0.0267,PDSD7003,12.118,SD7003,SD7003,measured
SD7003,SD7003,SD7003,sd7003,ALLEN,clean,,,60300,7.78,0.871,0.0399,PDSD7003,12.118,SD7003,SD7003,measured
SD7003,SD7003,SD7003,sd7003,ALLEN,clean,,,60300,9.3,0.978,0.0736,PDSD7003,12.118,SD7003,SD7003,measured
SD7003,SD7003,SD7003,sd7003,ALLEN,clean,,,102000,-2.93,-0.138,0.0116,PDSD7003,12.118,SD7003,SD7003,measured
SD7003,SD7003,SD7003,sd7003,ALLEN,clean,,,102000,-1.41,-0.014,0.0091,PDSD7003,12.118,SD7003,SD7003,measured
SD7003,SD7003,SD7003,sd7003,ALLEN,clean,,,102000,0.13,0.176,0.0125,PDSD7003,12.118,SD7003,SD7003,measured
SD7003,SD7003,SD7003,sd7003,ALLEN,clean,,,102000,1.67,0.362,0.0123,PDSD7003,12.118,SD7003,SD7003,measured
SD7003,SD7003,SD7003,sd7003,ALLEN,clean,,,102000,3.2,0.494,0.0142,PDSD7003,12.118,SD7003,SD7003,measured
SD7003,SD7003,SD7003,sd7003,ALLEN,clean,,,102000,4.73,0.632,0.0158,PDSD7003,12.118,SD7003,SD7003,measured
SD7003,SD7003,SD7003,sd7003,ALLEN,clean,,,102000,6.26,0.784,0.0183,PDSD7003,12.118,SD7003,SD7003,measured
SD7003,SD7003,SD7003,sd7003,ALLEN,clean,,,102000,7.78,0.904,0.0254,PDSD7003,12.118,SD7003,SD7003,measured
SD7003,SD7003,SD7003,sd7003,ALLEN,clean,,,102000,9.31,0.995,0.0356,PDSD7003,12.118,SD7003,SD7003,measured
SD7003,SD7003,SD7003,sd7003,ALLEN,clean,,,102000,10.81,0.936,0.12,PDSD7003,12.118,SD7003,SD7003,measured
SD7003,SD7003,SD7003,sd7003,ALLEN,clean,,,151800,-2.93,-0.119,0.0101,PDSD7003,12.118,SD7003,SD7003,measured
SD7003,SD7003,SD7003,sd7003,ALLEN,clean,,,151800,-1.4,0.008,0.0091,PDSD7003,12.118,SD7003,SD7003,measured
SD7003,SD7003,SD7003,sd7003,ALLEN,clean,,,151800,0.13,0.209,0.0095,PDSD7003,12.118,SD7003,SD7003,measured
SD7003,SD7003,SD7003,sd7003,ALLEN,clean,,,151800,1.67,0.362,0.0095,PDSD7003,12.118,SD7003,SD7003,measured
SD7003,SD7003,SD7003,sd7003,ALLEN,clean,,,151800,3.19,0.511,0.0112,PDSD7003,12.118,SD7003,SD7003,measured
SD7003,SD7003,SD7003,sd7003,ALLEN,clean,,,151800,4.73,0.658,0.0143,PDSD7003,12.118,SD7003,SD7003,measured
SD7003,SD7003,SD7003,sd7003,ALLEN,clean,,,151800,6.26,0.797,0.0165,PDSD7003,12.118,SD7003,SD7003,measured
SD7003,SD7003,SD7003,sd7003,ALLEN,clean,,,151800,7.79,0.917,0.0227,PDSD7003,12.118,SD7003,SD7003,measured
SD7003,SD7003,SD7003,sd7003,ALLEN,clean,,,151800,9.31,1.015,0.0325,PDSD7003,12.118,SD7003,SD7003,measured
SD7003,SD7003,SD7003,sd7003,ALLEN,clean,,,151800,10.82,0.995,0.0949,PDSD7003,12.118,SD7003,SD7003,measured
SD7003,SD7003,SD7003,sd7003,ALLEN,clean,,,200800,-2.92,-0.115,0.0097,PDSD7003,12.118,SD7003,SD7003,measured
SD7003,SD7003,SD7003,sd7003,ALLEN,clean,,,200800,-1.4,0.026,0.0081,PDSD7003,12.118,SD7003,SD7003,measured
SD7003,SD7003,SD7003,sd7003,ALLEN,clean,,,200800,0.14,0.199,0.0079,PDSD7003,12.118,SD7003,SD7003,measured
SD7003,SD7003,SD7003,sd7003,ALLEN,clean,,,200800,1.66,0.35,0.0091,PDSD7003,12.118,SD7003,SD7003,measured
SD7003,SD7003,SD7003,sd7003,ALLEN,clean,,,200800,3.2,0.507,0.011,PDSD7003,12.118,SD7003,SD7003,measured
SD7003,SD7003,SD7003,sd7003,ALLEN,clean,,,200800,4.74,0.657,0.0128,PDSD7003,12.118,SD7003,SD7003,measured
SD7003,SD7003,SD7003,sd7003,ALLEN,clean,,,200800,6.28,0.799,0.0153,PDSD7003,12.118,SD7003,SD7003,measured
SD7003,SD7003,SD7003,sd7003,ALLEN,clean,,,200800,7.8,0.926,0.0222,PDSD7003,12.118,SD7003,SD7003,measured
SD7003,SD7003,SD7003,sd7003,ALLEN,clean,,,200800,9.31,1.024,0.0308,PDSD7003,12.118,SD7003,SD7003,measured
SD7003,SD7003,SD7003,sd7003,ALLEN,clean,,,200800,10.83,0.982,0.1169,PDSD7003,12.118,SD7003,SD7003,measured
SD7003,SD7003,SD7003,sd7003,ALLEN,clean,,,200800,11.82,0.905,0.1858,PDSD7003,12.118,SD7003,SD7003,measured
SD7003,SD7003,SD7003,sd7003,ALLEN,clean,,,300300,-2.94,-0.112,0.0093,PDSD7003,12.118,SD7003,SD7003,measured
SD7003,SD7003,SD7003,sd7003,ALLEN,clean,,,300300,-1.91,0.0,0.0079,PDSD7003,12.118,SD7003,SD7003,measured
SD7003,SD7003,SD7003,sd7003,ALLEN,clean,,,300300,-0.9,0.103,0.0074,PDSD7003,12.118,SD7003,SD7003,measured
SD7003,SD7003,SD7003,sd7003,ALLEN,clean,,,300300,0.14,0.196,0.0072,PDSD7003,12.118,SD7003,SD7003,measured
SD7003,SD7003,SD7003,sd7003,ALLEN,clean,,,300300,1.15,0.301,0.0078,PDSD7003,12.118,SD7003,SD7003,measured
SD7003,SD7003,SD7003,sd7003,ALLEN,clean,,,300300,2.18,0.409,0.0084,PDSD7003,12.118,SD7003,SD7003,measured
SD7003,SD7003,SD7003,sd7003,ALLEN,clean,,,300300,3.2,0.516,0.0095,PDSD7003,12.118,SD7003,SD7003,measured
SD7003,SD7003,SD7003,sd7003,ALLEN,clean,,,300300,4.23,0.62,0.0109,PDSD7003,12.118,SD7003,SD7003,measured
SD7003,SD7003,SD7003,sd7003,ALLEN,clean,,,300300,5.25,0.719,0.0123,PDSD7003,12.118,SD7003,SD7003,measured
SD7003,SD7003,SD7003,sd7003,ALLEN,clean,,,300300,6.26,0.814,0.0138,PDSD7003,12.118,SD7003,SD7003,measured
SD7003,SD7003,SD7003,sd7003,ALLEN,clean,,,300300,7.28,0.903,0.0168,PDSD7003,12.118,SD7003,SD7003,measured
SD7003,SD7003,SD7003,sd7003,ALLEN,clean,,,300300,8.31,0.983,0.0205,PDSD7003,12.118,SD7003,SD7003,measured
SD7003,SD7003,SD7003,sd7003,ALLEN,clean,,,300300,9.32,1.053,0.0253,PDSD7003,12.118,SD7003,SD7003,measured
SD7003,SD7003,SD7003,sd7003,ALLEN,clean,,,300300,10.34,1.101,0.0337,PDSD7003,12.118,SD7003,SD7003,measured
SD7003,SD7003,SD7003,sd7003,ALLEN,clean,,,300300,11.32,1.098,0.0505,PDSD7003,12.118,SD7003,SD7003,measured
SD7003 REPEAT,SD7003 REPEAT,SD7003,sd7003,ALLEN,clean,,,99600,-2.94,-0.131,0.0129,PDSD7003REP,12.119,SD7003,SD7003,measured
SD7003 REPEAT,SD7003 REPEAT,SD7003,sd7003,ALLEN,clean,,,99600,-1.91,-0.053,0.0111,PDSD7003REP,12.119,SD7003,SD7003,measured
SD7003 REPEAT,SD7003 REPEAT,SD7003,sd7003,ALLEN,clean,,,99600,-0.9,0.036,0.011,PDSD7003REP,12.119,SD7003,SD7003,measured
SD7003 REPEAT,SD7003 REPEAT,SD7003,sd7003,ALLEN,clean,,,99600,0.13,0.181,0.0108,PDSD7003REP,12.119,SD7003,SD7003,measured
SD7003 REPEAT,SD7003 REPEAT,SD7003,sd7003,ALLEN,clean,,,99600,1.16,0.318,0.0124,PDSD7003REP,12.119,SD7003,SD7003,measured
SD7003 REPEAT,SD7003 REPEAT,SD7003,sd7003,ALLEN,clean,,,99600,2.19,0.413,0.0127,PDSD7003REP,12.119,SD7003,SD7003,measured
SD7003 REPEAT,SD7003 REPEAT,SD7003,sd7003,ALLEN,clean,,,99600,3.19,0.502,0.0129,PDSD7003REP,12.119,SD7003,SD7003,measured
SD7003 REPEAT,SD7003 REPEAT,SD7003,sd7003,ALLEN,clean,,,99600,4.21,0.598,0.0145,PDSD7003REP,12.119,SD7003,SD7003,measured
SD7003 REPEAT,SD7003 REPEAT,SD7003,sd7003,ALLEN,clean,,,99600,5.23,0.692,0.0166,PDSD7003REP,12.119,SD7003,SD7003,measured
SD7003 REPEAT,SD7003 REPEAT,SD7003,sd7003,ALLEN,clean,,,99600,6.25,0.783,0.0185,PDSD7003REP,12.119,SD7003,SD7003,measured
SD7003 REPEAT,SD7003 REPEAT,SD7003,sd7003,ALLEN,clean,,,99600,7.28,0.865,0.0231,PDSD7003REP,12.119,SD7003,SD7003,measured
SD7003 REPEAT,SD7003 REPEAT,SD7003,sd7003,ALLEN,clean,,,99600,8.29,0.936,0.029,PDSD7003REP,12.119,SD7003,SD7003,measured
SD7003 REPEAT,SD7003 REPEAT,SD7003,sd7003,ALLEN,clean,,,99600,9.3,0.992,0.0376,PDSD7003REP,12.119,SD7003,SD7003,measured
SD7003 REPEAT,SD7003 REPEAT,SD7003,sd7003,ALLEN,clean,,,99600,10.32,1.024,0.048,PDSD7003REP,12.119,SD7003,SD7003,measured
SD7003 REPEAT,SD7003 REPEAT,SD7003,sd7003,ALLEN,clean,,,99600,11.29,0.901,0.1563,PDSD7003REP,12.119,SD7003,SD7003,measured
SD7003 REPEAT,SD7003 REPEAT,SD7003,sd7003,ALLEN,clean,,,153300,-2.93,-0.119,0.0108,PDSD7003REP,12.119,SD7003,SD7003,measured
SD7003 REPEAT,SD7003 REPEAT,SD7003,sd7003,ALLEN,clean,,,153300,-1.92,-0.035,0.0096,PDSD7003REP,12.119,SD7003,SD7003,measured
SD7003 REPEAT,SD7003 REPEAT,SD7003,sd7003,ALLEN,clean,,,153300,-0.89,0.058,0.0088,PDSD7003REP,12.119,SD7003,SD7003,measured
SD7003 REPEAT,SD7003 REPEAT,SD7003,sd7003,ALLEN,clean,,,153300,0.14,0.203,0.0088,PDSD7003REP,12.119,SD7003,SD7003,measured
SD7003 REPEAT,SD7003 REPEAT,SD7003,sd7003,ALLEN,clean,,,153300,1.15,0.302,0.0096,PDSD7003REP,12.119,SD7003,SD7003,measured
SD7003 REPEAT,SD7003 REPEAT,SD7003,sd7003,ALLEN,clean,,,153300,2.17,0.4,0.0103,PDSD7003REP,12.119,SD7003,SD7003,measured
SD7003 REPEAT,SD7003 REPEAT,SD7003,sd7003,ALLEN,clean,,,153300,3.2,0.504,0.0119,PDSD7003REP,12.119,SD7003,SD7003,measured
SD7003 REPEAT,SD7003 REPEAT,SD7003,sd7003,ALLEN,clean,,,153300,4.21,0.601,0.0126,PDSD7003REP,12.119,SD7003,SD7003,measured
SD7003 REPEAT,SD7003 REPEAT,SD7003,sd7003,ALLEN,clean,,,153300,5.24,0.699,0.0143,PDSD7003REP,12.119,SD7003,SD7003,measured
SD7003 REPEAT,SD7003 REPEAT,SD7003,sd7003,ALLEN,clean,,,153300,6.26,0.793,0.0158,PDSD7003REP,12.119,SD7003,SD7003,measured
SD7003 REPEAT,SD7003 REPEAT,SD7003,sd7003,ALLEN,clean,,,153300,7.28,0.878,0.0194,PDSD7003REP,12.119,SD7003,SD7003,measured
SD7003 REPEAT,SD7003 REPEAT,SD7003,sd7003,ALLEN,clean,,,153300,8.3,0.95,0.0251,PDSD7003REP,12.119,SD7003,SD7003,measured
SD7003 REPEAT,SD7003 REPEAT,SD7003,sd7003,ALLEN,clean,,,153300,9.31,1.013,0.0327,PDSD7003REP,12.119,SD7003,SD7003,measured
SD7003 REPEAT,SD7003 REPEAT,SD7003,sd7003,ALLEN,clean,,,153300,10.32,1.054,0.0416,PDSD7003REP,12.119,SD7003,SD7003,measured
SD7003 REPEAT,SD7003 REPEAT,SD7003,sd7003,ALLEN,clean,,,153300,11.28,0.925,0.1646,PDSD7003REP,12.119,SD7003,SD7003,measured
SD7003 REPEAT,SD7003 REPEAT,SD7003,sd7003,ALLEN,clean,,,201500,-2.93,-0.126,0.0101,PDSD7003REP,12.119,SD7003,SD7003,measured
SD7003 REPEAT,SD7003 REPEAT,SD7003,sd7003,ALLEN,clean,,,201500,-1.92,-0.038,0.0086,PDSD7003REP,12.119,SD7003,SD7003,measured
SD7003 REPEAT,SD7003 REPEAT,SD7003,sd7003,ALLEN,clean,,,201500,-0.91,0.072,0.0079,PDSD7003REP,12.119,SD7003,SD7003,measured
SD7003 REPEAT,SD7003 REPEAT,SD7003,sd7003,ALLEN,clean,,,201500,0.12,0.184,0.0076,PDSD7003REP,12.119,SD7003,SD7003,measured
SD7003 REPEAT,SD7003 REPEAT,SD7003,sd7003,ALLEN,clean,,,201500,1.14,0.286,0.0086,PDSD7003REP,12.119,SD7003,SD7003,measured
SD7003 REPEAT,SD7003 REPEAT,SD7003,sd7003,ALLEN,clean,,,201500,2.18,0.392,0.0094,PDSD7003REP,12.119,SD7003,SD7003,measured
SD7003 REPEAT,SD7003 REPEAT,SD7003,sd7003,ALLEN,clean,,,201500,3.21,0.496,0.0102,PDSD7003REP,12.119,SD7003,SD7003,measured
SD7003 REPEAT,SD7003 REPEAT,SD7003,sd7003,ALLEN,clean,,,201500,4.22,0.596,0.0115,PDSD7003REP,12.119,SD7003,SD7003,measured
SD7003 REPEAT,SD7003 REPEAT,SD7003,sd7003,ALLEN,clean,,,201500,5.24,0.696,0.0131,PDSD7003REP,12.119,SD7003,SD7003,measured
SD7003 REPEAT,SD7003 REPEAT,SD7003,sd7003,ALLEN,clean,,,201500,6.27,0.791,0.0144,PDSD7003REP,12.119,SD7003,SD7003,measured
SD7003 REPEAT,SD7003 REPEAT,SD7003,sd7003,ALLEN,clean,,,201500,7.28,0.878,0.0177,PDSD7003REP,12.119,SD7003,SD7003,measured
SD7003 REPEAT,SD7003 REPEAT,SD7003,sd7003,ALLEN,clean,,,201500,8.3,0.953,0.0225,PDSD7003REP,12.119,SD7003,SD7003,measured
SD7003 REPEAT,SD7003 REPEAT,SD7003,sd7003,ALLEN,clean,,,201500,9.31,1.022,0.0284,PDSD7003REP,12.119,SD7003,SD7003,measured
SD7003 REPEAT,SD7003 REPEAT,SD7003,sd7003,ALLEN,clean,,,201500,10.33,1.07,0.0353,PDSD7003REP,12.119,SD7003,SD7003,measured
SD7003 REPEAT,SD7003 REPEAT,SD7003,sd7003,ALLEN,clean,,,303700,-3.98,-0.214,0.0104,PDSD7003REP,12.119,SD7003,SD7003,measured
SD7003 REPEAT,SD7003 REPEAT,SD7003,sd7003,ALLEN,clean,,,303700,-2.92,-0.112,0.0093,PDSD7003REP,12.119,SD7003,SD7003,measured
SD7003 REPEAT,SD7003 REPEAT,SD7003,sd7003,ALLEN,clean,,,303700,-1.92,-0.005,0.008,PDSD7003REP,12.119,SD7003,SD7003,measured
SD7003 REPEAT,SD7003 REPEAT,SD7003,sd7003,ALLEN,clean,,,303700,-0.91,0.099,0.0074,PDSD7003REP,12.119,SD7003,SD7003,measured
SD7003 REPEAT,SD7003 REPEAT,SD7003,sd7003,ALLEN,clean,,,303700,0.12,0.191,0.0073,PDSD7003REP,12.119,SD7003,SD7003,measured
SD7003 REPEAT,SD7003 REPEAT,SD7003,sd7003,ALLEN,clean,,,303700,1.16,0.296,0.0081,PDSD7003REP,12.119,SD7003,SD7003,measured
SD7003 REPEAT,SD7003 REPEAT,SD7003,sd7003,ALLEN,clean,,,303700,2.17,0.402,0.0084,PDSD7003REP,12.119,SD7003,SD7003,measured
SD7003 REPEAT,SD7003 REPEAT,SD7003,sd7003,ALLEN,clean,,,303700,3.19,0.507,0.0098,PDSD7003REP,12.119,SD7003,SD7003,measured
SD7003 REPEAT,SD7003 REPEAT,SD7003,sd7003,ALLEN,clean,,,303700,4.21,0.611,0.0109,PDSD7003REP,12.119,SD7003,SD7003,measured
SD7003 REPEAT,SD7003 REPEAT,SD7003,sd7003,ALLEN,clean,,,303700,5.23,0.711,0.0121,PDSD7003REP,12.119,SD7003,SD7003,measured
SD7003 REPEAT,SD7003 REPEAT,SD7003,sd7003,ALLEN,clean,,,303700,6.27,0.809,0.0138,PDSD7003REP,12.119,SD7003,SD7003,measured
SD7003 REPEAT,SD7003 REPEAT,SD7003,sd7003,ALLEN,clean,,,303700,7.29,0.899,0.0167,PDSD7003REP,12.119,SD7003,SD7003,measured
SD7003 REPEAT,SD7003 REPEAT,SD7003,sd7003,ALLEN,clean,,,303700,8.31,0.978,0.0207,PDSD7003REP,12.119,SD7003,SD7003,measured
SD7003 REPEAT,SD7003 REPEAT,SD7003,sd7003,ALLEN,clean,,,303700,9.32,1.049,0.0248,PDSD7003REP,12.119,SD7003,SD7003,measured
SD7003 REPEAT,SD7003 REPEAT,SD7003,sd7003,ALLEN,clean,,,303700,10.34,1.099,0.0325,PDSD7003REP,12.119,SD7003,SD7003,measured
SD7003 REPEAT,SD7003 REPEAT,SD7003,sd7003,ALLEN,clean,,,303700,11.33,1.1,0.049,PDSD7003REP,12.119,SD7003,SD7003,measured
SD7003 BUMP SHOT TRIP 50%,SD7003,SD7003,sd7003,ALLEN,tripped,0.5,,101700,-2.95,-0.133,0.012,PDSD7003BMPSHT50,12.122,SD7003,SD7003,measured
SD7003 BUMP SHOT TRIP 50%,SD7003,SD7003,sd7003,ALLEN,tripped,0.5,,101700,-1.42,0.0,0.01,PDSD7003BMPSHT50,12.122,SD7003,SD7003,measured
SD7003 BUMP SHOT TRIP 50%,SD7003,SD7003,sd7003,ALLEN,tripped,0.5,,101700,0.14,0.207,0.0115,PDSD7003BMPSHT50,12.122,SD7003,SD7003,measured
SD7003 BUMP SHOT TRIP 50%,SD7003,SD7003,sd7003,ALLEN,tripped,0.5,,101700,1.66,0.366,0.0121,PDSD7003BMPSHT50,12.122,SD7003,SD7003,measured
SD7003 BUMP SHOT TRIP 50%,SD7003,SD7003,sd7003,ALLEN,tripped,0.5,,101700,3.19,0.501,0.015,PDSD7003BMPSHT50,12.122,SD7003,SD7003,measured
SD7003 BUMP SHOT TRIP 50%,SD7003,SD7003,sd7003,ALLEN,tripped,0.5,,101700,4.74,0.645,0.0167,PDSD7003BMPSHT50,12.122,SD7003,SD7003,measured
SD7003 BUMP SHOT TRIP 50%,SD7003,SD7003,sd7003,ALLEN,tripped,0.5,,101700,6.26,0.789,0.0208,PDSD7003BMPSHT50,12.122,SD7003,SD7003,measured
SD7003 BUMP SHOT TRIP 50%,SD7003,SD7003,sd7003,ALLEN,tripped,0.5,,101700,7.79,0.906,0.0278,PDSD7003BMPSHT50,12.122,SD7003,SD7003,measured
SD7003 BUMP SHOT TRIP 50%,SD7003,SD7003,sd7003,ALLEN,tripped,0.5,,101700,9.31,0.992,0.0417,PDSD7003BMPSHT50,12.122,SD7003,SD7003,measured
SD7003 BUMP SHOT TRIP 50%,SD7003,SD7003,sd7003,ALLEN,tripped,0.5,,101700,10.79,0.888,0.1601,PDSD7003BMPSHT50,12.122,SD7003,SD7003,measured
SD7003 BUMP SHOT TRIP 50%,SD7003,SD7003,sd7003,ALLEN,tripped,0.5,,150600,-2.94,-0.099,0.0114,PDSD7003BMPSHT50,12.122,SD7003,SD7003,measured
SD7003 BUMP SHOT TRIP 50%,SD7003,SD7003,sd7003,ALLEN,tripped,0.5,,150600,-1.4,0.037,0.01,PDSD7003BMPSHT50,12.122,SD7003,SD7003,measured
SD7003 BUMP SHOT TRIP 50%,SD7003,SD7003,sd7003,ALLEN,tripped,0.5,,150600,0.14,0.212,0.0092,PDSD7003BMPSHT50,12.122,SD7003,SD7003,measured
SD7003 BUMP SHOT TRIP 50%,SD7003,SD7003,sd7003,ALLEN,tripped,0.5,,150600,1.67,0.362,0.0104,PDSD7003BMPSHT50,12.122,SD7003,SD7003,measured
SD7003 BUMP SHOT TRIP 50%,SD7003,SD7003,sd7003,ALLEN,tripped,0.5,,150600,3.19,0.518,0.0127,PDSD7003BMPSHT50,12.122,SD7003,SD7003,measured
SD7003 BUMP SHOT TRIP 50%,SD7003,SD7003,sd7003,ALLEN,tripped,0.5,,150600,4.74,0.666,0.0146,PDSD7003BMPSHT50,12.122,SD7003,SD7003,measured
SD7003 BUMP SHOT TRIP 50%,SD7003,SD7003,sd7003,ALLEN,tripped,0.5,,150600,6.27,0.808,0.0174,PDSD7003BMPSHT50,12.122,SD7003,SD7003,measured
SD7003 BUMP SHOT TRIP 50%,SD7003,SD7003,sd7003,ALLEN,tripped,0.5,,150600,7.78,0.926,0.0236,PDSD7003BMPSHT50,12.122,SD7003,SD7003,measured
SD7003 BUMP SHOT TRIP 50%,SD7003,SD7003,sd7003,ALLEN,tripped,0.5,,150600,9.32,1.024,0.0346,PDSD7003BMPSHT50,12.122,SD7003,SD7003,measured
SD7003 BUMP SHOT TRIP 50%,SD7003,SD7003,sd7003,ALLEN,tripped,0.5,,150600,10.79,0.954,0.1398,PDSD7003BMPSHT50,12.122,SD7003,SD7003,measured
SD7003 BUMP SHOT TRIP 50%,SD7003,SD7003,sd7003,ALLEN,tripped,0.5,,205000,-2.95,-0.109,0.0112,PDSD7003BMPSHT50,12.122,SD7003,SD7003,measured
SD7003 BUMP SHOT TRIP 50%,SD7003,SD7003,sd7003,ALLEN,tripped,0.5,,205000,-1.4,0.034,0.0095,PDSD7003BMPSHT50,12.122,SD7003,SD7003,measured
SD7003 BUMP SHOT TRIP 50%,SD7003,SD7003,sd7003,ALLEN,tripped,0.5,,205000,0.15,0.189,0.0086,PDSD7003BMPSHT50,12.122,SD7003,SD7003,measured
SD7003 BUMP SHOT TRIP 50%,SD7003,SD7003,sd7003,ALLEN,tripped,0.5,,205000,1.66,0.354,0.0096,PDSD7003BMPSHT50,12.122,SD7003,SD7003,measured
SD7003 BUMP SHOT TRIP 50%,SD7003,SD7003,sd7003,ALLEN,tripped,0.5,,205000,3.18,0.51,0.0109,PDSD7003BMPSHT50,12.122,SD7003,SD7003,measured
SD7003 BUMP SHOT TRIP 50%,SD7003,SD7003,sd7003,ALLEN,tripped,0.5,,205000,4.74,0.662,0.013,PDSD7003BMPSHT50,12.122,SD7003,SD7003,measured
SD7003 BUMP SHOT TRIP 50%,SD7003,SD7003,sd7003,ALLEN,tripped,0.5,,205000,6.27,0.805,0.0157,PDSD7003BMPSHT50,12.122,SD7003,SD7003,measured
SD7003 BUMP SHOT TRIP 50%,SD7003,SD7003,sd7003,ALLEN,tripped,0.5,,205000,7.79,0.929,0.0214,PDSD7003BMPSHT50,12.122,SD7003,SD7003,measured
SD7003 BUMP SHOT TRIP 50%,SD7003,SD7003,sd7003,ALLEN,tripped,0.5,,205000,9.31,1.03,0.0298,PDSD7003BMPSHT50,12.122,SD7003,SD7003,measured
SD7003 BUMP SHOT TRIP 50%,SD7003,SD7003,sd7003,ALLEN,tripped,0.5,,205000,10.82,1.076,0.0471,PDSD7003BMPSHT50,12.122,SD7003,SD7003,measured
SD7003 BUMP SHOT TRIP 50%,SD7003,SD7003,sd7003,ALLEN,tripped,0.5,,300500,-2.94,-0.103,0.011,PDSD7003BMPSHT50,12.122,SD7003,SD7003,measured
SD7003 BUMP SHOT TRIP 50%,SD7003,SD7003,sd7003,ALLEN,tripped,0.5,,300500,-1.4,0.046,0.0093,PDSD7003BMPSHT50,12.122,SD7003,SD7003,measured
SD7003 BUMP SHOT TRIP 50%,SD7003,SD7003,sd7003,ALLEN,tripped,0.5,,300500,0.12,0.192,0.0081,PDSD7003BMPSHT50,12.122,SD7003,SD7003,measured
SD7003 BUMP SHOT TRIP 50%,SD7003,SD7003,sd7003,ALLEN,tripped,0.5,,300500,1.66,0.358,0.0085,PDSD7003BMPSHT50,12.122,SD7003,SD7003,measured
SD7003 BUMP SHOT TRIP 50%,SD7003,SD7003,sd7003,ALLEN,tripped,0.5,,300500,3.2,0.517,0.01,PDSD7003BMPSHT50,12.122,SD7003,SD7003,measured
SD7003 BUMP SHOT TRIP 50%,SD7003,SD7003,sd7003,ALLEN,tripped,0.5,,300500,4.74,0.672,0.0118,PDSD7003BMPSHT50,12.122,SD7003,SD7003,measured
SD7003 BUMP SHOT TRIP 50%,SD7003,SD7003,sd7003,ALLEN,tripped,0.5,,300500,6.27,0.816,0.0146,PDSD7003BMPSHT50,12.122,SD7003,SD7003,measured
SD7003 BUMP SHOT TRIP 50%,SD7003,SD7003,sd7003,ALLEN,tripped,0.5,,300500,7.78,0.943,0.0188,PDSD7003BMPSHT50,12.122,SD7003,SD7003,measured
SD7003 BUMP SHOT TRIP 50%,SD7003,SD7003,sd7003,ALLEN,tripped,0.5,,300500,9.32,1.052,0.0258,PDSD7003BMPSHT50,12.122,SD7003,SD7003,measured
SD7003 BUMP SHOT TRIP 50%,SD7003,SD7003,sd7003,ALLEN,tripped,0.5,,300500,10.82,1.108,0.0391,PDSD7003BMPSHT50,12.122,SD7003,SD7003,measured
SD7003 BUMP SHOT TRIP 60%,SD7003,SD7003,sd7003,ALLEN,tripped,0.6,,99700,-3.96,-0.234,0.0159,PDSD7003BMPSHT60,12.123,SD7003,SD7003,measured
SD7003 BUMP SHOT TRIP 60%,SD7003,SD7003,sd7003,ALLEN,tripped,0.6,,99700,-2.73,-0.123,0.0116,PDSD7003BMPSHT60,12.123,SD7003,SD7003,measured
SD7003 BUMP SHOT TRIP 60%,SD7003,SD7003,sd7003,ALLEN,tripped,0.6,,99700,-1.53,-0.038,0.0101,PDSD7003BMPSHT60,12.123,SD7003,SD7003,measured
SD7003 BUMP SHOT TRIP 60%,SD7003,SD7003,sd7003,ALLEN,tripped,0.6,,99700,-0.3,0.106,0.0121,PDSD7003BMPSHT60,12.123,SD7003,SD7003,measured
SD7003 BUMP SHOT TRIP 60%,SD7003,SD7003,sd7003,ALLEN,tripped,0.6,,99700,0.96,0.297,0.0123,PDSD7003BMPSHT60,12.123,SD7003,SD7003,measured
SD7003 BUMP SHOT TRIP 60%,SD7003,SD7003,sd7003,ALLEN,tripped,0.6,,99700,2.17,0.404,0.0134,PDSD7003BMPSHT60,12.123,SD7003,SD7003,measured
SD7003 BUMP SHOT TRIP 60%,SD7003,SD7003,sd7003,ALLEN,tripped,0.6,,99700,3.4,0.517,0.0145,PDSD7003BMPSHT60,12.123,SD7003,SD7003,measured
SD7003 BUMP SHOT TRIP 60%,SD7003,SD7003,sd7003,ALLEN,tripped,0.6,,99700,4.63,0.633,0.0166,PDSD7003BMPSHT60,12.123,SD7003,SD7003,measured
SD7003 BUMP SHOT TRIP 60%,SD7003,SD7003,sd7003,ALLEN,tripped,0.6,,99700,5.85,0.744,0.02,PDSD7003BMPSHT60,12.123,SD7003,SD7003,measured
SD7003 BUMP SHOT TRIP 60%,SD7003,SD7003,sd7003,ALLEN,tripped,0.6,,99700,7.07,0.845,0.0231,PDSD7003BMPSHT60,12.123,SD7003,SD7003,measured
SD7003 BUMP SHOT TRIP 60%,SD7003,SD7003,sd7003,ALLEN,tripped,0.6,,99700,8.29,0.929,0.0311,PDSD7003BMPSHT60,12.123,SD7003,SD7003,measured
SD7003 BUMP SHOT TRIP 60%,SD7003,SD7003,sd7003,ALLEN,tripped,0.6,,99700,9.5,0.995,0.0424,PDSD7003BMPSHT60,12.123,SD7003,SD7003,measured
SD7003 BUMP SHOT TRIP 60%,SD7003,SD7003,sd7003,ALLEN,tripped,0.6,,99700,10.71,0.928,0.1357,PDSD7003BMPSHT60,12.123,SD7003,SD7003,measured
SD7003 BUMP SHOT TRIP 60%,SD7003,SD7003,sd7003,ALLEN,tripped,0.6,,151800,-3.96,-0.21,0.0129,PDSD7003BMPSHT60,12.123,SD7003,SD7003,measured
SD7003 BUMP SHOT TRIP 60%,SD7003,SD7003,sd7003,ALLEN,tripped,0.6,,151800,-2.73,-0.093,0.0108,PDSD7003BMPSHT60,12.123,SD7003,SD7003,measured
SD7003 BUMP SHOT TRIP 60%,SD7003,SD7003,sd7003,ALLEN,tripped,0.6,,151800,-1.51,0.002,0.0091,PDSD7003BMPSHT60,12.123,SD7003,SD7003,measured
SD7003 BUMP SHOT TRIP 60%,SD7003,SD7003,sd7003,ALLEN,tripped,0.6,,151800,-0.28,0.161,0.0089,PDSD7003BMPSHT60,12.123,SD7003,SD7003,measured
SD7003 BUMP SHOT TRIP 60%,SD7003,SD7003,sd7003,ALLEN,tripped,0.6,,151800,0.94,0.286,0.0093,PDSD7003BMPSHT60,12.123,SD7003,SD7003,measured
SD7003 BUMP SHOT TRIP 60%,SD7003,SD7003,sd7003,ALLEN,tripped,0.6,,151800,2.17,0.404,0.0108,PDSD7003BMPSHT60,12.123,SD7003,SD7003,measured
SD7003 BUMP SHOT TRIP 60%,SD7003,SD7003,sd7003,ALLEN,tripped,0.6,,151800,3.4,0.525,0.0121,PDSD7003BMPSHT60,12.123,SD7003,SD7003,measured
SD7003 BUMP SHOT TRIP 60%,SD7003,SD7003,sd7003,ALLEN,tripped,0.6,,151800,4.63,0.642,0.014,PDSD7003BMPSHT60,12.123,SD7003,SD7003,measured
SD7003 BUMP SHOT TRIP 60%,SD7003,SD7003,sd7003,ALLEN,tripped,0.6,,151800,5.85,0.756,0.0161,PDSD7003BMPSHT60,12.123,SD7003,SD7003,measured
SD7003 BUMP SHOT TRIP 60%,SD7003,SD7003,sd7003,ALLEN,tripped,0.6,,151800,7.08,0.863,0.0199,PDSD7003BMPSHT60,12.123,SD7003,SD7003,measured
SD7003 BUMP SHOT TRIP 60%,SD7003,SD7003,sd7003,ALLEN,tripped,0.6,,151800,8.29,0.951,0.0254,PDSD7003BMPSHT60,12.123,SD7003,SD7003,measured
SD7003 BUMP SHOT TRIP 60%,SD7003,SD7003,sd7003,ALLEN,tripped,0.6,,151800,9.51,1.023,0.0343,PDSD7003BMPSHT60,12.123,SD7003,SD7003,measured
SD7003 BUMP SHOT TRIP 60%,SD7003,SD7003,sd7003,ALLEN,tripped,0.6,,151800,10.73,1.064,0.0461,PDSD7003BMPSHT60,12.123,SD7003,SD7003,measured
SD7003 BUMP SHOT TRIP 60%,SD7003,SD7003,sd7003,ALLEN,tripped,0.6,,202300,-2.96,-0.109,0.0112,PDSD7003BMPSHT60,12.123,SD7003,SD7003,measured
SD7003 BUMP SHOT TRIP 60%,SD7003,SD7003,sd7003,ALLEN,tripped,0.6,,202300,-1.72,0.01,0.0094,PDSD7003BMPSHT60,12.123,SD7003,SD7003,measured
SD7003 BUMP SHOT TRIP 60%,SD7003,SD7003,sd7003,ALLEN,tripped,0.6,,202300,-0.49,0.122,0.0081,PDSD7003BMPSHT60,12.123,SD7003,SD7003,measured
SD7003 BUMP SHOT TRIP 60%,SD7003,SD7003,sd7003,ALLEN,tripped,0.6,,202300,0.74,0.259,0.0081,PDSD7003BMPSHT60,12.123,SD7003,SD7003,measured
SD7003 BUMP SHOT TRIP 60%,SD7003,SD7003,sd7003,ALLEN,tripped,0.6,,202300,1.97,0.386,0.009,PDSD7003BMPSHT60,12.123,SD7003,SD7003,measured
SD7003 BUMP SHOT TRIP 60%,SD7003,SD7003,sd7003,ALLEN,tripped,0.6,,202300,3.21,0.512,0.0108,PDSD7003BMPSHT60,12.123,SD7003,SD7003,measured
SD7003 BUMP SHOT TRIP 60%,SD7003,SD7003,sd7003,ALLEN,tripped,0.6,,202300,4.43,0.632,0.0123,PDSD7003BMPSHT60,12.123,SD7003,SD7003,measured
SD7003 BUMP SHOT TRIP 60%,SD7003,SD7003,sd7003,ALLEN,tripped,0.6,,202300,5.64,0.747,0.0139,PDSD7003BMPSHT60,12.123,SD7003,SD7003,measured
SD7003 BUMP SHOT TRIP 60%,SD7003,SD7003,sd7003,ALLEN,tripped,0.6,,202300,6.87,0.859,0.0163,PDSD7003BMPSHT60,12.123,SD7003,SD7003,measured
SD7003 BUMP SHOT TRIP 60%,SD7003,SD7003,sd7003,ALLEN,tripped,0.6,,202300,8.09,0.955,0.0215,PDSD7003BMPSHT60,12.123,SD7003,SD7003,measured
SD7003 BUMP SHOT TRIP 60%,SD7003,SD7003,sd7003,ALLEN,tripped,0.6,,202300,9.32,1.035,0.0272,PDSD7003BMPSHT60,12.123,SD7003,SD7003,measured
SD7003 BUMP SHOT TRIP 60%,SD7003,SD7003,sd7003,ALLEN,tripped,0.6,,202300,10.52,1.087,0.0376,PDSD7003BMPSHT60,12.123,SD7003,SD7003,measured
SD7003 BUMP SHOT TRIP 60%,SD7003,SD7003,sd7003,ALLEN,tripped,0.6,,202300,11.67,0.956,0.1591,PDSD7003BMPSHT60,12.123,SD7003,SD7003,measured
SD7003 BUMP SHOT TRIP 60%,SD7003,SD7003,sd7003,ALLEN,tripped,0.6,,300700,-3.95,-0.199,0.0119,PDSD7003BMPSHT60,12.123,SD7003,SD7003,measured
SD7003 BUMP SHOT TRIP 60%,SD7003,SD7003,sd7003,ALLEN,tripped,0.6,,300700,-2.74,-0.079,0.0105,PDSD7003BMPSHT60,12.123,SD7003,SD7003,measured
SD7003 BUMP SHOT TRIP 60%,SD7003,SD7003,sd7003,ALLEN,tripped,0.6,,300700,-1.52,0.041,0.0089,PDSD7003BMPSHT60,12.123,SD7003,SD7003,measured
SD7003 BUMP SHOT TRIP 60%,SD7003,SD7003,sd7003,ALLEN,tripped,0.6,,300700,-0.29,0.157,0.0079,PDSD7003BMPSHT60,12.123,SD7003,SD7003,measured
SD7003 BUMP SHOT TRIP 60%,SD7003,SD7003,sd7003,ALLEN,tripped,0.6,,300700,0.94,0.284,0.0078,PDSD7003BMPSHT60,12.123,SD7003,SD7003,measured
SD7003 BUMP SHOT TRIP 60%,SD7003,SD7003,sd7003,ALLEN,tripped,0.6,,300700,2.18,0.414,0.009,PDSD7003BMPSHT60,12.123,SD7003,SD7003,measured
SD7003 BUMP SHOT TRIP 60%,SD7003,SD7003,sd7003,ALLEN,tripped,0.6,,300700,3.4,0.538,0.0103,PDSD7003BMPSHT60,12.123,SD7003,SD7003,measured
SD7003 BUMP SHOT TRIP 60%,SD7003,SD7003,sd7003,ALLEN,tripped,0.6,,300700,4.64,0.659,0.0114,PDSD7003BMPSHT60,12.123,SD7003,SD7003,measured
SD7003 BUMP SHOT TRIP 60%,SD7003,SD7003,sd7003,ALLEN,tripped,0.6,,300700,5.86,0.775,0.013,PDSD7003BMPSHT60,12.123,SD7003,SD7003,measured
SD7003 BUMP SHOT TRIP 60%,SD7003,SD7003,sd7003,ALLEN,tripped,0.6,,300700,7.07,0.882,0.0162,PDSD7003BMPSHT60,12.123,SD7003,SD7003,measured
SD7003 BUMP SHOT TRIP 60%,SD7003,SD7003,sd7003,ALLEN,tripped,0.6,,300700,8.3,0.977,0.0203,PDSD7003BMPSHT60,12.123,SD7003,SD7003,measured
SD7003 BUMP SHOT TRIP 60%,SD7003,SD7003,sd7003,ALLEN,tripped,0.6,,300700,9.52,1.057,0.0261,PDSD7003BMPSHT60,12.123,SD7003,SD7003,measured
SD7003 BUMP SHOT TRIP 60%,SD7003,SD7003,sd7003,ALLEN,tripped,0.6,,300700,10.73,1.105,0.036,PDSD7003BMPSHT60,12.123,SD7003,SD7003,measured
SD7003 BUMP SHOT TRIP 60%,SD7003,SD7003,sd7003,ALLEN,tripped,0.6,,300700,11.98,0.952,0.1724,PDSD7003BMPSHT60,12.123,SD7003,SD7003,measured
SD7003 BUMP SHOT TRIP 60%,SD7003,SD7003,sd7003,ALLEN,tripped,0.6,,300700,13.07,0.872,0.2246,PDSD7003BMPSHT60,12.123,SD7003,SD7003,measured
SD7003 BUMP SHOT TRIP 70%,SD7003,SD7003,sd7003,ALLEN,tripped,0.7,,100600,-3.96,-0.222,0.0153,PDSD7003BMPSHT70,12.124,SD7003,SD7003,measured
SD7003 BUMP SHOT TRIP 70%,SD7003,SD7003,sd7003,ALLEN,tripped,0.7,,100600,-2.43,-0.09,0.0121,PDSD7003BMPSHT70,12.124,SD7003,SD7003,measured
SD7003 BUMP SHOT TRIP 70%,SD7003,SD7003,sd7003,ALLEN,tripped,0.7,,100600,-0.89,0.049,0.0113,PDSD7003BMPSHT70,12.124,SD7003,SD7003,measured
SD7003 BUMP SHOT TRIP 70%,SD7003,SD7003,sd7003,ALLEN,tripped,0.7,,100600,0.65,0.271,0.0115,PDSD7003BMPSHT70,12.124,SD7003,SD7003,measured
SD7003 BUMP SHOT TRIP 70%,SD7003,SD7003,sd7003,ALLEN,tripped,0.7,,100600,2.18,0.415,0.0128,PDSD7003BMPSHT70,12.124,SD7003,SD7003,measured
SD7003 BUMP SHOT TRIP 70%,SD7003,SD7003,sd7003,ALLEN,tripped,0.7,,100600,3.71,0.559,0.0152,PDSD7003BMPSHT70,12.124,SD7003,SD7003,measured
SD7003 BUMP SHOT TRIP 70%,SD7003,SD7003,sd7003,ALLEN,tripped,0.7,,100600,5.25,0.702,0.0178,PDSD7003BMPSHT70,12.124,SD7003,SD7003,measured
SD7003 BUMP SHOT TRIP 70%,SD7003,SD7003,sd7003,ALLEN,tripped,0.7,,100600,6.78,0.834,0.0214,PDSD7003BMPSHT70,12.124,SD7003,SD7003,measured
SD7003 BUMP SHOT TRIP 70%,SD7003,SD7003,sd7003,ALLEN,tripped,0.7,,100600,8.3,0.939,0.0324,PDSD7003BMPSHT70,12.124,SD7003,SD7003,measured
SD7003 BUMP SHOT TRIP 70%,SD7003,SD7003,sd7003,ALLEN,tripped,0.7,,100600,9.81,1.013,0.0496,PDSD7003BMPSHT70,12.124,SD7003,SD7003,measured
SD7003 BUMP SHOT TRIP 70%,SD7003,SD7003,sd7003,ALLEN,tripped,0.7,,100600,11.3,0.863,0.1808,PDSD7003BMPSHT70,12.124,SD7003,SD7003,measured
SD7003 BUMP SHOT TRIP 70%,SD7003,SD7003,sd7003,ALLEN,tripped,0.7,,150200,-3.96,-0.217,0.0131,PDSD7003BMPSHT70,12.124,SD7003,SD7003,measured
SD7003 BUMP SHOT TRIP 70%,SD7003,SD7003,sd7003,ALLEN,tripped,0.7,,150200,-2.73,-0.101,0.0106,PDSD7003BMPSHT70,12.124,SD7003,SD7003,measured
SD7003 BUMP SHOT TRIP 70%,SD7003,SD7003,sd7003,ALLEN,tripped,0.7,,150200,-1.52,-0.003,0.009,PDSD7003BMPSHT70,12.124,SD7003,SD7003,measured
SD7003 BUMP SHOT TRIP 70%,SD7003,SD7003,sd7003,ALLEN,tripped,0.7,,150200,-0.28,0.161,0.0093,PDSD7003BMPSHT70,12.124,SD7003,SD7003,measured
SD7003 BUMP SHOT TRIP 70%,SD7003,SD7003,sd7003,ALLEN,tripped,0.7,,150200,0.95,0.291,0.0094,PDSD7003BMPSHT70,12.124,SD7003,SD7003,measured
SD7003 BUMP SHOT TRIP 70%,SD7003,SD7003,sd7003,ALLEN,tripped,0.7,,150200,2.18,0.41,0.0114,PDSD7003BMPSHT70,12.124,SD7003,SD7003,measured
SD7003 BUMP SHOT TRIP 70%,SD7003,SD7003,sd7003,ALLEN,tripped,0.7,,150200,3.41,0.53,0.0127,PDSD7003BMPSHT70,12.124,SD7003,SD7003,measured
SD7003 BUMP SHOT TRIP 70%,SD7003,SD7003,sd7003,ALLEN,tripped,0.7,,150200,4.63,0.647,0.0138,PDSD7003BMPSHT70,12.124,SD7003,SD7003,measured
SD7003 BUMP SHOT TRIP 70%,SD7003,SD7003,sd7003,ALLEN,tripped,0.7,,150200,5.86,0.763,0.0161,PDSD7003BMPSHT70,12.124,SD7003,SD7003,measured
SD7003 BUMP SHOT TRIP 70%,SD7003,SD7003,sd7003,ALLEN,tripped,0.7,,150200,7.09,0.869,0.0196,PDSD7003BMPSHT70,12.124,SD7003,SD7003,measured
SD7003 BUMP SHOT TRIP 70%,SD7003,SD7003,sd7003,ALLEN,tripped,0.7,,150200,8.29,0.954,0.0266,PDSD7003BMPSHT70,12.124,SD7003,SD7003,measured
SD7003 BUMP SHOT TRIP 70%,SD7003,SD7003,sd7003,ALLEN,tripped,0.7,,150200,9.51,1.028,0.0353,PDSD7003BMPSHT70,12.124,SD7003,SD7003,measured
SD7003 BUMP SHOT TRIP 70%,SD7003,SD7003,sd7003,ALLEN,tripped,0.7,,150200,10.72,1.066,0.0491,PDSD7003BMPSHT70,12.124,SD7003,SD7003,measured
SD7003 BUMP SHOT TRIP 70%,SD7003,SD7003,sd7003,ALLEN,tripped,0.7,,150200,11.87,0.881,0.1911,PDSD7003BMPSHT70,12.124,SD7003,SD7003,measured
SD7003 BUMP SHOT TRIP 70%,SD7003,SD7003,sd7003,ALLEN,tripped,0.7,,201400,-3.94,-0.197,0.0121,PDSD7003BMPSHT70,12.124,SD7003,SD7003,measured
SD7003 BUMP SHOT TRIP 70%,SD7003,SD7003,sd7003,ALLEN,tripped,0.7,,201400,-2.74,-0.078,0.0098,PDSD7003BMPSHT70,12.124,SD7003,SD7003,measured
SD7003 BUMP SHOT TRIP 70%,SD7003,SD7003,sd7003,ALLEN,tripped,0.7,,201400,-1.51,0.039,0.0084,PDSD7003BMPSHT70,12.124,SD7003,SD7003,measured
SD7003 BUMP SHOT TRIP 70%,SD7003,SD7003,sd7003,ALLEN,tripped,0.7,,201400,-0.29,0.163,0.0078,PDSD7003BMPSHT70,12.124,SD7003,SD7003,measured
SD7003 BUMP SHOT TRIP 70%,SD7003,SD7003,sd7003,ALLEN,tripped,0.7,,201400,0.96,0.286,0.0084,PDSD7003BMPSHT70,12.124,SD7003,SD7003,measured
SD7003 BUMP SHOT TRIP 70%,SD7003,SD7003,sd7003,ALLEN,tripped,0.7,,201400,2.18,0.409,0.01,PDSD7003BMPSHT70,12.124,SD7003,SD7003,measured
SD7003 BUMP SHOT TRIP 70%,SD7003,SD7003,sd7003,ALLEN,tripped,0.7,,201400,3.39,0.533,0.0111,PDSD7003BMPSHT70,12.124,SD7003,SD7003,measured
SD7003 BUMP SHOT TRIP 70%,SD7003,SD7003,sd7003,ALLEN,tripped,0.7,,201400,4.64,0.655,0.0127,PDSD7003BMPSHT70,12.124,SD7003,SD7003,measured
SD7003 BUMP SHOT TRIP 70%,SD7003,SD7003,sd7003,ALLEN,tripped,0.7,,201400,5.86,0.769,0.0148,PDSD7003BMPSHT70,12.124,SD7003,SD7003,measured
SD7003 BUMP SHOT TRIP 70%,SD7003,SD7003,sd7003,ALLEN,tripped,0.7,,201400,7.08,0.878,0.0179,PDSD7003BMPSHT70,12.124,SD7003,SD7003,measured
SD7003 BUMP SHOT TRIP 70%,SD7003,SD7003,sd7003,ALLEN,tripped,0.7,,201400,8.3,0.969,0.0236,PDSD7003BMPSHT70,12.124,SD7003,SD7003,measured
SD7003 BUMP SHOT TRIP 70%,SD7003,SD7003,sd7003,ALLEN,tripped,0.7,,201400,9.51,1.045,0.0311,PDSD7003BMPSHT70,12.124,SD7003,SD7003,measured
SD7003 BUMP SHOT TRIP 70%,SD7003,SD7003,sd7003,ALLEN,tripped,0.7,,201400,10.72,1.087,0.0437,PDSD7003BMPSHT70,12.124,SD7003,SD7003,measured
SD7003 BUMP SHOT TRIP 70%,SD7003,SD7003,sd7003,ALLEN,tripped,0.7,,301600,-3.97,-0.202,0.0108,PDSD7003BMPSHT70,12.124,SD7003,SD7003,measured
SD7003 BUMP SHOT TRIP 70%,SD7003,SD7003,sd7003,ALLEN,tripped,0.7,,301600,-2.73,-0.078,0.0095,PDSD7003BMPSHT70,12.124,SD7003,SD7003,measured
SD7003 BUMP SHOT TRIP 70%,SD7003,SD7003,sd7003,ALLEN,tripped,0.7,,301600,-1.49,0.046,0.008,PDSD7003BMPSHT70,12.124,SD7003,SD7003,measured
SD7003 BUMP SHOT TRIP 70%,SD7003,SD7003,sd7003,ALLEN,tripped,0.7,,301600,-0.27,0.162,0.0077,PDSD7003BMPSHT70,12.124,SD7003,SD7003,measured
SD7003 BUMP SHOT TRIP 70%,SD7003,SD7003,sd7003,ALLEN,tripped,0.7,,301600,0.94,0.286,0.0079,PDSD7003BMPSHT70,12.124,SD7003,SD7003,measured
SD7003 BUMP SHOT TRIP 70%,SD7003,SD7003,sd7003,ALLEN,tripped,0.7,,301600,2.18,0.415,0.009,PDSD7003BMPSHT70,12.124,SD7003,SD7003,measured
SD7003 BUMP SHOT TRIP 70%,SD7003,SD7003,sd7003,ALLEN,tripped,0.7,,301600,3.4,0.541,0.0097,PDSD7003BMPSHT70,12.124,SD7003,SD7003,measured
SD7003 BUMP SHOT TRIP 70%,SD7003,SD7003,sd7003,ALLEN,tripped,0.7,,301600,4.63,0.661,0.0112,PDSD7003BMPSHT70,12.124,SD7003,SD7003,measured
SD7003 BUMP SHOT TRIP 70%,SD7003,SD7003,sd7003,ALLEN,tripped,0.7,,301600,5.86,0.779,0.0134,PDSD7003BMPSHT70,12.124,SD7003,SD7003,measured
SD7003 BUMP SHOT TRIP 70%,SD7003,SD7003,sd7003,ALLEN,tripped,0.7,,301600,7.09,0.888,0.0164,PDSD7003BMPSHT70,12.124,SD7003,SD7003,measured
SD7003 BUMP SHOT TRIP 70%,SD7003,SD7003,sd7003,ALLEN,tripped,0.7,,301600,8.3,0.983,0.0208,PDSD7003BMPSHT70,12.124,SD7003,SD7003,measured
SD7003 BUMP SHOT TRIP 70%,SD7003,SD7003,sd7003,ALLEN,tripped,0.7,,301600,9.53,1.065,0.0265,PDSD7003BMPSHT70,12.124,SD7003,SD7003,measured
SD7003 BUMP SHOT TRIP 70%,SD7003,SD7003,sd7003,ALLEN,tripped,0.7,,301600,10.73,1.109,0.0366,PDSD7003BMPSHT70,12.124,SD7003,SD7003,measured
SD7003 BUMP SHOT TRIP 70%,SD7003,SD7003,sd7003,ALLEN,tripped,0.7,,301600,11.74,0.942,0.1817,PDSD7003BMPSHT70,12.124,SD7003,SD7003,measured
SD7003 BUMP SHOT TRIP 70%,SD7003,SD7003,sd7003,ALLEN,tripped,0.7,,301600,13.11,0.868,0.2264,PDSD7003BMPSHT70,12.124,SD7003,SD7003,measured
"SD7003 UST .020, .125, 60%",SD7003,SD7003,sd7003,ALLEN,tripped,0.6,,199500,-2.96,-0.113,0.0101,PDSD7003UST2012560,12.120,SD7003,SD7003,measured
"SD7003 UST .020, .125, 60%",SD7003,SD7003,sd7003,ALLEN,tripped,0.6,,199500,-1.4,0.042,0.0082,PDSD7003UST2012560,12.120,SD7003,SD7003,measured
"SD7003 UST .020, .125, 60%",SD7003,SD7003,sd7003,ALLEN,tripped,0.6,,199500,0.12,0.201,0.0079,PDSD7003UST2012560,12.120,SD7003,SD7003,measured
"SD7003 UST .020, .125, 60%",SD7003,SD7003,sd7003,ALLEN,tripped,0.6,,199500,1.66,0.353,0.0093,PDSD7003UST2012560,12.120,SD7003,SD7003,measured
"SD7003 UST .020, .125, 60%",SD7003,SD7003,sd7003,ALLEN,tripped,0.6,,199500,3.2,0.507,0.0111,PDSD7003UST2012560,12.120,SD7003,SD7003,measured
"SD7003 UST .020, .125, 60%",SD7003,SD7003,sd7003,ALLEN,tripped,0.6,,199500,4.74,0.659,0.0133,PDSD7003UST2012560,12.120,SD7003,SD7003,measured
"SD7003 UST .020, .125, 60%",SD7003,SD7003,sd7003,ALLEN,tripped,0.6,,199500,6.25,0.801,0.016,PDSD7003UST2012560,12.120,SD7003,SD7003,measured
"SD7003 UST .020, .125, 60%",SD7003,SD7003,sd7003,ALLEN,tripped,0.6,,199500,7.79,0.927,0.021,PDSD7003UST2012560,12.120,SD7003,SD7003,measured
"SD7003 UST .020, .125, 60%",SD7003,SD7003,sd7003,ALLEN,tripped,0.6,,199500,9.32,1.029,0.0302,PDSD7003UST2012560,12.120,SD7003,SD7003,measured
"SD7003 UST .020, .125, 60%",SD7003,SD7003,sd7003,ALLEN,tripped,0.6,,199500,10.82,1.078,0.0455,PDSD7003UST2012560,12.120,SD7003,SD7003,measured
"SD7003 UST .020, .125, 60%",SD7003,SD7003,sd7003,ALLEN,tripped,0.6,,199500,11.8,0.921,0.1899,PDSD7003UST2012560,12.120,SD7003,SD7003,measured
"SD7003 UST .020, .125, 60%",SD7003,SD7003,sd7003,ALLEN,tripped,0.6,,301600,-2.92,-0.094,0.0092,PDSD7003UST2012560,12.120,SD7003,SD7003,measured
"SD7003 UST .020, .125, 60%",SD7003,SD7003,sd7003,ALLEN,tripped,0.6,,301600,-1.41,0.055,0.008,PDSD7003UST2012560,12.120,SD7003,SD7003,measured
"SD7003 UST .020, .125, 60%",SD7003,SD7003,sd7003,ALLEN,tripped,0.6,,301600,0.13,0.195,0.0076,PDSD7003UST2012560,12.120,SD7003,SD7003,measured
"SD7003 UST .020, .125, 60%",SD7003,SD7003,sd7003,ALLEN,tripped,0.6,,301600,1.66,0.354,0.0083,PDSD7003UST2012560,12.120,SD7003,SD7003,measured
"SD7003 UST .020, .125, 60%",SD7003,SD7003,sd7003,ALLEN,tripped,0.6,,301600,3.19,0.511,0.01,PDSD7003UST2012560,12.120,SD7003,SD7003,measured
"SD7003 UST .020, .125, 60%",SD7003,SD7003,sd7003,ALLEN,tripped,0.6,,301600,4.73,0.664,0.0114,PDSD7003UST2012560,12.120,SD7003,SD7003,measured
"SD7003 UST .020, .125, 60%",SD7003,SD7003,sd7003,ALLEN,tripped,0.6,,301600,6.25,0.808,0.0141,PDSD7003UST2012560,12.120,SD7003,SD7003,measured
"SD7003 UST .020, .125, 60%",SD7003,SD7003,sd7003,ALLEN,tripped,0.6,,301600,7.8,0.939,0.0186,PDSD7003UST2012560,12.120,SD7003,SD7003,measured
"SD7003 UST .020, .125, 60%",SD7003,SD7003,sd7003,ALLEN,tripped,0.6,,301600,9.31,1.048,0.0245,PDSD7003UST2012560,12.120,SD7003,SD7003,measured
"SD7003 UST .020, .125, 60%",SD7003,SD7003,sd7003,ALLEN,tripped,0.6,,301600,10.82,1.108,0.0374,PDSD7003UST2012560,12.120,SD7003,SD7003,measured
"SD7003 UST .020, .125, 70%",SD7003,SD7003,sd7003,ALLEN,tripped,0.7,,201200,-2.94,-0.111,0.0099,PDSD7003UST2012570,12.121,SD7003,SD7003,measured
"SD7003 UST .020, .125, 70%",SD7003,SD7003,sd7003,ALLEN,tripped,0.7,,201200,-1.41,0.04,0.0082,PDSD7003UST2012570,12.121,SD7003,SD7003,measured
"SD7003 UST .020, .125, 70%",SD7003,SD7003,sd7003,ALLEN,tripped,0.7,,201200,0.12,0.206,0.0079,PDSD7003UST2012570,12.121,SD7003,SD7003,measured
"SD7003 UST .020, .125, 70%",SD7003,SD7003,sd7003,ALLEN,tripped,0.7,,201200,1.66,0.359,0.0089,PDSD7003UST2012570,12.121,SD7003,SD7003,measured
"SD7003 UST .020, .125, 70%",SD7003,SD7003,sd7003,ALLEN,tripped,0.7,,201200,3.19,0.513,0.0111,PDSD7003UST2012570,12.121,SD7003,SD7003,measured
"SD7003 UST .020, .125, 70%",SD7003,SD7003,sd7003,ALLEN,tripped,0.7,,201200,4.72,0.664,0.0131,PDSD7003UST2012570,12.121,SD7003,SD7003,measured
"SD7003 UST .020, .125, 70%",SD7003,SD7003,sd7003,ALLEN,tripped,0.7,,201200,6.25,0.806,0.0151,PDSD7003UST2012570,12.121,SD7003,SD7003,measured
"SD7003 UST .020, .125, 70%",SD7003,SD7003,sd7003,ALLEN,tripped,0.7,,201200,7.79,0.933,0.0215,PDSD7003UST2012570,12.121,SD7003,SD7003,measured
"SD7003 UST .020, .125, 70%",SD7003,SD7003,sd7003,ALLEN,tripped,0.7,,201200,9.31,1.036,0.0293,PDSD7003UST2012570,12.121,SD7003,SD7003,measured
"SD7003 UST .020, .125, 70%",SD7003,SD7003,sd7003,ALLEN,tripped,0.7,,201200,10.83,1.077,0.045,PDSD7003UST2012570,12.121,SD7003,SD7003,measured
"SD7003 UST .020, .125, 70%",SD7003,SD7003,sd7003,ALLEN,tripped,0.7,,201200,11.78,0.921,0.1799,PDSD7003UST2012570,12.121,SD7003,SD7003,measured
"SD7003 UST .020, .125, 70%",SD7003,SD7003,sd7003,ALLEN,tripped,0.7,,201200,12.8,0.864,0.2182,PDSD7003UST2012570,12.121,SD7003,SD7003,measured
"SD7003 UST .020, .125, 70%",SD7003,SD7003,sd7003,ALLEN,tripped,0.7,,298000,-2.94,-0.11,0.0091,PDSD7003UST2012570,12.121,SD7003,SD7003,measured
"SD7003 UST .020, .125, 70%",SD7003,SD7003,sd7003,ALLEN,tripped,0.7,,298000,-1.4,0.057,0.0077,PDSD7003UST2012570,12.121,SD7003,SD7003,measured
"SD7003 UST .020, .125, 70%",SD7003,SD7003,sd7003,ALLEN,tripped,0.7,,298000,0.11,0.195,0.0072,PDSD7003UST2012570,12.121,SD7003,SD7003,measured
"SD7003 UST .020, .125, 70%",SD7003,SD7003,sd7003,ALLEN,tripped,0.7,,298000,1.67,0.353,0.0086,PDSD7003UST2012570,12.121,SD7003,SD7003,measured
"SD7003 UST .020, .125, 70%",SD7003,SD7003,sd7003,ALLEN,tripped,0.7,,298000,3.19,0.511,0.0099,PDSD7003UST2012570,12.121,SD7003,SD7003,measured
"SD7003 UST .020, .125, 70%",SD7003,SD7003,sd7003,ALLEN,tripped,0.7,,298000,4.73,0.664,0.0117,PDSD7003UST2012570,12.121,SD7003,SD7003,measured
"SD7003 UST .020, .125, 70%",SD7003,SD7003,sd7003,ALLEN,tripped,0.7,,298000,6.27,0.809,0.0139,PDSD7003UST2012570,12.121,SD7003,SD7003,measured
"SD7003 UST .020, .125, 70%",SD7003,SD7003,sd7003,ALLEN,tripped,0.7,,298000,7.8,0.939,0.0187,PDSD7003UST2012570,12.121,SD7003,SD7003,measured
"SD7003 UST .020, .125, 70%",SD7003,SD7003,sd7003,ALLEN,tripped,0.7,,298000,9.31,1.047,0.0252,PDSD7003UST2012570,12.121,SD7003,SD7003,measured
"SD7003 UST .020, .125, 70%",SD7003,SD7003,sd7003,ALLEN,tripped,0.7,,298000,10.83,1.106,0.0376,PDSD7003UST2012570,12.121,SD7003,SD7003,measured
"SD7003 UST .020, .125, 70%",SD7003,SD7003,sd7003,ALLEN,tripped,0.7,,298000,11.79,0.942,0.1814,PDSD7003UST2012570,12.121,SD7003,SD7003,measured
"SD7003 UST .020, .125, 70%",SD7003,SD7003,sd7003,ALLEN,tripped,0.7,,298000,12.79,0.874,0.2202,PDSD7003UST2012570,12.121,SD7003,SD7003,measured
SD7032A SANDED BALSA FINISH,SD7032A,SD7032,sd7032,FRASER,other,,,64200,-3.93,-0.152,0.0253,PDSD7032,12.126,,SD7032,design
SD7032A SANDED BALSA FINISH,SD7032A,SD7032,sd7032,FRASER,other,,,64200,-2.92,-0.076,0.0188,PDSD7032,12.126,,SD7032,design
SD7032A SANDED BALSA FINISH,SD7032A,SD7032,sd7032,FRASER,other,,,64200,-1.91,0.022,0.0167,PDSD7032,12.126,,SD7032,design
SD7032A SANDED BALSA FINISH,SD7032A,SD7032,sd7032,FRASER,other,,,64200,-0.87,0.149,0.0202,PDSD7032,12.126,,SD7032,design
SD7032A SANDED BALSA FINISH,SD7032A,SD7032,sd7032,FRASER,other,,,64200,0.16,0.315,0.0224,PDSD7032,12.126,,SD7032,design
SD7032A SANDED BALSA FINISH,SD7032A,SD7032,sd7032,FRASER,other,,,64200,1.19,0.446,0.0195,PDSD7032,12.126,,SD7032,design
SD7032A SANDED BALSA FINISH,SD7032A,SD7032,sd7032,FRASER,other,,,64200,2.21,0.525,0.0208,PDSD7032,12.126,,SD7032,design
SD7032A SANDED BALSA FINISH,SD7032A,SD7032,sd7032,FRASER,other,,,64200,3.22,0.61,0.0215,PDSD7032,12.126,,SD7032,design
SD7032A SANDED BALSA FINISH,SD7032A,SD7032,sd7032,FRASER,other,,,64200,4.24,0.692,0.0223,PDSD7032,12.126,,SD7032,design
SD7032A SANDED BALSA FINISH,SD7032A,SD7032,sd7032,FRASER,other,,,64200,5.26,0.779,0.0228,PDSD7032,12.126,,SD7032,design
SD7032A SANDED BALSA FINISH,SD7032A,SD7032,sd7032,FRASER,other,,,64200,6.28,0.851,0.0252,PDSD7032,12.126,,SD7032,design
SD7032A SANDED BALSA FINISH,SD7032A,SD7032,sd7032,FRASER,other,,,64200,7.29,0.927,0.0273,PDSD7032,12.126,,SD7032,design
SD7032A SANDED BALSA FINISH,SD7032A,SD7032,sd7032,FRASER,other,,,64200,8.31,0.998,0.0329,PDSD7032,12.126,,SD7032,design
SD7032A SANDED BALSA FINISH,SD7032A,SD7032,sd7032,FRASER,other,,,64200,9.33,1.065,0.0328,PDSD7032,12.126,,SD7032,design
SD7032A SANDED BALSA FINISH,SD7032A,SD7032,sd7032,FRASER,other,,,64200,10.34,1.117,0.0376,PDSD7032,12.126,,SD7032,design
SD7032A SANDED BALSA FINISH,SD7032A,SD7032,sd7032,FRASER,other,,,64200,11.34,1.151,0.0424,PDSD7032,12.126,,SD7032,design
SD7032A SANDED BALSA FINISH,SD7032A,SD7032,sd7032,FRASER,other,,,64200,12.33,1.109,0.0494,PDSD7032,12.126,,SD7032,design
SD7032A SANDED BALSA FINISH,SD7032A,SD7032,sd7032,FRASER,other,,,64200,13.28,0.813,0.2163,PDSD7032,12.126,,SD7032,design
SD7032A SANDED BALSA FINISH,SD7032A,SD7032,sd7032,FRASER,other,,,104600,-3.93,-0.045,0.0221,PDSD7032,12.126,,SD7032,design
SD7032A SANDED BALSA FINISH,SD7032A,SD7032,sd7032,FRASER,other,,,104600,-2.9,0.098,0.0186,PDSD7032,12.126,,SD7032,design
SD7032A SANDED BALSA FINISH,SD7032A,SD7032,sd7032,FRASER,other,,,104600,-1.86,0.233,0.015,PDSD7032,12.126,,SD7032,design
SD7032A SANDED BALSA FINISH,SD7032A,SD7032,sd7032,FRASER,other,,,104600,-0.83,0.36,0.0134,PDSD7032,12.126,,SD7032,design
SD7032A SANDED BALSA FINISH,SD7032A,SD7032,sd7032,FRASER,other,,,104600,0.19,0.472,0.0131,PDSD7032,12.126,,SD7032,design
SD7032A SANDED BALSA FINISH,SD7032A,SD7032,sd7032,FRASER,other,,,104600,1.22,0.567,0.0137,PDSD7032,12.126,,SD7032,design
SD7032A SANDED BALSA FINISH,SD7032A,SD7032,sd7032,FRASER,other,,,104600,2.24,0.654,0.0141,PDSD7032,12.126,,SD7032,design
SD7032A SANDED BALSA FINISH,SD7032A,SD7032,sd7032,FRASER,other,,,104600,3.25,0.744,0.0156,PDSD7032,12.126,,SD7032,design
SD7032A SANDED BALSA FINISH,SD7032A,SD7032,sd7032,FRASER,other,,,104600,4.27,0.831,0.0164,PDSD7032,12.126,,SD7032,design
SD7032A SANDED BALSA FINISH,SD7032A,SD7032,sd7032,FRASER,other,,,104600,5.29,0.915,0.0179,PDSD7032,12.126,,SD7032,design
SD7032A SANDED BALSA FINISH,SD7032A,SD7032,sd7032,FRASER,other,,,104600,6.31,0.997,0.0209,PDSD7032,12.126,,SD7032,design
SD7032A SANDED BALSA FINISH,SD7032A,SD7032,sd7032,FRASER,other,,,104600,7.32,1.076,0.0221,PDSD7032,12.126,,SD7032,design
SD7032A SANDED BALSA FINISH,SD7032A,SD7032,sd7032,FRASER,other,,,104600,8.35,1.154,0.0242,PDSD7032,12.126,,SD7032,design
SD7032A SANDED BALSA FINISH,SD7032A,SD7032,sd7032,FRASER,other,,,104600,9.36,1.214,0.0271,PDSD7032,12.126,,SD7032,design
SD7032A SANDED BALSA FINISH,SD7032A,SD7032,sd7032,FRASER,other,,,104600,10.37,1.243,0.0341,PDSD7032,12.126,,SD7032,design
SD7032A SANDED BALSA FINISH,SD7032A,SD7032,sd7032,FRASER,other,,,104600,11.38,1.267,0.0407,PDSD7032,12.126,,SD7032,design
SD7032A SANDED BALSA FINISH,SD7032A,SD7032,sd7032,FRASER,other,,,200100,-3.92,0.095,0.0168,PDSD7032,12.126,,SD7032,design
SD7032A SANDED BALSA FINISH,SD7032A,SD7032,sd7032,FRASER,other,,,200100,-2.88,0.213,0.0132,PDSD7032,12.126,,SD7032,design
SD7032A SANDED BALSA FINISH,SD7032A,SD7032,sd7032,FRASER,other,,,200100,-1.85,0.319,0.0105,PDSD7032,12.126,,SD7032,design
SD7032A SANDED BALSA FINISH,SD7032A,SD7032,sd7032,FRASER,other,,,200100,-0.84,0.404,0.0097,PDSD7032,12.126,,SD7032,design
SD7032A SANDED BALSA FINISH,SD7032A,SD7032,sd7032,FRASER,other,,,200100,0.19,0.499,0.0098,PDSD7032,12.126,,SD7032,design
SD7032A SANDED BALSA FINISH,SD7032A,SD7032,sd7032,FRASER,other,,,200100,1.2,0.594,0.0108,PDSD7032,12.126,,SD7032,design
SD7032A SANDED BALSA FINISH,SD7032A,SD7032,sd7032,FRASER,other,,,200100,2.24,0.689,0.012,PDSD7032,12.126,,SD7032,design
SD7032A SANDED BALSA FINISH,SD7032A,SD7032,sd7032,FRASER,other,,,200100,3.25,0.782,0.0132,PDSD7032,12.126,,SD7032,design
SD7032A SANDED BALSA FINISH,SD7032A,SD7032,sd7032,FRASER,other,,,200100,4.28,0.873,0.0145,PDSD7032,12.126,,SD7032,design
SD7032A SANDED BALSA FINISH,SD7032A,SD7032,sd7032,FRASER,other,,,200100,5.29,0.961,0.0157,PDSD7032,12.126,,SD7032,design
SD7032A SANDED BALSA FINISH,SD7032A,SD7032,sd7032,FRASER,other,,,200100,6.32,1.043,0.0175,PDSD7032,12.126,,SD7032,design
SD7032A SANDED BALSA FINISH,SD7032A,SD7032,sd7032,FRASER,other,,,200100,7.34,1.116,0.0196,PDSD7032,12.126,,SD7032,design
SD7032A SANDED BALSA FINISH,SD7032A,SD7032,sd7032,FRASER,other,,,200100,8.34,1.18,0.0219,PDSD7032,12.126,,SD7032,design
SD7032A SANDED BALSA FINISH,SD7032A,SD7032,sd7032,FRASER,other,,,200100,9.35,1.232,0.0257,PDSD7032,12.126,,SD7032,design
SD7032A SANDED BALSA FINISH,SD7032A,SD7032,sd7032,FRASER,other,,,200100,10.37,1.272,0.0316,PDSD7032,12.126,,SD7032,design
SD7032A SANDED BALSA FINISH,SD7032A,SD7032,sd7032,FRASER,other,,,200100,11.37,1.293,0.0386,PDSD7032,12.126,,SD7032,design
SD7032A SANDED BALSA FINISH,SD7032A,SD7032,sd7032,FRASER,other,,,200100,12.36,1.282,0.0635,PDSD7032,12.126,,SD7032,design
SD7032A SANDED BALSA FINISH,SD7032A,SD7032,sd7032,FRASER,other,,,200100,13.36,1.256,0.0588,PDSD7032,12.126,,SD7032,design
SD7032A SANDED BALSA FINISH,SD7032A,SD7032,sd7032,FRASER,other,,,200100,14.31,1.201,0.0966,PDSD7032,12.126,,SD7032,design
SD7032A SANDED BALSA FINISH,SD7032A,SD7032,sd7032,FRASER,other,,,301700,-3.91,0.039,0.0144,PDSD7032,12.126,,SD7032,design
SD7032A SANDED BALSA FINISH,SD7032A,SD7032,sd7032,FRASER,other,,,301700,-2.89,0.14,0.0125,PDSD7032,12.126,,SD7032,design
SD7032A SANDED BALSA FINISH,SD7032A,SD7032,sd7032,FRASER,other,,,301700,-1.87,0.242,0.011,PDSD7032,12.126,,SD7032,design
SD7032A SANDED BALSA FINISH,SD7032A,SD7032,sd7032,FRASER,other,,,301700,-0.84,0.34,0.01,PDSD7032,12.126,,SD7032,design
SD7032A SANDED BALSA FINISH,SD7032A,SD7032,sd7032,FRASER,other,,,301700,0.18,0.431,0.0098,PDSD7032,12.126,,SD7032,design
SD7032A SANDED BALSA FINISH,SD7032A,SD7032,sd7032,FRASER,other,,,301700,1.2,0.524,0.0102,PDSD7032,12.126,,SD7032,design
SD7032A SANDED BALSA FINISH,SD7032A,SD7032,sd7032,FRASER,other,,,301700,2.21,0.62,0.011,PDSD7032,12.126,,SD7032,design
SD7032A SANDED BALSA FINISH,SD7032A,SD7032,sd7032,FRASER,other,,,301700,3.23,0.712,0.0122,PDSD7032,12.126,,SD7032,design
SD7032A SANDED BALSA FINISH,SD7032A,SD7032,sd7032,FRASER,other,,,301700,4.25,0.804,0.013,PDSD7032,12.126,,SD7032,design
SD7032A SANDED BALSA FINISH,SD7032A,SD7032,sd7032,FRASER,other,,,301700,5.27,0.891,0.0143,PDSD7032,12.126,,SD7032,design
SD7032A SANDED BALSA FINISH,SD7032A,SD7032,sd7032,FRASER,other,,,301700,6.26,0.965,0.0154,PDSD7032,12.126,,SD7032,design
SD7032A SANDED BALSA FINISH,SD7032A,SD7032,sd7032,FRASER,other,,,301700,7.29,1.045,0.0178,PDSD7032,12.126,,SD7032,design
SD7032A SANDED BALSA FINISH,SD7032A,SD7032,sd7032,FRASER,other,,,301700,8.31,1.115,0.02,PDSD7032,12.126,,SD7032,design
SD7032B,SD7032B,SD7032,sd7032,FRASER,clean,,,61200,-3.92,-0.069,0.0248,PDSD7032B,12.127,,SD7032,design
SD7032B,SD7032B,SD7032,sd7032,FRASER,clean,,,61200,-2.9,0.012,0.0214,PDSD7032B,12.127,,SD7032,design
SD7032B,SD7032B,SD7032,sd7032,FRASER,clean,,,61200,-1.89,0.091,0.0161,PDSD7032B,12.127,,SD7032,design
SD7032B,SD7032B,SD7032,sd7032,FRASER,clean,,,61200,-0.87,0.206,0.0175,PDSD7032B,12.127,,SD7032,design
SD7032B,SD7032B,SD7032,sd7032,FRASER,clean,,,61200,0.17,0.357,0.0202,PDSD7032B,12.127,,SD7032,design
SD7032B,SD7032B,SD7032,sd7032,FRASER,clean,,,61200,1.2,0.501,0.0219,PDSD7032B,12.127,,SD7032,design
SD7032B,SD7032B,SD7032,sd7032,FRASER,clean,,,61200,2.23,0.603,0.022,PDSD7032B,12.127,,SD7032,design
SD7032B,SD7032B,SD7032,sd7032,FRASER,clean,,,61200,3.25,0.679,0.0205,PDSD7032B,12.127,,SD7032,design
SD7032B,SD7032B,SD7032,sd7032,FRASER,clean,,,61200,4.26,0.764,0.0197,PDSD7032B,12.127,,SD7032,design
SD7032B,SD7032B,SD7032,sd7032,FRASER,clean,,,61200,5.27,0.839,0.0274,PDSD7032B,12.127,,SD7032,design
SD7032B,SD7032B,SD7032,sd7032,FRASER,clean,,,61200,6.29,0.909,0.0256,PDSD7032B,12.127,,SD7032,design
SD7032B,SD7032B,SD7032,sd7032,FRASER,clean,,,61200,7.31,0.973,0.0295,PDSD7032B,12.127,,SD7032,design
SD7032B,SD7032B,SD7032,sd7032,FRASER,clean,,,61200,8.31,1.037,0.0333,PDSD7032B,12.127,,SD7032,design
SD7032B,SD7032B,SD7032,sd7032,FRASER,clean,,,61200,9.33,1.106,0.0328,PDSD7032B,12.127,,SD7032,design
SD7032B,SD7032B,SD7032,sd7032,FRASER,clean,,,61200,10.34,1.151,0.0398,PDSD7032B,12.127,,SD7032,design
SD7032B,SD7032B,SD7032,sd7032,FRASER,clean,,,61200,11.35,1.167,0.0477,PDSD7032B,12.127,,SD7032,design
SD7032B,SD7032B,SD7032,sd7032,FRASER,clean,,,101300,-3.92,-0.05,0.0217,PDSD7032B,12.127,,SD7032,design
SD7032B,SD7032B,SD7032,sd7032,FRASER,clean,,,101300,-2.89,0.076,0.0178,PDSD7032B,12.127,,SD7032,design
SD7032B,SD7032B,SD7032,sd7032,FRASER,clean,,,101300,-1.86,0.207,0.0145,PDSD7032B,12.127,,SD7032,design
SD7032B,SD7032B,SD7032,sd7032,FRASER,clean,,,101300,-0.84,0.341,0.0143,PDSD7032B,12.127,,SD7032,design
SD7032B,SD7032B,SD7032,sd7032,FRASER,clean,,,101300,0.19,0.457,0.0148,PDSD7032B,12.127,,SD7032,design
SD7032B,SD7032B,SD7032,sd7032,FRASER,clean,,,101300,1.21,0.553,0.0139,PDSD7032B,12.127,,SD7032,design
SD7032B,SD7032B,SD7032,sd7032,FRASER,clean,,,101300,2.23,0.642,0.0144,PDSD7032B,12.127,,SD7032,design
SD7032B,SD7032B,SD7032,sd7032,FRASER,clean,,,101300,3.25,0.729,0.0152,PDSD7032B,12.127,,SD7032,design
SD7032B,SD7032B,SD7032,sd7032,FRASER,clean,,,101300,4.26,0.816,0.0176,PDSD7032B,12.127,,SD7032,design
SD7032B,SD7032B,SD7032,sd7032,FRASER,clean,,,101300,5.28,0.903,0.0192,PDSD7032B,12.127,,SD7032,design
SD7032B,SD7032B,SD7032,sd7032,FRASER,clean,,,101300,6.3,0.981,0.0219,PDSD7032B,12.127,,SD7032,design
SD7032B,SD7032B,SD7032,sd7032,FRASER,clean,,,101300,7.32,1.053,0.0253,PDSD7032B,12.127,,SD7032,design
SD7032B,SD7032B,SD7032,sd7032,FRASER,clean,,,101300,8.34,1.131,0.0242,PDSD7032B,12.127,,SD7032,design
SD7032B,SD7032B,SD7032,sd7032,FRASER,clean,,,101300,9.35,1.192,0.0274,PDSD7032B,12.127,,SD7032,design
SD7032B,SD7032B,SD7032,sd7032,FRASER,clean,,,101300,10.37,1.254,0.031,PDSD7032B,12.127,,SD7032,design
SD7032B,SD7032B,SD7032,sd7032,FRASER,clean,,,101300,11.37,1.267,0.0416,PDSD7032B,12.127,,SD7032,design
SD7032B,SD7032B,SD7032,sd7032,FRASER,clean,,,203400,-3.91,0.067,0.0153,PDSD7032B,12.127,,SD7032,design
SD7032B,SD7032B,SD7032,sd7032,FRASER,clean,,,203400,-2.88,0.196,0.0123,PDSD7032B,12.127,,SD7032,design
SD7032B,SD7032B,SD7032,sd7032,FRASER,clean,,,203400,-1.85,0.301,0.01,PDSD7032B,12.127,,SD7032,design
SD7032B,SD7032B,SD7032,sd7032,FRASER,clean,,,203400,-0.83,0.383,0.0093,PDSD7032B,12.127,,SD7032,design
SD7032B,SD7032B,SD7032,sd7032,FRASER,clean,,,203400,0.19,0.483,0.0096,PDSD7032B,12.127,,SD7032,design
SD7032B,SD7032B,SD7032,sd7032,FRASER,clean,,,203400,1.21,0.582,0.0102,PDSD7032B,12.127,,SD7032,design
SD7032B,SD7032B,SD7032,sd7032,FRASER,clean,,,203400,2.24,0.675,0.0108,PDSD7032B,12.127,,SD7032,design
SD7032B,SD7032B,SD7032,sd7032,FRASER,clean,,,203400,3.24,0.768,0.012,PDSD7032B,12.127,,SD7032,design
SD7032B,SD7032B,SD7032,sd7032,FRASER,clean,,,203400,4.27,0.86,0.0139,PDSD7032B,12.127,,SD7032,design
SD7032B,SD7032B,SD7032,sd7032,FRASER,clean,,,203400,5.3,0.952,0.0146,PDSD7032B,12.127,,SD7032,design
SD7032B,SD7032B,SD7032,sd7032,FRASER,clean,,,203400,6.31,1.04,0.0156,PDSD7032B,12.127,,SD7032,design
SD7032B,SD7032B,SD7032,sd7032,FRASER,clean,,,203400,7.34,1.124,0.0172,PDSD7032B,12.127,,SD7032,design
SD7032B,SD7032B,SD7032,sd7032,FRASER,clean,,,203400,8.34,1.194,0.0187,PDSD7032B,12.127,,SD7032,design
SD7032B,SD7032B,SD7032,sd7032,FRASER,clean,,,203400,9.35,1.257,0.0213,PDSD7032B,12.127,,SD7032,design
SD7032B,SD7032B,SD7032,sd7032,FRASER,clean,,,203400,10.37,1.305,0.0263,PDSD7032B,12.127,,SD7032,design
SD7032B,SD7032B,SD7032,sd7032,FRASER,clean,,,203400,11.38,1.337,0.0312,PDSD7032B,12.127,,SD7032,design
SD7032B,SD7032B,SD7032,sd7032,FRASER,clean,,,305400,-3.88,0.1,0.0117,PDSD7032B,12.127,,SD7032,design
SD7032B,SD7032B,SD7032,sd7032,FRASER,clean,,,305400,-2.87,0.213,0.0101,PDSD7032B,12.127,,SD7032,design
SD7032B,SD7032B,SD7032,sd7032,FRASER,clean,,,305400,-1.85,0.318,0.0088,PDSD7032B,12.127,,SD7032,design
SD7032B,SD7032B,SD7032,sd7032,FRASER,clean,,,305400,-0.83,0.413,0.0081,PDSD7032B,12.127,,SD7032,design
SD7032B,SD7032B,SD7032,sd7032,FRASER,clean,,,305400,0.19,0.499,0.0082,PDSD7032B,12.127,,SD7032,design
SD7032B,SD7032B,SD7032,sd7032,FRASER,clean,,,305400,1.22,0.594,0.0093,PDSD7032B,12.127,,SD7032,design
SD7032B,SD7032B,SD7032,sd7032,FRASER,clean,,,305400,2.22,0.689,0.0104,PDSD7032B,12.127,,SD7032,design
SD7032B,SD7032B,SD7032,sd7032,FRASER,clean,,,305400,3.26,0.786,0.0115,PDSD7032B,12.127,,SD7032,design
SD7032B,SD7032B,SD7032,sd7032,FRASER,clean,,,305400,4.26,0.879,0.0124,PDSD7032B,12.127,,SD7032,design
SD7032B,SD7032B,SD7032,sd7032,FRASER,clean,,,305400,5.3,0.97,0.0136,PDSD7032B,12.127,,SD7032,design
SD7032B,SD7032B,SD7032,sd7032,FRASER,clean,,,305400,6.3,1.052,0.0142,PDSD7032B,12.127,,SD7032,design
SD7032B,SD7032B,SD7032,sd7032,FRASER,clean,,,305400,7.31,1.125,0.0157,PDSD7032B,12.127,,SD7032,design
SD7032B,SD7032B,SD7032,sd7032,FRASER,clean,,,305400,8.34,1.199,0.0183,PDSD7032B,12.127,,SD7032,design
SD7032B,SD7032B,SD7032,sd7032,FRASER,clean,,,305400,9.34,1.257,0.0212,PDSD7032B,12.127,,SD7032,design
SD7032B,SD7032B,SD7032,sd7032,FRASER,clean,,,305400,10.36,1.309,0.0254,PDSD7032B,12.127,,SD7032,design
SD7032B,SD7032B,SD7032,sd7032,FRASER,clean,,,305400,11.37,1.344,0.0306,PDSD7032B,12.127,,SD7032,design
SD7032C F0,SD7032C F0,SD7032,sd7032,FRASER,clean,,,62200,-3.92,-0.058,0.0216,PDSD7032F,12.130,SD7032C,SD7032,measured
SD7032C F0,SD7032C F0,SD7032,sd7032,FRASER,clean,,,62200,-2.92,0.023,0.0172,PDSD7032F,12.130,SD7032C,SD7032,measured
SD7032C F0,SD7032C F0,SD7032,sd7032,FRASER,clean,,,62200,-1.88,0.126,0.0194,PDSD7032F,12.130,SD7032C,SD7032,measured
SD7032C F0,SD7032C F0,SD7032,sd7032,FRASER,clean,,,62200,-0.85,0.269,0.0218,PDSD7032F,12.130,SD7032C,SD7032,measured
SD7032C F0,SD7032C F0,SD7032,sd7032,FRASER,clean,,,62200,0.18,0.405,0.0226,PDSD7032F,12.130,SD7032C,SD7032,measured
SD7032C F0,SD7032C F0,SD7032,sd7032,FRASER,clean,,,62200,1.2,0.542,0.0206,PDSD7032F,12.130,SD7032C,SD7032,measured
SD7032C F0,SD7032C F0,SD7032,sd7032,FRASER,clean,,,62200,2.22,0.621,0.0238,PDSD7032F,12.130,SD7032C,SD7032,measured
SD7032C F0,SD7032C F0,SD7032,sd7032,FRASER,clean,,,62200,3.25,0.722,0.0243,PDSD7032F,12.130,SD7032C,SD7032,measured
SD7032C F0,SD7032C F0,SD7032,sd7032,FRASER,clean,,,62200,4.25,0.764,0.0248,PDSD7032F,12.130,SD7032C,SD7032,measured
SD7032C F0,SD7032C F0,SD7032,sd7032,FRASER,clean,,,62200,5.27,0.831,0.0246,PDSD7032F,12.130,SD7032C,SD7032,measured
SD7032C F0,SD7032C F0,SD7032,sd7032,FRASER,clean,,,62200,6.28,0.896,0.0301,PDSD7032F,12.130,SD7032C,SD7032,measured
SD7032C F0,SD7032C F0,SD7032,sd7032,FRASER,clean,,,62200,7.3,0.982,0.0302,PDSD7032F,12.130,SD7032C,SD7032,measured
SD7032C F0,SD7032C F0,SD7032,sd7032,FRASER,clean,,,62200,8.32,1.072,0.0368,PDSD7032F,12.130,SD7032C,SD7032,measured
SD7032C F0,SD7032C F0,SD7032,sd7032,FRASER,clean,,,62200,9.33,1.146,0.0335,PDSD7032F,12.130,SD7032C,SD7032,measured
SD7032C F0,SD7032C F0,SD7032,sd7032,FRASER,clean,,,102100,-2.89,0.111,0.0194,PDSD7032F,12.130,SD7032C,SD7032,measured
SD7032C F0,SD7032C F0,SD7032,sd7032,FRASER,clean,,,102100,-1.85,0.244,0.0161,PDSD7032F,12.130,SD7032C,SD7032,measured
SD7032C F0,SD7032C F0,SD7032,sd7032,FRASER,clean,,,102100,-0.84,0.362,0.0159,PDSD7032F,12.130,SD7032C,SD7032,measured
SD7032C F0,SD7032C F0,SD7032,sd7032,FRASER,clean,,,102100,0.19,0.479,0.0148,PDSD7032F,12.130,SD7032C,SD7032,measured
SD7032C F0,SD7032C F0,SD7032,sd7032,FRASER,clean,,,102100,1.22,0.57,0.0148,PDSD7032F,12.130,SD7032C,SD7032,measured
SD7032C F0,SD7032C F0,SD7032,sd7032,FRASER,clean,,,102100,2.24,0.663,0.0152,PDSD7032F,12.130,SD7032C,SD7032,measured
SD7032C F0,SD7032C F0,SD7032,sd7032,FRASER,clean,,,102100,3.26,0.753,0.0159,PDSD7032F,12.130,SD7032C,SD7032,measured
SD7032C F0,SD7032C F0,SD7032,sd7032,FRASER,clean,,,102100,4.27,0.844,0.0176,PDSD7032F,12.130,SD7032C,SD7032,measured
SD7032C F0,SD7032C F0,SD7032,sd7032,FRASER,clean,,,102100,5.3,0.927,0.0186,PDSD7032F,12.130,SD7032C,SD7032,measured
SD7032C F0,SD7032C F0,SD7032,sd7032,FRASER,clean,,,102100,6.31,1.011,0.0217,PDSD7032F,12.130,SD7032C,SD7032,measured
SD7032C F0,SD7032C F0,SD7032,sd7032,FRASER,clean,,,102100,7.33,1.091,0.0235,PDSD7032F,12.130,SD7032C,SD7032,measured
SD7032C F0,SD7032C F0,SD7032,sd7032,FRASER,clean,,,102100,8.34,1.177,0.0241,PDSD7032F,12.130,SD7032C,SD7032,measured
SD7032C F0,SD7032C F0,SD7032,sd7032,FRASER,clean,,,102100,9.36,1.25,0.028,PDSD7032F,12.130,SD7032C,SD7032,measured
SD7032C F0,SD7032C F0,SD7032,sd7032,FRASER,clean,,,102100,10.38,1.281,0.0334,PDSD7032F,12.130,SD7032C,SD7032,measured
SD7032C F0,SD7032C F0,SD7032,sd7032,FRASER,clean,,,102100,11.38,1.304,0.0382,PDSD7032F,12.130,SD7032C,SD7032,measured
SD7032C F0,SD7032C F0,SD7032,sd7032,FRASER,clean,,,151200,-3.91,0.075,0.0156,PDSD7032F,12.130,SD7032C,SD7032,measured
SD7032C F0,SD7032C F0,SD7032,sd7032,FRASER,clean,,,151200,-2.88,0.196,0.0137,PDSD7032F,12.130,SD7032C,SD7032,measured
SD7032C F0,SD7032C F0,SD7032,sd7032,FRASER,clean,,,151200,-1.86,0.29,0.0117,PDSD7032F,12.130,SD7032C,SD7032,measured
SD7032C F0,SD7032C F0,SD7032,sd7032,FRASER,clean,,,151200,-0.85,0.383,0.0112,PDSD7032F,12.130,SD7032C,SD7032,measured
SD7032C F0,SD7032C F0,SD7032,sd7032,FRASER,clean,,,151200,0.18,0.485,0.0118,PDSD7032F,12.130,SD7032C,SD7032,measured
SD7032C F0,SD7032C F0,SD7032,sd7032,FRASER,clean,,,151200,1.2,0.588,0.0121,PDSD7032F,12.130,SD7032C,SD7032,measured
SD7032C F0,SD7032C F0,SD7032,sd7032,FRASER,clean,,,151200,2.23,0.684,0.0132,PDSD7032F,12.130,SD7032C,SD7032,measured
SD7032C F0,SD7032C F0,SD7032,sd7032,FRASER,clean,,,151200,3.24,0.78,0.0141,PDSD7032F,12.130,SD7032C,SD7032,measured
SD7032C F0,SD7032C F0,SD7032,sd7032,FRASER,clean,,,151200,4.27,0.871,0.0166,PDSD7032F,12.130,SD7032C,SD7032,measured
SD7032C F0,SD7032C F0,SD7032,sd7032,FRASER,clean,,,151200,5.3,0.963,0.0188,PDSD7032F,12.130,SD7032C,SD7032,measured
SD7032C F0,SD7032C F0,SD7032,sd7032,FRASER,clean,,,151200,6.31,1.051,0.0196,PDSD7032F,12.130,SD7032C,SD7032,measured
SD7032C F0,SD7032C F0,SD7032,sd7032,FRASER,clean,,,151200,7.32,1.139,0.0201,PDSD7032F,12.130,SD7032C,SD7032,measured
SD7032C F0,SD7032C F0,SD7032,sd7032,FRASER,clean,,,151200,8.35,1.218,0.0236,PDSD7032F,12.130,SD7032C,SD7032,measured
SD7032C F0,SD7032C F0,SD7032,sd7032,FRASER,clean,,,151200,9.36,1.274,0.0275,PDSD7032F,12.130,SD7032C,SD7032,measured
SD7032C F0,SD7032C F0,SD7032,sd7032,FRASER,clean,,,151200,10.37,1.312,0.0319,PDSD7032F,12.130,SD7032C,SD7032,measured
SD7032C F0,SD7032C F0,SD7032,sd7032,FRASER,clean,,,151200,11.37,1.305,0.0528,PDSD7032F,12.130,SD7032C,SD7032,measured
SD7032C F0,SD7032C F0,SD7032,sd7032,FRASER,clean,,,200300,-2.89,0.196,0.0129,PDSD7032F,12.130,SD7032C,SD7032,measured
SD7032C F0,SD7032C F0,SD7032,sd7032,FRASER,clean,,,200300,-1.85,0.3,0.0107,PDSD7032F,12.130,SD7032C,SD7032,measured
SD7032C F0,SD7032C F0,SD7032,sd7032,FRASER,clean,,,200300,-0.83,0.387,0.009,PDSD7032F,12.130,SD7032C,SD7032,measured
SD7032C F0,SD7032C F0,SD7032,sd7032,FRASER,clean,,,200300,0.2,0.493,0.0088,PDSD7032F,12.130,SD7032C,SD7032,measured
SD7032C F0,SD7032C F0,SD7032,sd7032,FRASER,clean,,,200300,1.23,0.592,0.0099,PDSD7032F,12.130,SD7032C,SD7032,measured
SD7032C F0,SD7032C F0,SD7032,sd7032,FRASER,clean,,,200300,2.24,0.686,0.0112,PDSD7032F,12.130,SD7032C,SD7032,measured
SD7032C F0,SD7032C F0,SD7032,sd7032,FRASER,clean,,,200300,3.26,0.777,0.0123,PDSD7032F,12.130,SD7032C,SD7032,measured
SD7032C F0,SD7032C F0,SD7032,sd7032,FRASER,clean,,,200300,4.28,0.869,0.0141,PDSD7032F,12.130,SD7032C,SD7032,measured
SD7032C F0,SD7032C F0,SD7032,sd7032,FRASER,clean,,,200300,5.3,0.959,0.0155,PDSD7032F,12.130,SD7032C,SD7032,measured
SD7032C F0,SD7032C F0,SD7032,sd7032,FRASER,clean,,,200300,6.32,1.048,0.0167,PDSD7032F,12.130,SD7032C,SD7032,measured
SD7032C F0,SD7032C F0,SD7032,sd7032,FRASER,clean,,,200300,7.33,1.127,0.0178,PDSD7032F,12.130,SD7032C,SD7032,measured
SD7032C F0,SD7032C F0,SD7032,sd7032,FRASER,clean,,,200300,8.35,1.197,0.0195,PDSD7032F,12.130,SD7032C,SD7032,measured
SD7032C F0,SD7032C F0,SD7032,sd7032,FRASER,clean,,,200300,9.36,1.258,0.0226,PDSD7032F,12.130,SD7032C,SD7032,measured
SD7032C F0,SD7032C F0,SD7032,sd7032,FRASER,clean,,,200300,10.38,1.303,0.027,PDSD7032F,12.130,SD7032C,SD7032,measured
SD7032C F0,SD7032C F0,SD7032,sd7032,FRASER,clean,,,200300,11.37,1.328,0.0331,PDSD7032F,12.130,SD7032C,SD7032,measured
SD7032C F0,SD7032C F0,SD7032,sd7032,FRASER,clean,,,302000,-2.87,0.185,0.0108,PDSD7032F,12.130,SD7032C,SD7032,measured
SD7032C F0,SD7032C F0,SD7032,sd7032,FRASER,clean,,,302000,-1.84,0.294,0.0092,PDSD7032F,12.130,SD7032C,SD7032,measured
SD7032C F0,SD7032C F0,SD7032,sd7032,FRASER,clean,,,302000,-0.85,0.387,0.0081,PDSD7032F,12.130,SD7032C,SD7032,measured
SD7032C F0,SD7032C F0,SD7032,sd7032,FRASER,clean,,,302000,0.2,0.482,0.0083,PDSD7032F,12.130,SD7032C,SD7032,measured
SD7032C F0,SD7032C F0,SD7032,sd7032,FRASER,clean,,,302000,1.2,0.575,0.0091,PDSD7032F,12.130,SD7032C,SD7032,measured
SD7032C F0,SD7032C F0,SD7032,sd7032,FRASER,clean,,,302000,2.22,0.668,0.0102,PDSD7032F,12.130,SD7032C,SD7032,measured
SD7032C F0,SD7032C F0,SD7032,sd7032,FRASER,clean,,,302000,3.25,0.764,0.0114,PDSD7032F,12.130,SD7032C,SD7032,measured
SD7032C F0,SD7032C F0,SD7032,sd7032,FRASER,clean,,,302000,4.26,0.857,0.0121,PDSD7032F,12.130,SD7032C,SD7032,measured
SD7032C F0,SD7032C F0,SD7032,sd7032,FRASER,clean,,,302000,5.28,0.947,0.0131,PDSD7032F,12.130,SD7032C,SD7032,measured
SD7032C F0,SD7032C F0,SD7032,sd7032,FRASER,clean,,,302000,6.3,1.025,0.014,PDSD7032F,12.130,SD7032C,SD7032,measured
SD7032C F0,SD7032C F0,SD7032,sd7032,FRASER,clean,,,302000,7.33,1.108,0.0155,PDSD7032F,12.130,SD7032C,SD7032,measured
SD7032C F0,SD7032C F0,SD7032,sd7032,FRASER,clean,,,302000,8.33,1.179,0.0174,PDSD7032F,12.130,SD7032C,SD7032,measured
SD7032C F0,SD7032C F0,SD7032,sd7032,FRASER,clean,,,302000,9.34,1.239,0.0203,PDSD7032F,12.130,SD7032C,SD7032,measured
SD7032C F0,SD7032C F0,SD7032,sd7032,FRASER,clean,,,302000,10.36,1.292,0.0237,PDSD7032F,12.130,SD7032C,SD7032,measured
SD7032C F0,SD7032C F0,SD7032,sd7032,FRASER,clean,,,302000,11.38,1.325,0.0292,PDSD7032F,12.130,SD7032C,SD7032,measured
SD7032C F0,SD7032C F0,SD7032,sd7032,FRASER,clean,,,302000,12.37,1.33,0.0333,PDSD7032F,12.130,SD7032C,SD7032,measured
SD7032C F0,SD7032C F0,SD7032,sd7032,FRASER,clean,,,302000,13.35,1.291,0.0524,PDSD7032F,12.130,SD7032C,SD7032,measured
SD7032C NF3,SD7032C,SD7032,sd7032,FRASER,flap,,,62600,-2.94,-0.122,0.0216,PDSD7032NF3,12.131,SD7032C,SD7032,measured
SD7032C NF3,SD7032C,SD7032,sd7032,FRASER,flap,,,62600,-1.92,-0.033,0.0185,PDSD7032NF3,12.131,SD7032C,SD7032,measured
SD7032C NF3,SD7032C,SD7032,sd7032,FRASER,flap,,,62600,-0.91,0.089,0.0167,PDSD7032NF3,12.131,SD7032C,SD7032,measured
SD7032C NF3,SD7032C,SD7032,sd7032,FRASER,flap,,,62600,0.13,0.243,0.0173,PDSD7032NF3,12.131,SD7032C,SD7032,measured
SD7032C NF3,SD7032C,SD7032,sd7032,FRASER,flap,,,62600,1.17,0.362,0.0204,PDSD7032NF3,12.131,SD7032C,SD7032,measured
SD7032C NF3,SD7032C,SD7032,sd7032,FRASER,flap,,,62600,2.2,0.442,0.0216,PDSD7032NF3,12.131,SD7032C,SD7032,measured
SD7032C NF3,SD7032C,SD7032,sd7032,FRASER,flap,,,62600,3.21,0.521,0.0212,PDSD7032NF3,12.131,SD7032C,SD7032,measured
SD7032C NF3,SD7032C,SD7032,sd7032,FRASER,flap,,,62600,4.22,0.605,0.025,PDSD7032NF3,12.131,SD7032C,SD7032,measured
SD7032C NF3,SD7032C,SD7032,sd7032,FRASER,flap,,,62600,5.24,0.691,0.0266,PDSD7032NF3,12.131,SD7032C,SD7032,measured
SD7032C NF3,SD7032C,SD7032,sd7032,FRASER,flap,,,62600,6.25,0.774,0.0259,PDSD7032NF3,12.131,SD7032C,SD7032,measured
SD7032C NF3,SD7032C,SD7032,sd7032,FRASER,flap,,,62600,7.28,0.851,0.028,PDSD7032NF3,12.131,SD7032C,SD7032,measured
SD7032C NF3,SD7032C,SD7032,sd7032,FRASER,flap,,,62600,8.3,0.924,0.0291,PDSD7032NF3,12.131,SD7032C,SD7032,measured
SD7032C NF3,SD7032C,SD7032,sd7032,FRASER,flap,,,62600,9.31,1.002,0.0325,PDSD7032NF3,12.131,SD7032C,SD7032,measured
SD7032C NF3,SD7032C,SD7032,sd7032,FRASER,flap,,,62600,10.33,1.067,0.0335,PDSD7032NF3,12.131,SD7032C,SD7032,measured
SD7032C NF3,SD7032C,SD7032,sd7032,FRASER,flap,,,62600,11.34,1.108,0.0403,PDSD7032NF3,12.131,SD7032C,SD7032,measured
SD7032C NF3,SD7032C,SD7032,sd7032,FRASER,flap,,,101500,-2.93,-0.056,0.0188,PDSD7032NF3,12.131,SD7032C,SD7032,measured
SD7032C NF3,SD7032C,SD7032,sd7032,FRASER,flap,,,101500,-1.91,0.067,0.0142,PDSD7032NF3,12.131,SD7032C,SD7032,measured
SD7032C NF3,SD7032C,SD7032,sd7032,FRASER,flap,,,101500,-0.88,0.175,0.0127,PDSD7032NF3,12.131,SD7032C,SD7032,measured
SD7032C NF3,SD7032C,SD7032,sd7032,FRASER,flap,,,101500,0.15,0.269,0.0141,PDSD7032NF3,12.131,SD7032C,SD7032,measured
SD7032C NF3,SD7032C,SD7032,sd7032,FRASER,flap,,,101500,1.17,0.347,0.014,PDSD7032NF3,12.131,SD7032C,SD7032,measured
SD7032C NF3,SD7032C,SD7032,sd7032,FRASER,flap,,,101500,2.19,0.433,0.0138,PDSD7032NF3,12.131,SD7032C,SD7032,measured
SD7032C NF3,SD7032C,SD7032,sd7032,FRASER,flap,,,101500,3.21,0.525,0.015,PDSD7032NF3,12.131,SD7032C,SD7032,measured
SD7032C NF3,SD7032C,SD7032,sd7032,FRASER,flap,,,101500,4.22,0.613,0.0163,PDSD7032NF3,12.131,SD7032C,SD7032,measured
SD7032C NF3,SD7032C,SD7032,sd7032,FRASER,flap,,,101500,5.24,0.707,0.0173,PDSD7032NF3,12.131,SD7032C,SD7032,measured
SD7032C NF3,SD7032C,SD7032,sd7032,FRASER,flap,,,101500,6.26,0.794,0.0193,PDSD7032NF3,12.131,SD7032C,SD7032,measured
SD7032C NF3,SD7032C,SD7032,sd7032,FRASER,flap,,,101500,7.29,0.877,0.0202,PDSD7032NF3,12.131,SD7032C,SD7032,measured
SD7032C NF3,SD7032C,SD7032,sd7032,FRASER,flap,,,101500,8.3,0.964,0.0225,PDSD7032NF3,12.131,SD7032C,SD7032,measured
SD7032C NF3,SD7032C,SD7032,sd7032,FRASER,flap,,,101500,9.31,1.049,0.0237,PDSD7032NF3,12.131,SD7032C,SD7032,measured
SD7032C NF3,SD7032C,SD7032,sd7032,FRASER,flap,,,101500,10.34,1.125,0.0263,PDSD7032NF3,12.131,SD7032C,SD7032,measured
SD7032C NF3,SD7032C,SD7032,sd7032,FRASER,flap,,,101500,11.35,1.167,0.032,PDSD7032NF3,12.131,SD7032C,SD7032,measured
SD7032C NF3,SD7032C,SD7032,sd7032,FRASER,flap,,,101500,12.34,1.195,0.0394,PDSD7032NF3,12.131,SD7032C,SD7032,measured
SD7032C NF3,SD7032C,SD7032,sd7032,FRASER,flap,,,101500,13.36,1.206,0.0443,PDSD7032NF3,12.131,SD7032C,SD7032,measured
SD7032C NF3,SD7032C,SD7032,sd7032,FRASER,flap,,,200800,-7.01,-0.441,0.0772,PDSD7032NF3,12.131,SD7032C,SD7032,measured
SD7032C NF3,SD7032C,SD7032,sd7032,FRASER,flap,,,200800,-6.02,-0.352,0.0531,PDSD7032NF3,12.131,SD7032C,SD7032,measured
SD7032C NF3,SD7032C,SD7032,sd7032,FRASER,flap,,,200800,-4.96,-0.231,0.0277,PDSD7032NF3,12.131,SD7032C,SD7032,measured
SD7032C NF3,SD7032C,SD7032,sd7032,FRASER,flap,,,200800,-3.96,-0.128,0.0182,PDSD7032NF3,12.131,SD7032C,SD7032,measured
SD7032C NF3,SD7032C,SD7032,sd7032,FRASER,flap,,,200800,-2.93,-0.042,0.0151,PDSD7032NF3,12.131,SD7032C,SD7032,measured
SD7032C NF3,SD7032C,SD7032,sd7032,FRASER,flap,,,200800,-1.91,0.052,0.0127,PDSD7032NF3,12.131,SD7032C,SD7032,measured
SD7032C NF3,SD7032C,SD7032,sd7032,FRASER,flap,,,200800,-0.89,0.137,0.0103,PDSD7032NF3,12.131,SD7032C,SD7032,measured
SD7032C NF3,SD7032C,SD7032,sd7032,FRASER,flap,,,200800,0.13,0.223,0.0091,PDSD7032NF3,12.131,SD7032C,SD7032,measured
SD7032C NF3,SD7032C,SD7032,sd7032,FRASER,flap,,,200800,1.17,0.333,0.0093,PDSD7032NF3,12.131,SD7032C,SD7032,measured
SD7032C NF3,SD7032C,SD7032,sd7032,FRASER,flap,,,200800,2.17,0.427,0.0106,PDSD7032NF3,12.131,SD7032C,SD7032,measured
SD7032C NF3,SD7032C,SD7032,sd7032,FRASER,flap,,,200800,3.2,0.523,0.0107,PDSD7032NF3,12.131,SD7032C,SD7032,measured
SD7032C NF3,SD7032C,SD7032,sd7032,FRASER,flap,,,200800,4.22,0.624,0.0123,PDSD7032NF3,12.131,SD7032C,SD7032,measured
SD7032C NF3,SD7032C,SD7032,sd7032,FRASER,flap,,,200800,5.25,0.72,0.0136,PDSD7032NF3,12.131,SD7032C,SD7032,measured
SD7032C NF3,SD7032C,SD7032,sd7032,FRASER,flap,,,200800,6.26,0.813,0.0147,PDSD7032NF3,12.131,SD7032C,SD7032,measured
SD7032C NF3,SD7032C,SD7032,sd7032,FRASER,flap,,,200800,7.28,0.904,0.0158,PDSD7032NF3,12.131,SD7032C,SD7032,measured
SD7032C NF3,SD7032C,SD7032,sd7032,FRASER,flap,,,200800,8.31,0.995,0.0167,PDSD7032NF3,12.131,SD7032C,SD7032,measured
SD7032C NF3,SD7032C,SD7032,sd7032,FRASER,flap,,,200800,9.33,1.077,0.0182,PDSD7032NF3,12.131,SD7032C,SD7032,measured
SD7032C NF3,SD7032C,SD7032,sd7032,FRASER,flap,,,200800,10.34,1.153,0.0209,PDSD7032NF3,12.131,SD7032C,SD7032,measured
SD7032C NF3,SD7032C,SD7032,sd7032,FRASER,flap,,,301600,-4.98,-0.226,0.0254,PDSD7032NF3,12.131,SD7032C,SD7032,measured
SD7032C NF3,SD7032C,SD7032,sd7032,FRASER,flap,,,301600,-3.97,-0.135,0.0173,PDSD7032NF3,12.131,SD7032C,SD7032,measured
SD7032C NF3,SD7032C,SD7032,sd7032,FRASER,flap,,,301600,-2.95,-0.048,0.0141,PDSD7032NF3,12.131,SD7032C,SD7032,measured
SD7032C NF3,SD7032C,SD7032,sd7032,FRASER,flap,,,301600,-1.91,0.049,0.012,PDSD7032NF3,12.131,SD7032C,SD7032,measured
SD7032C NF3,SD7032C,SD7032,sd7032,FRASER,flap,,,301600,-0.9,0.147,0.0102,PDSD7032NF3,12.131,SD7032C,SD7032,measured
SD7032C NF3,SD7032C,SD7032,sd7032,FRASER,flap,,,301600,0.12,0.23,0.0086,PDSD7032NF3,12.131,SD7032C,SD7032,measured
SD7032C NF3,SD7032C,SD7032,sd7032,FRASER,flap,,,301600,1.13,0.323,0.0086,PDSD7032NF3,12.131,SD7032C,SD7032,measured
SD7032C NF3,SD7032C,SD7032,sd7032,FRASER,flap,,,301600,2.18,0.426,0.0087,PDSD7032NF3,12.131,SD7032C,SD7032,measured
SD7032C NF3,SD7032C,SD7032,sd7032,FRASER,flap,,,301600,3.2,0.523,0.0095,PDSD7032NF3,12.131,SD7032C,SD7032,measured
SD7032C NF3,SD7032C,SD7032,sd7032,FRASER,flap,,,301600,4.22,0.619,0.0104,PDSD7032NF3,12.131,SD7032C,SD7032,measured
SD7032C NF3,SD7032C,SD7032,sd7032,FRASER,flap,,,301600,5.22,0.713,0.0114,PDSD7032NF3,12.131,SD7032C,SD7032,measured
SD7032C NF3,SD7032C,SD7032,sd7032,FRASER,flap,,,301600,6.25,0.808,0.0121,PDSD7032NF3,12.131,SD7032C,SD7032,measured
SD7032C NF3,SD7032C,SD7032,sd7032,FRASER,flap,,,301600,7.28,0.9,0.0132,PDSD7032NF3,12.131,SD7032C,SD7032,measured
SD7032C NF3,SD7032C,SD7032,sd7032,FRASER,flap,,,301600,8.29,0.984,0.0144,PDSD7032NF3,12.131,SD7032C,SD7032,measured
SD7032C NF3,SD7032C,SD7032,sd7032,FRASER,flap,,,301600,9.32,1.067,0.0165,PDSD7032NF3,12.131,SD7032C,SD7032,measured
SD7032C NF3,SD7032C,SD7032,sd7032,FRASER,flap,,,301600,10.34,1.14,0.0189,PDSD7032NF3,12.131,SD7032C,SD7032,measured
SD7032C NF3,SD7032C,SD7032,sd7032,FRASER,flap,,,301600,11.33,1.198,0.0225,PDSD7032NF3,12.131,SD7032C,SD7032,measured
SD7032C NF3,SD7032C,SD7032,sd7032,FRASER,flap,,,301600,12.35,1.237,0.0277,PDSD7032NF3,12.131,SD7032C,SD7032,measured
SD7032C NF6,SD7032C,SD7032,sd7032,FRASER,flap,,,59900,-2.94,-0.191,0.0255,PDSD7032NF6,12.132,SD7032C,SD7032,measured
SD7032C NF6,SD7032C,SD7032,sd7032,FRASER,flap,,,59900,-1.92,-0.072,0.0199,PDSD7032NF6,12.132,SD7032C,SD7032,measured
SD7032C NF6,SD7032C,SD7032,sd7032,FRASER,flap,,,59900,-0.9,0.061,0.0169,PDSD7032NF6,12.132,SD7032C,SD7032,measured
SD7032C NF6,SD7032C,SD7032,sd7032,FRASER,flap,,,59900,0.14,0.215,0.0177,PDSD7032NF6,12.132,SD7032C,SD7032,measured
SD7032C NF6,SD7032C,SD7032,sd7032,FRASER,flap,,,59900,1.16,0.334,0.02,PDSD7032NF6,12.132,SD7032C,SD7032,measured
SD7032C NF6,SD7032C,SD7032,sd7032,FRASER,flap,,,59900,2.18,0.413,0.0239,PDSD7032NF6,12.132,SD7032C,SD7032,measured
SD7032C NF6,SD7032C,SD7032,sd7032,FRASER,flap,,,59900,3.2,0.488,0.0279,PDSD7032NF6,12.132,SD7032C,SD7032,measured
SD7032C NF6,SD7032C,SD7032,sd7032,FRASER,flap,,,59900,4.22,0.568,0.0295,PDSD7032NF6,12.132,SD7032C,SD7032,measured
SD7032C NF6,SD7032C,SD7032,sd7032,FRASER,flap,,,59900,5.24,0.658,0.029,PDSD7032NF6,12.132,SD7032C,SD7032,measured
SD7032C NF6,SD7032C,SD7032,sd7032,FRASER,flap,,,59900,6.25,0.729,0.0319,PDSD7032NF6,12.132,SD7032C,SD7032,measured
SD7032C NF6,SD7032C,SD7032,sd7032,FRASER,flap,,,59900,7.27,0.808,0.0262,PDSD7032NF6,12.132,SD7032C,SD7032,measured
SD7032C NF6,SD7032C,SD7032,sd7032,FRASER,flap,,,59900,8.29,0.883,0.0322,PDSD7032NF6,12.132,SD7032C,SD7032,measured
SD7032C NF6,SD7032C,SD7032,sd7032,FRASER,flap,,,59900,9.3,0.955,0.0336,PDSD7032NF6,12.132,SD7032C,SD7032,measured
SD7032C NF6,SD7032C,SD7032,sd7032,FRASER,flap,,,59900,10.32,1.027,0.0388,PDSD7032NF6,12.132,SD7032C,SD7032,measured
SD7032C NF6,SD7032C,SD7032,sd7032,FRASER,flap,,,102000,-2.93,-0.114,0.0201,PDSD7032NF6,12.132,SD7032C,SD7032,measured
SD7032C NF6,SD7032C,SD7032,sd7032,FRASER,flap,,,102000,-1.91,0.004,0.0161,PDSD7032NF6,12.132,SD7032C,SD7032,measured
SD7032C NF6,SD7032C,SD7032,sd7032,FRASER,flap,,,102000,-0.9,0.09,0.0115,PDSD7032NF6,12.132,SD7032C,SD7032,measured
SD7032C NF6,SD7032C,SD7032,sd7032,FRASER,flap,,,102000,0.15,0.216,0.014,PDSD7032NF6,12.132,SD7032C,SD7032,measured
SD7032C NF6,SD7032C,SD7032,sd7032,FRASER,flap,,,102000,1.16,0.29,0.015,PDSD7032NF6,12.132,SD7032C,SD7032,measured
SD7032C NF6,SD7032C,SD7032,sd7032,FRASER,flap,,,102000,2.17,0.369,0.0149,PDSD7032NF6,12.132,SD7032C,SD7032,measured
SD7032C NF6,SD7032C,SD7032,sd7032,FRASER,flap,,,102000,3.18,0.451,0.0151,PDSD7032NF6,12.132,SD7032C,SD7032,measured
SD7032C NF6,SD7032C,SD7032,sd7032,FRASER,flap,,,102000,4.22,0.544,0.016,PDSD7032NF6,12.132,SD7032C,SD7032,measured
SD7032C NF6,SD7032C,SD7032,sd7032,FRASER,flap,,,102000,5.23,0.638,0.0171,PDSD7032NF6,12.132,SD7032C,SD7032,measured
SD7032C NF6,SD7032C,SD7032,sd7032,FRASER,flap,,,102000,6.26,0.73,0.0182,PDSD7032NF6,12.132,SD7032C,SD7032,measured
SD7032C NF6,SD7032C,SD7032,sd7032,FRASER,flap,,,102000,7.28,0.817,0.0206,PDSD7032NF6,12.132,SD7032C,SD7032,measured
SD7032C NF6,SD7032C,SD7032,sd7032,FRASER,flap,,,102000,8.29,0.906,0.0224,PDSD7032NF6,12.132,SD7032C,SD7032,measured
SD7032C NF6,SD7032C,SD7032,sd7032,FRASER,flap,,,102000,9.3,0.993,0.0237,PDSD7032NF6,12.132,SD7032C,SD7032,measured
SD7032C NF6,SD7032C,SD7032,sd7032,FRASER,flap,,,102000,10.34,1.083,0.0246,PDSD7032NF6,12.132,SD7032C,SD7032,measured
SD7032C NF6,SD7032C,SD7032,sd7032,FRASER,flap,,,102000,11.33,1.131,0.0322,PDSD7032NF6,12.132,SD7032C,SD7032,measured
SD7032C NF6,SD7032C,SD7032,sd7032,FRASER,flap,,,102000,12.35,1.162,0.0385,PDSD7032NF6,12.132,SD7032C,SD7032,measured
SD7032C NF6,SD7032C,SD7032,sd7032,FRASER,flap,,,102000,13.35,1.168,0.0536,PDSD7032NF6,12.132,SD7032C,SD7032,measured
SD7032C NF6,SD7032C,SD7032,sd7032,FRASER,flap,,,201500,-2.94,-0.11,0.0164,PDSD7032NF6,12.132,SD7032C,SD7032,measured
SD7032C NF6,SD7032C,SD7032,sd7032,FRASER,flap,,,201500,-1.91,-0.022,0.014,PDSD7032NF6,12.132,SD7032C,SD7032,measured
SD7032C NF6,SD7032C,SD7032,sd7032,FRASER,flap,,,201500,-0.9,0.068,0.0114,PDSD7032NF6,12.132,SD7032C,SD7032,measured
SD7032C NF6,SD7032C,SD7032,sd7032,FRASER,flap,,,201500,0.13,0.141,0.0102,PDSD7032NF6,12.132,SD7032C,SD7032,measured
SD7032C NF6,SD7032C,SD7032,sd7032,FRASER,flap,,,201500,1.14,0.243,0.0102,PDSD7032NF6,12.132,SD7032C,SD7032,measured
SD7032C NF6,SD7032C,SD7032,sd7032,FRASER,flap,,,201500,2.17,0.342,0.0096,PDSD7032NF6,12.132,SD7032C,SD7032,measured
SD7032C NF6,SD7032C,SD7032,sd7032,FRASER,flap,,,201500,3.18,0.436,0.0101,PDSD7032NF6,12.132,SD7032C,SD7032,measured
SD7032C NF6,SD7032C,SD7032,sd7032,FRASER,flap,,,201500,4.21,0.536,0.0113,PDSD7032NF6,12.132,SD7032C,SD7032,measured
SD7032C NF6,SD7032C,SD7032,sd7032,FRASER,flap,,,201500,5.23,0.632,0.0124,PDSD7032NF6,12.132,SD7032C,SD7032,measured
SD7032C NF6,SD7032C,SD7032,sd7032,FRASER,flap,,,201500,6.25,0.728,0.0136,PDSD7032NF6,12.132,SD7032C,SD7032,measured
SD7032C NF6,SD7032C,SD7032,sd7032,FRASER,flap,,,201500,7.27,0.823,0.0146,PDSD7032NF6,12.132,SD7032C,SD7032,measured
SD7032C NF6,SD7032C,SD7032,sd7032,FRASER,flap,,,201500,8.29,0.915,0.0158,PDSD7032NF6,12.132,SD7032C,SD7032,measured
SD7032C NF6,SD7032C,SD7032,sd7032,FRASER,flap,,,201500,9.31,0.999,0.0173,PDSD7032NF6,12.132,SD7032C,SD7032,measured
SD7032C NF6,SD7032C,SD7032,sd7032,FRASER,flap,,,201500,10.33,1.078,0.0193,PDSD7032NF6,12.132,SD7032C,SD7032,measured
SD7032C NF6,SD7032C,SD7032,sd7032,FRASER,flap,,,201500,11.34,1.14,0.0236,PDSD7032NF6,12.132,SD7032C,SD7032,measured
SD7032C NF6,SD7032C,SD7032,sd7032,FRASER,flap,,,201500,12.34,1.183,0.029,PDSD7032NF6,12.132,SD7032C,SD7032,measured
SD7032C NF6,SD7032C,SD7032,sd7032,FRASER,flap,,,300700,-2.94,-0.127,0.0156,PDSD7032NF6,12.132,SD7032C,SD7032,measured
SD7032C NF6,SD7032C,SD7032,sd7032,FRASER,flap,,,300700,-1.91,-0.034,0.013,PDSD7032NF6,12.132,SD7032C,SD7032,measured
SD7032C NF6,SD7032C,SD7032,sd7032,FRASER,flap,,,300700,-0.91,0.058,0.011,PDSD7032NF6,12.132,SD7032C,SD7032,measured
SD7032C NF6,SD7032C,SD7032,sd7032,FRASER,flap,,,300700,0.12,0.147,0.009,PDSD7032NF6,12.132,SD7032C,SD7032,measured
SD7032C NF6,SD7032C,SD7032,sd7032,FRASER,flap,,,300700,1.13,0.225,0.0095,PDSD7032NF6,12.132,SD7032C,SD7032,measured
SD7032C NF6,SD7032C,SD7032,sd7032,FRASER,flap,,,300700,2.17,0.326,0.0096,PDSD7032NF6,12.132,SD7032C,SD7032,measured
SD7032C NF6,SD7032C,SD7032,sd7032,FRASER,flap,,,300700,3.19,0.425,0.0105,PDSD7032NF6,12.132,SD7032C,SD7032,measured
SD7032C NF6,SD7032C,SD7032,sd7032,FRASER,flap,,,300700,4.2,0.524,0.0111,PDSD7032NF6,12.132,SD7032C,SD7032,measured
SD7032C NF6,SD7032C,SD7032,sd7032,FRASER,flap,,,300700,5.22,0.62,0.0117,PDSD7032NF6,12.132,SD7032C,SD7032,measured
SD7032C NF6,SD7032C,SD7032,sd7032,FRASER,flap,,,300700,6.24,0.714,0.0124,PDSD7032NF6,12.132,SD7032C,SD7032,measured
SD7032C NF6,SD7032C,SD7032,sd7032,FRASER,flap,,,300700,7.27,0.806,0.0131,PDSD7032NF6,12.132,SD7032C,SD7032,measured
SD7032C NF6,SD7032C,SD7032,sd7032,FRASER,flap,,,300700,8.28,0.894,0.0142,PDSD7032NF6,12.132,SD7032C,SD7032,measured
SD7032C NF6,SD7032C,SD7032,sd7032,FRASER,flap,,,300700,9.3,0.98,0.0155,PDSD7032NF6,12.132,SD7032C,SD7032,measured
SD7032C NF6,SD7032C,SD7032,sd7032,FRASER,flap,,,300700,10.31,1.06,0.0176,PDSD7032NF6,12.132,SD7032C,SD7032,measured
SD7032C PF3,SD7032C,SD7032,sd7032,FRASER,flap,,,60100,-2.89,0.12,0.0201,PDSD7032PF3,12.129,SD7032C,SD7032,measured
SD7032C PF3,SD7032C,SD7032,sd7032,FRASER,flap,,,60100,-1.87,0.213,0.0214,PDSD7032PF3,12.129,SD7032C,SD7032,measured
SD7032C PF3,SD7032C,SD7032,sd7032,FRASER,flap,,,60100,-0.86,0.33,0.0255,PDSD7032PF3,12.129,SD7032C,SD7032,measured
SD7032C PF3,SD7032C,SD7032,sd7032,FRASER,flap,,,60100,0.18,0.486,0.0285,PDSD7032PF3,12.129,SD7032C,SD7032,measured
SD7032C PF3,SD7032C,SD7032,sd7032,FRASER,flap,,,60100,1.22,0.645,0.0261,PDSD7032PF3,12.129,SD7032C,SD7032,measured
SD7032C PF3,SD7032C,SD7032,sd7032,FRASER,flap,,,60100,2.26,0.749,0.0269,PDSD7032PF3,12.129,SD7032C,SD7032,measured
SD7032C PF3,SD7032C,SD7032,sd7032,FRASER,flap,,,60100,3.26,0.832,0.0283,PDSD7032PF3,12.129,SD7032C,SD7032,measured
SD7032C PF3,SD7032C,SD7032,sd7032,FRASER,flap,,,60100,4.3,0.906,0.029,PDSD7032PF3,12.129,SD7032C,SD7032,measured
SD7032C PF3,SD7032C,SD7032,sd7032,FRASER,flap,,,60100,5.3,0.987,0.0333,PDSD7032PF3,12.129,SD7032C,SD7032,measured
SD7032C PF3,SD7032C,SD7032,sd7032,FRASER,flap,,,60100,6.32,1.053,0.0316,PDSD7032PF3,12.129,SD7032C,SD7032,measured
SD7032C PF3,SD7032C,SD7032,sd7032,FRASER,flap,,,60100,7.33,1.117,0.0345,PDSD7032PF3,12.129,SD7032C,SD7032,measured
SD7032C PF3,SD7032C,SD7032,sd7032,FRASER,flap,,,60100,8.35,1.177,0.0362,PDSD7032PF3,12.129,SD7032C,SD7032,measured
SD7032C PF3,SD7032C,SD7032,sd7032,FRASER,flap,,,60100,9.35,1.229,0.038,PDSD7032PF3,12.129,SD7032C,SD7032,measured
SD7032C PF3,SD7032C,SD7032,sd7032,FRASER,flap,,,60100,10.37,1.26,0.045,PDSD7032PF3,12.129,SD7032C,SD7032,measured
SD7032C PF3,SD7032C,SD7032,sd7032,FRASER,flap,,,60100,11.35,1.182,0.1061,PDSD7032PF3,12.129,SD7032C,SD7032,measured
SD7032C PF3,SD7032C,SD7032,sd7032,FRASER,flap,,,101400,-2.88,0.172,0.0189,PDSD7032PF3,12.129,SD7032C,SD7032,measured
SD7032C PF3,SD7032C,SD7032,sd7032,FRASER,flap,,,101400,-1.87,0.282,0.018,PDSD7032PF3,12.129,SD7032C,SD7032,measured
SD7032C PF3,SD7032C,SD7032,sd7032,FRASER,flap,,,101400,-0.84,0.419,0.0186,PDSD7032PF3,12.129,SD7032C,SD7032,measured
SD7032C PF3,SD7032C,SD7032,sd7032,FRASER,flap,,,101400,0.17,0.546,0.0167,PDSD7032PF3,12.129,SD7032C,SD7032,measured
SD7032C PF3,SD7032C,SD7032,sd7032,FRASER,flap,,,101400,1.23,0.646,0.0152,PDSD7032PF3,12.129,SD7032C,SD7032,measured
SD7032C PF3,SD7032C,SD7032,sd7032,FRASER,flap,,,101400,2.24,0.735,0.0164,PDSD7032PF3,12.129,SD7032C,SD7032,measured
SD7032C PF3,SD7032C,SD7032,sd7032,FRASER,flap,,,101400,3.26,0.825,0.0172,PDSD7032PF3,12.129,SD7032C,SD7032,measured
SD7032C PF3,SD7032C,SD7032,sd7032,FRASER,flap,,,101400,4.3,0.911,0.0189,PDSD7032PF3,12.129,SD7032C,SD7032,measured
SD7032C PF3,SD7032C,SD7032,sd7032,FRASER,flap,,,101400,5.29,0.989,0.0189,PDSD7032PF3,12.129,SD7032C,SD7032,measured
SD7032C PF3,SD7032C,SD7032,sd7032,FRASER,flap,,,101400,6.31,1.067,0.0234,PDSD7032PF3,12.129,SD7032C,SD7032,measured
SD7032C PF3,SD7032C,SD7032,sd7032,FRASER,flap,,,101400,7.33,1.149,0.0246,PDSD7032PF3,12.129,SD7032C,SD7032,measured
SD7032C PF3,SD7032C,SD7032,sd7032,FRASER,flap,,,101400,8.34,1.224,0.0258,PDSD7032PF3,12.129,SD7032C,SD7032,measured
SD7032C PF3,SD7032C,SD7032,sd7032,FRASER,flap,,,101400,9.36,1.291,0.0277,PDSD7032PF3,12.129,SD7032C,SD7032,measured
SD7032C PF3,SD7032C,SD7032,sd7032,FRASER,flap,,,101400,10.38,1.324,0.0366,PDSD7032PF3,12.129,SD7032C,SD7032,measured
SD7032C PF3,SD7032C,SD7032,sd7032,FRASER,flap,,,101400,11.38,1.335,0.0431,PDSD7032PF3,12.129,SD7032C,SD7032,measured
SD7032C PF3,SD7032C,SD7032,sd7032,FRASER,flap,,,101400,12.37,1.343,0.0413,PDSD7032PF3,12.129,SD7032C,SD7032,measured
SD7032C PF3,SD7032C,SD7032,sd7032,FRASER,flap,,,202700,-2.9,0.307,0.0125,PDSD7032PF3,12.129,SD7032C,SD7032,measured
SD7032C PF3,SD7032C,SD7032,sd7032,FRASER,flap,,,202700,-1.87,0.402,0.0109,PDSD7032PF3,12.129,SD7032C,SD7032,measured
SD7032C PF3,SD7032C,SD7032,sd7032,FRASER,flap,,,202700,-0.84,0.497,0.009,PDSD7032PF3,12.129,SD7032C,SD7032,measured
SD7032C PF3,SD7032C,SD7032,sd7032,FRASER,flap,,,202700,0.12,0.592,0.0094,PDSD7032PF3,12.129,SD7032C,SD7032,measured
SD7032C PF3,SD7032C,SD7032,sd7032,FRASER,flap,,,202700,1.17,0.688,0.0103,PDSD7032PF3,12.129,SD7032C,SD7032,measured
SD7032C PF3,SD7032C,SD7032,sd7032,FRASER,flap,,,202700,2.2,0.779,0.0118,PDSD7032PF3,12.129,SD7032C,SD7032,measured
SD7032C PF3,SD7032C,SD7032,sd7032,FRASER,flap,,,202700,3.21,0.868,0.0131,PDSD7032PF3,12.129,SD7032C,SD7032,measured
SD7032C PF3,SD7032C,SD7032,sd7032,FRASER,flap,,,202700,4.28,0.962,0.0148,PDSD7032PF3,12.129,SD7032C,SD7032,measured
SD7032C PF3,SD7032C,SD7032,sd7032,FRASER,flap,,,202700,5.3,1.048,0.0163,PDSD7032PF3,12.129,SD7032C,SD7032,measured
SD7032C PF3,SD7032C,SD7032,sd7032,FRASER,flap,,,202700,6.3,1.131,0.0177,PDSD7032PF3,12.129,SD7032C,SD7032,measured
SD7032C PF3,SD7032C,SD7032,sd7032,FRASER,flap,,,202700,7.31,1.201,0.0192,PDSD7032PF3,12.129,SD7032C,SD7032,measured
SD7032C PF3,SD7032C,SD7032,sd7032,FRASER,flap,,,202700,8.35,1.265,0.0213,PDSD7032PF3,12.129,SD7032C,SD7032,measured
SD7032C PF3,SD7032C,SD7032,sd7032,FRASER,flap,,,202700,9.35,1.317,0.025,PDSD7032PF3,12.129,SD7032C,SD7032,measured
SD7032C PF3,SD7032C,SD7032,sd7032,FRASER,flap,,,202700,10.38,1.353,0.0292,PDSD7032PF3,12.129,SD7032C,SD7032,measured
SD7032C PF3,SD7032C,SD7032,sd7032,FRASER,flap,,,202700,11.39,1.368,0.0345,PDSD7032PF3,12.129,SD7032C,SD7032,measured
SD7032C PF3,SD7032C,SD7032,sd7032,FRASER,flap,,,303200,-2.85,0.313,0.0106,PDSD7032PF3,12.129,SD7032C,SD7032,measured
SD7032C PF3,SD7032C,SD7032,sd7032,FRASER,flap,,,303200,-1.84,0.412,0.0092,PDSD7032PF3,12.129,SD7032C,SD7032,measured
SD7032C PF3,SD7032C,SD7032,sd7032,FRASER,flap,,,303200,-0.81,0.506,0.0086,PDSD7032PF3,12.129,SD7032C,SD7032,measured
SD7032C PF3,SD7032C,SD7032,sd7032,FRASER,flap,,,303200,0.22,0.596,0.0088,PDSD7032PF3,12.129,SD7032C,SD7032,measured
SD7032C PF3,SD7032C,SD7032,sd7032,FRASER,flap,,,303200,1.23,0.686,0.0097,PDSD7032PF3,12.129,SD7032C,SD7032,measured
SD7032C PF3,SD7032C,SD7032,sd7032,FRASER,flap,,,303200,2.26,0.779,0.011,PDSD7032PF3,12.129,SD7032C,SD7032,measured
SD7032C PF3,SD7032C,SD7032,sd7032,FRASER,flap,,,303200,3.27,0.871,0.0121,PDSD7032PF3,12.129,SD7032C,SD7032,measured
SD7032C PF3,SD7032C,SD7032,sd7032,FRASER,flap,,,303200,4.29,0.961,0.013,PDSD7032PF3,12.129,SD7032C,SD7032,measured
SD7032C PF3,SD7032C,SD7032,sd7032,FRASER,flap,,,303200,5.27,1.042,0.0143,PDSD7032PF3,12.129,SD7032C,SD7032,measured
SD7032C PF3,SD7032C,SD7032,sd7032,FRASER,flap,,,303200,6.3,1.12,0.015,PDSD7032PF3,12.129,SD7032C,SD7032,measured
SD7032C PF3,SD7032C,SD7032,sd7032,FRASER,flap,,,303200,7.28,1.188,0.0169,PDSD7032PF3,12.129,SD7032C,SD7032,measured
SD7032C PF3,SD7032C,SD7032,sd7032,FRASER,flap,,,303200,8.27,1.247,0.019,PDSD7032PF3,12.129,SD7032C,SD7032,measured
SD7032C PF3,SD7032C,SD7032,sd7032,FRASER,flap,,,303200,9.34,1.304,0.0221,PDSD7032PF3,12.129,SD7032C,SD7032,measured
SD7032C PF3,SD7032C,SD7032,sd7032,FRASER,flap,,,303200,10.33,1.344,0.026,PDSD7032PF3,12.129,SD7032C,SD7032,measured
SD7032C PF6,SD7032C,SD7032,sd7032,FRASER,flap,,,59400,-4.92,0.005,0.0299,PDSD7032PF6,12.128,SD7032C,SD7032,measured
SD7032C PF6,SD7032C,SD7032,sd7032,FRASER,flap,,,59400,-3.89,0.107,0.0247,PDSD7032PF6,12.128,SD7032C,SD7032,measured
SD7032C PF6,SD7032C,SD7032,sd7032,FRASER,flap,,,59400,-2.86,0.179,0.0215,PDSD7032PF6,12.128,SD7032C,SD7032,measured
SD7032C PF6,SD7032C,SD7032,sd7032,FRASER,flap,,,59400,-1.86,0.271,0.0239,PDSD7032PF6,12.128,SD7032C,SD7032,measured
SD7032C PF6,SD7032C,SD7032,sd7032,FRASER,flap,,,59400,-0.82,0.395,0.0313,PDSD7032PF6,12.128,SD7032C,SD7032,measured
SD7032C PF6,SD7032C,SD7032,sd7032,FRASER,flap,,,59400,0.2,0.499,0.0314,PDSD7032PF6,12.128,SD7032C,SD7032,measured
SD7032C PF6,SD7032C,SD7032,sd7032,FRASER,flap,,,59400,1.25,0.688,0.0309,PDSD7032PF6,12.128,SD7032C,SD7032,measured
SD7032C PF6,SD7032C,SD7032,sd7032,FRASER,flap,,,59400,2.27,0.83,0.026,PDSD7032PF6,12.128,SD7032C,SD7032,measured
SD7032C PF6,SD7032C,SD7032,sd7032,FRASER,flap,,,59400,3.29,0.909,0.0248,PDSD7032PF6,12.128,SD7032C,SD7032,measured
SD7032C PF6,SD7032C,SD7032,sd7032,FRASER,flap,,,59400,4.3,0.977,0.0271,PDSD7032PF6,12.128,SD7032C,SD7032,measured
SD7032C PF6,SD7032C,SD7032,sd7032,FRASER,flap,,,59400,5.31,1.046,0.0325,PDSD7032PF6,12.128,SD7032C,SD7032,measured
SD7032C PF6,SD7032C,SD7032,sd7032,FRASER,flap,,,59400,6.32,1.105,0.0334,PDSD7032PF6,12.128,SD7032C,SD7032,measured
SD7032C PF6,SD7032C,SD7032,sd7032,FRASER,flap,,,59400,7.35,1.163,0.034,PDSD7032PF6,12.128,SD7032C,SD7032,measured
SD7032C PF6,SD7032C,SD7032,sd7032,FRASER,flap,,,59400,8.35,1.201,0.0424,PDSD7032PF6,12.128,SD7032C,SD7032,measured
SD7032C PF6,SD7032C,SD7032,sd7032,FRASER,flap,,,59400,9.36,1.238,0.0403,PDSD7032PF6,12.128,SD7032C,SD7032,measured
SD7032C PF6,SD7032C,SD7032,sd7032,FRASER,flap,,,59400,10.36,1.24,0.0467,PDSD7032PF6,12.128,SD7032C,SD7032,measured
SD7032C PF6,SD7032C,SD7032,sd7032,FRASER,flap,,,100500,-4.91,0.127,0.0251,PDSD7032PF6,12.128,SD7032C,SD7032,measured
SD7032C PF6,SD7032C,SD7032,sd7032,FRASER,flap,,,100500,-3.88,0.221,0.0225,PDSD7032PF6,12.128,SD7032C,SD7032,measured
SD7032C PF6,SD7032C,SD7032,sd7032,FRASER,flap,,,100500,-2.86,0.3,0.0206,PDSD7032PF6,12.128,SD7032C,SD7032,measured
SD7032C PF6,SD7032C,SD7032,sd7032,FRASER,flap,,,100500,-1.84,0.397,0.0231,PDSD7032PF6,12.128,SD7032C,SD7032,measured
SD7032C PF6,SD7032C,SD7032,sd7032,FRASER,flap,,,100500,-0.79,0.553,0.0232,PDSD7032PF6,12.128,SD7032C,SD7032,measured
SD7032C PF6,SD7032C,SD7032,sd7032,FRASER,flap,,,100500,0.23,0.715,0.0211,PDSD7032PF6,12.128,SD7032C,SD7032,measured
SD7032C PF6,SD7032C,SD7032,sd7032,FRASER,flap,,,100500,1.26,0.835,0.0176,PDSD7032PF6,12.128,SD7032C,SD7032,measured
SD7032C PF6,SD7032C,SD7032,sd7032,FRASER,flap,,,100500,2.28,0.926,0.0171,PDSD7032PF6,12.128,SD7032C,SD7032,measured
SD7032C PF6,SD7032C,SD7032,sd7032,FRASER,flap,,,100500,3.31,1.006,0.0182,PDSD7032PF6,12.128,SD7032C,SD7032,measured
SD7032C PF6,SD7032C,SD7032,sd7032,FRASER,flap,,,100500,4.31,1.08,0.0198,PDSD7032PF6,12.128,SD7032C,SD7032,measured
SD7032C PF6,SD7032C,SD7032,sd7032,FRASER,flap,,,100500,5.33,1.16,0.0219,PDSD7032PF6,12.128,SD7032C,SD7032,measured
SD7032C PF6,SD7032C,SD7032,sd7032,FRASER,flap,,,100500,6.34,1.23,0.0252,PDSD7032PF6,12.128,SD7032C,SD7032,measured
SD7032C PF6,SD7032C,SD7032,sd7032,FRASER,flap,,,100500,7.38,1.312,0.0276,PDSD7032PF6,12.128,SD7032C,SD7032,measured
SD7032C PF6,SD7032C,SD7032,sd7032,FRASER,flap,,,100500,8.39,1.368,0.0288,PDSD7032PF6,12.128,SD7032C,SD7032,measured
SD7032C PF6,SD7032C,SD7032,sd7032,FRASER,flap,,,100500,9.38,1.383,0.0333,PDSD7032PF6,12.128,SD7032C,SD7032,measured
SD7032C PF6,SD7032C,SD7032,sd7032,FRASER,flap,,,100500,10.39,1.391,0.0412,PDSD7032PF6,12.128,SD7032C,SD7032,measured
SD7032C PF6,SD7032C,SD7032,sd7032,FRASER,flap,,,100500,11.39,1.385,0.0503,PDSD7032PF6,12.128,SD7032C,SD7032,measured
SD7032C PF6,SD7032C,SD7032,sd7032,FRASER,flap,,,200500,-4.9,0.263,0.0152,PDSD7032PF6,12.128,SD7032C,SD7032,measured
SD7032C PF6,SD7032C,SD7032,sd7032,FRASER,flap,,,200500,-3.88,0.369,0.014,PDSD7032PF6,12.128,SD7032C,SD7032,measured
SD7032C PF6,SD7032C,SD7032,sd7032,FRASER,flap,,,200500,-2.86,0.473,0.015,PDSD7032PF6,12.128,SD7032C,SD7032,measured
SD7032C PF6,SD7032C,SD7032,sd7032,FRASER,flap,,,200500,-1.82,0.579,0.0133,PDSD7032PF6,12.128,SD7032C,SD7032,measured
SD7032C PF6,SD7032C,SD7032,sd7032,FRASER,flap,,,200500,-0.83,0.67,0.0112,PDSD7032PF6,12.128,SD7032C,SD7032,measured
SD7032C PF6,SD7032C,SD7032,sd7032,FRASER,flap,,,200500,0.22,0.77,0.0107,PDSD7032PF6,12.128,SD7032C,SD7032,measured
SD7032C PF6,SD7032C,SD7032,sd7032,FRASER,flap,,,200500,1.21,0.85,0.0114,PDSD7032PF6,12.128,SD7032C,SD7032,measured
SD7032C PF6,SD7032C,SD7032,sd7032,FRASER,flap,,,200500,2.23,0.939,0.0132,PDSD7032PF6,12.128,SD7032C,SD7032,measured
SD7032C PF6,SD7032C,SD7032,sd7032,FRASER,flap,,,200500,3.26,1.027,0.0149,PDSD7032PF6,12.128,SD7032C,SD7032,measured
SD7032C PF6,SD7032C,SD7032,sd7032,FRASER,flap,,,200500,4.24,1.108,0.0166,PDSD7032PF6,12.128,SD7032C,SD7032,measured
SD7032C PF6,SD7032C,SD7032,sd7032,FRASER,flap,,,200500,5.31,1.192,0.0181,PDSD7032PF6,12.128,SD7032C,SD7032,measured
SD7032C PF6,SD7032C,SD7032,sd7032,FRASER,flap,,,200500,6.31,1.261,0.0191,PDSD7032PF6,12.128,SD7032C,SD7032,measured
SD7032C PF6,SD7032C,SD7032,sd7032,FRASER,flap,,,200500,7.34,1.317,0.0213,PDSD7032PF6,12.128,SD7032C,SD7032,measured
SD7032C PF6,SD7032C,SD7032,sd7032,FRASER,flap,,,200500,8.38,1.367,0.0244,PDSD7032PF6,12.128,SD7032C,SD7032,measured
SD7032C PF6,SD7032C,SD7032,sd7032,FRASER,flap,,,200500,9.39,1.399,0.0292,PDSD7032PF6,12.128,SD7032C,SD7032,measured
SD7032C PF6,SD7032C,SD7032,sd7032,FRASER,flap,,,200500,10.37,1.418,0.0339,PDSD7032PF6,12.128,SD7032C,SD7032,measured
SD7032C PF6,SD7032C,SD7032,sd7032,FRASER,flap,,,200500,11.38,1.416,0.0434,PDSD7032PF6,12.128,SD7032C,SD7032,measured
SD7032C PF6,SD7032C,SD7032,sd7032,FRASER,flap,,,200500,12.37,1.392,0.0521,PDSD7032PF6,12.128,SD7032C,SD7032,measured
SD7032C PF6,SD7032C,SD7032,sd7032,FRASER,flap,,,302500,-5.86,0.193,0.0148,PDSD7032PF6,12.128,SD7032C,SD7032,measured
SD7032C PF6,SD7032C,SD7032,sd7032,FRASER,flap,,,302500,-4.84,0.303,0.0128,PDSD7032PF6,12.128,SD7032C,SD7032,measured
SD7032C PF6,SD7032C,SD7032,sd7032,FRASER,flap,,,302500,-3.82,0.411,0.0112,PDSD7032PF6,12.128,SD7032C,SD7032,measured
SD7032C PF6,SD7032C,SD7032,sd7032,FRASER,flap,,,302500,-2.82,0.508,0.0104,PDSD7032PF6,12.128,SD7032C,SD7032,measured
SD7032C PF6,SD7032C,SD7032,sd7032,FRASER,flap,,,302500,-1.78,0.608,0.0101,PDSD7032PF6,12.128,SD7032C,SD7032,measured
SD7032C PF6,SD7032C,SD7032,sd7032,FRASER,flap,,,302500,-0.78,0.695,0.0097,PDSD7032PF6,12.128,SD7032C,SD7032,measured
SD7032C PF6,SD7032C,SD7032,sd7032,FRASER,flap,,,302500,0.23,0.775,0.0104,PDSD7032PF6,12.128,SD7032C,SD7032,measured
SD7032C PF6,SD7032C,SD7032,sd7032,FRASER,flap,,,302500,1.27,0.863,0.0116,PDSD7032PF6,12.128,SD7032C,SD7032,measured
SD7032C PF6,SD7032C,SD7032,sd7032,FRASER,flap,,,302500,2.29,0.955,0.0125,PDSD7032PF6,12.128,SD7032C,SD7032,measured
SD7032C PF6,SD7032C,SD7032,sd7032,FRASER,flap,,,302500,3.31,1.041,0.0139,PDSD7032PF6,12.128,SD7032C,SD7032,measured
SD7032C PF6,SD7032C,SD7032,sd7032,FRASER,flap,,,302500,4.31,1.123,0.015,PDSD7032PF6,12.128,SD7032C,SD7032,measured
SD7032C PF6,SD7032C,SD7032,sd7032,FRASER,flap,,,302500,5.35,1.197,0.0162,PDSD7032PF6,12.128,SD7032C,SD7032,measured
SD7032C PF6,SD7032C,SD7032,sd7032,FRASER,flap,,,302500,6.32,1.257,0.018,PDSD7032PF6,12.128,SD7032C,SD7032,measured
SD7032D,SD7032D,SD7032,sd7032,WATSON,clean,,,59200,-3.92,-0.052,0.0271,PDSD7032D,12.134,SD7032D,SD7032,measured
SD7032D,SD7032D,SD7032,sd7032,WATSON,clean,,,59200,-2.91,0.062,0.0208,PDSD7032D,12.134,SD7032D,SD7032,measured
SD7032D,SD7032D,SD7032,sd7032,WATSON,clean,,,59200,-1.89,0.153,0.0196,PDSD7032D,12.134,SD7032D,SD7032,measured
SD7032D,SD7032D,SD7032,sd7032,WATSON,clean,,,59200,-0.85,0.31,0.0205,PDSD7032D,12.134,SD7032D,SD7032,measured
SD7032D,SD7032D,SD7032,sd7032,WATSON,clean,,,59200,0.19,0.444,0.0207,PDSD7032D,12.134,SD7032D,SD7032,measured
SD7032D,SD7032D,SD7032,sd7032,WATSON,clean,,,59200,1.2,0.565,0.0263,PDSD7032D,12.134,SD7032D,SD7032,measured
SD7032D,SD7032D,SD7032,sd7032,WATSON,clean,,,59200,2.23,0.671,0.0239,PDSD7032D,12.134,SD7032D,SD7032,measured
SD7032D,SD7032D,SD7032,sd7032,WATSON,clean,,,59200,3.26,0.755,0.0225,PDSD7032D,12.134,SD7032D,SD7032,measured
SD7032D,SD7032D,SD7032,sd7032,WATSON,clean,,,59200,4.26,0.839,0.0287,PDSD7032D,12.134,SD7032D,SD7032,measured
SD7032D,SD7032D,SD7032,sd7032,WATSON,clean,,,59200,5.29,0.917,0.0269,PDSD7032D,12.134,SD7032D,SD7032,measured
SD7032D,SD7032D,SD7032,sd7032,WATSON,clean,,,59200,6.31,1.0,0.0291,PDSD7032D,12.134,SD7032D,SD7032,measured
SD7032D,SD7032D,SD7032,sd7032,WATSON,clean,,,59200,7.32,1.073,0.033,PDSD7032D,12.134,SD7032D,SD7032,measured
SD7032D,SD7032D,SD7032,sd7032,WATSON,clean,,,59200,8.33,1.141,0.0356,PDSD7032D,12.134,SD7032D,SD7032,measured
SD7032D,SD7032D,SD7032,sd7032,WATSON,clean,,,59200,9.33,1.192,0.0369,PDSD7032D,12.134,SD7032D,SD7032,measured
SD7032D,SD7032D,SD7032,sd7032,WATSON,clean,,,59200,10.36,1.229,0.0449,PDSD7032D,12.134,SD7032D,SD7032,measured
SD7032D,SD7032D,SD7032,sd7032,WATSON,clean,,,59200,11.34,1.14,0.0845,PDSD7032D,12.134,SD7032D,SD7032,measured
SD7032D,SD7032D,SD7032,sd7032,WATSON,clean,,,99800,-4.96,-0.123,0.028,PDSD7032D,12.134,SD7032D,SD7032,measured
SD7032D,SD7032D,SD7032,sd7032,WATSON,clean,,,99800,-3.91,0.013,0.0227,PDSD7032D,12.134,SD7032D,SD7032,measured
SD7032D,SD7032D,SD7032,sd7032,WATSON,clean,,,99800,-2.89,0.153,0.0182,PDSD7032D,12.134,SD7032D,SD7032,measured
SD7032D,SD7032D,SD7032,sd7032,WATSON,clean,,,99800,-1.89,0.266,0.016,PDSD7032D,12.134,SD7032D,SD7032,measured
SD7032D,SD7032D,SD7032,sd7032,WATSON,clean,,,99800,-0.85,0.383,0.0157,PDSD7032D,12.134,SD7032D,SD7032,measured
SD7032D,SD7032D,SD7032,sd7032,WATSON,clean,,,99800,0.2,0.486,0.0165,PDSD7032D,12.134,SD7032D,SD7032,measured
SD7032D,SD7032D,SD7032,sd7032,WATSON,clean,,,99800,1.21,0.581,0.0174,PDSD7032D,12.134,SD7032D,SD7032,measured
SD7032D,SD7032D,SD7032,sd7032,WATSON,clean,,,99800,2.23,0.68,0.0174,PDSD7032D,12.134,SD7032D,SD7032,measured
SD7032D,SD7032D,SD7032,sd7032,WATSON,clean,,,99800,3.25,0.777,0.0188,PDSD7032D,12.134,SD7032D,SD7032,measured
SD7032D,SD7032D,SD7032,sd7032,WATSON,clean,,,99800,4.26,0.869,0.0178,PDSD7032D,12.134,SD7032D,SD7032,measured
SD7032D,SD7032D,SD7032,sd7032,WATSON,clean,,,99800,5.28,0.961,0.0205,PDSD7032D,12.134,SD7032D,SD7032,measured
SD7032D,SD7032D,SD7032,sd7032,WATSON,clean,,,99800,6.3,1.046,0.022,PDSD7032D,12.134,SD7032D,SD7032,measured
SD7032D,SD7032D,SD7032,sd7032,WATSON,clean,,,99800,7.31,1.131,0.0224,PDSD7032D,12.134,SD7032D,SD7032,measured
SD7032D,SD7032D,SD7032,sd7032,WATSON,clean,,,99800,8.34,1.207,0.0261,PDSD7032D,12.134,SD7032D,SD7032,measured
SD7032D,SD7032D,SD7032,sd7032,WATSON,clean,,,99800,9.35,1.26,0.0306,PDSD7032D,12.134,SD7032D,SD7032,measured
SD7032D,SD7032D,SD7032,sd7032,WATSON,clean,,,99800,10.35,1.275,0.0387,PDSD7032D,12.134,SD7032D,SD7032,measured
SD7032D,SD7032D,SD7032,sd7032,WATSON,clean,,,99800,11.35,1.271,0.0469,PDSD7032D,12.134,SD7032D,SD7032,measured
SD7032D,SD7032D,SD7032,sd7032,WATSON,clean,,,147800,-5.97,-0.18,0.0323,PDSD7032D,12.134,SD7032D,SD7032,measured
SD7032D,SD7032D,SD7032,sd7032,WATSON,clean,,,147800,-4.93,-0.045,0.0211,PDSD7032D,12.134,SD7032D,SD7032,measured
SD7032D,SD7032D,SD7032,sd7032,WATSON,clean,,,147800,-3.9,0.082,0.0166,PDSD7032D,12.134,SD7032D,SD7032,measured
SD7032D,SD7032D,SD7032,sd7032,WATSON,clean,,,147800,-2.87,0.196,0.0133,PDSD7032D,12.134,SD7032D,SD7032,measured
SD7032D,SD7032D,SD7032,sd7032,WATSON,clean,,,147800,-1.87,0.285,0.0115,PDSD7032D,12.134,SD7032D,SD7032,measured
SD7032D,SD7032D,SD7032,sd7032,WATSON,clean,,,147800,-0.86,0.37,0.0114,PDSD7032D,12.134,SD7032D,SD7032,measured
SD7032D,SD7032D,SD7032,sd7032,WATSON,clean,,,147800,0.16,0.473,0.0118,PDSD7032D,12.134,SD7032D,SD7032,measured
SD7032D,SD7032D,SD7032,sd7032,WATSON,clean,,,147800,1.2,0.579,0.0128,PDSD7032D,12.134,SD7032D,SD7032,measured
SD7032D,SD7032D,SD7032,sd7032,WATSON,clean,,,147800,2.23,0.683,0.0134,PDSD7032D,12.134,SD7032D,SD7032,measured
SD7032D,SD7032D,SD7032,sd7032,WATSON,clean,,,147800,3.24,0.784,0.0138,PDSD7032D,12.134,SD7032D,SD7032,measured
SD7032D,SD7032D,SD7032,sd7032,WATSON,clean,,,147800,4.27,0.882,0.0152,PDSD7032D,12.134,SD7032D,SD7032,measured
SD7032D,SD7032D,SD7032,sd7032,WATSON,clean,,,147800,5.28,0.975,0.0165,PDSD7032D,12.134,SD7032D,SD7032,measured
SD7032D,SD7032D,SD7032,sd7032,WATSON,clean,,,147800,6.3,1.063,0.0178,PDSD7032D,12.134,SD7032D,SD7032,measured
SD7032D,SD7032D,SD7032,sd7032,WATSON,clean,,,147800,7.34,1.146,0.02,PDSD7032D,12.134,SD7032D,SD7032,measured
SD7032D,SD7032D,SD7032,sd7032,WATSON,clean,,,147800,8.34,1.221,0.0228,PDSD7032D,12.134,SD7032D,SD7032,measured
SD7032D,SD7032D,SD7032,sd7032,WATSON,clean,,,147800,9.34,1.275,0.0283,PDSD7032D,12.134,SD7032D,SD7032,measured
SD7032D,SD7032D,SD7032,sd7032,WATSON,clean,,,147800,10.35,1.298,0.0346,PDSD7032D,12.134,SD7032D,SD7032,measured
SD7032D,SD7032D,SD7032,sd7032,WATSON,clean,,,147800,11.37,1.297,0.0547,PDSD7032D,12.134,SD7032D,SD7032,measured
SD7032D,SD7032D,SD7032,sd7032,WATSON,clean,,,147800,12.34,1.268,0.0576,PDSD7032D,12.134,SD7032D,SD7032,measured
SD7032D,SD7032D,SD7032,sd7032,WATSON,clean,,,199100,-6.0,-0.145,0.0273,PDSD7032D,12.134,SD7032D,SD7032,measured
SD7032D,SD7032D,SD7032,sd7032,WATSON,clean,,,199100,-4.98,-0.025,0.0175,PDSD7032D,12.134,SD7032D,SD7032,measured
SD7032D,SD7032D,SD7032,sd7032,WATSON,clean,,,199100,-3.89,0.083,0.0145,PDSD7032D,12.134,SD7032D,SD7032,measured
SD7032D,SD7032D,SD7032,sd7032,WATSON,clean,,,199100,-2.89,0.18,0.0119,PDSD7032D,12.134,SD7032D,SD7032,measured
SD7032D,SD7032D,SD7032,sd7032,WATSON,clean,,,199100,-1.87,0.278,0.0106,PDSD7032D,12.134,SD7032D,SD7032,measured
SD7032D,SD7032D,SD7032,sd7032,WATSON,clean,,,199100,-0.88,0.364,0.0096,PDSD7032D,12.134,SD7032D,SD7032,measured
SD7032D,SD7032D,SD7032,sd7032,WATSON,clean,,,199100,0.18,0.474,0.0098,PDSD7032D,12.134,SD7032D,SD7032,measured
SD7032D,SD7032D,SD7032,sd7032,WATSON,clean,,,199100,1.2,0.581,0.0105,PDSD7032D,12.134,SD7032D,SD7032,measured
SD7032D,SD7032D,SD7032,sd7032,WATSON,clean,,,199100,2.23,0.691,0.0112,PDSD7032D,12.134,SD7032D,SD7032,measured
SD7032D,SD7032D,SD7032,sd7032,WATSON,clean,,,199100,3.24,0.793,0.0126,PDSD7032D,12.134,SD7032D,SD7032,measured
SD7032D,SD7032D,SD7032,sd7032,WATSON,clean,,,199100,4.27,0.891,0.0134,PDSD7032D,12.134,SD7032D,SD7032,measured
SD7032D,SD7032D,SD7032,sd7032,WATSON,clean,,,199100,5.28,0.984,0.0145,PDSD7032D,12.134,SD7032D,SD7032,measured
SD7032D,SD7032D,SD7032,sd7032,WATSON,clean,,,199100,6.3,1.073,0.0159,PDSD7032D,12.134,SD7032D,SD7032,measured
SD7032D,SD7032D,SD7032,sd7032,WATSON,clean,,,199100,7.33,1.156,0.018,PDSD7032D,12.134,SD7032D,SD7032,measured
SD7032D,SD7032D,SD7032,sd7032,WATSON,clean,,,199100,8.32,1.225,0.0201,PDSD7032D,12.134,SD7032D,SD7032,measured
SD7032D,SD7032D,SD7032,sd7032,WATSON,clean,,,199100,9.35,1.281,0.025,PDSD7032D,12.134,SD7032D,SD7032,measured
SD7032D,SD7032D,SD7032,sd7032,WATSON,clean,,,199100,10.35,1.307,0.0317,PDSD7032D,12.134,SD7032D,SD7032,measured
SD7032D,SD7032D,SD7032,sd7032,WATSON,clean,,,199100,11.37,1.307,0.048,PDSD7032D,12.134,SD7032D,SD7032,measured
SD7032D,SD7032D,SD7032,sd7032,WATSON,clean,,,302600,-5.94,-0.115,0.0214,PDSD7032D,12.134,SD7032D,SD7032,measured
SD7032D,SD7032D,SD7032,sd7032,WATSON,clean,,,302600,-4.95,-0.021,0.0146,PDSD7032D,12.134,SD7032D,SD7032,measured
SD7032D,SD7032D,SD7032,sd7032,WATSON,clean,,,302600,-3.92,0.073,0.0122,PDSD7032D,12.134,SD7032D,SD7032,measured
SD7032D,SD7032D,SD7032,sd7032,WATSON,clean,,,302600,-2.9,0.168,0.0104,PDSD7032D,12.134,SD7032D,SD7032,measured
SD7032D,SD7032D,SD7032,sd7032,WATSON,clean,,,302600,-1.9,0.272,0.0096,PDSD7032D,12.134,SD7032D,SD7032,measured
SD7032D,SD7032D,SD7032,sd7032,WATSON,clean,,,302600,-0.88,0.377,0.0086,PDSD7032D,12.134,SD7032D,SD7032,measured
SD7032D,SD7032D,SD7032,sd7032,WATSON,clean,,,302600,0.17,0.478,0.008,PDSD7032D,12.134,SD7032D,SD7032,measured
SD7032D,SD7032D,SD7032,sd7032,WATSON,clean,,,302600,1.17,0.586,0.0084,PDSD7032D,12.134,SD7032D,SD7032,measured
SD7032D,SD7032D,SD7032,sd7032,WATSON,clean,,,302600,2.2,0.692,0.0094,PDSD7032D,12.134,SD7032D,SD7032,measured
SD7032D,SD7032D,SD7032,sd7032,WATSON,clean,,,302600,3.21,0.794,0.0103,PDSD7032D,12.134,SD7032D,SD7032,measured
SD7032D,SD7032D,SD7032,sd7032,WATSON,clean,,,302600,4.24,0.891,0.0114,PDSD7032D,12.134,SD7032D,SD7032,measured
SD7032D,SD7032D,SD7032,sd7032,WATSON,clean,,,302600,5.29,0.988,0.0127,PDSD7032D,12.134,SD7032D,SD7032,measured
SD7032D,SD7032D,SD7032,sd7032,WATSON,clean,,,302600,6.28,1.074,0.0145,PDSD7032D,12.134,SD7032D,SD7032,measured
SD7032D,SD7032D,SD7032,sd7032,WATSON,clean,,,302600,7.3,1.155,0.0158,PDSD7032D,12.134,SD7032D,SD7032,measured
SD7032D,SD7032D,SD7032,sd7032,WATSON,clean,,,302600,8.35,1.224,0.0186,PDSD7032D,12.134,SD7032D,SD7032,measured
SD7032D,SD7032D,SD7032,sd7032,WATSON,clean,,,302600,9.33,1.276,0.0228,PDSD7032D,12.134,SD7032D,SD7032,measured
SD7032D,SD7032D,SD7032,sd7032,WATSON,clean,,,302600,10.35,1.313,0.0282,PDSD7032D,12.134,SD7032D,SD7032,measured
SD7032D,SD7032D,SD7032,sd7032,WATSON,clean,,,302600,11.36,1.321,0.0399,PDSD7032D,12.134,SD7032D,SD7032,measured
SD7032D,SD7032D,SD7032,sd7032,WATSON,clean,,,302600,12.35,1.303,0.0643,PDSD7032D,12.134,SD7032D,SD7032,measured
SD7032D,SD7032D,SD7032,sd7032,WATSON,clean,,,302600,13.33,1.275,0.0489,PDSD7032D,12.134,SD7032D,SD7032,measured
"SD7032D UST .020, .125, 45%",SD7032D,SD7032,sd7032,WATSON,tripped,0.45,,60500,-3.94,-0.046,0.0246,PDSD7032DUST2012545,12.135,SD7032D,SD7032,measured
"SD7032D UST .020, .125, 45%",SD7032D,SD7032,sd7032,WATSON,tripped,0.45,,60500,-2.37,0.144,0.0186,PDSD7032DUST2012545,12.135,SD7032D,SD7032,measured
"SD7032D UST .020, .125, 45%",SD7032D,SD7032,sd7032,WATSON,tripped,0.45,,60500,-0.84,0.297,0.0178,PDSD7032DUST2012545,12.135,SD7032D,SD7032,measured
"SD7032D UST .020, .125, 45%",SD7032D,SD7032,sd7032,WATSON,tripped,0.45,,60500,0.68,0.433,0.023,PDSD7032DUST2012545,12.135,SD7032D,SD7032,measured
"SD7032D UST .020, .125, 45%",SD7032D,SD7032,sd7032,WATSON,tripped,0.45,,60500,2.23,0.588,0.0234,PDSD7032DUST2012545,12.135,SD7032D,SD7032,measured
"SD7032D UST .020, .125, 45%",SD7032D,SD7032,sd7032,WATSON,tripped,0.45,,60500,3.73,0.712,0.0265,PDSD7032DUST2012545,12.135,SD7032D,SD7032,measured
"SD7032D UST .020, .125, 45%",SD7032D,SD7032,sd7032,WATSON,tripped,0.45,,60500,5.27,0.837,0.0301,PDSD7032DUST2012545,12.135,SD7032D,SD7032,measured
"SD7032D UST .020, .125, 45%",SD7032D,SD7032,sd7032,WATSON,tripped,0.45,,60500,6.79,0.951,0.0323,PDSD7032DUST2012545,12.135,SD7032D,SD7032,measured
"SD7032D UST .020, .125, 45%",SD7032D,SD7032,sd7032,WATSON,tripped,0.45,,60500,8.31,1.053,0.0382,PDSD7032DUST2012545,12.135,SD7032D,SD7032,measured
"SD7032D UST .020, .125, 45%",SD7032D,SD7032,sd7032,WATSON,tripped,0.45,,60500,9.83,1.125,0.0373,PDSD7032DUST2012545,12.135,SD7032D,SD7032,measured
"SD7032D UST .020, .125, 45%",SD7032D,SD7032,sd7032,WATSON,tripped,0.45,,100700,-3.89,0.072,0.019,PDSD7032DUST2012545,12.135,SD7032D,SD7032,measured
"SD7032D UST .020, .125, 45%",SD7032D,SD7032,sd7032,WATSON,tripped,0.45,,100700,-2.38,0.223,0.0134,PDSD7032DUST2012545,12.135,SD7032D,SD7032,measured
"SD7032D UST .020, .125, 45%",SD7032D,SD7032,sd7032,WATSON,tripped,0.45,,100700,-0.83,0.365,0.0138,PDSD7032DUST2012545,12.135,SD7032D,SD7032,measured
"SD7032D UST .020, .125, 45%",SD7032D,SD7032,sd7032,WATSON,tripped,0.45,,100700,0.71,0.528,0.0157,PDSD7032DUST2012545,12.135,SD7032D,SD7032,measured
"SD7032D UST .020, .125, 45%",SD7032D,SD7032,sd7032,WATSON,tripped,0.45,,100700,2.23,0.683,0.0169,PDSD7032DUST2012545,12.135,SD7032D,SD7032,measured
"SD7032D UST .020, .125, 45%",SD7032D,SD7032,sd7032,WATSON,tripped,0.45,,100700,3.77,0.829,0.0178,PDSD7032DUST2012545,12.135,SD7032D,SD7032,measured
"SD7032D UST .020, .125, 45%",SD7032D,SD7032,sd7032,WATSON,tripped,0.45,,100700,5.29,0.968,0.0194,PDSD7032DUST2012545,12.135,SD7032D,SD7032,measured
"SD7032D UST .020, .125, 45%",SD7032D,SD7032,sd7032,WATSON,tripped,0.45,,100700,6.81,1.093,0.0216,PDSD7032DUST2012545,12.135,SD7032D,SD7032,measured
"SD7032D UST .020, .125, 45%",SD7032D,SD7032,sd7032,WATSON,tripped,0.45,,100700,8.35,1.208,0.0264,PDSD7032DUST2012545,12.135,SD7032D,SD7032,measured
"SD7032D UST .020, .125, 45%",SD7032D,SD7032,sd7032,WATSON,tripped,0.45,,100700,9.86,1.271,0.032,PDSD7032DUST2012545,12.135,SD7032D,SD7032,measured
"SD7032D UST .020, .125, 45%",SD7032D,SD7032,sd7032,WATSON,tripped,0.45,,100700,11.37,1.284,0.0455,PDSD7032DUST2012545,12.135,SD7032D,SD7032,measured
"SD7032D UST .020, .125, 45%",SD7032D,SD7032,sd7032,WATSON,tripped,0.45,,100700,12.85,1.259,0.0609,PDSD7032DUST2012545,12.135,SD7032D,SD7032,measured
"SD7032D UST .020, .125, 45%",SD7032D,SD7032,sd7032,WATSON,tripped,0.45,,151500,-3.91,0.061,0.0148,PDSD7032DUST2012545,12.135,SD7032D,SD7032,measured
"SD7032D UST .020, .125, 45%",SD7032D,SD7032,sd7032,WATSON,tripped,0.45,,151500,-2.38,0.219,0.0117,PDSD7032DUST2012545,12.135,SD7032D,SD7032,measured
"SD7032D UST .020, .125, 45%",SD7032D,SD7032,sd7032,WATSON,tripped,0.45,,151500,-0.83,0.358,0.0099,PDSD7032DUST2012545,12.135,SD7032D,SD7032,measured
"SD7032D UST .020, .125, 45%",SD7032D,SD7032,sd7032,WATSON,tripped,0.45,,151500,0.7,0.521,0.0116,PDSD7032DUST2012545,12.135,SD7032D,SD7032,measured
"SD7032D UST .020, .125, 45%",SD7032D,SD7032,sd7032,WATSON,tripped,0.45,,151500,2.21,0.676,0.0127,PDSD7032DUST2012545,12.135,SD7032D,SD7032,measured
"SD7032D UST .020, .125, 45%",SD7032D,SD7032,sd7032,WATSON,tripped,0.45,,151500,3.74,0.828,0.0144,PDSD7032DUST2012545,12.135,SD7032D,SD7032,measured
"SD7032D UST .020, .125, 45%",SD7032D,SD7032,sd7032,WATSON,tripped,0.45,,151500,5.28,0.968,0.0161,PDSD7032DUST2012545,12.135,SD7032D,SD7032,measured
"SD7032D UST .020, .125, 45%",SD7032D,SD7032,sd7032,WATSON,tripped,0.45,,151500,6.8,1.095,0.0182,PDSD7032DUST2012545,12.135,SD7032D,SD7032,measured
"SD7032D UST .020, .125, 45%",SD7032D,SD7032,sd7032,WATSON,tripped,0.45,,151500,8.35,1.212,0.0222,PDSD7032DUST2012545,12.135,SD7032D,SD7032,measured
"SD7032D UST .020, .125, 45%",SD7032D,SD7032,sd7032,WATSON,tripped,0.45,,151500,9.84,1.278,0.0317,PDSD7032DUST2012545,12.135,SD7032D,SD7032,measured
"SD7032D UST .020, .125, 45%",SD7032D,SD7032,sd7032,WATSON,tripped,0.45,,151500,11.34,1.286,0.0471,PDSD7032DUST2012545,12.135,SD7032D,SD7032,measured
"SD7032D UST .020, .125, 45%",SD7032D,SD7032,sd7032,WATSON,tripped,0.45,,151500,12.85,1.259,0.0689,PDSD7032DUST2012545,12.135,SD7032D,SD7032,measured
"SD7032D UST .020, .125, 45%",SD7032D,SD7032,sd7032,WATSON,tripped,0.45,,201200,-3.96,0.049,0.014,PDSD7032DUST2012545,12.135,SD7032D,SD7032,measured
"SD7032D UST .020, .125, 45%",SD7032D,SD7032,sd7032,WATSON,tripped,0.45,,201200,-2.42,0.204,0.0116,PDSD7032DUST2012545,12.135,SD7032D,SD7032,measured
"SD7032D UST .020, .125, 45%",SD7032D,SD7032,sd7032,WATSON,tripped,0.45,,201200,-0.85,0.352,0.0086,PDSD7032DUST2012545,12.135,SD7032D,SD7032,measured
"SD7032D UST .020, .125, 45%",SD7032D,SD7032,sd7032,WATSON,tripped,0.45,,201200,0.65,0.513,0.0098,PDSD7032DUST2012545,12.135,SD7032D,SD7032,measured
"SD7032D UST .020, .125, 45%",SD7032D,SD7032,sd7032,WATSON,tripped,0.45,,201200,2.19,0.674,0.0109,PDSD7032DUST2012545,12.135,SD7032D,SD7032,measured
"SD7032D UST .020, .125, 45%",SD7032D,SD7032,sd7032,WATSON,tripped,0.45,,201200,3.77,0.833,0.0121,PDSD7032DUST2012545,12.135,SD7032D,SD7032,measured
"SD7032D UST .020, .125, 45%",SD7032D,SD7032,sd7032,WATSON,tripped,0.45,,201200,5.29,0.972,0.0142,PDSD7032DUST2012545,12.135,SD7032D,SD7032,measured
"SD7032D UST .020, .125, 45%",SD7032D,SD7032,sd7032,WATSON,tripped,0.45,,201200,6.81,1.098,0.0174,PDSD7032DUST2012545,12.135,SD7032D,SD7032,measured
"SD7032D UST .020, .125, 45%",SD7032D,SD7032,sd7032,WATSON,tripped,0.45,,201200,8.32,1.206,0.0198,PDSD7032DUST2012545,12.135,SD7032D,SD7032,measured
"SD7032D UST .020, .125, 45%",SD7032D,SD7032,sd7032,WATSON,tripped,0.45,,201200,9.86,1.279,0.0275,PDSD7032DUST2012545,12.135,SD7032D,SD7032,measured
"SD7032D UST .020, .125, 45%",SD7032D,SD7032,sd7032,WATSON,tripped,0.45,,201200,11.35,1.299,0.0387,PDSD7032DUST2012545,12.135,SD7032D,SD7032,measured
"SD7032D UST .020, .125, 45%",SD7032D,SD7032,sd7032,WATSON,tripped,0.45,,201200,12.85,1.279,0.0448,PDSD7032DUST2012545,12.135,SD7032D,SD7032,measured
"SD7032D UST .020, .125, 45%",SD7032D,SD7032,sd7032,WATSON,tripped,0.45,,302000,-3.93,0.059,0.0135,PDSD7032DUST2012545,12.135,SD7032D,SD7032,measured
"SD7032D UST .020, .125, 45%",SD7032D,SD7032,sd7032,WATSON,tripped,0.45,,302000,-2.37,0.219,0.011,PDSD7032DUST2012545,12.135,SD7032D,SD7032,measured
"SD7032D UST .020, .125, 45%",SD7032D,SD7032,sd7032,WATSON,tripped,0.45,,302000,-0.83,0.38,0.009,PDSD7032DUST2012545,12.135,SD7032D,SD7032,measured
"SD7032D UST .020, .125, 45%",SD7032D,SD7032,sd7032,WATSON,tripped,0.45,,302000,0.67,0.533,0.009,PDSD7032DUST2012545,12.135,SD7032D,SD7032,measured
"SD7032D UST .020, .125, 45%",SD7032D,SD7032,sd7032,WATSON,tripped,0.45,,302000,2.19,0.694,0.01,PDSD7032DUST2012545,12.135,SD7032D,SD7032,measured
"SD7032D UST .020, .125, 45%",SD7032D,SD7032,sd7032,WATSON,tripped,0.45,,302000,3.7,0.844,0.0113,PDSD7032DUST2012545,12.135,SD7032D,SD7032,measured
"SD7032D UST .020, .125, 45%",SD7032D,SD7032,sd7032,WATSON,tripped,0.45,,302000,5.24,0.981,0.0137,PDSD7032DUST2012545,12.135,SD7032D,SD7032,measured
"SD7032D UST .020, .125, 45%",SD7032D,SD7032,sd7032,WATSON,tripped,0.45,,302000,6.78,1.106,0.0161,PDSD7032DUST2012545,12.135,SD7032D,SD7032,measured
"SD7032D UST .020, .125, 45%",SD7032D,SD7032,sd7032,WATSON,tripped,0.45,,302000,8.33,1.214,0.0198,PDSD7032DUST2012545,12.135,SD7032D,SD7032,measured
"SD7032D UST .020, .125, 45%",SD7032D,SD7032,sd7032,WATSON,tripped,0.45,,302000,9.83,1.287,0.0259,PDSD7032DUST2012545,12.135,SD7032D,SD7032,measured
"SD7032D UST .020, .125, 45%",SD7032D,SD7032,sd7032,WATSON,tripped,0.45,,302000,11.36,1.308,0.0407,PDSD7032DUST2012545,12.135,SD7032D,SD7032,measured
"SD7032D UST .020, .125, 45%",SD7032D,SD7032,sd7032,WATSON,tripped,0.45,,302000,12.82,1.287,0.0491,PDSD7032DUST2012545,12.135,SD7032D,SD7032,measured
SD7037,SD7037,SD7037,sd7037,MICHAELIS,clean,,,62600,-3.95,-0.225,0.0261,PDSD7037,12.136,SD7037,SD7037,measured
SD7037,SD7037,SD7037,sd7037,MICHAELIS,clean,,,62600,-2.95,-0.138,0.0208,PDSD7037,12.136,SD7037,SD7037,measured
SD7037,SD7037,SD7037,sd7037,MICHAELIS,clean,,,62600,-1.92,-0.058,0.0153,PDSD7037,12.136,SD7037,SD7037,measured
SD7037,SD7037,SD7037,sd7037,MICHAELIS,clean,,,62600,-0.9,0.068,0.0166,PDSD7037,12.136,SD7037,SD7037,measured
SD7037,SD7037,SD7037,sd7037,MICHAELIS,clean,,,62600,0.13,0.223,0.0176,PDSD7037,12.136,SD7037,SD7037,measured
SD7037,SD7037,SD7037,sd7037,MICHAELIS,clean,,,62600,1.16,0.339,0.0196,PDSD7037,12.136,SD7037,SD7037,measured
SD7037,SD7037,SD7037,sd7037,MICHAELIS,clean,,,62600,2.19,0.485,0.017,PDSD7037,12.136,SD7037,SD7037,measured
SD7037,SD7037,SD7037,sd7037,MICHAELIS,clean,,,62600,3.22,0.597,0.0187,PDSD7037,12.136,SD7037,SD7037,measured
SD7037,SD7037,SD7037,sd7037,MICHAELIS,clean,,,62600,4.24,0.685,0.0179,PDSD7037,12.136,SD7037,SD7037,measured
SD7037,SD7037,SD7037,sd7037,MICHAELIS,clean,,,62600,5.26,0.779,0.0163,PDSD7037,12.136,SD7037,SD7037,measured
SD7037,SD7037,SD7037,sd7037,MICHAELIS,clean,,,62600,6.27,0.837,0.0206,PDSD7037,12.136,SD7037,SD7037,measured
SD7037,SD7037,SD7037,sd7037,MICHAELIS,clean,,,62600,7.29,0.917,0.0321,PDSD7037,12.136,SD7037,SD7037,measured
SD7037,SD7037,SD7037,sd7037,MICHAELIS,clean,,,62600,8.31,1.008,0.0255,PDSD7037,12.136,SD7037,SD7037,measured
SD7037,SD7037,SD7037,sd7037,MICHAELIS,clean,,,103900,-2.95,-0.128,0.0169,PDSD7037,12.136,SD7037,SD7037,measured
SD7037,SD7037,SD7037,sd7037,MICHAELIS,clean,,,103900,-1.93,-0.019,0.0137,PDSD7037,12.136,SD7037,SD7037,measured
SD7037,SD7037,SD7037,sd7037,MICHAELIS,clean,,,103900,-0.9,0.109,0.0147,PDSD7037,12.136,SD7037,SD7037,measured
SD7037,SD7037,SD7037,sd7037,MICHAELIS,clean,,,103900,0.14,0.236,0.0135,PDSD7037,12.136,SD7037,SD7037,measured
SD7037,SD7037,SD7037,sd7037,MICHAELIS,clean,,,103900,1.16,0.368,0.0132,PDSD7037,12.136,SD7037,SD7037,measured
SD7037,SD7037,SD7037,sd7037,MICHAELIS,clean,,,103900,2.19,0.486,0.0137,PDSD7037,12.136,SD7037,SD7037,measured
SD7037,SD7037,SD7037,sd7037,MICHAELIS,clean,,,103900,3.22,0.579,0.013,PDSD7037,12.136,SD7037,SD7037,measured
SD7037,SD7037,SD7037,sd7037,MICHAELIS,clean,,,103900,4.23,0.667,0.0127,PDSD7037,12.136,SD7037,SD7037,measured
SD7037,SD7037,SD7037,sd7037,MICHAELIS,clean,,,103900,5.26,0.753,0.0159,PDSD7037,12.136,SD7037,SD7037,measured
SD7037,SD7037,SD7037,sd7037,MICHAELIS,clean,,,103900,6.26,0.834,0.015,PDSD7037,12.136,SD7037,SD7037,measured
SD7037,SD7037,SD7037,sd7037,MICHAELIS,clean,,,103900,7.27,0.907,0.0182,PDSD7037,12.136,SD7037,SD7037,measured
SD7037,SD7037,SD7037,sd7037,MICHAELIS,clean,,,103900,8.3,0.977,0.018,PDSD7037,12.136,SD7037,SD7037,measured
SD7037,SD7037,SD7037,sd7037,MICHAELIS,clean,,,103900,9.31,1.011,0.0189,PDSD7037,12.136,SD7037,SD7037,measured
SD7037,SD7037,SD7037,sd7037,MICHAELIS,clean,,,103900,10.3,1.039,0.0567,PDSD7037,12.136,SD7037,SD7037,measured
SD7037,SD7037,SD7037,sd7037,MICHAELIS,clean,,,153400,-2.98,-0.058,0.0157,PDSD7037,12.136,SD7037,SD7037,measured
SD7037,SD7037,SD7037,sd7037,MICHAELIS,clean,,,153400,-1.92,0.079,0.0127,PDSD7037,12.136,SD7037,SD7037,measured
SD7037,SD7037,SD7037,sd7037,MICHAELIS,clean,,,153400,-0.89,0.195,0.01,PDSD7037,12.136,SD7037,SD7037,measured
SD7037,SD7037,SD7037,sd7037,MICHAELIS,clean,,,153400,0.14,0.309,0.0101,PDSD7037,12.136,SD7037,SD7037,measured
SD7037,SD7037,SD7037,sd7037,MICHAELIS,clean,,,153400,1.17,0.415,0.0102,PDSD7037,12.136,SD7037,SD7037,measured
SD7037,SD7037,SD7037,sd7037,MICHAELIS,clean,,,153400,2.17,0.508,0.0115,PDSD7037,12.136,SD7037,SD7037,measured
SD7037,SD7037,SD7037,sd7037,MICHAELIS,clean,,,153400,3.23,0.609,0.0118,PDSD7037,12.136,SD7037,SD7037,measured
SD7037,SD7037,SD7037,sd7037,MICHAELIS,clean,,,153400,4.22,0.696,0.0129,PDSD7037,12.136,SD7037,SD7037,measured
SD7037,SD7037,SD7037,sd7037,MICHAELIS,clean,,,153400,5.24,0.784,0.0142,PDSD7037,12.136,SD7037,SD7037,measured
SD7037,SD7037,SD7037,sd7037,MICHAELIS,clean,,,153400,6.26,0.866,0.0154,PDSD7037,12.136,SD7037,SD7037,measured
SD7037,SD7037,SD7037,sd7037,MICHAELIS,clean,,,153400,7.28,0.936,0.0213,PDSD7037,12.136,SD7037,SD7037,measured
SD7037,SD7037,SD7037,sd7037,MICHAELIS,clean,,,153400,8.3,0.997,0.0253,PDSD7037,12.136,SD7037,SD7037,measured
SD7037,SD7037,SD7037,sd7037,MICHAELIS,clean,,,153400,9.3,1.053,0.0331,PDSD7037,12.136,SD7037,SD7037,measured
SD7037,SD7037,SD7037,sd7037,MICHAELIS,clean,,,153400,10.32,1.089,0.0402,PDSD7037,12.136,SD7037,SD7037,measured
SD7037,SD7037,SD7037,sd7037,MICHAELIS,clean,,,204200,-2.97,-0.001,0.0145,PDSD7037,12.136,SD7037,SD7037,measured
SD7037,SD7037,SD7037,sd7037,MICHAELIS,clean,,,204200,-1.91,0.12,0.0117,PDSD7037,12.136,SD7037,SD7037,measured
SD7037,SD7037,SD7037,sd7037,MICHAELIS,clean,,,204200,-0.89,0.217,0.0091,PDSD7037,12.136,SD7037,SD7037,measured
SD7037,SD7037,SD7037,sd7037,MICHAELIS,clean,,,204200,0.13,0.318,0.0088,PDSD7037,12.136,SD7037,SD7037,measured
SD7037,SD7037,SD7037,sd7037,MICHAELIS,clean,,,204200,1.16,0.416,0.0092,PDSD7037,12.136,SD7037,SD7037,measured
SD7037,SD7037,SD7037,sd7037,MICHAELIS,clean,,,204200,2.18,0.514,0.0097,PDSD7037,12.136,SD7037,SD7037,measured
SD7037,SD7037,SD7037,sd7037,MICHAELIS,clean,,,204200,3.22,0.611,0.0105,PDSD7037,12.136,SD7037,SD7037,measured
SD7037,SD7037,SD7037,sd7037,MICHAELIS,clean,,,204200,4.23,0.703,0.012,PDSD7037,12.136,SD7037,SD7037,measured
SD7037,SD7037,SD7037,sd7037,MICHAELIS,clean,,,204200,5.26,0.792,0.0126,PDSD7037,12.136,SD7037,SD7037,measured
SD7037,SD7037,SD7037,sd7037,MICHAELIS,clean,,,204200,6.26,0.874,0.0147,PDSD7037,12.136,SD7037,SD7037,measured
SD7037,SD7037,SD7037,sd7037,MICHAELIS,clean,,,204200,7.28,0.944,0.0187,PDSD7037,12.136,SD7037,SD7037,measured
SD7037,SD7037,SD7037,sd7037,MICHAELIS,clean,,,204200,8.28,1.008,0.0226,PDSD7037,12.136,SD7037,SD7037,measured
SD7037,SD7037,SD7037,sd7037,MICHAELIS,clean,,,204200,9.31,1.069,0.0273,PDSD7037,12.136,SD7037,SD7037,measured
SD7037,SD7037,SD7037,sd7037,MICHAELIS,clean,,,204200,10.35,1.117,0.0339,PDSD7037,12.136,SD7037,SD7037,measured
SD7037,SD7037,SD7037,sd7037,MICHAELIS,clean,,,204200,11.32,1.138,0.0422,PDSD7037,12.136,SD7037,SD7037,measured
SD7037,SD7037,SD7037,sd7037,MICHAELIS,clean,,,302900,-2.96,0.021,0.0117,PDSD7037,12.136,SD7037,SD7037,measured
SD7037,SD7037,SD7037,sd7037,MICHAELIS,clean,,,302900,-1.93,0.119,0.01,PDSD7037,12.136,SD7037,SD7037,measured
SD7037,SD7037,SD7037,sd7037,MICHAELIS,clean,,,302900,-0.93,0.214,0.0085,PDSD7037,12.136,SD7037,SD7037,measured
SD7037,SD7037,SD7037,sd7037,MICHAELIS,clean,,,302900,0.09,0.313,0.0067,PDSD7037,12.136,SD7037,SD7037,measured
SD7037,SD7037,SD7037,sd7037,MICHAELIS,clean,,,302900,1.01,0.406,0.0075,PDSD7037,12.136,SD7037,SD7037,measured
SD7037,SD7037,SD7037,sd7037,MICHAELIS,clean,,,302900,2.16,0.519,0.0084,PDSD7037,12.136,SD7037,SD7037,measured
SD7037,SD7037,SD7037,sd7037,MICHAELIS,clean,,,302900,3.18,0.615,0.0092,PDSD7037,12.136,SD7037,SD7037,measured
SD7037,SD7037,SD7037,sd7037,MICHAELIS,clean,,,302900,4.2,0.708,0.0103,PDSD7037,12.136,SD7037,SD7037,measured
SD7037,SD7037,SD7037,sd7037,MICHAELIS,clean,,,302900,5.23,0.798,0.0116,PDSD7037,12.136,SD7037,SD7037,measured
SD7037,SD7037,SD7037,sd7037,MICHAELIS,clean,,,302900,6.25,0.876,0.014,PDSD7037,12.136,SD7037,SD7037,measured
SD7037,SD7037,SD7037,sd7037,MICHAELIS,clean,,,302900,7.27,0.947,0.0168,PDSD7037,12.136,SD7037,SD7037,measured
SD7037,SD7037,SD7037,sd7037,MICHAELIS,clean,,,302900,8.28,1.015,0.0206,PDSD7037,12.136,SD7037,SD7037,measured
SD7037,SD7037,SD7037,sd7037,MICHAELIS,clean,,,302900,9.3,1.076,0.0246,PDSD7037,12.136,SD7037,SD7037,measured
SD7037,SD7037,SD7037,sd7037,MICHAELIS,clean,,,302900,10.32,1.126,0.0292,PDSD7037,12.136,SD7037,SD7037,measured
"SD7037 UST .020, .125, 30%",SD7037,SD7037,sd7037,MICHAELIS,tripped,0.3,,57500,-3.98,-0.243,0.0321,PDSD7037UST2012530,12.137,SD7037,SD7037,measured
"SD7037 UST .020, .125, 30%",SD7037,SD7037,sd7037,MICHAELIS,tripped,0.3,,57500,-2.45,-0.127,0.0246,PDSD7037UST2012530,12.137,SD7037,SD7037,measured
"SD7037 UST .020, .125, 30%",SD7037,SD7037,sd7037,MICHAELIS,tripped,0.3,,57500,-0.92,0.037,0.0163,PDSD7037UST2012530,12.137,SD7037,SD7037,measured
"SD7037 UST .020, .125, 30%",SD7037,SD7037,sd7037,MICHAELIS,tripped,0.3,,57500,0.64,0.247,0.0193,PDSD7037UST2012530,12.137,SD7037,SD7037,measured
"SD7037 UST .020, .125, 30%",SD7037,SD7037,sd7037,MICHAELIS,tripped,0.3,,57500,2.18,0.441,0.0196,PDSD7037UST2012530,12.137,SD7037,SD7037,measured
"SD7037 UST .020, .125, 30%",SD7037,SD7037,sd7037,MICHAELIS,tripped,0.3,,57500,3.72,0.606,0.0218,PDSD7037UST2012530,12.137,SD7037,SD7037,measured
"SD7037 UST .020, .125, 30%",SD7037,SD7037,sd7037,MICHAELIS,tripped,0.3,,57500,5.25,0.735,0.0214,PDSD7037UST2012530,12.137,SD7037,SD7037,measured
"SD7037 UST .020, .125, 30%",SD7037,SD7037,sd7037,MICHAELIS,tripped,0.3,,57500,6.78,0.858,0.0258,PDSD7037UST2012530,12.137,SD7037,SD7037,measured
"SD7037 UST .020, .125, 30%",SD7037,SD7037,sd7037,MICHAELIS,tripped,0.3,,57500,8.28,0.986,0.0243,PDSD7037UST2012530,12.137,SD7037,SD7037,measured
"SD7037 UST .020, .125, 30%",SD7037,SD7037,sd7037,MICHAELIS,tripped,0.3,,57500,9.81,1.054,0.035,PDSD7037UST2012530,12.137,SD7037,SD7037,measured
"SD7037 UST .020, .125, 30%",SD7037,SD7037,sd7037,MICHAELIS,tripped,0.3,,98700,-3.98,-0.228,0.0289,PDSD7037UST2012530,12.137,SD7037,SD7037,measured
"SD7037 UST .020, .125, 30%",SD7037,SD7037,sd7037,MICHAELIS,tripped,0.3,,98700,-2.43,-0.054,0.019,PDSD7037UST2012530,12.137,SD7037,SD7037,measured
"SD7037 UST .020, .125, 30%",SD7037,SD7037,sd7037,MICHAELIS,tripped,0.3,,98700,-0.91,0.132,0.0144,PDSD7037UST2012530,12.137,SD7037,SD7037,measured
"SD7037 UST .020, .125, 30%",SD7037,SD7037,sd7037,MICHAELIS,tripped,0.3,,98700,0.65,0.324,0.0128,PDSD7037UST2012530,12.137,SD7037,SD7037,measured
"SD7037 UST .020, .125, 30%",SD7037,SD7037,sd7037,MICHAELIS,tripped,0.3,,98700,2.18,0.471,0.0128,PDSD7037UST2012530,12.137,SD7037,SD7037,measured
"SD7037 UST .020, .125, 30%",SD7037,SD7037,sd7037,MICHAELIS,tripped,0.3,,98700,3.72,0.618,0.0145,PDSD7037UST2012530,12.137,SD7037,SD7037,measured
"SD7037 UST .020, .125, 30%",SD7037,SD7037,sd7037,MICHAELIS,tripped,0.3,,98700,5.26,0.758,0.0163,PDSD7037UST2012530,12.137,SD7037,SD7037,measured
"SD7037 UST .020, .125, 30%",SD7037,SD7037,sd7037,MICHAELIS,tripped,0.3,,98700,6.77,0.887,0.0185,PDSD7037UST2012530,12.137,SD7037,SD7037,measured
"SD7037 UST .020, .125, 30%",SD7037,SD7037,sd7037,MICHAELIS,tripped,0.3,,98700,8.29,0.988,0.0219,PDSD7037UST2012530,12.137,SD7037,SD7037,measured
"SD7037 UST .020, .125, 30%",SD7037,SD7037,sd7037,MICHAELIS,tripped,0.3,,98700,9.83,1.059,0.0338,PDSD7037UST2012530,12.137,SD7037,SD7037,measured
"SD7037 UST .020, .125, 30%",SD7037,SD7037,sd7037,MICHAELIS,tripped,0.3,,98700,11.32,1.11,0.0432,PDSD7037UST2012530,12.137,SD7037,SD7037,measured
"SD7037 UST .020, .125, 30%",SD7037,SD7037,sd7037,MICHAELIS,tripped,0.3,,149600,-3.96,-0.173,0.0216,PDSD7037UST2012530,12.137,SD7037,SD7037,measured
"SD7037 UST .020, .125, 30%",SD7037,SD7037,sd7037,MICHAELIS,tripped,0.3,,149600,-2.92,-0.054,0.0167,PDSD7037UST2012530,12.137,SD7037,SD7037,measured
"SD7037 UST .020, .125, 30%",SD7037,SD7037,sd7037,MICHAELIS,tripped,0.3,,149600,-1.89,0.063,0.0131,PDSD7037UST2012530,12.137,SD7037,SD7037,measured
"SD7037 UST .020, .125, 30%",SD7037,SD7037,sd7037,MICHAELIS,tripped,0.3,,149600,-0.88,0.159,0.0105,PDSD7037UST2012530,12.137,SD7037,SD7037,measured
"SD7037 UST .020, .125, 30%",SD7037,SD7037,sd7037,MICHAELIS,tripped,0.3,,149600,0.13,0.261,0.0101,PDSD7037UST2012530,12.137,SD7037,SD7037,measured
"SD7037 UST .020, .125, 30%",SD7037,SD7037,sd7037,MICHAELIS,tripped,0.3,,149600,1.15,0.367,0.0099,PDSD7037UST2012530,12.137,SD7037,SD7037,measured
"SD7037 UST .020, .125, 30%",SD7037,SD7037,sd7037,MICHAELIS,tripped,0.3,,149600,2.18,0.472,0.0101,PDSD7037UST2012530,12.137,SD7037,SD7037,measured
"SD7037 UST .020, .125, 30%",SD7037,SD7037,sd7037,MICHAELIS,tripped,0.3,,149600,3.21,0.571,0.0108,PDSD7037UST2012530,12.137,SD7037,SD7037,measured
"SD7037 UST .020, .125, 30%",SD7037,SD7037,sd7037,MICHAELIS,tripped,0.3,,149600,4.22,0.666,0.0124,PDSD7037UST2012530,12.137,SD7037,SD7037,measured
"SD7037 UST .020, .125, 30%",SD7037,SD7037,sd7037,MICHAELIS,tripped,0.3,,149600,5.24,0.757,0.0135,PDSD7037UST2012530,12.137,SD7037,SD7037,measured
"SD7037 UST .020, .125, 30%",SD7037,SD7037,sd7037,MICHAELIS,tripped,0.3,,149600,6.27,0.846,0.0144,PDSD7037UST2012530,12.137,SD7037,SD7037,measured
"SD7037 UST .020, .125, 30%",SD7037,SD7037,sd7037,MICHAELIS,tripped,0.3,,149600,7.28,0.924,0.0167,PDSD7037UST2012530,12.137,SD7037,SD7037,measured
"SD7037 UST .020, .125, 30%",SD7037,SD7037,sd7037,MICHAELIS,tripped,0.3,,149600,8.3,0.983,0.0214,PDSD7037UST2012530,12.137,SD7037,SD7037,measured
"SD7037 UST .020, .125, 30%",SD7037,SD7037,sd7037,MICHAELIS,tripped,0.3,,149600,9.31,1.041,0.027,PDSD7037UST2012530,12.137,SD7037,SD7037,measured
"SD7037 UST .020, .125, 30%",SD7037,SD7037,sd7037,MICHAELIS,tripped,0.3,,199800,-3.95,-0.139,0.0185,PDSD7037UST2012530,12.137,SD7037,SD7037,measured
"SD7037 UST .020, .125, 30%",SD7037,SD7037,sd7037,MICHAELIS,tripped,0.3,,199800,-2.42,0.01,0.0129,PDSD7037UST2012530,12.137,SD7037,SD7037,measured
"SD7037 UST .020, .125, 30%",SD7037,SD7037,sd7037,MICHAELIS,tripped,0.3,,199800,-0.91,0.153,0.0095,PDSD7037UST2012530,12.137,SD7037,SD7037,measured
"SD7037 UST .020, .125, 30%",SD7037,SD7037,sd7037,MICHAELIS,tripped,0.3,,199800,0.64,0.31,0.0087,PDSD7037UST2012530,12.137,SD7037,SD7037,measured
"SD7037 UST .020, .125, 30%",SD7037,SD7037,sd7037,MICHAELIS,tripped,0.3,,199800,2.18,0.462,0.009,PDSD7037UST2012530,12.137,SD7037,SD7037,measured
"SD7037 UST .020, .125, 30%",SD7037,SD7037,sd7037,MICHAELIS,tripped,0.3,,199800,3.72,0.613,0.0104,PDSD7037UST2012530,12.137,SD7037,SD7037,measured
"SD7037 UST .020, .125, 30%",SD7037,SD7037,sd7037,MICHAELIS,tripped,0.3,,199800,5.25,0.757,0.0121,PDSD7037UST2012530,12.137,SD7037,SD7037,measured
"SD7037 UST .020, .125, 30%",SD7037,SD7037,sd7037,MICHAELIS,tripped,0.3,,199800,6.78,0.885,0.0147,PDSD7037UST2012530,12.137,SD7037,SD7037,measured
"SD7037 UST .020, .125, 30%",SD7037,SD7037,sd7037,MICHAELIS,tripped,0.3,,199800,8.3,0.982,0.021,PDSD7037UST2012530,12.137,SD7037,SD7037,measured
"SD7037 UST .020, .125, 30%",SD7037,SD7037,sd7037,MICHAELIS,tripped,0.3,,199800,9.82,1.068,0.028,PDSD7037UST2012530,12.137,SD7037,SD7037,measured
"SD7037 UST .020, .125, 30%",SD7037,SD7037,sd7037,MICHAELIS,tripped,0.3,,199800,11.32,1.119,0.0396,PDSD7037UST2012530,12.137,SD7037,SD7037,measured
"SD7037 UST .020, .125, 30%",SD7037,SD7037,sd7037,MICHAELIS,tripped,0.3,,199800,12.84,1.105,0.0736,PDSD7037UST2012530,12.137,SD7037,SD7037,measured
"SD7037 UST .020, .125, 30%",SD7037,SD7037,sd7037,MICHAELIS,tripped,0.3,,199800,14.22,0.945,0.2166,PDSD7037UST2012530,12.137,SD7037,SD7037,measured
SD7043,SD7043,SD7043,sd7043,WAGNER/OLSEN,clean,,,61600,-3.9,-0.004,0.024,PDSD7043,12.138,SD7043,SD7043,measured
SD7043,SD7043,SD7043,sd7043,WAGNER/OLSEN,clean,,,61600,-2.89,0.1,0.0221,PDSD7043,12.138,SD7043,SD7043,measured
SD7043,SD7043,SD7043,sd7043,WAGNER/OLSEN,clean,,,61600,-1.87,0.194,0.0171,PDSD7043,12.138,SD7043,SD7043,measured
SD7043,SD7043,SD7043,sd7043,WAGNER/OLSEN,clean,,,61600,-0.86,0.283,0.0192,PDSD7043,12.138,SD7043,SD7043,measured
SD7043,SD7043,SD7043,sd7043,WAGNER/OLSEN,clean,,,61600,0.17,0.389,0.0218,PDSD7043,12.138,SD7043,SD7043,measured
SD7043,SD7043,SD7043,sd7043,WAGNER/OLSEN,clean,,,61600,1.22,0.537,0.0237,PDSD7043,12.138,SD7043,SD7043,measured
SD7043,SD7043,SD7043,sd7043,WAGNER/OLSEN,clean,,,61600,2.24,0.699,0.0227,PDSD7043,12.138,SD7043,SD7043,measured
SD7043,SD7043,SD7043,sd7043,WAGNER/OLSEN,clean,,,61600,3.27,0.811,0.0243,PDSD7043,12.138,SD7043,SD7043,measured
SD7043,SD7043,SD7043,sd7043,WAGNER/OLSEN,clean,,,61600,4.29,0.904,0.0232,PDSD7043,12.138,SD7043,SD7043,measured
SD7043,SD7043,SD7043,sd7043,WAGNER/OLSEN,clean,,,61600,5.3,0.974,0.021,PDSD7043,12.138,SD7043,SD7043,measured
SD7043,SD7043,SD7043,sd7043,WAGNER/OLSEN,clean,,,61600,6.31,1.046,0.0239,PDSD7043,12.138,SD7043,SD7043,measured
SD7043,SD7043,SD7043,sd7043,WAGNER/OLSEN,clean,,,61600,7.33,1.111,0.0312,PDSD7043,12.138,SD7043,SD7043,measured
SD7043,SD7043,SD7043,sd7043,WAGNER/OLSEN,clean,,,61600,8.35,1.163,0.0385,PDSD7043,12.138,SD7043,SD7043,measured
SD7043,SD7043,SD7043,sd7043,WAGNER/OLSEN,clean,,,61600,9.35,1.198,0.0343,PDSD7043,12.138,SD7043,SD7043,measured
SD7043,SD7043,SD7043,sd7043,WAGNER/OLSEN,clean,,,61600,10.34,1.156,0.0685,PDSD7043,12.138,SD7043,SD7043,measured
SD7043,SD7043,SD7043,sd7043,WAGNER/OLSEN,clean,,,61600,11.31,0.945,0.1752,PDSD7043,12.138,SD7043,SD7043,measured
SD7043,SD7043,SD7043,sd7043,WAGNER/OLSEN,clean,,,103800,-3.91,-0.008,0.0208,PDSD7043,12.138,SD7043,SD7043,measured
SD7043,SD7043,SD7043,sd7043,WAGNER/OLSEN,clean,,,103800,-2.9,0.1,0.0197,PDSD7043,12.138,SD7043,SD7043,measured
SD7043,SD7043,SD7043,sd7043,WAGNER/OLSEN,clean,,,103800,-1.87,0.233,0.0149,PDSD7043,12.138,SD7043,SD7043,measured
SD7043,SD7043,SD7043,sd7043,WAGNER/OLSEN,clean,,,103800,-0.85,0.339,0.0179,PDSD7043,12.138,SD7043,SD7043,measured
SD7043,SD7043,SD7043,sd7043,WAGNER/OLSEN,clean,,,103800,0.18,0.479,0.0193,PDSD7043,12.138,SD7043,SD7043,measured
SD7043,SD7043,SD7043,sd7043,WAGNER/OLSEN,clean,,,103800,1.22,0.617,0.0185,PDSD7043,12.138,SD7043,SD7043,measured
SD7043,SD7043,SD7043,sd7043,WAGNER/OLSEN,clean,,,103800,2.25,0.732,0.0183,PDSD7043,12.138,SD7043,SD7043,measured
SD7043,SD7043,SD7043,sd7043,WAGNER/OLSEN,clean,,,103800,3.27,0.818,0.0173,PDSD7043,12.138,SD7043,SD7043,measured
SD7043,SD7043,SD7043,sd7043,WAGNER/OLSEN,clean,,,103800,4.28,0.914,0.0161,PDSD7043,12.138,SD7043,SD7043,measured
SD7043,SD7043,SD7043,sd7043,WAGNER/OLSEN,clean,,,103800,5.3,0.995,0.0175,PDSD7043,12.138,SD7043,SD7043,measured
SD7043,SD7043,SD7043,sd7043,WAGNER/OLSEN,clean,,,103800,6.3,1.068,0.0206,PDSD7043,12.138,SD7043,SD7043,measured
SD7043,SD7043,SD7043,sd7043,WAGNER/OLSEN,clean,,,103800,7.33,1.139,0.0228,PDSD7043,12.138,SD7043,SD7043,measured
SD7043,SD7043,SD7043,sd7043,WAGNER/OLSEN,clean,,,103800,8.34,1.203,0.0291,PDSD7043,12.138,SD7043,SD7043,measured
SD7043,SD7043,SD7043,sd7043,WAGNER/OLSEN,clean,,,103800,9.35,1.256,0.0343,PDSD7043,12.138,SD7043,SD7043,measured
SD7043,SD7043,SD7043,sd7043,WAGNER/OLSEN,clean,,,103800,10.37,1.301,0.0367,PDSD7043,12.138,SD7043,SD7043,measured
SD7043,SD7043,SD7043,sd7043,WAGNER/OLSEN,clean,,,103800,11.36,1.328,0.046,PDSD7043,12.138,SD7043,SD7043,measured
SD7043,SD7043,SD7043,sd7043,WAGNER/OLSEN,clean,,,154900,-3.89,0.057,0.017,PDSD7043,12.138,SD7043,SD7043,measured
SD7043,SD7043,SD7043,sd7043,WAGNER/OLSEN,clean,,,154900,-2.88,0.198,0.0164,PDSD7043,12.138,SD7043,SD7043,measured
SD7043,SD7043,SD7043,sd7043,WAGNER/OLSEN,clean,,,154900,-1.85,0.334,0.0145,PDSD7043,12.138,SD7043,SD7043,measured
SD7043,SD7043,SD7043,sd7043,WAGNER/OLSEN,clean,,,154900,-0.83,0.431,0.0128,PDSD7043,12.138,SD7043,SD7043,measured
SD7043,SD7043,SD7043,sd7043,WAGNER/OLSEN,clean,,,154900,0.2,0.534,0.0124,PDSD7043,12.138,SD7043,SD7043,measured
SD7043,SD7043,SD7043,sd7043,WAGNER/OLSEN,clean,,,154900,1.22,0.636,0.0122,PDSD7043,12.138,SD7043,SD7043,measured
SD7043,SD7043,SD7043,sd7043,WAGNER/OLSEN,clean,,,154900,2.25,0.735,0.0127,PDSD7043,12.138,SD7043,SD7043,measured
SD7043,SD7043,SD7043,sd7043,WAGNER/OLSEN,clean,,,154900,3.27,0.832,0.0131,PDSD7043,12.138,SD7043,SD7043,measured
SD7043,SD7043,SD7043,sd7043,WAGNER/OLSEN,clean,,,154900,4.29,0.924,0.014,PDSD7043,12.138,SD7043,SD7043,measured
SD7043,SD7043,SD7043,sd7043,WAGNER/OLSEN,clean,,,154900,5.31,1.009,0.0162,PDSD7043,12.138,SD7043,SD7043,measured
SD7043,SD7043,SD7043,sd7043,WAGNER/OLSEN,clean,,,154900,6.33,1.089,0.0185,PDSD7043,12.138,SD7043,SD7043,measured
SD7043,SD7043,SD7043,sd7043,WAGNER/OLSEN,clean,,,154900,7.34,1.163,0.0215,PDSD7043,12.138,SD7043,SD7043,measured
SD7043,SD7043,SD7043,sd7043,WAGNER/OLSEN,clean,,,154900,8.35,1.227,0.0253,PDSD7043,12.138,SD7043,SD7043,measured
SD7043,SD7043,SD7043,sd7043,WAGNER/OLSEN,clean,,,154900,9.37,1.284,0.0293,PDSD7043,12.138,SD7043,SD7043,measured
SD7043,SD7043,SD7043,sd7043,WAGNER/OLSEN,clean,,,154900,10.37,1.331,0.0339,PDSD7043,12.138,SD7043,SD7043,measured
SD7043,SD7043,SD7043,sd7043,WAGNER/OLSEN,clean,,,154900,11.38,1.357,0.0407,PDSD7043,12.138,SD7043,SD7043,measured
SD7043,SD7043,SD7043,sd7043,WAGNER/OLSEN,clean,,,204000,-3.88,0.117,0.0148,PDSD7043,12.138,SD7043,SD7043,measured
SD7043,SD7043,SD7043,sd7043,WAGNER/OLSEN,clean,,,204000,-2.86,0.246,0.0133,PDSD7043,12.138,SD7043,SD7043,measured
SD7043,SD7043,SD7043,sd7043,WAGNER/OLSEN,clean,,,204000,-1.84,0.359,0.0113,PDSD7043,12.138,SD7043,SD7043,measured
SD7043,SD7043,SD7043,sd7043,WAGNER/OLSEN,clean,,,204000,-0.83,0.451,0.0101,PDSD7043,12.138,SD7043,SD7043,measured
SD7043,SD7043,SD7043,sd7043,WAGNER/OLSEN,clean,,,204000,0.2,0.539,0.0097,PDSD7043,12.138,SD7043,SD7043,measured
SD7043,SD7043,SD7043,sd7043,WAGNER/OLSEN,clean,,,204000,1.23,0.644,0.0102,PDSD7043,12.138,SD7043,SD7043,measured
SD7043,SD7043,SD7043,sd7043,WAGNER/OLSEN,clean,,,204000,2.26,0.748,0.0106,PDSD7043,12.138,SD7043,SD7043,measured
SD7043,SD7043,SD7043,sd7043,WAGNER/OLSEN,clean,,,204000,3.28,0.843,0.0115,PDSD7043,12.138,SD7043,SD7043,measured
SD7043,SD7043,SD7043,sd7043,WAGNER/OLSEN,clean,,,204000,4.28,0.932,0.013,PDSD7043,12.138,SD7043,SD7043,measured
SD7043,SD7043,SD7043,sd7043,WAGNER/OLSEN,clean,,,204000,5.31,1.015,0.015,PDSD7043,12.138,SD7043,SD7043,measured
SD7043,SD7043,SD7043,sd7043,WAGNER/OLSEN,clean,,,204000,6.32,1.094,0.0173,PDSD7043,12.138,SD7043,SD7043,measured
SD7043,SD7043,SD7043,sd7043,WAGNER/OLSEN,clean,,,204000,7.35,1.17,0.0197,PDSD7043,12.138,SD7043,SD7043,measured
SD7043,SD7043,SD7043,sd7043,WAGNER/OLSEN,clean,,,204000,8.36,1.242,0.0226,PDSD7043,12.138,SD7043,SD7043,measured
SD7043,SD7043,SD7043,sd7043,WAGNER/OLSEN,clean,,,204000,9.37,1.307,0.0261,PDSD7043,12.138,SD7043,SD7043,measured
SD7043,SD7043,SD7043,sd7043,WAGNER/OLSEN,clean,,,204000,10.38,1.353,0.0308,PDSD7043,12.138,SD7043,SD7043,measured
SD7043,SD7043,SD7043,sd7043,WAGNER/OLSEN,clean,,,204000,11.38,1.375,0.0375,PDSD7043,12.138,SD7043,SD7043,measured
SD7043,SD7043,SD7043,sd7043,WAGNER/OLSEN,clean,,,204000,12.38,1.372,0.0475,PDSD7043,12.138,SD7043,SD7043,measured
SD7043,SD7043,SD7043,sd7043,WAGNER/OLSEN,clean,,,204000,13.39,1.35,0.0645,PDSD7043,12.138,SD7043,SD7043,measured
SD7043,SD7043,SD7043,sd7043,WAGNER/OLSEN,clean,,,303400,-4.9,0.049,0.0131,PDSD7043,12.138,SD7043,SD7043,measured
SD7043,SD7043,SD7043,sd7043,WAGNER/OLSEN,clean,,,303400,-3.87,0.159,0.011,PDSD7043,12.138,SD7043,SD7043,measured
SD7043,SD7043,SD7043,sd7043,WAGNER/OLSEN,clean,,,303400,-2.86,0.262,0.01,PDSD7043,12.138,SD7043,SD7043,measured
SD7043,SD7043,SD7043,sd7043,WAGNER/OLSEN,clean,,,303400,-1.82,0.374,0.0092,PDSD7043,12.138,SD7043,SD7043,measured
SD7043,SD7043,SD7043,sd7043,WAGNER/OLSEN,clean,,,303400,-0.82,0.476,0.0087,PDSD7043,12.138,SD7043,SD7043,measured
SD7043,SD7043,SD7043,sd7043,WAGNER/OLSEN,clean,,,303400,0.21,0.569,0.0084,PDSD7043,12.138,SD7043,SD7043,measured
SD7043,SD7043,SD7043,sd7043,WAGNER/OLSEN,clean,,,303400,1.23,0.667,0.0086,PDSD7043,12.138,SD7043,SD7043,measured
SD7043,SD7043,SD7043,sd7043,WAGNER/OLSEN,clean,,,303400,2.25,0.767,0.0095,PDSD7043,12.138,SD7043,SD7043,measured
SD7043,SD7043,SD7043,sd7043,WAGNER/OLSEN,clean,,,303400,3.26,0.859,0.0107,PDSD7043,12.138,SD7043,SD7043,measured
SD7043,SD7043,SD7043,sd7043,WAGNER/OLSEN,clean,,,303400,4.29,0.949,0.0123,PDSD7043,12.138,SD7043,SD7043,measured
SD7043,SD7043,SD7043,sd7043,WAGNER/OLSEN,clean,,,303400,5.3,1.034,0.0141,PDSD7043,12.138,SD7043,SD7043,measured
SD7043,SD7043,SD7043,sd7043,WAGNER/OLSEN,clean,,,303400,6.32,1.113,0.016,PDSD7043,12.138,SD7043,SD7043,measured
SD7043,SD7043,SD7043,sd7043,WAGNER/OLSEN,clean,,,303400,7.33,1.191,0.0181,PDSD7043,12.138,SD7043,SD7043,measured
"SD7043 UST .020, .125, 20%",SD7043,SD7043,sd7043,WAGNER/OLSEN,tripped,0.2,,202900,-2.88,0.237,0.011,PDSD7043UST2012520,12.139,SD7043,SD7043,measured
"SD7043 UST .020, .125, 20%",SD7043,SD7043,sd7043,WAGNER/OLSEN,tripped,0.2,,202900,-1.87,0.337,0.0101,PDSD7043UST2012520,12.139,SD7043,SD7043,measured
"SD7043 UST .020, .125, 20%",SD7043,SD7043,sd7043,WAGNER/OLSEN,tripped,0.2,,202900,-0.84,0.431,0.0095,PDSD7043UST2012520,12.139,SD7043,SD7043,measured
"SD7043 UST .020, .125, 20%",SD7043,SD7043,sd7043,WAGNER/OLSEN,tripped,0.2,,202900,0.2,0.522,0.0099,PDSD7043UST2012520,12.139,SD7043,SD7043,measured
"SD7043 UST .020, .125, 20%",SD7043,SD7043,sd7043,WAGNER/OLSEN,tripped,0.2,,202900,1.22,0.623,0.0115,PDSD7043UST2012520,12.139,SD7043,SD7043,measured
"SD7043 UST .020, .125, 20%",SD7043,SD7043,sd7043,WAGNER/OLSEN,tripped,0.2,,202900,2.23,0.727,0.0128,PDSD7043UST2012520,12.139,SD7043,SD7043,measured
"SD7043 UST .020, .125, 20%",SD7043,SD7043,sd7043,WAGNER/OLSEN,tripped,0.2,,202900,3.24,0.827,0.0138,PDSD7043UST2012520,12.139,SD7043,SD7043,measured
"SD7043 UST .020, .125, 20%",SD7043,SD7043,sd7043,WAGNER/OLSEN,tripped,0.2,,202900,4.27,0.927,0.0152,PDSD7043UST2012520,12.139,SD7043,SD7043,measured
"SD7043 UST .020, .125, 20%",SD7043,SD7043,sd7043,WAGNER/OLSEN,tripped,0.2,,202900,5.3,1.022,0.0164,PDSD7043UST2012520,12.139,SD7043,SD7043,measured
"SD7043 UST .020, .125, 20%",SD7043,SD7043,sd7043,WAGNER/OLSEN,tripped,0.2,,202900,6.3,1.108,0.0183,PDSD7043UST2012520,12.139,SD7043,SD7043,measured
"SD7043 UST .020, .125, 20%",SD7043,SD7043,sd7043,WAGNER/OLSEN,tripped,0.2,,202900,7.34,1.191,0.0215,PDSD7043UST2012520,12.139,SD7043,SD7043,measured
"SD7043 UST .020, .125, 20%",SD7043,SD7043,sd7043,WAGNER/OLSEN,tripped,0.2,,202900,8.34,1.255,0.0252,PDSD7043UST2012520,12.139,SD7043,SD7043,measured
"SD7043 UST .020, .125, 20%",SD7043,SD7043,sd7043,WAGNER/OLSEN,tripped,0.2,,202900,9.35,1.317,0.0281,PDSD7043UST2012520,12.139,SD7043,SD7043,measured
"SD7043 UST .020, .125, 20%",SD7043,SD7043,sd7043,WAGNER/OLSEN,tripped,0.2,,202900,10.37,1.364,0.0349,PDSD7043UST2012520,12.139,SD7043,SD7043,measured
"SD7043 UST .020, .125, 20%",SD7043,SD7043,sd7043,WAGNER/OLSEN,tripped,0.2,,303700,-2.88,0.219,0.0114,PDSD7043UST2012520,12.139,SD7043,SD7043,measured
"SD7043 UST .020, .125, 20%",SD7043,SD7043,sd7043,WAGNER/OLSEN,tripped,0.2,,303700,-1.84,0.33,0.011,PDSD7043UST2012520,12.139,SD7043,SD7043,measured
"SD7043 UST .020, .125, 20%",SD7043,SD7043,sd7043,WAGNER/OLSEN,tripped,0.2,,303700,-0.82,0.437,0.011,PDSD7043UST2012520,12.139,SD7043,SD7043,measured
"SD7043 UST .020, .125, 20%",SD7043,SD7043,sd7043,WAGNER/OLSEN,tripped,0.2,,303700,0.19,0.533,0.0108,PDSD7043UST2012520,12.139,SD7043,SD7043,measured
"SD7043 UST .020, .125, 20%",SD7043,SD7043,sd7043,WAGNER/OLSEN,tripped,0.2,,303700,1.2,0.631,0.0111,PDSD7043UST2012520,12.139,SD7043,SD7043,measured
"SD7043 UST .020, .125, 20%",SD7043,SD7043,sd7043,WAGNER/OLSEN,tripped,0.2,,303700,2.2,0.735,0.012,PDSD7043UST2012520,12.139,SD7043,SD7043,measured
"SD7043 UST .020, .125, 20%",SD7043,SD7043,sd7043,WAGNER/OLSEN,tripped,0.2,,303700,3.26,0.841,0.013,PDSD7043UST2012520,12.139,SD7043,SD7043,measured
"SD7043 UST .020, .125, 20%",SD7043,SD7043,sd7043,WAGNER/OLSEN,tripped,0.2,,303700,4.23,0.933,0.0137,PDSD7043UST2012520,12.139,SD7043,SD7043,measured
"SD7043 UST .020, .125, 20%",SD7043,SD7043,sd7043,WAGNER/OLSEN,tripped,0.2,,303700,5.25,1.022,0.0147,PDSD7043UST2012520,12.139,SD7043,SD7043,measured
"SD7043 UST .020, .125, 20%",SD7043,SD7043,sd7043,WAGNER/OLSEN,tripped,0.2,,303700,6.26,1.111,0.0161,PDSD7043UST2012520,12.139,SD7043,SD7043,measured
"SD7043 UST .020, .125, 20%",SD7043,SD7043,sd7043,WAGNER/OLSEN,tripped,0.2,,303700,7.32,1.187,0.0191,PDSD7043UST2012520,12.139,SD7043,SD7043,measured
"SD7043 UST .020, .125, 20%",SD7043,SD7043,sd7043,WAGNER/OLSEN,tripped,0.2,,303700,8.33,1.257,0.0222,PDSD7043UST2012520,12.139,SD7043,SD7043,measured
"SD7043 UST .020, .125, 20%",SD7043,SD7043,sd7043,WAGNER/OLSEN,tripped,0.2,,303700,9.34,1.321,0.0252,PDSD7043UST2012520,12.139,SD7043,SD7043,measured
"SD7043 UST .020, .125, 20%",SD7043,SD7043,sd7043,WAGNER/OLSEN,tripped,0.2,,303700,10.36,1.371,0.0299,PDSD7043UST2012520,12.139,SD7043,SD7043,measured
"SD7043 UST .020, .125, 20%",SD7043,SD7043,sd7043,WAGNER/OLSEN,tripped,0.2,,303700,11.37,1.397,0.0355,PDSD7043UST2012520,12.139,SD7043,SD7043,measured
SD7062,SD7062,SD7062,sd7062,WIDINER,clean,,,102600,-5.93,-0.094,0.0264,PDSD7062,12.141,SD7062,SD7062,measured
SD7062,SD7062,SD7062,sd7062,WIDINER,clean,,,102600,-4.91,0.02,0.0231,PDSD7062,12.141,SD7062,SD7062,measured
SD7062,SD7062,SD7062,sd7062,WIDINER,clean,,,102600,-3.9,0.109,0.0219,PDSD7062,12.141,SD7062,SD7062,measured
SD7062,SD7062,SD7062,sd7062,WIDINER,clean,,,102600,-2.86,0.195,0.0189,PDSD7062,12.141,SD7062,SD7062,measured
SD7062,SD7062,SD7062,sd7062,WIDINER,clean,,,102600,-1.85,0.277,0.0199,PDSD7062,12.141,SD7062,SD7062,measured
SD7062,SD7062,SD7062,sd7062,WIDINER,clean,,,102600,-0.83,0.369,0.0206,PDSD7062,12.141,SD7062,SD7062,measured
SD7062,SD7062,SD7062,sd7062,WIDINER,clean,,,102600,0.2,0.477,0.0183,PDSD7062,12.141,SD7062,SD7062,measured
SD7062,SD7062,SD7062,sd7062,WIDINER,clean,,,102600,1.22,0.577,0.0197,PDSD7062,12.141,SD7062,SD7062,measured
SD7062,SD7062,SD7062,sd7062,WIDINER,clean,,,102600,2.24,0.678,0.0212,PDSD7062,12.141,SD7062,SD7062,measured
SD7062,SD7062,SD7062,sd7062,WIDINER,clean,,,102600,3.26,0.771,0.0238,PDSD7062,12.141,SD7062,SD7062,measured
SD7062,SD7062,SD7062,sd7062,WIDINER,clean,,,102600,4.27,0.864,0.0204,PDSD7062,12.141,SD7062,SD7062,measured
SD7062,SD7062,SD7062,sd7062,WIDINER,clean,,,102600,5.3,0.95,0.0266,PDSD7062,12.141,SD7062,SD7062,measured
SD7062,SD7062,SD7062,sd7062,WIDINER,clean,,,102600,6.32,1.037,0.0248,PDSD7062,12.141,SD7062,SD7062,measured
SD7062,SD7062,SD7062,sd7062,WIDINER,clean,,,102600,7.33,1.118,0.0277,PDSD7062,12.141,SD7062,SD7062,measured
SD7062,SD7062,SD7062,sd7062,WIDINER,clean,,,102600,8.35,1.195,0.0297,PDSD7062,12.141,SD7062,SD7062,measured
SD7062,SD7062,SD7062,sd7062,WIDINER,clean,,,102600,9.37,1.259,0.0372,PDSD7062,12.141,SD7062,SD7062,measured
SD7062,SD7062,SD7062,sd7062,WIDINER,clean,,,102600,10.38,1.314,0.0429,PDSD7062,12.141,SD7062,SD7062,measured
SD7062,SD7062,SD7062,sd7062,WIDINER,clean,,,102600,11.28,0.87,0.1586,PDSD7062,12.141,SD7062,SD7062,measured
SD7062,SD7062,SD7062,sd7062,WIDINER,clean,,,102600,12.26,0.708,0.2118,PDSD7062,12.141,SD7062,SD7062,measured
SD7062,SD7062,SD7062,sd7062,WIDINER,clean,,,102600,13.26,0.716,0.2228,PDSD7062,12.141,SD7062,SD7062,measured
SD7062,SD7062,SD7062,sd7062,WIDINER,clean,,,149700,-6.94,-0.16,0.0239,PDSD7062,12.141,SD7062,SD7062,measured
SD7062,SD7062,SD7062,sd7062,WIDINER,clean,,,149700,-5.92,-0.075,0.0206,PDSD7062,12.141,SD7062,SD7062,measured
SD7062,SD7062,SD7062,sd7062,WIDINER,clean,,,149700,-4.91,0.006,0.018,PDSD7062,12.141,SD7062,SD7062,measured
SD7062,SD7062,SD7062,sd7062,WIDINER,clean,,,149700,-3.9,0.097,0.0159,PDSD7062,12.141,SD7062,SD7062,measured
SD7062,SD7062,SD7062,sd7062,WIDINER,clean,,,149700,-2.87,0.19,0.0144,PDSD7062,12.141,SD7062,SD7062,measured
SD7062,SD7062,SD7062,sd7062,WIDINER,clean,,,149700,-1.85,0.284,0.0141,PDSD7062,12.141,SD7062,SD7062,measured
SD7062,SD7062,SD7062,sd7062,WIDINER,clean,,,149700,-0.83,0.376,0.0144,PDSD7062,12.141,SD7062,SD7062,measured
SD7062,SD7062,SD7062,sd7062,WIDINER,clean,,,149700,0.2,0.483,0.0135,PDSD7062,12.141,SD7062,SD7062,measured
SD7062,SD7062,SD7062,sd7062,WIDINER,clean,,,149700,1.23,0.59,0.015,PDSD7062,12.141,SD7062,SD7062,measured
SD7062,SD7062,SD7062,sd7062,WIDINER,clean,,,149700,2.25,0.694,0.0159,PDSD7062,12.141,SD7062,SD7062,measured
SD7062,SD7062,SD7062,sd7062,WIDINER,clean,,,149700,3.25,0.79,0.0167,PDSD7062,12.141,SD7062,SD7062,measured
SD7062,SD7062,SD7062,sd7062,WIDINER,clean,,,149700,4.28,0.886,0.0173,PDSD7062,12.141,SD7062,SD7062,measured
SD7062,SD7062,SD7062,sd7062,WIDINER,clean,,,149700,5.31,0.975,0.0184,PDSD7062,12.141,SD7062,SD7062,measured
SD7062,SD7062,SD7062,sd7062,WIDINER,clean,,,149700,6.33,1.066,0.0189,PDSD7062,12.141,SD7062,SD7062,measured
SD7062,SD7062,SD7062,sd7062,WIDINER,clean,,,149700,7.33,1.147,0.021,PDSD7062,12.141,SD7062,SD7062,measured
SD7062,SD7062,SD7062,sd7062,WIDINER,clean,,,149700,8.35,1.229,0.0241,PDSD7062,12.141,SD7062,SD7062,measured
SD7062,SD7062,SD7062,sd7062,WIDINER,clean,,,149700,9.37,1.3,0.0271,PDSD7062,12.141,SD7062,SD7062,measured
SD7062,SD7062,SD7062,sd7062,WIDINER,clean,,,149700,10.38,1.359,0.0315,PDSD7062,12.141,SD7062,SD7062,measured
SD7062,SD7062,SD7062,sd7062,WIDINER,clean,,,149700,11.4,1.408,0.037,PDSD7062,12.141,SD7062,SD7062,measured
SD7062,SD7062,SD7062,sd7062,WIDINER,clean,,,149700,12.4,1.441,0.047,PDSD7062,12.141,SD7062,SD7062,measured
SD7062,SD7062,SD7062,sd7062,WIDINER,clean,,,210500,-6.94,-0.192,0.0216,PDSD7062,12.141,SD7062,SD7062,measured
SD7062,SD7062,SD7062,sd7062,WIDINER,clean,,,210500,-5.95,-0.107,0.0176,PDSD7062,12.141,SD7062,SD7062,measured
SD7062,SD7062,SD7062,sd7062,WIDINER,clean,,,210500,-4.91,-0.014,0.0147,PDSD7062,12.141,SD7062,SD7062,measured
SD7062,SD7062,SD7062,sd7062,WIDINER,clean,,,210500,-3.9,0.081,0.0141,PDSD7062,12.141,SD7062,SD7062,measured
SD7062,SD7062,SD7062,sd7062,WIDINER,clean,,,210500,-2.86,0.183,0.0125,PDSD7062,12.141,SD7062,SD7062,measured
SD7062,SD7062,SD7062,sd7062,WIDINER,clean,,,210500,-1.85,0.284,0.0118,PDSD7062,12.141,SD7062,SD7062,measured
SD7062,SD7062,SD7062,sd7062,WIDINER,clean,,,210500,-0.84,0.383,0.0114,PDSD7062,12.141,SD7062,SD7062,measured
SD7062,SD7062,SD7062,sd7062,WIDINER,clean,,,210500,0.2,0.483,0.011,PDSD7062,12.141,SD7062,SD7062,measured
SD7062,SD7062,SD7062,sd7062,WIDINER,clean,,,210500,1.22,0.59,0.0112,PDSD7062,12.141,SD7062,SD7062,measured
SD7062,SD7062,SD7062,sd7062,WIDINER,clean,,,210500,2.24,0.695,0.012,PDSD7062,12.141,SD7062,SD7062,measured
SD7062,SD7062,SD7062,sd7062,WIDINER,clean,,,210500,3.26,0.795,0.0127,PDSD7062,12.141,SD7062,SD7062,measured
SD7062,SD7062,SD7062,sd7062,WIDINER,clean,,,210500,4.29,0.892,0.0136,PDSD7062,12.141,SD7062,SD7062,measured
SD7062,SD7062,SD7062,sd7062,WIDINER,clean,,,210500,5.3,0.985,0.0151,PDSD7062,12.141,SD7062,SD7062,measured
SD7062,SD7062,SD7062,sd7062,WIDINER,clean,,,210500,6.33,1.075,0.0167,PDSD7062,12.141,SD7062,SD7062,measured
SD7062,SD7062,SD7062,sd7062,WIDINER,clean,,,210500,7.35,1.164,0.0186,PDSD7062,12.141,SD7062,SD7062,measured
SD7062,SD7062,SD7062,sd7062,WIDINER,clean,,,210500,8.36,1.243,0.0201,PDSD7062,12.141,SD7062,SD7062,measured
SD7062,SD7062,SD7062,sd7062,WIDINER,clean,,,210500,9.38,1.316,0.0221,PDSD7062,12.141,SD7062,SD7062,measured
SD7062,SD7062,SD7062,sd7062,WIDINER,clean,,,210500,10.4,1.379,0.0254,PDSD7062,12.141,SD7062,SD7062,measured
SD7062,SD7062,SD7062,sd7062,WIDINER,clean,,,210500,11.4,1.43,0.029,PDSD7062,12.141,SD7062,SD7062,measured
SD7062,SD7062,SD7062,sd7062,WIDINER,clean,,,210500,12.41,1.464,0.039,PDSD7062,12.141,SD7062,SD7062,measured
SD7062,SD7062,SD7062,sd7062,WIDINER,clean,,,210500,13.41,1.485,0.0512,PDSD7062,12.141,SD7062,SD7062,measured
SD7062,SD7062,SD7062,sd7062,WIDINER,clean,,,210500,14.42,1.497,0.0588,PDSD7062,12.141,SD7062,SD7062,measured
SD7062,SD7062,SD7062,sd7062,WIDINER,clean,,,305800,-7.0,-0.201,0.0179,PDSD7062,12.141,SD7062,SD7062,measured
SD7062,SD7062,SD7062,sd7062,WIDINER,clean,,,305800,-6.0,-0.117,0.0152,PDSD7062,12.141,SD7062,SD7062,measured
SD7062,SD7062,SD7062,sd7062,WIDINER,clean,,,305800,-4.98,-0.02,0.0133,PDSD7062,12.141,SD7062,SD7062,measured
SD7062,SD7062,SD7062,sd7062,WIDINER,clean,,,305800,-3.9,0.09,0.0125,PDSD7062,12.141,SD7062,SD7062,measured
SD7062,SD7062,SD7062,sd7062,WIDINER,clean,,,305800,-2.92,0.188,0.0115,PDSD7062,12.141,SD7062,SD7062,measured
SD7062,SD7062,SD7062,sd7062,WIDINER,clean,,,305800,-1.87,0.293,0.0106,PDSD7062,12.141,SD7062,SD7062,measured
SD7062,SD7062,SD7062,sd7062,WIDINER,clean,,,305800,-0.82,0.398,0.0101,PDSD7062,12.141,SD7062,SD7062,measured
SD7062,SD7062,SD7062,sd7062,WIDINER,clean,,,305800,0.21,0.502,0.0102,PDSD7062,12.141,SD7062,SD7062,measured
SD7062,SD7062,SD7062,sd7062,WIDINER,clean,,,305800,1.22,0.605,0.0099,PDSD7062,12.141,SD7062,SD7062,measured
SD7062,SD7062,SD7062,sd7062,WIDINER,clean,,,305800,2.25,0.712,0.0103,PDSD7062,12.141,SD7062,SD7062,measured
SD7062,SD7062,SD7062,sd7062,WIDINER,clean,,,305800,3.27,0.812,0.0115,PDSD7062,12.141,SD7062,SD7062,measured
SD7062,SD7062,SD7062,sd7062,WIDINER,clean,,,305800,4.28,0.906,0.0124,PDSD7062,12.141,SD7062,SD7062,measured
SD7062,SD7062,SD7062,sd7062,WIDINER,clean,,,305800,5.31,0.997,0.0139,PDSD7062,12.141,SD7062,SD7062,measured
SD7062,SD7062,SD7062,sd7062,WIDINER,clean,,,305800,6.31,1.084,0.0154,PDSD7062,12.141,SD7062,SD7062,measured
SD7062,SD7062,SD7062,sd7062,WIDINER,clean,,,305800,7.33,1.168,0.0162,PDSD7062,12.141,SD7062,SD7062,measured
SD7062,SD7062,SD7062,sd7062,WIDINER,clean,,,305800,8.37,1.249,0.0181,PDSD7062,12.141,SD7062,SD7062,measured
SD7062,SD7062,SD7062,sd7062,WIDINER,clean,,,305800,9.38,1.323,0.0201,PDSD7062,12.141,SD7062,SD7062,measured
SD7062,SD7062,SD7062,sd7062,WIDINER,clean,,,305800,10.39,1.388,0.0231,PDSD7062,12.141,SD7062,SD7062,measured
SD7062,SD7062,SD7062,sd7062,WIDINER,clean,,,305800,11.4,1.442,0.027,PDSD7062,12.141,SD7062,SD7062,measured
"SD7062 UST .020, .125, 15%",SD7062,SD7062,sd7062,WIDINER,tripped,0.15,,100800,-6.95,-0.165,0.034,PDSD7062UST2012515,12.142,SD7062,SD7062,measured
"SD7062 UST .020, .125, 15%",SD7062,SD7062,sd7062,WIDINER,tripped,0.15,,100800,-5.93,-0.1,0.025,PDSD7062UST2012515,12.142,SD7062,SD7062,measured
"SD7062 UST .020, .125, 15%",SD7062,SD7062,sd7062,WIDINER,tripped,0.15,,100800,-4.91,0.01,0.0218,PDSD7062UST2012515,12.142,SD7062,SD7062,measured
"SD7062 UST .020, .125, 15%",SD7062,SD7062,sd7062,WIDINER,tripped,0.15,,100800,-3.89,0.082,0.0176,PDSD7062UST2012515,12.142,SD7062,SD7062,measured
"SD7062 UST .020, .125, 15%",SD7062,SD7062,sd7062,WIDINER,tripped,0.15,,100800,-2.88,0.166,0.0162,PDSD7062UST2012515,12.142,SD7062,SD7062,measured
"SD7062 UST .020, .125, 15%",SD7062,SD7062,sd7062,WIDINER,tripped,0.15,,100800,-1.84,0.252,0.0151,PDSD7062UST2012515,12.142,SD7062,SD7062,measured
"SD7062 UST .020, .125, 15%",SD7062,SD7062,sd7062,WIDINER,tripped,0.15,,100800,-0.83,0.336,0.0151,PDSD7062UST2012515,12.142,SD7062,SD7062,measured
"SD7062 UST .020, .125, 15%",SD7062,SD7062,sd7062,WIDINER,tripped,0.15,,100800,0.18,0.457,0.0155,PDSD7062UST2012515,12.142,SD7062,SD7062,measured
"SD7062 UST .020, .125, 15%",SD7062,SD7062,sd7062,WIDINER,tripped,0.15,,100800,1.22,0.552,0.0147,PDSD7062UST2012515,12.142,SD7062,SD7062,measured
"SD7062 UST .020, .125, 15%",SD7062,SD7062,sd7062,WIDINER,tripped,0.15,,100800,2.23,0.659,0.0177,PDSD7062UST2012515,12.142,SD7062,SD7062,measured
"SD7062 UST .020, .125, 15%",SD7062,SD7062,sd7062,WIDINER,tripped,0.15,,100800,3.25,0.74,0.0176,PDSD7062UST2012515,12.142,SD7062,SD7062,measured
"SD7062 UST .020, .125, 15%",SD7062,SD7062,sd7062,WIDINER,tripped,0.15,,100800,4.28,0.835,0.0214,PDSD7062UST2012515,12.142,SD7062,SD7062,measured
"SD7062 UST .020, .125, 15%",SD7062,SD7062,sd7062,WIDINER,tripped,0.15,,100800,5.28,0.909,0.0212,PDSD7062UST2012515,12.142,SD7062,SD7062,measured
"SD7062 UST .020, .125, 15%",SD7062,SD7062,sd7062,WIDINER,tripped,0.15,,100800,6.3,1.007,0.0253,PDSD7062UST2012515,12.142,SD7062,SD7062,measured
"SD7062 UST .020, .125, 15%",SD7062,SD7062,sd7062,WIDINER,tripped,0.15,,100800,7.33,1.086,0.0252,PDSD7062UST2012515,12.142,SD7062,SD7062,measured
"SD7062 UST .020, .125, 15%",SD7062,SD7062,sd7062,WIDINER,tripped,0.15,,100800,8.34,1.171,0.0308,PDSD7062UST2012515,12.142,SD7062,SD7062,measured
"SD7062 UST .020, .125, 15%",SD7062,SD7062,sd7062,WIDINER,tripped,0.15,,100800,9.35,1.237,0.0305,PDSD7062UST2012515,12.142,SD7062,SD7062,measured
"SD7062 UST .020, .125, 15%",SD7062,SD7062,sd7062,WIDINER,tripped,0.15,,100800,10.37,1.302,0.0366,PDSD7062UST2012515,12.142,SD7062,SD7062,measured
"SD7062 UST .020, .125, 15%",SD7062,SD7062,sd7062,WIDINER,tripped,0.15,,151700,-6.95,-0.175,0.0253,PDSD7062UST2012515,12.142,SD7062,SD7062,measured
"SD7062 UST .020, .125, 15%",SD7062,SD7062,sd7062,WIDINER,tripped,0.15,,151700,-5.93,-0.099,0.0197,PDSD7062UST2012515,12.142,SD7062,SD7062,measured
"SD7062 UST .020, .125, 15%",SD7062,SD7062,sd7062,WIDINER,tripped,0.15,,151700,-4.89,-0.013,0.0163,PDSD7062UST2012515,12.142,SD7062,SD7062,measured
"SD7062 UST .020, .125, 15%",SD7062,SD7062,sd7062,WIDINER,tripped,0.15,,151700,-3.91,0.078,0.0143,PDSD7062UST2012515,12.142,SD7062,SD7062,measured
"SD7062 UST .020, .125, 15%",SD7062,SD7062,sd7062,WIDINER,tripped,0.15,,151700,-2.86,0.187,0.0136,PDSD7062UST2012515,12.142,SD7062,SD7062,measured
"SD7062 UST .020, .125, 15%",SD7062,SD7062,sd7062,WIDINER,tripped,0.15,,151700,-1.84,0.276,0.0131,PDSD7062UST2012515,12.142,SD7062,SD7062,measured
"SD7062 UST .020, .125, 15%",SD7062,SD7062,sd7062,WIDINER,tripped,0.15,,151700,-0.83,0.367,0.0126,PDSD7062UST2012515,12.142,SD7062,SD7062,measured
"SD7062 UST .020, .125, 15%",SD7062,SD7062,sd7062,WIDINER,tripped,0.15,,151700,0.2,0.472,0.0128,PDSD7062UST2012515,12.142,SD7062,SD7062,measured
"SD7062 UST .020, .125, 15%",SD7062,SD7062,sd7062,WIDINER,tripped,0.15,,151700,1.21,0.572,0.014,PDSD7062UST2012515,12.142,SD7062,SD7062,measured
"SD7062 UST .020, .125, 15%",SD7062,SD7062,sd7062,WIDINER,tripped,0.15,,151700,2.24,0.671,0.0159,PDSD7062UST2012515,12.142,SD7062,SD7062,measured
"SD7062 UST .020, .125, 15%",SD7062,SD7062,sd7062,WIDINER,tripped,0.15,,151700,3.26,0.765,0.0168,PDSD7062UST2012515,12.142,SD7062,SD7062,measured
"SD7062 UST .020, .125, 15%",SD7062,SD7062,sd7062,WIDINER,tripped,0.15,,151700,4.26,0.85,0.0182,PDSD7062UST2012515,12.142,SD7062,SD7062,measured
"SD7062 UST .020, .125, 15%",SD7062,SD7062,sd7062,WIDINER,tripped,0.15,,151700,5.3,0.941,0.019,PDSD7062UST2012515,12.142,SD7062,SD7062,measured
"SD7062 UST .020, .125, 15%",SD7062,SD7062,sd7062,WIDINER,tripped,0.15,,151700,6.31,1.032,0.0207,PDSD7062UST2012515,12.142,SD7062,SD7062,measured
"SD7062 UST .020, .125, 15%",SD7062,SD7062,sd7062,WIDINER,tripped,0.15,,151700,7.34,1.124,0.0225,PDSD7062UST2012515,12.142,SD7062,SD7062,measured
"SD7062 UST .020, .125, 15%",SD7062,SD7062,sd7062,WIDINER,tripped,0.15,,151700,8.35,1.208,0.0251,PDSD7062UST2012515,12.142,SD7062,SD7062,measured
"SD7062 UST .020, .125, 15%",SD7062,SD7062,sd7062,WIDINER,tripped,0.15,,151700,9.37,1.288,0.0277,PDSD7062UST2012515,12.142,SD7062,SD7062,measured
"SD7062 UST .020, .125, 15%",SD7062,SD7062,sd7062,WIDINER,tripped,0.15,,151700,10.39,1.364,0.0305,PDSD7062UST2012515,12.142,SD7062,SD7062,measured
"SD7062 UST .020, .125, 15%",SD7062,SD7062,sd7062,WIDINER,tripped,0.15,,151700,11.4,1.419,0.0352,PDSD7062UST2012515,12.142,SD7062,SD7062,measured
"SD7062 UST .020, .125, 15%",SD7062,SD7062,sd7062,WIDINER,tripped,0.15,,151700,12.41,1.458,0.041,PDSD7062UST2012515,12.142,SD7062,SD7062,measured
"SD7062 UST .020, .125, 15%",SD7062,SD7062,sd7062,WIDINER,tripped,0.15,,204500,-6.97,-0.204,0.0216,PDSD7062UST2012515,12.142,SD7062,SD7062,measured
"SD7062 UST .020, .125, 15%",SD7062,SD7062,sd7062,WIDINER,tripped,0.15,,204500,-5.94,-0.115,0.0176,PDSD7062UST2012515,12.142,SD7062,SD7062,measured
"SD7062 UST .020, .125, 15%",SD7062,SD7062,sd7062,WIDINER,tripped,0.15,,204500,-4.92,-0.023,0.0144,PDSD7062UST2012515,12.142,SD7062,SD7062,measured
"SD7062 UST .020, .125, 15%",SD7062,SD7062,sd7062,WIDINER,tripped,0.15,,204500,-3.88,0.076,0.0139,PDSD7062UST2012515,12.142,SD7062,SD7062,measured
"SD7062 UST .020, .125, 15%",SD7062,SD7062,sd7062,WIDINER,tripped,0.15,,204500,-2.88,0.173,0.0126,PDSD7062UST2012515,12.142,SD7062,SD7062,measured
"SD7062 UST .020, .125, 15%",SD7062,SD7062,sd7062,WIDINER,tripped,0.15,,204500,-1.85,0.272,0.0126,PDSD7062UST2012515,12.142,SD7062,SD7062,measured
"SD7062 UST .020, .125, 15%",SD7062,SD7062,sd7062,WIDINER,tripped,0.15,,204500,-0.83,0.371,0.0128,PDSD7062UST2012515,12.142,SD7062,SD7062,measured
"SD7062 UST .020, .125, 15%",SD7062,SD7062,sd7062,WIDINER,tripped,0.15,,204500,0.19,0.465,0.0125,PDSD7062UST2012515,12.142,SD7062,SD7062,measured
"SD7062 UST .020, .125, 15%",SD7062,SD7062,sd7062,WIDINER,tripped,0.15,,204500,1.21,0.57,0.0133,PDSD7062UST2012515,12.142,SD7062,SD7062,measured
"SD7062 UST .020, .125, 15%",SD7062,SD7062,sd7062,WIDINER,tripped,0.15,,204500,2.23,0.668,0.0141,PDSD7062UST2012515,12.142,SD7062,SD7062,measured
"SD7062 UST .020, .125, 15%",SD7062,SD7062,sd7062,WIDINER,tripped,0.15,,204500,3.25,0.77,0.0155,PDSD7062UST2012515,12.142,SD7062,SD7062,measured
"SD7062 UST .020, .125, 15%",SD7062,SD7062,sd7062,WIDINER,tripped,0.15,,204500,4.27,0.864,0.0171,PDSD7062UST2012515,12.142,SD7062,SD7062,measured
"SD7062 UST .020, .125, 15%",SD7062,SD7062,sd7062,WIDINER,tripped,0.15,,204500,5.29,0.953,0.0179,PDSD7062UST2012515,12.142,SD7062,SD7062,measured
"SD7062 UST .020, .125, 15%",SD7062,SD7062,sd7062,WIDINER,tripped,0.15,,204500,6.31,1.045,0.0191,PDSD7062UST2012515,12.142,SD7062,SD7062,measured
"SD7062 UST .020, .125, 15%",SD7062,SD7062,sd7062,WIDINER,tripped,0.15,,204500,7.34,1.133,0.0206,PDSD7062UST2012515,12.142,SD7062,SD7062,measured
"SD7062 UST .020, .125, 15%",SD7062,SD7062,sd7062,WIDINER,tripped,0.15,,204500,8.35,1.218,0.0223,PDSD7062UST2012515,12.142,SD7062,SD7062,measured
"SD7062 UST .020, .125, 15%",SD7062,SD7062,sd7062,WIDINER,tripped,0.15,,204500,9.36,1.299,0.0245,PDSD7062UST2012515,12.142,SD7062,SD7062,measured
"SD7062 UST .020, .125, 15%",SD7062,SD7062,sd7062,WIDINER,tripped,0.15,,204500,10.39,1.376,0.0267,PDSD7062UST2012515,12.142,SD7062,SD7062,measured
"SD7062 UST .020, .125, 15%",SD7062,SD7062,sd7062,WIDINER,tripped,0.15,,204500,11.4,1.439,0.0298,PDSD7062UST2012515,12.142,SD7062,SD7062,measured
"SD7062 UST .020, .125, 15%",SD7062,SD7062,sd7062,WIDINER,tripped,0.15,,204500,12.41,1.488,0.0348,PDSD7062UST2012515,12.142,SD7062,SD7062,measured
"SD7062 UST .020, .125, 15%",SD7062,SD7062,sd7062,WIDINER,tripped,0.15,,204500,13.41,1.515,0.0443,PDSD7062UST2012515,12.142,SD7062,SD7062,measured
"SD7062 UST .020, .125, 15%",SD7062,SD7062,sd7062,WIDINER,tripped,0.15,,302700,-6.98,-0.222,0.0183,PDSD7062UST2012515,12.142,SD7062,SD7062,measured
"SD7062 UST .020, .125, 15%",SD7062,SD7062,sd7062,WIDINER,tripped,0.15,,302700,-5.98,-0.131,0.0158,PDSD7062UST2012515,12.142,SD7062,SD7062,measured
"SD7062 UST .020, .125, 15%",SD7062,SD7062,sd7062,WIDINER,tripped,0.15,,302700,-4.93,-0.034,0.0141,PDSD7062UST2012515,12.142,SD7062,SD7062,measured
"SD7062 UST .020, .125, 15%",SD7062,SD7062,sd7062,WIDINER,tripped,0.15,,302700,-3.91,0.064,0.0141,PDSD7062UST2012515,12.142,SD7062,SD7062,measured
"SD7062 UST .020, .125, 15%",SD7062,SD7062,sd7062,WIDINER,tripped,0.15,,302700,-2.88,0.167,0.0136,PDSD7062UST2012515,12.142,SD7062,SD7062,measured
"SD7062 UST .020, .125, 15%",SD7062,SD7062,sd7062,WIDINER,tripped,0.15,,302700,-1.86,0.268,0.0128,PDSD7062UST2012515,12.142,SD7062,SD7062,measured
"SD7062 UST .020, .125, 15%",SD7062,SD7062,sd7062,WIDINER,tripped,0.15,,302700,-0.84,0.372,0.0129,PDSD7062UST2012515,12.142,SD7062,SD7062,measured
"SD7062 UST .020, .125, 15%",SD7062,SD7062,sd7062,WIDINER,tripped,0.15,,302700,0.19,0.47,0.0129,PDSD7062UST2012515,12.142,SD7062,SD7062,measured
"SD7062 UST .020, .125, 15%",SD7062,SD7062,sd7062,WIDINER,tripped,0.15,,302700,1.22,0.57,0.013,PDSD7062UST2012515,12.142,SD7062,SD7062,measured
"SD7062 UST .020, .125, 15%",SD7062,SD7062,sd7062,WIDINER,tripped,0.15,,302700,2.24,0.677,0.0138,PDSD7062UST2012515,12.142,SD7062,SD7062,measured
"SD7062 UST .020, .125, 15%",SD7062,SD7062,sd7062,WIDINER,tripped,0.15,,302700,3.24,0.776,0.0148,PDSD7062UST2012515,12.142,SD7062,SD7062,measured
"SD7062 UST .020, .125, 15%",SD7062,SD7062,sd7062,WIDINER,tripped,0.15,,302700,4.28,0.871,0.0158,PDSD7062UST2012515,12.142,SD7062,SD7062,measured
"SD7062 UST .020, .125, 15%",SD7062,SD7062,sd7062,WIDINER,tripped,0.15,,302700,5.29,0.964,0.0168,PDSD7062UST2012515,12.142,SD7062,SD7062,measured
"SD7062 UST .020, .125, 15%",SD7062,SD7062,sd7062,WIDINER,tripped,0.15,,302700,6.32,1.055,0.0179,PDSD7062UST2012515,12.142,SD7062,SD7062,measured
"SD7062 UST .020, .125, 15%",SD7062,SD7062,sd7062,WIDINER,tripped,0.15,,302700,7.33,1.143,0.0191,PDSD7062UST2012515,12.142,SD7062,SD7062,measured
"SD7062 UST .020, .125, 15%",SD7062,SD7062,sd7062,WIDINER,tripped,0.15,,302700,8.36,1.231,0.0205,PDSD7062UST2012515,12.142,SD7062,SD7062,measured
"SD7062 UST .020, .125, 15%",SD7062,SD7062,sd7062,WIDINER,tripped,0.15,,302700,9.38,1.311,0.0222,PDSD7062UST2012515,12.142,SD7062,SD7062,measured
"SD7062 UST .020, .125, 15%",SD7062,SD7062,sd7062,WIDINER,tripped,0.15,,302700,10.37,1.384,0.0244,PDSD7062UST2012515,12.142,SD7062,SD7062,measured
"SD7062 UST .020, .125, 15%",SD7062,SD7062,sd7062,WIDINER,tripped,0.15,,302700,11.39,1.44,0.0296,PDSD7062UST2012515,12.142,SD7062,SD7062,measured
"SD7062 UST .020, .125, 15%",SD7062,SD7062,sd7062,WIDINER,tripped,0.15,,302700,12.41,1.47,0.0411,PDSD7062UST2012515,12.142,SD7062,SD7062,measured
SD7062 PLAIN & TWO TRIPS,SD7062,SD7062,sd7062,WIDINER,other,,,207600,-6.94,-0.197,0.0222,PDSD7062COMPD2,12.143,SD7062,SD7062,measured
SD7062 PLAIN & TWO TRIPS,SD7062,SD7062,sd7062,WIDINER,other,,,207600,-5.95,-0.11,0.0181,PDSD7062COMPD2,12.143,SD7062,SD7062,measured
SD7062 PLAIN & TWO TRIPS,SD7062,SD7062,sd7062,WIDINER,other,,,207600,-4.91,-0.014,0.0151,PDSD7062COMPD2,12.143,SD7062,SD7062,measured
SD7062 PLAIN & TWO TRIPS,SD7062,SD7062,sd7062,WIDINER,other,,,207600,-3.9,0.084,0.0145,PDSD7062COMPD2,12.143,SD7062,SD7062,measured
SD7062 PLAIN & TWO TRIPS,SD7062,SD7062,sd7062,WIDINER,other,,,207600,-2.86,0.188,0.0129,PDSD7062COMPD2,12.143,SD7062,SD7062,measured
SD7062 PLAIN & TWO TRIPS,SD7062,SD7062,sd7062,WIDINER,other,,,207600,-1.85,0.292,0.0121,PDSD7062COMPD2,12.143,SD7062,SD7062,measured
SD7062 PLAIN & TWO TRIPS,SD7062,SD7062,sd7062,WIDINER,other,,,207600,-0.84,0.394,0.0117,PDSD7062COMPD2,12.143,SD7062,SD7062,measured
SD7062 PLAIN & TWO TRIPS,SD7062,SD7062,sd7062,WIDINER,other,,,207600,0.2,0.497,0.0113,PDSD7062COMPD2,12.143,SD7062,SD7062,measured
SD7062 PLAIN & TWO TRIPS,SD7062,SD7062,sd7062,WIDINER,other,,,207600,1.22,0.607,0.0115,PDSD7062COMPD2,12.143,SD7062,SD7062,measured
SD7062 PLAIN & TWO TRIPS,SD7062,SD7062,sd7062,WIDINER,other,,,207600,2.24,0.714,0.0123,PDSD7062COMPD2,12.143,SD7062,SD7062,measured
SD7062 PLAIN & TWO TRIPS,SD7062,SD7062,sd7062,WIDINER,other,,,207600,3.27,0.817,0.013,PDSD7062COMPD2,12.143,SD7062,SD7062,measured
SD7062 PLAIN & TWO TRIPS,SD7062,SD7062,sd7062,WIDINER,other,,,207600,4.29,0.917,0.0139,PDSD7062COMPD2,12.143,SD7062,SD7062,measured
SD7062 PLAIN & TWO TRIPS,SD7062,SD7062,sd7062,WIDINER,other,,,207600,5.31,1.012,0.0155,PDSD7062COMPD2,12.143,SD7062,SD7062,measured
SD7062 PLAIN & TWO TRIPS,SD7062,SD7062,sd7062,WIDINER,other,,,207600,6.34,1.106,0.0171,PDSD7062COMPD2,12.143,SD7062,SD7062,measured
SD7062 PLAIN & TWO TRIPS,SD7062,SD7062,sd7062,WIDINER,other,,,207600,7.36,1.196,0.0191,PDSD7062COMPD2,12.143,SD7062,SD7062,measured
SD7062 PLAIN & TWO TRIPS,SD7062,SD7062,sd7062,WIDINER,other,,,207600,8.37,1.278,0.0207,PDSD7062COMPD2,12.143,SD7062,SD7062,measured
SD7062 PLAIN & TWO TRIPS,SD7062,SD7062,sd7062,WIDINER,other,,,207600,9.39,1.353,0.0227,PDSD7062COMPD2,12.143,SD7062,SD7062,measured
SD7062 PLAIN & TWO TRIPS,SD7062,SD7062,sd7062,WIDINER,other,,,207600,10.41,1.417,0.0261,PDSD7062COMPD2,12.143,SD7062,SD7062,measured
SD7062 PLAIN & TWO TRIPS,SD7062,SD7062,sd7062,WIDINER,other,,,207600,11.41,1.47,0.0298,PDSD7062COMPD2,12.143,SD7062,SD7062,measured
SD7062 PLAIN & TWO TRIPS,SD7062,SD7062,sd7062,WIDINER,other,,,207600,12.42,1.504,0.04,PDSD7062COMPD2,12.143,SD7062,SD7062,measured
SD7062 PLAIN & TWO TRIPS,SD7062,SD7062,sd7062,WIDINER,other,,,207600,13.42,1.527,0.0525,PDSD7062COMPD2,12.143,SD7062,SD7062,measured
SD7062 PLAIN & TWO TRIPS,SD7062,SD7062,sd7062,WIDINER,other,,,207600,14.43,1.538,0.0602,PDSD7062COMPD2,12.143,SD7062,SD7062,measured
SD7062 PLAIN & TWO TRIPS,SD7062,SD7062,sd7062,WIDINER,other,,,204900,-6.95,-0.2,0.0222,PDSD7062COMPD2,12.143,SD7062,SD7062,measured
SD7062 PLAIN & TWO TRIPS,SD7062,SD7062,sd7062,WIDINER,other,,,204900,-5.96,-0.116,0.0177,PDSD7062COMPD2,12.143,SD7062,SD7062,measured
SD7062 PLAIN & TWO TRIPS,SD7062,SD7062,sd7062,WIDINER,other,,,204900,-4.93,-0.022,0.0148,PDSD7062COMPD2,12.143,SD7062,SD7062,measured
SD7062 PLAIN & TWO TRIPS,SD7062,SD7062,sd7062,WIDINER,other,,,204900,-3.89,0.081,0.0136,PDSD7062COMPD2,12.143,SD7062,SD7062,measured
SD7062 PLAIN & TWO TRIPS,SD7062,SD7062,sd7062,WIDINER,other,,,204900,-2.88,0.177,0.0122,PDSD7062COMPD2,12.143,SD7062,SD7062,measured
SD7062 PLAIN & TWO TRIPS,SD7062,SD7062,sd7062,WIDINER,other,,,204900,-1.86,0.28,0.0113,PDSD7062COMPD2,12.143,SD7062,SD7062,measured
SD7062 PLAIN & TWO TRIPS,SD7062,SD7062,sd7062,WIDINER,other,,,204900,-0.85,0.381,0.0114,PDSD7062COMPD2,12.143,SD7062,SD7062,measured
SD7062 PLAIN & TWO TRIPS,SD7062,SD7062,sd7062,WIDINER,other,,,204900,0.2,0.48,0.0109,PDSD7062COMPD2,12.143,SD7062,SD7062,measured
SD7062 PLAIN & TWO TRIPS,SD7062,SD7062,sd7062,WIDINER,other,,,204900,1.21,0.587,0.0115,PDSD7062COMPD2,12.143,SD7062,SD7062,measured
SD7062 PLAIN & TWO TRIPS,SD7062,SD7062,sd7062,WIDINER,other,,,204900,2.23,0.691,0.0125,PDSD7062COMPD2,12.143,SD7062,SD7062,measured
SD7062 PLAIN & TWO TRIPS,SD7062,SD7062,sd7062,WIDINER,other,,,204900,3.26,0.79,0.0135,PDSD7062COMPD2,12.143,SD7062,SD7062,measured
SD7062 PLAIN & TWO TRIPS,SD7062,SD7062,sd7062,WIDINER,other,,,204900,4.28,0.885,0.0145,PDSD7062COMPD2,12.143,SD7062,SD7062,measured
SD7062 PLAIN & TWO TRIPS,SD7062,SD7062,sd7062,WIDINER,other,,,204900,5.29,0.98,0.0154,PDSD7062COMPD2,12.143,SD7062,SD7062,measured
SD7062 PLAIN & TWO TRIPS,SD7062,SD7062,sd7062,WIDINER,other,,,204900,6.32,1.072,0.0165,PDSD7062COMPD2,12.143,SD7062,SD7062,measured
SD7062 PLAIN & TWO TRIPS,SD7062,SD7062,sd7062,WIDINER,other,,,204900,7.33,1.158,0.0182,PDSD7062COMPD2,12.143,SD7062,SD7062,measured
SD7062 PLAIN & TWO TRIPS,SD7062,SD7062,sd7062,WIDINER,other,,,204900,8.36,1.242,0.0203,PDSD7062COMPD2,12.143,SD7062,SD7062,measured
SD7062 PLAIN & TWO TRIPS,SD7062,SD7062,sd7062,WIDINER,other,,,204900,9.37,1.32,0.0222,PDSD7062COMPD2,12.143,SD7062,SD7062,measured
SD7062 PLAIN & TWO TRIPS,SD7062,SD7062,sd7062,WIDINER,other,,,204900,10.39,1.389,0.0254,PDSD7062COMPD2,12.143,SD7062,SD7062,measured
SD7062 PLAIN & TWO TRIPS,SD7062,SD7062,sd7062,WIDINER,other,,,204900,11.4,1.444,0.0292,PDSD7062COMPD2,12.143,SD7062,SD7062,measured
SD7062 PLAIN & TWO TRIPS,SD7062,SD7062,sd7062,WIDINER,other,,,204900,12.42,1.481,0.0356,PDSD7062COMPD2,12.143,SD7062,SD7062,measured
SD7062 PLAIN & TWO TRIPS,SD7062,SD7062,sd7062,WIDINER,other,,,204500,-6.97,-0.204,0.0216,PDSD7062COMPD2,12.143,SD7062,SD7062,measured
SD7062 PLAIN & TWO TRIPS,SD7062,SD7062,sd7062,WIDINER,other,,,204500,-5.94,-0.115,0.0176,PDSD7062COMPD2,12.143,SD7062,SD7062,measured
SD7062 PLAIN & TWO TRIPS,SD7062,SD7062,sd7062,WIDINER,other,,,204500,-4.92,-0.023,0.0144,PDSD7062COMPD2,12.143,SD7062,SD7062,measured
SD7062 PLAIN & TWO TRIPS,SD7062,SD7062,sd7062,WIDINER,other,,,204500,-3.88,0.076,0.0139,PDSD7062COMPD2,12.143,SD7062,SD7062,measured
SD7062 PLAIN & TWO TRIPS,SD7062,SD7062,sd7062,WIDINER,other,,,204500,-2.88,0.173,0.0126,PDSD7062COMPD2,12.143,SD7062,SD7062,measured
SD7062 PLAIN & TWO TRIPS,SD7062,SD7062,sd7062,WIDINER,other,,,204500,-1.85,0.272,0.0126,PDSD7062COMPD2,12.143,SD7062,SD7062,measured
SD7062 PLAIN & TWO TRIPS,SD7062,SD7062,sd7062,WIDINER,other,,,204500,-0.83,0.371,0.0128,PDSD7062COMPD2,12.143,SD7062,SD7062,measured
SD7062 PLAIN & TWO TRIPS,SD7062,SD7062,sd7062,WIDINER,other,,,204500,0.19,0.465,0.0125,PDSD7062COMPD2,12.143,SD7062,SD7062,measured
SD7062 PLAIN & TWO TRIPS,SD7062,SD7062,sd7062,WIDINER,other,,,204500,1.21,0.57,0.0133,PDSD7062COMPD2,12.143,SD7062,SD7062,measured
SD7062 PLAIN & TWO TRIPS,SD7062,SD7062,sd7062,WIDINER,other,,,204500,2.23,0.668,0.0141,PDSD7062COMPD2,12.143,SD7062,SD7062,measured
SD7062 PLAIN & TWO TRIPS,SD7062,SD7062,sd7062,WIDINER,other,,,204500,3.25,0.77,0.0155,PDSD7062COMPD2,12.143,SD7062,SD7062,measured
SD7062 PLAIN & TWO TRIPS,SD7062,SD7062,sd7062,WIDINER,other,,,204500,4.27,0.864,0.0171,PDSD7062COMPD2,12.143,SD7062,SD7062,measured
SD7062 PLAIN & TWO TRIPS,SD7062,SD7062,sd7062,WIDINER,other,,,204500,5.29,0.953,0.0179,PDSD7062COMPD2,12.143,SD7062,SD7062,measured
SD7062 PLAIN & TWO TRIPS,SD7062,SD7062,sd7062,WIDINER,other,,,204500,6.31,1.045,0.0191,PDSD7062COMPD2,12.143,SD7062,SD7062,measured
SD7062 PLAIN & TWO TRIPS,SD7062,SD7062,sd7062,WIDINER,other,,,204500,7.34,1.133,0.0206,PDSD7062COMPD2,12.143,SD7062,SD7062,measured
SD7062 PLAIN & TWO TRIPS,SD7062,SD7062,sd7062,WIDINER,other,,,204500,8.35,1.218,0.0223,PDSD7062COMPD2,12.143,SD7062,SD7062,measured
SD7062 PLAIN & TWO TRIPS,SD7062,SD7062,sd7062,WIDINER,other,,,204500,9.36,1.299,0.0245,PDSD7062COMPD2,12.143,SD7062,SD7062,measured
SD7062 PLAIN & TWO TRIPS,SD7062,SD7062,sd7062,WIDINER,other,,,204500,10.39,1.376,0.0267,PDSD7062COMPD2,12.143,SD7062,SD7062,measured
SD7062 PLAIN & TWO TRIPS,SD7062,SD7062,sd7062,WIDINER,other,,,204500,11.4,1.439,0.0298,PDSD7062COMPD2,12.143,SD7062,SD7062,measured
SD7062 PLAIN & TWO TRIPS,SD7062,SD7062,sd7062,WIDINER,other,,,204500,12.41,1.488,0.0348,PDSD7062COMPD2,12.143,SD7062,SD7062,measured
SD7062 PLAIN & TWO TRIPS,SD7062,SD7062,sd7062,WIDINER,other,,,204500,13.41,1.515,0.0443,PDSD7062COMPD2,12.143,SD7062,SD7062,measured
SD7080,SD7080,SD7080,sd7080,ILLICK,clean,,,62600,-3.95,-0.244,0.0198,PDSD7080,12.144,SD7080,SD7080,measured
SD7080,SD7080,SD7080,sd7080,ILLICK,clean,,,62600,-2.94,-0.16,0.0179,PDSD7080,12.144,SD7080,SD7080,measured
SD7080,SD7080,SD7080,sd7080,ILLICK,clean,,,62600,-1.93,-0.058,0.0144,PDSD7080,12.144,SD7080,SD7080,measured
SD7080,SD7080,SD7080,sd7080,ILLICK,clean,,,62600,-0.91,0.056,0.0179,PDSD7080,12.144,SD7080,SD7080,measured
SD7080,SD7080,SD7080,sd7080,ILLICK,clean,,,62600,0.11,0.228,0.0176,PDSD7080,12.144,SD7080,SD7080,measured
SD7080,SD7080,SD7080,sd7080,ILLICK,clean,,,62600,1.17,0.371,0.0184,PDSD7080,12.144,SD7080,SD7080,measured
SD7080,SD7080,SD7080,sd7080,ILLICK,clean,,,62600,2.2,0.482,0.0185,PDSD7080,12.144,SD7080,SD7080,measured
SD7080,SD7080,SD7080,sd7080,ILLICK,clean,,,62600,3.22,0.576,0.0199,PDSD7080,12.144,SD7080,SD7080,measured
SD7080,SD7080,SD7080,sd7080,ILLICK,clean,,,62600,4.22,0.645,0.0194,PDSD7080,12.144,SD7080,SD7080,measured
SD7080,SD7080,SD7080,sd7080,ILLICK,clean,,,62600,5.25,0.726,0.0238,PDSD7080,12.144,SD7080,SD7080,measured
SD7080,SD7080,SD7080,sd7080,ILLICK,clean,,,62600,6.26,0.801,0.0265,PDSD7080,12.144,SD7080,SD7080,measured
SD7080,SD7080,SD7080,sd7080,ILLICK,clean,,,62600,7.27,0.876,0.0273,PDSD7080,12.144,SD7080,SD7080,measured
SD7080,SD7080,SD7080,sd7080,ILLICK,clean,,,62600,8.29,0.924,0.0303,PDSD7080,12.144,SD7080,SD7080,measured
SD7080,SD7080,SD7080,sd7080,ILLICK,clean,,,62600,9.31,0.994,0.0323,PDSD7080,12.144,SD7080,SD7080,measured
SD7080,SD7080,SD7080,sd7080,ILLICK,clean,,,62600,10.31,1.054,0.0402,PDSD7080,12.144,SD7080,SD7080,measured
SD7080,SD7080,SD7080,sd7080,ILLICK,clean,,,103500,-3.98,-0.252,0.0182,PDSD7080,12.144,SD7080,SD7080,measured
SD7080,SD7080,SD7080,sd7080,ILLICK,clean,,,103500,-2.95,-0.156,0.0171,PDSD7080,12.144,SD7080,SD7080,measured
SD7080,SD7080,SD7080,sd7080,ILLICK,clean,,,103500,-1.92,-0.029,0.0137,PDSD7080,12.144,SD7080,SD7080,measured
SD7080,SD7080,SD7080,sd7080,ILLICK,clean,,,103500,-0.9,0.109,0.0123,PDSD7080,12.144,SD7080,SD7080,measured
SD7080,SD7080,SD7080,sd7080,ILLICK,clean,,,103500,0.14,0.243,0.0128,PDSD7080,12.144,SD7080,SD7080,measured
SD7080,SD7080,SD7080,sd7080,ILLICK,clean,,,103500,1.16,0.351,0.0153,PDSD7080,12.144,SD7080,SD7080,measured
SD7080,SD7080,SD7080,sd7080,ILLICK,clean,,,103500,2.18,0.448,0.0126,PDSD7080,12.144,SD7080,SD7080,measured
SD7080,SD7080,SD7080,sd7080,ILLICK,clean,,,103500,3.2,0.535,0.0144,PDSD7080,12.144,SD7080,SD7080,measured
SD7080,SD7080,SD7080,sd7080,ILLICK,clean,,,103500,4.22,0.629,0.017,PDSD7080,12.144,SD7080,SD7080,measured
SD7080,SD7080,SD7080,sd7080,ILLICK,clean,,,103500,5.25,0.726,0.0171,PDSD7080,12.144,SD7080,SD7080,measured
SD7080,SD7080,SD7080,sd7080,ILLICK,clean,,,103500,6.26,0.803,0.0197,PDSD7080,12.144,SD7080,SD7080,measured
SD7080,SD7080,SD7080,sd7080,ILLICK,clean,,,103500,7.28,0.868,0.0208,PDSD7080,12.144,SD7080,SD7080,measured
SD7080,SD7080,SD7080,sd7080,ILLICK,clean,,,103500,8.3,0.932,0.0291,PDSD7080,12.144,SD7080,SD7080,measured
SD7080,SD7080,SD7080,sd7080,ILLICK,clean,,,103500,9.31,0.973,0.0283,PDSD7080,12.144,SD7080,SD7080,measured
SD7080,SD7080,SD7080,sd7080,ILLICK,clean,,,103500,10.31,0.999,0.0628,PDSD7080,12.144,SD7080,SD7080,measured
SD7080,SD7080,SD7080,sd7080,ILLICK,clean,,,149800,-6.0,-0.388,0.0349,PDSD7080,12.144,SD7080,SD7080,measured
SD7080,SD7080,SD7080,sd7080,ILLICK,clean,,,149800,-4.98,-0.305,0.026,PDSD7080,12.144,SD7080,SD7080,measured
SD7080,SD7080,SD7080,sd7080,ILLICK,clean,,,149800,-3.95,-0.186,0.0195,PDSD7080,12.144,SD7080,SD7080,measured
SD7080,SD7080,SD7080,sd7080,ILLICK,clean,,,149800,-2.94,-0.079,0.0147,PDSD7080,12.144,SD7080,SD7080,measured
SD7080,SD7080,SD7080,sd7080,ILLICK,clean,,,149800,-1.91,0.034,0.0115,PDSD7080,12.144,SD7080,SD7080,measured
SD7080,SD7080,SD7080,sd7080,ILLICK,clean,,,149800,-0.89,0.171,0.0106,PDSD7080,12.144,SD7080,SD7080,measured
SD7080,SD7080,SD7080,sd7080,ILLICK,clean,,,149800,0.15,0.267,0.0105,PDSD7080,12.144,SD7080,SD7080,measured
SD7080,SD7080,SD7080,sd7080,ILLICK,clean,,,149800,1.17,0.361,0.0107,PDSD7080,12.144,SD7080,SD7080,measured
SD7080,SD7080,SD7080,sd7080,ILLICK,clean,,,149800,2.2,0.461,0.0106,PDSD7080,12.144,SD7080,SD7080,measured
SD7080,SD7080,SD7080,sd7080,ILLICK,clean,,,149800,3.21,0.555,0.0112,PDSD7080,12.144,SD7080,SD7080,measured
SD7080,SD7080,SD7080,sd7080,ILLICK,clean,,,149800,4.24,0.648,0.013,PDSD7080,12.144,SD7080,SD7080,measured
SD7080,SD7080,SD7080,sd7080,ILLICK,clean,,,149800,5.25,0.74,0.0146,PDSD7080,12.144,SD7080,SD7080,measured
SD7080,SD7080,SD7080,sd7080,ILLICK,clean,,,149800,6.27,0.83,0.0168,PDSD7080,12.144,SD7080,SD7080,measured
SD7080,SD7080,SD7080,sd7080,ILLICK,clean,,,149800,7.28,0.92,0.0192,PDSD7080,12.144,SD7080,SD7080,measured
SD7080,SD7080,SD7080,sd7080,ILLICK,clean,,,149800,8.3,0.977,0.0228,PDSD7080,12.144,SD7080,SD7080,measured
SD7080,SD7080,SD7080,sd7080,ILLICK,clean,,,149800,9.31,1.013,0.0304,PDSD7080,12.144,SD7080,SD7080,measured
SD7080,SD7080,SD7080,sd7080,ILLICK,clean,,,149800,10.32,1.041,0.0379,PDSD7080,12.144,SD7080,SD7080,measured
SD7080,SD7080,SD7080,sd7080,ILLICK,clean,,,149800,11.32,1.049,0.0506,PDSD7080,12.144,SD7080,SD7080,measured
SD7080,SD7080,SD7080,sd7080,ILLICK,clean,,,149800,12.32,1.026,0.0691,PDSD7080,12.144,SD7080,SD7080,measured
SD7080,SD7080,SD7080,sd7080,ILLICK,clean,,,149800,13.33,1.004,0.1087,PDSD7080,12.144,SD7080,SD7080,measured
SD7080,SD7080,SD7080,sd7080,ILLICK,clean,,,205700,-6.0,-0.391,0.0392,PDSD7080,12.144,SD7080,SD7080,measured
SD7080,SD7080,SD7080,sd7080,ILLICK,clean,,,205700,-4.98,-0.3,0.025,PDSD7080,12.144,SD7080,SD7080,measured
SD7080,SD7080,SD7080,sd7080,ILLICK,clean,,,205700,-3.96,-0.187,0.0175,PDSD7080,12.144,SD7080,SD7080,measured
SD7080,SD7080,SD7080,sd7080,ILLICK,clean,,,205700,-2.93,-0.074,0.0143,PDSD7080,12.144,SD7080,SD7080,measured
SD7080,SD7080,SD7080,sd7080,ILLICK,clean,,,205700,-1.91,0.028,0.0111,PDSD7080,12.144,SD7080,SD7080,measured
SD7080,SD7080,SD7080,sd7080,ILLICK,clean,,,205700,-0.88,0.129,0.0084,PDSD7080,12.144,SD7080,SD7080,measured
SD7080,SD7080,SD7080,sd7080,ILLICK,clean,,,205700,0.14,0.24,0.0083,PDSD7080,12.144,SD7080,SD7080,measured
SD7080,SD7080,SD7080,sd7080,ILLICK,clean,,,205700,1.17,0.34,0.0086,PDSD7080,12.144,SD7080,SD7080,measured
SD7080,SD7080,SD7080,sd7080,ILLICK,clean,,,205700,2.18,0.435,0.0087,PDSD7080,12.144,SD7080,SD7080,measured
SD7080,SD7080,SD7080,sd7080,ILLICK,clean,,,205700,3.21,0.533,0.0097,PDSD7080,12.144,SD7080,SD7080,measured
SD7080,SD7080,SD7080,sd7080,ILLICK,clean,,,205700,4.24,0.625,0.0112,PDSD7080,12.144,SD7080,SD7080,measured
SD7080,SD7080,SD7080,sd7080,ILLICK,clean,,,205700,5.25,0.721,0.0126,PDSD7080,12.144,SD7080,SD7080,measured
SD7080,SD7080,SD7080,sd7080,ILLICK,clean,,,205700,6.27,0.813,0.0138,PDSD7080,12.144,SD7080,SD7080,measured
SD7080,SD7080,SD7080,sd7080,ILLICK,clean,,,205700,7.29,0.9,0.0158,PDSD7080,12.144,SD7080,SD7080,measured
SD7080,SD7080,SD7080,sd7080,ILLICK,clean,,,205700,8.3,0.961,0.0197,PDSD7080,12.144,SD7080,SD7080,measured
SD7080,SD7080,SD7080,sd7080,ILLICK,clean,,,205700,9.31,1.007,0.0246,PDSD7080,12.144,SD7080,SD7080,measured
SD7080,SD7080,SD7080,sd7080,ILLICK,clean,,,205700,10.31,1.042,0.0323,PDSD7080,12.144,SD7080,SD7080,measured
SD7080,SD7080,SD7080,sd7080,ILLICK,clean,,,205700,11.32,1.056,0.0407,PDSD7080,12.144,SD7080,SD7080,measured
SD7080,SD7080,SD7080,sd7080,ILLICK,clean,,,205700,12.32,1.044,0.0508,PDSD7080,12.144,SD7080,SD7080,measured
SD7080,SD7080,SD7080,sd7080,ILLICK,clean,,,205700,13.31,1.007,0.0744,PDSD7080,12.144,SD7080,SD7080,measured
SD7080,SD7080,SD7080,sd7080,ILLICK,clean,,,301800,-6.02,-0.393,0.036,PDSD7080,12.144,SD7080,SD7080,measured
SD7080,SD7080,SD7080,sd7080,ILLICK,clean,,,301800,-4.99,-0.285,0.021,PDSD7080,12.144,SD7080,SD7080,measured
SD7080,SD7080,SD7080,sd7080,ILLICK,clean,,,301800,-3.96,-0.18,0.0153,PDSD7080,12.144,SD7080,SD7080,measured
SD7080,SD7080,SD7080,sd7080,ILLICK,clean,,,301800,-2.97,-0.092,0.0127,PDSD7080,12.144,SD7080,SD7080,measured
SD7080,SD7080,SD7080,sd7080,ILLICK,clean,,,301800,-1.93,-0.003,0.0101,PDSD7080,12.144,SD7080,SD7080,measured
SD7080,SD7080,SD7080,sd7080,ILLICK,clean,,,301800,-0.9,0.09,0.0075,PDSD7080,12.144,SD7080,SD7080,measured
SD7080,SD7080,SD7080,sd7080,ILLICK,clean,,,301800,0.13,0.216,0.0069,PDSD7080,12.144,SD7080,SD7080,measured
SD7080,SD7080,SD7080,sd7080,ILLICK,clean,,,301800,1.14,0.317,0.0073,PDSD7080,12.144,SD7080,SD7080,measured
SD7080,SD7080,SD7080,sd7080,ILLICK,clean,,,301800,2.18,0.42,0.0081,PDSD7080,12.144,SD7080,SD7080,measured
SD7080,SD7080,SD7080,sd7080,ILLICK,clean,,,301800,3.21,0.516,0.0091,PDSD7080,12.144,SD7080,SD7080,measured
SD7080,SD7080,SD7080,sd7080,ILLICK,clean,,,301800,4.22,0.608,0.0102,PDSD7080,12.144,SD7080,SD7080,measured
SD7080,SD7080,SD7080,sd7080,ILLICK,clean,,,301800,5.24,0.705,0.0113,PDSD7080,12.144,SD7080,SD7080,measured
SD7080,SD7080,SD7080,sd7080,ILLICK,clean,,,301800,6.26,0.799,0.0122,PDSD7080,12.144,SD7080,SD7080,measured
SD7080,SD7080,SD7080,sd7080,ILLICK,clean,,,301800,7.28,0.881,0.014,PDSD7080,12.144,SD7080,SD7080,measured
SD7080,SD7080,SD7080,sd7080,ILLICK,clean,,,301800,8.3,0.944,0.0192,PDSD7080,12.144,SD7080,SD7080,measured
SD7080,SD7080,SD7080,sd7080,ILLICK,clean,,,301800,9.31,0.997,0.0237,PDSD7080,12.144,SD7080,SD7080,measured
SD7080,SD7080,SD7080,sd7080,ILLICK,clean,,,301800,10.31,1.036,0.0294,PDSD7080,12.144,SD7080,SD7080,measured
SD7080,SD7080,SD7080,sd7080,ILLICK,clean,,,301800,11.32,1.048,0.0384,PDSD7080,12.144,SD7080,SD7080,measured
SD7080,SD7080,SD7080,sd7080,ILLICK,clean,,,301800,12.31,1.036,0.0475,PDSD7080,12.144,SD7080,SD7080,measured
SD7080,SD7080,SD7080,sd7080,ILLICK,clean,,,301800,13.3,1.009,0.0673,PDSD7080,12.144,SD7080,SD7080,measured
SD7084,SD7084,SD7084,sd7084,ALLEN,clean,,,100900,-2.95,-0.164,0.0196,PDSD7084,12.146,SD7084,SD7084,measured
SD7084,SD7084,SD7084,sd7084,ALLEN,clean,,,100900,-1.42,-0.031,0.014,PDSD7084,12.146,SD7084,SD7084,measured
SD7084,SD7084,SD7084,sd7084,ALLEN,clean,,,100900,0.12,0.151,0.016,PDSD7084,12.146,SD7084,SD7084,measured
SD7084,SD7084,SD7084,sd7084,ALLEN,clean,,,100900,1.68,0.409,0.0182,PDSD7084,12.146,SD7084,SD7084,measured
SD7084,SD7084,SD7084,sd7084,ALLEN,clean,,,100900,3.2,0.545,0.0159,PDSD7084,12.146,SD7084,SD7084,measured
SD7084,SD7084,SD7084,sd7084,ALLEN,clean,,,100900,4.73,0.677,0.0156,PDSD7084,12.146,SD7084,SD7084,measured
SD7084,SD7084,SD7084,sd7084,ALLEN,clean,,,100900,6.26,0.802,0.0191,PDSD7084,12.146,SD7084,SD7084,measured
SD7084,SD7084,SD7084,sd7084,ALLEN,clean,,,100900,7.79,0.935,0.0205,PDSD7084,12.146,SD7084,SD7084,measured
SD7084,SD7084,SD7084,sd7084,ALLEN,clean,,,100900,9.31,1.047,0.0252,PDSD7084,12.146,SD7084,SD7084,measured
SD7084,SD7084,SD7084,sd7084,ALLEN,clean,,,100900,10.82,1.078,0.0404,PDSD7084,12.146,SD7084,SD7084,measured
SD7084,SD7084,SD7084,sd7084,ALLEN,clean,,,100900,12.34,1.079,0.05,PDSD7084,12.146,SD7084,SD7084,measured
SD7084,SD7084,SD7084,sd7084,ALLEN,clean,,,152400,-2.94,-0.149,0.0164,PDSD7084,12.146,SD7084,SD7084,measured
SD7084,SD7084,SD7084,sd7084,ALLEN,clean,,,152400,-1.4,0.034,0.0121,PDSD7084,12.146,SD7084,SD7084,measured
SD7084,SD7084,SD7084,sd7084,ALLEN,clean,,,152400,0.15,0.274,0.0125,PDSD7084,12.146,SD7084,SD7084,measured
SD7084,SD7084,SD7084,sd7084,ALLEN,clean,,,152400,1.68,0.413,0.0117,PDSD7084,12.146,SD7084,SD7084,measured
SD7084,SD7084,SD7084,sd7084,ALLEN,clean,,,152400,3.19,0.552,0.0116,PDSD7084,12.146,SD7084,SD7084,measured
SD7084,SD7084,SD7084,sd7084,ALLEN,clean,,,152400,4.74,0.692,0.013,PDSD7084,12.146,SD7084,SD7084,measured
SD7084,SD7084,SD7084,sd7084,ALLEN,clean,,,152400,6.26,0.822,0.0158,PDSD7084,12.146,SD7084,SD7084,measured
SD7084,SD7084,SD7084,sd7084,ALLEN,clean,,,152400,7.78,0.951,0.0181,PDSD7084,12.146,SD7084,SD7084,measured
SD7084,SD7084,SD7084,sd7084,ALLEN,clean,,,152400,9.31,1.053,0.023,PDSD7084,12.146,SD7084,SD7084,measured
SD7084,SD7084,SD7084,sd7084,ALLEN,clean,,,152400,10.82,1.091,0.0348,PDSD7084,12.146,SD7084,SD7084,measured
SD7084,SD7084,SD7084,sd7084,ALLEN,clean,,,152400,12.33,1.088,0.0521,PDSD7084,12.146,SD7084,SD7084,measured
SD7084,SD7084,SD7084,sd7084,ALLEN,clean,,,152400,13.82,1.046,0.0634,PDSD7084,12.146,SD7084,SD7084,measured
SD7084,SD7084,SD7084,sd7084,ALLEN,clean,,,152400,15.27,0.857,0.2306,PDSD7084,12.146,SD7084,SD7084,measured
SD7084,SD7084,SD7084,sd7084,ALLEN,clean,,,197500,-3.95,-0.226,0.0175,PDSD7084,12.146,SD7084,SD7084,measured
SD7084,SD7084,SD7084,sd7084,ALLEN,clean,,,197500,-2.96,-0.111,0.0147,PDSD7084,12.146,SD7084,SD7084,measured
SD7084,SD7084,SD7084,sd7084,ALLEN,clean,,,197500,-1.91,0.032,0.0114,PDSD7084,12.146,SD7084,SD7084,measured
SD7084,SD7084,SD7084,sd7084,ALLEN,clean,,,197500,-0.89,0.155,0.0095,PDSD7084,12.146,SD7084,SD7084,measured
SD7084,SD7084,SD7084,sd7084,ALLEN,clean,,,197500,0.14,0.268,0.0098,PDSD7084,12.146,SD7084,SD7084,measured
SD7084,SD7084,SD7084,sd7084,ALLEN,clean,,,197500,1.17,0.359,0.0094,PDSD7084,12.146,SD7084,SD7084,measured
SD7084,SD7084,SD7084,sd7084,ALLEN,clean,,,197500,2.17,0.454,0.0099,PDSD7084,12.146,SD7084,SD7084,measured
SD7084,SD7084,SD7084,sd7084,ALLEN,clean,,,197500,3.21,0.552,0.0102,PDSD7084,12.146,SD7084,SD7084,measured
SD7084,SD7084,SD7084,sd7084,ALLEN,clean,,,197500,4.24,0.647,0.0115,PDSD7084,12.146,SD7084,SD7084,measured
SD7084,SD7084,SD7084,sd7084,ALLEN,clean,,,197500,5.23,0.737,0.0128,PDSD7084,12.146,SD7084,SD7084,measured
SD7084,SD7084,SD7084,sd7084,ALLEN,clean,,,197500,6.27,0.829,0.0143,PDSD7084,12.146,SD7084,SD7084,measured
SD7084,SD7084,SD7084,sd7084,ALLEN,clean,,,197500,7.28,0.917,0.0159,PDSD7084,12.146,SD7084,SD7084,measured
SD7084,SD7084,SD7084,sd7084,ALLEN,clean,,,197500,8.3,0.997,0.0185,PDSD7084,12.146,SD7084,SD7084,measured
SD7084,SD7084,SD7084,sd7084,ALLEN,clean,,,197500,9.31,1.058,0.0233,PDSD7084,12.146,SD7084,SD7084,measured
SD7084,SD7084,SD7084,sd7084,ALLEN,clean,,,197500,10.32,1.089,0.0308,PDSD7084,12.146,SD7084,SD7084,measured
SD7084,SD7084,SD7084,sd7084,ALLEN,clean,,,303000,-3.97,-0.159,0.0139,PDSD7084,12.146,SD7084,SD7084,measured
SD7084,SD7084,SD7084,sd7084,ALLEN,clean,,,303000,-2.94,-0.046,0.0112,PDSD7084,12.146,SD7084,SD7084,measured
SD7084,SD7084,SD7084,sd7084,ALLEN,clean,,,303000,-1.92,0.046,0.0095,PDSD7084,12.146,SD7084,SD7084,measured
SD7084,SD7084,SD7084,sd7084,ALLEN,clean,,,303000,-0.91,0.126,0.0077,PDSD7084,12.146,SD7084,SD7084,measured
SD7084,SD7084,SD7084,sd7084,ALLEN,clean,,,303000,0.13,0.256,0.0072,PDSD7084,12.146,SD7084,SD7084,measured
SD7084,SD7084,SD7084,sd7084,ALLEN,clean,,,303000,1.16,0.357,0.0073,PDSD7084,12.146,SD7084,SD7084,measured
SD7084,SD7084,SD7084,sd7084,ALLEN,clean,,,303000,2.18,0.457,0.0079,PDSD7084,12.146,SD7084,SD7084,measured
SD7084,SD7084,SD7084,sd7084,ALLEN,clean,,,303000,3.2,0.556,0.0089,PDSD7084,12.146,SD7084,SD7084,measured
SD7084,SD7084,SD7084,sd7084,ALLEN,clean,,,303000,4.22,0.651,0.0103,PDSD7084,12.146,SD7084,SD7084,measured
SD7084,SD7084,SD7084,sd7084,ALLEN,clean,,,303000,5.25,0.746,0.0115,PDSD7084,12.146,SD7084,SD7084,measured
SD7084,SD7084,SD7084,sd7084,ALLEN,clean,,,303000,6.27,0.838,0.013,PDSD7084,12.146,SD7084,SD7084,measured
SD7084,SD7084,SD7084,sd7084,ALLEN,clean,,,303000,7.28,0.923,0.0145,PDSD7084,12.146,SD7084,SD7084,measured
SD7084,SD7084,SD7084,sd7084,ALLEN,clean,,,303000,8.31,1.002,0.0165,PDSD7084,12.146,SD7084,SD7084,measured
SD7084,SD7084,SD7084,sd7084,ALLEN,clean,,,303000,9.32,1.059,0.0215,PDSD7084,12.146,SD7084,SD7084,measured
SD7084,SD7084,SD7084,sd7084,ALLEN,clean,,,303000,10.32,1.099,0.0269,PDSD7084,12.146,SD7084,SD7084,measured
SD7084,SD7084,SD7084,sd7084,ALLEN,clean,,,303000,11.33,1.116,0.0374,PDSD7084,12.146,SD7084,SD7084,measured
SD7090,SD7090,SD7090,sd7090,WATSON,clean,,,59600,-5.98,-0.373,0.028,PDSD7090,12.148,SD7090,SD7090,measured
SD7090,SD7090,SD7090,sd7090,WATSON,clean,,,59600,-4.96,-0.301,0.0227,PDSD7090,12.148,SD7090,SD7090,measured
SD7090,SD7090,SD7090,sd7090,WATSON,clean,,,59600,-3.95,-0.228,0.0182,PDSD7090,12.148,SD7090,SD7090,measured
SD7090,SD7090,SD7090,sd7090,WATSON,clean,,,59600,-2.93,-0.138,0.0171,PDSD7090,12.148,SD7090,SD7090,measured
SD7090,SD7090,SD7090,sd7090,WATSON,clean,,,59600,-1.91,-0.064,0.0159,PDSD7090,12.148,SD7090,SD7090,measured
SD7090,SD7090,SD7090,sd7090,WATSON,clean,,,59600,-0.88,0.082,0.0154,PDSD7090,12.148,SD7090,SD7090,measured
SD7090,SD7090,SD7090,sd7090,WATSON,clean,,,59600,0.15,0.27,0.0158,PDSD7090,12.148,SD7090,SD7090,measured
SD7090,SD7090,SD7090,sd7090,WATSON,clean,,,59600,1.18,0.399,0.0194,PDSD7090,12.148,SD7090,SD7090,measured
SD7090,SD7090,SD7090,sd7090,WATSON,clean,,,59600,2.2,0.487,0.0187,PDSD7090,12.148,SD7090,SD7090,measured
SD7090,SD7090,SD7090,sd7090,WATSON,clean,,,59600,3.22,0.585,0.0224,PDSD7090,12.148,SD7090,SD7090,measured
SD7090,SD7090,SD7090,sd7090,WATSON,clean,,,59600,4.24,0.667,0.0223,PDSD7090,12.148,SD7090,SD7090,measured
SD7090,SD7090,SD7090,sd7090,WATSON,clean,,,59600,5.26,0.757,0.024,PDSD7090,12.148,SD7090,SD7090,measured
SD7090,SD7090,SD7090,sd7090,WATSON,clean,,,59600,6.27,0.821,0.026,PDSD7090,12.148,SD7090,SD7090,measured
SD7090,SD7090,SD7090,sd7090,WATSON,clean,,,59600,7.28,0.893,0.029,PDSD7090,12.148,SD7090,SD7090,measured
SD7090,SD7090,SD7090,sd7090,WATSON,clean,,,59600,8.29,0.951,0.0432,PDSD7090,12.148,SD7090,SD7090,measured
SD7090,SD7090,SD7090,sd7090,WATSON,clean,,,59600,9.31,0.987,0.0453,PDSD7090,12.148,SD7090,SD7090,measured
SD7090,SD7090,SD7090,sd7090,WATSON,clean,,,59600,10.31,0.953,0.0911,PDSD7090,12.148,SD7090,SD7090,measured
SD7090,SD7090,SD7090,sd7090,WATSON,clean,,,59600,11.29,0.842,0.1435,PDSD7090,12.148,SD7090,SD7090,measured
SD7090,SD7090,SD7090,sd7090,WATSON,clean,,,59600,12.28,0.778,0.196,PDSD7090,12.148,SD7090,SD7090,measured
SD7090,SD7090,SD7090,sd7090,WATSON,clean,,,99100,-5.98,-0.354,0.0239,PDSD7090,12.148,SD7090,SD7090,measured
SD7090,SD7090,SD7090,sd7090,WATSON,clean,,,99100,-4.96,-0.283,0.0197,PDSD7090,12.148,SD7090,SD7090,measured
SD7090,SD7090,SD7090,sd7090,WATSON,clean,,,99100,-3.95,-0.211,0.0163,PDSD7090,12.148,SD7090,SD7090,measured
SD7090,SD7090,SD7090,sd7090,WATSON,clean,,,99100,-2.94,-0.132,0.0135,PDSD7090,12.148,SD7090,SD7090,measured
SD7090,SD7090,SD7090,sd7090,WATSON,clean,,,99100,-1.91,-0.029,0.0134,PDSD7090,12.148,SD7090,SD7090,measured
SD7090,SD7090,SD7090,sd7090,WATSON,clean,,,99100,-0.88,0.148,0.0126,PDSD7090,12.148,SD7090,SD7090,measured
SD7090,SD7090,SD7090,sd7090,WATSON,clean,,,99100,0.15,0.27,0.0128,PDSD7090,12.148,SD7090,SD7090,measured
SD7090,SD7090,SD7090,sd7090,WATSON,clean,,,99100,1.17,0.362,0.0145,PDSD7090,12.148,SD7090,SD7090,measured
SD7090,SD7090,SD7090,sd7090,WATSON,clean,,,99100,2.19,0.457,0.0139,PDSD7090,12.148,SD7090,SD7090,measured
SD7090,SD7090,SD7090,sd7090,WATSON,clean,,,99100,3.22,0.549,0.016,PDSD7090,12.148,SD7090,SD7090,measured
SD7090,SD7090,SD7090,sd7090,WATSON,clean,,,99100,4.23,0.64,0.0175,PDSD7090,12.148,SD7090,SD7090,measured
SD7090,SD7090,SD7090,sd7090,WATSON,clean,,,99100,5.24,0.731,0.0194,PDSD7090,12.148,SD7090,SD7090,measured
SD7090,SD7090,SD7090,sd7090,WATSON,clean,,,99100,6.27,0.816,0.021,PDSD7090,12.148,SD7090,SD7090,measured
SD7090,SD7090,SD7090,sd7090,WATSON,clean,,,99100,7.29,0.892,0.0243,PDSD7090,12.148,SD7090,SD7090,measured
SD7090,SD7090,SD7090,sd7090,WATSON,clean,,,99100,8.3,0.957,0.0312,PDSD7090,12.148,SD7090,SD7090,measured
SD7090,SD7090,SD7090,sd7090,WATSON,clean,,,99100,9.32,1.007,0.0335,PDSD7090,12.148,SD7090,SD7090,measured
SD7090,SD7090,SD7090,sd7090,WATSON,clean,,,99100,10.32,1.039,0.0385,PDSD7090,12.148,SD7090,SD7090,measured
SD7090,SD7090,SD7090,sd7090,WATSON,clean,,,99100,11.3,0.895,0.1565,PDSD7090,12.148,SD7090,SD7090,measured
SD7090,SD7090,SD7090,sd7090,WATSON,clean,,,149000,-5.97,-0.343,0.0221,PDSD7090,12.148,SD7090,SD7090,measured
SD7090,SD7090,SD7090,sd7090,WATSON,clean,,,149000,-4.96,-0.269,0.0171,PDSD7090,12.148,SD7090,SD7090,measured
SD7090,SD7090,SD7090,sd7090,WATSON,clean,,,149000,-3.94,-0.185,0.0158,PDSD7090,12.148,SD7090,SD7090,measured
SD7090,SD7090,SD7090,sd7090,WATSON,clean,,,149000,-2.93,-0.064,0.0133,PDSD7090,12.148,SD7090,SD7090,measured
SD7090,SD7090,SD7090,sd7090,WATSON,clean,,,149000,-1.91,0.064,0.011,PDSD7090,12.148,SD7090,SD7090,measured
SD7090,SD7090,SD7090,sd7090,WATSON,clean,,,149000,-0.87,0.197,0.0105,PDSD7090,12.148,SD7090,SD7090,measured
SD7090,SD7090,SD7090,sd7090,WATSON,clean,,,149000,0.15,0.297,0.0103,PDSD7090,12.148,SD7090,SD7090,measured
SD7090,SD7090,SD7090,sd7090,WATSON,clean,,,149000,1.18,0.392,0.0109,PDSD7090,12.148,SD7090,SD7090,measured
SD7090,SD7090,SD7090,sd7090,WATSON,clean,,,149000,2.19,0.489,0.0121,PDSD7090,12.148,SD7090,SD7090,measured
SD7090,SD7090,SD7090,sd7090,WATSON,clean,,,149000,3.22,0.59,0.0135,PDSD7090,12.148,SD7090,SD7090,measured
SD7090,SD7090,SD7090,sd7090,WATSON,clean,,,149000,4.24,0.685,0.0145,PDSD7090,12.148,SD7090,SD7090,measured
SD7090,SD7090,SD7090,sd7090,WATSON,clean,,,149000,5.26,0.772,0.0157,PDSD7090,12.148,SD7090,SD7090,measured
SD7090,SD7090,SD7090,sd7090,WATSON,clean,,,149000,6.27,0.861,0.0173,PDSD7090,12.148,SD7090,SD7090,measured
SD7090,SD7090,SD7090,sd7090,WATSON,clean,,,149000,7.28,0.931,0.0195,PDSD7090,12.148,SD7090,SD7090,measured
SD7090,SD7090,SD7090,sd7090,WATSON,clean,,,149000,8.31,0.994,0.0259,PDSD7090,12.148,SD7090,SD7090,measured
SD7090,SD7090,SD7090,sd7090,WATSON,clean,,,149000,9.32,1.049,0.0297,PDSD7090,12.148,SD7090,SD7090,measured
SD7090,SD7090,SD7090,sd7090,WATSON,clean,,,149000,10.32,1.092,0.0383,PDSD7090,12.148,SD7090,SD7090,measured
SD7090,SD7090,SD7090,sd7090,WATSON,clean,,,149000,11.33,1.106,0.0504,PDSD7090,12.148,SD7090,SD7090,measured
SD7090,SD7090,SD7090,sd7090,WATSON,clean,,,149000,12.29,0.887,0.1747,PDSD7090,12.148,SD7090,SD7090,measured
SD7090,SD7090,SD7090,sd7090,WATSON,clean,,,199100,-6.0,-0.361,0.0191,PDSD7090,12.148,SD7090,SD7090,measured
SD7090,SD7090,SD7090,sd7090,WATSON,clean,,,199100,-4.96,-0.28,0.0157,PDSD7090,12.148,SD7090,SD7090,measured
SD7090,SD7090,SD7090,sd7090,WATSON,clean,,,199100,-3.95,-0.178,0.0146,PDSD7090,12.148,SD7090,SD7090,measured
SD7090,SD7090,SD7090,sd7090,WATSON,clean,,,199100,-2.92,-0.044,0.0115,PDSD7090,12.148,SD7090,SD7090,measured
SD7090,SD7090,SD7090,sd7090,WATSON,clean,,,199100,-1.9,0.067,0.0092,PDSD7090,12.148,SD7090,SD7090,measured
SD7090,SD7090,SD7090,sd7090,WATSON,clean,,,199100,-0.88,0.171,0.0085,PDSD7090,12.148,SD7090,SD7090,measured
SD7090,SD7090,SD7090,sd7090,WATSON,clean,,,199100,0.16,0.284,0.0093,PDSD7090,12.148,SD7090,SD7090,measured
SD7090,SD7090,SD7090,sd7090,WATSON,clean,,,199100,1.16,0.381,0.0094,PDSD7090,12.148,SD7090,SD7090,measured
SD7090,SD7090,SD7090,sd7090,WATSON,clean,,,199100,2.2,0.478,0.0103,PDSD7090,12.148,SD7090,SD7090,measured
SD7090,SD7090,SD7090,sd7090,WATSON,clean,,,199100,3.22,0.577,0.0113,PDSD7090,12.148,SD7090,SD7090,measured
SD7090,SD7090,SD7090,sd7090,WATSON,clean,,,199100,4.24,0.671,0.0125,PDSD7090,12.148,SD7090,SD7090,measured
SD7090,SD7090,SD7090,sd7090,WATSON,clean,,,199100,5.26,0.759,0.0139,PDSD7090,12.148,SD7090,SD7090,measured
SD7090,SD7090,SD7090,sd7090,WATSON,clean,,,199100,6.28,0.841,0.0162,PDSD7090,12.148,SD7090,SD7090,measured
SD7090,SD7090,SD7090,sd7090,WATSON,clean,,,199100,7.29,0.915,0.0182,PDSD7090,12.148,SD7090,SD7090,measured
SD7090,SD7090,SD7090,sd7090,WATSON,clean,,,199100,8.3,0.977,0.0228,PDSD7090,12.148,SD7090,SD7090,measured
SD7090,SD7090,SD7090,sd7090,WATSON,clean,,,199100,9.31,1.037,0.0276,PDSD7090,12.148,SD7090,SD7090,measured
SD7090,SD7090,SD7090,sd7090,WATSON,clean,,,199100,10.34,1.083,0.0342,PDSD7090,12.148,SD7090,SD7090,measured
SD7090,SD7090,SD7090,sd7090,WATSON,clean,,,199100,11.33,1.107,0.0442,PDSD7090,12.148,SD7090,SD7090,measured
SD7090,SD7090,SD7090,sd7090,WATSON,clean,,,298600,-6.02,-0.359,0.0166,PDSD7090,12.148,SD7090,SD7090,measured
SD7090,SD7090,SD7090,sd7090,WATSON,clean,,,298600,-4.99,-0.247,0.0137,PDSD7090,12.148,SD7090,SD7090,measured
SD7090,SD7090,SD7090,sd7090,WATSON,clean,,,298600,-4.02,-0.13,0.0118,PDSD7090,12.148,SD7090,SD7090,measured
SD7090,SD7090,SD7090,sd7090,WATSON,clean,,,298600,-2.98,-0.025,0.0097,PDSD7090,12.148,SD7090,SD7090,measured
SD7090,SD7090,SD7090,sd7090,WATSON,clean,,,298600,-1.91,0.072,0.0085,PDSD7090,12.148,SD7090,SD7090,measured
SD7090,SD7090,SD7090,sd7090,WATSON,clean,,,298600,-0.88,0.161,0.0074,PDSD7090,12.148,SD7090,SD7090,measured
SD7090,SD7090,SD7090,sd7090,WATSON,clean,,,298600,0.13,0.28,0.0078,PDSD7090,12.148,SD7090,SD7090,measured
SD7090,SD7090,SD7090,sd7090,WATSON,clean,,,298600,1.16,0.381,0.0085,PDSD7090,12.148,SD7090,SD7090,measured
SD7090,SD7090,SD7090,sd7090,WATSON,clean,,,298600,2.2,0.48,0.0094,PDSD7090,12.148,SD7090,SD7090,measured
SD7090,SD7090,SD7090,sd7090,WATSON,clean,,,298600,3.21,0.576,0.0101,PDSD7090,12.148,SD7090,SD7090,measured
SD7090,SD7090,SD7090,sd7090,WATSON,clean,,,298600,4.23,0.669,0.0112,PDSD7090,12.148,SD7090,SD7090,measured
SD7090,SD7090,SD7090,sd7090,WATSON,clean,,,298600,5.25,0.756,0.0126,PDSD7090,12.148,SD7090,SD7090,measured
SD7090,SD7090,SD7090,sd7090,WATSON,clean,,,298600,6.27,0.84,0.0144,PDSD7090,12.148,SD7090,SD7090,measured
SD7090,SD7090,SD7090,sd7090,WATSON,clean,,,298600,7.28,0.916,0.0168,PDSD7090,12.148,SD7090,SD7090,measured
SD7090,SD7090,SD7090,sd7090,WATSON,clean,,,298600,8.31,0.984,0.0213,PDSD7090,12.148,SD7090,SD7090,measured
SD7090,SD7090,SD7090,sd7090,WATSON,clean,,,298600,9.32,1.046,0.0249,PDSD7090,12.148,SD7090,SD7090,measured
SD7090,SD7090,SD7090,sd7090,WATSON,clean,,,298600,10.33,1.094,0.0301,PDSD7090,12.148,SD7090,SD7090,measured
SD7090,SD7090,SD7090,sd7090,WATSON,clean,,,298600,11.33,1.116,0.0404,PDSD7090,12.148,SD7090,SD7090,measured
"SD7090 LOOSE, TIGHT COVERING",SD7090,SD7090,sd7090,WATSON,other,,,304000,-4.0,-0.136,0.0118,PDSD7090COVER,12.149,SD7090,SD7090,measured
"SD7090 LOOSE, TIGHT COVERING",SD7090,SD7090,sd7090,WATSON,other,,,304000,-2.96,-0.038,0.0101,PDSD7090COVER,12.149,SD7090,SD7090,measured
"SD7090 LOOSE, TIGHT COVERING",SD7090,SD7090,sd7090,WATSON,other,,,304000,-1.91,0.055,0.0084,PDSD7090COVER,12.149,SD7090,SD7090,measured
"SD7090 LOOSE, TIGHT COVERING",SD7090,SD7090,sd7090,WATSON,other,,,304000,-0.92,0.14,0.0076,PDSD7090COVER,12.149,SD7090,SD7090,measured
"SD7090 LOOSE, TIGHT COVERING",SD7090,SD7090,sd7090,WATSON,other,,,304000,0.15,0.272,0.0076,PDSD7090COVER,12.149,SD7090,SD7090,measured
"SD7090 LOOSE, TIGHT COVERING",SD7090,SD7090,sd7090,WATSON,other,,,304000,1.17,0.377,0.0083,PDSD7090COVER,12.149,SD7090,SD7090,measured
"SD7090 LOOSE, TIGHT COVERING",SD7090,SD7090,sd7090,WATSON,other,,,304000,2.18,0.478,0.0092,PDSD7090COVER,12.149,SD7090,SD7090,measured
"SD7090 LOOSE, TIGHT COVERING",SD7090,SD7090,sd7090,WATSON,other,,,304000,3.2,0.576,0.0102,PDSD7090COVER,12.149,SD7090,SD7090,measured
"SD7090 LOOSE, TIGHT COVERING",SD7090,SD7090,sd7090,WATSON,other,,,304000,4.22,0.67,0.0111,PDSD7090COVER,12.149,SD7090,SD7090,measured
"SD7090 LOOSE, TIGHT COVERING",SD7090,SD7090,sd7090,WATSON,other,,,304000,5.24,0.758,0.0126,PDSD7090COVER,12.149,SD7090,SD7090,measured
"SD7090 LOOSE, TIGHT COVERING",SD7090,SD7090,sd7090,WATSON,other,,,304000,6.26,0.842,0.0147,PDSD7090COVER,12.149,SD7090,SD7090,measured
"SD7090 LOOSE, TIGHT COVERING",SD7090,SD7090,sd7090,WATSON,other,,,304000,7.27,0.915,0.018,PDSD7090COVER,12.149,SD7090,SD7090,measured
"SD7090 LOOSE, TIGHT COVERING",SD7090,SD7090,sd7090,WATSON,other,,,304000,8.29,0.984,0.0212,PDSD7090COVER,12.149,SD7090,SD7090,measured
"SD7090 LOOSE, TIGHT COVERING",SD7090,SD7090,sd7090,WATSON,other,,,304000,9.3,1.045,0.0252,PDSD7090COVER,12.149,SD7090,SD7090,measured
"SD7090 LOOSE, TIGHT COVERING",SD7090,SD7090,sd7090,WATSON,other,,,304000,10.32,1.092,0.0314,PDSD7090COVER,12.149,SD7090,SD7090,measured
"SD7090 LOOSE, TIGHT COVERING",SD7090,SD7090,sd7090,WATSON,other,,,298400,-4.01,-0.2,0.0128,PDSD7090COVER,12.149,SD7090,SD7090,measured
"SD7090 LOOSE, TIGHT COVERING",SD7090,SD7090,sd7090,WATSON,other,,,298400,-2.99,-0.093,0.0113,PDSD7090COVER,12.149,SD7090,SD7090,measured
"SD7090 LOOSE, TIGHT COVERING",SD7090,SD7090,sd7090,WATSON,other,,,298400,-1.95,0.004,0.0094,PDSD7090COVER,12.149,SD7090,SD7090,measured
"SD7090 LOOSE, TIGHT COVERING",SD7090,SD7090,sd7090,WATSON,other,,,298400,-0.9,0.095,0.0083,PDSD7090COVER,12.149,SD7090,SD7090,measured
"SD7090 LOOSE, TIGHT COVERING",SD7090,SD7090,sd7090,WATSON,other,,,298400,0.12,0.203,0.0075,PDSD7090COVER,12.149,SD7090,SD7090,measured
"SD7090 LOOSE, TIGHT COVERING",SD7090,SD7090,sd7090,WATSON,other,,,298400,1.15,0.322,0.0078,PDSD7090COVER,12.149,SD7090,SD7090,measured
"SD7090 LOOSE, TIGHT COVERING",SD7090,SD7090,sd7090,WATSON,other,,,298400,2.17,0.427,0.0085,PDSD7090COVER,12.149,SD7090,SD7090,measured
"SD7090 LOOSE, TIGHT COVERING",SD7090,SD7090,sd7090,WATSON,other,,,298400,3.2,0.527,0.0096,PDSD7090COVER,12.149,SD7090,SD7090,measured
"SD7090 LOOSE, TIGHT COVERING",SD7090,SD7090,sd7090,WATSON,other,,,298400,4.23,0.624,0.0108,PDSD7090COVER,12.149,SD7090,SD7090,measured
"SD7090 LOOSE, TIGHT COVERING",SD7090,SD7090,sd7090,WATSON,other,,,298400,5.25,0.717,0.0118,PDSD7090COVER,12.149,SD7090,SD7090,measured
"SD7090 LOOSE, TIGHT COVERING",SD7090,SD7090,sd7090,WATSON,other,,,298400,6.25,0.802,0.0135,PDSD7090COVER,12.149,SD7090,SD7090,measured
"SD7090 LOOSE, TIGHT COVERING",SD7090,SD7090,sd7090,WATSON,other,,,298400,7.28,0.883,0.0162,PDSD7090COVER,12.149,SD7090,SD7090,measured
"SD7090 LOOSE, TIGHT COVERING",SD7090,SD7090,sd7090,WATSON,other,,,298400,8.29,0.954,0.0204,PDSD7090COVER,12.149,SD7090,SD7090,measured
"SD7090 LOOSE, TIGHT COVERING",SD7090,SD7090,sd7090,WATSON,other,,,298400,9.29,1.018,0.024,PDSD7090COVER,12.149,SD7090,SD7090,measured
SD7090 VARIOUS TRIPS,SD7090,SD7090,sd7090,WATSON,other,,,302500,-4.0,-0.21,0.0136,PDSD7090TRIPS,12.150,SD7090,SD7090,measured
SD7090 VARIOUS TRIPS,SD7090,SD7090,sd7090,WATSON,other,,,302500,-2.95,-0.116,0.0126,PDSD7090TRIPS,12.150,SD7090,SD7090,measured
SD7090 VARIOUS TRIPS,SD7090,SD7090,sd7090,WATSON,other,,,302500,-1.94,-0.021,0.0111,PDSD7090TRIPS,12.150,SD7090,SD7090,measured
SD7090 VARIOUS TRIPS,SD7090,SD7090,sd7090,WATSON,other,,,302500,-0.88,0.076,0.0096,PDSD7090TRIPS,12.150,SD7090,SD7090,measured
SD7090 VARIOUS TRIPS,SD7090,SD7090,sd7090,WATSON,other,,,302500,0.11,0.187,0.0084,PDSD7090TRIPS,12.150,SD7090,SD7090,measured
SD7090 VARIOUS TRIPS,SD7090,SD7090,sd7090,WATSON,other,,,302500,1.15,0.31,0.0088,PDSD7090TRIPS,12.150,SD7090,SD7090,measured
SD7090 VARIOUS TRIPS,SD7090,SD7090,sd7090,WATSON,other,,,302500,2.17,0.418,0.0093,PDSD7090TRIPS,12.150,SD7090,SD7090,measured
SD7090 VARIOUS TRIPS,SD7090,SD7090,sd7090,WATSON,other,,,302500,3.19,0.519,0.0099,PDSD7090TRIPS,12.150,SD7090,SD7090,measured
SD7090 VARIOUS TRIPS,SD7090,SD7090,sd7090,WATSON,other,,,302500,4.23,0.621,0.0107,PDSD7090TRIPS,12.150,SD7090,SD7090,measured
SD7090 VARIOUS TRIPS,SD7090,SD7090,sd7090,WATSON,other,,,302500,5.23,0.711,0.0125,PDSD7090TRIPS,12.150,SD7090,SD7090,measured
SD7090 VARIOUS TRIPS,SD7090,SD7090,sd7090,WATSON,other,,,302500,6.26,0.798,0.0143,PDSD7090TRIPS,12.150,SD7090,SD7090,measured
SD7090 VARIOUS TRIPS,SD7090,SD7090,sd7090,WATSON,other,,,302500,7.27,0.876,0.0171,PDSD7090TRIPS,12.150,SD7090,SD7090,measured
SD7090 VARIOUS TRIPS,SD7090,SD7090,sd7090,WATSON,other,,,302500,8.29,0.948,0.021,PDSD7090TRIPS,12.150,SD7090,SD7090,measured
SD7090 VARIOUS TRIPS,SD7090,SD7090,sd7090,WATSON,other,,,302500,9.31,1.012,0.0248,PDSD7090TRIPS,12.150,SD7090,SD7090,measured
SD7090 VARIOUS TRIPS,SD7090,SD7090,sd7090,WATSON,other,,,302500,10.31,1.061,0.0298,PDSD7090TRIPS,12.150,SD7090,SD7090,measured
SD7090 VARIOUS TRIPS,SD7090,SD7090,sd7090,WATSON,other,,,302500,11.32,1.09,0.0376,PDSD7090TRIPS,12.150,SD7090,SD7090,measured
SD7090 VARIOUS TRIPS,SD7090,SD7090,sd7090,WATSON,other,,,305900,-3.98,-0.191,0.0133,PDSD7090TRIPS,12.150,SD7090,SD7090,measured
SD7090 VARIOUS TRIPS,SD7090,SD7090,sd7090,WATSON,other,,,305900,-2.95,-0.096,0.0116,PDSD7090TRIPS,12.150,SD7090,SD7090,measured
SD7090 VARIOUS TRIPS,SD7090,SD7090,sd7090,WATSON,other,,,305900,-1.94,-0.004,0.0104,PDSD7090TRIPS,12.150,SD7090,SD7090,measured
SD7090 VARIOUS TRIPS,SD7090,SD7090,sd7090,WATSON,other,,,305900,-0.91,0.09,0.0091,PDSD7090TRIPS,12.150,SD7090,SD7090,measured
SD7090 VARIOUS TRIPS,SD7090,SD7090,sd7090,WATSON,other,,,305900,0.11,0.201,0.0079,PDSD7090TRIPS,12.150,SD7090,SD7090,measured
SD7090 VARIOUS TRIPS,SD7090,SD7090,sd7090,WATSON,other,,,305900,1.13,0.321,0.0085,PDSD7090TRIPS,12.150,SD7090,SD7090,measured
SD7090 VARIOUS TRIPS,SD7090,SD7090,sd7090,WATSON,other,,,305900,2.18,0.429,0.0088,PDSD7090TRIPS,12.150,SD7090,SD7090,measured
SD7090 VARIOUS TRIPS,SD7090,SD7090,sd7090,WATSON,other,,,305900,3.2,0.53,0.0096,PDSD7090TRIPS,12.150,SD7090,SD7090,measured
SD7090 VARIOUS TRIPS,SD7090,SD7090,sd7090,WATSON,other,,,305900,4.21,0.627,0.0106,PDSD7090TRIPS,12.150,SD7090,SD7090,measured
SD7090 VARIOUS TRIPS,SD7090,SD7090,sd7090,WATSON,other,,,305900,5.24,0.721,0.0121,PDSD7090TRIPS,12.150,SD7090,SD7090,measured
SD7090 VARIOUS TRIPS,SD7090,SD7090,sd7090,WATSON,other,,,305900,6.25,0.804,0.0138,PDSD7090TRIPS,12.150,SD7090,SD7090,measured
SD7090 VARIOUS TRIPS,SD7090,SD7090,sd7090,WATSON,other,,,305900,7.27,0.884,0.0164,PDSD7090TRIPS,12.150,SD7090,SD7090,measured
SD7090 VARIOUS TRIPS,SD7090,SD7090,sd7090,WATSON,other,,,305900,8.3,0.954,0.0207,PDSD7090TRIPS,12.150,SD7090,SD7090,measured
SD7090 VARIOUS TRIPS,SD7090,SD7090,sd7090,WATSON,other,,,305900,9.31,1.017,0.024,PDSD7090TRIPS,12.150,SD7090,SD7090,measured
SD7090 VARIOUS TRIPS,SD7090,SD7090,sd7090,WATSON,other,,,305900,10.31,1.069,0.0293,PDSD7090TRIPS,12.150,SD7090,SD7090,measured
SD7090 VARIOUS TRIPS,SD7090,SD7090,sd7090,WATSON,other,,,304600,-3.98,-0.184,0.013,PDSD7090TRIPS,12.150,SD7090,SD7090,measured
SD7090 VARIOUS TRIPS,SD7090,SD7090,sd7090,WATSON,other,,,304600,-2.97,-0.092,0.0113,PDSD7090TRIPS,12.150,SD7090,SD7090,measured
SD7090 VARIOUS TRIPS,SD7090,SD7090,sd7090,WATSON,other,,,304600,-1.92,0.003,0.0097,PDSD7090TRIPS,12.150,SD7090,SD7090,measured
SD7090 VARIOUS TRIPS,SD7090,SD7090,sd7090,WATSON,other,,,304600,-0.92,0.093,0.0086,PDSD7090TRIPS,12.150,SD7090,SD7090,measured
SD7090 VARIOUS TRIPS,SD7090,SD7090,sd7090,WATSON,other,,,304600,0.13,0.206,0.0078,PDSD7090TRIPS,12.150,SD7090,SD7090,measured
SD7090 VARIOUS TRIPS,SD7090,SD7090,sd7090,WATSON,other,,,304600,1.15,0.326,0.0081,PDSD7090TRIPS,12.150,SD7090,SD7090,measured
SD7090 VARIOUS TRIPS,SD7090,SD7090,sd7090,WATSON,other,,,304600,2.17,0.429,0.0086,PDSD7090TRIPS,12.150,SD7090,SD7090,measured
SD7090 VARIOUS TRIPS,SD7090,SD7090,sd7090,WATSON,other,,,304600,3.2,0.53,0.0096,PDSD7090TRIPS,12.150,SD7090,SD7090,measured
SD7090 VARIOUS TRIPS,SD7090,SD7090,sd7090,WATSON,other,,,304600,4.21,0.627,0.0104,PDSD7090TRIPS,12.150,SD7090,SD7090,measured
SD7090 VARIOUS TRIPS,SD7090,SD7090,sd7090,WATSON,other,,,304600,5.23,0.718,0.012,PDSD7090TRIPS,12.150,SD7090,SD7090,measured
SD7090 VARIOUS TRIPS,SD7090,SD7090,sd7090,WATSON,other,,,304600,6.26,0.805,0.0138,PDSD7090TRIPS,12.150,SD7090,SD7090,measured
SD7090 VARIOUS TRIPS,SD7090,SD7090,sd7090,WATSON,other,,,304600,7.26,0.884,0.0163,PDSD7090TRIPS,12.150,SD7090,SD7090,measured
SD7090 VARIOUS TRIPS,SD7090,SD7090,sd7090,WATSON,other,,,304600,8.3,0.957,0.0205,PDSD7090TRIPS,12.150,SD7090,SD7090,measured
SD7090 VARIOUS TRIPS,SD7090,SD7090,sd7090,WATSON,other,,,304600,9.31,1.019,0.0243,PDSD7090TRIPS,12.150,SD7090,SD7090,measured
SD7090 VARIOUS TRIPS,SD7090,SD7090,sd7090,WATSON,other,,,304600,10.31,1.072,0.0287,PDSD7090TRIPS,12.150,SD7090,SD7090,measured
SD7090 VARIOUS TRIPS,SD7090,SD7090,sd7090,WATSON,other,,,304600,11.31,1.103,0.037,PDSD7090TRIPS,12.150,SD7090,SD7090,measured
SD7090 VARIOUS TRIPS,SD7090,SD7090,sd7090,WATSON,other,,,300000,-3.98,-0.186,0.0127,PDSD7090TRIPS,12.150,SD7090,SD7090,measured
SD7090 VARIOUS TRIPS,SD7090,SD7090,sd7090,WATSON,other,,,300000,-2.47,-0.043,0.0099,PDSD7090TRIPS,12.150,SD7090,SD7090,measured
SD7090 VARIOUS TRIPS,SD7090,SD7090,sd7090,WATSON,other,,,300000,-0.91,0.097,0.0081,PDSD7090TRIPS,12.150,SD7090,SD7090,measured
SD7090 VARIOUS TRIPS,SD7090,SD7090,sd7090,WATSON,other,,,300000,0.65,0.274,0.0077,PDSD7090TRIPS,12.150,SD7090,SD7090,measured
SD7090 VARIOUS TRIPS,SD7090,SD7090,sd7090,WATSON,other,,,300000,2.18,0.432,0.0087,PDSD7090TRIPS,12.150,SD7090,SD7090,measured
SD7090 VARIOUS TRIPS,SD7090,SD7090,sd7090,WATSON,other,,,300000,3.7,0.58,0.0102,PDSD7090TRIPS,12.150,SD7090,SD7090,measured
SD7090 VARIOUS TRIPS,SD7090,SD7090,sd7090,WATSON,other,,,300000,5.24,0.722,0.0118,PDSD7090TRIPS,12.150,SD7090,SD7090,measured
SD7090 VARIOUS TRIPS,SD7090,SD7090,sd7090,WATSON,other,,,300000,6.77,0.848,0.0152,PDSD7090TRIPS,12.150,SD7090,SD7090,measured
SD7090 VARIOUS TRIPS,SD7090,SD7090,sd7090,WATSON,other,,,300000,8.3,0.96,0.0207,PDSD7090TRIPS,12.150,SD7090,SD7090,measured
SD7090 VARIOUS TRIPS,SD7090,SD7090,sd7090,WATSON,other,,,300000,9.82,1.054,0.0265,PDSD7090TRIPS,12.150,SD7090,SD7090,measured
SD7090 VARIOUS TRIPS,SD7090,SD7090,sd7090,WATSON,other,,,300000,11.33,1.105,0.036,PDSD7090TRIPS,12.150,SD7090,SD7090,measured
SD7090 VARIOUS TRIPS,SD7090,SD7090,sd7090,WATSON,other,,,304000,-4.0,-0.136,0.0118,PDSD7090TRIPS,12.150,SD7090,SD7090,measured
SD7090 VARIOUS TRIPS,SD7090,SD7090,sd7090,WATSON,other,,,304000,-2.96,-0.038,0.0101,PDSD7090TRIPS,12.150,SD7090,SD7090,measured
SD7090 VARIOUS TRIPS,SD7090,SD7090,sd7090,WATSON,other,,,304000,-1.91,0.055,0.0084,PDSD7090TRIPS,12.150,SD7090,SD7090,measured
SD7090 VARIOUS TRIPS,SD7090,SD7090,sd7090,WATSON,other,,,304000,-0.92,0.14,0.0076,PDSD7090TRIPS,12.150,SD7090,SD7090,measured
SD7090 VARIOUS TRIPS,SD7090,SD7090,sd7090,WATSON,other,,,304000,0.15,0.272,0.0076,PDSD7090TRIPS,12.150,SD7090,SD7090,measured
SD7090 VARIOUS TRIPS,SD7090,SD7090,sd7090,WATSON,other,,,304000,1.17,0.377,0.0083,PDSD7090TRIPS,12.150,SD7090,SD7090,measured
SD7090 VARIOUS TRIPS,SD7090,SD7090,sd7090,WATSON,other,,,304000,2.18,0.478,0.0092,PDSD7090TRIPS,12.150,SD7090,SD7090,measured
SD7090 VARIOUS TRIPS,SD7090,SD7090,sd7090,WATSON,other,,,304000,3.2,0.576,0.0102,PDSD7090TRIPS,12.150,SD7090,SD7090,measured
SD7090 VARIOUS TRIPS,SD7090,SD7090,sd7090,WATSON,other,,,304000,4.22,0.67,0.0111,PDSD7090TRIPS,12.150,SD7090,SD7090,measured
SD7090 VARIOUS TRIPS,SD7090,SD7090,sd7090,WATSON,other,,,304000,5.24,0.758,0.0126,PDSD7090TRIPS,12.150,SD7090,SD7090,measured
SD7090 VARIOUS TRIPS,SD7090,SD7090,sd7090,WATSON,other,,,304000,6.26,0.842,0.0147,PDSD7090TRIPS,12.150,SD7090,SD7090,measured
SD7090 VARIOUS TRIPS,SD7090,SD7090,sd7090,WATSON,other,,,304000,7.27,0.915,0.018,PDSD7090TRIPS,12.150,SD7090,SD7090,measured
SD7090 VARIOUS TRIPS,SD7090,SD7090,sd7090,WATSON,other,,,304000,8.29,0.984,0.0212,PDSD7090TRIPS,12.150,SD7090,SD7090,measured
SD7090 VARIOUS TRIPS,SD7090,SD7090,sd7090,WATSON,other,,,304000,9.3,1.045,0.0252,PDSD7090TRIPS,12.150,SD7090,SD7090,measured
SD7090 VARIOUS TRIPS,SD7090,SD7090,sd7090,WATSON,other,,,304000,10.32,1.092,0.0314,PDSD7090TRIPS,12.150,SD7090,SD7090,measured
SD8000,SD8000,SD8000,sd8000,WAGNER/OLSEN,clean,,,62500,-3.94,-0.138,0.0151,PDSD8000,12.152,SD8000,SD8000,measured
SD8000,SD8000,SD8000,sd8000,WAGNER/OLSEN,clean,,,62500,-2.93,-0.065,0.0139,PDSD8000,12.152,SD8000,SD8000,measured
SD8000,SD8000,SD8000,sd8000,WAGNER/OLSEN,clean,,,62500,-1.91,-0.004,0.0114,PDSD8000,12.152,SD8000,SD8000,measured
SD8000,SD8000,SD8000,sd8000,WAGNER/OLSEN,clean,,,62500,-0.88,0.111,0.0165,PDSD8000,12.152,SD8000,SD8000,measured
SD8000,SD8000,SD8000,sd8000,WAGNER/OLSEN,clean,,,62500,0.13,0.2,0.0158,PDSD8000,12.152,SD8000,SD8000,measured
SD8000,SD8000,SD8000,sd8000,WAGNER/OLSEN,clean,,,62500,1.17,0.36,0.0156,PDSD8000,12.152,SD8000,SD8000,measured
SD8000,SD8000,SD8000,sd8000,WAGNER/OLSEN,clean,,,62500,2.2,0.508,0.0135,PDSD8000,12.152,SD8000,SD8000,measured
SD8000,SD8000,SD8000,sd8000,WAGNER/OLSEN,clean,,,62500,3.23,0.599,0.015,PDSD8000,12.152,SD8000,SD8000,measured
SD8000,SD8000,SD8000,sd8000,WAGNER/OLSEN,clean,,,62500,4.24,0.677,0.0205,PDSD8000,12.152,SD8000,SD8000,measured
SD8000,SD8000,SD8000,sd8000,WAGNER/OLSEN,clean,,,62500,5.26,0.753,0.0241,PDSD8000,12.152,SD8000,SD8000,measured
SD8000,SD8000,SD8000,sd8000,WAGNER/OLSEN,clean,,,62500,6.28,0.823,0.0294,PDSD8000,12.152,SD8000,SD8000,measured
SD8000,SD8000,SD8000,sd8000,WAGNER/OLSEN,clean,,,62500,7.28,0.889,0.0341,PDSD8000,12.152,SD8000,SD8000,measured
SD8000,SD8000,SD8000,sd8000,WAGNER/OLSEN,clean,,,62500,8.3,0.946,0.0422,PDSD8000,12.152,SD8000,SD8000,measured
SD8000,SD8000,SD8000,sd8000,WAGNER/OLSEN,clean,,,62500,9.31,0.984,0.0523,PDSD8000,12.152,SD8000,SD8000,measured
SD8000,SD8000,SD8000,sd8000,WAGNER/OLSEN,clean,,,102500,-3.93,-0.133,0.0149,PDSD8000,12.152,SD8000,SD8000,measured
SD8000,SD8000,SD8000,sd8000,WAGNER/OLSEN,clean,,,102500,-2.91,-0.053,0.0123,PDSD8000,12.152,SD8000,SD8000,measured
SD8000,SD8000,SD8000,sd8000,WAGNER/OLSEN,clean,,,102500,-1.91,0.046,0.0111,PDSD8000,12.152,SD8000,SD8000,measured
SD8000,SD8000,SD8000,sd8000,WAGNER/OLSEN,clean,,,102500,-0.88,0.138,0.0115,PDSD8000,12.152,SD8000,SD8000,measured
SD8000,SD8000,SD8000,sd8000,WAGNER/OLSEN,clean,,,102500,0.15,0.296,0.0127,PDSD8000,12.152,SD8000,SD8000,measured
SD8000,SD8000,SD8000,sd8000,WAGNER/OLSEN,clean,,,102500,1.17,0.454,0.0137,PDSD8000,12.152,SD8000,SD8000,measured
SD8000,SD8000,SD8000,sd8000,WAGNER/OLSEN,clean,,,102500,2.21,0.548,0.013,PDSD8000,12.152,SD8000,SD8000,measured
SD8000,SD8000,SD8000,sd8000,WAGNER/OLSEN,clean,,,102500,3.23,0.624,0.0127,PDSD8000,12.152,SD8000,SD8000,measured
SD8000,SD8000,SD8000,sd8000,WAGNER/OLSEN,clean,,,102500,4.24,0.715,0.014,PDSD8000,12.152,SD8000,SD8000,measured
SD8000,SD8000,SD8000,sd8000,WAGNER/OLSEN,clean,,,102500,5.26,0.803,0.0166,PDSD8000,12.152,SD8000,SD8000,measured
SD8000,SD8000,SD8000,sd8000,WAGNER/OLSEN,clean,,,102500,6.28,0.885,0.02,PDSD8000,12.152,SD8000,SD8000,measured
SD8000,SD8000,SD8000,sd8000,WAGNER/OLSEN,clean,,,102500,7.3,0.958,0.0236,PDSD8000,12.152,SD8000,SD8000,measured
SD8000,SD8000,SD8000,sd8000,WAGNER/OLSEN,clean,,,102500,8.31,1.021,0.028,PDSD8000,12.152,SD8000,SD8000,measured
SD8000,SD8000,SD8000,sd8000,WAGNER/OLSEN,clean,,,102500,9.32,1.062,0.0364,PDSD8000,12.152,SD8000,SD8000,measured
SD8000,SD8000,SD8000,sd8000,WAGNER/OLSEN,clean,,,102500,10.34,1.078,0.0539,PDSD8000,12.152,SD8000,SD8000,measured
SD8000,SD8000,SD8000,sd8000,WAGNER/OLSEN,clean,,,154500,-3.93,-0.149,0.0136,PDSD8000,12.152,SD8000,SD8000,measured
SD8000,SD8000,SD8000,sd8000,WAGNER/OLSEN,clean,,,154500,-2.94,-0.058,0.0109,PDSD8000,12.152,SD8000,SD8000,measured
SD8000,SD8000,SD8000,sd8000,WAGNER/OLSEN,clean,,,154500,-1.9,0.054,0.0108,PDSD8000,12.152,SD8000,SD8000,measured
SD8000,SD8000,SD8000,sd8000,WAGNER/OLSEN,clean,,,154500,-0.86,0.188,0.0106,PDSD8000,12.152,SD8000,SD8000,measured
SD8000,SD8000,SD8000,sd8000,WAGNER/OLSEN,clean,,,154500,0.16,0.334,0.0095,PDSD8000,12.152,SD8000,SD8000,measured
SD8000,SD8000,SD8000,sd8000,WAGNER/OLSEN,clean,,,154500,1.18,0.432,0.0098,PDSD8000,12.152,SD8000,SD8000,measured
SD8000,SD8000,SD8000,sd8000,WAGNER/OLSEN,clean,,,154500,2.21,0.529,0.0106,PDSD8000,12.152,SD8000,SD8000,measured
SD8000,SD8000,SD8000,sd8000,WAGNER/OLSEN,clean,,,154500,3.22,0.62,0.0112,PDSD8000,12.152,SD8000,SD8000,measured
SD8000,SD8000,SD8000,sd8000,WAGNER/OLSEN,clean,,,154500,4.25,0.712,0.0133,PDSD8000,12.152,SD8000,SD8000,measured
SD8000,SD8000,SD8000,sd8000,WAGNER/OLSEN,clean,,,154500,5.27,0.806,0.0148,PDSD8000,12.152,SD8000,SD8000,measured
SD8000,SD8000,SD8000,sd8000,WAGNER/OLSEN,clean,,,154500,6.28,0.892,0.0186,PDSD8000,12.152,SD8000,SD8000,measured
SD8000,SD8000,SD8000,sd8000,WAGNER/OLSEN,clean,,,154500,7.3,0.971,0.0208,PDSD8000,12.152,SD8000,SD8000,measured
SD8000,SD8000,SD8000,sd8000,WAGNER/OLSEN,clean,,,154500,8.32,1.033,0.026,PDSD8000,12.152,SD8000,SD8000,measured
SD8000,SD8000,SD8000,sd8000,WAGNER/OLSEN,clean,,,154500,9.33,1.082,0.0326,PDSD8000,12.152,SD8000,SD8000,measured
SD8000,SD8000,SD8000,sd8000,WAGNER/OLSEN,clean,,,154500,10.34,1.107,0.0458,PDSD8000,12.152,SD8000,SD8000,measured
SD8000,SD8000,SD8000,sd8000,WAGNER/OLSEN,clean,,,200000,-3.92,-0.115,0.0113,PDSD8000,12.152,SD8000,SD8000,measured
SD8000,SD8000,SD8000,sd8000,WAGNER/OLSEN,clean,,,200000,-2.91,-0.004,0.0098,PDSD8000,12.152,SD8000,SD8000,measured
SD8000,SD8000,SD8000,sd8000,WAGNER/OLSEN,clean,,,200000,-1.89,0.133,0.0093,PDSD8000,12.152,SD8000,SD8000,measured
SD8000,SD8000,SD8000,sd8000,WAGNER/OLSEN,clean,,,200000,-0.85,0.25,0.0087,PDSD8000,12.152,SD8000,SD8000,measured
SD8000,SD8000,SD8000,sd8000,WAGNER/OLSEN,clean,,,200000,0.17,0.35,0.0089,PDSD8000,12.152,SD8000,SD8000,measured
SD8000,SD8000,SD8000,sd8000,WAGNER/OLSEN,clean,,,200000,1.18,0.448,0.009,PDSD8000,12.152,SD8000,SD8000,measured
SD8000,SD8000,SD8000,sd8000,WAGNER/OLSEN,clean,,,200000,2.21,0.546,0.0103,PDSD8000,12.152,SD8000,SD8000,measured
SD8000,SD8000,SD8000,sd8000,WAGNER/OLSEN,clean,,,200000,3.23,0.642,0.0119,PDSD8000,12.152,SD8000,SD8000,measured
SD8000,SD8000,SD8000,sd8000,WAGNER/OLSEN,clean,,,200000,4.26,0.737,0.0138,PDSD8000,12.152,SD8000,SD8000,measured
SD8000,SD8000,SD8000,sd8000,WAGNER/OLSEN,clean,,,200000,5.27,0.826,0.0162,PDSD8000,12.152,SD8000,SD8000,measured
SD8000,SD8000,SD8000,sd8000,WAGNER/OLSEN,clean,,,200000,6.28,0.915,0.0187,PDSD8000,12.152,SD8000,SD8000,measured
SD8000,SD8000,SD8000,sd8000,WAGNER/OLSEN,clean,,,200000,7.3,0.992,0.0218,PDSD8000,12.152,SD8000,SD8000,measured
SD8000,SD8000,SD8000,sd8000,WAGNER/OLSEN,clean,,,200000,8.32,1.058,0.0264,PDSD8000,12.152,SD8000,SD8000,measured
SD8000,SD8000,SD8000,sd8000,WAGNER/OLSEN,clean,,,200000,9.33,1.105,0.0354,PDSD8000,12.152,SD8000,SD8000,measured
SD8000,SD8000,SD8000,sd8000,WAGNER/OLSEN,clean,,,302300,-3.94,-0.076,0.0095,PDSD8000,12.152,SD8000,SD8000,measured
SD8000,SD8000,SD8000,sd8000,WAGNER/OLSEN,clean,,,302300,-2.91,0.053,0.0084,PDSD8000,12.152,SD8000,SD8000,measured
SD8000,SD8000,SD8000,sd8000,WAGNER/OLSEN,clean,,,302300,-1.88,0.16,0.0076,PDSD8000,12.152,SD8000,SD8000,measured
SD8000,SD8000,SD8000,sd8000,WAGNER/OLSEN,clean,,,302300,-0.85,0.251,0.0074,PDSD8000,12.152,SD8000,SD8000,measured
SD8000,SD8000,SD8000,sd8000,WAGNER/OLSEN,clean,,,302300,0.15,0.344,0.0071,PDSD8000,12.152,SD8000,SD8000,measured
SD8000,SD8000,SD8000,sd8000,WAGNER/OLSEN,clean,,,302300,1.18,0.45,0.0079,PDSD8000,12.152,SD8000,SD8000,measured
SD8000,SD8000,SD8000,sd8000,WAGNER/OLSEN,clean,,,302300,2.2,0.552,0.0093,PDSD8000,12.152,SD8000,SD8000,measured
SD8000,SD8000,SD8000,sd8000,WAGNER/OLSEN,clean,,,302300,3.23,0.65,0.0105,PDSD8000,12.152,SD8000,SD8000,measured
SD8000,SD8000,SD8000,sd8000,WAGNER/OLSEN,clean,,,302300,4.25,0.744,0.0123,PDSD8000,12.152,SD8000,SD8000,measured
SD8000,SD8000,SD8000,sd8000,WAGNER/OLSEN,clean,,,302300,5.26,0.833,0.014,PDSD8000,12.152,SD8000,SD8000,measured
SD8000,SD8000,SD8000,sd8000,WAGNER/OLSEN,clean,,,302300,6.29,0.92,0.0163,PDSD8000,12.152,SD8000,SD8000,measured
SD8000,SD8000,SD8000,sd8000,WAGNER/OLSEN,clean,,,302300,7.3,1.001,0.0185,PDSD8000,12.152,SD8000,SD8000,measured
SD8000,SD8000,SD8000,sd8000,WAGNER/OLSEN,clean,,,302300,8.31,1.07,0.0229,PDSD8000,12.152,SD8000,SD8000,measured
SD8000,SD8000,SD8000,sd8000,WAGNER/OLSEN,clean,,,302300,9.34,1.126,0.0286,PDSD8000,12.152,SD8000,SD8000,measured
"SD8000 UST .020, .125, 20%",SD8000,SD8000,sd8000,WAGNER/OLSEN,tripped,0.2,,104900,-3.93,-0.147,0.0143,PDSD8000UST2012520,12.153,SD8000,SD8000,measured
"SD8000 UST .020, .125, 20%",SD8000,SD8000,sd8000,WAGNER/OLSEN,tripped,0.2,,104900,-2.93,-0.057,0.0141,PDSD8000UST2012520,12.153,SD8000,SD8000,measured
"SD8000 UST .020, .125, 20%",SD8000,SD8000,sd8000,WAGNER/OLSEN,tripped,0.2,,104900,-1.89,0.055,0.0129,PDSD8000UST2012520,12.153,SD8000,SD8000,measured
"SD8000 UST .020, .125, 20%",SD8000,SD8000,sd8000,WAGNER/OLSEN,tripped,0.2,,104900,-0.87,0.171,0.0129,PDSD8000UST2012520,12.153,SD8000,SD8000,measured
"SD8000 UST .020, .125, 20%",SD8000,SD8000,sd8000,WAGNER/OLSEN,tripped,0.2,,104900,0.13,0.289,0.0114,PDSD8000UST2012520,12.153,SD8000,SD8000,measured
"SD8000 UST .020, .125, 20%",SD8000,SD8000,sd8000,WAGNER/OLSEN,tripped,0.2,,104900,1.17,0.394,0.0135,PDSD8000UST2012520,12.153,SD8000,SD8000,measured
"SD8000 UST .020, .125, 20%",SD8000,SD8000,sd8000,WAGNER/OLSEN,tripped,0.2,,104900,2.18,0.491,0.0132,PDSD8000UST2012520,12.153,SD8000,SD8000,measured
"SD8000 UST .020, .125, 20%",SD8000,SD8000,sd8000,WAGNER/OLSEN,tripped,0.2,,104900,3.21,0.583,0.0153,PDSD8000UST2012520,12.153,SD8000,SD8000,measured
"SD8000 UST .020, .125, 20%",SD8000,SD8000,sd8000,WAGNER/OLSEN,tripped,0.2,,104900,4.23,0.682,0.0169,PDSD8000UST2012520,12.153,SD8000,SD8000,measured
"SD8000 UST .020, .125, 20%",SD8000,SD8000,sd8000,WAGNER/OLSEN,tripped,0.2,,104900,5.26,0.765,0.0166,PDSD8000UST2012520,12.153,SD8000,SD8000,measured
"SD8000 UST .020, .125, 20%",SD8000,SD8000,sd8000,WAGNER/OLSEN,tripped,0.2,,104900,6.26,0.849,0.0186,PDSD8000UST2012520,12.153,SD8000,SD8000,measured
"SD8000 UST .020, .125, 20%",SD8000,SD8000,sd8000,WAGNER/OLSEN,tripped,0.2,,153800,-3.96,-0.1,0.0121,PDSD8000UST2012520,12.153,SD8000,SD8000,measured
"SD8000 UST .020, .125, 20%",SD8000,SD8000,sd8000,WAGNER/OLSEN,tripped,0.2,,153800,-2.94,0.022,0.011,PDSD8000UST2012520,12.153,SD8000,SD8000,measured
"SD8000 UST .020, .125, 20%",SD8000,SD8000,sd8000,WAGNER/OLSEN,tripped,0.2,,153800,-1.9,0.127,0.0095,PDSD8000UST2012520,12.153,SD8000,SD8000,measured
"SD8000 UST .020, .125, 20%",SD8000,SD8000,sd8000,WAGNER/OLSEN,tripped,0.2,,153800,-0.87,0.226,0.0096,PDSD8000UST2012520,12.153,SD8000,SD8000,measured
"SD8000 UST .020, .125, 20%",SD8000,SD8000,sd8000,WAGNER/OLSEN,tripped,0.2,,153800,0.15,0.322,0.0095,PDSD8000UST2012520,12.153,SD8000,SD8000,measured
"SD8000 UST .020, .125, 20%",SD8000,SD8000,sd8000,WAGNER/OLSEN,tripped,0.2,,153800,1.18,0.429,0.0104,PDSD8000UST2012520,12.153,SD8000,SD8000,measured
"SD8000 UST .020, .125, 20%",SD8000,SD8000,sd8000,WAGNER/OLSEN,tripped,0.2,,153800,2.2,0.532,0.0116,PDSD8000UST2012520,12.153,SD8000,SD8000,measured
"SD8000 UST .020, .125, 20%",SD8000,SD8000,sd8000,WAGNER/OLSEN,tripped,0.2,,153800,3.23,0.638,0.0131,PDSD8000UST2012520,12.153,SD8000,SD8000,measured
"SD8000 UST .020, .125, 20%",SD8000,SD8000,sd8000,WAGNER/OLSEN,tripped,0.2,,153800,4.25,0.736,0.0149,PDSD8000UST2012520,12.153,SD8000,SD8000,measured
"SD8000 UST .020, .125, 20%",SD8000,SD8000,sd8000,WAGNER/OLSEN,tripped,0.2,,153800,5.26,0.828,0.0175,PDSD8000UST2012520,12.153,SD8000,SD8000,measured
"SD8000 UST .020, .125, 20%",SD8000,SD8000,sd8000,WAGNER/OLSEN,tripped,0.2,,153800,6.27,0.906,0.0208,PDSD8000UST2012520,12.153,SD8000,SD8000,measured
"SD8000 UST .020, .125, 20%",SD8000,SD8000,sd8000,WAGNER/OLSEN,tripped,0.2,,153800,7.3,0.98,0.0243,PDSD8000UST2012520,12.153,SD8000,SD8000,measured
"SD8000 UST .020, .125, 20%",SD8000,SD8000,sd8000,WAGNER/OLSEN,tripped,0.2,,153800,8.31,1.043,0.0302,PDSD8000UST2012520,12.153,SD8000,SD8000,measured
"SD8000 UST .020, .125, 20%",SD8000,SD8000,sd8000,WAGNER/OLSEN,tripped,0.2,,153800,9.33,1.089,0.0387,PDSD8000UST2012520,12.153,SD8000,SD8000,measured
"SD8000 UST .020, .125, 20%",SD8000,SD8000,sd8000,WAGNER/OLSEN,tripped,0.2,,206500,-3.92,-0.066,0.011,PDSD8000UST2012520,12.153,SD8000,SD8000,measured
"SD8000 UST .020, .125, 20%",SD8000,SD8000,sd8000,WAGNER/OLSEN,tripped,0.2,,206500,-2.93,0.036,0.0097,PDSD8000UST2012520,12.153,SD8000,SD8000,measured
"SD8000 UST .020, .125, 20%",SD8000,SD8000,sd8000,WAGNER/OLSEN,tripped,0.2,,206500,-1.89,0.126,0.0086,PDSD8000UST2012520,12.153,SD8000,SD8000,measured
"SD8000 UST .020, .125, 20%",SD8000,SD8000,sd8000,WAGNER/OLSEN,tripped,0.2,,206500,-0.87,0.213,0.0087,PDSD8000UST2012520,12.153,SD8000,SD8000,measured
"SD8000 UST .020, .125, 20%",SD8000,SD8000,sd8000,WAGNER/OLSEN,tripped,0.2,,206500,0.14,0.318,0.0094,PDSD8000UST2012520,12.153,SD8000,SD8000,measured
"SD8000 UST .020, .125, 20%",SD8000,SD8000,sd8000,WAGNER/OLSEN,tripped,0.2,,206500,1.17,0.424,0.0104,PDSD8000UST2012520,12.153,SD8000,SD8000,measured
"SD8000 UST .020, .125, 20%",SD8000,SD8000,sd8000,WAGNER/OLSEN,tripped,0.2,,206500,2.18,0.525,0.0111,PDSD8000UST2012520,12.153,SD8000,SD8000,measured
"SD8000 UST .020, .125, 20%",SD8000,SD8000,sd8000,WAGNER/OLSEN,tripped,0.2,,206500,3.21,0.629,0.0125,PDSD8000UST2012520,12.153,SD8000,SD8000,measured
"SD8000 UST .020, .125, 20%",SD8000,SD8000,sd8000,WAGNER/OLSEN,tripped,0.2,,206500,4.25,0.73,0.0137,PDSD8000UST2012520,12.153,SD8000,SD8000,measured
"SD8000 UST .020, .125, 20%",SD8000,SD8000,sd8000,WAGNER/OLSEN,tripped,0.2,,206500,5.25,0.824,0.0158,PDSD8000UST2012520,12.153,SD8000,SD8000,measured
"SD8000 UST .020, .125, 20%",SD8000,SD8000,sd8000,WAGNER/OLSEN,tripped,0.2,,206500,6.27,0.909,0.0186,PDSD8000UST2012520,12.153,SD8000,SD8000,measured
"SD8000 UST .020, .125, 20%",SD8000,SD8000,sd8000,WAGNER/OLSEN,tripped,0.2,,206500,7.3,0.99,0.0213,PDSD8000UST2012520,12.153,SD8000,SD8000,measured
"SD8000 UST .020, .125, 20%",SD8000,SD8000,sd8000,WAGNER/OLSEN,tripped,0.2,,206500,8.32,1.056,0.0268,PDSD8000UST2012520,12.153,SD8000,SD8000,measured
"SD8000 UST .020, .125, 20%",SD8000,SD8000,sd8000,WAGNER/OLSEN,tripped,0.2,,206500,9.33,1.104,0.0334,PDSD8000UST2012520,12.153,SD8000,SD8000,measured
"SD8000 UST .020, .125, 20%",SD8000,SD8000,sd8000,WAGNER/OLSEN,tripped,0.2,,206500,10.34,1.127,0.0442,PDSD8000UST2012520,12.153,SD8000,SD8000,measured
"SD8000 UST .020, .125, 20%",SD8000,SD8000,sd8000,WAGNER/OLSEN,tripped,0.2,,311100,-3.98,-0.085,0.0113,PDSD8000UST2012520,12.153,SD8000,SD8000,measured
"SD8000 UST .020, .125, 20%",SD8000,SD8000,sd8000,WAGNER/OLSEN,tripped,0.2,,311100,-2.97,0.013,0.0109,PDSD8000UST2012520,12.153,SD8000,SD8000,measured
"SD8000 UST .020, .125, 20%",SD8000,SD8000,sd8000,WAGNER/OLSEN,tripped,0.2,,311100,-1.94,0.104,0.0101,PDSD8000UST2012520,12.153,SD8000,SD8000,measured
"SD8000 UST .020, .125, 20%",SD8000,SD8000,sd8000,WAGNER/OLSEN,tripped,0.2,,311100,-0.93,0.211,0.0096,PDSD8000UST2012520,12.153,SD8000,SD8000,measured
"SD8000 UST .020, .125, 20%",SD8000,SD8000,sd8000,WAGNER/OLSEN,tripped,0.2,,311100,0.12,0.313,0.0093,PDSD8000UST2012520,12.153,SD8000,SD8000,measured
"SD8000 UST .020, .125, 20%",SD8000,SD8000,sd8000,WAGNER/OLSEN,tripped,0.2,,311100,1.15,0.424,0.0097,PDSD8000UST2012520,12.153,SD8000,SD8000,measured
"SD8000 UST .020, .125, 20%",SD8000,SD8000,sd8000,WAGNER/OLSEN,tripped,0.2,,311100,2.16,0.532,0.0103,PDSD8000UST2012520,12.153,SD8000,SD8000,measured
"SD8000 UST .020, .125, 20%",SD8000,SD8000,sd8000,WAGNER/OLSEN,tripped,0.2,,311100,3.21,0.638,0.0116,PDSD8000UST2012520,12.153,SD8000,SD8000,measured
"SD8000 UST .020, .125, 20%",SD8000,SD8000,sd8000,WAGNER/OLSEN,tripped,0.2,,311100,4.23,0.736,0.0126,PDSD8000UST2012520,12.153,SD8000,SD8000,measured
"SD8000 UST .020, .125, 20%",SD8000,SD8000,sd8000,WAGNER/OLSEN,tripped,0.2,,311100,5.26,0.823,0.0147,PDSD8000UST2012520,12.153,SD8000,SD8000,measured
"SD8000 UST .020, .125, 20%",SD8000,SD8000,sd8000,WAGNER/OLSEN,tripped,0.2,,311100,6.27,0.909,0.0169,PDSD8000UST2012520,12.153,SD8000,SD8000,measured
"SD8000 UST .020, .125, 20%",SD8000,SD8000,sd8000,WAGNER/OLSEN,tripped,0.2,,311100,7.3,0.992,0.0192,PDSD8000UST2012520,12.153,SD8000,SD8000,measured
"SD8000 UST .020, .125, 20%",SD8000,SD8000,sd8000,WAGNER/OLSEN,tripped,0.2,,311100,8.31,1.063,0.0234,PDSD8000UST2012520,12.153,SD8000,SD8000,measured
"SD8000 UST .020, .125, 40%",SD8000,SD8000,sd8000,WAGNER/OLSEN,tripped,0.4,,99900,-3.94,-0.142,0.0144,PDSD8000UST2012540,12.154,SD8000,SD8000,measured
"SD8000 UST .020, .125, 40%",SD8000,SD8000,sd8000,WAGNER/OLSEN,tripped,0.4,,99900,-2.42,0.018,0.0125,PDSD8000UST2012540,12.154,SD8000,SD8000,measured
"SD8000 UST .020, .125, 40%",SD8000,SD8000,sd8000,WAGNER/OLSEN,tripped,0.4,,99900,-0.87,0.204,0.0119,PDSD8000UST2012540,12.154,SD8000,SD8000,measured
"SD8000 UST .020, .125, 40%",SD8000,SD8000,sd8000,WAGNER/OLSEN,tripped,0.4,,99900,0.67,0.376,0.0132,PDSD8000UST2012540,12.154,SD8000,SD8000,measured
"SD8000 UST .020, .125, 40%",SD8000,SD8000,sd8000,WAGNER/OLSEN,tripped,0.4,,99900,2.18,0.531,0.0133,PDSD8000UST2012540,12.154,SD8000,SD8000,measured
"SD8000 UST .020, .125, 40%",SD8000,SD8000,sd8000,WAGNER/OLSEN,tripped,0.4,,99900,3.72,0.669,0.0144,PDSD8000UST2012540,12.154,SD8000,SD8000,measured
"SD8000 UST .020, .125, 40%",SD8000,SD8000,sd8000,WAGNER/OLSEN,tripped,0.4,,99900,5.25,0.791,0.018,PDSD8000UST2012540,12.154,SD8000,SD8000,measured
"SD8000 UST .020, .125, 40%",SD8000,SD8000,sd8000,WAGNER/OLSEN,tripped,0.4,,99900,6.76,0.901,0.0256,PDSD8000UST2012540,12.154,SD8000,SD8000,measured
"SD8000 UST .020, .125, 40%",SD8000,SD8000,sd8000,WAGNER/OLSEN,tripped,0.4,,99900,8.29,0.931,0.0327,PDSD8000UST2012540,12.154,SD8000,SD8000,measured
"SD8000 UST .020, .125, 40%",SD8000,SD8000,sd8000,WAGNER/OLSEN,tripped,0.4,,99900,9.78,0.936,0.0496,PDSD8000UST2012540,12.154,SD8000,SD8000,measured
"SD8000 UST .020, .125, 40%",SD8000,SD8000,sd8000,WAGNER/OLSEN,tripped,0.4,,99900,11.3,0.888,0.1782,PDSD8000UST2012540,12.154,SD8000,SD8000,measured
"SD8000 UST .020, .125, 40%",SD8000,SD8000,sd8000,WAGNER/OLSEN,tripped,0.4,,152200,-3.91,-0.088,0.0122,PDSD8000UST2012540,12.154,SD8000,SD8000,measured
"SD8000 UST .020, .125, 40%",SD8000,SD8000,sd8000,WAGNER/OLSEN,tripped,0.4,,152200,-2.4,0.071,0.0104,PDSD8000UST2012540,12.154,SD8000,SD8000,measured
"SD8000 UST .020, .125, 40%",SD8000,SD8000,sd8000,WAGNER/OLSEN,tripped,0.4,,152200,-0.87,0.219,0.0094,PDSD8000UST2012540,12.154,SD8000,SD8000,measured
"SD8000 UST .020, .125, 40%",SD8000,SD8000,sd8000,WAGNER/OLSEN,tripped,0.4,,152200,0.68,0.386,0.0097,PDSD8000UST2012540,12.154,SD8000,SD8000,measured
"SD8000 UST .020, .125, 40%",SD8000,SD8000,sd8000,WAGNER/OLSEN,tripped,0.4,,152200,2.19,0.536,0.0106,PDSD8000UST2012540,12.154,SD8000,SD8000,measured
"SD8000 UST .020, .125, 40%",SD8000,SD8000,sd8000,WAGNER/OLSEN,tripped,0.4,,152200,3.72,0.681,0.0125,PDSD8000UST2012540,12.154,SD8000,SD8000,measured
"SD8000 UST .020, .125, 40%",SD8000,SD8000,sd8000,WAGNER/OLSEN,tripped,0.4,,152200,5.24,0.809,0.0172,PDSD8000UST2012540,12.154,SD8000,SD8000,measured
"SD8000 UST .020, .125, 40%",SD8000,SD8000,sd8000,WAGNER/OLSEN,tripped,0.4,,152200,6.79,0.934,0.0209,PDSD8000UST2012540,12.154,SD8000,SD8000,measured
"SD8000 UST .020, .125, 40%",SD8000,SD8000,sd8000,WAGNER/OLSEN,tripped,0.4,,152200,8.31,1.035,0.0278,PDSD8000UST2012540,12.154,SD8000,SD8000,measured
"SD8000 UST .020, .125, 40%",SD8000,SD8000,sd8000,WAGNER/OLSEN,tripped,0.4,,152200,9.81,1.097,0.0395,PDSD8000UST2012540,12.154,SD8000,SD8000,measured
"SD8000 UST .020, .125, 40%",SD8000,SD8000,sd8000,WAGNER/OLSEN,tripped,0.4,,152200,11.28,0.995,0.1512,PDSD8000UST2012540,12.154,SD8000,SD8000,measured
"SD8000 UST .020, .125, 40%",SD8000,SD8000,sd8000,WAGNER/OLSEN,tripped,0.4,,202100,-3.94,-0.074,0.0109,PDSD8000UST2012540,12.154,SD8000,SD8000,measured
"SD8000 UST .020, .125, 40%",SD8000,SD8000,sd8000,WAGNER/OLSEN,tripped,0.4,,202100,-2.43,0.078,0.0088,PDSD8000UST2012540,12.154,SD8000,SD8000,measured
"SD8000 UST .020, .125, 40%",SD8000,SD8000,sd8000,WAGNER/OLSEN,tripped,0.4,,202100,-0.86,0.22,0.0081,PDSD8000UST2012540,12.154,SD8000,SD8000,measured
"SD8000 UST .020, .125, 40%",SD8000,SD8000,sd8000,WAGNER/OLSEN,tripped,0.4,,202100,0.66,0.382,0.0084,PDSD8000UST2012540,12.154,SD8000,SD8000,measured
"SD8000 UST .020, .125, 40%",SD8000,SD8000,sd8000,WAGNER/OLSEN,tripped,0.4,,202100,2.21,0.54,0.0099,PDSD8000UST2012540,12.154,SD8000,SD8000,measured
"SD8000 UST .020, .125, 40%",SD8000,SD8000,sd8000,WAGNER/OLSEN,tripped,0.4,,202100,3.73,0.685,0.0126,PDSD8000UST2012540,12.154,SD8000,SD8000,measured
"SD8000 UST .020, .125, 40%",SD8000,SD8000,sd8000,WAGNER/OLSEN,tripped,0.4,,202100,5.25,0.818,0.0159,PDSD8000UST2012540,12.154,SD8000,SD8000,measured
"SD8000 UST .020, .125, 40%",SD8000,SD8000,sd8000,WAGNER/OLSEN,tripped,0.4,,202100,6.79,0.948,0.0193,PDSD8000UST2012540,12.154,SD8000,SD8000,measured
"SD8000 UST .020, .125, 40%",SD8000,SD8000,sd8000,WAGNER/OLSEN,tripped,0.4,,202100,8.31,1.053,0.0261,PDSD8000UST2012540,12.154,SD8000,SD8000,measured
"SD8000 UST .020, .125, 40%",SD8000,SD8000,sd8000,WAGNER/OLSEN,tripped,0.4,,202100,9.81,1.116,0.0369,PDSD8000UST2012540,12.154,SD8000,SD8000,measured
"SD8000 UST .020, .125, 40%",SD8000,SD8000,sd8000,WAGNER/OLSEN,tripped,0.4,,202100,11.24,1.021,0.1473,PDSD8000UST2012540,12.154,SD8000,SD8000,measured
"SD8000 UST .020, .125, 40%",SD8000,SD8000,sd8000,WAGNER/OLSEN,tripped,0.4,,301300,-3.96,-0.074,0.0104,PDSD8000UST2012540,12.154,SD8000,SD8000,measured
"SD8000 UST .020, .125, 40%",SD8000,SD8000,sd8000,WAGNER/OLSEN,tripped,0.4,,301300,-2.42,0.076,0.0091,PDSD8000UST2012540,12.154,SD8000,SD8000,measured
"SD8000 UST .020, .125, 40%",SD8000,SD8000,sd8000,WAGNER/OLSEN,tripped,0.4,,301300,-0.88,0.227,0.0083,PDSD8000UST2012540,12.154,SD8000,SD8000,measured
"SD8000 UST .020, .125, 40%",SD8000,SD8000,sd8000,WAGNER/OLSEN,tripped,0.4,,301300,0.66,0.385,0.0083,PDSD8000UST2012540,12.154,SD8000,SD8000,measured
"SD8000 UST .020, .125, 40%",SD8000,SD8000,sd8000,WAGNER/OLSEN,tripped,0.4,,301300,2.2,0.546,0.0095,PDSD8000UST2012540,12.154,SD8000,SD8000,measured
"SD8000 UST .020, .125, 40%",SD8000,SD8000,sd8000,WAGNER/OLSEN,tripped,0.4,,301300,3.73,0.692,0.012,PDSD8000UST2012540,12.154,SD8000,SD8000,measured
"SD8000 UST .020, .125, 40%",SD8000,SD8000,sd8000,WAGNER/OLSEN,tripped,0.4,,301300,5.25,0.829,0.0147,PDSD8000UST2012540,12.154,SD8000,SD8000,measured
"SD8000 UST .020, .125, 40%",SD8000,SD8000,sd8000,WAGNER/OLSEN,tripped,0.4,,301300,6.78,0.959,0.0178,PDSD8000UST2012540,12.154,SD8000,SD8000,measured
"SD8000 UST .020, .125, 40%",SD8000,SD8000,sd8000,WAGNER/OLSEN,tripped,0.4,,301300,8.31,1.069,0.0231,PDSD8000UST2012540,12.154,SD8000,SD8000,measured
"SD8000 UST .020, .125, 40%",SD8000,SD8000,sd8000,WAGNER/OLSEN,tripped,0.4,,301300,9.84,1.14,0.0324,PDSD8000UST2012540,12.154,SD8000,SD8000,measured
"SD8000 UST .020, .125, 40%",SD8000,SD8000,sd8000,WAGNER/OLSEN,tripped,0.4,,301300,11.33,1.14,0.0586,PDSD8000UST2012540,12.154,SD8000,SD8000,measured
"SD8000 UST .020, .125, 70%",SD8000,SD8000,sd8000,WAGNER/OLSEN,tripped,0.7,,101300,-2.93,-0.048,0.0125,PDSD8000UST2012570,12.155,SD8000,SD8000,measured
"SD8000 UST .020, .125, 70%",SD8000,SD8000,sd8000,WAGNER/OLSEN,tripped,0.7,,101300,-1.4,0.091,0.0124,PDSD8000UST2012570,12.155,SD8000,SD8000,measured
"SD8000 UST .020, .125, 70%",SD8000,SD8000,sd8000,WAGNER/OLSEN,tripped,0.7,,101300,0.13,0.308,0.0139,PDSD8000UST2012570,12.155,SD8000,SD8000,measured
"SD8000 UST .020, .125, 70%",SD8000,SD8000,sd8000,WAGNER/OLSEN,tripped,0.7,,101300,1.69,0.507,0.0128,PDSD8000UST2012570,12.155,SD8000,SD8000,measured
"SD8000 UST .020, .125, 70%",SD8000,SD8000,sd8000,WAGNER/OLSEN,tripped,0.7,,101300,3.23,0.64,0.0132,PDSD8000UST2012570,12.155,SD8000,SD8000,measured
"SD8000 UST .020, .125, 70%",SD8000,SD8000,sd8000,WAGNER/OLSEN,tripped,0.7,,101300,4.74,0.771,0.0171,PDSD8000UST2012570,12.155,SD8000,SD8000,measured
"SD8000 UST .020, .125, 70%",SD8000,SD8000,sd8000,WAGNER/OLSEN,tripped,0.7,,101300,6.28,0.892,0.0216,PDSD8000UST2012570,12.155,SD8000,SD8000,measured
"SD8000 UST .020, .125, 70%",SD8000,SD8000,sd8000,WAGNER/OLSEN,tripped,0.7,,101300,7.8,1.001,0.0258,PDSD8000UST2012570,12.155,SD8000,SD8000,measured
"SD8000 UST .020, .125, 70%",SD8000,SD8000,sd8000,WAGNER/OLSEN,tripped,0.7,,101300,9.32,1.071,0.0376,PDSD8000UST2012570,12.155,SD8000,SD8000,measured
"SD8000 UST .020, .125, 70%",SD8000,SD8000,sd8000,WAGNER/OLSEN,tripped,0.7,,150500,-2.93,0.02,0.0104,PDSD8000UST2012570,12.155,SD8000,SD8000,measured
"SD8000 UST .020, .125, 70%",SD8000,SD8000,sd8000,WAGNER/OLSEN,tripped,0.7,,150500,-1.38,0.156,0.0107,PDSD8000UST2012570,12.155,SD8000,SD8000,measured
"SD8000 UST .020, .125, 70%",SD8000,SD8000,sd8000,WAGNER/OLSEN,tripped,0.7,,150500,0.16,0.354,0.0104,PDSD8000UST2012570,12.155,SD8000,SD8000,measured
"SD8000 UST .020, .125, 70%",SD8000,SD8000,sd8000,WAGNER/OLSEN,tripped,0.7,,150500,1.69,0.498,0.0099,PDSD8000UST2012570,12.155,SD8000,SD8000,measured
"SD8000 UST .020, .125, 70%",SD8000,SD8000,sd8000,WAGNER/OLSEN,tripped,0.7,,150500,3.22,0.641,0.0126,PDSD8000UST2012570,12.155,SD8000,SD8000,measured
"SD8000 UST .020, .125, 70%",SD8000,SD8000,sd8000,WAGNER/OLSEN,tripped,0.7,,150500,4.75,0.768,0.0157,PDSD8000UST2012570,12.155,SD8000,SD8000,measured
"SD8000 UST .020, .125, 70%",SD8000,SD8000,sd8000,WAGNER/OLSEN,tripped,0.7,,150500,6.26,0.896,0.0187,PDSD8000UST2012570,12.155,SD8000,SD8000,measured
"SD8000 UST .020, .125, 70%",SD8000,SD8000,sd8000,WAGNER/OLSEN,tripped,0.7,,150500,7.8,1.003,0.0258,PDSD8000UST2012570,12.155,SD8000,SD8000,measured
"SD8000 UST .020, .125, 70%",SD8000,SD8000,sd8000,WAGNER/OLSEN,tripped,0.7,,150500,9.32,1.08,0.0326,PDSD8000UST2012570,12.155,SD8000,SD8000,measured
"SD8000 UST .020, .125, 70%",SD8000,SD8000,sd8000,WAGNER/OLSEN,tripped,0.7,,150500,10.81,1.065,0.06,PDSD8000UST2012570,12.155,SD8000,SD8000,measured
"SD8000 UST .020, .125, 70%",SD8000,SD8000,sd8000,WAGNER/OLSEN,tripped,0.7,,150500,11.76,0.924,0.2143,PDSD8000UST2012570,12.155,SD8000,SD8000,measured
"SD8000 UST .020, .125, 70%",SD8000,SD8000,sd8000,WAGNER/OLSEN,tripped,0.7,,150500,12.79,0.87,0.2198,PDSD8000UST2012570,12.155,SD8000,SD8000,measured
"SD8000 UST .020, .125, 70%",SD8000,SD8000,sd8000,WAGNER/OLSEN,tripped,0.7,,200800,-2.95,0.039,0.0095,PDSD8000UST2012570,12.155,SD8000,SD8000,measured
"SD8000 UST .020, .125, 70%",SD8000,SD8000,sd8000,WAGNER/OLSEN,tripped,0.7,,200800,-1.37,0.193,0.0086,PDSD8000UST2012570,12.155,SD8000,SD8000,measured
"SD8000 UST .020, .125, 70%",SD8000,SD8000,sd8000,WAGNER/OLSEN,tripped,0.7,,200800,0.16,0.339,0.0088,PDSD8000UST2012570,12.155,SD8000,SD8000,measured
"SD8000 UST .020, .125, 70%",SD8000,SD8000,sd8000,WAGNER/OLSEN,tripped,0.7,,200800,1.69,0.49,0.0093,PDSD8000UST2012570,12.155,SD8000,SD8000,measured
"SD8000 UST .020, .125, 70%",SD8000,SD8000,sd8000,WAGNER/OLSEN,tripped,0.7,,200800,3.21,0.634,0.0116,PDSD8000UST2012570,12.155,SD8000,SD8000,measured
"SD8000 UST .020, .125, 70%",SD8000,SD8000,sd8000,WAGNER/OLSEN,tripped,0.7,,200800,4.74,0.773,0.0148,PDSD8000UST2012570,12.155,SD8000,SD8000,measured
"SD8000 UST .020, .125, 70%",SD8000,SD8000,sd8000,WAGNER/OLSEN,tripped,0.7,,200800,6.26,0.905,0.0181,PDSD8000UST2012570,12.155,SD8000,SD8000,measured
"SD8000 UST .020, .125, 70%",SD8000,SD8000,sd8000,WAGNER/OLSEN,tripped,0.7,,200800,7.8,1.021,0.0231,PDSD8000UST2012570,12.155,SD8000,SD8000,measured
"SD8000 UST .020, .125, 70%",SD8000,SD8000,sd8000,WAGNER/OLSEN,tripped,0.7,,200800,9.33,1.101,0.0323,PDSD8000UST2012570,12.155,SD8000,SD8000,measured
"SD8000 UST .020, .125, 70%",SD8000,SD8000,sd8000,WAGNER/OLSEN,tripped,0.7,,200800,10.82,1.122,0.0541,PDSD8000UST2012570,12.155,SD8000,SD8000,measured
"SD8000 UST .020, .125, 70%",SD8000,SD8000,sd8000,WAGNER/OLSEN,tripped,0.7,,200800,11.75,0.975,0.2004,PDSD8000UST2012570,12.155,SD8000,SD8000,measured
"SD8000 UST .020, .125, 70%",SD8000,SD8000,sd8000,WAGNER/OLSEN,tripped,0.7,,200800,12.79,0.916,0.2233,PDSD8000UST2012570,12.155,SD8000,SD8000,measured
"SD8000 UST .020, .125, 70%",SD8000,SD8000,sd8000,WAGNER/OLSEN,tripped,0.7,,200800,13.78,0.907,0.2499,PDSD8000UST2012570,12.155,SD8000,SD8000,measured
"SD8000 UST .020, .125, 70%",SD8000,SD8000,sd8000,WAGNER/OLSEN,tripped,0.7,,306100,-2.99,0.041,0.0084,PDSD8000UST2012570,12.155,SD8000,SD8000,measured
"SD8000 UST .020, .125, 70%",SD8000,SD8000,sd8000,WAGNER/OLSEN,tripped,0.7,,306100,-1.39,0.197,0.0078,PDSD8000UST2012570,12.155,SD8000,SD8000,measured
"SD8000 UST .020, .125, 70%",SD8000,SD8000,sd8000,WAGNER/OLSEN,tripped,0.7,,306100,0.16,0.342,0.0073,PDSD8000UST2012570,12.155,SD8000,SD8000,measured
"SD8000 UST .020, .125, 70%",SD8000,SD8000,sd8000,WAGNER/OLSEN,tripped,0.7,,306100,1.69,0.497,0.0087,PDSD8000UST2012570,12.155,SD8000,SD8000,measured
"SD8000 UST .020, .125, 70%",SD8000,SD8000,sd8000,WAGNER/OLSEN,tripped,0.7,,306100,3.21,0.643,0.011,PDSD8000UST2012570,12.155,SD8000,SD8000,measured
"SD8000 UST .020, .125, 70%",SD8000,SD8000,sd8000,WAGNER/OLSEN,tripped,0.7,,306100,4.75,0.785,0.0132,PDSD8000UST2012570,12.155,SD8000,SD8000,measured
"SD8000 UST .020, .125, 70%",SD8000,SD8000,sd8000,WAGNER/OLSEN,tripped,0.7,,306100,6.28,0.917,0.0163,PDSD8000UST2012570,12.155,SD8000,SD8000,measured
"SD8000 UST .020, .125, 70%",SD8000,SD8000,sd8000,WAGNER/OLSEN,tripped,0.7,,306100,7.81,1.035,0.0207,PDSD8000UST2012570,12.155,SD8000,SD8000,measured
"SD8000 UST .020, .125, 70%",SD8000,SD8000,sd8000,WAGNER/OLSEN,tripped,0.7,,306100,9.32,1.121,0.0278,PDSD8000UST2012570,12.155,SD8000,SD8000,measured
"SD8000 UST .020, .125, 70%",SD8000,SD8000,sd8000,WAGNER/OLSEN,tripped,0.7,,306100,10.83,1.155,0.0444,PDSD8000UST2012570,12.155,SD8000,SD8000,measured
"SD8000 UST .020, .125, 70%",SD8000,SD8000,sd8000,WAGNER/OLSEN,tripped,0.7,,306100,11.81,1.009,0.199,PDSD8000UST2012570,12.155,SD8000,SD8000,measured
SD8020,SD8020,SD8020,sd8020,WAGNER/OLSEN,clean,,,59800,-6.03,-0.59,0.0197,PDSD8020,12.157,SD8020,SD8020,measured
SD8020,SD8020,SD8020,sd8020,WAGNER/OLSEN,clean,,,59800,-5.05,-0.533,0.0204,PDSD8020,12.157,SD8020,SD8020,measured
SD8020,SD8020,SD8020,sd8020,WAGNER/OLSEN,clean,,,59800,-4.01,-0.442,0.0167,PDSD8020,12.157,SD8020,SD8020,measured
SD8020,SD8020,SD8020,sd8020,WAGNER/OLSEN,clean,,,59800,-2.98,-0.356,0.0159,PDSD8020,12.157,SD8020,SD8020,measured
SD8020,SD8020,SD8020,sd8020,WAGNER/OLSEN,clean,,,59800,-1.96,-0.224,0.0147,PDSD8020,12.157,SD8020,SD8020,measured
SD8020,SD8020,SD8020,sd8020,WAGNER/OLSEN,clean,,,59800,-0.94,-0.082,0.0136,PDSD8020,12.157,SD8020,SD8020,measured
SD8020,SD8020,SD8020,sd8020,WAGNER/OLSEN,clean,,,59800,0.08,-0.024,0.0128,PDSD8020,12.157,SD8020,SD8020,measured
SD8020,SD8020,SD8020,sd8020,WAGNER/OLSEN,clean,,,59800,1.09,0.021,0.014,PDSD8020,12.157,SD8020,SD8020,measured
SD8020,SD8020,SD8020,sd8020,WAGNER/OLSEN,clean,,,59800,2.14,0.184,0.0163,PDSD8020,12.157,SD8020,SD8020,measured
SD8020,SD8020,SD8020,sd8020,WAGNER/OLSEN,clean,,,59800,3.14,0.284,0.0155,PDSD8020,12.157,SD8020,SD8020,measured
SD8020,SD8020,SD8020,sd8020,WAGNER/OLSEN,clean,,,59800,4.17,0.369,0.0175,PDSD8020,12.157,SD8020,SD8020,measured
SD8020,SD8020,SD8020,sd8020,WAGNER/OLSEN,clean,,,59800,5.18,0.443,0.0196,PDSD8020,12.157,SD8020,SD8020,measured
SD8020,SD8020,SD8020,sd8020,WAGNER/OLSEN,clean,,,59800,6.2,0.513,0.0266,PDSD8020,12.157,SD8020,SD8020,measured
SD8020,SD8020,SD8020,sd8020,WAGNER/OLSEN,clean,,,59800,7.21,0.582,0.0344,PDSD8020,12.157,SD8020,SD8020,measured
SD8020,SD8020,SD8020,sd8020,WAGNER/OLSEN,clean,,,59800,8.22,0.636,0.0407,PDSD8020,12.157,SD8020,SD8020,measured
SD8020,SD8020,SD8020,sd8020,WAGNER/OLSEN,clean,,,59800,9.23,0.664,0.0825,PDSD8020,12.157,SD8020,SD8020,measured
SD8020,SD8020,SD8020,sd8020,WAGNER/OLSEN,clean,,,59800,10.24,0.666,0.1373,PDSD8020,12.157,SD8020,SD8020,measured
SD8020,SD8020,SD8020,sd8020,WAGNER/OLSEN,clean,,,59800,11.23,0.64,0.1627,PDSD8020,12.157,SD8020,SD8020,measured
SD8020,SD8020,SD8020,sd8020,WAGNER/OLSEN,clean,,,59800,12.23,0.631,0.1579,PDSD8020,12.157,SD8020,SD8020,measured
SD8020,SD8020,SD8020,sd8020,WAGNER/OLSEN,clean,,,100500,-6.05,-0.569,0.0179,PDSD8020,12.157,SD8020,SD8020,measured
SD8020,SD8020,SD8020,sd8020,WAGNER/OLSEN,clean,,,100500,-5.02,-0.489,0.0166,PDSD8020,12.157,SD8020,SD8020,measured
SD8020,SD8020,SD8020,sd8020,WAGNER/OLSEN,clean,,,100500,-4.01,-0.41,0.0132,PDSD8020,12.157,SD8020,SD8020,measured
SD8020,SD8020,SD8020,sd8020,WAGNER/OLSEN,clean,,,100500,-2.98,-0.319,0.0123,PDSD8020,12.157,SD8020,SD8020,measured
SD8020,SD8020,SD8020,sd8020,WAGNER/OLSEN,clean,,,100500,-1.96,-0.214,0.0118,PDSD8020,12.157,SD8020,SD8020,measured
SD8020,SD8020,SD8020,sd8020,WAGNER/OLSEN,clean,,,100500,-0.94,-0.08,0.0119,PDSD8020,12.157,SD8020,SD8020,measured
SD8020,SD8020,SD8020,sd8020,WAGNER/OLSEN,clean,,,100500,0.09,0.006,0.0112,PDSD8020,12.157,SD8020,SD8020,measured
SD8020,SD8020,SD8020,sd8020,WAGNER/OLSEN,clean,,,100500,1.1,0.126,0.0122,PDSD8020,12.157,SD8020,SD8020,measured
SD8020,SD8020,SD8020,sd8020,WAGNER/OLSEN,clean,,,100500,2.13,0.244,0.0124,PDSD8020,12.157,SD8020,SD8020,measured
SD8020,SD8020,SD8020,sd8020,WAGNER/OLSEN,clean,,,100500,3.15,0.334,0.0126,PDSD8020,12.157,SD8020,SD8020,measured
SD8020,SD8020,SD8020,sd8020,WAGNER/OLSEN,clean,,,100500,4.18,0.42,0.0137,PDSD8020,12.157,SD8020,SD8020,measured
SD8020,SD8020,SD8020,sd8020,WAGNER/OLSEN,clean,,,100500,5.19,0.501,0.015,PDSD8020,12.157,SD8020,SD8020,measured
SD8020,SD8020,SD8020,sd8020,WAGNER/OLSEN,clean,,,100500,6.22,0.583,0.0196,PDSD8020,12.157,SD8020,SD8020,measured
SD8020,SD8020,SD8020,sd8020,WAGNER/OLSEN,clean,,,100500,7.23,0.655,0.0227,PDSD8020,12.157,SD8020,SD8020,measured
SD8020,SD8020,SD8020,sd8020,WAGNER/OLSEN,clean,,,100500,8.24,0.723,0.0296,PDSD8020,12.157,SD8020,SD8020,measured
SD8020,SD8020,SD8020,sd8020,WAGNER/OLSEN,clean,,,100500,9.26,0.771,0.0415,PDSD8020,12.157,SD8020,SD8020,measured
SD8020,SD8020,SD8020,sd8020,WAGNER/OLSEN,clean,,,100500,10.26,0.74,0.1224,PDSD8020,12.157,SD8020,SD8020,measured
SD8020,SD8020,SD8020,sd8020,WAGNER/OLSEN,clean,,,100500,11.24,0.692,0.1609,PDSD8020,12.157,SD8020,SD8020,measured
SD8020,SD8020,SD8020,sd8020,WAGNER/OLSEN,clean,,,151200,-6.06,-0.599,0.0158,PDSD8020,12.157,SD8020,SD8020,measured
SD8020,SD8020,SD8020,sd8020,WAGNER/OLSEN,clean,,,151200,-5.02,-0.513,0.0134,PDSD8020,12.157,SD8020,SD8020,measured
SD8020,SD8020,SD8020,sd8020,WAGNER/OLSEN,clean,,,151200,-4.01,-0.426,0.0123,PDSD8020,12.157,SD8020,SD8020,measured
SD8020,SD8020,SD8020,sd8020,WAGNER/OLSEN,clean,,,151200,-2.99,-0.34,0.0107,PDSD8020,12.157,SD8020,SD8020,measured
SD8020,SD8020,SD8020,sd8020,WAGNER/OLSEN,clean,,,151200,-1.96,-0.25,0.0101,PDSD8020,12.157,SD8020,SD8020,measured
SD8020,SD8020,SD8020,sd8020,WAGNER/OLSEN,clean,,,151200,-0.94,-0.155,0.0101,PDSD8020,12.157,SD8020,SD8020,measured
SD8020,SD8020,SD8020,sd8020,WAGNER/OLSEN,clean,,,151200,0.09,0.011,0.0085,PDSD8020,12.157,SD8020,SD8020,measured
SD8020,SD8020,SD8020,sd8020,WAGNER/OLSEN,clean,,,151200,1.11,0.15,0.01,PDSD8020,12.157,SD8020,SD8020,measured
SD8020,SD8020,SD8020,sd8020,WAGNER/OLSEN,clean,,,151200,2.12,0.239,0.0098,PDSD8020,12.157,SD8020,SD8020,measured
SD8020,SD8020,SD8020,sd8020,WAGNER/OLSEN,clean,,,151200,3.15,0.326,0.0101,PDSD8020,12.157,SD8020,SD8020,measured
SD8020,SD8020,SD8020,sd8020,WAGNER/OLSEN,clean,,,151200,4.16,0.412,0.012,PDSD8020,12.157,SD8020,SD8020,measured
SD8020,SD8020,SD8020,sd8020,WAGNER/OLSEN,clean,,,151200,5.2,0.499,0.0141,PDSD8020,12.157,SD8020,SD8020,measured
SD8020,SD8020,SD8020,sd8020,WAGNER/OLSEN,clean,,,151200,6.22,0.585,0.0166,PDSD8020,12.157,SD8020,SD8020,measured
SD8020,SD8020,SD8020,sd8020,WAGNER/OLSEN,clean,,,151200,7.24,0.666,0.0204,PDSD8020,12.157,SD8020,SD8020,measured
SD8020,SD8020,SD8020,sd8020,WAGNER/OLSEN,clean,,,151200,8.25,0.734,0.0239,PDSD8020,12.157,SD8020,SD8020,measured
SD8020,SD8020,SD8020,sd8020,WAGNER/OLSEN,clean,,,151200,9.27,0.793,0.0303,PDSD8020,12.157,SD8020,SD8020,measured
SD8020,SD8020,SD8020,sd8020,WAGNER/OLSEN,clean,,,151200,10.27,0.821,0.0575,PDSD8020,12.157,SD8020,SD8020,measured
SD8020,SD8020,SD8020,sd8020,WAGNER/OLSEN,clean,,,151200,11.25,0.761,0.1469,PDSD8020,12.157,SD8020,SD8020,measured
SD8020,SD8020,SD8020,sd8020,WAGNER/OLSEN,clean,,,201100,-6.07,-0.605,0.0142,PDSD8020,12.157,SD8020,SD8020,measured
SD8020,SD8020,SD8020,sd8020,WAGNER/OLSEN,clean,,,201100,-5.02,-0.518,0.0126,PDSD8020,12.157,SD8020,SD8020,measured
SD8020,SD8020,SD8020,sd8020,WAGNER/OLSEN,clean,,,201100,-4.0,-0.428,0.0114,PDSD8020,12.157,SD8020,SD8020,measured
SD8020,SD8020,SD8020,sd8020,WAGNER/OLSEN,clean,,,201100,-2.99,-0.335,0.0103,PDSD8020,12.157,SD8020,SD8020,measured
SD8020,SD8020,SD8020,sd8020,WAGNER/OLSEN,clean,,,201100,-1.98,-0.249,0.009,PDSD8020,12.157,SD8020,SD8020,measured
SD8020,SD8020,SD8020,sd8020,WAGNER/OLSEN,clean,,,201100,-0.93,-0.134,0.008,PDSD8020,12.157,SD8020,SD8020,measured
SD8020,SD8020,SD8020,sd8020,WAGNER/OLSEN,clean,,,201100,0.09,-0.003,0.0085,PDSD8020,12.157,SD8020,SD8020,measured
SD8020,SD8020,SD8020,sd8020,WAGNER/OLSEN,clean,,,201100,1.12,0.137,0.0087,PDSD8020,12.157,SD8020,SD8020,measured
SD8020,SD8020,SD8020,sd8020,WAGNER/OLSEN,clean,,,201100,2.12,0.229,0.009,PDSD8020,12.157,SD8020,SD8020,measured
SD8020,SD8020,SD8020,sd8020,WAGNER/OLSEN,clean,,,201100,3.16,0.317,0.0097,PDSD8020,12.157,SD8020,SD8020,measured
SD8020,SD8020,SD8020,sd8020,WAGNER/OLSEN,clean,,,201100,4.19,0.41,0.0108,PDSD8020,12.157,SD8020,SD8020,measured
SD8020,SD8020,SD8020,sd8020,WAGNER/OLSEN,clean,,,201100,5.2,0.496,0.0127,PDSD8020,12.157,SD8020,SD8020,measured
SD8020,SD8020,SD8020,sd8020,WAGNER/OLSEN,clean,,,201100,6.21,0.579,0.0142,PDSD8020,12.157,SD8020,SD8020,measured
SD8020,SD8020,SD8020,sd8020,WAGNER/OLSEN,clean,,,201100,7.23,0.66,0.0167,PDSD8020,12.157,SD8020,SD8020,measured
SD8020,SD8020,SD8020,sd8020,WAGNER/OLSEN,clean,,,201100,8.24,0.734,0.0199,PDSD8020,12.157,SD8020,SD8020,measured
SD8020,SD8020,SD8020,sd8020,WAGNER/OLSEN,clean,,,201100,9.27,0.799,0.0268,PDSD8020,12.157,SD8020,SD8020,measured
SD8020,SD8020,SD8020,sd8020,WAGNER/OLSEN,clean,,,201100,10.28,0.837,0.0468,PDSD8020,12.157,SD8020,SD8020,measured
SD8020,SD8020,SD8020,sd8020,WAGNER/OLSEN,clean,,,201100,11.25,0.793,0.1304,PDSD8020,12.157,SD8020,SD8020,measured
SD8020,SD8020,SD8020,sd8020,WAGNER/OLSEN,clean,,,306700,-6.03,-0.566,0.0128,PDSD8020,12.157,SD8020,SD8020,measured
SD8020,SD8020,SD8020,sd8020,WAGNER/OLSEN,clean,,,306700,-4.51,-0.426,0.0102,PDSD8020,12.157,SD8020,SD8020,measured
SD8020,SD8020,SD8020,sd8020,WAGNER/OLSEN,clean,,,306700,-2.99,-0.289,0.0083,PDSD8020,12.157,SD8020,SD8020,measured
SD8020,SD8020,SD8020,sd8020,WAGNER/OLSEN,clean,,,306700,-1.42,-0.098,0.0073,PDSD8020,12.157,SD8020,SD8020,measured
SD8020,SD8020,SD8020,sd8020,WAGNER/OLSEN,clean,,,306700,0.61,0.068,0.0074,PDSD8020,12.157,SD8020,SD8020,measured
SD8020,SD8020,SD8020,sd8020,WAGNER/OLSEN,clean,,,306700,0.61,0.067,0.0073,PDSD8020,12.157,SD8020,SD8020,measured
SD8020,SD8020,SD8020,sd8020,WAGNER/OLSEN,clean,,,306700,1.63,0.188,0.0081,PDSD8020,12.157,SD8020,SD8020,measured
SD8020,SD8020,SD8020,sd8020,WAGNER/OLSEN,clean,,,306700,3.16,0.352,0.0095,PDSD8020,12.157,SD8020,SD8020,measured
SD8020,SD8020,SD8020,sd8020,WAGNER/OLSEN,clean,,,306700,4.69,0.485,0.0115,PDSD8020,12.157,SD8020,SD8020,measured
SD8020,SD8020,SD8020,sd8020,WAGNER/OLSEN,clean,,,306700,6.21,0.616,0.0144,PDSD8020,12.157,SD8020,SD8020,measured
SD8020,SD8020,SD8020,sd8020,WAGNER/OLSEN,clean,,,306700,7.75,0.738,0.0186,PDSD8020,12.157,SD8020,SD8020,measured
SD8020,SD8020,SD8020,sd8020,WAGNER/OLSEN,clean,,,306700,9.28,0.839,0.026,PDSD8020,12.157,SD8020,SD8020,measured
SD8020,SD8020,SD8020,sd8020,WAGNER/OLSEN,clean,,,306700,10.79,0.809,0.1359,PDSD8020,12.157,SD8020,SD8020,measured
SD8040,SD8040,SD8040,sd8040,OFF,clean,,,62100,-2.95,-0.167,0.0217,PDSD8040,12.159,SD8040,SD8040,measured
SD8040,SD8040,SD8040,sd8040,OFF,clean,,,62100,-1.42,-0.014,0.0171,PDSD8040,12.159,SD8040,SD8040,measured
SD8040,SD8040,SD8040,sd8040,OFF,clean,,,62100,0.13,0.227,0.0204,PDSD8040,12.159,SD8040,SD8040,measured
SD8040,SD8040,SD8040,sd8040,OFF,clean,,,62100,1.66,0.413,0.0179,PDSD8040,12.159,SD8040,SD8040,measured
SD8040,SD8040,SD8040,sd8040,OFF,clean,,,62100,3.21,0.537,0.0189,PDSD8040,12.159,SD8040,SD8040,measured
SD8040,SD8040,SD8040,sd8040,OFF,clean,,,62100,4.72,0.658,0.0188,PDSD8040,12.159,SD8040,SD8040,measured
SD8040,SD8040,SD8040,sd8040,OFF,clean,,,62100,6.26,0.774,0.0244,PDSD8040,12.159,SD8040,SD8040,measured
SD8040,SD8040,SD8040,sd8040,OFF,clean,,,62100,7.77,0.884,0.0262,PDSD8040,12.159,SD8040,SD8040,measured
SD8040,SD8040,SD8040,sd8040,OFF,clean,,,62100,9.29,0.959,0.0285,PDSD8040,12.159,SD8040,SD8040,measured
SD8040,SD8040,SD8040,sd8040,OFF,clean,,,62100,10.81,1.015,0.0397,PDSD8040,12.159,SD8040,SD8040,measured
SD8040,SD8040,SD8040,sd8040,OFF,clean,,,102300,-2.93,-0.087,0.0165,PDSD8040,12.159,SD8040,SD8040,measured
SD8040,SD8040,SD8040,sd8040,OFF,clean,,,102300,-1.4,0.107,0.0122,PDSD8040,12.159,SD8040,SD8040,measured
SD8040,SD8040,SD8040,sd8040,OFF,clean,,,102300,0.15,0.278,0.0129,PDSD8040,12.159,SD8040,SD8040,measured
SD8040,SD8040,SD8040,sd8040,OFF,clean,,,102300,1.67,0.413,0.0156,PDSD8040,12.159,SD8040,SD8040,measured
SD8040,SD8040,SD8040,sd8040,OFF,clean,,,102300,3.19,0.547,0.0154,PDSD8040,12.159,SD8040,SD8040,measured
SD8040,SD8040,SD8040,sd8040,OFF,clean,,,102300,4.73,0.684,0.0157,PDSD8040,12.159,SD8040,SD8040,measured
SD8040,SD8040,SD8040,sd8040,OFF,clean,,,102300,6.27,0.816,0.0191,PDSD8040,12.159,SD8040,SD8040,measured
SD8040,SD8040,SD8040,sd8040,OFF,clean,,,102300,7.78,0.92,0.0237,PDSD8040,12.159,SD8040,SD8040,measured
SD8040,SD8040,SD8040,sd8040,OFF,clean,,,102300,9.3,1.006,0.0299,PDSD8040,12.159,SD8040,SD8040,measured
SD8040,SD8040,SD8040,sd8040,OFF,clean,,,102300,10.82,1.056,0.0436,PDSD8040,12.159,SD8040,SD8040,measured
SD8040,SD8040,SD8040,sd8040,OFF,clean,,,102300,11.81,1.048,0.0679,PDSD8040,12.159,SD8040,SD8040,measured
SD8040,SD8040,SD8040,sd8040,OFF,clean,,,150300,-2.93,-0.047,0.0135,PDSD8040,12.159,SD8040,SD8040,measured
SD8040,SD8040,SD8040,sd8040,OFF,clean,,,150300,-1.4,0.09,0.0113,PDSD8040,12.159,SD8040,SD8040,measured
SD8040,SD8040,SD8040,sd8040,OFF,clean,,,150300,0.13,0.249,0.0112,PDSD8040,12.159,SD8040,SD8040,measured
SD8040,SD8040,SD8040,sd8040,OFF,clean,,,150300,1.66,0.394,0.0108,PDSD8040,12.159,SD8040,SD8040,measured
SD8040,SD8040,SD8040,sd8040,OFF,clean,,,150300,3.21,0.541,0.0117,PDSD8040,12.159,SD8040,SD8040,measured
SD8040,SD8040,SD8040,sd8040,OFF,clean,,,150300,4.73,0.682,0.0142,PDSD8040,12.159,SD8040,SD8040,measured
SD8040,SD8040,SD8040,sd8040,OFF,clean,,,150300,6.25,0.813,0.0168,PDSD8040,12.159,SD8040,SD8040,measured
SD8040,SD8040,SD8040,sd8040,OFF,clean,,,150300,7.79,0.926,0.0209,PDSD8040,12.159,SD8040,SD8040,measured
SD8040,SD8040,SD8040,sd8040,OFF,clean,,,150300,9.3,1.008,0.0293,PDSD8040,12.159,SD8040,SD8040,measured
SD8040,SD8040,SD8040,sd8040,OFF,clean,,,150300,10.81,1.064,0.0407,PDSD8040,12.159,SD8040,SD8040,measured
SD8040,SD8040,SD8040,sd8040,OFF,clean,,,150300,11.81,1.063,0.0629,PDSD8040,12.159,SD8040,SD8040,measured
SD8040,SD8040,SD8040,sd8040,OFF,clean,,,204900,-2.96,-0.058,0.0132,PDSD8040,12.159,SD8040,SD8040,measured
SD8040,SD8040,SD8040,sd8040,OFF,clean,,,204900,-1.39,0.077,0.0105,PDSD8040,12.159,SD8040,SD8040,measured
SD8040,SD8040,SD8040,sd8040,OFF,clean,,,204900,0.14,0.242,0.0093,PDSD8040,12.159,SD8040,SD8040,measured
SD8040,SD8040,SD8040,sd8040,OFF,clean,,,204900,1.67,0.394,0.0096,PDSD8040,12.159,SD8040,SD8040,measured
SD8040,SD8040,SD8040,sd8040,OFF,clean,,,204900,3.19,0.539,0.0111,PDSD8040,12.159,SD8040,SD8040,measured
SD8040,SD8040,SD8040,sd8040,OFF,clean,,,204900,4.73,0.684,0.0128,PDSD8040,12.159,SD8040,SD8040,measured
SD8040,SD8040,SD8040,sd8040,OFF,clean,,,204900,6.26,0.817,0.0151,PDSD8040,12.159,SD8040,SD8040,measured
SD8040,SD8040,SD8040,sd8040,OFF,clean,,,204900,7.79,0.929,0.0208,PDSD8040,12.159,SD8040,SD8040,measured
SD8040,SD8040,SD8040,sd8040,OFF,clean,,,204900,9.28,1.015,0.0267,PDSD8040,12.159,SD8040,SD8040,measured
SD8040,SD8040,SD8040,sd8040,OFF,clean,,,204900,10.81,1.071,0.0384,PDSD8040,12.159,SD8040,SD8040,measured
SD8040,SD8040,SD8040,sd8040,OFF,clean,,,204900,11.82,1.077,0.0584,PDSD8040,12.159,SD8040,SD8040,measured
SD8040,SD8040,SD8040,sd8040,OFF,clean,,,301800,-2.96,-0.085,0.0122,PDSD8040,12.159,SD8040,SD8040,measured
SD8040,SD8040,SD8040,sd8040,OFF,clean,,,301800,-1.44,0.062,0.0098,PDSD8040,12.159,SD8040,SD8040,measured
SD8040,SD8040,SD8040,sd8040,OFF,clean,,,301800,0.12,0.218,0.0077,PDSD8040,12.159,SD8040,SD8040,measured
SD8040,SD8040,SD8040,sd8040,OFF,clean,,,301800,1.63,0.388,0.008,PDSD8040,12.159,SD8040,SD8040,measured
SD8040,SD8040,SD8040,sd8040,OFF,clean,,,301800,3.19,0.542,0.0096,PDSD8040,12.159,SD8040,SD8040,measured
SD8040,SD8040,SD8040,sd8040,OFF,clean,,,301800,4.74,0.688,0.0113,PDSD8040,12.159,SD8040,SD8040,measured
SD8040,SD8040,SD8040,sd8040,OFF,clean,,,301800,6.26,0.815,0.0145,PDSD8040,12.159,SD8040,SD8040,measured
SD8040,SD8040,SD8040,sd8040,OFF,clean,,,301800,7.78,0.926,0.0185,PDSD8040,12.159,SD8040,SD8040,measured
SD8040,SD8040,SD8040,sd8040,OFF,clean,,,301800,9.29,1.011,0.0245,PDSD8040,12.159,SD8040,SD8040,measured
SD8040,SD8040,SD8040,sd8040,OFF,clean,,,301800,10.81,1.065,0.0355,PDSD8040,12.159,SD8040,SD8040,measured
SD8040,SD8040,SD8040,sd8040,OFF,clean,,,301800,11.8,1.071,0.0545,PDSD8040,12.159,SD8040,SD8040,measured
SD8040,SD8040,SD8040,sd8040,OFF,clean,,,301800,12.81,1.052,0.0923,PDSD8040,12.159,SD8040,SD8040,measured
SPICA,SPICA,SPICA,,C. ANDERSON,clean,,,59900,-1.87,0.123,0.0354,PDSP,12.160,SPICA,SPICA,measured
SPICA,SPICA,SPICA,,C. ANDERSON,clean,,,59900,-0.85,0.219,0.0347,PDSP,12.160,SPICA,SPICA,measured
SPICA,SPICA,SPICA,,C. ANDERSON,clean,,,59900,0.16,0.312,0.0327,PDSP,12.160,SPICA,SPICA,measured
SPICA,SPICA,SPICA,,C. ANDERSON,clean,,,59900,1.18,0.402,0.0334,PDSP,12.160,SPICA,SPICA,measured
SPICA,SPICA,SPICA,,C. ANDERSON,clean,,,59900,2.2,0.479,0.036,PDSP,12.160,SPICA,SPICA,measured
SPICA,SPICA,SPICA,,C. ANDERSON,clean,,,59900,3.21,0.536,0.0437,PDSP,12.160,SPICA,SPICA,measured
SPICA,SPICA,SPICA,,C. ANDERSON,clean,,,59900,4.22,0.575,0.0521,PDSP,12.160,SPICA,SPICA,measured
SPICA,SPICA,SPICA,,C. ANDERSON,clean,,,59900,5.23,0.615,0.0626,PDSP,12.160,SPICA,SPICA,measured
SPICA,SPICA,SPICA,,C. ANDERSON,clean,,,59900,6.24,0.681,0.0729,PDSP,12.160,SPICA,SPICA,measured
SPICA,SPICA,SPICA,,C. ANDERSON,clean,,,99600,-1.88,0.075,0.0321,PDSP,12.160,SPICA,SPICA,measured
SPICA,SPICA,SPICA,,C. ANDERSON,clean,,,99600,-0.87,0.172,0.0252,PDSP,12.160,SPICA,SPICA,measured
SPICA,SPICA,SPICA,,C. ANDERSON,clean,,,99600,0.16,0.269,0.0231,PDSP,12.160,SPICA,SPICA,measured
SPICA,SPICA,SPICA,,C. ANDERSON,clean,,,99600,1.18,0.362,0.0212,PDSP,12.160,SPICA,SPICA,measured
SPICA,SPICA,SPICA,,C. ANDERSON,clean,,,99600,2.2,0.468,0.0196,PDSP,12.160,SPICA,SPICA,measured
SPICA,SPICA,SPICA,,C. ANDERSON,clean,,,99600,3.22,0.558,0.0209,PDSP,12.160,SPICA,SPICA,measured
SPICA,SPICA,SPICA,,C. ANDERSON,clean,,,99600,4.23,0.643,0.0221,PDSP,12.160,SPICA,SPICA,measured
SPICA,SPICA,SPICA,,C. ANDERSON,clean,,,99600,5.26,0.73,0.0238,PDSP,12.160,SPICA,SPICA,measured
SPICA,SPICA,SPICA,,C. ANDERSON,clean,,,99600,6.27,0.825,0.024,PDSP,12.160,SPICA,SPICA,measured
SPICA,SPICA,SPICA,,C. ANDERSON,clean,,,99600,7.3,0.922,0.0255,PDSP,12.160,SPICA,SPICA,measured
SPICA,SPICA,SPICA,,C. ANDERSON,clean,,,99600,8.32,1.009,0.0268,PDSP,12.160,SPICA,SPICA,measured
SPICA,SPICA,SPICA,,C. ANDERSON,clean,,,99600,9.34,1.093,0.0274,PDSP,12.160,SPICA,SPICA,measured
SPICA,SPICA,SPICA,,C. ANDERSON,clean,,,99600,10.35,1.176,0.0282,PDSP,12.160,SPICA,SPICA,measured
SPICA,SPICA,SPICA,,C. ANDERSON,clean,,,99600,11.38,1.256,0.0299,PDSP,12.160,SPICA,SPICA,measured
SPICA,SPICA,SPICA,,C. ANDERSON,clean,,,99600,12.39,1.329,0.0327,PDSP,12.160,SPICA,SPICA,measured
SPICA,SPICA,SPICA,,C. ANDERSON,clean,,,99600,13.39,1.393,0.034,PDSP,12.160,SPICA,SPICA,measured
SPICA,SPICA,SPICA,,C. ANDERSON,clean,,,99600,14.41,1.437,0.038,PDSP,12.160,SPICA,SPICA,measured
SPICA,SPICA,SPICA,,C. ANDERSON,clean,,,99600,15.4,1.419,0.0593,PDSP,12.160,SPICA,SPICA,measured
SPICA,SPICA,SPICA,,C. ANDERSON,clean,,,202300,-3.96,-0.183,0.0577,PDSP,12.160,SPICA,SPICA,measured
SPICA,SPICA,SPICA,,C. ANDERSON,clean,,,202300,-2.91,-0.069,0.0403,PDSP,12.160,SPICA,SPICA,measured
SPICA,SPICA,SPICA,,C. ANDERSON,clean,,,202300,-1.89,0.042,0.0272,PDSP,12.160,SPICA,SPICA,measured
SPICA,SPICA,SPICA,,C. ANDERSON,clean,,,202300,-0.88,0.143,0.0192,PDSP,12.160,SPICA,SPICA,measured
SPICA,SPICA,SPICA,,C. ANDERSON,clean,,,202300,0.15,0.241,0.0163,PDSP,12.160,SPICA,SPICA,measured
SPICA,SPICA,SPICA,,C. ANDERSON,clean,,,202300,1.17,0.341,0.0149,PDSP,12.160,SPICA,SPICA,measured
SPICA,SPICA,SPICA,,C. ANDERSON,clean,,,202300,2.19,0.45,0.0117,PDSP,12.160,SPICA,SPICA,measured
SPICA,SPICA,SPICA,,C. ANDERSON,clean,,,202300,3.22,0.555,0.0119,PDSP,12.160,SPICA,SPICA,measured
SPICA,SPICA,SPICA,,C. ANDERSON,clean,,,202300,4.23,0.649,0.0128,PDSP,12.160,SPICA,SPICA,measured
SPICA,SPICA,SPICA,,C. ANDERSON,clean,,,202300,5.26,0.747,0.0139,PDSP,12.160,SPICA,SPICA,measured
SPICA,SPICA,SPICA,,C. ANDERSON,clean,,,202300,6.27,0.84,0.0143,PDSP,12.160,SPICA,SPICA,measured
SPICA,SPICA,SPICA,,C. ANDERSON,clean,,,202300,7.3,0.936,0.0153,PDSP,12.160,SPICA,SPICA,measured
SPICA,SPICA,SPICA,,C. ANDERSON,clean,,,202300,8.32,1.028,0.0163,PDSP,12.160,SPICA,SPICA,measured
SPICA,SPICA,SPICA,,C. ANDERSON,clean,,,202300,9.34,1.117,0.0176,PDSP,12.160,SPICA,SPICA,measured
SPICA,SPICA,SPICA,,C. ANDERSON,clean,,,202300,10.35,1.199,0.0186,PDSP,12.160,SPICA,SPICA,measured
SPICA,SPICA,SPICA,,C. ANDERSON,clean,,,202300,11.37,1.278,0.0194,PDSP,12.160,SPICA,SPICA,measured
SPICA,SPICA,SPICA,,C. ANDERSON,clean,,,202300,12.39,1.352,0.0207,PDSP,12.160,SPICA,SPICA,measured
SPICA,SPICA,SPICA,,C. ANDERSON,clean,,,202300,13.4,1.412,0.0237,PDSP,12.160,SPICA,SPICA,measured
SPICA,SPICA,SPICA,,C. ANDERSON,clean,,,202300,14.41,1.407,0.0385,PDSP,12.160,SPICA,SPICA,measured
SPICA,SPICA,SPICA,,C. ANDERSON,clean,,,301500,-2.98,-0.073,0.0387,PDSP,12.160,SPICA,SPICA,measured
SPICA,SPICA,SPICA,,C. ANDERSON,clean,,,301500,-1.9,0.044,0.0257,PDSP,12.160,SPICA,SPICA,measured
SPICA,SPICA,SPICA,,C. ANDERSON,clean,,,301500,-0.9,0.143,0.0172,PDSP,12.160,SPICA,SPICA,measured
SPICA,SPICA,SPICA,,C. ANDERSON,clean,,,301500,0.15,0.245,0.0139,PDSP,12.160,SPICA,SPICA,measured
SPICA,SPICA,SPICA,,C. ANDERSON,clean,,,301500,1.16,0.349,0.0128,PDSP,12.160,SPICA,SPICA,measured
SPICA,SPICA,SPICA,,C. ANDERSON,clean,,,301500,2.18,0.448,0.0114,PDSP,12.160,SPICA,SPICA,measured
SPICA,SPICA,SPICA,,C. ANDERSON,clean,,,301500,3.22,0.564,0.01,PDSP,12.160,SPICA,SPICA,measured
SPICA,SPICA,SPICA,,C. ANDERSON,clean,,,301500,4.23,0.658,0.0105,PDSP,12.160,SPICA,SPICA,measured
SPICA,SPICA,SPICA,,C. ANDERSON,clean,,,301500,5.26,0.754,0.0112,PDSP,12.160,SPICA,SPICA,measured
WB135/35,WB135/35,WB135/35,,BLANCHARD,clean,,,61300,-5.97,-0.373,0.0313,PDWB135,12.162,WB13535,WB13535,measured
WB135/35,WB135/35,WB135/35,,BLANCHARD,clean,,,61300,-4.96,-0.299,0.034,PDWB135,12.162,WB13535,WB13535,measured
WB135/35,WB135/35,WB135/35,,BLANCHARD,clean,,,61300,-3.95,-0.187,0.0328,PDWB135,12.162,WB13535,WB13535,measured
WB135/35,WB135/35,WB135/35,,BLANCHARD,clean,,,61300,-2.91,-0.047,0.0318,PDWB135,12.162,WB13535,WB13535,measured
WB135/35,WB135/35,WB135/35,,BLANCHARD,clean,,,61300,-1.88,0.094,0.0281,PDWB135,12.162,WB13535,WB13535,measured
WB135/35,WB135/35,WB135/35,,BLANCHARD,clean,,,61300,-0.85,0.219,0.0241,PDWB135,12.162,WB13535,WB13535,measured
WB135/35,WB135/35,WB135/35,,BLANCHARD,clean,,,61300,0.16,0.329,0.0247,PDWB135,12.162,WB13535,WB13535,measured
WB135/35,WB135/35,WB135/35,,BLANCHARD,clean,,,61300,1.19,0.426,0.0258,PDWB135,12.162,WB13535,WB13535,measured
WB135/35,WB135/35,WB135/35,,BLANCHARD,clean,,,61300,2.2,0.518,0.0269,PDWB135,12.162,WB13535,WB13535,measured
WB135/35,WB135/35,WB135/35,,BLANCHARD,clean,,,61300,3.22,0.611,0.0258,PDWB135,12.162,WB13535,WB13535,measured
WB135/35,WB135/35,WB135/35,,BLANCHARD,clean,,,61300,4.24,0.689,0.0288,PDWB135,12.162,WB13535,WB13535,measured
WB135/35,WB135/35,WB135/35,,BLANCHARD,clean,,,61300,5.27,0.803,0.0331,PDWB135,12.162,WB13535,WB13535,measured
WB135/35,WB135/35,WB135/35,,BLANCHARD,clean,,,61300,6.28,0.836,0.0422,PDWB135,12.162,WB13535,WB13535,measured
WB135/35,WB135/35,WB135/35,,BLANCHARD,clean,,,61300,7.27,0.808,0.0619,PDWB135,12.162,WB13535,WB13535,measured
WB135/35,WB135/35,WB135/35,,BLANCHARD,clean,,,61300,8.25,0.736,0.1121,PDWB135,12.162,WB13535,WB13535,measured
WB135/35,WB135/35,WB135/35,,BLANCHARD,clean,,,61300,9.27,0.73,0.1316,PDWB135,12.162,WB13535,WB13535,measured
WB135/35,WB135/35,WB135/35,,BLANCHARD,clean,,,100500,-5.96,-0.259,0.0238,PDWB135,12.162,WB13535,WB13535,measured
WB135/35,WB135/35,WB135/35,,BLANCHARD,clean,,,100500,-4.95,-0.127,0.0231,PDWB135,12.162,WB13535,WB13535,measured
WB135/35,WB135/35,WB135/35,,BLANCHARD,clean,,,100500,-3.91,-0.001,0.022,PDWB135,12.162,WB13535,WB13535,measured
WB135/35,WB135/35,WB135/35,,BLANCHARD,clean,,,100500,-2.89,0.114,0.0226,PDWB135,12.162,WB13535,WB13535,measured
WB135/35,WB135/35,WB135/35,,BLANCHARD,clean,,,100500,-1.87,0.212,0.0207,PDWB135,12.162,WB13535,WB13535,measured
WB135/35,WB135/35,WB135/35,,BLANCHARD,clean,,,100500,-0.84,0.303,0.02,PDWB135,12.162,WB13535,WB13535,measured
WB135/35,WB135/35,WB135/35,,BLANCHARD,clean,,,100500,0.17,0.403,0.0182,PDWB135,12.162,WB13535,WB13535,measured
WB135/35,WB135/35,WB135/35,,BLANCHARD,clean,,,100500,1.21,0.512,0.0177,PDWB135,12.162,WB13535,WB13535,measured
WB135/35,WB135/35,WB135/35,,BLANCHARD,clean,,,100500,2.23,0.608,0.0183,PDWB135,12.162,WB13535,WB13535,measured
WB135/35,WB135/35,WB135/35,,BLANCHARD,clean,,,100500,3.24,0.711,0.0182,PDWB135,12.162,WB13535,WB13535,measured
WB135/35,WB135/35,WB135/35,,BLANCHARD,clean,,,100500,4.27,0.805,0.0186,PDWB135,12.162,WB13535,WB13535,measured
WB135/35,WB135/35,WB135/35,,BLANCHARD,clean,,,100500,5.29,0.894,0.0212,PDWB135,12.162,WB13535,WB13535,measured
WB135/35,WB135/35,WB135/35,,BLANCHARD,clean,,,100500,6.3,0.982,0.0237,PDWB135,12.162,WB13535,WB13535,measured
WB135/35,WB135/35,WB135/35,,BLANCHARD,clean,,,100500,7.33,1.07,0.0253,PDWB135,12.162,WB13535,WB13535,measured
WB135/35,WB135/35,WB135/35,,BLANCHARD,clean,,,100500,8.34,1.151,0.0281,PDWB135,12.162,WB13535,WB13535,measured
WB135/35,WB135/35,WB135/35,,BLANCHARD,clean,,,100500,9.36,1.231,0.0289,PDWB135,12.162,WB13535,WB13535,measured
WB135/35,WB135/35,WB135/35,,BLANCHARD,clean,,,100500,10.39,1.298,0.0312,PDWB135,12.162,WB13535,WB13535,measured
WB135/35,WB135/35,WB135/35,,BLANCHARD,clean,,,100500,11.37,1.274,0.0576,PDWB135,12.162,WB13535,WB13535,measured
WB135/35,WB135/35,WB135/35,,BLANCHARD,clean,,,100500,12.37,1.224,0.0687,PDWB135,12.162,WB13535,WB13535,measured
WB135/35,WB135/35,WB135/35,,BLANCHARD,clean,,,100500,13.35,1.21,0.0772,PDWB135,12.162,WB13535,WB13535,measured
WB135/35,WB135/35,WB135/35,,BLANCHARD,clean,,,155700,-5.95,-0.157,0.0174,PDWB135,12.162,WB13535,WB13535,measured
WB135/35,WB135/35,WB135/35,,BLANCHARD,clean,,,155700,-4.92,-0.051,0.0168,PDWB135,12.162,WB13535,WB13535,measured
WB135/35,WB135/35,WB135/35,,BLANCHARD,clean,,,155700,-3.89,0.043,0.016,PDWB135,12.162,WB13535,WB13535,measured
WB135/35,WB135/35,WB135/35,,BLANCHARD,clean,,,155700,-2.89,0.137,0.0157,PDWB135,12.162,WB13535,WB13535,measured
WB135/35,WB135/35,WB135/35,,BLANCHARD,clean,,,155700,-1.86,0.235,0.0149,PDWB135,12.162,WB13535,WB13535,measured
WB135/35,WB135/35,WB135/35,,BLANCHARD,clean,,,155700,-0.85,0.334,0.014,PDWB135,12.162,WB13535,WB13535,measured
WB135/35,WB135/35,WB135/35,,BLANCHARD,clean,,,155700,0.19,0.434,0.0132,PDWB135,12.162,WB13535,WB13535,measured
WB135/35,WB135/35,WB135/35,,BLANCHARD,clean,,,155700,1.21,0.549,0.013,PDWB135,12.162,WB13535,WB13535,measured
WB135/35,WB135/35,WB135/35,,BLANCHARD,clean,,,155700,2.22,0.648,0.0135,PDWB135,12.162,WB13535,WB13535,measured
WB135/35,WB135/35,WB135/35,,BLANCHARD,clean,,,155700,3.24,0.746,0.014,PDWB135,12.162,WB13535,WB13535,measured
WB135/35,WB135/35,WB135/35,,BLANCHARD,clean,,,155700,4.27,0.839,0.0162,PDWB135,12.162,WB13535,WB13535,measured
WB135/35,WB135/35,WB135/35,,BLANCHARD,clean,,,155700,5.29,0.93,0.018,PDWB135,12.162,WB13535,WB13535,measured
WB135/35,WB135/35,WB135/35,,BLANCHARD,clean,,,155700,6.31,1.016,0.0204,PDWB135,12.162,WB13535,WB13535,measured
WB135/35,WB135/35,WB135/35,,BLANCHARD,clean,,,155700,7.33,1.097,0.0216,PDWB135,12.162,WB13535,WB13535,measured
WB135/35,WB135/35,WB135/35,,BLANCHARD,clean,,,155700,8.35,1.178,0.0227,PDWB135,12.162,WB13535,WB13535,measured
WB135/35,WB135/35,WB135/35,,BLANCHARD,clean,,,155700,9.34,1.228,0.0256,PDWB135,12.162,WB13535,WB13535,measured
WB135/35,WB135/35,WB135/35,,BLANCHARD,clean,,,155700,10.36,1.211,0.0533,PDWB135,12.162,WB13535,WB13535,measured
WB135/35,WB135/35,WB135/35,,BLANCHARD,clean,,,204000,-9.07,-0.51,0.0249,PDWB135,12.162,WB13535,WB13535,measured
WB135/35,WB135/35,WB135/35,,BLANCHARD,clean,,,204000,-8.06,-0.406,0.0196,PDWB135,12.162,WB13535,WB13535,measured
WB135/35,WB135/35,WB135/35,,BLANCHARD,clean,,,204000,-6.99,-0.287,0.0157,PDWB135,12.162,WB13535,WB13535,measured
WB135/35,WB135/35,WB135/35,,BLANCHARD,clean,,,204000,-6.0,-0.196,0.0136,PDWB135,12.162,WB13535,WB13535,measured
WB135/35,WB135/35,WB135/35,,BLANCHARD,clean,,,204000,-4.97,-0.107,0.0144,PDWB135,12.162,WB13535,WB13535,measured
WB135/35,WB135/35,WB135/35,,BLANCHARD,clean,,,204000,-3.95,-0.012,0.0138,PDWB135,12.162,WB13535,WB13535,measured
WB135/35,WB135/35,WB135/35,,BLANCHARD,clean,,,204000,-2.93,0.088,0.0135,PDWB135,12.162,WB13535,WB13535,measured
WB135/35,WB135/35,WB135/35,,BLANCHARD,clean,,,204000,-1.89,0.193,0.0129,PDWB135,12.162,WB13535,WB13535,measured
WB135/35,WB135/35,WB135/35,,BLANCHARD,clean,,,204000,-0.85,0.305,0.0128,PDWB135,12.162,WB13535,WB13535,measured
WB135/35,WB135/35,WB135/35,,BLANCHARD,clean,,,204000,0.17,0.41,0.0122,PDWB135,12.162,WB13535,WB13535,measured
WB135/35,WB135/35,WB135/35,,BLANCHARD,clean,,,204000,1.2,0.514,0.0114,PDWB135,12.162,WB13535,WB13535,measured
WB135/35,WB135/35,WB135/35,,BLANCHARD,clean,,,204000,2.23,0.627,0.0111,PDWB135,12.162,WB13535,WB13535,measured
WB135/35,WB135/35,WB135/35,,BLANCHARD,clean,,,204000,3.24,0.725,0.012,PDWB135,12.162,WB13535,WB13535,measured
WB135/35,WB135/35,WB135/35,,BLANCHARD,clean,,,204000,4.26,0.814,0.0131,PDWB135,12.162,WB13535,WB13535,measured
WB135/35,WB135/35,WB135/35,,BLANCHARD,clean,,,204000,5.28,0.908,0.0148,PDWB135,12.162,WB13535,WB13535,measured
WB135/35,WB135/35,WB135/35,,BLANCHARD,clean,,,204000,6.3,0.999,0.0163,PDWB135,12.162,WB13535,WB13535,measured
WB135/35,WB135/35,WB135/35,,BLANCHARD,clean,,,204000,7.32,1.085,0.018,PDWB135,12.162,WB13535,WB13535,measured
WB135/35,WB135/35,WB135/35,,BLANCHARD,clean,,,204000,8.34,1.168,0.0195,PDWB135,12.162,WB13535,WB13535,measured
WB135/35,WB135/35,WB135/35,,BLANCHARD,clean,,,204000,9.35,1.228,0.0227,PDWB135,12.162,WB13535,WB13535,measured
WB135/35,WB135/35,WB135/35,,BLANCHARD,clean,,,204000,10.36,1.239,0.0356,PDWB135,12.162,WB13535,WB13535,measured
WB135/35,WB135/35,WB135/35,,BLANCHARD,clean,,,204000,11.35,1.219,0.0623,PDWB135,12.162,WB13535,WB13535,measured
WB135/35,WB135/35,WB135/35,,BLANCHARD,clean,,,204000,12.35,1.198,0.0807,PDWB135,12.162,WB13535,WB13535,measured
WB135/35,WB135/35,WB135/35,,BLANCHARD,clean,,,204000,13.35,1.175,0.1035,PDWB135,12.162,WB13535,WB13535,measured
WB135/35,WB135/35,WB135/35,,BLANCHARD,clean,,,204000,14.34,1.155,0.1266,PDWB135,12.162,WB13535,WB13535,measured
WB135/35,WB135/35,WB135/35,,BLANCHARD,clean,,,302700,-4.94,-0.078,0.0118,PDWB135,12.162,WB13535,WB13535,measured
WB135/35,WB135/35,WB135/35,,BLANCHARD,clean,,,302700,-3.91,0.021,0.0116,PDWB135,12.162,WB13535,WB13535,measured
WB135/35,WB135/35,WB135/35,,BLANCHARD,clean,,,302700,-2.88,0.125,0.0112,PDWB135,12.162,WB13535,WB13535,measured
WB135/35,WB135/35,WB135/35,,BLANCHARD,clean,,,302700,-1.87,0.23,0.0113,PDWB135,12.162,WB13535,WB13535,measured
WB135/35,WB135/35,WB135/35,,BLANCHARD,clean,,,302700,-0.85,0.335,0.0109,PDWB135,12.162,WB13535,WB13535,measured
WB135/35,WB135/35,WB135/35,,BLANCHARD,clean,,,302700,0.18,0.438,0.0109,PDWB135,12.162,WB13535,WB13535,measured
WB135/35,WB135/35,WB135/35,,BLANCHARD,clean,,,302700,1.18,0.536,0.0106,PDWB135,12.162,WB13535,WB13535,measured
WB135/35,WB135/35,WB135/35,,BLANCHARD,clean,,,302700,2.19,0.636,0.0106,PDWB135,12.162,WB13535,WB13535,measured
WB135/35,WB135/35,WB135/35,,BLANCHARD,clean,,,302700,3.22,0.738,0.0114,PDWB135,12.162,WB13535,WB13535,measured
WB140/35/FB,WB140/35/FB,WB140/35/FB,,BLANCHARD,clean,,,98500,-6.01,-0.33,0.0289,PDWB140,12.164,WB14035,WB14035,measured
WB140/35/FB,WB140/35/FB,WB140/35/FB,,BLANCHARD,clean,,,98500,-4.97,-0.226,0.0274,PDWB140,12.164,WB14035,WB14035,measured
WB140/35/FB,WB140/35/FB,WB140/35/FB,,BLANCHARD,clean,,,98500,-3.94,-0.133,0.028,PDWB140,12.164,WB14035,WB14035,measured
WB140/35/FB,WB140/35/FB,WB140/35/FB,,BLANCHARD,clean,,,98500,-2.94,-0.052,0.027,PDWB140,12.164,WB14035,WB14035,measured
WB140/35/FB,WB140/35/FB,WB140/35/FB,,BLANCHARD,clean,,,98500,-1.89,0.047,0.0278,PDWB140,12.164,WB14035,WB14035,measured
WB140/35/FB,WB140/35/FB,WB140/35/FB,,BLANCHARD,clean,,,98500,-0.88,0.154,0.0264,PDWB140,12.164,WB14035,WB14035,measured
WB140/35/FB,WB140/35/FB,WB140/35/FB,,BLANCHARD,clean,,,98500,0.15,0.271,0.028,PDWB140,12.164,WB14035,WB14035,measured
WB140/35/FB,WB140/35/FB,WB140/35/FB,,BLANCHARD,clean,,,98500,1.18,0.388,0.029,PDWB140,12.164,WB14035,WB14035,measured
WB140/35/FB,WB140/35/FB,WB140/35/FB,,BLANCHARD,clean,,,98500,2.2,0.499,0.0308,PDWB140,12.164,WB14035,WB14035,measured
WB140/35/FB,WB140/35/FB,WB140/35/FB,,BLANCHARD,clean,,,98500,3.22,0.607,0.0297,PDWB140,12.164,WB14035,WB14035,measured
WB140/35/FB,WB140/35/FB,WB140/35/FB,,BLANCHARD,clean,,,98500,4.24,0.719,0.0287,PDWB140,12.164,WB14035,WB14035,measured
WB140/35/FB,WB140/35/FB,WB140/35/FB,,BLANCHARD,clean,,,98500,5.26,0.822,0.0281,PDWB140,12.164,WB14035,WB14035,measured
WB140/35/FB,WB140/35/FB,WB140/35/FB,,BLANCHARD,clean,,,98500,6.29,0.923,0.0252,PDWB140,12.164,WB14035,WB14035,measured
WB140/35/FB,WB140/35/FB,WB140/35/FB,,BLANCHARD,clean,,,98500,7.31,1.02,0.0228,PDWB140,12.164,WB14035,WB14035,measured
WB140/35/FB,WB140/35/FB,WB140/35/FB,,BLANCHARD,clean,,,98500,8.32,1.096,0.0224,PDWB140,12.164,WB14035,WB14035,measured
WB140/35/FB,WB140/35/FB,WB140/35/FB,,BLANCHARD,clean,,,98500,9.34,1.152,0.0263,PDWB140,12.164,WB14035,WB14035,measured
WB140/35/FB,WB140/35/FB,WB140/35/FB,,BLANCHARD,clean,,,98500,10.34,1.155,0.0314,PDWB140,12.164,WB14035,WB14035,measured
WB140/35/FB,WB140/35/FB,WB140/35/FB,,BLANCHARD,clean,,,98500,11.32,1.114,0.048,PDWB140,12.164,WB14035,WB14035,measured
WB140/35/FB,WB140/35/FB,WB140/35/FB,,BLANCHARD,clean,,,98500,12.31,1.089,0.0625,PDWB140,12.164,WB14035,WB14035,measured
WB140/35/FB,WB140/35/FB,WB140/35/FB,,BLANCHARD,clean,,,153900,-5.97,-0.19,0.0194,PDWB140,12.164,WB14035,WB14035,measured
WB140/35/FB,WB140/35/FB,WB140/35/FB,,BLANCHARD,clean,,,153900,-4.92,-0.088,0.018,PDWB140,12.164,WB14035,WB14035,measured
WB140/35/FB,WB140/35/FB,WB140/35/FB,,BLANCHARD,clean,,,153900,-3.9,0.011,0.0173,PDWB140,12.164,WB14035,WB14035,measured
WB140/35/FB,WB140/35/FB,WB140/35/FB,,BLANCHARD,clean,,,153900,-2.91,0.104,0.017,PDWB140,12.164,WB14035,WB14035,measured
WB140/35/FB,WB140/35/FB,WB140/35/FB,,BLANCHARD,clean,,,153900,-1.87,0.201,0.0165,PDWB140,12.164,WB14035,WB14035,measured
WB140/35/FB,WB140/35/FB,WB140/35/FB,,BLANCHARD,clean,,,153900,-0.85,0.293,0.0152,PDWB140,12.164,WB14035,WB14035,measured
WB140/35/FB,WB140/35/FB,WB140/35/FB,,BLANCHARD,clean,,,153900,0.17,0.416,0.0143,PDWB140,12.164,WB14035,WB14035,measured
WB140/35/FB,WB140/35/FB,WB140/35/FB,,BLANCHARD,clean,,,153900,1.19,0.511,0.0154,PDWB140,12.164,WB14035,WB14035,measured
WB140/35/FB,WB140/35/FB,WB140/35/FB,,BLANCHARD,clean,,,153900,2.21,0.604,0.0146,PDWB140,12.164,WB14035,WB14035,measured
WB140/35/FB,WB140/35/FB,WB140/35/FB,,BLANCHARD,clean,,,153900,3.24,0.702,0.0153,PDWB140,12.164,WB14035,WB14035,measured
WB140/35/FB,WB140/35/FB,WB140/35/FB,,BLANCHARD,clean,,,153900,4.26,0.8,0.0158,PDWB140,12.164,WB14035,WB14035,measured
WB140/35/FB,WB140/35/FB,WB140/35/FB,,BLANCHARD,clean,,,153900,5.28,0.896,0.0166,PDWB140,12.164,WB14035,WB14035,measured
WB140/35/FB,WB140/35/FB,WB140/35/FB,,BLANCHARD,clean,,,153900,6.29,0.987,0.0169,PDWB140,12.164,WB14035,WB14035,measured
WB140/35/FB,WB140/35/FB,WB140/35/FB,,BLANCHARD,clean,,,153900,7.33,1.063,0.0177,PDWB140,12.164,WB14035,WB14035,measured
WB140/35/FB,WB140/35/FB,WB140/35/FB,,BLANCHARD,clean,,,153900,8.33,1.116,0.0196,PDWB140,12.164,WB14035,WB14035,measured
WB140/35/FB,WB140/35/FB,WB140/35/FB,,BLANCHARD,clean,,,153900,9.32,1.128,0.0224,PDWB140,12.164,WB14035,WB14035,measured
WB140/35/FB,WB140/35/FB,WB140/35/FB,,BLANCHARD,clean,,,153900,10.32,1.095,0.0426,PDWB140,12.164,WB14035,WB14035,measured
WB140/35/FB,WB140/35/FB,WB140/35/FB,,BLANCHARD,clean,,,153900,11.32,1.079,0.0462,PDWB140,12.164,WB14035,WB14035,measured
WB140/35/FB,WB140/35/FB,WB140/35/FB,,BLANCHARD,clean,,,200500,-6.02,-0.189,0.017,PDWB140,12.164,WB14035,WB14035,measured
WB140/35/FB,WB140/35/FB,WB140/35/FB,,BLANCHARD,clean,,,200500,-4.95,-0.102,0.0148,PDWB140,12.164,WB14035,WB14035,measured
WB140/35/FB,WB140/35/FB,WB140/35/FB,,BLANCHARD,clean,,,200500,-3.97,-0.019,0.0142,PDWB140,12.164,WB14035,WB14035,measured
WB140/35/FB,WB140/35/FB,WB140/35/FB,,BLANCHARD,clean,,,200500,-2.98,0.076,0.0144,PDWB140,12.164,WB14035,WB14035,measured
WB140/35/FB,WB140/35/FB,WB140/35/FB,,BLANCHARD,clean,,,200500,-1.91,0.182,0.0138,PDWB140,12.164,WB14035,WB14035,measured
WB140/35/FB,WB140/35/FB,WB140/35/FB,,BLANCHARD,clean,,,200500,-0.85,0.287,0.0131,PDWB140,12.164,WB14035,WB14035,measured
WB140/35/FB,WB140/35/FB,WB140/35/FB,,BLANCHARD,clean,,,200500,0.17,0.383,0.0122,PDWB140,12.164,WB14035,WB14035,measured
WB140/35/FB,WB140/35/FB,WB140/35/FB,,BLANCHARD,clean,,,200500,1.18,0.505,0.0123,PDWB140,12.164,WB14035,WB14035,measured
WB140/35/FB,WB140/35/FB,WB140/35/FB,,BLANCHARD,clean,,,200500,2.2,0.603,0.0123,PDWB140,12.164,WB14035,WB14035,measured
WB140/35/FB,WB140/35/FB,WB140/35/FB,,BLANCHARD,clean,,,200500,3.22,0.7,0.0131,PDWB140,12.164,WB14035,WB14035,measured
WB140/35/FB,WB140/35/FB,WB140/35/FB,,BLANCHARD,clean,,,200500,4.24,0.799,0.0135,PDWB140,12.164,WB14035,WB14035,measured
WB140/35/FB,WB140/35/FB,WB140/35/FB,,BLANCHARD,clean,,,200500,5.28,0.895,0.014,PDWB140,12.164,WB14035,WB14035,measured
WB140/35/FB,WB140/35/FB,WB140/35/FB,,BLANCHARD,clean,,,200500,6.28,0.984,0.0143,PDWB140,12.164,WB14035,WB14035,measured
WB140/35/FB,WB140/35/FB,WB140/35/FB,,BLANCHARD,clean,,,200500,7.31,1.057,0.0154,PDWB140,12.164,WB14035,WB14035,measured
WB140/35/FB,WB140/35/FB,WB140/35/FB,,BLANCHARD,clean,,,200500,8.34,1.11,0.0178,PDWB140,12.164,WB14035,WB14035,measured
WB140/35/FB,WB140/35/FB,WB140/35/FB,,BLANCHARD,clean,,,200500,9.33,1.132,0.0228,PDWB140,12.164,WB14035,WB14035,measured
WB140/35/FB,WB140/35/FB,WB140/35/FB,,BLANCHARD,clean,,,200500,10.34,1.117,0.0326,PDWB140,12.164,WB14035,WB14035,measured
WB140/35/FB,WB140/35/FB,WB140/35/FB,,BLANCHARD,clean,,,200500,11.32,1.095,0.0443,PDWB140,12.164,WB14035,WB14035,measured
WB140/35/FB,WB140/35/FB,WB140/35/FB,,BLANCHARD,clean,,,200500,12.34,1.093,0.0551,PDWB140,12.164,WB14035,WB14035,measured
WB140/35/FB,WB140/35/FB,WB140/35/FB,,BLANCHARD,clean,,,200500,13.33,1.094,0.0653,PDWB140,12.164,WB14035,WB14035,measured
WB140/35/FB,WB140/35/FB,WB140/35/FB,,BLANCHARD,clean,,,307600,-5.95,-0.163,0.0143,PDWB140,12.164,WB14035,WB14035,measured
WB140/35/FB,WB140/35/FB,WB140/35/FB,,BLANCHARD,clean,,,307600,-4.94,-0.069,0.0122,PDWB140,12.164,WB14035,WB14035,measured
WB140/35/FB,WB140/35/FB,WB140/35/FB,,BLANCHARD,clean,,,307600,-3.9,0.029,0.0116,PDWB140,12.164,WB14035,WB14035,measured
WB140/35/FB,WB140/35/FB,WB140/35/FB,,BLANCHARD,clean,,,307600,-2.9,0.125,0.0114,PDWB140,12.164,WB14035,WB14035,measured
WB140/35/FB,WB140/35/FB,WB140/35/FB,,BLANCHARD,clean,,,307600,-1.88,0.228,0.0113,PDWB140,12.164,WB14035,WB14035,measured
WB140/35/FB,WB140/35/FB,WB140/35/FB,,BLANCHARD,clean,,,307600,-0.85,0.332,0.0108,PDWB140,12.164,WB14035,WB14035,measured
WB140/35/FB,WB140/35/FB,WB140/35/FB,,BLANCHARD,clean,,,307600,0.18,0.429,0.0104,PDWB140,12.164,WB14035,WB14035,measured
WB140/35/FB,WB140/35/FB,WB140/35/FB,,BLANCHARD,clean,,,307600,1.19,0.526,0.0099,PDWB140,12.164,WB14035,WB14035,measured
WB140/35/FB,WB140/35/FB,WB140/35/FB,,BLANCHARD,clean,,,307600,2.23,0.638,0.01,PDWB140,12.164,WB14035,WB14035,measured
WB140/35/FB,WB140/35/FB,WB140/35/FB,,BLANCHARD,clean,,,307600,3.23,0.728,0.0104,PDWB140,12.164,WB14035,WB14035,measured
WB140/35/FB,WB140/35/FB,WB140/35/FB,,BLANCHARD,clean,,,307600,4.24,0.816,0.0109,PDWB140,12.164,WB14035,WB14035,measured
WB140/35/FB,WB140/35/FB,WB140/35/FB,,BLANCHARD,clean,,,307600,5.27,0.9,0.0116,PDWB140,12.164,WB14035,WB14035,measured
WB140/35/FB,WB140/35/FB,WB140/35/FB,,BLANCHARD,clean,,,307600,6.26,0.973,0.0125,PDWB140,12.164,WB14035,WB14035,measured
WB140/35/FB,WB140/35/FB,WB140/35/FB,,BLANCHARD,clean,,,307600,7.23,1.031,0.0141,PDWB140,12.164,WB14035,WB14035,measured
WB140/35/FB,WB140/35/FB,WB140/35/FB,,BLANCHARD,clean,,,307600,8.29,1.076,0.0169,PDWB140,12.164,WB14035,WB14035,measured
WB140/35/FB,WB140/35/FB,WB140/35/FB,,BLANCHARD,clean,,,307600,9.3,1.083,0.021,PDWB140,12.164,WB14035,WB14035,measured
