volume,file,airfoil_label,asb_name,builder,config,comment,xtr_upper,xtr_lower,Re,run_file,alpha,CL,CM,sweep
vol1,A18.LFT,A18,a18,R. Cooney,clean,clean,,,30500,AB00520.DAT,-5.44,-0.361,-0.08,up
vol1,A18.LFT,A18,a18,R. Cooney,clean,clean,,,30500,AB00520.DAT,-4.15,-0.255,-0.08,up
vol1,A18.LFT,A18,a18,R. Cooney,clean,clean,,,30500,AB00520.DAT,-2.9,-0.14,-0.08,up
vol1,A18.LFT,A18,a18,R. Cooney,clean,clean,,,30500,AB00520.DAT,-1.98,-0.062,-0.08,up
vol1,A18.LFT,A18,a18,R. Cooney,clean,clean,,,30500,AB00520.DAT,-1.08,0.021,-0.08,up
vol1,A18.LFT,A18,a18,R. Cooney,clean,clean,,,30500,AB00520.DAT,0.12,0.14,-0.08,up
vol1,A18.LFT,A18,a18,R. Cooney,clean,clean,,,30500,AB00520.DAT,0.95,0.225,-0.08,up
vol1,A18.LFT,A18,a18,R. Cooney,clean,clean,,,30500,AB00520.DAT,2.16,0.329,-0.08,up
vol1,A18.LFT,A18,a18,R. Cooney,clean,clean,,,30500,AB00520.DAT,3.18,0.449,-0.08,up
vol1,A18.LFT,A18,a18,R. Cooney,clean,clean,,,30500,AB00520.DAT,4.03,0.552,-0.08,up
vol1,A18.LFT,A18,a18,R. Cooney,clean,clean,,,30500,AB00520.DAT,5.24,0.697,-0.08,up
vol1,A18.LFT,A18,a18,R. Cooney,clean,clean,,,30500,AB00520.DAT,6.34,0.863,-0.08,up
vol1,A18.LFT,A18,a18,R. Cooney,clean,clean,,,30500,AB00520.DAT,7.17,0.961,-0.08,up
vol1,A18.LFT,A18,a18,R. Cooney,clean,clean,,,30500,AB00520.DAT,8.34,1.037,-0.08,up
vol1,A18.LFT,A18,a18,R. Cooney,clean,clean,,,30500,AB00520.DAT,9.23,1.082,-0.08,up
vol1,A18.LFT,A18,a18,R. Cooney,clean,clean,,,30500,AB00520.DAT,10.4,1.086,-0.08,up
vol1,A18.LFT,A18,a18,R. Cooney,clean,clean,,,30500,AB00520.DAT,11.23,1.032,-0.08,up
vol1,A18.LFT,A18,a18,R. Cooney,clean,clean,,,30500,AB00520.DAT,12.37,1.028,-0.08,up
vol1,A18.LFT,A18,a18,R. Cooney,clean,clean,,,30500,AB00520.DAT,13.18,0.928,-0.08,up
vol1,A18.LFT,A18,a18,R. Cooney,clean,clean,,,30500,AB00520.DAT,14.28,0.834,-0.08,up
vol1,A18.LFT,A18,a18,R. Cooney,clean,clean,,,30500,AB00520.DAT,15.09,0.843,-0.08,up
vol1,A18.LFT,A18,a18,R. Cooney,clean,clean,,,30500,AB00520.DAT,16.23,0.878,-0.08,up
vol1,A18.LFT,A18,a18,R. Cooney,clean,clean,,,30500,AB00520.DAT,17.4,0.99,-0.08,up
vol1,A18.LFT,A18,a18,R. Cooney,clean,clean,,,30500,AB00520.DAT,18.28,1.078,-0.08,up
vol1,A18.LFT,A18,a18,R. Cooney,clean,clean,,,30500,AB00520.DAT,19.18,0.998,-0.08,up
vol1,A18.LFT,A18,a18,R. Cooney,clean,clean,,,30500,AB00520.DAT,17.75,0.989,-0.08,down
vol1,A18.LFT,A18,a18,R. Cooney,clean,clean,,,30500,AB00520.DAT,16.86,0.926,-0.08,down
vol1,A18.LFT,A18,a18,R. Cooney,clean,clean,,,30500,AB00520.DAT,15.79,0.877,-0.08,down
vol1,A18.LFT,A18,a18,R. Cooney,clean,clean,,,30500,AB00520.DAT,14.75,0.877,-0.08,down
vol1,A18.LFT,A18,a18,R. Cooney,clean,clean,,,30500,AB00520.DAT,13.89,0.854,-0.08,down
vol1,A18.LFT,A18,a18,R. Cooney,clean,clean,,,30500,AB00520.DAT,12.87,0.904,-0.08,down
vol1,A18.LFT,A18,a18,R. Cooney,clean,clean,,,30500,AB00520.DAT,11.88,1.083,-0.08,down
vol1,A18.LFT,A18,a18,R. Cooney,clean,clean,,,30500,AB00520.DAT,10.86,1.124,-0.08,down
vol1,A18.LFT,A18,a18,R. Cooney,clean,clean,,,30500,AB00520.DAT,10.03,1.103,-0.08,down
vol1,A18.LFT,A18,a18,R. Cooney,clean,clean,,,30500,AB00520.DAT,9.01,1.058,-0.08,down
vol1,A18.LFT,A18,a18,R. Cooney,clean,clean,,,30500,AB00520.DAT,7.94,1.003,-0.08,down
vol1,A18.LFT,A18,a18,R. Cooney,clean,clean,,,30500,AB00520.DAT,6.97,0.96,-0.08,down
vol1,A18.LFT,A18,a18,R. Cooney,clean,clean,,,30500,AB00520.DAT,5.96,0.827,-0.08,down
vol1,A18.LFT,A18,a18,R. Cooney,clean,clean,,,30500,AB00520.DAT,4.9,0.71,-0.08,down
vol1,A18.LFT,A18,a18,R. Cooney,clean,clean,,,30500,AB00520.DAT,3.87,0.562,-0.08,down
vol1,A18.LFT,A18,a18,R. Cooney,clean,clean,,,30500,AB00520.DAT,2.85,0.452,-0.08,down
vol1,A18.LFT,A18,a18,R. Cooney,clean,clean,,,30500,AB00520.DAT,1.77,0.348,-0.08,down
vol1,A18.LFT,A18,a18,R. Cooney,clean,clean,,,30500,AB00520.DAT,0.78,0.267,-0.08,down
vol1,A18.LFT,A18,a18,R. Cooney,clean,clean,,,30500,AB00520.DAT,-0.27,0.161,-0.08,down
vol1,A18.LFT,A18,a18,R. Cooney,clean,clean,,,30500,AB00520.DAT,-1.42,0.04,-0.08,down
vol1,A18.LFT,A18,a18,R. Cooney,clean,clean,,,30500,AB00520.DAT,-2.28,-0.04,-0.08,down
vol1,A18.LFT,A18,a18,R. Cooney,clean,clean,,,30500,AB00520.DAT,-3.43,-0.143,-0.08,down
vol1,A18.LFT,A18,a18,R. Cooney,clean,clean,,,30500,AB00520.DAT,-4.43,-0.244,-0.08,down
vol1,A18.LFT,A18,a18,R. Cooney,clean,clean,,,30500,AB00520.DAT,-5.36,-0.335,-0.08,down
vol1,A18.LFT,A18,a18,R. Cooney,clean,clean,,,40300,AB00519.DAT,-5.15,-0.328,-0.08,up
vol1,A18.LFT,A18,a18,R. Cooney,clean,clean,,,40300,AB00519.DAT,-4.08,-0.216,-0.08,up
vol1,A18.LFT,A18,a18,R. Cooney,clean,clean,,,40300,AB00519.DAT,-2.95,-0.109,-0.08,up
vol1,A18.LFT,A18,a18,R. Cooney,clean,clean,,,40300,AB00519.DAT,-2.15,-0.04,-0.08,up
vol1,A18.LFT,A18,a18,R. Cooney,clean,clean,,,40300,AB00519.DAT,-1.0,0.064,-0.08,up
vol1,A18.LFT,A18,a18,R. Cooney,clean,clean,,,40300,AB00519.DAT,0.09,0.176,-0.08,up
vol1,A18.LFT,A18,a18,R. Cooney,clean,clean,,,40300,AB00519.DAT,1.09,0.271,-0.08,up
vol1,A18.LFT,A18,a18,R. Cooney,clean,clean,,,40300,AB00519.DAT,2.12,0.396,-0.08,up
vol1,A18.LFT,A18,a18,R. Cooney,clean,clean,,,40300,AB00519.DAT,3.2,0.532,-0.08,up
vol1,A18.LFT,A18,a18,R. Cooney,clean,clean,,,40300,AB00519.DAT,4.19,0.687,-0.08,up
vol1,A18.LFT,A18,a18,R. Cooney,clean,clean,,,40300,AB00519.DAT,5.27,0.819,-0.08,up
vol1,A18.LFT,A18,a18,R. Cooney,clean,clean,,,40300,AB00519.DAT,6.34,0.921,-0.08,up
vol1,A18.LFT,A18,a18,R. Cooney,clean,clean,,,40300,AB00519.DAT,7.32,0.986,-0.08,up
vol1,A18.LFT,A18,a18,R. Cooney,clean,clean,,,40300,AB00519.DAT,8.35,1.026,-0.08,up
vol1,A18.LFT,A18,a18,R. Cooney,clean,clean,,,40300,AB00519.DAT,9.33,1.07,-0.08,up
vol1,A18.LFT,A18,a18,R. Cooney,clean,clean,,,40300,AB00519.DAT,10.14,1.093,-0.08,up
vol1,A18.LFT,A18,a18,R. Cooney,clean,clean,,,40300,AB00519.DAT,11.2,1.132,-0.08,up
vol1,A18.LFT,A18,a18,R. Cooney,clean,clean,,,40300,AB00519.DAT,12.26,1.096,-0.08,up
vol1,A18.LFT,A18,a18,R. Cooney,clean,clean,,,40300,AB00519.DAT,13.28,0.981,-0.08,up
vol1,A18.LFT,A18,a18,R. Cooney,clean,clean,,,40300,AB00519.DAT,14.25,0.899,-0.08,up
vol1,A18.LFT,A18,a18,R. Cooney,clean,clean,,,40300,AB00519.DAT,15.27,0.903,-0.08,up
vol1,A18.LFT,A18,a18,R. Cooney,clean,clean,,,40300,AB00519.DAT,16.3,0.916,-0.08,up
vol1,A18.LFT,A18,a18,R. Cooney,clean,clean,,,40300,AB00519.DAT,17.29,0.951,-0.08,up
vol1,A18.LFT,A18,a18,R. Cooney,clean,clean,,,40300,AB00519.DAT,18.37,0.971,-0.08,up
vol1,A18.LFT,A18,a18,R. Cooney,clean,clean,,,40300,AB00519.DAT,19.16,1.029,-0.08,up
vol1,A18.LFT,A18,a18,R. Cooney,clean,clean,,,40300,AB00519.DAT,17.8,0.981,-0.08,down
vol1,A18.LFT,A18,a18,R. Cooney,clean,clean,,,40300,AB00519.DAT,16.82,0.95,-0.08,down
vol1,A18.LFT,A18,a18,R. Cooney,clean,clean,,,40300,AB00519.DAT,15.84,0.913,-0.08,down
vol1,A18.LFT,A18,a18,R. Cooney,clean,clean,,,40300,AB00519.DAT,14.87,0.921,-0.08,down
vol1,A18.LFT,A18,a18,R. Cooney,clean,clean,,,40300,AB00519.DAT,13.93,0.907,-0.08,down
vol1,A18.LFT,A18,a18,R. Cooney,clean,clean,,,40300,AB00519.DAT,12.86,0.957,-0.08,down
vol1,A18.LFT,A18,a18,R. Cooney,clean,clean,,,40300,AB00519.DAT,11.97,1.142,-0.08,down
vol1,A18.LFT,A18,a18,R. Cooney,clean,clean,,,40300,AB00519.DAT,10.92,1.137,-0.08,down
vol1,A18.LFT,A18,a18,R. Cooney,clean,clean,,,40300,AB00519.DAT,9.98,1.105,-0.08,down
vol1,A18.LFT,A18,a18,R. Cooney,clean,clean,,,40300,AB00519.DAT,8.95,1.076,-0.08,down
vol1,A18.LFT,A18,a18,R. Cooney,clean,clean,,,40300,AB00519.DAT,7.91,1.038,-0.08,down
vol1,A18.LFT,A18,a18,R. Cooney,clean,clean,,,40300,AB00519.DAT,6.89,0.976,-0.08,down
vol1,A18.LFT,A18,a18,R. Cooney,clean,clean,,,40300,AB00519.DAT,5.83,0.905,-0.08,down
vol1,A18.LFT,A18,a18,R. Cooney,clean,clean,,,40300,AB00519.DAT,4.78,0.799,-0.08,down
vol1,A18.LFT,A18,a18,R. Cooney,clean,clean,,,40300,AB00519.DAT,3.81,0.673,-0.08,down
vol1,A18.LFT,A18,a18,R. Cooney,clean,clean,,,40300,AB00519.DAT,2.82,0.511,-0.08,down
vol1,A18.LFT,A18,a18,R. Cooney,clean,clean,,,40300,AB00519.DAT,1.8,0.384,-0.08,down
vol1,A18.LFT,A18,a18,R. Cooney,clean,clean,,,40300,AB00519.DAT,0.64,0.266,-0.08,down
vol1,A18.LFT,A18,a18,R. Cooney,clean,clean,,,40300,AB00519.DAT,-0.39,0.167,-0.08,down
vol1,A18.LFT,A18,a18,R. Cooney,clean,clean,,,40300,AB00519.DAT,-1.42,0.062,-0.08,down
vol1,A18.LFT,A18,a18,R. Cooney,clean,clean,,,40300,AB00519.DAT,-2.34,-0.021,-0.08,down
vol1,A18.LFT,A18,a18,R. Cooney,clean,clean,,,40300,AB00519.DAT,-3.36,-0.112,-0.08,down
vol1,A18.LFT,A18,a18,R. Cooney,clean,clean,,,40300,AB00519.DAT,-4.44,-0.218,-0.08,down
vol1,A18.LFT,A18,a18,R. Cooney,clean,clean,,,40300,AB00519.DAT,-5.44,-0.31,-0.08,down
vol1,A18.LFT,A18,a18,R. Cooney,clean,clean,,,61000,JG00160.DAT,-5.24,-0.278,-0.08,up
vol1,A18.LFT,A18,a18,R. Cooney,clean,clean,,,61000,JG00160.DAT,-3.34,-0.084,-0.08,up
vol1,A18.LFT,A18,a18,R. Cooney,clean,clean,,,61000,JG00160.DAT,-2.01,0.03,-0.08,up
vol1,A18.LFT,A18,a18,R. Cooney,clean,clean,,,61000,JG00160.DAT,-0.11,0.225,-0.08,up
vol1,A18.LFT,A18,a18,R. Cooney,clean,clean,,,61000,JG00160.DAT,1.24,0.411,-0.08,up
vol1,A18.LFT,A18,a18,R. Cooney,clean,clean,,,61000,JG00160.DAT,2.49,0.585,-0.08,up
vol1,A18.LFT,A18,a18,R. Cooney,clean,clean,,,61000,JG00160.DAT,4.1,0.788,-0.08,up
vol1,A18.LFT,A18,a18,R. Cooney,clean,clean,,,61000,JG00160.DAT,5.98,0.942,-0.08,up
vol1,A18.LFT,A18,a18,R. Cooney,clean,clean,,,61000,JG00160.DAT,7.17,1.018,-0.08,up
vol1,A18.LFT,A18,a18,R. Cooney,clean,clean,,,61000,JG00160.DAT,9.09,1.115,-0.08,up
vol1,A18.LFT,A18,a18,R. Cooney,clean,clean,,,61000,JG00160.DAT,10.35,1.165,-0.08,up
vol1,A18.LFT,A18,a18,R. Cooney,clean,clean,,,61000,JG00160.DAT,12.13,1.175,-0.08,up
vol1,A18.LFT,A18,a18,R. Cooney,clean,clean,,,61000,JG00160.DAT,13.35,1.138,-0.08,up
vol1,A18.LFT,A18,a18,R. Cooney,clean,clean,,,61000,JG00160.DAT,15.04,1.195,-0.08,up
vol1,A18.LFT,A18,a18,R. Cooney,clean,clean,,,61000,JG00160.DAT,16.23,1.029,-0.08,up
vol1,A18.LFT,A18,a18,R. Cooney,clean,clean,,,61000,JG00160.DAT,18.07,1.069,-0.08,up
vol1,A18.LFT,A18,a18,R. Cooney,clean,clean,,,61000,JG00160.DAT,19.25,1.038,-0.08,up
vol1,A18.LFT,A18,a18,R. Cooney,clean,clean,,,61000,JG00160.DAT,16.99,1.02,-0.08,down
vol1,A18.LFT,A18,a18,R. Cooney,clean,clean,,,61000,JG00160.DAT,15.86,1.067,-0.08,down
vol1,A18.LFT,A18,a18,R. Cooney,clean,clean,,,61000,JG00160.DAT,14.17,1.163,-0.08,down
vol1,A18.LFT,A18,a18,R. Cooney,clean,clean,,,61000,JG00160.DAT,13.02,1.119,-0.08,down
vol1,A18.LFT,A18,a18,R. Cooney,clean,clean,,,61000,JG00160.DAT,11.02,1.164,-0.08,down
vol1,A18.LFT,A18,a18,R. Cooney,clean,clean,,,61000,JG00160.DAT,9.89,1.133,-0.08,down
vol1,A18.LFT,A18,a18,R. Cooney,clean,clean,,,61000,JG00160.DAT,8.24,1.049,-0.08,down
vol1,A18.LFT,A18,a18,R. Cooney,clean,clean,,,61000,JG00160.DAT,6.62,0.969,-0.08,down
vol1,A18.LFT,A18,a18,R. Cooney,clean,clean,,,61000,JG00160.DAT,5.42,0.881,-0.08,down
vol1,A18.LFT,A18,a18,R. Cooney,clean,clean,,,61000,JG00160.DAT,3.67,0.723,-0.08,down
vol1,A18.LFT,A18,a18,R. Cooney,clean,clean,,,61000,JG00160.DAT,1.91,0.485,-0.08,down
vol1,A18.LFT,A18,a18,R. Cooney,clean,clean,,,61000,JG00160.DAT,0.79,0.33,-0.08,down
vol1,A18.LFT,A18,a18,R. Cooney,clean,clean,,,61000,JG00160.DAT,-0.73,0.142,-0.08,down
vol1,A18.LFT,A18,a18,R. Cooney,clean,clean,,,61000,JG00160.DAT,-2.34,-0.006,-0.08,down
vol1,A18.LFT,A18,a18,R. Cooney,clean,clean,,,61000,JG00160.DAT,-3.83,-0.133,-0.08,down
vol1,A18.LFT,A18,a18,R. Cooney,clean,clean,,,61000,JG00160.DAT,-5.45,-0.303,-0.08,down
vol1,A18.LFT,A18,a18,R. Cooney,clean,clean,,,101700,MS00162.DAT,-5.36,-0.326,-0.08,up
vol1,A18.LFT,A18,a18,R. Cooney,clean,clean,,,101700,MS00162.DAT,-3.51,-0.101,-0.08,up
vol1,A18.LFT,A18,a18,R. Cooney,clean,clean,,,101700,MS00162.DAT,-1.61,0.093,-0.08,up
vol1,A18.LFT,A18,a18,R. Cooney,clean,clean,,,101700,MS00162.DAT,-0.41,0.268,-0.08,up
vol1,A18.LFT,A18,a18,R. Cooney,clean,clean,,,101700,MS00162.DAT,1.19,0.484,-0.08,up
vol1,A18.LFT,A18,a18,R. Cooney,clean,clean,,,101700,MS00162.DAT,2.81,0.656,-0.08,up
vol1,A18.LFT,A18,a18,R. Cooney,clean,clean,,,101700,MS00162.DAT,4.42,0.8,-0.08,up
vol1,A18.LFT,A18,a18,R. Cooney,clean,clean,,,101700,MS00162.DAT,5.92,0.926,-0.08,up
vol1,A18.LFT,A18,a18,R. Cooney,clean,clean,,,101700,MS00162.DAT,7.53,1.022,-0.08,up
vol1,A18.LFT,A18,a18,R. Cooney,clean,clean,,,101700,MS00162.DAT,9.05,1.11,-0.08,up
vol1,A18.LFT,A18,a18,R. Cooney,clean,clean,,,101700,MS00162.DAT,10.23,1.147,-0.08,up
vol1,A18.LFT,A18,a18,R. Cooney,clean,clean,,,101700,MS00162.DAT,11.96,1.163,-0.08,up
vol1,A18.LFT,A18,a18,R. Cooney,clean,clean,,,101700,MS00162.DAT,13.04,1.143,-0.08,up
vol1,A18.LFT,A18,a18,R. Cooney,clean,clean,,,101700,MS00162.DAT,14.7,1.125,-0.08,up
vol1,A18.LFT,A18,a18,R. Cooney,clean,clean,,,101700,MS00162.DAT,16.43,1.103,-0.08,up
vol1,A18.LFT,A18,a18,R. Cooney,clean,clean,,,101700,MS00162.DAT,17.98,0.94,-0.08,up
vol1,A18.LFT,A18,a18,R. Cooney,clean,clean,,,101700,MS00162.DAT,19.24,1.002,-0.08,up
vol1,A18.LFT,A18,a18,R. Cooney,clean,clean,,,101700,MS00162.DAT,17.05,0.961,-0.08,down
vol1,A18.LFT,A18,a18,R. Cooney,clean,clean,,,101700,MS00162.DAT,15.95,1.123,-0.08,down
vol1,A18.LFT,A18,a18,R. Cooney,clean,clean,,,101700,MS00162.DAT,14.47,1.128,-0.08,down
vol1,A18.LFT,A18,a18,R. Cooney,clean,clean,,,101700,MS00162.DAT,12.87,1.151,-0.08,down
vol1,A18.LFT,A18,a18,R. Cooney,clean,clean,,,101700,MS00162.DAT,11.34,1.151,-0.08,down
vol1,A18.LFT,A18,a18,R. Cooney,clean,clean,,,101700,MS00162.DAT,9.89,1.121,-0.08,down
vol1,A18.LFT,A18,a18,R. Cooney,clean,clean,,,101700,MS00162.DAT,8.27,1.045,-0.08,down
vol1,A18.LFT,A18,a18,R. Cooney,clean,clean,,,101700,MS00162.DAT,6.69,0.954,-0.08,down
vol1,A18.LFT,A18,a18,R. Cooney,clean,clean,,,101700,MS00162.DAT,5.15,0.842,-0.08,down
vol1,A18.LFT,A18,a18,R. Cooney,clean,clean,,,101700,MS00162.DAT,3.7,0.718,-0.08,down
vol1,A18.LFT,A18,a18,R. Cooney,clean,clean,,,101700,MS00162.DAT,2.19,0.577,-0.08,down
vol1,A18.LFT,A18,a18,R. Cooney,clean,clean,,,101700,MS00162.DAT,0.69,0.401,-0.08,down
vol1,A18.LFT,A18,a18,R. Cooney,clean,clean,,,101700,MS00162.DAT,-0.75,0.202,-0.08,down
vol1,A18.LFT,A18,a18,R. Cooney,clean,clean,,,101700,MS00162.DAT,-2.41,-0.018,-0.08,down
vol1,A18.LFT,A18,a18,R. Cooney,clean,clean,,,101700,MS00162.DAT,-3.79,-0.144,-0.08,down
vol1,A18.LFT,A18,a18,R. Cooney,clean,clean,,,101700,MS00162.DAT,-5.45,-0.341,-0.08,down
vol1,A18.LFT,A18,a18,R. Cooney,clean,clean,,,202700,MS00164.DAT,-5.4,-0.344,-0.08,up
vol1,A18.LFT,A18,a18,R. Cooney,clean,clean,,,202700,MS00164.DAT,-3.56,-0.06,-0.08,up
vol1,A18.LFT,A18,a18,R. Cooney,clean,clean,,,202700,MS00164.DAT,-1.46,0.209,-0.08,up
vol1,A18.LFT,A18,a18,R. Cooney,clean,clean,,,202700,MS00164.DAT,0.08,0.374,-0.08,up
vol1,A18.LFT,A18,a18,R. Cooney,clean,clean,,,202700,MS00164.DAT,1.49,0.519,-0.08,up
vol1,A18.LFT,A18,a18,R. Cooney,clean,clean,,,202700,MS00164.DAT,2.86,0.656,-0.08,up
vol1,A18.LFT,A18,a18,R. Cooney,clean,clean,,,202700,MS00164.DAT,4.31,0.794,-0.08,up
vol1,A18.LFT,A18,a18,R. Cooney,clean,clean,,,202700,MS00164.DAT,5.63,0.899,-0.08,up
vol1,A18.LFT,A18,a18,R. Cooney,clean,clean,,,202700,MS00164.DAT,7.57,1.039,-0.08,up
vol1,A18.LFT,A18,a18,R. Cooney,clean,clean,,,202700,MS00164.DAT,8.88,1.118,-0.08,up
vol1,A18.LFT,A18,a18,R. Cooney,clean,clean,,,202700,MS00164.DAT,10.12,1.168,-0.08,up
vol1,A18.LFT,A18,a18,R. Cooney,clean,clean,,,202700,MS00164.DAT,11.88,1.184,-0.08,up
vol1,A18.LFT,A18,a18,R. Cooney,clean,clean,,,202700,MS00164.DAT,13.33,1.212,-0.08,up
vol1,A18.LFT,A18,a18,R. Cooney,clean,clean,,,202700,MS00164.DAT,14.88,1.18,-0.08,up
vol1,A18.LFT,A18,a18,R. Cooney,clean,clean,,,202700,MS00164.DAT,16.51,1.141,-0.08,up
vol1,A18.LFT,A18,a18,R. Cooney,clean,clean,,,202700,MS00164.DAT,17.6,1.181,-0.08,up
vol1,A18.LFT,A18,a18,R. Cooney,clean,clean,,,202700,MS00164.DAT,19.11,1.102,-0.08,up
vol1,A18.LFT,A18,a18,R. Cooney,clean,clean,,,202700,MS00164.DAT,17.14,1.187,-0.08,down
vol1,A18.LFT,A18,a18,R. Cooney,clean,clean,,,202700,MS00164.DAT,15.79,1.186,-0.08,down
vol1,A18.LFT,A18,a18,R. Cooney,clean,clean,,,202700,MS00164.DAT,14.17,1.194,-0.08,down
vol1,A18.LFT,A18,a18,R. Cooney,clean,clean,,,202700,MS00164.DAT,12.61,1.223,-0.08,down
vol1,A18.LFT,A18,a18,R. Cooney,clean,clean,,,202700,MS00164.DAT,11.27,1.181,-0.08,down
vol1,A18.LFT,A18,a18,R. Cooney,clean,clean,,,202700,MS00164.DAT,9.81,1.157,-0.08,down
vol1,A18.LFT,A18,a18,R. Cooney,clean,clean,,,202700,MS00164.DAT,8.19,1.072,-0.08,down
vol1,A18.LFT,A18,a18,R. Cooney,clean,clean,,,202700,MS00164.DAT,6.51,0.953,-0.08,down
vol1,A18.LFT,A18,a18,R. Cooney,clean,clean,,,202700,MS00164.DAT,5.3,0.865,-0.08,down
vol1,A18.LFT,A18,a18,R. Cooney,clean,clean,,,202700,MS00164.DAT,3.38,0.697,-0.08,down
vol1,A18.LFT,A18,a18,R. Cooney,clean,clean,,,202700,MS00164.DAT,2.08,0.57,-0.08,down
vol1,A18.LFT,A18,a18,R. Cooney,clean,clean,,,202700,MS00164.DAT,0.63,0.424,-0.08,down
vol1,A18.LFT,A18,a18,R. Cooney,clean,clean,,,202700,MS00164.DAT,-1.3,0.219,-0.08,down
vol1,A18.LFT,A18,a18,R. Cooney,clean,clean,,,202700,MS00164.DAT,-2.68,0.037,-0.08,down
vol1,A18.LFT,A18,a18,R. Cooney,clean,clean,,,202700,MS00164.DAT,-3.95,-0.12,-0.08,down
vol1,A18.LFT,A18,a18,R. Cooney,clean,clean,,,202700,MS00164.DAT,-5.82,-0.397,-0.08,down
vol1,A18.LFT,A18,a18,R. Cooney,clean,clean,,,303200,MS00166.DAT,-5.37,-0.255,-0.08,up
vol1,A18.LFT,A18,a18,R. Cooney,clean,clean,,,303200,MS00166.DAT,-3.59,-0.01,-0.08,up
vol1,A18.LFT,A18,a18,R. Cooney,clean,clean,,,303200,MS00166.DAT,-2.33,0.132,-0.08,up
vol1,A18.LFT,A18,a18,R. Cooney,clean,clean,,,303200,MS00166.DAT,-0.5,0.321,-0.08,up
vol1,A18.LFT,A18,a18,R. Cooney,clean,clean,,,303200,MS00166.DAT,1.0,0.476,-0.08,up
vol1,A18.LFT,A18,a18,R. Cooney,clean,clean,,,303200,MS00166.DAT,2.34,0.607,-0.08,up
vol1,A18.LFT,A18,a18,R. Cooney,clean,clean,,,303200,MS00166.DAT,4.45,0.799,-0.08,up
vol1,A18.LFT,A18,a18,R. Cooney,clean,clean,,,303200,MS00166.DAT,5.73,0.895,-0.08,up
vol1,A18.LFT,A18,a18,R. Cooney,clean,clean,,,303200,MS00166.DAT,7.88,1.059,-0.08,up
vol1,A18.LFT,A18,a18,R. Cooney,clean,clean,,,303200,MS00166.DAT,9.39,1.151,-0.08,up
vol1,A18.LFT,A18,a18,R. Cooney,clean,clean,,,303200,MS00166.DAT,10.2,1.181,-0.08,up
vol1,A18.LFT,A18,a18,R. Cooney,clean,clean,,,303200,MS00166.DAT,11.99,1.197,-0.08,up
vol1,A18.LFT,A18,a18,R. Cooney,clean,clean,,,303200,MS00166.DAT,13.33,1.228,-0.08,up
vol1,A18.LFT,A18,a18,R. Cooney,clean,clean,,,303200,MS00166.DAT,14.49,1.221,-0.08,up
vol1,A18.LFT,A18,a18,R. Cooney,clean,clean,,,303200,MS00166.DAT,16.01,1.193,-0.08,up
vol1,A18.LFT,A18,a18,R. Cooney,clean,clean,,,303200,MS00166.DAT,17.28,1.18,-0.08,up
vol1,A18.LFT,A18,a18,R. Cooney,clean,clean,,,303200,MS00166.DAT,18.86,1.1,-0.08,up
vol1,A18.LFT,A18,a18,R. Cooney,clean,clean,,,303200,MS00166.DAT,17.4,1.182,-0.08,down
vol1,A18.LFT,A18,a18,R. Cooney,clean,clean,,,303200,MS00166.DAT,15.8,1.181,-0.08,down
vol1,A18.LFT,A18,a18,R. Cooney,clean,clean,,,303200,MS00166.DAT,14.4,1.222,-0.08,down
vol1,A18.LFT,A18,a18,R. Cooney,clean,clean,,,303200,MS00166.DAT,13.12,1.2,-0.08,down
vol1,A18.LFT,A18,a18,R. Cooney,clean,clean,,,303200,MS00166.DAT,11.15,1.196,-0.08,down
vol1,A18.LFT,A18,a18,R. Cooney,clean,clean,,,303200,MS00166.DAT,9.87,1.166,-0.08,down
vol1,A18.LFT,A18,a18,R. Cooney,clean,clean,,,303200,MS00166.DAT,8.19,1.076,-0.08,down
vol1,A18.LFT,A18,a18,R. Cooney,clean,clean,,,303200,MS00166.DAT,6.27,0.936,-0.08,down
vol1,A18.LFT,A18,a18,R. Cooney,clean,clean,,,303200,MS00166.DAT,4.7,0.814,-0.08,down
vol1,A18.LFT,A18,a18,R. Cooney,clean,clean,,,303200,MS00166.DAT,3.35,0.696,-0.08,down
vol1,A18.LFT,A18,a18,R. Cooney,clean,clean,,,303200,MS00166.DAT,2.05,0.571,-0.08,down
vol1,A18.LFT,A18,a18,R. Cooney,clean,clean,,,303200,MS00166.DAT,0.23,0.38,-0.08,down
vol1,A18.LFT,A18,a18,R. Cooney,clean,clean,,,303200,MS00166.DAT,-0.9,0.266,-0.08,down
vol1,A18.LFT,A18,a18,R. Cooney,clean,clean,,,303200,MS00166.DAT,-2.42,0.109,-0.08,down
vol1,A18.LFT,A18,a18,R. Cooney,clean,clean,,,303200,MS00166.DAT,-3.99,-0.072,-0.08,down
vol1,A18.LFT,A18,a18,R. Cooney,clean,clean,,,303200,MS00166.DAT,-5.34,-0.281,-0.08,down
vol1,BE50.LFT,BE50,be50,R. Cooney,clean,clean,,,30600,JG00567.DAT,-5.03,-0.294,-0.114,up
vol1,BE50.LFT,BE50,be50,R. Cooney,clean,clean,,,30600,JG00567.DAT,-3.92,-0.184,-0.114,up
vol1,BE50.LFT,BE50,be50,R. Cooney,clean,clean,,,30600,JG00567.DAT,-2.96,-0.096,-0.114,up
vol1,BE50.LFT,BE50,be50,R. Cooney,clean,clean,,,30600,JG00567.DAT,-1.81,-0.005,-0.114,up
vol1,BE50.LFT,BE50,be50,R. Cooney,clean,clean,,,30600,JG00567.DAT,-0.86,0.087,-0.114,up
vol1,BE50.LFT,BE50,be50,R. Cooney,clean,clean,,,30600,JG00567.DAT,0.27,0.19,-0.114,up
vol1,BE50.LFT,BE50,be50,R. Cooney,clean,clean,,,30600,JG00567.DAT,1.2,0.282,-0.114,up
vol1,BE50.LFT,BE50,be50,R. Cooney,clean,clean,,,30600,JG00567.DAT,2.35,0.418,-0.114,up
vol1,BE50.LFT,BE50,be50,R. Cooney,clean,clean,,,30600,JG00567.DAT,3.3,0.588,-0.114,up
vol1,BE50.LFT,BE50,be50,R. Cooney,clean,clean,,,30600,JG00567.DAT,4.43,0.73,-0.114,up
vol1,BE50.LFT,BE50,be50,R. Cooney,clean,clean,,,30600,JG00567.DAT,5.38,0.801,-0.114,up
vol1,BE50.LFT,BE50,be50,R. Cooney,clean,clean,,,30600,JG00567.DAT,6.31,0.853,-0.114,up
vol1,BE50.LFT,BE50,be50,R. Cooney,clean,clean,,,30600,JG00567.DAT,7.47,0.909,-0.114,up
vol1,BE50.LFT,BE50,be50,R. Cooney,clean,clean,,,30600,JG00567.DAT,8.44,0.947,-0.114,up
vol1,BE50.LFT,BE50,be50,R. Cooney,clean,clean,,,30600,JG00567.DAT,9.37,0.936,-0.114,up
vol1,BE50.LFT,BE50,be50,R. Cooney,clean,clean,,,30600,JG00567.DAT,10.26,0.924,-0.114,up
vol1,BE50.LFT,BE50,be50,R. Cooney,clean,clean,,,30600,JG00567.DAT,11.36,0.955,-0.114,up
vol1,BE50.LFT,BE50,be50,R. Cooney,clean,clean,,,30600,JG00567.DAT,12.46,0.903,-0.114,up
vol1,BE50.LFT,BE50,be50,R. Cooney,clean,clean,,,30600,JG00567.DAT,13.37,0.963,-0.114,up
vol1,BE50.LFT,BE50,be50,R. Cooney,clean,clean,,,30600,JG00567.DAT,14.47,0.911,-0.114,up
vol1,BE50.LFT,BE50,be50,R. Cooney,clean,clean,,,30600,JG00567.DAT,15.38,0.901,-0.114,up
vol1,BE50.LFT,BE50,be50,R. Cooney,clean,clean,,,30600,JG00567.DAT,16.29,0.924,-0.114,up
vol1,BE50.LFT,BE50,be50,R. Cooney,clean,clean,,,30600,JG00567.DAT,17.45,1.016,-0.114,up
vol1,BE50.LFT,BE50,be50,R. Cooney,clean,clean,,,30600,JG00567.DAT,18.41,1.046,-0.114,up
vol1,BE50.LFT,BE50,be50,R. Cooney,clean,clean,,,30600,JG00567.DAT,19.36,1.1,-0.114,up
vol1,BE50.LFT,BE50,be50,R. Cooney,clean,clean,,,30600,JG00567.DAT,18.01,0.976,-0.114,down
vol1,BE50.LFT,BE50,be50,R. Cooney,clean,clean,,,30600,JG00567.DAT,17.1,0.986,-0.114,down
vol1,BE50.LFT,BE50,be50,R. Cooney,clean,clean,,,30600,JG00567.DAT,16.09,0.899,-0.114,down
vol1,BE50.LFT,BE50,be50,R. Cooney,clean,clean,,,30600,JG00567.DAT,14.92,0.887,-0.114,down
vol1,BE50.LFT,BE50,be50,R. Cooney,clean,clean,,,30600,JG00567.DAT,14.04,0.848,-0.114,down
vol1,BE50.LFT,BE50,be50,R. Cooney,clean,clean,,,30600,JG00567.DAT,12.9,0.861,-0.114,down
vol1,BE50.LFT,BE50,be50,R. Cooney,clean,clean,,,30600,JG00567.DAT,11.97,0.874,-0.114,down
vol1,BE50.LFT,BE50,be50,R. Cooney,clean,clean,,,30600,JG00567.DAT,10.82,0.877,-0.114,down
vol1,BE50.LFT,BE50,be50,R. Cooney,clean,clean,,,30600,JG00567.DAT,9.95,0.915,-0.114,down
vol1,BE50.LFT,BE50,be50,R. Cooney,clean,clean,,,30600,JG00567.DAT,9.05,0.855,-0.114,down
vol1,BE50.LFT,BE50,be50,R. Cooney,clean,clean,,,30600,JG00567.DAT,7.96,0.914,-0.114,down
vol1,BE50.LFT,BE50,be50,R. Cooney,clean,clean,,,30600,JG00567.DAT,7.12,0.855,-0.114,down
vol1,BE50.LFT,BE50,be50,R. Cooney,clean,clean,,,30600,JG00567.DAT,6.02,0.832,-0.114,down
vol1,BE50.LFT,BE50,be50,R. Cooney,clean,clean,,,30600,JG00567.DAT,4.95,0.775,-0.114,down
vol1,BE50.LFT,BE50,be50,R. Cooney,clean,clean,,,30600,JG00567.DAT,3.91,0.664,-0.114,down
vol1,BE50.LFT,BE50,be50,R. Cooney,clean,clean,,,30600,JG00567.DAT,2.94,0.528,-0.114,down
vol1,BE50.LFT,BE50,be50,R. Cooney,clean,clean,,,30600,JG00567.DAT,1.87,0.381,-0.114,down
vol1,BE50.LFT,BE50,be50,R. Cooney,clean,clean,,,30600,JG00567.DAT,0.75,0.257,-0.114,down
vol1,BE50.LFT,BE50,be50,R. Cooney,clean,clean,,,30600,JG00567.DAT,-0.12,0.176,-0.114,down
vol1,BE50.LFT,BE50,be50,R. Cooney,clean,clean,,,30600,JG00567.DAT,-1.23,0.074,-0.114,down
vol1,BE50.LFT,BE50,be50,R. Cooney,clean,clean,,,30600,JG00567.DAT,-2.36,-0.03,-0.114,down
vol1,BE50.LFT,BE50,be50,R. Cooney,clean,clean,,,30600,JG00567.DAT,-3.22,-0.106,-0.114,down
vol1,BE50.LFT,BE50,be50,R. Cooney,clean,clean,,,30600,JG00567.DAT,-4.28,-0.209,-0.114,down
vol1,BE50.LFT,BE50,be50,R. Cooney,clean,clean,,,30600,JG00567.DAT,-5.2,-0.301,-0.114,down
vol1,BE50.LFT,BE50,be50,R. Cooney,clean,clean,,,40100,JG00568.DAT,-5.02,-0.278,-0.114,up
vol1,BE50.LFT,BE50,be50,R. Cooney,clean,clean,,,40100,JG00568.DAT,-3.78,-0.144,-0.114,up
vol1,BE50.LFT,BE50,be50,R. Cooney,clean,clean,,,40100,JG00568.DAT,-2.79,-0.055,-0.114,up
vol1,BE50.LFT,BE50,be50,R. Cooney,clean,clean,,,40100,JG00568.DAT,-1.78,0.034,-0.114,up
vol1,BE50.LFT,BE50,be50,R. Cooney,clean,clean,,,40100,JG00568.DAT,-0.83,0.125,-0.114,up
vol1,BE50.LFT,BE50,be50,R. Cooney,clean,clean,,,40100,JG00568.DAT,0.28,0.231,-0.114,up
vol1,BE50.LFT,BE50,be50,R. Cooney,clean,clean,,,40100,JG00568.DAT,1.22,0.312,-0.114,up
vol1,BE50.LFT,BE50,be50,R. Cooney,clean,clean,,,40100,JG00568.DAT,2.36,0.522,-0.114,up
vol1,BE50.LFT,BE50,be50,R. Cooney,clean,clean,,,40100,JG00568.DAT,3.3,0.663,-0.114,up
vol1,BE50.LFT,BE50,be50,R. Cooney,clean,clean,,,40100,JG00568.DAT,4.44,0.752,-0.114,up
vol1,BE50.LFT,BE50,be50,R. Cooney,clean,clean,,,40100,JG00568.DAT,5.38,0.815,-0.114,up
vol1,BE50.LFT,BE50,be50,R. Cooney,clean,clean,,,40100,JG00568.DAT,6.32,0.895,-0.114,up
vol1,BE50.LFT,BE50,be50,R. Cooney,clean,clean,,,40100,JG00568.DAT,7.46,0.984,-0.114,up
vol1,BE50.LFT,BE50,be50,R. Cooney,clean,clean,,,40100,JG00568.DAT,8.42,1.032,-0.114,up
vol1,BE50.LFT,BE50,be50,R. Cooney,clean,clean,,,40100,JG00568.DAT,9.33,1.059,-0.114,up
vol1,BE50.LFT,BE50,be50,R. Cooney,clean,clean,,,40100,JG00568.DAT,10.46,1.048,-0.114,up
vol1,BE50.LFT,BE50,be50,R. Cooney,clean,clean,,,40100,JG00568.DAT,11.33,1.008,-0.114,up
vol1,BE50.LFT,BE50,be50,R. Cooney,clean,clean,,,40100,JG00568.DAT,12.44,0.978,-0.114,up
vol1,BE50.LFT,BE50,be50,R. Cooney,clean,clean,,,40100,JG00568.DAT,13.27,0.943,-0.114,up
vol1,BE50.LFT,BE50,be50,R. Cooney,clean,clean,,,40100,JG00568.DAT,14.37,0.978,-0.114,up
vol1,BE50.LFT,BE50,be50,R. Cooney,clean,clean,,,40100,JG00568.DAT,15.45,0.977,-0.114,up
vol1,BE50.LFT,BE50,be50,R. Cooney,clean,clean,,,40100,JG00568.DAT,16.34,0.996,-0.114,up
vol1,BE50.LFT,BE50,be50,R. Cooney,clean,clean,,,40100,JG00568.DAT,17.45,0.967,-0.114,up
vol1,BE50.LFT,BE50,be50,R. Cooney,clean,clean,,,40100,JG00568.DAT,18.37,0.978,-0.114,up
vol1,BE50.LFT,BE50,be50,R. Cooney,clean,clean,,,40100,JG00568.DAT,19.56,1.009,-0.114,up
vol1,BE50.LFT,BE50,be50,R. Cooney,clean,clean,,,40100,JG00568.DAT,18.03,1.008,-0.114,down
vol1,BE50.LFT,BE50,be50,R. Cooney,clean,clean,,,40100,JG00568.DAT,17.14,0.999,-0.114,down
vol1,BE50.LFT,BE50,be50,R. Cooney,clean,clean,,,40100,JG00568.DAT,15.97,0.973,-0.114,down
vol1,BE50.LFT,BE50,be50,R. Cooney,clean,clean,,,40100,JG00568.DAT,15.11,0.94,-0.114,down
vol1,BE50.LFT,BE50,be50,R. Cooney,clean,clean,,,40100,JG00568.DAT,13.94,0.909,-0.114,down
vol1,BE50.LFT,BE50,be50,R. Cooney,clean,clean,,,40100,JG00568.DAT,12.88,0.957,-0.114,down
vol1,BE50.LFT,BE50,be50,R. Cooney,clean,clean,,,40100,JG00568.DAT,12.1,0.984,-0.114,down
vol1,BE50.LFT,BE50,be50,R. Cooney,clean,clean,,,40100,JG00568.DAT,10.96,1.032,-0.114,down
vol1,BE50.LFT,BE50,be50,R. Cooney,clean,clean,,,40100,JG00568.DAT,10.17,1.147,-0.114,down
vol1,BE50.LFT,BE50,be50,R. Cooney,clean,clean,,,40100,JG00568.DAT,9.0,1.078,-0.114,down
vol1,BE50.LFT,BE50,be50,R. Cooney,clean,clean,,,40100,JG00568.DAT,8.01,1.003,-0.114,down
vol1,BE50.LFT,BE50,be50,R. Cooney,clean,clean,,,40100,JG00568.DAT,6.99,0.929,-0.114,down
vol1,BE50.LFT,BE50,be50,R. Cooney,clean,clean,,,40100,JG00568.DAT,6.01,0.863,-0.114,down
vol1,BE50.LFT,BE50,be50,R. Cooney,clean,clean,,,40100,JG00568.DAT,5.04,0.793,-0.114,down
vol1,BE50.LFT,BE50,be50,R. Cooney,clean,clean,,,40100,JG00568.DAT,4.03,0.713,-0.114,down
vol1,BE50.LFT,BE50,be50,R. Cooney,clean,clean,,,40100,JG00568.DAT,3.03,0.617,-0.114,down
vol1,BE50.LFT,BE50,be50,R. Cooney,clean,clean,,,40100,JG00568.DAT,2.03,0.47,-0.114,down
vol1,BE50.LFT,BE50,be50,R. Cooney,clean,clean,,,40100,JG00568.DAT,0.98,0.291,-0.114,down
vol1,BE50.LFT,BE50,be50,R. Cooney,clean,clean,,,40100,JG00568.DAT,-0.26,0.184,-0.114,down
vol1,BE50.LFT,BE50,be50,R. Cooney,clean,clean,,,40100,JG00568.DAT,-1.22,0.091,-0.114,down
vol1,BE50.LFT,BE50,be50,R. Cooney,clean,clean,,,40100,JG00568.DAT,-2.17,0.014,-0.114,down
vol1,BE50.LFT,BE50,be50,R. Cooney,clean,clean,,,40100,JG00568.DAT,-3.18,-0.069,-0.114,down
vol1,BE50.LFT,BE50,be50,R. Cooney,clean,clean,,,40100,JG00568.DAT,-4.2,-0.168,-0.114,down
vol1,BE50.LFT,BE50,be50,R. Cooney,clean,clean,,,40100,JG00568.DAT,-5.28,-0.272,-0.114,down
vol1,BE50.LFT,BE50,be50,R. Cooney,clean,clean,,,62200,JG00569.DAT,-4.98,-0.243,-0.114,up
vol1,BE50.LFT,BE50,be50,R. Cooney,clean,clean,,,62200,JG00569.DAT,-3.4,-0.084,-0.114,up
vol1,BE50.LFT,BE50,be50,R. Cooney,clean,clean,,,62200,JG00569.DAT,-1.73,0.057,-0.114,up
vol1,BE50.LFT,BE50,be50,R. Cooney,clean,clean,,,62200,JG00569.DAT,-0.21,0.193,-0.114,up
vol1,BE50.LFT,BE50,be50,R. Cooney,clean,clean,,,62200,JG00569.DAT,1.4,0.445,-0.114,up
vol1,BE50.LFT,BE50,be50,R. Cooney,clean,clean,,,62200,JG00569.DAT,2.94,0.6,-0.114,up
vol1,BE50.LFT,BE50,be50,R. Cooney,clean,clean,,,62200,JG00569.DAT,4.47,0.738,-0.114,up
vol1,BE50.LFT,BE50,be50,R. Cooney,clean,clean,,,62200,JG00569.DAT,5.74,0.848,-0.114,up
vol1,BE50.LFT,BE50,be50,R. Cooney,clean,clean,,,62200,JG00569.DAT,7.42,0.982,-0.114,up
vol1,BE50.LFT,BE50,be50,R. Cooney,clean,clean,,,62200,JG00569.DAT,8.97,1.09,-0.114,up
vol1,BE50.LFT,BE50,be50,R. Cooney,clean,clean,,,62200,JG00569.DAT,10.57,1.195,-0.114,up
vol1,BE50.LFT,BE50,be50,R. Cooney,clean,clean,,,62200,JG00569.DAT,12.02,1.223,-0.114,up
vol1,BE50.LFT,BE50,be50,R. Cooney,clean,clean,,,62200,JG00569.DAT,13.46,1.112,-0.114,up
vol1,BE50.LFT,BE50,be50,R. Cooney,clean,clean,,,62200,JG00569.DAT,14.82,1.125,-0.114,up
vol1,BE50.LFT,BE50,be50,R. Cooney,clean,clean,,,62200,JG00569.DAT,16.4,1.119,-0.114,up
vol1,BE50.LFT,BE50,be50,R. Cooney,clean,clean,,,62200,JG00569.DAT,17.95,1.047,-0.114,up
vol1,BE50.LFT,BE50,be50,R. Cooney,clean,clean,,,62200,JG00569.DAT,19.54,1.023,-0.114,up
vol1,BE50.LFT,BE50,be50,R. Cooney,clean,clean,,,62200,JG00569.DAT,17.5,1.078,-0.114,down
vol1,BE50.LFT,BE50,be50,R. Cooney,clean,clean,,,62200,JG00569.DAT,15.94,1.083,-0.114,down
vol1,BE50.LFT,BE50,be50,R. Cooney,clean,clean,,,62200,JG00569.DAT,14.55,1.142,-0.114,down
vol1,BE50.LFT,BE50,be50,R. Cooney,clean,clean,,,62200,JG00569.DAT,12.96,1.118,-0.114,down
vol1,BE50.LFT,BE50,be50,R. Cooney,clean,clean,,,62200,JG00569.DAT,11.64,1.186,-0.114,down
vol1,BE50.LFT,BE50,be50,R. Cooney,clean,clean,,,62200,JG00569.DAT,9.94,1.155,-0.114,down
vol1,BE50.LFT,BE50,be50,R. Cooney,clean,clean,,,62200,JG00569.DAT,8.53,1.045,-0.114,down
vol1,BE50.LFT,BE50,be50,R. Cooney,clean,clean,,,62200,JG00569.DAT,7.06,0.934,-0.114,down
vol1,BE50.LFT,BE50,be50,R. Cooney,clean,clean,,,62200,JG00569.DAT,5.54,0.808,-0.114,down
vol1,BE50.LFT,BE50,be50,R. Cooney,clean,clean,,,62200,JG00569.DAT,3.96,0.675,-0.114,down
vol1,BE50.LFT,BE50,be50,R. Cooney,clean,clean,,,62200,JG00569.DAT,2.49,0.546,-0.114,down
vol1,BE50.LFT,BE50,be50,R. Cooney,clean,clean,,,62200,JG00569.DAT,0.82,0.332,-0.114,down
vol1,BE50.LFT,BE50,be50,R. Cooney,clean,clean,,,62200,JG00569.DAT,-0.73,0.103,-0.114,down
vol1,BE50.LFT,BE50,be50,R. Cooney,clean,clean,,,62200,JG00569.DAT,-2.34,-0.04,-0.114,down
vol1,BE50.LFT,BE50,be50,R. Cooney,clean,clean,,,62200,JG00569.DAT,-3.71,-0.143,-0.114,down
vol1,BE50.LFT,BE50,be50,R. Cooney,clean,clean,,,62200,JG00569.DAT,-5.24,-0.31,-0.114,down
vol1,BE50.LFT,BE50,be50,R. Cooney,clean,clean,,,101700,JG00571.DAT,-5.06,-0.303,-0.114,up
vol1,BE50.LFT,BE50,be50,R. Cooney,clean,clean,,,101700,JG00571.DAT,-3.44,-0.117,-0.114,up
vol1,BE50.LFT,BE50,be50,R. Cooney,clean,clean,,,101700,JG00571.DAT,-1.72,0.026,-0.114,up
vol1,BE50.LFT,BE50,be50,R. Cooney,clean,clean,,,101700,JG00571.DAT,-0.34,0.23,-0.114,up
vol1,BE50.LFT,BE50,be50,R. Cooney,clean,clean,,,101700,JG00571.DAT,1.38,0.453,-0.114,up
vol1,BE50.LFT,BE50,be50,R. Cooney,clean,clean,,,101700,JG00571.DAT,2.97,0.6,-0.114,up
vol1,BE50.LFT,BE50,be50,R. Cooney,clean,clean,,,101700,JG00571.DAT,4.27,0.715,-0.114,up
vol1,BE50.LFT,BE50,be50,R. Cooney,clean,clean,,,101700,JG00571.DAT,6.03,0.87,-0.114,up
vol1,BE50.LFT,BE50,be50,R. Cooney,clean,clean,,,101700,JG00571.DAT,7.28,0.973,-0.114,up
vol1,BE50.LFT,BE50,be50,R. Cooney,clean,clean,,,101700,JG00571.DAT,9.1,1.118,-0.114,up
vol1,BE50.LFT,BE50,be50,R. Cooney,clean,clean,,,101700,JG00571.DAT,10.42,1.183,-0.114,up
vol1,BE50.LFT,BE50,be50,R. Cooney,clean,clean,,,101700,JG00571.DAT,12.06,1.202,-0.114,up
vol1,BE50.LFT,BE50,be50,R. Cooney,clean,clean,,,101700,JG00571.DAT,13.5,1.187,-0.114,up
vol1,BE50.LFT,BE50,be50,R. Cooney,clean,clean,,,101700,JG00571.DAT,14.77,1.08,-0.114,up
vol1,BE50.LFT,BE50,be50,R. Cooney,clean,clean,,,101700,JG00571.DAT,16.34,1.042,-0.114,up
vol1,BE50.LFT,BE50,be50,R. Cooney,clean,clean,,,101700,JG00571.DAT,17.87,1.015,-0.114,up
vol1,BE50.LFT,BE50,be50,R. Cooney,clean,clean,,,101700,JG00571.DAT,19.51,0.99,-0.114,up
vol1,BE50.LFT,BE50,be50,R. Cooney,clean,clean,,,101700,JG00571.DAT,17.33,1.012,-0.114,down
vol1,BE50.LFT,BE50,be50,R. Cooney,clean,clean,,,101700,JG00571.DAT,16.0,1.047,-0.114,down
vol1,BE50.LFT,BE50,be50,R. Cooney,clean,clean,,,101700,JG00571.DAT,14.55,1.112,-0.114,down
vol1,BE50.LFT,BE50,be50,R. Cooney,clean,clean,,,101700,JG00571.DAT,13.1,1.181,-0.114,down
vol1,BE50.LFT,BE50,be50,R. Cooney,clean,clean,,,101700,JG00571.DAT,11.57,1.188,-0.114,down
vol1,BE50.LFT,BE50,be50,R. Cooney,clean,clean,,,101700,JG00571.DAT,10.02,1.161,-0.114,down
vol1,BE50.LFT,BE50,be50,R. Cooney,clean,clean,,,101700,JG00571.DAT,8.61,1.063,-0.114,down
vol1,BE50.LFT,BE50,be50,R. Cooney,clean,clean,,,101700,JG00571.DAT,6.97,0.929,-0.114,down
vol1,BE50.LFT,BE50,be50,R. Cooney,clean,clean,,,101700,JG00571.DAT,5.4,0.797,-0.114,down
vol1,BE50.LFT,BE50,be50,R. Cooney,clean,clean,,,101700,JG00571.DAT,4.0,0.673,-0.114,down
vol1,BE50.LFT,BE50,be50,R. Cooney,clean,clean,,,101700,JG00571.DAT,2.5,0.539,-0.114,down
vol1,BE50.LFT,BE50,be50,R. Cooney,clean,clean,,,101700,JG00571.DAT,0.81,0.371,-0.114,down
vol1,BE50.LFT,BE50,be50,R. Cooney,clean,clean,,,101700,JG00571.DAT,-0.69,0.166,-0.114,down
vol1,BE50.LFT,BE50,be50,R. Cooney,clean,clean,,,101700,JG00571.DAT,-2.19,-0.016,-0.114,down
vol1,BE50.LFT,BE50,be50,R. Cooney,clean,clean,,,101700,JG00571.DAT,-3.71,-0.141,-0.114,down
vol1,BE50.LFT,BE50,be50,R. Cooney,clean,clean,,,101700,JG00571.DAT,-5.29,-0.329,-0.114,down
vol1,BE50.LFT,BE50,be50,R. Cooney,clean,clean,,,202800,JG00573.DAT,-5.37,-0.351,-0.114,up
vol1,BE50.LFT,BE50,be50,R. Cooney,clean,clean,,,202800,JG00573.DAT,-3.31,-0.097,-0.114,up
vol1,BE50.LFT,BE50,be50,R. Cooney,clean,clean,,,202800,JG00573.DAT,-1.77,0.105,-0.114,up
vol1,BE50.LFT,BE50,be50,R. Cooney,clean,clean,,,202800,JG00573.DAT,-0.32,0.265,-0.114,up
vol1,BE50.LFT,BE50,be50,R. Cooney,clean,clean,,,202800,JG00573.DAT,1.27,0.431,-0.114,up
vol1,BE50.LFT,BE50,be50,R. Cooney,clean,clean,,,202800,JG00573.DAT,2.73,0.579,-0.114,up
vol1,BE50.LFT,BE50,be50,R. Cooney,clean,clean,,,202800,JG00573.DAT,4.41,0.742,-0.114,up
vol1,BE50.LFT,BE50,be50,R. Cooney,clean,clean,,,202800,JG00573.DAT,5.77,0.87,-0.114,up
vol1,BE50.LFT,BE50,be50,R. Cooney,clean,clean,,,202800,JG00573.DAT,7.55,1.023,-0.114,up
vol1,BE50.LFT,BE50,be50,R. Cooney,clean,clean,,,202800,JG00573.DAT,8.79,1.117,-0.114,up
vol1,BE50.LFT,BE50,be50,R. Cooney,clean,clean,,,202800,JG00573.DAT,10.35,1.197,-0.114,up
vol1,BE50.LFT,BE50,be50,R. Cooney,clean,clean,,,202800,JG00573.DAT,11.9,1.217,-0.114,up
vol1,BE50.LFT,BE50,be50,R. Cooney,clean,clean,,,202800,JG00573.DAT,13.4,1.186,-0.114,up
vol1,BE50.LFT,BE50,be50,R. Cooney,clean,clean,,,202800,JG00573.DAT,14.8,1.196,-0.114,up
vol1,BE50.LFT,BE50,be50,R. Cooney,clean,clean,,,202800,JG00573.DAT,16.23,1.083,-0.114,up
vol1,BE50.LFT,BE50,be50,R. Cooney,clean,clean,,,202800,JG00573.DAT,17.81,1.03,-0.114,up
vol1,BE50.LFT,BE50,be50,R. Cooney,clean,clean,,,202800,JG00573.DAT,19.21,0.989,-0.114,up
vol1,BE50.LFT,BE50,be50,R. Cooney,clean,clean,,,202800,JG00573.DAT,17.17,1.049,-0.114,down
vol1,BE50.LFT,BE50,be50,R. Cooney,clean,clean,,,202800,JG00573.DAT,15.85,1.105,-0.114,down
vol1,BE50.LFT,BE50,be50,R. Cooney,clean,clean,,,202800,JG00573.DAT,14.52,1.154,-0.114,down
vol1,BE50.LFT,BE50,be50,R. Cooney,clean,clean,,,202800,JG00573.DAT,13.13,1.192,-0.114,down
vol1,BE50.LFT,BE50,be50,R. Cooney,clean,clean,,,202800,JG00573.DAT,11.65,1.216,-0.114,down
vol1,BE50.LFT,BE50,be50,R. Cooney,clean,clean,,,202800,JG00573.DAT,9.92,1.175,-0.114,down
vol1,BE50.LFT,BE50,be50,R. Cooney,clean,clean,,,202800,JG00573.DAT,8.57,1.096,-0.114,down
vol1,BE50.LFT,BE50,be50,R. Cooney,clean,clean,,,202800,JG00573.DAT,6.95,0.96,-0.114,down
vol1,BE50.LFT,BE50,be50,R. Cooney,clean,clean,,,202800,JG00573.DAT,5.34,0.816,-0.114,down
vol1,BE50.LFT,BE50,be50,R. Cooney,clean,clean,,,202800,JG00573.DAT,4.02,0.69,-0.114,down
vol1,BE50.LFT,BE50,be50,R. Cooney,clean,clean,,,202800,JG00573.DAT,2.19,0.508,-0.114,down
vol1,BE50.LFT,BE50,be50,R. Cooney,clean,clean,,,202800,JG00573.DAT,0.59,0.347,-0.114,down
vol1,BE50.LFT,BE50,be50,R. Cooney,clean,clean,,,202800,JG00573.DAT,-0.97,0.182,-0.114,down
vol1,BE50.LFT,BE50,be50,R. Cooney,clean,clean,,,202800,JG00573.DAT,-2.39,0.013,-0.114,down
vol1,BE50.LFT,BE50,be50,R. Cooney,clean,clean,,,202800,JG00573.DAT,-3.83,-0.156,-0.114,down
vol1,BE50.LFT,BE50,be50,R. Cooney,clean,clean,,,202800,JG00573.DAT,-5.27,-0.348,-0.114,down
vol1,BE50.LFT,BE50,be50,R. Cooney,clean,clean,,,303900,JG00575.DAT,-5.04,-0.301,-0.114,up
vol1,BE50.LFT,BE50,be50,R. Cooney,clean,clean,,,303900,JG00575.DAT,-3.5,-0.087,-0.114,up
vol1,BE50.LFT,BE50,be50,R. Cooney,clean,clean,,,303900,JG00575.DAT,-2.11,0.082,-0.114,up
vol1,BE50.LFT,BE50,be50,R. Cooney,clean,clean,,,303900,JG00575.DAT,-0.35,0.26,-0.114,up
vol1,BE50.LFT,BE50,be50,R. Cooney,clean,clean,,,303900,JG00575.DAT,1.2,0.421,-0.114,up
vol1,BE50.LFT,BE50,be50,R. Cooney,clean,clean,,,303900,JG00575.DAT,2.95,0.597,-0.114,up
vol1,BE50.LFT,BE50,be50,R. Cooney,clean,clean,,,303900,JG00575.DAT,4.42,0.739,-0.114,up
vol1,BE50.LFT,BE50,be50,R. Cooney,clean,clean,,,303900,JG00575.DAT,6.17,0.907,-0.114,up
vol1,BE50.LFT,BE50,be50,R. Cooney,clean,clean,,,303900,JG00575.DAT,7.67,1.043,-0.114,up
vol1,BE50.LFT,BE50,be50,R. Cooney,clean,clean,,,303900,JG00575.DAT,9.27,1.155,-0.114,up
vol1,BE50.LFT,BE50,be50,R. Cooney,clean,clean,,,303900,JG00575.DAT,10.55,1.219,-0.114,up
vol1,BE50.LFT,BE50,be50,R. Cooney,clean,clean,,,303900,JG00575.DAT,11.88,1.233,-0.114,up
vol1,BE50.LFT,BE50,be50,R. Cooney,clean,clean,,,303900,JG00575.DAT,13.45,1.193,-0.114,up
vol1,BE50.LFT,BE50,be50,R. Cooney,clean,clean,,,303900,JG00575.DAT,14.9,1.17,-0.114,up
vol1,BE50.LFT,BE50,be50,R. Cooney,clean,clean,,,303900,JG00575.DAT,16.04,1.15,-0.114,up
vol1,BE50.LFT,BE50,be50,R. Cooney,clean,clean,,,303900,JG00575.DAT,17.64,1.049,-0.114,up
vol1,BE50.LFT,BE50,be50,R. Cooney,clean,clean,,,303900,JG00575.DAT,19.11,0.984,-0.114,up
vol1,BE50.LFT,BE50,be50,R. Cooney,clean,clean,,,303900,JG00575.DAT,17.63,1.059,-0.114,down
vol1,BE50.LFT,BE50,be50,R. Cooney,clean,clean,,,303900,JG00575.DAT,16.14,1.124,-0.114,down
vol1,BE50.LFT,BE50,be50,R. Cooney,clean,clean,,,303900,JG00575.DAT,14.84,1.161,-0.114,down
vol1,BE50.LFT,BE50,be50,R. Cooney,clean,clean,,,303900,JG00575.DAT,12.84,1.207,-0.114,down
vol1,BE50.LFT,BE50,be50,R. Cooney,clean,clean,,,303900,JG00575.DAT,11.63,1.231,-0.114,down
vol1,BE50.LFT,BE50,be50,R. Cooney,clean,clean,,,303900,JG00575.DAT,9.96,1.189,-0.114,down
vol1,BE50.LFT,BE50,be50,R. Cooney,clean,clean,,,303900,JG00575.DAT,8.49,1.099,-0.114,down
vol1,BE50.LFT,BE50,be50,R. Cooney,clean,clean,,,303900,JG00575.DAT,7.01,0.979,-0.114,down
vol1,BE50.LFT,BE50,be50,R. Cooney,clean,clean,,,303900,JG00575.DAT,5.3,0.82,-0.114,down
vol1,BE50.LFT,BE50,be50,R. Cooney,clean,clean,,,303900,JG00575.DAT,3.63,0.654,-0.114,down
vol1,BE50.LFT,BE50,be50,R. Cooney,clean,clean,,,303900,JG00575.DAT,2.0,0.491,-0.114,down
vol1,BE50.LFT,BE50,be50,R. Cooney,clean,clean,,,303900,JG00575.DAT,0.56,0.336,-0.114,down
vol1,BE50.LFT,BE50,be50,R. Cooney,clean,clean,,,303900,JG00575.DAT,-0.83,0.201,-0.114,down
vol1,BE50.LFT,BE50,be50,R. Cooney,clean,clean,,,303900,JG00575.DAT,-2.33,0.045,-0.114,down
vol1,BE50.LFT,BE50,be50,R. Cooney,clean,clean,,,303900,JG00575.DAT,-3.82,-0.137,-0.114,down
vol1,BE50.LFT,BE50,be50,R. Cooney,clean,clean,,,303900,JG00575.DAT,-5.43,-0.363,-0.114,down
vol1,E374B.LFT,E374 (B),e374,M. Bame,clean,clean,,,61300,JG00361.DAT,-6.58,-0.407,-0.042,up
vol1,E374B.LFT,E374 (B),e374,M. Bame,clean,clean,,,61300,JG00361.DAT,-5.25,-0.348,-0.042,up
vol1,E374B.LFT,E374 (B),e374,M. Bame,clean,clean,,,61300,JG00361.DAT,-4.17,-0.282,-0.042,up
vol1,E374B.LFT,E374 (B),e374,M. Bame,clean,clean,,,61300,JG00361.DAT,-3.14,-0.209,-0.042,up
vol1,E374B.LFT,E374 (B),e374,M. Bame,clean,clean,,,61300,JG00361.DAT,-2.29,-0.12,-0.042,up
vol1,E374B.LFT,E374 (B),e374,M. Bame,clean,clean,,,61300,JG00361.DAT,-1.25,0.014,-0.042,up
vol1,E374B.LFT,E374 (B),e374,M. Bame,clean,clean,,,61300,JG00361.DAT,-0.22,0.15,-0.042,up
vol1,E374B.LFT,E374 (B),e374,M. Bame,clean,clean,,,61300,JG00361.DAT,1.0,0.284,-0.042,up
vol1,E374B.LFT,E374 (B),e374,M. Bame,clean,clean,,,61300,JG00361.DAT,1.82,0.347,-0.042,up
vol1,E374B.LFT,E374 (B),e374,M. Bame,clean,clean,,,61300,JG00361.DAT,2.86,0.427,-0.042,up
vol1,E374B.LFT,E374 (B),e374,M. Bame,clean,clean,,,61300,JG00361.DAT,3.89,0.544,-0.042,up
vol1,E374B.LFT,E374 (B),e374,M. Bame,clean,clean,,,61300,JG00361.DAT,4.92,0.697,-0.042,up
vol1,E374B.LFT,E374 (B),e374,M. Bame,clean,clean,,,61300,JG00361.DAT,5.97,0.793,-0.042,up
vol1,E374B.LFT,E374 (B),e374,M. Bame,clean,clean,,,61300,JG00361.DAT,7.01,0.881,-0.042,up
vol1,E374B.LFT,E374 (B),e374,M. Bame,clean,clean,,,61300,JG00361.DAT,8.06,0.96,-0.042,up
vol1,E374B.LFT,E374 (B),e374,M. Bame,clean,clean,,,61300,JG00361.DAT,9.1,0.983,-0.042,up
vol1,E374B.LFT,E374 (B),e374,M. Bame,clean,clean,,,61300,JG00361.DAT,10.08,1.036,-0.042,up
vol1,E374B.LFT,E374 (B),e374,M. Bame,clean,clean,,,61300,JG00361.DAT,11.14,1.056,-0.042,up
vol1,E374B.LFT,E374 (B),e374,M. Bame,clean,clean,,,61300,JG00361.DAT,12.04,1.062,-0.042,up
vol1,E374B.LFT,E374 (B),e374,M. Bame,clean,clean,,,61300,JG00361.DAT,13.1,1.057,-0.042,up
vol1,E374B.LFT,E374 (B),e374,M. Bame,clean,clean,,,61300,JG00361.DAT,14.02,1.079,-0.042,up
vol1,E374B.LFT,E374 (B),e374,M. Bame,clean,clean,,,61300,JG00361.DAT,15.13,1.041,-0.042,up
vol1,E374B.LFT,E374 (B),e374,M. Bame,clean,clean,,,61300,JG00361.DAT,16.14,0.946,-0.042,up
vol1,E374B.LFT,E374 (B),e374,M. Bame,clean,clean,,,61300,JG00361.DAT,17.13,0.909,-0.042,up
vol1,E374B.LFT,E374 (B),e374,M. Bame,clean,clean,,,61300,JG00361.DAT,18.16,0.925,-0.042,up
vol1,E374B.LFT,E374 (B),e374,M. Bame,clean,clean,,,61300,JG00361.DAT,16.93,0.887,-0.042,down
vol1,E374B.LFT,E374 (B),e374,M. Bame,clean,clean,,,61300,JG00361.DAT,15.9,0.982,-0.042,down
vol1,E374B.LFT,E374 (B),e374,M. Bame,clean,clean,,,61300,JG00361.DAT,14.97,1.026,-0.042,down
vol1,E374B.LFT,E374 (B),e374,M. Bame,clean,clean,,,61300,JG00361.DAT,14.0,1.067,-0.042,down
vol1,E374B.LFT,E374 (B),e374,M. Bame,clean,clean,,,61300,JG00361.DAT,12.97,1.054,-0.042,down
vol1,E374B.LFT,E374 (B),e374,M. Bame,clean,clean,,,61300,JG00361.DAT,11.9,1.071,-0.042,down
vol1,E374B.LFT,E374 (B),e374,M. Bame,clean,clean,,,61300,JG00361.DAT,10.94,1.048,-0.042,down
vol1,E374B.LFT,E374 (B),e374,M. Bame,clean,clean,,,61300,JG00361.DAT,9.9,1.008,-0.042,down
vol1,E374B.LFT,E374 (B),e374,M. Bame,clean,clean,,,61300,JG00361.DAT,8.91,0.976,-0.042,down
vol1,E374B.LFT,E374 (B),e374,M. Bame,clean,clean,,,61300,JG00361.DAT,7.91,0.951,-0.042,down
vol1,E374B.LFT,E374 (B),e374,M. Bame,clean,clean,,,61300,JG00361.DAT,6.92,0.875,-0.042,down
vol1,E374B.LFT,E374 (B),e374,M. Bame,clean,clean,,,61300,JG00361.DAT,5.86,0.783,-0.042,down
vol1,E374B.LFT,E374 (B),e374,M. Bame,clean,clean,,,61300,JG00361.DAT,4.88,0.686,-0.042,down
vol1,E374B.LFT,E374 (B),e374,M. Bame,clean,clean,,,61300,JG00361.DAT,3.82,0.551,-0.042,down
vol1,E374B.LFT,E374 (B),e374,M. Bame,clean,clean,,,61300,JG00361.DAT,2.81,0.432,-0.042,down
vol1,E374B.LFT,E374 (B),e374,M. Bame,clean,clean,,,61300,JG00361.DAT,1.76,0.354,-0.042,down
vol1,E374B.LFT,E374 (B),e374,M. Bame,clean,clean,,,61300,JG00361.DAT,0.71,0.254,-0.042,down
vol1,E374B.LFT,E374 (B),e374,M. Bame,clean,clean,,,61300,JG00361.DAT,-0.26,0.142,-0.042,down
vol1,E374B.LFT,E374 (B),e374,M. Bame,clean,clean,,,61300,JG00361.DAT,-1.3,-0.006,-0.042,down
vol1,E374B.LFT,E374 (B),e374,M. Bame,clean,clean,,,61300,JG00361.DAT,-2.33,-0.122,-0.042,down
vol1,E374B.LFT,E374 (B),e374,M. Bame,clean,clean,,,61300,JG00361.DAT,-3.34,-0.216,-0.042,down
vol1,E374B.LFT,E374 (B),e374,M. Bame,clean,clean,,,61300,JG00361.DAT,-4.36,-0.29,-0.042,down
vol1,E374B.LFT,E374 (B),e374,M. Bame,clean,clean,,,61300,JG00361.DAT,-5.38,-0.349,-0.042,down
vol1,E374B.LFT,E374 (B),e374,M. Bame,clean,clean,,,61300,JG00361.DAT,-6.45,-0.402,-0.042,down
vol1,E374B.LFT,E374 (B),e374,M. Bame,clean,clean,,,102100,JG00363.DAT,-6.36,-0.418,-0.042,up
vol1,E374B.LFT,E374 (B),e374,M. Bame,clean,clean,,,102100,JG00363.DAT,-5.21,-0.362,-0.042,up
vol1,E374B.LFT,E374 (B),e374,M. Bame,clean,clean,,,102100,JG00363.DAT,-4.2,-0.251,-0.042,up
vol1,E374B.LFT,E374 (B),e374,M. Bame,clean,clean,,,102100,JG00363.DAT,-3.17,-0.128,-0.042,up
vol1,E374B.LFT,E374 (B),e374,M. Bame,clean,clean,,,102100,JG00363.DAT,-2.24,0.022,-0.042,up
vol1,E374B.LFT,E374 (B),e374,M. Bame,clean,clean,,,102100,JG00363.DAT,-1.23,0.156,-0.042,up
vol1,E374B.LFT,E374 (B),e374,M. Bame,clean,clean,,,102100,JG00363.DAT,-0.14,0.261,-0.042,up
vol1,E374B.LFT,E374 (B),e374,M. Bame,clean,clean,,,102100,JG00363.DAT,0.85,0.332,-0.042,up
vol1,E374B.LFT,E374 (B),e374,M. Bame,clean,clean,,,102100,JG00363.DAT,1.85,0.411,-0.042,up
vol1,E374B.LFT,E374 (B),e374,M. Bame,clean,clean,,,102100,JG00363.DAT,2.84,0.501,-0.042,up
vol1,E374B.LFT,E374 (B),e374,M. Bame,clean,clean,,,102100,JG00363.DAT,3.89,0.602,-0.042,up
vol1,E374B.LFT,E374 (B),e374,M. Bame,clean,clean,,,102100,JG00363.DAT,5.01,0.71,-0.042,up
vol1,E374B.LFT,E374 (B),e374,M. Bame,clean,clean,,,102100,JG00363.DAT,6.02,0.805,-0.042,up
vol1,E374B.LFT,E374 (B),e374,M. Bame,clean,clean,,,102100,JG00363.DAT,7.01,0.895,-0.042,up
vol1,E374B.LFT,E374 (B),e374,M. Bame,clean,clean,,,102100,JG00363.DAT,8.03,0.939,-0.042,up
vol1,E374B.LFT,E374 (B),e374,M. Bame,clean,clean,,,102100,JG00363.DAT,9.13,0.975,-0.042,up
vol1,E374B.LFT,E374 (B),e374,M. Bame,clean,clean,,,102100,JG00363.DAT,10.03,1.01,-0.042,up
vol1,E374B.LFT,E374 (B),e374,M. Bame,clean,clean,,,102100,JG00363.DAT,11.0,1.037,-0.042,up
vol1,E374B.LFT,E374 (B),e374,M. Bame,clean,clean,,,102100,JG00363.DAT,12.07,1.052,-0.042,up
vol1,E374B.LFT,E374 (B),e374,M. Bame,clean,clean,,,102100,JG00363.DAT,12.98,1.031,-0.042,up
vol1,E374B.LFT,E374 (B),e374,M. Bame,clean,clean,,,102100,JG00363.DAT,14.08,1.011,-0.042,up
vol1,E374B.LFT,E374 (B),e374,M. Bame,clean,clean,,,102100,JG00363.DAT,15.03,0.914,-0.042,up
vol1,E374B.LFT,E374 (B),e374,M. Bame,clean,clean,,,102100,JG00363.DAT,16.12,0.889,-0.042,up
vol1,E374B.LFT,E374 (B),e374,M. Bame,clean,clean,,,102100,JG00363.DAT,17.12,0.868,-0.042,up
vol1,E374B.LFT,E374 (B),e374,M. Bame,clean,clean,,,102100,JG00363.DAT,18.1,0.864,-0.042,up
vol1,E374B.LFT,E374 (B),e374,M. Bame,clean,clean,,,102100,JG00363.DAT,16.92,0.871,-0.042,down
vol1,E374B.LFT,E374 (B),e374,M. Bame,clean,clean,,,102100,JG00363.DAT,15.85,0.887,-0.042,down
vol1,E374B.LFT,E374 (B),e374,M. Bame,clean,clean,,,102100,JG00363.DAT,14.94,0.915,-0.042,down
vol1,E374B.LFT,E374 (B),e374,M. Bame,clean,clean,,,102100,JG00363.DAT,13.98,1.028,-0.042,down
vol1,E374B.LFT,E374 (B),e374,M. Bame,clean,clean,,,102100,JG00363.DAT,12.95,1.044,-0.042,down
vol1,E374B.LFT,E374 (B),e374,M. Bame,clean,clean,,,102100,JG00363.DAT,11.9,1.036,-0.042,down
vol1,E374B.LFT,E374 (B),e374,M. Bame,clean,clean,,,102100,JG00363.DAT,10.91,1.024,-0.042,down
vol1,E374B.LFT,E374 (B),e374,M. Bame,clean,clean,,,102100,JG00363.DAT,9.96,0.994,-0.042,down
vol1,E374B.LFT,E374 (B),e374,M. Bame,clean,clean,,,102100,JG00363.DAT,8.89,0.953,-0.042,down
vol1,E374B.LFT,E374 (B),e374,M. Bame,clean,clean,,,102100,JG00363.DAT,7.95,0.925,-0.042,down
vol1,E374B.LFT,E374 (B),e374,M. Bame,clean,clean,,,102100,JG00363.DAT,6.91,0.875,-0.042,down
vol1,E374B.LFT,E374 (B),e374,M. Bame,clean,clean,,,102100,JG00363.DAT,5.91,0.784,-0.042,down
vol1,E374B.LFT,E374 (B),e374,M. Bame,clean,clean,,,102100,JG00363.DAT,4.86,0.681,-0.042,down
vol1,E374B.LFT,E374 (B),e374,M. Bame,clean,clean,,,102100,JG00363.DAT,3.88,0.586,-0.042,down
vol1,E374B.LFT,E374 (B),e374,M. Bame,clean,clean,,,102100,JG00363.DAT,2.8,0.481,-0.042,down
vol1,E374B.LFT,E374 (B),e374,M. Bame,clean,clean,,,102100,JG00363.DAT,1.8,0.395,-0.042,down
vol1,E374B.LFT,E374 (B),e374,M. Bame,clean,clean,,,102100,JG00363.DAT,0.81,0.313,-0.042,down
vol1,E374B.LFT,E374 (B),e374,M. Bame,clean,clean,,,102100,JG00363.DAT,-0.26,0.235,-0.042,down
vol1,E374B.LFT,E374 (B),e374,M. Bame,clean,clean,,,102100,JG00363.DAT,-1.26,0.139,-0.042,down
vol1,E374B.LFT,E374 (B),e374,M. Bame,clean,clean,,,102100,JG00363.DAT,-2.34,-0.007,-0.042,down
vol1,E374B.LFT,E374 (B),e374,M. Bame,clean,clean,,,102100,JG00363.DAT,-3.39,-0.154,-0.042,down
vol1,E374B.LFT,E374 (B),e374,M. Bame,clean,clean,,,102100,JG00363.DAT,-4.38,-0.278,-0.042,down
vol1,E374B.LFT,E374 (B),e374,M. Bame,clean,clean,,,102100,JG00363.DAT,-5.47,-0.382,-0.042,down
vol1,E374B.LFT,E374 (B),e374,M. Bame,clean,clean,,,102100,JG00363.DAT,-6.44,-0.425,-0.042,down
vol1,E374B.LFT,E374 (B),e374,M. Bame,clean,clean,,,152900,AB00501.DAT,-6.53,-0.461,-0.042,up
vol1,E374B.LFT,E374 (B),e374,M. Bame,clean,clean,,,152900,AB00501.DAT,-5.31,-0.37,-0.042,up
vol1,E374B.LFT,E374 (B),e374,M. Bame,clean,clean,,,152900,AB00501.DAT,-4.32,-0.225,-0.042,up
vol1,E374B.LFT,E374 (B),e374,M. Bame,clean,clean,,,152900,AB00501.DAT,-3.14,-0.09,-0.042,up
vol1,E374B.LFT,E374 (B),e374,M. Bame,clean,clean,,,152900,AB00501.DAT,-2.19,-0.024,-0.042,up
vol1,E374B.LFT,E374 (B),e374,M. Bame,clean,clean,,,152900,AB00501.DAT,-1.12,0.084,-0.042,up
vol1,E374B.LFT,E374 (B),e374,M. Bame,clean,clean,,,152900,AB00501.DAT,-0.22,0.236,-0.042,up
vol1,E374B.LFT,E374 (B),e374,M. Bame,clean,clean,,,152900,AB00501.DAT,0.82,0.327,-0.042,up
vol1,E374B.LFT,E374 (B),e374,M. Bame,clean,clean,,,152900,AB00501.DAT,1.85,0.418,-0.042,up
vol1,E374B.LFT,E374 (B),e374,M. Bame,clean,clean,,,152900,AB00501.DAT,2.89,0.514,-0.042,up
vol1,E374B.LFT,E374 (B),e374,M. Bame,clean,clean,,,152900,AB00501.DAT,3.98,0.619,-0.042,up
vol1,E374B.LFT,E374 (B),e374,M. Bame,clean,clean,,,152900,AB00501.DAT,4.92,0.713,-0.042,up
vol1,E374B.LFT,E374 (B),e374,M. Bame,clean,clean,,,152900,AB00501.DAT,5.95,0.809,-0.042,up
vol1,E374B.LFT,E374 (B),e374,M. Bame,clean,clean,,,152900,AB00501.DAT,7.05,0.902,-0.042,up
vol1,E374B.LFT,E374 (B),e374,M. Bame,clean,clean,,,152900,AB00501.DAT,8.0,0.938,-0.042,up
vol1,E374B.LFT,E374 (B),e374,M. Bame,clean,clean,,,152900,AB00501.DAT,9.0,0.976,-0.042,up
vol1,E374B.LFT,E374 (B),e374,M. Bame,clean,clean,,,152900,AB00501.DAT,10.02,1.009,-0.042,up
vol1,E374B.LFT,E374 (B),e374,M. Bame,clean,clean,,,152900,AB00501.DAT,10.98,1.036,-0.042,up
vol1,E374B.LFT,E374 (B),e374,M. Bame,clean,clean,,,152900,AB00501.DAT,12.0,1.049,-0.042,up
vol1,E374B.LFT,E374 (B),e374,M. Bame,clean,clean,,,152900,AB00501.DAT,13.03,1.072,-0.042,up
vol1,E374B.LFT,E374 (B),e374,M. Bame,clean,clean,,,152900,AB00501.DAT,14.11,1.038,-0.042,up
vol1,E374B.LFT,E374 (B),e374,M. Bame,clean,clean,,,152900,AB00501.DAT,15.05,0.932,-0.042,up
vol1,E374B.LFT,E374 (B),e374,M. Bame,clean,clean,,,152900,AB00501.DAT,15.98,0.895,-0.042,up
vol1,E374B.LFT,E374 (B),e374,M. Bame,clean,clean,,,152900,AB00501.DAT,17.0,0.887,-0.042,up
vol1,E374B.LFT,E374 (B),e374,M. Bame,clean,clean,,,152900,AB00501.DAT,18.04,0.879,-0.042,up
vol1,E374B.LFT,E374 (B),e374,M. Bame,clean,clean,,,152900,AB00501.DAT,19.1,0.874,-0.042,up
vol1,E374B.LFT,E374 (B),e374,M. Bame,clean,clean,,,152900,AB00501.DAT,20.13,0.897,-0.042,up
vol1,E374B.LFT,E374 (B),e374,M. Bame,clean,clean,,,152900,AB00501.DAT,18.84,0.876,-0.042,down
vol1,E374B.LFT,E374 (B),e374,M. Bame,clean,clean,,,152900,AB00501.DAT,17.84,0.864,-0.042,down
vol1,E374B.LFT,E374 (B),e374,M. Bame,clean,clean,,,152900,AB00501.DAT,16.91,0.886,-0.042,down
vol1,E374B.LFT,E374 (B),e374,M. Bame,clean,clean,,,152900,AB00501.DAT,15.89,0.918,-0.042,down
vol1,E374B.LFT,E374 (B),e374,M. Bame,clean,clean,,,152900,AB00501.DAT,14.92,0.931,-0.042,down
vol1,E374B.LFT,E374 (B),e374,M. Bame,clean,clean,,,152900,AB00501.DAT,13.94,1.034,-0.042,down
vol1,E374B.LFT,E374 (B),e374,M. Bame,clean,clean,,,152900,AB00501.DAT,12.97,1.082,-0.042,down
vol1,E374B.LFT,E374 (B),e374,M. Bame,clean,clean,,,152900,AB00501.DAT,11.94,1.05,-0.042,down
vol1,E374B.LFT,E374 (B),e374,M. Bame,clean,clean,,,152900,AB00501.DAT,10.91,1.033,-0.042,down
vol1,E374B.LFT,E374 (B),e374,M. Bame,clean,clean,,,152900,AB00501.DAT,9.98,1.007,-0.042,down
vol1,E374B.LFT,E374 (B),e374,M. Bame,clean,clean,,,152900,AB00501.DAT,8.91,0.967,-0.042,down
vol1,E374B.LFT,E374 (B),e374,M. Bame,clean,clean,,,152900,AB00501.DAT,7.92,0.93,-0.042,down
vol1,E374B.LFT,E374 (B),e374,M. Bame,clean,clean,,,152900,AB00501.DAT,6.95,0.887,-0.042,down
vol1,E374B.LFT,E374 (B),e374,M. Bame,clean,clean,,,152900,AB00501.DAT,5.87,0.79,-0.042,down
vol1,E374B.LFT,E374 (B),e374,M. Bame,clean,clean,,,152900,AB00501.DAT,4.82,0.692,-0.042,down
vol1,E374B.LFT,E374 (B),e374,M. Bame,clean,clean,,,152900,AB00501.DAT,3.76,0.587,-0.042,down
vol1,E374B.LFT,E374 (B),e374,M. Bame,clean,clean,,,152900,AB00501.DAT,2.82,0.495,-0.042,down
vol1,E374B.LFT,E374 (B),e374,M. Bame,clean,clean,,,152900,AB00501.DAT,1.77,0.399,-0.042,down
vol1,E374B.LFT,E374 (B),e374,M. Bame,clean,clean,,,152900,AB00501.DAT,0.71,0.308,-0.042,down
vol1,E374B.LFT,E374 (B),e374,M. Bame,clean,clean,,,152900,AB00501.DAT,-0.28,0.221,-0.042,down
vol1,E374B.LFT,E374 (B),e374,M. Bame,clean,clean,,,152900,AB00501.DAT,-1.37,0.04,-0.042,down
vol1,E374B.LFT,E374 (B),e374,M. Bame,clean,clean,,,152900,AB00501.DAT,-2.32,-0.043,-0.042,down
vol1,E374B.LFT,E374 (B),e374,M. Bame,clean,clean,,,152900,AB00501.DAT,-3.45,-0.13,-0.042,down
vol1,E374B.LFT,E374 (B),e374,M. Bame,clean,clean,,,152900,AB00501.DAT,-4.35,-0.241,-0.042,down
vol1,E374B.LFT,E374 (B),e374,M. Bame,clean,clean,,,152900,AB00501.DAT,-5.5,-0.397,-0.042,down
vol1,E374B.LFT,E374 (B),e374,M. Bame,clean,clean,,,152900,AB00501.DAT,-6.47,-0.462,-0.042,down
vol1,E374B.LFT,E374 (B),e374,M. Bame,clean,clean,,,203500,JG00359.DAT,-6.15,-0.385,-0.042,up
vol1,E374B.LFT,E374 (B),e374,M. Bame,clean,clean,,,203500,JG00359.DAT,-5.3,-0.268,-0.042,up
vol1,E374B.LFT,E374 (B),e374,M. Bame,clean,clean,,,203500,JG00359.DAT,-3.99,-0.135,-0.042,up
vol1,E374B.LFT,E374 (B),e374,M. Bame,clean,clean,,,203500,JG00359.DAT,-3.06,-0.066,-0.042,up
vol1,E374B.LFT,E374 (B),e374,M. Bame,clean,clean,,,203500,JG00359.DAT,-2.14,0.002,-0.042,up
vol1,E374B.LFT,E374 (B),e374,M. Bame,clean,clean,,,203500,JG00359.DAT,-1.12,0.097,-0.042,up
vol1,E374B.LFT,E374 (B),e374,M. Bame,clean,clean,,,203500,JG00359.DAT,-0.22,0.248,-0.042,up
vol1,E374B.LFT,E374 (B),e374,M. Bame,clean,clean,,,203500,JG00359.DAT,0.89,0.349,-0.042,up
vol1,E374B.LFT,E374 (B),e374,M. Bame,clean,clean,,,203500,JG00359.DAT,1.99,0.448,-0.042,up
vol1,E374B.LFT,E374 (B),e374,M. Bame,clean,clean,,,203500,JG00359.DAT,2.89,0.533,-0.042,up
vol1,E374B.LFT,E374 (B),e374,M. Bame,clean,clean,,,203500,JG00359.DAT,3.94,0.634,-0.042,up
vol1,E374B.LFT,E374 (B),e374,M. Bame,clean,clean,,,203500,JG00359.DAT,4.98,0.735,-0.042,up
vol1,E374B.LFT,E374 (B),e374,M. Bame,clean,clean,,,203500,JG00359.DAT,5.99,0.827,-0.042,up
vol1,E374B.LFT,E374 (B),e374,M. Bame,clean,clean,,,203500,JG00359.DAT,6.95,0.898,-0.042,up
vol1,E374B.LFT,E374 (B),e374,M. Bame,clean,clean,,,203500,JG00359.DAT,8.02,0.94,-0.042,up
vol1,E374B.LFT,E374 (B),e374,M. Bame,clean,clean,,,203500,JG00359.DAT,9.06,0.983,-0.042,up
vol1,E374B.LFT,E374 (B),e374,M. Bame,clean,clean,,,203500,JG00359.DAT,9.99,1.017,-0.042,up
vol1,E374B.LFT,E374 (B),e374,M. Bame,clean,clean,,,203500,JG00359.DAT,11.06,1.041,-0.042,up
vol1,E374B.LFT,E374 (B),e374,M. Bame,clean,clean,,,203500,JG00359.DAT,11.99,1.058,-0.042,up
vol1,E374B.LFT,E374 (B),e374,M. Bame,clean,clean,,,203500,JG00359.DAT,13.05,1.084,-0.042,up
vol1,E374B.LFT,E374 (B),e374,M. Bame,clean,clean,,,203500,JG00359.DAT,14.13,1.033,-0.042,up
vol1,E374B.LFT,E374 (B),e374,M. Bame,clean,clean,,,203500,JG00359.DAT,15.12,0.938,-0.042,up
vol1,E374B.LFT,E374 (B),e374,M. Bame,clean,clean,,,203500,JG00359.DAT,15.99,0.917,-0.042,up
vol1,E374B.LFT,E374 (B),e374,M. Bame,clean,clean,,,203500,JG00359.DAT,17.06,0.891,-0.042,up
vol1,E374B.LFT,E374 (B),e374,M. Bame,clean,clean,,,203500,JG00359.DAT,18.29,0.85,-0.042,up
vol1,E374B.LFT,E374 (B),e374,M. Bame,clean,clean,,,203500,JG00359.DAT,16.76,0.907,-0.042,down
vol1,E374B.LFT,E374 (B),e374,M. Bame,clean,clean,,,203500,JG00359.DAT,15.73,0.915,-0.042,down
vol1,E374B.LFT,E374 (B),e374,M. Bame,clean,clean,,,203500,JG00359.DAT,14.82,0.984,-0.042,down
vol1,E374B.LFT,E374 (B),e374,M. Bame,clean,clean,,,203500,JG00359.DAT,13.92,1.067,-0.042,down
vol1,E374B.LFT,E374 (B),e374,M. Bame,clean,clean,,,203500,JG00359.DAT,12.88,1.083,-0.042,down
vol1,E374B.LFT,E374 (B),e374,M. Bame,clean,clean,,,203500,JG00359.DAT,11.95,1.052,-0.042,down
vol1,E374B.LFT,E374 (B),e374,M. Bame,clean,clean,,,203500,JG00359.DAT,10.96,1.033,-0.042,down
vol1,E374B.LFT,E374 (B),e374,M. Bame,clean,clean,,,203500,JG00359.DAT,9.91,1.008,-0.042,down
vol1,E374B.LFT,E374 (B),e374,M. Bame,clean,clean,,,203500,JG00359.DAT,8.89,0.969,-0.042,down
vol1,E374B.LFT,E374 (B),e374,M. Bame,clean,clean,,,203500,JG00359.DAT,7.9,0.927,-0.042,down
vol1,E374B.LFT,E374 (B),e374,M. Bame,clean,clean,,,203500,JG00359.DAT,6.86,0.885,-0.042,down
vol1,E374B.LFT,E374 (B),e374,M. Bame,clean,clean,,,203500,JG00359.DAT,5.86,0.807,-0.042,down
vol1,E374B.LFT,E374 (B),e374,M. Bame,clean,clean,,,203500,JG00359.DAT,4.86,0.714,-0.042,down
vol1,E374B.LFT,E374 (B),e374,M. Bame,clean,clean,,,203500,JG00359.DAT,3.86,0.617,-0.042,down
vol1,E374B.LFT,E374 (B),e374,M. Bame,clean,clean,,,203500,JG00359.DAT,2.83,0.519,-0.042,down
vol1,E374B.LFT,E374 (B),e374,M. Bame,clean,clean,,,203500,JG00359.DAT,1.8,0.42,-0.042,down
vol1,E374B.LFT,E374 (B),e374,M. Bame,clean,clean,,,203500,JG00359.DAT,0.71,0.321,-0.042,down
vol1,E374B.LFT,E374 (B),e374,M. Bame,clean,clean,,,203500,JG00359.DAT,-0.3,0.216,-0.042,down
vol1,E374B.LFT,E374 (B),e374,M. Bame,clean,clean,,,203500,JG00359.DAT,-1.29,0.073,-0.042,down
vol1,E374B.LFT,E374 (B),e374,M. Bame,clean,clean,,,203500,JG00359.DAT,-2.38,-0.028,-0.042,down
vol1,E374B.LFT,E374 (B),e374,M. Bame,clean,clean,,,203500,JG00359.DAT,-3.44,-0.103,-0.042,down
vol1,E374B.LFT,E374 (B),e374,M. Bame,clean,clean,,,203500,JG00359.DAT,-4.42,-0.18,-0.042,down
vol1,E374B.LFT,E374 (B),e374,M. Bame,clean,clean,,,203500,JG00359.DAT,-5.6,-0.326,-0.042,down
vol1,E374B.LFT,E374 (B),e374,M. Bame,clean,clean,,,203500,JG00359.DAT,-6.53,-0.439,-0.042,down
vol1,E374B.LFT,E374 (B),e374,M. Bame,clean,clean,,,305000,JG00062.DAT,-6.37,-0.361,-0.042,up
vol1,E374B.LFT,E374 (B),e374,M. Bame,clean,clean,,,305000,JG00062.DAT,-5.24,-0.244,-0.042,up
vol1,E374B.LFT,E374 (B),e374,M. Bame,clean,clean,,,305000,JG00062.DAT,-4.08,-0.154,-0.042,up
vol1,E374B.LFT,E374 (B),e374,M. Bame,clean,clean,,,305000,JG00062.DAT,-3.09,-0.075,-0.042,up
vol1,E374B.LFT,E374 (B),e374,M. Bame,clean,clean,,,305000,JG00062.DAT,-2.13,0.002,-0.042,up
vol1,E374B.LFT,E374 (B),e374,M. Bame,clean,clean,,,305000,JG00062.DAT,-1.02,0.093,-0.042,up
vol1,E374B.LFT,E374 (B),e374,M. Bame,clean,clean,,,305000,JG00062.DAT,-0.0,0.215,-0.042,up
vol1,E374B.LFT,E374 (B),e374,M. Bame,clean,clean,,,305000,JG00062.DAT,1.0,0.356,-0.042,up
vol1,E374B.LFT,E374 (B),e374,M. Bame,clean,clean,,,305000,JG00062.DAT,2.06,0.454,-0.042,up
vol1,E374B.LFT,E374 (B),e374,M. Bame,clean,clean,,,305000,JG00062.DAT,2.97,0.54,-0.042,up
vol1,E374B.LFT,E374 (B),e374,M. Bame,clean,clean,,,305000,JG00062.DAT,3.96,0.635,-0.042,up
vol1,E374B.LFT,E374 (B),e374,M. Bame,clean,clean,,,305000,JG00062.DAT,5.16,0.752,-0.042,up
vol1,E374B.LFT,E374 (B),e374,M. Bame,clean,clean,,,305000,JG00062.DAT,6.09,0.831,-0.042,up
vol1,E374B.LFT,E374 (B),e374,M. Bame,clean,clean,,,305000,JG00062.DAT,6.96,0.881,-0.042,up
vol1,E374B.LFT,E374 (B),e374,M. Bame,clean,clean,,,305000,JG00062.DAT,8.01,0.932,-0.042,up
vol1,E374B.LFT,E374 (B),e374,M. Bame,clean,clean,,,305000,JG00062.DAT,9.1,0.982,-0.042,up
vol1,E374B.LFT,E374 (B),e374,M. Bame,clean,clean,,,305000,JG00062.DAT,10.06,1.017,-0.042,up
vol1,E374B.LFT,E374 (B),e374,M. Bame,clean,clean,,,305000,JG00062.DAT,11.07,1.041,-0.042,up
vol1,E374B.LFT,E374 (B),e374,M. Bame,clean,clean,,,305000,JG00062.DAT,12.03,1.117,-0.042,up
vol1,E374B.LFT,E374 (B),e374,M. Bame,clean,clean,,,305000,JG00062.DAT,13.02,1.104,-0.042,up
vol1,E374B.LFT,E374 (B),e374,M. Bame,clean,clean,,,305000,JG00062.DAT,14.07,1.092,-0.042,up
vol1,E374B.LFT,E374 (B),e374,M. Bame,clean,clean,,,305000,JG00062.DAT,15.0,1.004,-0.042,up
vol1,E374B.LFT,E374 (B),e374,M. Bame,clean,clean,,,305000,JG00062.DAT,16.02,0.934,-0.042,up
vol1,E374B.LFT,E374 (B),e374,M. Bame,clean,clean,,,305000,JG00062.DAT,17.06,0.904,-0.042,up
vol1,E374B.LFT,E374 (B),e374,M. Bame,clean,clean,,,305000,JG00062.DAT,18.08,0.892,-0.042,up
vol1,E374B.LFT,E374 (B),e374,M. Bame,clean,clean,,,305000,JG00062.DAT,16.82,0.909,-0.042,down
vol1,E374B.LFT,E374 (B),e374,M. Bame,clean,clean,,,305000,JG00062.DAT,15.73,0.942,-0.042,down
vol1,E374B.LFT,E374 (B),e374,M. Bame,clean,clean,,,305000,JG00062.DAT,14.85,1.015,-0.042,down
vol1,E374B.LFT,E374 (B),e374,M. Bame,clean,clean,,,305000,JG00062.DAT,13.75,1.11,-0.042,down
vol1,E374B.LFT,E374 (B),e374,M. Bame,clean,clean,,,305000,JG00062.DAT,12.94,1.094,-0.042,down
vol1,E374B.LFT,E374 (B),e374,M. Bame,clean,clean,,,305000,JG00062.DAT,11.9,1.097,-0.042,down
vol1,E374B.LFT,E374 (B),e374,M. Bame,clean,clean,,,305000,JG00062.DAT,10.91,1.032,-0.042,down
vol1,E374B.LFT,E374 (B),e374,M. Bame,clean,clean,,,305000,JG00062.DAT,9.91,1.006,-0.042,down
vol1,E374B.LFT,E374 (B),e374,M. Bame,clean,clean,,,305000,JG00062.DAT,8.86,0.965,-0.042,down
vol1,E374B.LFT,E374 (B),e374,M. Bame,clean,clean,,,305000,JG00062.DAT,7.82,0.915,-0.042,down
vol1,E374B.LFT,E374 (B),e374,M. Bame,clean,clean,,,305000,JG00062.DAT,6.78,0.867,-0.042,down
vol1,E374B.LFT,E374 (B),e374,M. Bame,clean,clean,,,305000,JG00062.DAT,5.78,0.794,-0.042,down
vol1,E374B.LFT,E374 (B),e374,M. Bame,clean,clean,,,305000,JG00062.DAT,4.79,0.701,-0.042,down
vol1,E374B.LFT,E374 (B),e374,M. Bame,clean,clean,,,305000,JG00062.DAT,3.75,0.601,-0.042,down
vol1,E374B.LFT,E374 (B),e374,M. Bame,clean,clean,,,305000,JG00062.DAT,2.7,0.498,-0.042,down
vol1,E374B.LFT,E374 (B),e374,M. Bame,clean,clean,,,305000,JG00062.DAT,1.61,0.396,-0.042,down
vol1,E374B.LFT,E374 (B),e374,M. Bame,clean,clean,,,305000,JG00062.DAT,0.6,0.299,-0.042,down
vol1,E374B.LFT,E374 (B),e374,M. Bame,clean,clean,,,305000,JG00062.DAT,-0.41,0.138,-0.042,down
vol1,E374B.LFT,E374 (B),e374,M. Bame,clean,clean,,,305000,JG00062.DAT,-1.48,0.044,-0.042,down
vol1,E374B.LFT,E374 (B),e374,M. Bame,clean,clean,,,305000,JG00062.DAT,-2.53,-0.041,-0.042,down
vol1,E374B.LFT,E374 (B),e374,M. Bame,clean,clean,,,305000,JG00062.DAT,-3.45,-0.117,-0.042,down
vol1,E374B.LFT,E374 (B),e374,M. Bame,clean,clean,,,305000,JG00062.DAT,-4.66,-0.212,-0.042,down
vol1,E374B.LFT,E374 (B),e374,M. Bame,clean,clean,,,305000,JG00062.DAT,-5.6,-0.293,-0.042,down
vol1,E374B.LFT,E374 (B),e374,M. Bame,clean,clean,,,305000,JG00062.DAT,-6.78,-0.429,-0.042,down
vol1,E387A.LFT,E387 (A),e387,B. Champine,clean,clean,,,30100,MS00296.DAT,-6.79,-0.351,-0.085,up
vol1,E387A.LFT,E387 (A),e387,B. Champine,clean,clean,,,30100,MS00296.DAT,-6.45,-0.328,-0.085,up
vol1,E387A.LFT,E387 (A),e387,B. Champine,clean,clean,,,30100,MS00296.DAT,-5.81,-0.275,-0.085,up
vol1,E387A.LFT,E387 (A),e387,B. Champine,clean,clean,,,30100,MS00296.DAT,-5.43,-0.243,-0.085,up
vol1,E387A.LFT,E387 (A),e387,B. Champine,clean,clean,,,30100,MS00296.DAT,-4.85,-0.2,-0.085,up
vol1,E387A.LFT,E387 (A),e387,B. Champine,clean,clean,,,30100,MS00296.DAT,-4.46,-0.178,-0.085,up
vol1,E387A.LFT,E387 (A),e387,B. Champine,clean,clean,,,30100,MS00296.DAT,-3.91,-0.14,-0.085,up
vol1,E387A.LFT,E387 (A),e387,B. Champine,clean,clean,,,30100,MS00296.DAT,-3.44,-0.11,-0.085,up
vol1,E387A.LFT,E387 (A),e387,B. Champine,clean,clean,,,30100,MS00296.DAT,-2.73,-0.058,-0.085,up
vol1,E387A.LFT,E387 (A),e387,B. Champine,clean,clean,,,30100,MS00296.DAT,-2.43,-0.032,-0.085,up
vol1,E387A.LFT,E387 (A),e387,B. Champine,clean,clean,,,30100,MS00296.DAT,-1.75,0.026,-0.085,up
vol1,E387A.LFT,E387 (A),e387,B. Champine,clean,clean,,,30100,MS00296.DAT,-1.36,0.065,-0.085,up
vol1,E387A.LFT,E387 (A),e387,B. Champine,clean,clean,,,30100,MS00296.DAT,-0.78,0.114,-0.085,up
vol1,E387A.LFT,E387 (A),e387,B. Champine,clean,clean,,,30100,MS00296.DAT,-0.38,0.152,-0.085,up
vol1,E387A.LFT,E387 (A),e387,B. Champine,clean,clean,,,30100,MS00296.DAT,0.2,0.215,-0.085,up
vol1,E387A.LFT,E387 (A),e387,B. Champine,clean,clean,,,30100,MS00296.DAT,0.71,0.269,-0.085,up
vol1,E387A.LFT,E387 (A),e387,B. Champine,clean,clean,,,30100,MS00296.DAT,1.31,0.325,-0.085,up
vol1,E387A.LFT,E387 (A),e387,B. Champine,clean,clean,,,30100,MS00296.DAT,1.64,0.363,-0.085,up
vol1,E387A.LFT,E387 (A),e387,B. Champine,clean,clean,,,30100,MS00296.DAT,2.33,0.428,-0.085,up
vol1,E387A.LFT,E387 (A),e387,B. Champine,clean,clean,,,30100,MS00296.DAT,2.72,0.461,-0.085,up
vol1,E387A.LFT,E387 (A),e387,B. Champine,clean,clean,,,30100,MS00296.DAT,3.3,0.512,-0.085,up
vol1,E387A.LFT,E387 (A),e387,B. Champine,clean,clean,,,30100,MS00296.DAT,3.74,0.551,-0.085,up
vol1,E387A.LFT,E387 (A),e387,B. Champine,clean,clean,,,30100,MS00296.DAT,4.27,0.57,-0.085,up
vol1,E387A.LFT,E387 (A),e387,B. Champine,clean,clean,,,30100,MS00296.DAT,4.76,0.615,-0.085,up
vol1,E387A.LFT,E387 (A),e387,B. Champine,clean,clean,,,30100,MS00296.DAT,5.43,0.646,-0.085,up
vol1,E387A.LFT,E387 (A),e387,B. Champine,clean,clean,,,30100,MS00296.DAT,5.78,0.662,-0.085,up
vol1,E387A.LFT,E387 (A),e387,B. Champine,clean,clean,,,30100,MS00296.DAT,6.44,0.728,-0.085,up
vol1,E387A.LFT,E387 (A),e387,B. Champine,clean,clean,,,30100,MS00296.DAT,6.76,0.717,-0.085,up
vol1,E387A.LFT,E387 (A),e387,B. Champine,clean,clean,,,30100,MS00296.DAT,7.33,0.714,-0.085,up
vol1,E387A.LFT,E387 (A),e387,B. Champine,clean,clean,,,30100,MS00296.DAT,7.81,0.766,-0.085,up
vol1,E387A.LFT,E387 (A),e387,B. Champine,clean,clean,,,30100,MS00296.DAT,8.35,0.808,-0.085,up
vol1,E387A.LFT,E387 (A),e387,B. Champine,clean,clean,,,30100,MS00296.DAT,8.8,0.794,-0.085,up
vol1,E387A.LFT,E387 (A),e387,B. Champine,clean,clean,,,30100,MS00296.DAT,9.44,0.83,-0.085,up
vol1,E387A.LFT,E387 (A),e387,B. Champine,clean,clean,,,30100,MS00296.DAT,9.81,0.867,-0.085,up
vol1,E387A.LFT,E387 (A),e387,B. Champine,clean,clean,,,30100,MS00296.DAT,10.33,0.889,-0.085,up
vol1,E387A.LFT,E387 (A),e387,B. Champine,clean,clean,,,30100,MS00296.DAT,10.9,1.141,-0.085,up
vol1,E387A.LFT,E387 (A),e387,B. Champine,clean,clean,,,30100,MS00296.DAT,11.56,1.239,-0.085,up
vol1,E387A.LFT,E387 (A),e387,B. Champine,clean,clean,,,30100,MS00296.DAT,11.94,1.234,-0.085,up
vol1,E387A.LFT,E387 (A),e387,B. Champine,clean,clean,,,30100,MS00296.DAT,12.49,1.248,-0.085,up
vol1,E387A.LFT,E387 (A),e387,B. Champine,clean,clean,,,30100,MS00296.DAT,12.92,1.204,-0.085,up
vol1,E387A.LFT,E387 (A),e387,B. Champine,clean,clean,,,30100,MS00296.DAT,13.37,1.23,-0.085,up
vol1,E387A.LFT,E387 (A),e387,B. Champine,clean,clean,,,30100,MS00296.DAT,13.94,1.269,-0.085,up
vol1,E387A.LFT,E387 (A),e387,B. Champine,clean,clean,,,30100,MS00296.DAT,14.35,1.268,-0.085,up
vol1,E387A.LFT,E387 (A),e387,B. Champine,clean,clean,,,30100,MS00296.DAT,14.87,1.051,-0.085,up
vol1,E387A.LFT,E387 (A),e387,B. Champine,clean,clean,,,30100,MS00296.DAT,15.49,1.081,-0.085,up
vol1,E387A.LFT,E387 (A),e387,B. Champine,clean,clean,,,30100,MS00296.DAT,15.88,1.056,-0.085,up
vol1,E387A.LFT,E387 (A),e387,B. Champine,clean,clean,,,30100,MS00296.DAT,16.48,1.069,-0.085,up
vol1,E387A.LFT,E387 (A),e387,B. Champine,clean,clean,,,30100,MS00296.DAT,16.88,1.039,-0.085,up
vol1,E387A.LFT,E387 (A),e387,B. Champine,clean,clean,,,30100,MS00296.DAT,17.52,1.062,-0.085,up
vol1,E387A.LFT,E387 (A),e387,B. Champine,clean,clean,,,30100,MS00296.DAT,17.08,1.046,-0.085,down
vol1,E387A.LFT,E387 (A),e387,B. Champine,clean,clean,,,30100,MS00296.DAT,16.5,1.067,-0.085,down
vol1,E387A.LFT,E387 (A),e387,B. Champine,clean,clean,,,30100,MS00296.DAT,15.95,1.078,-0.085,down
vol1,E387A.LFT,E387 (A),e387,B. Champine,clean,clean,,,30100,MS00296.DAT,15.47,1.088,-0.085,down
vol1,E387A.LFT,E387 (A),e387,B. Champine,clean,clean,,,30100,MS00296.DAT,14.95,1.062,-0.085,down
vol1,E387A.LFT,E387 (A),e387,B. Champine,clean,clean,,,30100,MS00296.DAT,14.57,1.06,-0.085,down
vol1,E387A.LFT,E387 (A),e387,B. Champine,clean,clean,,,30100,MS00296.DAT,14.08,1.091,-0.085,down
vol1,E387A.LFT,E387 (A),e387,B. Champine,clean,clean,,,30100,MS00296.DAT,13.63,1.16,-0.085,down
vol1,E387A.LFT,E387 (A),e387,B. Champine,clean,clean,,,30100,MS00296.DAT,13.06,1.232,-0.085,down
vol1,E387A.LFT,E387 (A),e387,B. Champine,clean,clean,,,30100,MS00296.DAT,12.62,1.228,-0.085,down
vol1,E387A.LFT,E387 (A),e387,B. Champine,clean,clean,,,30100,MS00296.DAT,12.06,1.218,-0.085,down
vol1,E387A.LFT,E387 (A),e387,B. Champine,clean,clean,,,30100,MS00296.DAT,11.63,1.21,-0.085,down
vol1,E387A.LFT,E387 (A),e387,B. Champine,clean,clean,,,30100,MS00296.DAT,11.06,1.222,-0.085,down
vol1,E387A.LFT,E387 (A),e387,B. Champine,clean,clean,,,30100,MS00296.DAT,10.59,1.204,-0.085,down
vol1,E387A.LFT,E387 (A),e387,B. Champine,clean,clean,,,30100,MS00296.DAT,10.05,1.182,-0.085,down
vol1,E387A.LFT,E387 (A),e387,B. Champine,clean,clean,,,30100,MS00296.DAT,9.57,1.023,-0.085,down
vol1,E387A.LFT,E387 (A),e387,B. Champine,clean,clean,,,30100,MS00296.DAT,8.94,0.813,-0.085,down
vol1,E387A.LFT,E387 (A),e387,B. Champine,clean,clean,,,30100,MS00296.DAT,8.56,0.793,-0.085,down
vol1,E387A.LFT,E387 (A),e387,B. Champine,clean,clean,,,30100,MS00296.DAT,7.97,0.77,-0.085,down
vol1,E387A.LFT,E387 (A),e387,B. Champine,clean,clean,,,30100,MS00296.DAT,7.52,0.77,-0.085,down
vol1,E387A.LFT,E387 (A),e387,B. Champine,clean,clean,,,30100,MS00296.DAT,6.94,0.747,-0.085,down
vol1,E387A.LFT,E387 (A),e387,B. Champine,clean,clean,,,30100,MS00296.DAT,6.51,0.741,-0.085,down
vol1,E387A.LFT,E387 (A),e387,B. Champine,clean,clean,,,30100,MS00296.DAT,5.96,0.688,-0.085,down
vol1,E387A.LFT,E387 (A),e387,B. Champine,clean,clean,,,30100,MS00296.DAT,5.28,0.664,-0.085,down
vol1,E387A.LFT,E387 (A),e387,B. Champine,clean,clean,,,30100,MS00296.DAT,4.85,0.638,-0.085,down
vol1,E387A.LFT,E387 (A),e387,B. Champine,clean,clean,,,30100,MS00296.DAT,4.4,0.619,-0.085,down
vol1,E387A.LFT,E387 (A),e387,B. Champine,clean,clean,,,30100,MS00296.DAT,3.82,0.579,-0.085,down
vol1,E387A.LFT,E387 (A),e387,B. Champine,clean,clean,,,30100,MS00296.DAT,3.48,0.552,-0.085,down
vol1,E387A.LFT,E387 (A),e387,B. Champine,clean,clean,,,30100,MS00296.DAT,2.99,0.505,-0.085,down
vol1,E387A.LFT,E387 (A),e387,B. Champine,clean,clean,,,30100,MS00296.DAT,2.35,0.46,-0.085,down
vol1,E387A.LFT,E387 (A),e387,B. Champine,clean,clean,,,30100,MS00296.DAT,1.88,0.395,-0.085,down
vol1,E387A.LFT,E387 (A),e387,B. Champine,clean,clean,,,30100,MS00296.DAT,1.43,0.373,-0.085,down
vol1,E387A.LFT,E387 (A),e387,B. Champine,clean,clean,,,30100,MS00296.DAT,0.89,0.307,-0.085,down
vol1,E387A.LFT,E387 (A),e387,B. Champine,clean,clean,,,30100,MS00296.DAT,0.34,0.257,-0.085,down
vol1,E387A.LFT,E387 (A),e387,B. Champine,clean,clean,,,30100,MS00296.DAT,-0.27,0.199,-0.085,down
vol1,E387A.LFT,E387 (A),e387,B. Champine,clean,clean,,,30100,MS00296.DAT,-0.66,0.167,-0.085,down
vol1,E387A.LFT,E387 (A),e387,B. Champine,clean,clean,,,30100,MS00296.DAT,-1.2,0.111,-0.085,down
vol1,E387A.LFT,E387 (A),e387,B. Champine,clean,clean,,,30100,MS00296.DAT,-1.66,0.068,-0.085,down
vol1,E387A.LFT,E387 (A),e387,B. Champine,clean,clean,,,30100,MS00296.DAT,-2.23,0.018,-0.085,down
vol1,E387A.LFT,E387 (A),e387,B. Champine,clean,clean,,,30100,MS00296.DAT,-2.72,-0.019,-0.085,down
vol1,E387A.LFT,E387 (A),e387,B. Champine,clean,clean,,,30100,MS00296.DAT,-3.2,-0.052,-0.085,down
vol1,E387A.LFT,E387 (A),e387,B. Champine,clean,clean,,,30100,MS00296.DAT,-3.71,-0.083,-0.085,down
vol1,E387A.LFT,E387 (A),e387,B. Champine,clean,clean,,,30100,MS00296.DAT,-4.21,-0.121,-0.085,down
vol1,E387A.LFT,E387 (A),e387,B. Champine,clean,clean,,,30100,MS00296.DAT,-4.72,-0.155,-0.085,down
vol1,E387A.LFT,E387 (A),e387,B. Champine,clean,clean,,,30100,MS00296.DAT,-5.21,-0.194,-0.085,down
vol1,E387A.LFT,E387 (A),e387,B. Champine,clean,clean,,,30100,MS00296.DAT,-5.8,-0.247,-0.085,down
vol1,E387A.LFT,E387 (A),e387,B. Champine,clean,clean,,,30100,MS00296.DAT,-6.4,-0.304,-0.085,down
vol1,E387A.LFT,E387 (A),e387,B. Champine,clean,clean,,,30100,MS00296.DAT,-6.79,-0.33,-0.085,down
vol1,E387A.LFT,E387 (A),e387,B. Champine,clean,clean,,,40500,MS00294.DAT,-7.15,-0.381,-0.085,up
vol1,E387A.LFT,E387 (A),e387,B. Champine,clean,clean,,,40500,MS00294.DAT,-6.62,-0.348,-0.085,up
vol1,E387A.LFT,E387 (A),e387,B. Champine,clean,clean,,,40500,MS00294.DAT,-5.86,-0.288,-0.085,up
vol1,E387A.LFT,E387 (A),e387,B. Champine,clean,clean,,,40500,MS00294.DAT,-5.49,-0.256,-0.085,up
vol1,E387A.LFT,E387 (A),e387,B. Champine,clean,clean,,,40500,MS00294.DAT,-4.76,-0.198,-0.085,up
vol1,E387A.LFT,E387 (A),e387,B. Champine,clean,clean,,,40500,MS00294.DAT,-4.39,-0.17,-0.085,up
vol1,E387A.LFT,E387 (A),e387,B. Champine,clean,clean,,,40500,MS00294.DAT,-3.82,-0.125,-0.085,up
vol1,E387A.LFT,E387 (A),e387,B. Champine,clean,clean,,,40500,MS00294.DAT,-3.4,-0.09,-0.085,up
vol1,E387A.LFT,E387 (A),e387,B. Champine,clean,clean,,,40500,MS00294.DAT,-2.74,-0.036,-0.085,up
vol1,E387A.LFT,E387 (A),e387,B. Champine,clean,clean,,,40500,MS00294.DAT,-2.41,-0.01,-0.085,up
vol1,E387A.LFT,E387 (A),e387,B. Champine,clean,clean,,,40500,MS00294.DAT,-1.78,0.045,-0.085,up
vol1,E387A.LFT,E387 (A),e387,B. Champine,clean,clean,,,40500,MS00294.DAT,-1.38,0.084,-0.085,up
vol1,E387A.LFT,E387 (A),e387,B. Champine,clean,clean,,,40500,MS00294.DAT,-0.76,0.142,-0.085,up
vol1,E387A.LFT,E387 (A),e387,B. Champine,clean,clean,,,40500,MS00294.DAT,-0.37,0.184,-0.085,up
vol1,E387A.LFT,E387 (A),e387,B. Champine,clean,clean,,,40500,MS00294.DAT,0.24,0.26,-0.085,up
vol1,E387A.LFT,E387 (A),e387,B. Champine,clean,clean,,,40500,MS00294.DAT,0.66,0.314,-0.085,up
vol1,E387A.LFT,E387 (A),e387,B. Champine,clean,clean,,,40500,MS00294.DAT,1.29,0.387,-0.085,up
vol1,E387A.LFT,E387 (A),e387,B. Champine,clean,clean,,,40500,MS00294.DAT,1.72,0.451,-0.085,up
vol1,E387A.LFT,E387 (A),e387,B. Champine,clean,clean,,,40500,MS00294.DAT,2.35,0.51,-0.085,up
vol1,E387A.LFT,E387 (A),e387,B. Champine,clean,clean,,,40500,MS00294.DAT,2.75,0.539,-0.085,up
vol1,E387A.LFT,E387 (A),e387,B. Champine,clean,clean,,,40500,MS00294.DAT,3.4,0.579,-0.085,up
vol1,E387A.LFT,E387 (A),e387,B. Champine,clean,clean,,,40500,MS00294.DAT,3.72,0.583,-0.085,up
vol1,E387A.LFT,E387 (A),e387,B. Champine,clean,clean,,,40500,MS00294.DAT,4.29,0.587,-0.085,up
vol1,E387A.LFT,E387 (A),e387,B. Champine,clean,clean,,,40500,MS00294.DAT,4.77,0.611,-0.085,up
vol1,E387A.LFT,E387 (A),e387,B. Champine,clean,clean,,,40500,MS00294.DAT,5.28,0.649,-0.085,up
vol1,E387A.LFT,E387 (A),e387,B. Champine,clean,clean,,,40500,MS00294.DAT,5.83,0.67,-0.085,up
vol1,E387A.LFT,E387 (A),e387,B. Champine,clean,clean,,,40500,MS00294.DAT,6.36,0.701,-0.085,up
vol1,E387A.LFT,E387 (A),e387,B. Champine,clean,clean,,,40500,MS00294.DAT,6.75,0.727,-0.085,up
vol1,E387A.LFT,E387 (A),e387,B. Champine,clean,clean,,,40500,MS00294.DAT,7.48,0.732,-0.085,up
vol1,E387A.LFT,E387 (A),e387,B. Champine,clean,clean,,,40500,MS00294.DAT,7.76,0.742,-0.085,up
vol1,E387A.LFT,E387 (A),e387,B. Champine,clean,clean,,,40500,MS00294.DAT,8.3,1.067,-0.085,up
vol1,E387A.LFT,E387 (A),e387,B. Champine,clean,clean,,,40500,MS00294.DAT,8.93,1.139,-0.085,up
vol1,E387A.LFT,E387 (A),e387,B. Champine,clean,clean,,,40500,MS00294.DAT,9.42,1.163,-0.085,up
vol1,E387A.LFT,E387 (A),e387,B. Champine,clean,clean,,,40500,MS00294.DAT,9.88,1.181,-0.085,up
vol1,E387A.LFT,E387 (A),e387,B. Champine,clean,clean,,,40500,MS00294.DAT,10.44,1.189,-0.085,up
vol1,E387A.LFT,E387 (A),e387,B. Champine,clean,clean,,,40500,MS00294.DAT,10.94,1.192,-0.085,up
vol1,E387A.LFT,E387 (A),e387,B. Champine,clean,clean,,,40500,MS00294.DAT,11.45,1.191,-0.085,up
vol1,E387A.LFT,E387 (A),e387,B. Champine,clean,clean,,,40500,MS00294.DAT,11.91,1.186,-0.085,up
vol1,E387A.LFT,E387 (A),e387,B. Champine,clean,clean,,,40500,MS00294.DAT,12.42,1.177,-0.085,up
vol1,E387A.LFT,E387 (A),e387,B. Champine,clean,clean,,,40500,MS00294.DAT,12.89,1.191,-0.085,up
vol1,E387A.LFT,E387 (A),e387,B. Champine,clean,clean,,,40500,MS00294.DAT,13.54,1.098,-0.085,up
vol1,E387A.LFT,E387 (A),e387,B. Champine,clean,clean,,,40500,MS00294.DAT,13.89,1.101,-0.085,up
vol1,E387A.LFT,E387 (A),e387,B. Champine,clean,clean,,,40500,MS00294.DAT,14.48,1.104,-0.085,up
vol1,E387A.LFT,E387 (A),e387,B. Champine,clean,clean,,,40500,MS00294.DAT,14.89,1.115,-0.085,up
vol1,E387A.LFT,E387 (A),e387,B. Champine,clean,clean,,,40500,MS00294.DAT,15.57,1.073,-0.085,up
vol1,E387A.LFT,E387 (A),e387,B. Champine,clean,clean,,,40500,MS00294.DAT,15.83,1.055,-0.085,up
vol1,E387A.LFT,E387 (A),e387,B. Champine,clean,clean,,,40500,MS00294.DAT,16.4,1.014,-0.085,up
vol1,E387A.LFT,E387 (A),e387,B. Champine,clean,clean,,,40500,MS00294.DAT,16.87,1.039,-0.085,up
vol1,E387A.LFT,E387 (A),e387,B. Champine,clean,clean,,,40500,MS00294.DAT,17.5,1.041,-0.085,up
vol1,E387A.LFT,E387 (A),e387,B. Champine,clean,clean,,,40500,MS00294.DAT,16.96,1.008,-0.085,down
vol1,E387A.LFT,E387 (A),e387,B. Champine,clean,clean,,,40500,MS00294.DAT,16.43,1.029,-0.085,down
vol1,E387A.LFT,E387 (A),e387,B. Champine,clean,clean,,,40500,MS00294.DAT,15.96,1.029,-0.085,down
vol1,E387A.LFT,E387 (A),e387,B. Champine,clean,clean,,,40500,MS00294.DAT,15.54,1.062,-0.085,down
vol1,E387A.LFT,E387 (A),e387,B. Champine,clean,clean,,,40500,MS00294.DAT,14.99,1.07,-0.085,down
vol1,E387A.LFT,E387 (A),e387,B. Champine,clean,clean,,,40500,MS00294.DAT,14.57,1.059,-0.085,down
vol1,E387A.LFT,E387 (A),e387,B. Champine,clean,clean,,,40500,MS00294.DAT,13.98,1.095,-0.085,down
vol1,E387A.LFT,E387 (A),e387,B. Champine,clean,clean,,,40500,MS00294.DAT,13.6,1.216,-0.085,down
vol1,E387A.LFT,E387 (A),e387,B. Champine,clean,clean,,,40500,MS00294.DAT,13.07,1.205,-0.085,down
vol1,E387A.LFT,E387 (A),e387,B. Champine,clean,clean,,,40500,MS00294.DAT,12.64,1.206,-0.085,down
vol1,E387A.LFT,E387 (A),e387,B. Champine,clean,clean,,,40500,MS00294.DAT,12.03,1.195,-0.085,down
vol1,E387A.LFT,E387 (A),e387,B. Champine,clean,clean,,,40500,MS00294.DAT,11.63,1.196,-0.085,down
vol1,E387A.LFT,E387 (A),e387,B. Champine,clean,clean,,,40500,MS00294.DAT,11.02,1.192,-0.085,down
vol1,E387A.LFT,E387 (A),e387,B. Champine,clean,clean,,,40500,MS00294.DAT,10.63,1.2,-0.085,down
vol1,E387A.LFT,E387 (A),e387,B. Champine,clean,clean,,,40500,MS00294.DAT,10.1,1.189,-0.085,down
vol1,E387A.LFT,E387 (A),e387,B. Champine,clean,clean,,,40500,MS00294.DAT,9.61,1.174,-0.085,down
vol1,E387A.LFT,E387 (A),e387,B. Champine,clean,clean,,,40500,MS00294.DAT,9.06,1.153,-0.085,down
vol1,E387A.LFT,E387 (A),e387,B. Champine,clean,clean,,,40500,MS00294.DAT,8.63,1.132,-0.085,down
vol1,E387A.LFT,E387 (A),e387,B. Champine,clean,clean,,,40500,MS00294.DAT,8.06,1.075,-0.085,down
vol1,E387A.LFT,E387 (A),e387,B. Champine,clean,clean,,,40500,MS00294.DAT,7.59,0.863,-0.085,down
vol1,E387A.LFT,E387 (A),e387,B. Champine,clean,clean,,,40500,MS00294.DAT,6.95,0.724,-0.085,down
vol1,E387A.LFT,E387 (A),e387,B. Champine,clean,clean,,,40500,MS00294.DAT,6.54,0.702,-0.085,down
vol1,E387A.LFT,E387 (A),e387,B. Champine,clean,clean,,,40500,MS00294.DAT,5.95,0.681,-0.085,down
vol1,E387A.LFT,E387 (A),e387,B. Champine,clean,clean,,,40500,MS00294.DAT,5.42,0.649,-0.085,down
vol1,E387A.LFT,E387 (A),e387,B. Champine,clean,clean,,,40500,MS00294.DAT,4.87,0.625,-0.085,down
vol1,E387A.LFT,E387 (A),e387,B. Champine,clean,clean,,,40500,MS00294.DAT,4.51,0.608,-0.085,down
vol1,E387A.LFT,E387 (A),e387,B. Champine,clean,clean,,,40500,MS00294.DAT,3.86,0.609,-0.085,down
vol1,E387A.LFT,E387 (A),e387,B. Champine,clean,clean,,,40500,MS00294.DAT,3.47,0.582,-0.085,down
vol1,E387A.LFT,E387 (A),e387,B. Champine,clean,clean,,,40500,MS00294.DAT,2.81,0.541,-0.085,down
vol1,E387A.LFT,E387 (A),e387,B. Champine,clean,clean,,,40500,MS00294.DAT,2.42,0.529,-0.085,down
vol1,E387A.LFT,E387 (A),e387,B. Champine,clean,clean,,,40500,MS00294.DAT,1.94,0.478,-0.085,down
vol1,E387A.LFT,E387 (A),e387,B. Champine,clean,clean,,,40500,MS00294.DAT,1.41,0.418,-0.085,down
vol1,E387A.LFT,E387 (A),e387,B. Champine,clean,clean,,,40500,MS00294.DAT,0.92,0.36,-0.085,down
vol1,E387A.LFT,E387 (A),e387,B. Champine,clean,clean,,,40500,MS00294.DAT,0.4,0.302,-0.085,down
vol1,E387A.LFT,E387 (A),e387,B. Champine,clean,clean,,,40500,MS00294.DAT,-0.15,0.225,-0.085,down
vol1,E387A.LFT,E387 (A),e387,B. Champine,clean,clean,,,40500,MS00294.DAT,-0.69,0.167,-0.085,down
vol1,E387A.LFT,E387 (A),e387,B. Champine,clean,clean,,,40500,MS00294.DAT,-1.18,0.112,-0.085,down
vol1,E387A.LFT,E387 (A),e387,B. Champine,clean,clean,,,40500,MS00294.DAT,-1.7,0.065,-0.085,down
vol1,E387A.LFT,E387 (A),e387,B. Champine,clean,clean,,,40500,MS00294.DAT,-2.29,0.015,-0.085,down
vol1,E387A.LFT,E387 (A),e387,B. Champine,clean,clean,,,40500,MS00294.DAT,-2.66,-0.011,-0.085,down
vol1,E387A.LFT,E387 (A),e387,B. Champine,clean,clean,,,40500,MS00294.DAT,-3.31,-0.062,-0.085,down
vol1,E387A.LFT,E387 (A),e387,B. Champine,clean,clean,,,40500,MS00294.DAT,-3.68,-0.093,-0.085,down
vol1,E387A.LFT,E387 (A),e387,B. Champine,clean,clean,,,40500,MS00294.DAT,-4.22,-0.139,-0.085,down
vol1,E387A.LFT,E387 (A),e387,B. Champine,clean,clean,,,40500,MS00294.DAT,-4.73,-0.178,-0.085,down
vol1,E387A.LFT,E387 (A),e387,B. Champine,clean,clean,,,40500,MS00294.DAT,-5.32,-0.223,-0.085,down
vol1,E387A.LFT,E387 (A),e387,B. Champine,clean,clean,,,40500,MS00294.DAT,-5.75,-0.259,-0.085,down
vol1,E387A.LFT,E387 (A),e387,B. Champine,clean,clean,,,40500,MS00294.DAT,-6.27,-0.3,-0.085,down
vol1,E387A.LFT,E387 (A),e387,B. Champine,clean,clean,,,40500,MS00294.DAT,-6.81,-0.341,-0.085,down
vol1,E387A.LFT,E387 (A),e387,B. Champine,clean,clean,,,50800,MS00295.DAT,-7.05,-0.367,-0.085,up
vol1,E387A.LFT,E387 (A),e387,B. Champine,clean,clean,,,50800,MS00295.DAT,-6.5,-0.335,-0.085,up
vol1,E387A.LFT,E387 (A),e387,B. Champine,clean,clean,,,50800,MS00295.DAT,-5.9,-0.288,-0.085,up
vol1,E387A.LFT,E387 (A),e387,B. Champine,clean,clean,,,50800,MS00295.DAT,-5.5,-0.254,-0.085,up
vol1,E387A.LFT,E387 (A),e387,B. Champine,clean,clean,,,50800,MS00295.DAT,-4.91,-0.206,-0.085,up
vol1,E387A.LFT,E387 (A),e387,B. Champine,clean,clean,,,50800,MS00295.DAT,-4.44,-0.177,-0.085,up
vol1,E387A.LFT,E387 (A),e387,B. Champine,clean,clean,,,50800,MS00295.DAT,-3.86,-0.14,-0.085,up
vol1,E387A.LFT,E387 (A),e387,B. Champine,clean,clean,,,50800,MS00295.DAT,-3.46,-0.107,-0.085,up
vol1,E387A.LFT,E387 (A),e387,B. Champine,clean,clean,,,50800,MS00295.DAT,-2.77,-0.041,-0.085,up
vol1,E387A.LFT,E387 (A),e387,B. Champine,clean,clean,,,50800,MS00295.DAT,-2.37,0.002,-0.085,up
vol1,E387A.LFT,E387 (A),e387,B. Champine,clean,clean,,,50800,MS00295.DAT,-1.81,0.047,-0.085,up
vol1,E387A.LFT,E387 (A),e387,B. Champine,clean,clean,,,50800,MS00295.DAT,-1.35,0.099,-0.085,up
vol1,E387A.LFT,E387 (A),e387,B. Champine,clean,clean,,,50800,MS00295.DAT,-0.77,0.179,-0.085,up
vol1,E387A.LFT,E387 (A),e387,B. Champine,clean,clean,,,50800,MS00295.DAT,-0.36,0.233,-0.085,up
vol1,E387A.LFT,E387 (A),e387,B. Champine,clean,clean,,,50800,MS00295.DAT,0.19,0.301,-0.085,up
vol1,E387A.LFT,E387 (A),e387,B. Champine,clean,clean,,,50800,MS00295.DAT,0.62,0.361,-0.085,up
vol1,E387A.LFT,E387 (A),e387,B. Champine,clean,clean,,,50800,MS00295.DAT,1.2,0.423,-0.085,up
vol1,E387A.LFT,E387 (A),e387,B. Champine,clean,clean,,,50800,MS00295.DAT,1.65,0.463,-0.085,up
vol1,E387A.LFT,E387 (A),e387,B. Champine,clean,clean,,,50800,MS00295.DAT,2.26,0.515,-0.085,up
vol1,E387A.LFT,E387 (A),e387,B. Champine,clean,clean,,,50800,MS00295.DAT,2.78,0.555,-0.085,up
vol1,E387A.LFT,E387 (A),e387,B. Champine,clean,clean,,,50800,MS00295.DAT,3.4,0.604,-0.085,up
vol1,E387A.LFT,E387 (A),e387,B. Champine,clean,clean,,,50800,MS00295.DAT,3.78,0.628,-0.085,up
vol1,E387A.LFT,E387 (A),e387,B. Champine,clean,clean,,,50800,MS00295.DAT,4.34,0.685,-0.085,up
vol1,E387A.LFT,E387 (A),e387,B. Champine,clean,clean,,,50800,MS00295.DAT,4.79,0.753,-0.085,up
vol1,E387A.LFT,E387 (A),e387,B. Champine,clean,clean,,,50800,MS00295.DAT,5.47,0.832,-0.085,up
vol1,E387A.LFT,E387 (A),e387,B. Champine,clean,clean,,,50800,MS00295.DAT,5.83,0.869,-0.085,up
vol1,E387A.LFT,E387 (A),e387,B. Champine,clean,clean,,,50800,MS00295.DAT,6.44,0.934,-0.085,up
vol1,E387A.LFT,E387 (A),e387,B. Champine,clean,clean,,,50800,MS00295.DAT,6.87,0.977,-0.085,up
vol1,E387A.LFT,E387 (A),e387,B. Champine,clean,clean,,,50800,MS00295.DAT,7.48,1.035,-0.085,up
vol1,E387A.LFT,E387 (A),e387,B. Champine,clean,clean,,,50800,MS00295.DAT,7.84,1.071,-0.085,up
vol1,E387A.LFT,E387 (A),e387,B. Champine,clean,clean,,,50800,MS00295.DAT,8.51,1.128,-0.085,up
vol1,E387A.LFT,E387 (A),e387,B. Champine,clean,clean,,,50800,MS00295.DAT,8.88,1.145,-0.085,up
vol1,E387A.LFT,E387 (A),e387,B. Champine,clean,clean,,,50800,MS00295.DAT,9.43,1.169,-0.085,up
vol1,E387A.LFT,E387 (A),e387,B. Champine,clean,clean,,,50800,MS00295.DAT,9.92,1.179,-0.085,up
vol1,E387A.LFT,E387 (A),e387,B. Champine,clean,clean,,,50800,MS00295.DAT,10.54,1.19,-0.085,up
vol1,E387A.LFT,E387 (A),e387,B. Champine,clean,clean,,,50800,MS00295.DAT,10.88,1.198,-0.085,up
vol1,E387A.LFT,E387 (A),e387,B. Champine,clean,clean,,,50800,MS00295.DAT,11.42,1.205,-0.085,up
vol1,E387A.LFT,E387 (A),e387,B. Champine,clean,clean,,,50800,MS00295.DAT,11.89,1.209,-0.085,up
vol1,E387A.LFT,E387 (A),e387,B. Champine,clean,clean,,,50800,MS00295.DAT,12.44,1.206,-0.085,up
vol1,E387A.LFT,E387 (A),e387,B. Champine,clean,clean,,,50800,MS00295.DAT,12.89,1.201,-0.085,up
vol1,E387A.LFT,E387 (A),e387,B. Champine,clean,clean,,,50800,MS00295.DAT,13.5,1.187,-0.085,up
vol1,E387A.LFT,E387 (A),e387,B. Champine,clean,clean,,,50800,MS00295.DAT,13.91,1.193,-0.085,up
vol1,E387A.LFT,E387 (A),e387,B. Champine,clean,clean,,,50800,MS00295.DAT,14.54,1.216,-0.085,up
vol1,E387A.LFT,E387 (A),e387,B. Champine,clean,clean,,,50800,MS00295.DAT,14.89,1.178,-0.085,up
vol1,E387A.LFT,E387 (A),e387,B. Champine,clean,clean,,,50800,MS00295.DAT,15.43,1.205,-0.085,up
vol1,E387A.LFT,E387 (A),e387,B. Champine,clean,clean,,,50800,MS00295.DAT,15.89,1.146,-0.085,up
vol1,E387A.LFT,E387 (A),e387,B. Champine,clean,clean,,,50800,MS00295.DAT,16.4,1.138,-0.085,up
vol1,E387A.LFT,E387 (A),e387,B. Champine,clean,clean,,,50800,MS00295.DAT,16.87,1.061,-0.085,up
vol1,E387A.LFT,E387 (A),e387,B. Champine,clean,clean,,,50800,MS00295.DAT,17.47,1.084,-0.085,up
vol1,E387A.LFT,E387 (A),e387,B. Champine,clean,clean,,,50800,MS00295.DAT,16.99,1.12,-0.085,down
vol1,E387A.LFT,E387 (A),e387,B. Champine,clean,clean,,,50800,MS00295.DAT,16.47,1.139,-0.085,down
vol1,E387A.LFT,E387 (A),e387,B. Champine,clean,clean,,,50800,MS00295.DAT,15.98,1.096,-0.085,down
vol1,E387A.LFT,E387 (A),e387,B. Champine,clean,clean,,,50800,MS00295.DAT,15.53,1.151,-0.085,down
vol1,E387A.LFT,E387 (A),e387,B. Champine,clean,clean,,,50800,MS00295.DAT,15.05,1.1,-0.085,down
vol1,E387A.LFT,E387 (A),e387,B. Champine,clean,clean,,,50800,MS00295.DAT,14.57,1.09,-0.085,down
vol1,E387A.LFT,E387 (A),e387,B. Champine,clean,clean,,,50800,MS00295.DAT,14.07,1.178,-0.085,down
vol1,E387A.LFT,E387 (A),e387,B. Champine,clean,clean,,,50800,MS00295.DAT,13.63,1.191,-0.085,down
vol1,E387A.LFT,E387 (A),e387,B. Champine,clean,clean,,,50800,MS00295.DAT,13.06,1.191,-0.085,down
vol1,E387A.LFT,E387 (A),e387,B. Champine,clean,clean,,,50800,MS00295.DAT,12.59,1.201,-0.085,down
vol1,E387A.LFT,E387 (A),e387,B. Champine,clean,clean,,,50800,MS00295.DAT,12.09,1.198,-0.085,down
vol1,E387A.LFT,E387 (A),e387,B. Champine,clean,clean,,,50800,MS00295.DAT,11.57,1.201,-0.085,down
vol1,E387A.LFT,E387 (A),e387,B. Champine,clean,clean,,,50800,MS00295.DAT,11.05,1.188,-0.085,down
vol1,E387A.LFT,E387 (A),e387,B. Champine,clean,clean,,,50800,MS00295.DAT,10.58,1.186,-0.085,down
vol1,E387A.LFT,E387 (A),e387,B. Champine,clean,clean,,,50800,MS00295.DAT,10.04,1.175,-0.085,down
vol1,E387A.LFT,E387 (A),e387,B. Champine,clean,clean,,,50800,MS00295.DAT,9.64,1.169,-0.085,down
vol1,E387A.LFT,E387 (A),e387,B. Champine,clean,clean,,,50800,MS00295.DAT,9.05,1.141,-0.085,down
vol1,E387A.LFT,E387 (A),e387,B. Champine,clean,clean,,,50800,MS00295.DAT,8.63,1.12,-0.085,down
vol1,E387A.LFT,E387 (A),e387,B. Champine,clean,clean,,,50800,MS00295.DAT,8.02,1.075,-0.085,down
vol1,E387A.LFT,E387 (A),e387,B. Champine,clean,clean,,,50800,MS00295.DAT,7.58,1.027,-0.085,down
vol1,E387A.LFT,E387 (A),e387,B. Champine,clean,clean,,,50800,MS00295.DAT,7.03,0.976,-0.085,down
vol1,E387A.LFT,E387 (A),e387,B. Champine,clean,clean,,,50800,MS00295.DAT,6.53,0.924,-0.085,down
vol1,E387A.LFT,E387 (A),e387,B. Champine,clean,clean,,,50800,MS00295.DAT,5.93,0.863,-0.085,down
vol1,E387A.LFT,E387 (A),e387,B. Champine,clean,clean,,,50800,MS00295.DAT,5.46,0.819,-0.085,down
vol1,E387A.LFT,E387 (A),e387,B. Champine,clean,clean,,,50800,MS00295.DAT,4.91,0.762,-0.085,down
vol1,E387A.LFT,E387 (A),e387,B. Champine,clean,clean,,,50800,MS00295.DAT,4.46,0.689,-0.085,down
vol1,E387A.LFT,E387 (A),e387,B. Champine,clean,clean,,,50800,MS00295.DAT,3.88,0.628,-0.085,down
vol1,E387A.LFT,E387 (A),e387,B. Champine,clean,clean,,,50800,MS00295.DAT,3.41,0.594,-0.085,down
vol1,E387A.LFT,E387 (A),e387,B. Champine,clean,clean,,,50800,MS00295.DAT,2.95,0.566,-0.085,down
vol1,E387A.LFT,E387 (A),e387,B. Champine,clean,clean,,,50800,MS00295.DAT,2.35,0.521,-0.085,down
vol1,E387A.LFT,E387 (A),e387,B. Champine,clean,clean,,,50800,MS00295.DAT,1.84,0.486,-0.085,down
vol1,E387A.LFT,E387 (A),e387,B. Champine,clean,clean,,,50800,MS00295.DAT,1.4,0.435,-0.085,down
vol1,E387A.LFT,E387 (A),e387,B. Champine,clean,clean,,,50800,MS00295.DAT,0.8,0.378,-0.085,down
vol1,E387A.LFT,E387 (A),e387,B. Champine,clean,clean,,,50800,MS00295.DAT,0.4,0.335,-0.085,down
vol1,E387A.LFT,E387 (A),e387,B. Champine,clean,clean,,,50800,MS00295.DAT,-0.23,0.239,-0.085,down
vol1,E387A.LFT,E387 (A),e387,B. Champine,clean,clean,,,50800,MS00295.DAT,-0.64,0.19,-0.085,down
vol1,E387A.LFT,E387 (A),e387,B. Champine,clean,clean,,,50800,MS00295.DAT,-1.25,0.115,-0.085,down
vol1,E387A.LFT,E387 (A),e387,B. Champine,clean,clean,,,50800,MS00295.DAT,-1.65,0.075,-0.085,down
vol1,E387A.LFT,E387 (A),e387,B. Champine,clean,clean,,,50800,MS00295.DAT,-2.21,0.021,-0.085,down
vol1,E387A.LFT,E387 (A),e387,B. Champine,clean,clean,,,50800,MS00295.DAT,-2.72,-0.03,-0.085,down
vol1,E387A.LFT,E387 (A),e387,B. Champine,clean,clean,,,50800,MS00295.DAT,-3.35,-0.088,-0.085,down
vol1,E387A.LFT,E387 (A),e387,B. Champine,clean,clean,,,50800,MS00295.DAT,-3.74,-0.116,-0.085,down
vol1,E387A.LFT,E387 (A),e387,B. Champine,clean,clean,,,50800,MS00295.DAT,-4.37,-0.161,-0.085,down
vol1,E387A.LFT,E387 (A),e387,B. Champine,clean,clean,,,50800,MS00295.DAT,-4.73,-0.192,-0.085,down
vol1,E387A.LFT,E387 (A),e387,B. Champine,clean,clean,,,50800,MS00295.DAT,-5.28,-0.227,-0.085,down
vol1,E387A.LFT,E387 (A),e387,B. Champine,clean,clean,,,50800,MS00295.DAT,-5.82,-0.267,-0.085,down
vol1,E387A.LFT,E387 (A),e387,B. Champine,clean,clean,,,50800,MS00295.DAT,-6.43,-0.33,-0.085,down
vol1,E387A.LFT,E387 (A),e387,B. Champine,clean,clean,,,50800,MS00295.DAT,-6.81,-0.351,-0.085,down
vol1,E387A.LFT,E387 (A),e387,B. Champine,clean,clean,,,61300,AB00208.DAT,-7.0,-0.383,-0.085,up
vol1,E387A.LFT,E387 (A),e387,B. Champine,clean,clean,,,61300,AB00208.DAT,-5.32,-0.24,-0.085,up
vol1,E387A.LFT,E387 (A),e387,B. Champine,clean,clean,,,61300,AB00208.DAT,-3.76,-0.125,-0.085,up
vol1,E387A.LFT,E387 (A),e387,B. Champine,clean,clean,,,61300,AB00208.DAT,-2.08,0.053,-0.085,up
vol1,E387A.LFT,E387 (A),e387,B. Champine,clean,clean,,,61300,AB00208.DAT,-0.64,0.251,-0.085,up
vol1,E387A.LFT,E387 (A),e387,B. Champine,clean,clean,,,61300,AB00208.DAT,0.85,0.409,-0.085,up
vol1,E387A.LFT,E387 (A),e387,B. Champine,clean,clean,,,61300,AB00208.DAT,2.55,0.578,-0.085,up
vol1,E387A.LFT,E387 (A),e387,B. Champine,clean,clean,,,61300,AB00208.DAT,4.1,0.739,-0.085,up
vol1,E387A.LFT,E387 (A),e387,B. Champine,clean,clean,,,61300,AB00208.DAT,5.47,0.87,-0.085,up
vol1,E387A.LFT,E387 (A),e387,B. Champine,clean,clean,,,61300,AB00208.DAT,6.96,1.011,-0.085,up
vol1,E387A.LFT,E387 (A),e387,B. Champine,clean,clean,,,61300,AB00208.DAT,8.79,1.171,-0.085,up
vol1,E387A.LFT,E387 (A),e387,B. Champine,clean,clean,,,61300,AB00208.DAT,10.11,1.213,-0.085,up
vol1,E387A.LFT,E387 (A),e387,B. Champine,clean,clean,,,61300,AB00208.DAT,11.69,1.241,-0.085,up
vol1,E387A.LFT,E387 (A),e387,B. Champine,clean,clean,,,61300,AB00208.DAT,13.03,1.246,-0.085,up
vol1,E387A.LFT,E387 (A),e387,B. Champine,clean,clean,,,61300,AB00208.DAT,14.51,1.179,-0.085,up
vol1,E387A.LFT,E387 (A),e387,B. Champine,clean,clean,,,61300,AB00208.DAT,16.16,1.156,-0.085,up
vol1,E387A.LFT,E387 (A),e387,B. Champine,clean,clean,,,61300,AB00208.DAT,17.59,1.117,-0.085,up
vol1,E387A.LFT,E387 (A),e387,B. Champine,clean,clean,,,61300,AB00208.DAT,15.85,1.146,-0.085,down
vol1,E387A.LFT,E387 (A),e387,B. Champine,clean,clean,,,61300,AB00208.DAT,14.43,1.237,-0.085,down
vol1,E387A.LFT,E387 (A),e387,B. Champine,clean,clean,,,61300,AB00208.DAT,12.97,1.247,-0.085,down
vol1,E387A.LFT,E387 (A),e387,B. Champine,clean,clean,,,61300,AB00208.DAT,11.26,1.23,-0.085,down
vol1,E387A.LFT,E387 (A),e387,B. Champine,clean,clean,,,61300,AB00208.DAT,9.9,1.203,-0.085,down
vol1,E387A.LFT,E387 (A),e387,B. Champine,clean,clean,,,61300,AB00208.DAT,8.35,1.136,-0.085,down
vol1,E387A.LFT,E387 (A),e387,B. Champine,clean,clean,,,61300,AB00208.DAT,6.83,0.992,-0.085,down
vol1,E387A.LFT,E387 (A),e387,B. Champine,clean,clean,,,61300,AB00208.DAT,5.27,0.84,-0.085,down
vol1,E387A.LFT,E387 (A),e387,B. Champine,clean,clean,,,61300,AB00208.DAT,3.79,0.698,-0.085,down
vol1,E387A.LFT,E387 (A),e387,B. Champine,clean,clean,,,61300,AB00208.DAT,2.27,0.543,-0.085,down
vol1,E387A.LFT,E387 (A),e387,B. Champine,clean,clean,,,61300,AB00208.DAT,0.68,0.389,-0.085,down
vol1,E387A.LFT,E387 (A),e387,B. Champine,clean,clean,,,61300,AB00208.DAT,-1.0,0.174,-0.085,down
vol1,E387A.LFT,E387 (A),e387,B. Champine,clean,clean,,,61300,AB00208.DAT,-2.45,0.003,-0.085,down
vol1,E387A.LFT,E387 (A),e387,B. Champine,clean,clean,,,61300,AB00208.DAT,-3.93,-0.144,-0.085,down
vol1,E387A.LFT,E387 (A),e387,B. Champine,clean,clean,,,61300,AB00208.DAT,-5.5,-0.255,-0.085,down
vol1,E387A.LFT,E387 (A),e387,B. Champine,clean,clean,,,61300,AB00208.DAT,-7.1,-0.394,-0.085,down
vol1,E387A.LFT,E387 (A),e387,B. Champine,clean,clean,,,101900,AB00210.DAT,-6.91,-0.398,-0.085,up
vol1,E387A.LFT,E387 (A),e387,B. Champine,clean,clean,,,101900,AB00210.DAT,-5.33,-0.269,-0.085,up
vol1,E387A.LFT,E387 (A),e387,B. Champine,clean,clean,,,101900,AB00210.DAT,-3.68,-0.067,-0.085,up
vol1,E387A.LFT,E387 (A),e387,B. Champine,clean,clean,,,101900,AB00210.DAT,-2.0,0.154,-0.085,up
vol1,E387A.LFT,E387 (A),e387,B. Champine,clean,clean,,,101900,AB00210.DAT,-0.51,0.306,-0.085,up
vol1,E387A.LFT,E387 (A),e387,B. Champine,clean,clean,,,101900,AB00210.DAT,0.78,0.428,-0.085,up
vol1,E387A.LFT,E387 (A),e387,B. Champine,clean,clean,,,101900,AB00210.DAT,2.49,0.589,-0.085,up
vol1,E387A.LFT,E387 (A),e387,B. Champine,clean,clean,,,101900,AB00210.DAT,3.91,0.723,-0.085,up
vol1,E387A.LFT,E387 (A),e387,B. Champine,clean,clean,,,101900,AB00210.DAT,5.56,0.877,-0.085,up
vol1,E387A.LFT,E387 (A),e387,B. Champine,clean,clean,,,101900,AB00210.DAT,6.91,1.009,-0.085,up
vol1,E387A.LFT,E387 (A),e387,B. Champine,clean,clean,,,101900,AB00210.DAT,8.65,1.149,-0.085,up
vol1,E387A.LFT,E387 (A),e387,B. Champine,clean,clean,,,101900,AB00210.DAT,10.07,1.178,-0.085,up
vol1,E387A.LFT,E387 (A),e387,B. Champine,clean,clean,,,101900,AB00210.DAT,11.69,1.202,-0.085,up
vol1,E387A.LFT,E387 (A),e387,B. Champine,clean,clean,,,101900,AB00210.DAT,13.05,1.202,-0.085,up
vol1,E387A.LFT,E387 (A),e387,B. Champine,clean,clean,,,101900,AB00210.DAT,14.68,1.178,-0.085,up
vol1,E387A.LFT,E387 (A),e387,B. Champine,clean,clean,,,101900,AB00210.DAT,15.96,1.06,-0.085,up
vol1,E387A.LFT,E387 (A),e387,B. Champine,clean,clean,,,101900,AB00210.DAT,17.66,1.036,-0.085,up
vol1,E387A.LFT,E387 (A),e387,B. Champine,clean,clean,,,101900,AB00210.DAT,15.81,1.079,-0.085,down
vol1,E387A.LFT,E387 (A),e387,B. Champine,clean,clean,,,101900,AB00210.DAT,14.25,1.193,-0.085,down
vol1,E387A.LFT,E387 (A),e387,B. Champine,clean,clean,,,101900,AB00210.DAT,12.99,1.186,-0.085,down
vol1,E387A.LFT,E387 (A),e387,B. Champine,clean,clean,,,101900,AB00210.DAT,11.44,1.189,-0.085,down
vol1,E387A.LFT,E387 (A),e387,B. Champine,clean,clean,,,101900,AB00210.DAT,9.96,1.161,-0.085,down
vol1,E387A.LFT,E387 (A),e387,B. Champine,clean,clean,,,101900,AB00210.DAT,8.29,1.111,-0.085,down
vol1,E387A.LFT,E387 (A),e387,B. Champine,clean,clean,,,101900,AB00210.DAT,6.84,0.982,-0.085,down
vol1,E387A.LFT,E387 (A),e387,B. Champine,clean,clean,,,101900,AB00210.DAT,5.2,0.825,-0.085,down
vol1,E387A.LFT,E387 (A),e387,B. Champine,clean,clean,,,101900,AB00210.DAT,3.73,0.683,-0.085,down
vol1,E387A.LFT,E387 (A),e387,B. Champine,clean,clean,,,101900,AB00210.DAT,2.03,0.519,-0.085,down
vol1,E387A.LFT,E387 (A),e387,B. Champine,clean,clean,,,101900,AB00210.DAT,0.58,0.381,-0.085,down
vol1,E387A.LFT,E387 (A),e387,B. Champine,clean,clean,,,101900,AB00210.DAT,-0.92,0.238,-0.085,down
vol1,E387A.LFT,E387 (A),e387,B. Champine,clean,clean,,,101900,AB00210.DAT,-2.47,0.074,-0.085,down
vol1,E387A.LFT,E387 (A),e387,B. Champine,clean,clean,,,101900,AB00210.DAT,-4.14,-0.155,-0.085,down
vol1,E387A.LFT,E387 (A),e387,B. Champine,clean,clean,,,101900,AB00210.DAT,-5.56,-0.31,-0.085,down
vol1,E387A.LFT,E387 (A),e387,B. Champine,clean,clean,,,101900,AB00210.DAT,-7.1,-0.42,-0.085,down
vol1,E387A.LFT,E387 (A),e387,B. Champine,clean,clean,,,152600,JG00554.DAT,-7.07,-0.441,-0.085,up
vol1,E387A.LFT,E387 (A),e387,B. Champine,clean,clean,,,152600,JG00554.DAT,-5.32,-0.275,-0.085,up
vol1,E387A.LFT,E387 (A),e387,B. Champine,clean,clean,,,152600,JG00554.DAT,-3.53,-0.021,-0.085,up
vol1,E387A.LFT,E387 (A),e387,B. Champine,clean,clean,,,152600,JG00554.DAT,-2.08,0.116,-0.085,up
vol1,E387A.LFT,E387 (A),e387,B. Champine,clean,clean,,,152600,JG00554.DAT,-0.6,0.253,-0.085,up
vol1,E387A.LFT,E387 (A),e387,B. Champine,clean,clean,,,152600,JG00554.DAT,0.85,0.403,-0.085,up
vol1,E387A.LFT,E387 (A),e387,B. Champine,clean,clean,,,152600,JG00554.DAT,2.5,0.572,-0.085,up
vol1,E387A.LFT,E387 (A),e387,B. Champine,clean,clean,,,152600,JG00554.DAT,4.04,0.728,-0.085,up
vol1,E387A.LFT,E387 (A),e387,B. Champine,clean,clean,,,152600,JG00554.DAT,5.61,0.88,-0.085,up
vol1,E387A.LFT,E387 (A),e387,B. Champine,clean,clean,,,152600,JG00554.DAT,7.03,1.015,-0.085,up
vol1,E387A.LFT,E387 (A),e387,B. Champine,clean,clean,,,152600,JG00554.DAT,8.61,1.13,-0.085,up
vol1,E387A.LFT,E387 (A),e387,B. Champine,clean,clean,,,152600,JG00554.DAT,10.01,1.172,-0.085,up
vol1,E387A.LFT,E387 (A),e387,B. Champine,clean,clean,,,152600,JG00554.DAT,11.54,1.191,-0.085,up
vol1,E387A.LFT,E387 (A),e387,B. Champine,clean,clean,,,152600,JG00554.DAT,13.0,1.194,-0.085,up
vol1,E387A.LFT,E387 (A),e387,B. Champine,clean,clean,,,152600,JG00554.DAT,14.53,1.208,-0.085,up
vol1,E387A.LFT,E387 (A),e387,B. Champine,clean,clean,,,152600,JG00554.DAT,16.09,1.124,-0.085,up
vol1,E387A.LFT,E387 (A),e387,B. Champine,clean,clean,,,152600,JG00554.DAT,17.55,1.072,-0.085,up
vol1,E387A.LFT,E387 (A),e387,B. Champine,clean,clean,,,152600,JG00554.DAT,15.84,1.113,-0.085,down
vol1,E387A.LFT,E387 (A),e387,B. Champine,clean,clean,,,152600,JG00554.DAT,14.38,1.21,-0.085,down
vol1,E387A.LFT,E387 (A),e387,B. Champine,clean,clean,,,152600,JG00554.DAT,12.98,1.191,-0.085,down
vol1,E387A.LFT,E387 (A),e387,B. Champine,clean,clean,,,152600,JG00554.DAT,11.45,1.189,-0.085,down
vol1,E387A.LFT,E387 (A),e387,B. Champine,clean,clean,,,152600,JG00554.DAT,9.94,1.161,-0.085,down
vol1,E387A.LFT,E387 (A),e387,B. Champine,clean,clean,,,152600,JG00554.DAT,8.43,1.112,-0.085,down
vol1,E387A.LFT,E387 (A),e387,B. Champine,clean,clean,,,152600,JG00554.DAT,6.81,0.985,-0.085,down
vol1,E387A.LFT,E387 (A),e387,B. Champine,clean,clean,,,152600,JG00554.DAT,5.29,0.837,-0.085,down
vol1,E387A.LFT,E387 (A),e387,B. Champine,clean,clean,,,152600,JG00554.DAT,3.8,0.69,-0.085,down
vol1,E387A.LFT,E387 (A),e387,B. Champine,clean,clean,,,152600,JG00554.DAT,2.08,0.513,-0.085,down
vol1,E387A.LFT,E387 (A),e387,B. Champine,clean,clean,,,152600,JG00554.DAT,0.69,0.371,-0.085,down
vol1,E387A.LFT,E387 (A),e387,B. Champine,clean,clean,,,152600,JG00554.DAT,-0.93,0.203,-0.085,down
vol1,E387A.LFT,E387 (A),e387,B. Champine,clean,clean,,,152600,JG00554.DAT,-2.61,0.051,-0.085,down
vol1,E387A.LFT,E387 (A),e387,B. Champine,clean,clean,,,152600,JG00554.DAT,-4.05,-0.102,-0.085,down
vol1,E387A.LFT,E387 (A),e387,B. Champine,clean,clean,,,152600,JG00554.DAT,-5.62,-0.328,-0.085,down
vol1,E387A.LFT,E387 (A),e387,B. Champine,clean,clean,,,152600,JG00554.DAT,-7.26,-0.453,-0.085,down
vol1,E387A.LFT,E387 (A),e387,B. Champine,clean,clean,,,203100,JG00212.DAT,-7.02,-0.429,-0.085,up
vol1,E387A.LFT,E387 (A),e387,B. Champine,clean,clean,,,203100,JG00212.DAT,-4.62,-0.122,-0.085,up
vol1,E387A.LFT,E387 (A),e387,B. Champine,clean,clean,,,203100,JG00212.DAT,-3.39,-0.001,-0.085,up
vol1,E387A.LFT,E387 (A),e387,B. Champine,clean,clean,,,203100,JG00212.DAT,-2.05,0.121,-0.085,up
vol1,E387A.LFT,E387 (A),e387,B. Champine,clean,clean,,,203100,JG00212.DAT,-0.39,0.282,-0.085,up
vol1,E387A.LFT,E387 (A),e387,B. Champine,clean,clean,,,203100,JG00212.DAT,1.18,0.443,-0.085,up
vol1,E387A.LFT,E387 (A),e387,B. Champine,clean,clean,,,203100,JG00212.DAT,2.71,0.601,-0.085,up
vol1,E387A.LFT,E387 (A),e387,B. Champine,clean,clean,,,203100,JG00212.DAT,4.3,0.767,-0.085,up
vol1,E387A.LFT,E387 (A),e387,B. Champine,clean,clean,,,203100,JG00212.DAT,5.65,0.9,-0.085,up
vol1,E387A.LFT,E387 (A),e387,B. Champine,clean,clean,,,203100,JG00212.DAT,7.21,1.045,-0.085,up
vol1,E387A.LFT,E387 (A),e387,B. Champine,clean,clean,,,203100,JG00212.DAT,8.76,1.136,-0.085,up
vol1,E387A.LFT,E387 (A),e387,B. Champine,clean,clean,,,203100,JG00212.DAT,10.2,1.18,-0.085,up
vol1,E387A.LFT,E387 (A),e387,B. Champine,clean,clean,,,203100,JG00212.DAT,11.53,1.192,-0.085,up
vol1,E387A.LFT,E387 (A),e387,B. Champine,clean,clean,,,203100,JG00212.DAT,13.06,1.198,-0.085,up
vol1,E387A.LFT,E387 (A),e387,B. Champine,clean,clean,,,203100,JG00212.DAT,14.59,1.225,-0.085,up
vol1,E387A.LFT,E387 (A),e387,B. Champine,clean,clean,,,203100,JG00212.DAT,16.5,1.092,-0.085,up
vol1,E387A.LFT,E387 (A),e387,B. Champine,clean,clean,,,203100,JG00212.DAT,17.67,1.057,-0.085,up
vol1,E387A.LFT,E387 (A),e387,B. Champine,clean,clean,,,203100,JG00212.DAT,15.68,1.145,-0.085,down
vol1,E387A.LFT,E387 (A),e387,B. Champine,clean,clean,,,203100,JG00212.DAT,14.13,1.222,-0.085,down
vol1,E387A.LFT,E387 (A),e387,B. Champine,clean,clean,,,203100,JG00212.DAT,12.89,1.196,-0.085,down
vol1,E387A.LFT,E387 (A),e387,B. Champine,clean,clean,,,203100,JG00212.DAT,11.29,1.186,-0.085,down
vol1,E387A.LFT,E387 (A),e387,B. Champine,clean,clean,,,203100,JG00212.DAT,9.79,1.166,-0.085,down
vol1,E387A.LFT,E387 (A),e387,B. Champine,clean,clean,,,203100,JG00212.DAT,8.19,1.103,-0.085,down
vol1,E387A.LFT,E387 (A),e387,B. Champine,clean,clean,,,203100,JG00212.DAT,6.68,0.992,-0.085,down
vol1,E387A.LFT,E387 (A),e387,B. Champine,clean,clean,,,203100,JG00212.DAT,4.98,0.825,-0.085,down
vol1,E387A.LFT,E387 (A),e387,B. Champine,clean,clean,,,203100,JG00212.DAT,3.56,0.682,-0.085,down
vol1,E387A.LFT,E387 (A),e387,B. Champine,clean,clean,,,203100,JG00212.DAT,1.74,0.493,-0.085,down
vol1,E387A.LFT,E387 (A),e387,B. Champine,clean,clean,,,203100,JG00212.DAT,0.42,0.356,-0.085,down
vol1,E387A.LFT,E387 (A),e387,B. Champine,clean,clean,,,203100,JG00212.DAT,-1.21,0.187,-0.085,down
vol1,E387A.LFT,E387 (A),e387,B. Champine,clean,clean,,,203100,JG00212.DAT,-2.73,0.048,-0.085,down
vol1,E387A.LFT,E387 (A),e387,B. Champine,clean,clean,,,203100,JG00212.DAT,-4.61,-0.135,-0.085,down
vol1,E387A.LFT,E387 (A),e387,B. Champine,clean,clean,,,203100,JG00212.DAT,-5.86,-0.315,-0.085,down
vol1,E387A.LFT,E387 (A),e387,B. Champine,clean,clean,,,203100,JG00212.DAT,-7.57,-0.47,-0.085,down
vol1,E387A.LFT,E387 (A),e387,B. Champine,clean,clean,,,304400,JG00214.DAT,-6.95,-0.427,-0.085,up
vol1,E387A.LFT,E387 (A),e387,B. Champine,clean,clean,,,304400,JG00214.DAT,-5.49,-0.229,-0.085,up
vol1,E387A.LFT,E387 (A),e387,B. Champine,clean,clean,,,304400,JG00214.DAT,-3.97,-0.075,-0.085,up
vol1,E387A.LFT,E387 (A),e387,B. Champine,clean,clean,,,304400,JG00214.DAT,-2.28,0.085,-0.085,up
vol1,E387A.LFT,E387 (A),e387,B. Champine,clean,clean,,,304400,JG00214.DAT,-0.45,0.264,-0.085,up
vol1,E387A.LFT,E387 (A),e387,B. Champine,clean,clean,,,304400,JG00214.DAT,1.01,0.423,-0.085,up
vol1,E387A.LFT,E387 (A),e387,B. Champine,clean,clean,,,304400,JG00214.DAT,2.46,0.579,-0.085,up
vol1,E387A.LFT,E387 (A),e387,B. Champine,clean,clean,,,304400,JG00214.DAT,4.03,0.743,-0.085,up
vol1,E387A.LFT,E387 (A),e387,B. Champine,clean,clean,,,304400,JG00214.DAT,5.54,0.897,-0.085,up
vol1,E387A.LFT,E387 (A),e387,B. Champine,clean,clean,,,304400,JG00214.DAT,6.93,1.023,-0.085,up
vol1,E387A.LFT,E387 (A),e387,B. Champine,clean,clean,,,304400,JG00214.DAT,8.49,1.123,-0.085,up
vol1,E387A.LFT,E387 (A),e387,B. Champine,clean,clean,,,304400,JG00214.DAT,9.96,1.184,-0.085,up
vol1,E387A.LFT,E387 (A),e387,B. Champine,clean,clean,,,304400,JG00214.DAT,11.48,1.202,-0.085,up
vol1,E387A.LFT,E387 (A),e387,B. Champine,clean,clean,,,304400,JG00214.DAT,12.94,1.209,-0.085,up
vol1,E387A.LFT,E387 (A),e387,B. Champine,clean,clean,,,304400,JG00214.DAT,14.37,1.26,-0.085,up
vol1,E387A.LFT,E387 (A),e387,B. Champine,clean,clean,,,304400,JG00214.DAT,15.98,1.15,-0.085,up
vol1,E387A.LFT,E387 (A),e387,B. Champine,clean,clean,,,304400,JG00214.DAT,17.76,1.063,-0.085,up
vol1,E387A.LFT,E387 (A),e387,B. Champine,clean,clean,,,304400,JG00214.DAT,15.83,1.151,-0.085,down
vol1,E387A.LFT,E387 (A),e387,B. Champine,clean,clean,,,304400,JG00214.DAT,14.45,1.263,-0.085,down
vol1,E387A.LFT,E387 (A),e387,B. Champine,clean,clean,,,304400,JG00214.DAT,12.92,1.209,-0.085,down
vol1,E387A.LFT,E387 (A),e387,B. Champine,clean,clean,,,304400,JG00214.DAT,11.42,1.196,-0.085,down
vol1,E387A.LFT,E387 (A),e387,B. Champine,clean,clean,,,304400,JG00214.DAT,9.9,1.174,-0.085,down
vol1,E387A.LFT,E387 (A),e387,B. Champine,clean,clean,,,304400,JG00214.DAT,8.39,1.107,-0.085,down
vol1,E387A.LFT,E387 (A),e387,B. Champine,clean,clean,,,304400,JG00214.DAT,6.88,1.005,-0.085,down
vol1,E387A.LFT,E387 (A),e387,B. Champine,clean,clean,,,304400,JG00214.DAT,5.31,0.861,-0.085,down
vol1,E387A.LFT,E387 (A),e387,B. Champine,clean,clean,,,304400,JG00214.DAT,3.78,0.703,-0.085,down
vol1,E387A.LFT,E387 (A),e387,B. Champine,clean,clean,,,304400,JG00214.DAT,2.06,0.522,-0.085,down
vol1,E387A.LFT,E387 (A),e387,B. Champine,clean,clean,,,304400,JG00214.DAT,0.41,0.348,-0.085,down
vol1,E387A.LFT,E387 (A),e387,B. Champine,clean,clean,,,304400,JG00214.DAT,-1.41,0.157,-0.085,down
vol1,E387A.LFT,E387 (A),e387,B. Champine,clean,clean,,,304400,JG00214.DAT,-2.77,0.028,-0.085,down
vol1,E387A.LFT,E387 (A),e387,B. Champine,clean,clean,,,304400,JG00214.DAT,-4.21,-0.107,-0.085,down
vol1,E387A.LFT,E387 (A),e387,B. Champine,clean,clean,,,304400,JG00214.DAT,-5.5,-0.242,-0.085,down
vol1,E387A.LFT,E387 (A),e387,B. Champine,clean,clean,,,304400,JG00214.DAT,-7.09,-0.442,-0.085,down
vol1,FX63137B.LFT,FX 63-137 (B),fx63137,M. Allen,clean,clean,,,61500,AB00504.DAT,-6.11,-0.394,-0.17,up
vol1,FX63137B.LFT,FX 63-137 (B),fx63137,M. Allen,clean,clean,,,61500,AB00504.DAT,-4.63,-0.107,-0.17,up
vol1,FX63137B.LFT,FX 63-137 (B),fx63137,M. Allen,clean,clean,,,61500,AB00504.DAT,-3.6,0.049,-0.17,up
vol1,FX63137B.LFT,FX 63-137 (B),fx63137,M. Allen,clean,clean,,,61500,AB00504.DAT,-2.65,0.165,-0.17,up
vol1,FX63137B.LFT,FX 63-137 (B),fx63137,M. Allen,clean,clean,,,61500,AB00504.DAT,-1.67,0.272,-0.17,up
vol1,FX63137B.LFT,FX 63-137 (B),fx63137,M. Allen,clean,clean,,,61500,AB00504.DAT,-0.49,0.342,-0.17,up
vol1,FX63137B.LFT,FX 63-137 (B),fx63137,M. Allen,clean,clean,,,61500,AB00504.DAT,0.42,0.389,-0.17,up
vol1,FX63137B.LFT,FX 63-137 (B),fx63137,M. Allen,clean,clean,,,61500,AB00504.DAT,1.34,0.443,-0.17,up
vol1,FX63137B.LFT,FX 63-137 (B),fx63137,M. Allen,clean,clean,,,61500,AB00504.DAT,2.49,0.501,-0.17,up
vol1,FX63137B.LFT,FX 63-137 (B),fx63137,M. Allen,clean,clean,,,61500,AB00504.DAT,3.4,0.551,-0.17,up
vol1,FX63137B.LFT,FX 63-137 (B),fx63137,M. Allen,clean,clean,,,61500,AB00504.DAT,4.41,0.645,-0.17,up
vol1,FX63137B.LFT,FX 63-137 (B),fx63137,M. Allen,clean,clean,,,61500,AB00504.DAT,5.58,0.693,-0.17,up
vol1,FX63137B.LFT,FX 63-137 (B),fx63137,M. Allen,clean,clean,,,61500,AB00504.DAT,6.61,0.741,-0.17,up
vol1,FX63137B.LFT,FX 63-137 (B),fx63137,M. Allen,clean,clean,,,61500,AB00504.DAT,7.56,0.768,-0.17,up
vol1,FX63137B.LFT,FX 63-137 (B),fx63137,M. Allen,clean,clean,,,61500,AB00504.DAT,8.58,0.821,-0.17,up
vol1,FX63137B.LFT,FX 63-137 (B),fx63137,M. Allen,clean,clean,,,61500,AB00504.DAT,9.59,0.85,-0.17,up
vol1,FX63137B.LFT,FX 63-137 (B),fx63137,M. Allen,clean,clean,,,61500,AB00504.DAT,10.56,0.87,-0.17,up
vol1,FX63137B.LFT,FX 63-137 (B),fx63137,M. Allen,clean,clean,,,61500,AB00504.DAT,11.49,0.894,-0.17,up
vol1,FX63137B.LFT,FX 63-137 (B),fx63137,M. Allen,clean,clean,,,61500,AB00504.DAT,12.65,0.901,-0.17,up
vol1,FX63137B.LFT,FX 63-137 (B),fx63137,M. Allen,clean,clean,,,61500,AB00504.DAT,13.6,0.918,-0.17,up
vol1,FX63137B.LFT,FX 63-137 (B),fx63137,M. Allen,clean,clean,,,61500,AB00504.DAT,14.54,0.97,-0.17,up
vol1,FX63137B.LFT,FX 63-137 (B),fx63137,M. Allen,clean,clean,,,61500,AB00504.DAT,15.69,0.992,-0.17,up
vol1,FX63137B.LFT,FX 63-137 (B),fx63137,M. Allen,clean,clean,,,61500,AB00504.DAT,16.52,1.022,-0.17,up
vol1,FX63137B.LFT,FX 63-137 (B),fx63137,M. Allen,clean,clean,,,61500,AB00504.DAT,17.53,1.105,-0.17,up
vol1,FX63137B.LFT,FX 63-137 (B),fx63137,M. Allen,clean,clean,,,61500,AB00504.DAT,18.57,1.163,-0.17,up
vol1,FX63137B.LFT,FX 63-137 (B),fx63137,M. Allen,clean,clean,,,61500,AB00504.DAT,19.59,1.187,-0.17,up
vol1,FX63137B.LFT,FX 63-137 (B),fx63137,M. Allen,clean,clean,,,61500,AB00504.DAT,20.58,1.216,-0.17,up
vol1,FX63137B.LFT,FX 63-137 (B),fx63137,M. Allen,clean,clean,,,61500,AB00504.DAT,19.46,1.141,-0.17,down
vol1,FX63137B.LFT,FX 63-137 (B),fx63137,M. Allen,clean,clean,,,61500,AB00504.DAT,18.32,1.126,-0.17,down
vol1,FX63137B.LFT,FX 63-137 (B),fx63137,M. Allen,clean,clean,,,61500,AB00504.DAT,17.43,1.075,-0.17,down
vol1,FX63137B.LFT,FX 63-137 (B),fx63137,M. Allen,clean,clean,,,61500,AB00504.DAT,16.37,1.008,-0.17,down
vol1,FX63137B.LFT,FX 63-137 (B),fx63137,M. Allen,clean,clean,,,61500,AB00504.DAT,15.28,0.988,-0.17,down
vol1,FX63137B.LFT,FX 63-137 (B),fx63137,M. Allen,clean,clean,,,61500,AB00504.DAT,14.31,0.953,-0.17,down
vol1,FX63137B.LFT,FX 63-137 (B),fx63137,M. Allen,clean,clean,,,61500,AB00504.DAT,13.38,0.896,-0.17,down
vol1,FX63137B.LFT,FX 63-137 (B),fx63137,M. Allen,clean,clean,,,61500,AB00504.DAT,12.26,0.877,-0.17,down
vol1,FX63137B.LFT,FX 63-137 (B),fx63137,M. Allen,clean,clean,,,61500,AB00504.DAT,11.37,0.881,-0.17,down
vol1,FX63137B.LFT,FX 63-137 (B),fx63137,M. Allen,clean,clean,,,61500,AB00504.DAT,10.31,0.864,-0.17,down
vol1,FX63137B.LFT,FX 63-137 (B),fx63137,M. Allen,clean,clean,,,61500,AB00504.DAT,9.27,0.797,-0.17,down
vol1,FX63137B.LFT,FX 63-137 (B),fx63137,M. Allen,clean,clean,,,61500,AB00504.DAT,8.26,0.78,-0.17,down
vol1,FX63137B.LFT,FX 63-137 (B),fx63137,M. Allen,clean,clean,,,61500,AB00504.DAT,7.32,0.74,-0.17,down
vol1,FX63137B.LFT,FX 63-137 (B),fx63137,M. Allen,clean,clean,,,61500,AB00504.DAT,6.24,0.682,-0.17,down
vol1,FX63137B.LFT,FX 63-137 (B),fx63137,M. Allen,clean,clean,,,61500,AB00504.DAT,5.34,0.659,-0.17,down
vol1,FX63137B.LFT,FX 63-137 (B),fx63137,M. Allen,clean,clean,,,61500,AB00504.DAT,4.31,0.603,-0.17,down
vol1,FX63137B.LFT,FX 63-137 (B),fx63137,M. Allen,clean,clean,,,61500,AB00504.DAT,3.25,0.504,-0.17,down
vol1,FX63137B.LFT,FX 63-137 (B),fx63137,M. Allen,clean,clean,,,61500,AB00504.DAT,2.23,0.462,-0.17,down
vol1,FX63137B.LFT,FX 63-137 (B),fx63137,M. Allen,clean,clean,,,61500,AB00504.DAT,1.19,0.404,-0.17,down
vol1,FX63137B.LFT,FX 63-137 (B),fx63137,M. Allen,clean,clean,,,61500,AB00504.DAT,0.11,0.333,-0.17,down
vol1,FX63137B.LFT,FX 63-137 (B),fx63137,M. Allen,clean,clean,,,61500,AB00504.DAT,-0.87,0.279,-0.17,down
vol1,FX63137B.LFT,FX 63-137 (B),fx63137,M. Allen,clean,clean,,,61500,AB00504.DAT,-1.92,0.212,-0.17,down
vol1,FX63137B.LFT,FX 63-137 (B),fx63137,M. Allen,clean,clean,,,61500,AB00504.DAT,-2.95,0.1,-0.17,down
vol1,FX63137B.LFT,FX 63-137 (B),fx63137,M. Allen,clean,clean,,,61500,AB00504.DAT,-3.96,-0.028,-0.17,down
vol1,FX63137B.LFT,FX 63-137 (B),fx63137,M. Allen,clean,clean,,,61500,AB00504.DAT,-5.02,-0.206,-0.17,down
vol1,FX63137B.LFT,FX 63-137 (B),fx63137,M. Allen,clean,clean,,,61500,AB00504.DAT,-6.02,-0.433,-0.17,down
vol1,FX63137B.LFT,FX 63-137 (B),fx63137,M. Allen,clean,clean,,,80400,MS00297.DAT,-8.04,-0.336,-0.17,up
vol1,FX63137B.LFT,FX 63-137 (B),fx63137,M. Allen,clean,clean,,,80400,MS00297.DAT,-6.99,-0.33,-0.17,up
vol1,FX63137B.LFT,FX 63-137 (B),fx63137,M. Allen,clean,clean,,,80400,MS00297.DAT,-6.06,-0.312,-0.17,up
vol1,FX63137B.LFT,FX 63-137 (B),fx63137,M. Allen,clean,clean,,,80400,MS00297.DAT,-5.03,-0.025,-0.17,up
vol1,FX63137B.LFT,FX 63-137 (B),fx63137,M. Allen,clean,clean,,,80400,MS00297.DAT,-4.0,0.123,-0.17,up
vol1,FX63137B.LFT,FX 63-137 (B),fx63137,M. Allen,clean,clean,,,80400,MS00297.DAT,-2.86,0.256,-0.17,up
vol1,FX63137B.LFT,FX 63-137 (B),fx63137,M. Allen,clean,clean,,,80400,MS00297.DAT,-1.79,0.345,-0.17,up
vol1,FX63137B.LFT,FX 63-137 (B),fx63137,M. Allen,clean,clean,,,80400,MS00297.DAT,-0.78,0.448,-0.17,up
vol1,FX63137B.LFT,FX 63-137 (B),fx63137,M. Allen,clean,clean,,,80400,MS00297.DAT,0.19,0.458,-0.17,up
vol1,FX63137B.LFT,FX 63-137 (B),fx63137,M. Allen,clean,clean,,,80400,MS00297.DAT,1.12,0.523,-0.17,up
vol1,FX63137B.LFT,FX 63-137 (B),fx63137,M. Allen,clean,clean,,,80400,MS00297.DAT,2.2,0.559,-0.17,up
vol1,FX63137B.LFT,FX 63-137 (B),fx63137,M. Allen,clean,clean,,,80400,MS00297.DAT,3.29,0.612,-0.17,up
vol1,FX63137B.LFT,FX 63-137 (B),fx63137,M. Allen,clean,clean,,,80400,MS00297.DAT,4.29,0.688,-0.17,up
vol1,FX63137B.LFT,FX 63-137 (B),fx63137,M. Allen,clean,clean,,,80400,MS00297.DAT,5.33,0.754,-0.17,up
vol1,FX63137B.LFT,FX 63-137 (B),fx63137,M. Allen,clean,clean,,,80400,MS00297.DAT,6.31,0.781,-0.17,up
vol1,FX63137B.LFT,FX 63-137 (B),fx63137,M. Allen,clean,clean,,,80400,MS00297.DAT,7.3,0.826,-0.17,up
vol1,FX63137B.LFT,FX 63-137 (B),fx63137,M. Allen,clean,clean,,,80400,MS00297.DAT,8.36,0.879,-0.17,up
vol1,FX63137B.LFT,FX 63-137 (B),fx63137,M. Allen,clean,clean,,,80400,MS00297.DAT,9.33,0.922,-0.17,up
vol1,FX63137B.LFT,FX 63-137 (B),fx63137,M. Allen,clean,clean,,,80400,MS00297.DAT,10.34,0.963,-0.17,up
vol1,FX63137B.LFT,FX 63-137 (B),fx63137,M. Allen,clean,clean,,,80400,MS00297.DAT,11.41,1.018,-0.17,up
vol1,FX63137B.LFT,FX 63-137 (B),fx63137,M. Allen,clean,clean,,,80400,MS00297.DAT,12.43,1.502,-0.17,up
vol1,FX63137B.LFT,FX 63-137 (B),fx63137,M. Allen,clean,clean,,,80400,MS00297.DAT,13.48,1.667,-0.17,up
vol1,FX63137B.LFT,FX 63-137 (B),fx63137,M. Allen,clean,clean,,,80400,MS00297.DAT,14.48,1.667,-0.17,up
vol1,FX63137B.LFT,FX 63-137 (B),fx63137,M. Allen,clean,clean,,,80400,MS00297.DAT,15.45,1.647,-0.17,up
vol1,FX63137B.LFT,FX 63-137 (B),fx63137,M. Allen,clean,clean,,,80400,MS00297.DAT,16.32,1.27,-0.17,up
vol1,FX63137B.LFT,FX 63-137 (B),fx63137,M. Allen,clean,clean,,,80400,MS00297.DAT,17.38,1.175,-0.17,up
vol1,FX63137B.LFT,FX 63-137 (B),fx63137,M. Allen,clean,clean,,,80400,MS00297.DAT,18.31,1.198,-0.17,up
vol1,FX63137B.LFT,FX 63-137 (B),fx63137,M. Allen,clean,clean,,,80400,MS00297.DAT,19.43,1.261,-0.17,up
vol1,FX63137B.LFT,FX 63-137 (B),fx63137,M. Allen,clean,clean,,,80400,MS00297.DAT,20.49,1.27,-0.17,up
vol1,FX63137B.LFT,FX 63-137 (B),fx63137,M. Allen,clean,clean,,,80400,MS00297.DAT,21.37,1.247,-0.17,up
vol1,FX63137B.LFT,FX 63-137 (B),fx63137,M. Allen,clean,clean,,,80400,MS00297.DAT,22.36,1.292,-0.17,up
vol1,FX63137B.LFT,FX 63-137 (B),fx63137,M. Allen,clean,clean,,,80400,MS00297.DAT,23.37,1.327,-0.17,up
vol1,FX63137B.LFT,FX 63-137 (B),fx63137,M. Allen,clean,clean,,,80400,MS00297.DAT,24.47,1.365,-0.17,up
vol1,FX63137B.LFT,FX 63-137 (B),fx63137,M. Allen,clean,clean,,,80400,MS00297.DAT,23.54,1.345,-0.17,down
vol1,FX63137B.LFT,FX 63-137 (B),fx63137,M. Allen,clean,clean,,,80400,MS00297.DAT,22.62,1.288,-0.17,down
vol1,FX63137B.LFT,FX 63-137 (B),fx63137,M. Allen,clean,clean,,,80400,MS00297.DAT,21.56,1.214,-0.17,down
vol1,FX63137B.LFT,FX 63-137 (B),fx63137,M. Allen,clean,clean,,,80400,MS00297.DAT,20.56,1.226,-0.17,down
vol1,FX63137B.LFT,FX 63-137 (B),fx63137,M. Allen,clean,clean,,,80400,MS00297.DAT,19.53,1.221,-0.17,down
vol1,FX63137B.LFT,FX 63-137 (B),fx63137,M. Allen,clean,clean,,,80400,MS00297.DAT,18.53,1.226,-0.17,down
vol1,FX63137B.LFT,FX 63-137 (B),fx63137,M. Allen,clean,clean,,,80400,MS00297.DAT,17.52,1.196,-0.17,down
vol1,FX63137B.LFT,FX 63-137 (B),fx63137,M. Allen,clean,clean,,,80400,MS00297.DAT,16.53,1.189,-0.17,down
vol1,FX63137B.LFT,FX 63-137 (B),fx63137,M. Allen,clean,clean,,,80400,MS00297.DAT,15.64,1.655,-0.17,down
vol1,FX63137B.LFT,FX 63-137 (B),fx63137,M. Allen,clean,clean,,,80400,MS00297.DAT,14.66,1.669,-0.17,down
vol1,FX63137B.LFT,FX 63-137 (B),fx63137,M. Allen,clean,clean,,,80400,MS00297.DAT,13.66,1.664,-0.17,down
vol1,FX63137B.LFT,FX 63-137 (B),fx63137,M. Allen,clean,clean,,,80400,MS00297.DAT,12.6,1.646,-0.17,down
vol1,FX63137B.LFT,FX 63-137 (B),fx63137,M. Allen,clean,clean,,,80400,MS00297.DAT,11.71,1.617,-0.17,down
vol1,FX63137B.LFT,FX 63-137 (B),fx63137,M. Allen,clean,clean,,,80400,MS00297.DAT,10.62,1.57,-0.17,down
vol1,FX63137B.LFT,FX 63-137 (B),fx63137,M. Allen,clean,clean,,,80400,MS00297.DAT,9.55,1.491,-0.17,down
vol1,FX63137B.LFT,FX 63-137 (B),fx63137,M. Allen,clean,clean,,,80400,MS00297.DAT,8.57,1.402,-0.17,down
vol1,FX63137B.LFT,FX 63-137 (B),fx63137,M. Allen,clean,clean,,,80400,MS00297.DAT,7.44,0.841,-0.17,down
vol1,FX63137B.LFT,FX 63-137 (B),fx63137,M. Allen,clean,clean,,,80400,MS00297.DAT,6.36,0.772,-0.17,down
vol1,FX63137B.LFT,FX 63-137 (B),fx63137,M. Allen,clean,clean,,,80400,MS00297.DAT,5.44,0.743,-0.17,down
vol1,FX63137B.LFT,FX 63-137 (B),fx63137,M. Allen,clean,clean,,,80400,MS00297.DAT,4.38,0.678,-0.17,down
vol1,FX63137B.LFT,FX 63-137 (B),fx63137,M. Allen,clean,clean,,,80400,MS00297.DAT,3.4,0.605,-0.17,down
vol1,FX63137B.LFT,FX 63-137 (B),fx63137,M. Allen,clean,clean,,,80400,MS00297.DAT,2.38,0.566,-0.17,down
vol1,FX63137B.LFT,FX 63-137 (B),fx63137,M. Allen,clean,clean,,,80400,MS00297.DAT,1.39,0.512,-0.17,down
vol1,FX63137B.LFT,FX 63-137 (B),fx63137,M. Allen,clean,clean,,,80400,MS00297.DAT,0.35,0.452,-0.17,down
vol1,FX63137B.LFT,FX 63-137 (B),fx63137,M. Allen,clean,clean,,,80400,MS00297.DAT,-0.67,0.41,-0.17,down
vol1,FX63137B.LFT,FX 63-137 (B),fx63137,M. Allen,clean,clean,,,80400,MS00297.DAT,-1.64,0.359,-0.17,down
vol1,FX63137B.LFT,FX 63-137 (B),fx63137,M. Allen,clean,clean,,,80400,MS00297.DAT,-2.69,0.249,-0.17,down
vol1,FX63137B.LFT,FX 63-137 (B),fx63137,M. Allen,clean,clean,,,80400,MS00297.DAT,-3.74,0.14,-0.17,down
vol1,FX63137B.LFT,FX 63-137 (B),fx63137,M. Allen,clean,clean,,,80400,MS00297.DAT,-4.76,-0.004,-0.17,down
vol1,FX63137B.LFT,FX 63-137 (B),fx63137,M. Allen,clean,clean,,,80400,MS00297.DAT,-5.83,-0.307,-0.17,down
vol1,FX63137B.LFT,FX 63-137 (B),fx63137,M. Allen,clean,clean,,,80400,MS00297.DAT,-6.85,-0.352,-0.17,down
vol1,FX63137B.LFT,FX 63-137 (B),fx63137,M. Allen,clean,clean,,,80400,MS00297.DAT,-7.89,-0.334,-0.17,down
vol1,FX63137B.LFT,FX 63-137 (B),fx63137,M. Allen,clean,clean,,,89800,MS00299.DAT,-7.76,-0.317,-0.17,up
vol1,FX63137B.LFT,FX 63-137 (B),fx63137,M. Allen,clean,clean,,,89800,MS00299.DAT,-6.95,-0.338,-0.17,up
vol1,FX63137B.LFT,FX 63-137 (B),fx63137,M. Allen,clean,clean,,,89800,MS00299.DAT,-5.96,-0.286,-0.17,up
vol1,FX63137B.LFT,FX 63-137 (B),fx63137,M. Allen,clean,clean,,,89800,MS00299.DAT,-4.87,0.014,-0.17,up
vol1,FX63137B.LFT,FX 63-137 (B),fx63137,M. Allen,clean,clean,,,89800,MS00299.DAT,-3.93,0.159,-0.17,up
vol1,FX63137B.LFT,FX 63-137 (B),fx63137,M. Allen,clean,clean,,,89800,MS00299.DAT,-2.81,0.287,-0.17,up
vol1,FX63137B.LFT,FX 63-137 (B),fx63137,M. Allen,clean,clean,,,89800,MS00299.DAT,-1.79,0.364,-0.17,up
vol1,FX63137B.LFT,FX 63-137 (B),fx63137,M. Allen,clean,clean,,,89800,MS00299.DAT,-0.87,0.422,-0.17,up
vol1,FX63137B.LFT,FX 63-137 (B),fx63137,M. Allen,clean,clean,,,89800,MS00299.DAT,0.23,0.485,-0.17,up
vol1,FX63137B.LFT,FX 63-137 (B),fx63137,M. Allen,clean,clean,,,89800,MS00299.DAT,1.2,0.547,-0.17,up
vol1,FX63137B.LFT,FX 63-137 (B),fx63137,M. Allen,clean,clean,,,89800,MS00299.DAT,2.22,0.601,-0.17,up
vol1,FX63137B.LFT,FX 63-137 (B),fx63137,M. Allen,clean,clean,,,89800,MS00299.DAT,3.19,0.629,-0.17,up
vol1,FX63137B.LFT,FX 63-137 (B),fx63137,M. Allen,clean,clean,,,89800,MS00299.DAT,4.25,0.707,-0.17,up
vol1,FX63137B.LFT,FX 63-137 (B),fx63137,M. Allen,clean,clean,,,89800,MS00299.DAT,5.26,0.782,-0.17,up
vol1,FX63137B.LFT,FX 63-137 (B),fx63137,M. Allen,clean,clean,,,89800,MS00299.DAT,6.26,0.837,-0.17,up
vol1,FX63137B.LFT,FX 63-137 (B),fx63137,M. Allen,clean,clean,,,89800,MS00299.DAT,7.4,1.357,-0.17,up
vol1,FX63137B.LFT,FX 63-137 (B),fx63137,M. Allen,clean,clean,,,89800,MS00299.DAT,8.4,1.443,-0.17,up
vol1,FX63137B.LFT,FX 63-137 (B),fx63137,M. Allen,clean,clean,,,89800,MS00299.DAT,9.44,1.521,-0.17,up
vol1,FX63137B.LFT,FX 63-137 (B),fx63137,M. Allen,clean,clean,,,89800,MS00299.DAT,10.5,1.59,-0.17,up
vol1,FX63137B.LFT,FX 63-137 (B),fx63137,M. Allen,clean,clean,,,89800,MS00299.DAT,11.52,1.638,-0.17,up
vol1,FX63137B.LFT,FX 63-137 (B),fx63137,M. Allen,clean,clean,,,89800,MS00299.DAT,12.47,1.657,-0.17,up
vol1,FX63137B.LFT,FX 63-137 (B),fx63137,M. Allen,clean,clean,,,89800,MS00299.DAT,13.5,1.676,-0.17,up
vol1,FX63137B.LFT,FX 63-137 (B),fx63137,M. Allen,clean,clean,,,89800,MS00299.DAT,14.49,1.675,-0.17,up
vol1,FX63137B.LFT,FX 63-137 (B),fx63137,M. Allen,clean,clean,,,89800,MS00299.DAT,15.49,1.666,-0.17,up
vol1,FX63137B.LFT,FX 63-137 (B),fx63137,M. Allen,clean,clean,,,89800,MS00299.DAT,16.51,1.647,-0.17,up
vol1,FX63137B.LFT,FX 63-137 (B),fx63137,M. Allen,clean,clean,,,89800,MS00299.DAT,17.29,1.176,-0.17,up
vol1,FX63137B.LFT,FX 63-137 (B),fx63137,M. Allen,clean,clean,,,89800,MS00299.DAT,18.32,1.199,-0.17,up
vol1,FX63137B.LFT,FX 63-137 (B),fx63137,M. Allen,clean,clean,,,89800,MS00299.DAT,19.38,1.232,-0.17,up
vol1,FX63137B.LFT,FX 63-137 (B),fx63137,M. Allen,clean,clean,,,89800,MS00299.DAT,20.39,1.218,-0.17,up
vol1,FX63137B.LFT,FX 63-137 (B),fx63137,M. Allen,clean,clean,,,89800,MS00299.DAT,21.33,1.297,-0.17,up
vol1,FX63137B.LFT,FX 63-137 (B),fx63137,M. Allen,clean,clean,,,89800,MS00299.DAT,22.34,1.281,-0.17,up
vol1,FX63137B.LFT,FX 63-137 (B),fx63137,M. Allen,clean,clean,,,89800,MS00299.DAT,23.34,1.333,-0.17,up
vol1,FX63137B.LFT,FX 63-137 (B),fx63137,M. Allen,clean,clean,,,89800,MS00299.DAT,24.44,1.351,-0.17,up
vol1,FX63137B.LFT,FX 63-137 (B),fx63137,M. Allen,clean,clean,,,89800,MS00299.DAT,23.61,1.372,-0.17,down
vol1,FX63137B.LFT,FX 63-137 (B),fx63137,M. Allen,clean,clean,,,89800,MS00299.DAT,22.67,1.313,-0.17,down
vol1,FX63137B.LFT,FX 63-137 (B),fx63137,M. Allen,clean,clean,,,89800,MS00299.DAT,21.54,1.304,-0.17,down
vol1,FX63137B.LFT,FX 63-137 (B),fx63137,M. Allen,clean,clean,,,89800,MS00299.DAT,20.55,1.286,-0.17,down
vol1,FX63137B.LFT,FX 63-137 (B),fx63137,M. Allen,clean,clean,,,89800,MS00299.DAT,19.52,1.223,-0.17,down
vol1,FX63137B.LFT,FX 63-137 (B),fx63137,M. Allen,clean,clean,,,89800,MS00299.DAT,18.48,1.165,-0.17,down
vol1,FX63137B.LFT,FX 63-137 (B),fx63137,M. Allen,clean,clean,,,89800,MS00299.DAT,17.48,1.185,-0.17,down
vol1,FX63137B.LFT,FX 63-137 (B),fx63137,M. Allen,clean,clean,,,89800,MS00299.DAT,16.48,1.161,-0.17,down
vol1,FX63137B.LFT,FX 63-137 (B),fx63137,M. Allen,clean,clean,,,89800,MS00299.DAT,15.49,1.155,-0.17,down
vol1,FX63137B.LFT,FX 63-137 (B),fx63137,M. Allen,clean,clean,,,89800,MS00299.DAT,14.44,1.158,-0.17,down
vol1,FX63137B.LFT,FX 63-137 (B),fx63137,M. Allen,clean,clean,,,89800,MS00299.DAT,13.7,1.688,-0.17,down
vol1,FX63137B.LFT,FX 63-137 (B),fx63137,M. Allen,clean,clean,,,89800,MS00299.DAT,12.75,1.666,-0.17,down
vol1,FX63137B.LFT,FX 63-137 (B),fx63137,M. Allen,clean,clean,,,89800,MS00299.DAT,11.71,1.652,-0.17,down
vol1,FX63137B.LFT,FX 63-137 (B),fx63137,M. Allen,clean,clean,,,89800,MS00299.DAT,10.65,1.61,-0.17,down
vol1,FX63137B.LFT,FX 63-137 (B),fx63137,M. Allen,clean,clean,,,89800,MS00299.DAT,9.57,1.537,-0.17,down
vol1,FX63137B.LFT,FX 63-137 (B),fx63137,M. Allen,clean,clean,,,89800,MS00299.DAT,8.59,1.456,-0.17,down
vol1,FX63137B.LFT,FX 63-137 (B),fx63137,M. Allen,clean,clean,,,89800,MS00299.DAT,7.51,1.359,-0.17,down
vol1,FX63137B.LFT,FX 63-137 (B),fx63137,M. Allen,clean,clean,,,89800,MS00299.DAT,6.51,1.249,-0.17,down
vol1,FX63137B.LFT,FX 63-137 (B),fx63137,M. Allen,clean,clean,,,89800,MS00299.DAT,5.43,0.769,-0.17,down
vol1,FX63137B.LFT,FX 63-137 (B),fx63137,M. Allen,clean,clean,,,89800,MS00299.DAT,4.39,0.725,-0.17,down
vol1,FX63137B.LFT,FX 63-137 (B),fx63137,M. Allen,clean,clean,,,89800,MS00299.DAT,3.37,0.649,-0.17,down
vol1,FX63137B.LFT,FX 63-137 (B),fx63137,M. Allen,clean,clean,,,89800,MS00299.DAT,2.33,0.59,-0.17,down
vol1,FX63137B.LFT,FX 63-137 (B),fx63137,M. Allen,clean,clean,,,89800,MS00299.DAT,1.31,0.542,-0.17,down
vol1,FX63137B.LFT,FX 63-137 (B),fx63137,M. Allen,clean,clean,,,89800,MS00299.DAT,0.33,0.484,-0.17,down
vol1,FX63137B.LFT,FX 63-137 (B),fx63137,M. Allen,clean,clean,,,89800,MS00299.DAT,-0.69,0.43,-0.17,down
vol1,FX63137B.LFT,FX 63-137 (B),fx63137,M. Allen,clean,clean,,,89800,MS00299.DAT,-1.61,0.372,-0.17,down
vol1,FX63137B.LFT,FX 63-137 (B),fx63137,M. Allen,clean,clean,,,89800,MS00299.DAT,-2.57,0.304,-0.17,down
vol1,FX63137B.LFT,FX 63-137 (B),fx63137,M. Allen,clean,clean,,,89800,MS00299.DAT,-3.8,0.167,-0.17,down
vol1,FX63137B.LFT,FX 63-137 (B),fx63137,M. Allen,clean,clean,,,89800,MS00299.DAT,-4.77,0.031,-0.17,down
vol1,FX63137B.LFT,FX 63-137 (B),fx63137,M. Allen,clean,clean,,,89800,MS00299.DAT,-5.85,-0.29,-0.17,down
vol1,FX63137B.LFT,FX 63-137 (B),fx63137,M. Allen,clean,clean,,,89800,MS00299.DAT,-6.78,-0.333,-0.17,down
vol1,FX63137B.LFT,FX 63-137 (B),fx63137,M. Allen,clean,clean,,,89800,MS00299.DAT,-7.79,-0.337,-0.17,down
vol1,FX63137B.LFT,FX 63-137 (B),fx63137,M. Allen,clean,clean,,,101700,MS00158.DAT,-5.95,-0.28,-0.17,up
vol1,FX63137B.LFT,FX 63-137 (B),fx63137,M. Allen,clean,clean,,,101700,MS00158.DAT,-5.04,-0.019,-0.17,up
vol1,FX63137B.LFT,FX 63-137 (B),fx63137,M. Allen,clean,clean,,,101700,MS00158.DAT,-3.72,0.165,-0.17,up
vol1,FX63137B.LFT,FX 63-137 (B),fx63137,M. Allen,clean,clean,,,101700,MS00158.DAT,-2.83,0.274,-0.17,up
vol1,FX63137B.LFT,FX 63-137 (B),fx63137,M. Allen,clean,clean,,,101700,MS00158.DAT,-1.75,0.399,-0.17,up
vol1,FX63137B.LFT,FX 63-137 (B),fx63137,M. Allen,clean,clean,,,101700,MS00158.DAT,-0.55,0.491,-0.17,up
vol1,FX63137B.LFT,FX 63-137 (B),fx63137,M. Allen,clean,clean,,,101700,MS00158.DAT,0.26,0.543,-0.17,up
vol1,FX63137B.LFT,FX 63-137 (B),fx63137,M. Allen,clean,clean,,,101700,MS00158.DAT,1.2,0.617,-0.17,up
vol1,FX63137B.LFT,FX 63-137 (B),fx63137,M. Allen,clean,clean,,,101700,MS00158.DAT,2.18,0.696,-0.17,up
vol1,FX63137B.LFT,FX 63-137 (B),fx63137,M. Allen,clean,clean,,,101700,MS00158.DAT,3.41,0.827,-0.17,up
vol1,FX63137B.LFT,FX 63-137 (B),fx63137,M. Allen,clean,clean,,,101700,MS00158.DAT,4.31,1.001,-0.17,up
vol1,FX63137B.LFT,FX 63-137 (B),fx63137,M. Allen,clean,clean,,,101700,MS00158.DAT,5.58,1.201,-0.17,up
vol1,FX63137B.LFT,FX 63-137 (B),fx63137,M. Allen,clean,clean,,,101700,MS00158.DAT,6.44,1.297,-0.17,up
vol1,FX63137B.LFT,FX 63-137 (B),fx63137,M. Allen,clean,clean,,,101700,MS00158.DAT,7.43,1.393,-0.17,up
vol1,FX63137B.LFT,FX 63-137 (B),fx63137,M. Allen,clean,clean,,,101700,MS00158.DAT,8.35,1.47,-0.17,up
vol1,FX63137B.LFT,FX 63-137 (B),fx63137,M. Allen,clean,clean,,,101700,MS00158.DAT,9.61,1.566,-0.17,up
vol1,FX63137B.LFT,FX 63-137 (B),fx63137,M. Allen,clean,clean,,,101700,MS00158.DAT,10.59,1.63,-0.17,up
vol1,FX63137B.LFT,FX 63-137 (B),fx63137,M. Allen,clean,clean,,,101700,MS00158.DAT,11.46,1.667,-0.17,up
vol1,FX63137B.LFT,FX 63-137 (B),fx63137,M. Allen,clean,clean,,,101700,MS00158.DAT,12.55,1.702,-0.17,up
vol1,FX63137B.LFT,FX 63-137 (B),fx63137,M. Allen,clean,clean,,,101700,MS00158.DAT,13.64,1.697,-0.17,up
vol1,FX63137B.LFT,FX 63-137 (B),fx63137,M. Allen,clean,clean,,,101700,MS00158.DAT,14.7,1.697,-0.17,up
vol1,FX63137B.LFT,FX 63-137 (B),fx63137,M. Allen,clean,clean,,,101700,MS00158.DAT,15.48,1.707,-0.17,up
vol1,FX63137B.LFT,FX 63-137 (B),fx63137,M. Allen,clean,clean,,,101700,MS00158.DAT,16.54,1.705,-0.17,up
vol1,FX63137B.LFT,FX 63-137 (B),fx63137,M. Allen,clean,clean,,,101700,MS00158.DAT,17.64,1.696,-0.17,up
vol1,FX63137B.LFT,FX 63-137 (B),fx63137,M. Allen,clean,clean,,,101700,MS00158.DAT,18.39,1.145,-0.17,up
vol1,FX63137B.LFT,FX 63-137 (B),fx63137,M. Allen,clean,clean,,,101700,MS00158.DAT,19.39,1.184,-0.17,up
vol1,FX63137B.LFT,FX 63-137 (B),fx63137,M. Allen,clean,clean,,,101700,MS00158.DAT,20.32,1.259,-0.17,up
vol1,FX63137B.LFT,FX 63-137 (B),fx63137,M. Allen,clean,clean,,,101700,MS00158.DAT,19.6,1.191,-0.17,down
vol1,FX63137B.LFT,FX 63-137 (B),fx63137,M. Allen,clean,clean,,,101700,MS00158.DAT,18.47,1.154,-0.17,down
vol1,FX63137B.LFT,FX 63-137 (B),fx63137,M. Allen,clean,clean,,,101700,MS00158.DAT,17.59,1.149,-0.17,down
vol1,FX63137B.LFT,FX 63-137 (B),fx63137,M. Allen,clean,clean,,,101700,MS00158.DAT,16.49,1.12,-0.17,down
vol1,FX63137B.LFT,FX 63-137 (B),fx63137,M. Allen,clean,clean,,,101700,MS00158.DAT,15.58,1.1,-0.17,down
vol1,FX63137B.LFT,FX 63-137 (B),fx63137,M. Allen,clean,clean,,,101700,MS00158.DAT,14.46,1.182,-0.17,down
vol1,FX63137B.LFT,FX 63-137 (B),fx63137,M. Allen,clean,clean,,,101700,MS00158.DAT,13.79,1.698,-0.17,down
vol1,FX63137B.LFT,FX 63-137 (B),fx63137,M. Allen,clean,clean,,,101700,MS00158.DAT,12.78,1.702,-0.17,down
vol1,FX63137B.LFT,FX 63-137 (B),fx63137,M. Allen,clean,clean,,,101700,MS00158.DAT,11.78,1.681,-0.17,down
vol1,FX63137B.LFT,FX 63-137 (B),fx63137,M. Allen,clean,clean,,,101700,MS00158.DAT,10.76,1.632,-0.17,down
vol1,FX63137B.LFT,FX 63-137 (B),fx63137,M. Allen,clean,clean,,,101700,MS00158.DAT,9.69,1.568,-0.17,down
vol1,FX63137B.LFT,FX 63-137 (B),fx63137,M. Allen,clean,clean,,,101700,MS00158.DAT,8.74,1.5,-0.17,down
vol1,FX63137B.LFT,FX 63-137 (B),fx63137,M. Allen,clean,clean,,,101700,MS00158.DAT,7.55,1.388,-0.17,down
vol1,FX63137B.LFT,FX 63-137 (B),fx63137,M. Allen,clean,clean,,,101700,MS00158.DAT,6.5,1.28,-0.17,down
vol1,FX63137B.LFT,FX 63-137 (B),fx63137,M. Allen,clean,clean,,,101700,MS00158.DAT,5.57,1.179,-0.17,down
vol1,FX63137B.LFT,FX 63-137 (B),fx63137,M. Allen,clean,clean,,,101700,MS00158.DAT,4.56,0.999,-0.17,down
vol1,FX63137B.LFT,FX 63-137 (B),fx63137,M. Allen,clean,clean,,,101700,MS00158.DAT,3.5,0.87,-0.17,down
vol1,FX63137B.LFT,FX 63-137 (B),fx63137,M. Allen,clean,clean,,,101700,MS00158.DAT,2.37,0.683,-0.17,down
vol1,FX63137B.LFT,FX 63-137 (B),fx63137,M. Allen,clean,clean,,,101700,MS00158.DAT,1.32,0.613,-0.17,down
vol1,FX63137B.LFT,FX 63-137 (B),fx63137,M. Allen,clean,clean,,,101700,MS00158.DAT,0.32,0.541,-0.17,down
vol1,FX63137B.LFT,FX 63-137 (B),fx63137,M. Allen,clean,clean,,,101700,MS00158.DAT,-0.61,0.473,-0.17,down
vol1,FX63137B.LFT,FX 63-137 (B),fx63137,M. Allen,clean,clean,,,101700,MS00158.DAT,-1.73,0.389,-0.17,down
vol1,FX63137B.LFT,FX 63-137 (B),fx63137,M. Allen,clean,clean,,,101700,MS00158.DAT,-2.65,0.289,-0.17,down
vol1,FX63137B.LFT,FX 63-137 (B),fx63137,M. Allen,clean,clean,,,101700,MS00158.DAT,-3.79,0.148,-0.17,down
vol1,FX63137B.LFT,FX 63-137 (B),fx63137,M. Allen,clean,clean,,,101700,MS00158.DAT,-4.55,0.045,-0.17,down
vol1,FX63137B.LFT,FX 63-137 (B),fx63137,M. Allen,clean,clean,,,101700,MS00158.DAT,-5.82,-0.278,-0.17,down
vol1,FX63137B.LFT,FX 63-137 (B),fx63137,M. Allen,clean,clean,,,149500,MS00298.DAT,-8.04,-0.246,-0.17,up
vol1,FX63137B.LFT,FX 63-137 (B),fx63137,M. Allen,clean,clean,,,149500,MS00298.DAT,-6.87,-0.154,-0.17,up
vol1,FX63137B.LFT,FX 63-137 (B),fx63137,M. Allen,clean,clean,,,149500,MS00298.DAT,-5.82,0.078,-0.17,up
vol1,FX63137B.LFT,FX 63-137 (B),fx63137,M. Allen,clean,clean,,,149500,MS00298.DAT,-4.7,0.245,-0.17,up
vol1,FX63137B.LFT,FX 63-137 (B),fx63137,M. Allen,clean,clean,,,149500,MS00298.DAT,-3.76,0.356,-0.17,up
vol1,FX63137B.LFT,FX 63-137 (B),fx63137,M. Allen,clean,clean,,,149500,MS00298.DAT,-2.61,0.493,-0.17,up
vol1,FX63137B.LFT,FX 63-137 (B),fx63137,M. Allen,clean,clean,,,149500,MS00298.DAT,-1.53,0.596,-0.17,up
vol1,FX63137B.LFT,FX 63-137 (B),fx63137,M. Allen,clean,clean,,,149500,MS00298.DAT,-0.71,0.672,-0.17,up
vol1,FX63137B.LFT,FX 63-137 (B),fx63137,M. Allen,clean,clean,,,149500,MS00298.DAT,0.28,0.766,-0.17,up
vol1,FX63137B.LFT,FX 63-137 (B),fx63137,M. Allen,clean,clean,,,149500,MS00298.DAT,1.37,0.863,-0.17,up
vol1,FX63137B.LFT,FX 63-137 (B),fx63137,M. Allen,clean,clean,,,149500,MS00298.DAT,2.33,0.95,-0.17,up
vol1,FX63137B.LFT,FX 63-137 (B),fx63137,M. Allen,clean,clean,,,149500,MS00298.DAT,3.46,1.047,-0.17,up
vol1,FX63137B.LFT,FX 63-137 (B),fx63137,M. Allen,clean,clean,,,149500,MS00298.DAT,4.38,1.129,-0.17,up
vol1,FX63137B.LFT,FX 63-137 (B),fx63137,M. Allen,clean,clean,,,149500,MS00298.DAT,5.4,1.238,-0.17,up
vol1,FX63137B.LFT,FX 63-137 (B),fx63137,M. Allen,clean,clean,,,149500,MS00298.DAT,6.46,1.339,-0.17,up
vol1,FX63137B.LFT,FX 63-137 (B),fx63137,M. Allen,clean,clean,,,149500,MS00298.DAT,7.42,1.423,-0.17,up
vol1,FX63137B.LFT,FX 63-137 (B),fx63137,M. Allen,clean,clean,,,149500,MS00298.DAT,8.49,1.505,-0.17,up
vol1,FX63137B.LFT,FX 63-137 (B),fx63137,M. Allen,clean,clean,,,149500,MS00298.DAT,9.42,1.569,-0.17,up
vol1,FX63137B.LFT,FX 63-137 (B),fx63137,M. Allen,clean,clean,,,149500,MS00298.DAT,10.44,1.632,-0.17,up
vol1,FX63137B.LFT,FX 63-137 (B),fx63137,M. Allen,clean,clean,,,149500,MS00298.DAT,11.46,1.676,-0.17,up
vol1,FX63137B.LFT,FX 63-137 (B),fx63137,M. Allen,clean,clean,,,149500,MS00298.DAT,12.46,1.69,-0.17,up
vol1,FX63137B.LFT,FX 63-137 (B),fx63137,M. Allen,clean,clean,,,149500,MS00298.DAT,13.45,1.694,-0.17,up
vol1,FX63137B.LFT,FX 63-137 (B),fx63137,M. Allen,clean,clean,,,149500,MS00298.DAT,14.48,1.694,-0.17,up
vol1,FX63137B.LFT,FX 63-137 (B),fx63137,M. Allen,clean,clean,,,149500,MS00298.DAT,15.44,1.693,-0.17,up
vol1,FX63137B.LFT,FX 63-137 (B),fx63137,M. Allen,clean,clean,,,149500,MS00298.DAT,16.56,1.689,-0.17,up
vol1,FX63137B.LFT,FX 63-137 (B),fx63137,M. Allen,clean,clean,,,149500,MS00298.DAT,17.48,1.683,-0.17,up
vol1,FX63137B.LFT,FX 63-137 (B),fx63137,M. Allen,clean,clean,,,149500,MS00298.DAT,18.47,1.658,-0.17,up
vol1,FX63137B.LFT,FX 63-137 (B),fx63137,M. Allen,clean,clean,,,149500,MS00298.DAT,19.07,1.168,-0.17,up
vol1,FX63137B.LFT,FX 63-137 (B),fx63137,M. Allen,clean,clean,,,149500,MS00298.DAT,20.49,1.248,-0.17,up
vol1,FX63137B.LFT,FX 63-137 (B),fx63137,M. Allen,clean,clean,,,149500,MS00298.DAT,21.69,1.271,-0.17,up
vol1,FX63137B.LFT,FX 63-137 (B),fx63137,M. Allen,clean,clean,,,149500,MS00298.DAT,22.42,1.306,-0.17,up
vol1,FX63137B.LFT,FX 63-137 (B),fx63137,M. Allen,clean,clean,,,149500,MS00298.DAT,23.59,1.289,-0.17,up
vol1,FX63137B.LFT,FX 63-137 (B),fx63137,M. Allen,clean,clean,,,149500,MS00298.DAT,24.32,1.318,-0.17,up
vol1,FX63137B.LFT,FX 63-137 (B),fx63137,M. Allen,clean,clean,,,149500,MS00298.DAT,23.32,1.319,-0.17,down
vol1,FX63137B.LFT,FX 63-137 (B),fx63137,M. Allen,clean,clean,,,149500,MS00298.DAT,22.3,1.266,-0.17,down
vol1,FX63137B.LFT,FX 63-137 (B),fx63137,M. Allen,clean,clean,,,149500,MS00298.DAT,21.44,1.255,-0.17,down
vol1,FX63137B.LFT,FX 63-137 (B),fx63137,M. Allen,clean,clean,,,149500,MS00298.DAT,20.31,1.211,-0.17,down
vol1,FX63137B.LFT,FX 63-137 (B),fx63137,M. Allen,clean,clean,,,149500,MS00298.DAT,19.34,1.167,-0.17,down
vol1,FX63137B.LFT,FX 63-137 (B),fx63137,M. Allen,clean,clean,,,149500,MS00298.DAT,18.33,1.167,-0.17,down
vol1,FX63137B.LFT,FX 63-137 (B),fx63137,M. Allen,clean,clean,,,149500,MS00298.DAT,17.37,1.19,-0.17,down
vol1,FX63137B.LFT,FX 63-137 (B),fx63137,M. Allen,clean,clean,,,149500,MS00298.DAT,16.37,1.142,-0.17,down
vol1,FX63137B.LFT,FX 63-137 (B),fx63137,M. Allen,clean,clean,,,149500,MS00298.DAT,15.44,1.113,-0.17,down
vol1,FX63137B.LFT,FX 63-137 (B),fx63137,M. Allen,clean,clean,,,149500,MS00298.DAT,14.79,1.695,-0.17,down
vol1,FX63137B.LFT,FX 63-137 (B),fx63137,M. Allen,clean,clean,,,149500,MS00298.DAT,13.67,1.692,-0.17,down
vol1,FX63137B.LFT,FX 63-137 (B),fx63137,M. Allen,clean,clean,,,149500,MS00298.DAT,12.63,1.691,-0.17,down
vol1,FX63137B.LFT,FX 63-137 (B),fx63137,M. Allen,clean,clean,,,149500,MS00298.DAT,11.75,1.684,-0.17,down
vol1,FX63137B.LFT,FX 63-137 (B),fx63137,M. Allen,clean,clean,,,149500,MS00298.DAT,10.62,1.637,-0.17,down
vol1,FX63137B.LFT,FX 63-137 (B),fx63137,M. Allen,clean,clean,,,149500,MS00298.DAT,9.57,1.574,-0.17,down
vol1,FX63137B.LFT,FX 63-137 (B),fx63137,M. Allen,clean,clean,,,149500,MS00298.DAT,8.58,1.508,-0.17,down
vol1,FX63137B.LFT,FX 63-137 (B),fx63137,M. Allen,clean,clean,,,149500,MS00298.DAT,7.62,1.433,-0.17,down
vol1,FX63137B.LFT,FX 63-137 (B),fx63137,M. Allen,clean,clean,,,149500,MS00298.DAT,6.51,1.336,-0.17,down
vol1,FX63137B.LFT,FX 63-137 (B),fx63137,M. Allen,clean,clean,,,149500,MS00298.DAT,5.5,1.24,-0.17,down
vol1,FX63137B.LFT,FX 63-137 (B),fx63137,M. Allen,clean,clean,,,149500,MS00298.DAT,4.42,1.123,-0.17,down
vol1,FX63137B.LFT,FX 63-137 (B),fx63137,M. Allen,clean,clean,,,149500,MS00298.DAT,3.39,1.03,-0.17,down
vol1,FX63137B.LFT,FX 63-137 (B),fx63137,M. Allen,clean,clean,,,149500,MS00298.DAT,2.49,0.951,-0.17,down
vol1,FX63137B.LFT,FX 63-137 (B),fx63137,M. Allen,clean,clean,,,149500,MS00298.DAT,1.33,0.846,-0.17,down
vol1,FX63137B.LFT,FX 63-137 (B),fx63137,M. Allen,clean,clean,,,149500,MS00298.DAT,0.32,0.754,-0.17,down
vol1,FX63137B.LFT,FX 63-137 (B),fx63137,M. Allen,clean,clean,,,149500,MS00298.DAT,-0.71,0.657,-0.17,down
vol1,FX63137B.LFT,FX 63-137 (B),fx63137,M. Allen,clean,clean,,,149500,MS00298.DAT,-1.72,0.563,-0.17,down
vol1,FX63137B.LFT,FX 63-137 (B),fx63137,M. Allen,clean,clean,,,149500,MS00298.DAT,-2.77,0.461,-0.17,down
vol1,FX63137B.LFT,FX 63-137 (B),fx63137,M. Allen,clean,clean,,,149500,MS00298.DAT,-3.67,0.352,-0.17,down
vol1,FX63137B.LFT,FX 63-137 (B),fx63137,M. Allen,clean,clean,,,149500,MS00298.DAT,-4.88,0.204,-0.17,down
vol1,FX63137B.LFT,FX 63-137 (B),fx63137,M. Allen,clean,clean,,,149500,MS00298.DAT,-5.86,0.058,-0.17,down
vol1,FX63137B.LFT,FX 63-137 (B),fx63137,M. Allen,clean,clean,,,149500,MS00298.DAT,-6.74,-0.141,-0.17,down
vol1,FX63137B.LFT,FX 63-137 (B),fx63137,M. Allen,clean,clean,,,149500,MS00298.DAT,-7.83,-0.239,-0.17,down
vol1,FX63137B.LFT,FX 63-137 (B),fx63137,M. Allen,clean,clean,,,202700,JG00507.DAT,-8.38,-0.233,-0.17,up
vol1,FX63137B.LFT,FX 63-137 (B),fx63137,M. Allen,clean,clean,,,202700,JG00507.DAT,-6.81,-0.089,-0.17,up
vol1,FX63137B.LFT,FX 63-137 (B),fx63137,M. Allen,clean,clean,,,202700,JG00507.DAT,-5.9,0.116,-0.17,up
vol1,FX63137B.LFT,FX 63-137 (B),fx63137,M. Allen,clean,clean,,,202700,JG00507.DAT,-4.88,0.244,-0.17,up
vol1,FX63137B.LFT,FX 63-137 (B),fx63137,M. Allen,clean,clean,,,202700,JG00507.DAT,-3.88,0.348,-0.17,up
vol1,FX63137B.LFT,FX 63-137 (B),fx63137,M. Allen,clean,clean,,,202700,JG00507.DAT,-2.87,0.46,-0.17,up
vol1,FX63137B.LFT,FX 63-137 (B),fx63137,M. Allen,clean,clean,,,202700,JG00507.DAT,-1.86,0.568,-0.17,up
vol1,FX63137B.LFT,FX 63-137 (B),fx63137,M. Allen,clean,clean,,,202700,JG00507.DAT,-0.83,0.668,-0.17,up
vol1,FX63137B.LFT,FX 63-137 (B),fx63137,M. Allen,clean,clean,,,202700,JG00507.DAT,0.28,0.775,-0.17,up
vol1,FX63137B.LFT,FX 63-137 (B),fx63137,M. Allen,clean,clean,,,202700,JG00507.DAT,1.25,0.867,-0.17,up
vol1,FX63137B.LFT,FX 63-137 (B),fx63137,M. Allen,clean,clean,,,202700,JG00507.DAT,2.31,0.972,-0.17,up
vol1,FX63137B.LFT,FX 63-137 (B),fx63137,M. Allen,clean,clean,,,202700,JG00507.DAT,3.29,1.068,-0.17,up
vol1,FX63137B.LFT,FX 63-137 (B),fx63137,M. Allen,clean,clean,,,202700,JG00507.DAT,4.39,1.172,-0.17,up
vol1,FX63137B.LFT,FX 63-137 (B),fx63137,M. Allen,clean,clean,,,202700,JG00507.DAT,5.36,1.253,-0.17,up
vol1,FX63137B.LFT,FX 63-137 (B),fx63137,M. Allen,clean,clean,,,202700,JG00507.DAT,6.47,1.358,-0.17,up
vol1,FX63137B.LFT,FX 63-137 (B),fx63137,M. Allen,clean,clean,,,202700,JG00507.DAT,7.6,1.452,-0.17,up
vol1,FX63137B.LFT,FX 63-137 (B),fx63137,M. Allen,clean,clean,,,202700,JG00507.DAT,8.71,1.538,-0.17,up
vol1,FX63137B.LFT,FX 63-137 (B),fx63137,M. Allen,clean,clean,,,202700,JG00507.DAT,9.72,1.603,-0.17,up
vol1,FX63137B.LFT,FX 63-137 (B),fx63137,M. Allen,clean,clean,,,202700,JG00507.DAT,10.76,1.66,-0.17,up
vol1,FX63137B.LFT,FX 63-137 (B),fx63137,M. Allen,clean,clean,,,202700,JG00507.DAT,11.71,1.696,-0.17,up
vol1,FX63137B.LFT,FX 63-137 (B),fx63137,M. Allen,clean,clean,,,202700,JG00507.DAT,12.64,1.705,-0.17,up
vol1,FX63137B.LFT,FX 63-137 (B),fx63137,M. Allen,clean,clean,,,202700,JG00507.DAT,13.68,1.712,-0.17,up
vol1,FX63137B.LFT,FX 63-137 (B),fx63137,M. Allen,clean,clean,,,202700,JG00507.DAT,14.67,1.72,-0.17,up
vol1,FX63137B.LFT,FX 63-137 (B),fx63137,M. Allen,clean,clean,,,202700,JG00507.DAT,15.69,1.726,-0.17,up
vol1,FX63137B.LFT,FX 63-137 (B),fx63137,M. Allen,clean,clean,,,202700,JG00507.DAT,16.69,1.723,-0.17,up
vol1,FX63137B.LFT,FX 63-137 (B),fx63137,M. Allen,clean,clean,,,202700,JG00507.DAT,17.67,1.712,-0.17,up
vol1,FX63137B.LFT,FX 63-137 (B),fx63137,M. Allen,clean,clean,,,202700,JG00507.DAT,18.72,1.691,-0.17,up
vol1,FX63137B.LFT,FX 63-137 (B),fx63137,M. Allen,clean,clean,,,202700,JG00507.DAT,19.76,1.677,-0.17,up
vol1,FX63137B.LFT,FX 63-137 (B),fx63137,M. Allen,clean,clean,,,202700,JG00507.DAT,20.63,1.667,-0.17,up
vol1,FX63137B.LFT,FX 63-137 (B),fx63137,M. Allen,clean,clean,,,202700,JG00507.DAT,21.25,1.25,-0.17,up
vol1,FX63137B.LFT,FX 63-137 (B),fx63137,M. Allen,clean,clean,,,202700,JG00507.DAT,22.35,1.259,-0.17,up
vol1,FX63137B.LFT,FX 63-137 (B),fx63137,M. Allen,clean,clean,,,202700,JG00507.DAT,23.35,1.331,-0.17,up
vol1,FX63137B.LFT,FX 63-137 (B),fx63137,M. Allen,clean,clean,,,202700,JG00507.DAT,24.4,1.345,-0.17,up
vol1,FX63137B.LFT,FX 63-137 (B),fx63137,M. Allen,clean,clean,,,202700,JG00507.DAT,23.45,1.316,-0.17,down
vol1,FX63137B.LFT,FX 63-137 (B),fx63137,M. Allen,clean,clean,,,202700,JG00507.DAT,22.45,1.322,-0.17,down
vol1,FX63137B.LFT,FX 63-137 (B),fx63137,M. Allen,clean,clean,,,202700,JG00507.DAT,21.46,1.254,-0.17,down
vol1,FX63137B.LFT,FX 63-137 (B),fx63137,M. Allen,clean,clean,,,202700,JG00507.DAT,20.45,1.217,-0.17,down
vol1,FX63137B.LFT,FX 63-137 (B),fx63137,M. Allen,clean,clean,,,202700,JG00507.DAT,19.44,1.207,-0.17,down
vol1,FX63137B.LFT,FX 63-137 (B),fx63137,M. Allen,clean,clean,,,202700,JG00507.DAT,18.44,1.148,-0.17,down
vol1,FX63137B.LFT,FX 63-137 (B),fx63137,M. Allen,clean,clean,,,202700,JG00507.DAT,17.41,1.133,-0.17,down
vol1,FX63137B.LFT,FX 63-137 (B),fx63137,M. Allen,clean,clean,,,202700,JG00507.DAT,16.47,1.15,-0.17,down
vol1,FX63137B.LFT,FX 63-137 (B),fx63137,M. Allen,clean,clean,,,202700,JG00507.DAT,15.46,1.158,-0.17,down
vol1,FX63137B.LFT,FX 63-137 (B),fx63137,M. Allen,clean,clean,,,202700,JG00507.DAT,14.72,1.719,-0.17,down
vol1,FX63137B.LFT,FX 63-137 (B),fx63137,M. Allen,clean,clean,,,202700,JG00507.DAT,13.55,1.708,-0.17,down
vol1,FX63137B.LFT,FX 63-137 (B),fx63137,M. Allen,clean,clean,,,202700,JG00507.DAT,12.57,1.703,-0.17,down
vol1,FX63137B.LFT,FX 63-137 (B),fx63137,M. Allen,clean,clean,,,202700,JG00507.DAT,11.56,1.691,-0.17,down
vol1,FX63137B.LFT,FX 63-137 (B),fx63137,M. Allen,clean,clean,,,202700,JG00507.DAT,10.45,1.642,-0.17,down
vol1,FX63137B.LFT,FX 63-137 (B),fx63137,M. Allen,clean,clean,,,202700,JG00507.DAT,9.48,1.587,-0.17,down
vol1,FX63137B.LFT,FX 63-137 (B),fx63137,M. Allen,clean,clean,,,202700,JG00507.DAT,8.27,1.505,-0.17,down
vol1,FX63137B.LFT,FX 63-137 (B),fx63137,M. Allen,clean,clean,,,202700,JG00507.DAT,7.23,1.419,-0.17,down
vol1,FX63137B.LFT,FX 63-137 (B),fx63137,M. Allen,clean,clean,,,202700,JG00507.DAT,6.17,1.324,-0.17,down
vol1,FX63137B.LFT,FX 63-137 (B),fx63137,M. Allen,clean,clean,,,202700,JG00507.DAT,5.31,1.24,-0.17,down
vol1,FX63137B.LFT,FX 63-137 (B),fx63137,M. Allen,clean,clean,,,202700,JG00507.DAT,4.39,1.159,-0.17,down
vol1,FX63137B.LFT,FX 63-137 (B),fx63137,M. Allen,clean,clean,,,202700,JG00507.DAT,3.4,1.063,-0.17,down
vol1,FX63137B.LFT,FX 63-137 (B),fx63137,M. Allen,clean,clean,,,202700,JG00507.DAT,2.33,0.961,-0.17,down
vol1,FX63137B.LFT,FX 63-137 (B),fx63137,M. Allen,clean,clean,,,202700,JG00507.DAT,1.3,0.859,-0.17,down
vol1,FX63137B.LFT,FX 63-137 (B),fx63137,M. Allen,clean,clean,,,202700,JG00507.DAT,0.38,0.768,-0.17,down
vol1,FX63137B.LFT,FX 63-137 (B),fx63137,M. Allen,clean,clean,,,202700,JG00507.DAT,-0.69,0.665,-0.17,down
vol1,FX63137B.LFT,FX 63-137 (B),fx63137,M. Allen,clean,clean,,,202700,JG00507.DAT,-1.7,0.567,-0.17,down
vol1,FX63137B.LFT,FX 63-137 (B),fx63137,M. Allen,clean,clean,,,202700,JG00507.DAT,-2.69,0.465,-0.17,down
vol1,FX63137B.LFT,FX 63-137 (B),fx63137,M. Allen,clean,clean,,,202700,JG00507.DAT,-3.77,0.346,-0.17,down
vol1,FX63137B.LFT,FX 63-137 (B),fx63137,M. Allen,clean,clean,,,202700,JG00507.DAT,-4.8,0.235,-0.17,down
vol1,FX63137B.LFT,FX 63-137 (B),fx63137,M. Allen,clean,clean,,,202700,JG00507.DAT,-5.82,0.107,-0.17,down
vol1,FX63137B.LFT,FX 63-137 (B),fx63137,M. Allen,clean,clean,,,202700,JG00507.DAT,-6.82,-0.108,-0.17,down
vol1,FX63137B.LFT,FX 63-137 (B),fx63137,M. Allen,clean,clean,,,202700,JG00507.DAT,-7.83,-0.204,-0.17,down
vol1,FX63137B.LFT,FX 63-137 (B),fx63137,M. Allen,clean,clean,,,252800,JG00508.DAT,-8.04,-0.188,-0.17,up
vol1,FX63137B.LFT,FX 63-137 (B),fx63137,M. Allen,clean,clean,,,252800,JG00508.DAT,-6.99,-0.074,-0.17,up
vol1,FX63137B.LFT,FX 63-137 (B),fx63137,M. Allen,clean,clean,,,252800,JG00508.DAT,-5.89,0.132,-0.17,up
vol1,FX63137B.LFT,FX 63-137 (B),fx63137,M. Allen,clean,clean,,,252800,JG00508.DAT,-4.88,0.243,-0.17,up
vol1,FX63137B.LFT,FX 63-137 (B),fx63137,M. Allen,clean,clean,,,252800,JG00508.DAT,-3.86,0.353,-0.17,up
vol1,FX63137B.LFT,FX 63-137 (B),fx63137,M. Allen,clean,clean,,,252800,JG00508.DAT,-2.83,0.464,-0.17,up
vol1,FX63137B.LFT,FX 63-137 (B),fx63137,M. Allen,clean,clean,,,252800,JG00508.DAT,-1.79,0.579,-0.17,up
vol1,FX63137B.LFT,FX 63-137 (B),fx63137,M. Allen,clean,clean,,,252800,JG00508.DAT,-0.79,0.679,-0.17,up
vol1,FX63137B.LFT,FX 63-137 (B),fx63137,M. Allen,clean,clean,,,252800,JG00508.DAT,0.25,0.783,-0.17,up
vol1,FX63137B.LFT,FX 63-137 (B),fx63137,M. Allen,clean,clean,,,252800,JG00508.DAT,1.28,0.884,-0.17,up
vol1,FX63137B.LFT,FX 63-137 (B),fx63137,M. Allen,clean,clean,,,252800,JG00508.DAT,2.32,0.987,-0.17,up
vol1,FX63137B.LFT,FX 63-137 (B),fx63137,M. Allen,clean,clean,,,252800,JG00508.DAT,3.33,1.086,-0.17,up
vol1,FX63137B.LFT,FX 63-137 (B),fx63137,M. Allen,clean,clean,,,252800,JG00508.DAT,4.35,1.186,-0.17,up
vol1,FX63137B.LFT,FX 63-137 (B),fx63137,M. Allen,clean,clean,,,252800,JG00508.DAT,5.42,1.281,-0.17,up
vol1,FX63137B.LFT,FX 63-137 (B),fx63137,M. Allen,clean,clean,,,252800,JG00508.DAT,6.41,1.364,-0.17,up
vol1,FX63137B.LFT,FX 63-137 (B),fx63137,M. Allen,clean,clean,,,252800,JG00508.DAT,7.42,1.452,-0.17,up
vol1,FX63137B.LFT,FX 63-137 (B),fx63137,M. Allen,clean,clean,,,252800,JG00508.DAT,8.46,1.53,-0.17,up
vol1,FX63137B.LFT,FX 63-137 (B),fx63137,M. Allen,clean,clean,,,252800,JG00508.DAT,9.48,1.594,-0.17,up
vol1,FX63137B.LFT,FX 63-137 (B),fx63137,M. Allen,clean,clean,,,252800,JG00508.DAT,10.49,1.65,-0.17,up
vol1,FX63137B.LFT,FX 63-137 (B),fx63137,M. Allen,clean,clean,,,252800,JG00508.DAT,11.55,1.689,-0.17,up
vol1,FX63137B.LFT,FX 63-137 (B),fx63137,M. Allen,clean,clean,,,252800,JG00508.DAT,12.62,1.702,-0.17,up
vol1,FX63137B.LFT,FX 63-137 (B),fx63137,M. Allen,clean,clean,,,252800,JG00508.DAT,13.69,1.712,-0.17,up
vol1,FX63137B.LFT,FX 63-137 (B),fx63137,M. Allen,clean,clean,,,252800,JG00508.DAT,14.68,1.725,-0.17,up
vol1,FX63137B.LFT,FX 63-137 (B),fx63137,M. Allen,clean,clean,,,252800,JG00508.DAT,15.67,1.736,-0.17,up
vol1,FX63137B.LFT,FX 63-137 (B),fx63137,M. Allen,clean,clean,,,252800,JG00508.DAT,16.79,1.729,-0.17,up
vol1,FX63137B.LFT,FX 63-137 (B),fx63137,M. Allen,clean,clean,,,252800,JG00508.DAT,17.67,1.728,-0.17,up
vol1,FX63137B.LFT,FX 63-137 (B),fx63137,M. Allen,clean,clean,,,252800,JG00508.DAT,18.71,1.72,-0.17,up
vol1,FX63137B.LFT,FX 63-137 (B),fx63137,M. Allen,clean,clean,,,252800,JG00508.DAT,19.68,1.698,-0.17,up
vol1,FX63137B.LFT,FX 63-137 (B),fx63137,M. Allen,clean,clean,,,252800,JG00508.DAT,20.66,1.684,-0.17,up
vol1,FX63137B.LFT,FX 63-137 (B),fx63137,M. Allen,clean,clean,,,252800,JG00508.DAT,21.54,1.668,-0.17,up
vol1,FX63137B.LFT,FX 63-137 (B),fx63137,M. Allen,clean,clean,,,252800,JG00508.DAT,22.45,1.652,-0.17,up
vol1,FX63137B.LFT,FX 63-137 (B),fx63137,M. Allen,clean,clean,,,252800,JG00508.DAT,23.42,1.621,-0.17,up
vol1,FX63137B.LFT,FX 63-137 (B),fx63137,M. Allen,clean,clean,,,252800,JG00508.DAT,24.0,1.354,-0.17,up
vol1,FX63137B.LFT,FX 63-137 (B),fx63137,M. Allen,clean,clean,,,252800,JG00508.DAT,23.45,1.368,-0.17,down
vol1,FX63137B.LFT,FX 63-137 (B),fx63137,M. Allen,clean,clean,,,252800,JG00508.DAT,22.48,1.311,-0.17,down
vol1,FX63137B.LFT,FX 63-137 (B),fx63137,M. Allen,clean,clean,,,252800,JG00508.DAT,21.45,1.263,-0.17,down
vol1,FX63137B.LFT,FX 63-137 (B),fx63137,M. Allen,clean,clean,,,252800,JG00508.DAT,20.42,1.238,-0.17,down
vol1,FX63137B.LFT,FX 63-137 (B),fx63137,M. Allen,clean,clean,,,252800,JG00508.DAT,19.43,1.2,-0.17,down
vol1,FX63137B.LFT,FX 63-137 (B),fx63137,M. Allen,clean,clean,,,252800,JG00508.DAT,18.49,1.167,-0.17,down
vol1,FX63137B.LFT,FX 63-137 (B),fx63137,M. Allen,clean,clean,,,252800,JG00508.DAT,17.42,1.155,-0.17,down
vol1,FX63137B.LFT,FX 63-137 (B),fx63137,M. Allen,clean,clean,,,252800,JG00508.DAT,16.44,1.242,-0.17,down
vol1,FX63137B.LFT,FX 63-137 (B),fx63137,M. Allen,clean,clean,,,252800,JG00508.DAT,15.93,1.731,-0.17,down
vol1,FX63137B.LFT,FX 63-137 (B),fx63137,M. Allen,clean,clean,,,252800,JG00508.DAT,14.52,1.722,-0.17,down
vol1,FX63137B.LFT,FX 63-137 (B),fx63137,M. Allen,clean,clean,,,252800,JG00508.DAT,13.57,1.71,-0.17,down
vol1,FX63137B.LFT,FX 63-137 (B),fx63137,M. Allen,clean,clean,,,252800,JG00508.DAT,12.47,1.698,-0.17,down
vol1,FX63137B.LFT,FX 63-137 (B),fx63137,M. Allen,clean,clean,,,252800,JG00508.DAT,11.3,1.678,-0.17,down
vol1,FX63137B.LFT,FX 63-137 (B),fx63137,M. Allen,clean,clean,,,252800,JG00508.DAT,10.42,1.641,-0.17,down
vol1,FX63137B.LFT,FX 63-137 (B),fx63137,M. Allen,clean,clean,,,252800,JG00508.DAT,9.48,1.588,-0.17,down
vol1,FX63137B.LFT,FX 63-137 (B),fx63137,M. Allen,clean,clean,,,252800,JG00508.DAT,8.43,1.52,-0.17,down
vol1,FX63137B.LFT,FX 63-137 (B),fx63137,M. Allen,clean,clean,,,252800,JG00508.DAT,7.51,1.451,-0.17,down
vol1,FX63137B.LFT,FX 63-137 (B),fx63137,M. Allen,clean,clean,,,252800,JG00508.DAT,6.5,1.365,-0.17,down
vol1,FX63137B.LFT,FX 63-137 (B),fx63137,M. Allen,clean,clean,,,252800,JG00508.DAT,5.47,1.276,-0.17,down
vol1,FX63137B.LFT,FX 63-137 (B),fx63137,M. Allen,clean,clean,,,252800,JG00508.DAT,4.44,1.183,-0.17,down
vol1,FX63137B.LFT,FX 63-137 (B),fx63137,M. Allen,clean,clean,,,252800,JG00508.DAT,3.43,1.084,-0.17,down
vol1,FX63137B.LFT,FX 63-137 (B),fx63137,M. Allen,clean,clean,,,252800,JG00508.DAT,2.37,0.98,-0.17,down
vol1,FX63137B.LFT,FX 63-137 (B),fx63137,M. Allen,clean,clean,,,252800,JG00508.DAT,1.38,0.882,-0.17,down
vol1,FX63137B.LFT,FX 63-137 (B),fx63137,M. Allen,clean,clean,,,252800,JG00508.DAT,0.36,0.781,-0.17,down
vol1,FX63137B.LFT,FX 63-137 (B),fx63137,M. Allen,clean,clean,,,252800,JG00508.DAT,-0.7,0.674,-0.17,down
vol1,FX63137B.LFT,FX 63-137 (B),fx63137,M. Allen,clean,clean,,,252800,JG00508.DAT,-1.7,0.574,-0.17,down
vol1,FX63137B.LFT,FX 63-137 (B),fx63137,M. Allen,clean,clean,,,252800,JG00508.DAT,-2.73,0.461,-0.17,down
vol1,FX63137B.LFT,FX 63-137 (B),fx63137,M. Allen,clean,clean,,,252800,JG00508.DAT,-3.79,0.346,-0.17,down
vol1,FX63137B.LFT,FX 63-137 (B),fx63137,M. Allen,clean,clean,,,252800,JG00508.DAT,-4.78,0.241,-0.17,down
vol1,FX63137B.LFT,FX 63-137 (B),fx63137,M. Allen,clean,clean,,,252800,JG00508.DAT,-5.83,0.125,-0.17,down
vol1,FX63137B.LFT,FX 63-137 (B),fx63137,M. Allen,clean,clean,,,252800,JG00508.DAT,-6.76,-0.054,-0.17,down
vol1,FX63137B.LFT,FX 63-137 (B),fx63137,M. Allen,clean,clean,,,252800,JG00508.DAT,-7.87,-0.179,-0.17,down
vol1,FX63137B.LFT,FX 63-137 (B),fx63137,M. Allen,clean,clean,,,303400,JG00510.DAT,-7.66,-0.125,-0.17,up
vol1,FX63137B.LFT,FX 63-137 (B),fx63137,M. Allen,clean,clean,,,303400,JG00510.DAT,-6.93,-0.033,-0.17,up
vol1,FX63137B.LFT,FX 63-137 (B),fx63137,M. Allen,clean,clean,,,303400,JG00510.DAT,-5.89,0.143,-0.17,up
vol1,FX63137B.LFT,FX 63-137 (B),fx63137,M. Allen,clean,clean,,,303400,JG00510.DAT,-4.88,0.253,-0.17,up
vol1,FX63137B.LFT,FX 63-137 (B),fx63137,M. Allen,clean,clean,,,303400,JG00510.DAT,-3.85,0.364,-0.17,up
vol1,FX63137B.LFT,FX 63-137 (B),fx63137,M. Allen,clean,clean,,,303400,JG00510.DAT,-2.8,0.48,-0.17,up
vol1,FX63137B.LFT,FX 63-137 (B),fx63137,M. Allen,clean,clean,,,303400,JG00510.DAT,-1.76,0.594,-0.17,up
vol1,FX63137B.LFT,FX 63-137 (B),fx63137,M. Allen,clean,clean,,,303400,JG00510.DAT,-0.73,0.7,-0.17,up
vol1,FX63137B.LFT,FX 63-137 (B),fx63137,M. Allen,clean,clean,,,303400,JG00510.DAT,0.3,0.804,-0.17,up
vol1,FX63137B.LFT,FX 63-137 (B),fx63137,M. Allen,clean,clean,,,303400,JG00510.DAT,1.31,0.907,-0.17,up
vol1,FX63137B.LFT,FX 63-137 (B),fx63137,M. Allen,clean,clean,,,303400,JG00510.DAT,2.34,1.012,-0.17,up
vol1,FX63137B.LFT,FX 63-137 (B),fx63137,M. Allen,clean,clean,,,303400,JG00510.DAT,3.37,1.117,-0.17,up
vol1,FX63137B.LFT,FX 63-137 (B),fx63137,M. Allen,clean,clean,,,303400,JG00510.DAT,4.42,1.219,-0.17,up
vol1,FX63137B.LFT,FX 63-137 (B),fx63137,M. Allen,clean,clean,,,303400,JG00510.DAT,5.43,1.31,-0.17,up
vol1,FX63137B.LFT,FX 63-137 (B),fx63137,M. Allen,clean,clean,,,303400,JG00510.DAT,6.46,1.391,-0.17,up
vol1,FX63137B.LFT,FX 63-137 (B),fx63137,M. Allen,clean,clean,,,303400,JG00510.DAT,7.47,1.477,-0.17,up
vol1,FX63137B.LFT,FX 63-137 (B),fx63137,M. Allen,clean,clean,,,303400,JG00510.DAT,8.5,1.548,-0.17,up
vol1,FX63137B.LFT,FX 63-137 (B),fx63137,M. Allen,clean,clean,,,303400,JG00510.DAT,9.52,1.611,-0.17,up
vol1,FX63137B.LFT,FX 63-137 (B),fx63137,M. Allen,clean,clean,,,303400,JG00510.DAT,10.5,1.662,-0.17,up
vol1,FX63137B.LFT,FX 63-137 (B),fx63137,M. Allen,clean,clean,,,303400,JG00510.DAT,11.48,1.697,-0.17,up
vol1,FX63137B.LFT,FX 63-137 (B),fx63137,M. Allen,clean,clean,,,303400,JG00510.DAT,12.52,1.713,-0.17,up
vol1,FX63137B.LFT,FX 63-137 (B),fx63137,M. Allen,clean,clean,,,303400,JG00510.DAT,13.57,1.723,-0.17,up
vol1,FX63137B.LFT,FX 63-137 (B),fx63137,M. Allen,clean,clean,,,303400,JG00510.DAT,14.58,1.739,-0.17,up
vol1,FX63137B.LFT,FX 63-137 (B),fx63137,M. Allen,clean,clean,,,303400,JG00510.DAT,15.68,1.747,-0.17,up
vol1,FX63137B.LFT,FX 63-137 (B),fx63137,M. Allen,clean,clean,,,303400,JG00510.DAT,16.74,1.747,-0.17,up
vol1,FX63137B.LFT,FX 63-137 (B),fx63137,M. Allen,clean,clean,,,303400,JG00510.DAT,17.61,1.742,-0.17,up
vol1,FX63137B.LFT,FX 63-137 (B),fx63137,M. Allen,clean,clean,,,303400,JG00510.DAT,18.65,1.748,-0.17,up
vol1,FX63137B.LFT,FX 63-137 (B),fx63137,M. Allen,clean,clean,,,303400,JG00510.DAT,19.65,1.733,-0.17,up
vol1,FX63137B.LFT,FX 63-137 (B),fx63137,M. Allen,clean,clean,,,303400,JG00510.DAT,20.52,1.728,-0.17,up
vol1,FX63137B.LFT,FX 63-137 (B),fx63137,M. Allen,clean,clean,,,303400,JG00510.DAT,21.43,1.693,-0.17,up
vol1,FX63137B.LFT,FX 63-137 (B),fx63137,M. Allen,clean,clean,,,303400,JG00510.DAT,22.45,1.678,-0.17,up
vol1,FX63137B.LFT,FX 63-137 (B),fx63137,M. Allen,clean,clean,,,303400,JG00510.DAT,22.92,1.339,-0.17,up
vol1,FX63137B.LFT,FX 63-137 (B),fx63137,M. Allen,clean,clean,,,303400,JG00510.DAT,24.42,1.353,-0.17,up
vol1,FX63137B.LFT,FX 63-137 (B),fx63137,M. Allen,clean,clean,,,303400,JG00510.DAT,23.44,1.358,-0.17,down
vol1,FX63137B.LFT,FX 63-137 (B),fx63137,M. Allen,clean,clean,,,303400,JG00510.DAT,22.47,1.32,-0.17,down
vol1,FX63137B.LFT,FX 63-137 (B),fx63137,M. Allen,clean,clean,,,303400,JG00510.DAT,21.41,1.273,-0.17,down
vol1,FX63137B.LFT,FX 63-137 (B),fx63137,M. Allen,clean,clean,,,303400,JG00510.DAT,20.46,1.24,-0.17,down
vol1,FX63137B.LFT,FX 63-137 (B),fx63137,M. Allen,clean,clean,,,303400,JG00510.DAT,19.46,1.199,-0.17,down
vol1,FX63137B.LFT,FX 63-137 (B),fx63137,M. Allen,clean,clean,,,303400,JG00510.DAT,18.44,1.17,-0.17,down
vol1,FX63137B.LFT,FX 63-137 (B),fx63137,M. Allen,clean,clean,,,303400,JG00510.DAT,17.51,1.225,-0.17,down
vol1,FX63137B.LFT,FX 63-137 (B),fx63137,M. Allen,clean,clean,,,303400,JG00510.DAT,16.93,1.741,-0.17,down
vol1,FX63137B.LFT,FX 63-137 (B),fx63137,M. Allen,clean,clean,,,303400,JG00510.DAT,15.27,1.742,-0.17,down
vol1,FX63137B.LFT,FX 63-137 (B),fx63137,M. Allen,clean,clean,,,303400,JG00510.DAT,14.31,1.734,-0.17,down
vol1,FX63137B.LFT,FX 63-137 (B),fx63137,M. Allen,clean,clean,,,303400,JG00510.DAT,13.18,1.716,-0.17,down
vol1,FX63137B.LFT,FX 63-137 (B),fx63137,M. Allen,clean,clean,,,303400,JG00510.DAT,12.32,1.707,-0.17,down
vol1,FX63137B.LFT,FX 63-137 (B),fx63137,M. Allen,clean,clean,,,303400,JG00510.DAT,11.37,1.69,-0.17,down
vol1,FX63137B.LFT,FX 63-137 (B),fx63137,M. Allen,clean,clean,,,303400,JG00510.DAT,10.48,1.656,-0.17,down
vol1,FX63137B.LFT,FX 63-137 (B),fx63137,M. Allen,clean,clean,,,303400,JG00510.DAT,9.51,1.6,-0.17,down
vol1,FX63137B.LFT,FX 63-137 (B),fx63137,M. Allen,clean,clean,,,303400,JG00510.DAT,8.5,1.534,-0.17,down
vol1,FX63137B.LFT,FX 63-137 (B),fx63137,M. Allen,clean,clean,,,303400,JG00510.DAT,7.47,1.458,-0.17,down
vol1,FX63137B.LFT,FX 63-137 (B),fx63137,M. Allen,clean,clean,,,303400,JG00510.DAT,6.49,1.379,-0.17,down
vol1,FX63137B.LFT,FX 63-137 (B),fx63137,M. Allen,clean,clean,,,303400,JG00510.DAT,5.47,1.299,-0.17,down
vol1,FX63137B.LFT,FX 63-137 (B),fx63137,M. Allen,clean,clean,,,303400,JG00510.DAT,4.45,1.207,-0.17,down
vol1,FX63137B.LFT,FX 63-137 (B),fx63137,M. Allen,clean,clean,,,303400,JG00510.DAT,3.38,1.096,-0.17,down
vol1,FX63137B.LFT,FX 63-137 (B),fx63137,M. Allen,clean,clean,,,303400,JG00510.DAT,2.39,0.997,-0.17,down
vol1,FX63137B.LFT,FX 63-137 (B),fx63137,M. Allen,clean,clean,,,303400,JG00510.DAT,1.35,0.891,-0.17,down
vol1,FX63137B.LFT,FX 63-137 (B),fx63137,M. Allen,clean,clean,,,303400,JG00510.DAT,0.33,0.785,-0.17,down
vol1,FX63137B.LFT,FX 63-137 (B),fx63137,M. Allen,clean,clean,,,303400,JG00510.DAT,-0.7,0.679,-0.17,down
vol1,FX63137B.LFT,FX 63-137 (B),fx63137,M. Allen,clean,clean,,,303400,JG00510.DAT,-1.71,0.574,-0.17,down
vol1,FX63137B.LFT,FX 63-137 (B),fx63137,M. Allen,clean,clean,,,303400,JG00510.DAT,-2.72,0.458,-0.17,down
vol1,FX63137B.LFT,FX 63-137 (B),fx63137,M. Allen,clean,clean,,,303400,JG00510.DAT,-3.75,0.343,-0.17,down
vol1,FX63137B.LFT,FX 63-137 (B),fx63137,M. Allen,clean,clean,,,303400,JG00510.DAT,-4.79,0.232,-0.17,down
vol1,FX63137B.LFT,FX 63-137 (B),fx63137,M. Allen,clean,clean,,,303400,JG00510.DAT,-5.82,0.122,-0.17,down
vol1,FX63137B.LFT,FX 63-137 (B),fx63137,M. Allen,clean,clean,,,303400,JG00510.DAT,-6.88,-0.064,-0.17,down
vol1,FX63137B.LFT,FX 63-137 (B),fx63137,M. Allen,clean,clean,,,303400,JG00510.DAT,-7.96,-0.174,-0.17,down
vol1,K3311.LFT,K3311,k3311,L. Kincaid,clean,clean,,,61300,JG00125.DAT,-5.73,-0.372,-0.085,up
vol1,K3311.LFT,K3311,k3311,L. Kincaid,clean,clean,,,61300,JG00125.DAT,-4.26,-0.292,-0.085,up
vol1,K3311.LFT,K3311,k3311,L. Kincaid,clean,clean,,,61300,JG00125.DAT,-2.71,-0.13,-0.085,up
vol1,K3311.LFT,K3311,k3311,L. Kincaid,clean,clean,,,61300,JG00125.DAT,-1.23,0.043,-0.085,up
vol1,K3311.LFT,K3311,k3311,L. Kincaid,clean,clean,,,61300,JG00125.DAT,0.57,0.265,-0.085,up
vol1,K3311.LFT,K3311,k3311,L. Kincaid,clean,clean,,,61300,JG00125.DAT,1.89,0.436,-0.085,up
vol1,K3311.LFT,K3311,k3311,L. Kincaid,clean,clean,,,61300,JG00125.DAT,3.68,0.586,-0.085,up
vol1,K3311.LFT,K3311,k3311,L. Kincaid,clean,clean,,,61300,JG00125.DAT,5.06,0.691,-0.085,up
vol1,K3311.LFT,K3311,k3311,L. Kincaid,clean,clean,,,61300,JG00125.DAT,6.77,0.845,-0.085,up
vol1,K3311.LFT,K3311,k3311,L. Kincaid,clean,clean,,,61300,JG00125.DAT,8.26,1.029,-0.085,up
vol1,K3311.LFT,K3311,k3311,L. Kincaid,clean,clean,,,61300,JG00125.DAT,9.89,1.157,-0.085,up
vol1,K3311.LFT,K3311,k3311,L. Kincaid,clean,clean,,,61300,JG00125.DAT,11.2,1.188,-0.085,up
vol1,K3311.LFT,K3311,k3311,L. Kincaid,clean,clean,,,61300,JG00125.DAT,12.67,1.197,-0.085,up
vol1,K3311.LFT,K3311,k3311,L. Kincaid,clean,clean,,,61300,JG00125.DAT,14.31,1.191,-0.085,up
vol1,K3311.LFT,K3311,k3311,L. Kincaid,clean,clean,,,61300,JG00125.DAT,15.76,1.143,-0.085,up
vol1,K3311.LFT,K3311,k3311,L. Kincaid,clean,clean,,,61300,JG00125.DAT,17.19,1.077,-0.085,up
vol1,K3311.LFT,K3311,k3311,L. Kincaid,clean,clean,,,61300,JG00125.DAT,18.75,1.013,-0.085,up
vol1,K3311.LFT,K3311,k3311,L. Kincaid,clean,clean,,,61300,JG00125.DAT,17.13,1.127,-0.085,down
vol1,K3311.LFT,K3311,k3311,L. Kincaid,clean,clean,,,61300,JG00125.DAT,15.68,1.16,-0.085,down
vol1,K3311.LFT,K3311,k3311,L. Kincaid,clean,clean,,,61300,JG00125.DAT,14.04,1.197,-0.085,down
vol1,K3311.LFT,K3311,k3311,L. Kincaid,clean,clean,,,61300,JG00125.DAT,12.55,1.201,-0.085,down
vol1,K3311.LFT,K3311,k3311,L. Kincaid,clean,clean,,,61300,JG00125.DAT,11.05,1.197,-0.085,down
vol1,K3311.LFT,K3311,k3311,L. Kincaid,clean,clean,,,61300,JG00125.DAT,9.59,1.141,-0.085,down
vol1,K3311.LFT,K3311,k3311,L. Kincaid,clean,clean,,,61300,JG00125.DAT,8.11,1.013,-0.085,down
vol1,K3311.LFT,K3311,k3311,L. Kincaid,clean,clean,,,61300,JG00125.DAT,6.59,0.851,-0.085,down
vol1,K3311.LFT,K3311,k3311,L. Kincaid,clean,clean,,,61300,JG00125.DAT,4.99,0.708,-0.085,down
vol1,K3311.LFT,K3311,k3311,L. Kincaid,clean,clean,,,61300,JG00125.DAT,3.33,0.57,-0.085,down
vol1,K3311.LFT,K3311,k3311,L. Kincaid,clean,clean,,,61300,JG00125.DAT,1.84,0.425,-0.085,down
vol1,K3311.LFT,K3311,k3311,L. Kincaid,clean,clean,,,61300,JG00125.DAT,0.46,0.255,-0.085,down
vol1,K3311.LFT,K3311,k3311,L. Kincaid,clean,clean,,,61300,JG00125.DAT,-1.22,0.03,-0.085,down
vol1,K3311.LFT,K3311,k3311,L. Kincaid,clean,clean,,,61300,JG00125.DAT,-2.76,-0.142,-0.085,down
vol1,K3311.LFT,K3311,k3311,L. Kincaid,clean,clean,,,61300,JG00125.DAT,-4.28,-0.3,-0.085,down
vol1,K3311.LFT,K3311,k3311,L. Kincaid,clean,clean,,,61300,JG00125.DAT,-5.9,-0.401,-0.085,down
vol1,K3311.LFT,K3311,k3311,L. Kincaid,clean,clean,,,101700,AB00123.DAT,-5.72,-0.35,-0.085,up
vol1,K3311.LFT,K3311,k3311,L. Kincaid,clean,clean,,,101700,AB00123.DAT,-4.15,-0.163,-0.085,up
vol1,K3311.LFT,K3311,k3311,L. Kincaid,clean,clean,,,101700,AB00123.DAT,-2.64,0.037,-0.085,up
vol1,K3311.LFT,K3311,k3311,L. Kincaid,clean,clean,,,101700,AB00123.DAT,-1.2,0.184,-0.085,up
vol1,K3311.LFT,K3311,k3311,L. Kincaid,clean,clean,,,101700,AB00123.DAT,0.44,0.361,-0.085,up
vol1,K3311.LFT,K3311,k3311,L. Kincaid,clean,clean,,,101700,AB00123.DAT,2.08,0.514,-0.085,up
vol1,K3311.LFT,K3311,k3311,L. Kincaid,clean,clean,,,101700,AB00123.DAT,3.56,0.663,-0.085,up
vol1,K3311.LFT,K3311,k3311,L. Kincaid,clean,clean,,,101700,AB00123.DAT,5.19,0.82,-0.085,up
vol1,K3311.LFT,K3311,k3311,L. Kincaid,clean,clean,,,101700,AB00123.DAT,6.81,0.975,-0.085,up
vol1,K3311.LFT,K3311,k3311,L. Kincaid,clean,clean,,,101700,AB00123.DAT,8.21,1.098,-0.085,up
vol1,K3311.LFT,K3311,k3311,L. Kincaid,clean,clean,,,101700,AB00123.DAT,9.77,1.202,-0.085,up
vol1,K3311.LFT,K3311,k3311,L. Kincaid,clean,clean,,,101700,AB00123.DAT,11.19,1.207,-0.085,up
vol1,K3311.LFT,K3311,k3311,L. Kincaid,clean,clean,,,101700,AB00123.DAT,12.66,1.207,-0.085,up
vol1,K3311.LFT,K3311,k3311,L. Kincaid,clean,clean,,,101700,AB00123.DAT,14.24,1.188,-0.085,up
vol1,K3311.LFT,K3311,k3311,L. Kincaid,clean,clean,,,101700,AB00123.DAT,15.63,1.164,-0.085,up
vol1,K3311.LFT,K3311,k3311,L. Kincaid,clean,clean,,,101700,AB00123.DAT,17.08,1.046,-0.085,up
vol1,K3311.LFT,K3311,k3311,L. Kincaid,clean,clean,,,101700,AB00123.DAT,18.74,0.966,-0.085,up
vol1,K3311.LFT,K3311,k3311,L. Kincaid,clean,clean,,,101700,AB00123.DAT,17.11,1.027,-0.085,down
vol1,K3311.LFT,K3311,k3311,L. Kincaid,clean,clean,,,101700,AB00123.DAT,15.59,1.126,-0.085,down
vol1,K3311.LFT,K3311,k3311,L. Kincaid,clean,clean,,,101700,AB00123.DAT,14.12,1.203,-0.085,down
vol1,K3311.LFT,K3311,k3311,L. Kincaid,clean,clean,,,101700,AB00123.DAT,12.66,1.201,-0.085,down
vol1,K3311.LFT,K3311,k3311,L. Kincaid,clean,clean,,,101700,AB00123.DAT,11.07,1.209,-0.085,down
vol1,K3311.LFT,K3311,k3311,L. Kincaid,clean,clean,,,101700,AB00123.DAT,9.51,1.204,-0.085,down
vol1,K3311.LFT,K3311,k3311,L. Kincaid,clean,clean,,,101700,AB00123.DAT,8.06,1.088,-0.085,down
vol1,K3311.LFT,K3311,k3311,L. Kincaid,clean,clean,,,101700,AB00123.DAT,6.47,0.951,-0.085,down
vol1,K3311.LFT,K3311,k3311,L. Kincaid,clean,clean,,,101700,AB00123.DAT,4.91,0.812,-0.085,down
vol1,K3311.LFT,K3311,k3311,L. Kincaid,clean,clean,,,101700,AB00123.DAT,3.51,0.659,-0.085,down
vol1,K3311.LFT,K3311,k3311,L. Kincaid,clean,clean,,,101700,AB00123.DAT,1.93,0.5,-0.085,down
vol1,K3311.LFT,K3311,k3311,L. Kincaid,clean,clean,,,101700,AB00123.DAT,0.23,0.338,-0.085,down
vol1,K3311.LFT,K3311,k3311,L. Kincaid,clean,clean,,,101700,AB00123.DAT,-1.22,0.168,-0.085,down
vol1,K3311.LFT,K3311,k3311,L. Kincaid,clean,clean,,,101700,AB00123.DAT,-2.73,0.016,-0.085,down
vol1,K3311.LFT,K3311,k3311,L. Kincaid,clean,clean,,,101700,AB00123.DAT,-4.29,-0.188,-0.085,down
vol1,K3311.LFT,K3311,k3311,L. Kincaid,clean,clean,,,101700,AB00123.DAT,-5.96,-0.376,-0.085,down
vol1,K3311.LFT,K3311,k3311,L. Kincaid,clean,clean,,,203300,AB00121.DAT,-5.8,-0.296,-0.085,up
vol1,K3311.LFT,K3311,k3311,L. Kincaid,clean,clean,,,203300,AB00121.DAT,-4.16,-0.101,-0.085,up
vol1,K3311.LFT,K3311,k3311,L. Kincaid,clean,clean,,,203300,AB00121.DAT,-2.54,0.043,-0.085,up
vol1,K3311.LFT,K3311,k3311,L. Kincaid,clean,clean,,,203300,AB00121.DAT,-1.05,0.175,-0.085,up
vol1,K3311.LFT,K3311,k3311,L. Kincaid,clean,clean,,,203300,AB00121.DAT,0.47,0.345,-0.085,up
vol1,K3311.LFT,K3311,k3311,L. Kincaid,clean,clean,,,203300,AB00121.DAT,2.14,0.525,-0.085,up
vol1,K3311.LFT,K3311,k3311,L. Kincaid,clean,clean,,,203300,AB00121.DAT,3.56,0.681,-0.085,up
vol1,K3311.LFT,K3311,k3311,L. Kincaid,clean,clean,,,203300,AB00121.DAT,5.17,0.848,-0.085,up
vol1,K3311.LFT,K3311,k3311,L. Kincaid,clean,clean,,,203300,AB00121.DAT,6.64,0.993,-0.085,up
vol1,K3311.LFT,K3311,k3311,L. Kincaid,clean,clean,,,203300,AB00121.DAT,8.17,1.13,-0.085,up
vol1,K3311.LFT,K3311,k3311,L. Kincaid,clean,clean,,,203300,AB00121.DAT,9.84,1.198,-0.085,up
vol1,K3311.LFT,K3311,k3311,L. Kincaid,clean,clean,,,203300,AB00121.DAT,11.16,1.201,-0.085,up
vol1,K3311.LFT,K3311,k3311,L. Kincaid,clean,clean,,,203300,AB00121.DAT,12.82,1.203,-0.085,up
vol1,K3311.LFT,K3311,k3311,L. Kincaid,clean,clean,,,203300,AB00121.DAT,14.29,1.193,-0.085,up
vol1,K3311.LFT,K3311,k3311,L. Kincaid,clean,clean,,,203300,AB00121.DAT,15.67,1.171,-0.085,up
vol1,K3311.LFT,K3311,k3311,L. Kincaid,clean,clean,,,203300,AB00121.DAT,17.19,1.031,-0.085,up
vol1,K3311.LFT,K3311,k3311,L. Kincaid,clean,clean,,,203300,AB00121.DAT,18.78,1.017,-0.085,up
vol1,K3311.LFT,K3311,k3311,L. Kincaid,clean,clean,,,203300,AB00121.DAT,16.88,1.056,-0.085,down
vol1,K3311.LFT,K3311,k3311,L. Kincaid,clean,clean,,,203300,AB00121.DAT,15.56,1.174,-0.085,down
vol1,K3311.LFT,K3311,k3311,L. Kincaid,clean,clean,,,203300,AB00121.DAT,14.12,1.196,-0.085,down
vol1,K3311.LFT,K3311,k3311,L. Kincaid,clean,clean,,,203300,AB00121.DAT,12.66,1.203,-0.085,down
vol1,K3311.LFT,K3311,k3311,L. Kincaid,clean,clean,,,203300,AB00121.DAT,11.01,1.203,-0.085,down
vol1,K3311.LFT,K3311,k3311,L. Kincaid,clean,clean,,,203300,AB00121.DAT,9.67,1.196,-0.085,down
vol1,K3311.LFT,K3311,k3311,L. Kincaid,clean,clean,,,203300,AB00121.DAT,7.87,1.104,-0.085,down
vol1,K3311.LFT,K3311,k3311,L. Kincaid,clean,clean,,,203300,AB00121.DAT,6.58,0.987,-0.085,down
vol1,K3311.LFT,K3311,k3311,L. Kincaid,clean,clean,,,203300,AB00121.DAT,4.72,0.799,-0.085,down
vol1,K3311.LFT,K3311,k3311,L. Kincaid,clean,clean,,,203300,AB00121.DAT,3.19,0.637,-0.085,down
vol1,K3311.LFT,K3311,k3311,L. Kincaid,clean,clean,,,203300,AB00121.DAT,1.66,0.47,-0.085,down
vol1,K3311.LFT,K3311,k3311,L. Kincaid,clean,clean,,,203300,AB00121.DAT,0.02,0.286,-0.085,down
vol1,K3311.LFT,K3311,k3311,L. Kincaid,clean,clean,,,203300,AB00121.DAT,-1.46,0.134,-0.085,down
vol1,K3311.LFT,K3311,k3311,L. Kincaid,clean,clean,,,203300,AB00121.DAT,-2.79,0.015,-0.085,down
vol1,K3311.LFT,K3311,k3311,L. Kincaid,clean,clean,,,203300,AB00121.DAT,-4.51,-0.143,-0.085,down
vol1,K3311.LFT,K3311,k3311,L. Kincaid,clean,clean,,,203300,AB00121.DAT,-5.91,-0.313,-0.085,down
vol1,K3311.LFT,K3311,k3311,L. Kincaid,clean,clean,,,304600,AB00119.DAT,-5.69,-0.238,-0.085,up
vol1,K3311.LFT,K3311,k3311,L. Kincaid,clean,clean,,,304600,AB00119.DAT,-4.31,-0.114,-0.085,up
vol1,K3311.LFT,K3311,k3311,L. Kincaid,clean,clean,,,304600,AB00119.DAT,-2.76,0.027,-0.085,up
vol1,K3311.LFT,K3311,k3311,L. Kincaid,clean,clean,,,304600,AB00119.DAT,-1.02,0.187,-0.085,up
vol1,K3311.LFT,K3311,k3311,L. Kincaid,clean,clean,,,304600,AB00119.DAT,0.47,0.352,-0.085,up
vol1,K3311.LFT,K3311,k3311,L. Kincaid,clean,clean,,,304600,AB00119.DAT,2.06,0.521,-0.085,up
vol1,K3311.LFT,K3311,k3311,L. Kincaid,clean,clean,,,304600,AB00119.DAT,3.52,0.671,-0.085,up
vol1,K3311.LFT,K3311,k3311,L. Kincaid,clean,clean,,,304600,AB00119.DAT,5.16,0.836,-0.085,up
vol1,K3311.LFT,K3311,k3311,L. Kincaid,clean,clean,,,304600,AB00119.DAT,6.77,0.992,-0.085,up
vol1,K3311.LFT,K3311,k3311,L. Kincaid,clean,clean,,,304600,AB00119.DAT,8.18,1.105,-0.085,up
vol1,K3311.LFT,K3311,k3311,L. Kincaid,clean,clean,,,304600,AB00119.DAT,10.02,1.172,-0.085,up
vol1,K3311.LFT,K3311,k3311,L. Kincaid,clean,clean,,,304600,AB00119.DAT,11.41,1.182,-0.085,up
vol1,K3311.LFT,K3311,k3311,L. Kincaid,clean,clean,,,304600,AB00119.DAT,12.92,1.188,-0.085,up
vol1,K3311.LFT,K3311,k3311,L. Kincaid,clean,clean,,,304600,AB00119.DAT,14.38,1.179,-0.085,up
vol1,K3311.LFT,K3311,k3311,L. Kincaid,clean,clean,,,304600,AB00119.DAT,15.86,1.146,-0.085,up
vol1,K3311.LFT,K3311,k3311,L. Kincaid,clean,clean,,,304600,AB00119.DAT,16.88,1.092,-0.085,up
vol1,K3311.LFT,K3311,k3311,L. Kincaid,clean,clean,,,304600,AB00119.DAT,18.45,1.003,-0.085,up
vol1,K3311.LFT,K3311,k3311,L. Kincaid,clean,clean,,,304600,AB00119.DAT,17.03,1.067,-0.085,down
vol1,K3311.LFT,K3311,k3311,L. Kincaid,clean,clean,,,304600,AB00119.DAT,15.43,1.166,-0.085,down
vol1,K3311.LFT,K3311,k3311,L. Kincaid,clean,clean,,,304600,AB00119.DAT,13.95,1.183,-0.085,down
vol1,K3311.LFT,K3311,k3311,L. Kincaid,clean,clean,,,304600,AB00119.DAT,12.6,1.186,-0.085,down
vol1,K3311.LFT,K3311,k3311,L. Kincaid,clean,clean,,,304600,AB00119.DAT,11.12,1.179,-0.085,down
vol1,K3311.LFT,K3311,k3311,L. Kincaid,clean,clean,,,304600,AB00119.DAT,9.52,1.159,-0.085,down
vol1,K3311.LFT,K3311,k3311,L. Kincaid,clean,clean,,,304600,AB00119.DAT,7.9,1.08,-0.085,down
vol1,K3311.LFT,K3311,k3311,L. Kincaid,clean,clean,,,304600,AB00119.DAT,6.36,0.947,-0.085,down
vol1,K3311.LFT,K3311,k3311,L. Kincaid,clean,clean,,,304600,AB00119.DAT,4.55,0.767,-0.085,down
vol1,K3311.LFT,K3311,k3311,L. Kincaid,clean,clean,,,304600,AB00119.DAT,3.32,0.641,-0.085,down
vol1,K3311.LFT,K3311,k3311,L. Kincaid,clean,clean,,,304600,AB00119.DAT,1.71,0.474,-0.085,down
vol1,K3311.LFT,K3311,k3311,L. Kincaid,clean,clean,,,304600,AB00119.DAT,0.39,0.329,-0.085,down
vol1,K3311.LFT,K3311,k3311,L. Kincaid,clean,clean,,,304600,AB00119.DAT,-1.47,0.134,-0.085,down
vol1,K3311.LFT,K3311,k3311,L. Kincaid,clean,clean,,,304600,AB00119.DAT,-2.8,0.01,-0.085,down
vol1,K3311.LFT,K3311,k3311,L. Kincaid,clean,clean,,,304600,AB00119.DAT,-4.35,-0.127,-0.085,down
vol1,K3311.LFT,K3311,k3311,L. Kincaid,clean,clean,,,304600,AB00119.DAT,-5.81,-0.264,-0.085,down
vol1,MH45.LFT,MH45,mh45,C. Fox,clean,clean,,,61400,MS00111.DAT,-6.14,-0.419,-0.006,up
vol1,MH45.LFT,MH45,mh45,C. Fox,clean,clean,,,61400,MS00111.DAT,-4.73,-0.295,-0.006,up
vol1,MH45.LFT,MH45,mh45,C. Fox,clean,clean,,,61400,MS00111.DAT,-3.19,-0.165,-0.006,up
vol1,MH45.LFT,MH45,mh45,C. Fox,clean,clean,,,61400,MS00111.DAT,-1.62,0.04,-0.006,up
vol1,MH45.LFT,MH45,mh45,C. Fox,clean,clean,,,61400,MS00111.DAT,-0.06,0.254,-0.006,up
vol1,MH45.LFT,MH45,mh45,C. Fox,clean,clean,,,61400,MS00111.DAT,1.46,0.396,-0.006,up
vol1,MH45.LFT,MH45,mh45,C. Fox,clean,clean,,,61400,MS00111.DAT,2.98,0.521,-0.006,up
vol1,MH45.LFT,MH45,mh45,C. Fox,clean,clean,,,61400,MS00111.DAT,4.52,0.653,-0.006,up
vol1,MH45.LFT,MH45,mh45,C. Fox,clean,clean,,,61400,MS00111.DAT,6.03,0.778,-0.006,up
vol1,MH45.LFT,MH45,mh45,C. Fox,clean,clean,,,61400,MS00111.DAT,7.59,0.902,-0.006,up
vol1,MH45.LFT,MH45,mh45,C. Fox,clean,clean,,,61400,MS00111.DAT,9.1,1.004,-0.006,up
vol1,MH45.LFT,MH45,mh45,C. Fox,clean,clean,,,61400,MS00111.DAT,10.65,1.088,-0.006,up
vol1,MH45.LFT,MH45,mh45,C. Fox,clean,clean,,,61400,MS00111.DAT,12.12,1.119,-0.006,up
vol1,MH45.LFT,MH45,mh45,C. Fox,clean,clean,,,61400,MS00111.DAT,13.54,0.774,-0.006,up
vol1,MH45.LFT,MH45,mh45,C. Fox,clean,clean,,,61400,MS00111.DAT,15.07,0.783,-0.006,up
vol1,MH45.LFT,MH45,mh45,C. Fox,clean,clean,,,61400,MS00111.DAT,16.58,0.857,-0.006,up
vol1,MH45.LFT,MH45,mh45,C. Fox,clean,clean,,,61400,MS00111.DAT,18.11,0.893,-0.006,up
vol1,MH45.LFT,MH45,mh45,C. Fox,clean,clean,,,61400,MS00111.DAT,16.85,0.887,-0.006,down
vol1,MH45.LFT,MH45,mh45,C. Fox,clean,clean,,,61400,MS00111.DAT,15.25,0.828,-0.006,down
vol1,MH45.LFT,MH45,mh45,C. Fox,clean,clean,,,61400,MS00111.DAT,13.81,0.786,-0.006,down
vol1,MH45.LFT,MH45,mh45,C. Fox,clean,clean,,,61400,MS00111.DAT,12.23,0.74,-0.006,down
vol1,MH45.LFT,MH45,mh45,C. Fox,clean,clean,,,61400,MS00111.DAT,10.79,0.85,-0.006,down
vol1,MH45.LFT,MH45,mh45,C. Fox,clean,clean,,,61400,MS00111.DAT,9.32,0.993,-0.006,down
vol1,MH45.LFT,MH45,mh45,C. Fox,clean,clean,,,61400,MS00111.DAT,7.82,0.904,-0.006,down
vol1,MH45.LFT,MH45,mh45,C. Fox,clean,clean,,,61400,MS00111.DAT,6.23,0.779,-0.006,down
vol1,MH45.LFT,MH45,mh45,C. Fox,clean,clean,,,61400,MS00111.DAT,4.79,0.659,-0.006,down
vol1,MH45.LFT,MH45,mh45,C. Fox,clean,clean,,,61400,MS00111.DAT,3.18,0.524,-0.006,down
vol1,MH45.LFT,MH45,mh45,C. Fox,clean,clean,,,61400,MS00111.DAT,1.65,0.396,-0.006,down
vol1,MH45.LFT,MH45,mh45,C. Fox,clean,clean,,,61400,MS00111.DAT,0.12,0.259,-0.006,down
vol1,MH45.LFT,MH45,mh45,C. Fox,clean,clean,,,61400,MS00111.DAT,-1.4,0.06,-0.006,down
vol1,MH45.LFT,MH45,mh45,C. Fox,clean,clean,,,61400,MS00111.DAT,-2.99,-0.15,-0.006,down
vol1,MH45.LFT,MH45,mh45,C. Fox,clean,clean,,,61400,MS00111.DAT,-4.49,-0.275,-0.006,down
vol1,MH45.LFT,MH45,mh45,C. Fox,clean,clean,,,61400,MS00111.DAT,-6.09,-0.402,-0.006,down
vol1,MH45.LFT,MH45,mh45,C. Fox,clean,clean,,,102100,JG00113.DAT,-6.2,-0.463,-0.006,up
vol1,MH45.LFT,MH45,mh45,C. Fox,clean,clean,,,102100,JG00113.DAT,-4.58,-0.326,-0.006,up
vol1,MH45.LFT,MH45,mh45,C. Fox,clean,clean,,,102100,JG00113.DAT,-2.99,-0.154,-0.006,up
vol1,MH45.LFT,MH45,mh45,C. Fox,clean,clean,,,102100,JG00113.DAT,-1.41,0.074,-0.006,up
vol1,MH45.LFT,MH45,mh45,C. Fox,clean,clean,,,102100,JG00113.DAT,0.18,0.213,-0.006,up
vol1,MH45.LFT,MH45,mh45,C. Fox,clean,clean,,,102100,JG00113.DAT,1.49,0.328,-0.006,up
vol1,MH45.LFT,MH45,mh45,C. Fox,clean,clean,,,102100,JG00113.DAT,3.18,0.483,-0.006,up
vol1,MH45.LFT,MH45,mh45,C. Fox,clean,clean,,,102100,JG00113.DAT,4.68,0.629,-0.006,up
vol1,MH45.LFT,MH45,mh45,C. Fox,clean,clean,,,102100,JG00113.DAT,6.18,0.772,-0.006,up
vol1,MH45.LFT,MH45,mh45,C. Fox,clean,clean,,,102100,JG00113.DAT,7.68,0.905,-0.006,up
vol1,MH45.LFT,MH45,mh45,C. Fox,clean,clean,,,102100,JG00113.DAT,9.25,1.013,-0.006,up
vol1,MH45.LFT,MH45,mh45,C. Fox,clean,clean,,,102100,JG00113.DAT,10.69,1.09,-0.006,up
vol1,MH45.LFT,MH45,mh45,C. Fox,clean,clean,,,102100,JG00113.DAT,12.37,1.104,-0.006,up
vol1,MH45.LFT,MH45,mh45,C. Fox,clean,clean,,,102100,JG00113.DAT,13.9,1.069,-0.006,up
vol1,MH45.LFT,MH45,mh45,C. Fox,clean,clean,,,102100,JG00113.DAT,15.24,0.806,-0.006,up
vol1,MH45.LFT,MH45,mh45,C. Fox,clean,clean,,,102100,JG00113.DAT,16.87,0.831,-0.006,up
vol1,MH45.LFT,MH45,mh45,C. Fox,clean,clean,,,102100,JG00113.DAT,18.23,0.878,-0.006,up
vol1,MH45.LFT,MH45,mh45,C. Fox,clean,clean,,,102100,JG00113.DAT,16.62,0.822,-0.006,down
vol1,MH45.LFT,MH45,mh45,C. Fox,clean,clean,,,102100,JG00113.DAT,15.09,0.782,-0.006,down
vol1,MH45.LFT,MH45,mh45,C. Fox,clean,clean,,,102100,JG00113.DAT,13.7,0.8,-0.006,down
vol1,MH45.LFT,MH45,mh45,C. Fox,clean,clean,,,102100,JG00113.DAT,12.19,0.842,-0.006,down
vol1,MH45.LFT,MH45,mh45,C. Fox,clean,clean,,,102100,JG00113.DAT,10.68,1.091,-0.006,down
vol1,MH45.LFT,MH45,mh45,C. Fox,clean,clean,,,102100,JG00113.DAT,9.22,1.01,-0.006,down
vol1,MH45.LFT,MH45,mh45,C. Fox,clean,clean,,,102100,JG00113.DAT,7.64,0.894,-0.006,down
vol1,MH45.LFT,MH45,mh45,C. Fox,clean,clean,,,102100,JG00113.DAT,6.09,0.761,-0.006,down
vol1,MH45.LFT,MH45,mh45,C. Fox,clean,clean,,,102100,JG00113.DAT,4.57,0.615,-0.006,down
vol1,MH45.LFT,MH45,mh45,C. Fox,clean,clean,,,102100,JG00113.DAT,3.08,0.472,-0.006,down
vol1,MH45.LFT,MH45,mh45,C. Fox,clean,clean,,,102100,JG00113.DAT,1.64,0.34,-0.006,down
vol1,MH45.LFT,MH45,mh45,C. Fox,clean,clean,,,102100,JG00113.DAT,0.05,0.202,-0.006,down
vol1,MH45.LFT,MH45,mh45,C. Fox,clean,clean,,,102100,JG00113.DAT,-1.57,0.057,-0.006,down
vol1,MH45.LFT,MH45,mh45,C. Fox,clean,clean,,,102100,JG00113.DAT,-3.08,-0.164,-0.006,down
vol1,MH45.LFT,MH45,mh45,C. Fox,clean,clean,,,102100,JG00113.DAT,-4.6,-0.323,-0.006,down
vol1,MH45.LFT,MH45,mh45,C. Fox,clean,clean,,,102100,JG00113.DAT,-6.09,-0.444,-0.006,down
vol1,MH45.LFT,MH45,mh45,C. Fox,clean,clean,,,203700,JG00115.DAT,-6.13,-0.45,-0.006,up
vol1,MH45.LFT,MH45,mh45,C. Fox,clean,clean,,,203700,JG00115.DAT,-4.65,-0.304,-0.006,up
vol1,MH45.LFT,MH45,mh45,C. Fox,clean,clean,,,203700,JG00115.DAT,-3.08,-0.162,-0.006,up
vol1,MH45.LFT,MH45,mh45,C. Fox,clean,clean,,,203700,JG00115.DAT,-1.63,-0.028,-0.006,up
vol1,MH45.LFT,MH45,mh45,C. Fox,clean,clean,,,203700,JG00115.DAT,-0.02,0.166,-0.006,up
vol1,MH45.LFT,MH45,mh45,C. Fox,clean,clean,,,203700,JG00115.DAT,1.5,0.319,-0.006,up
vol1,MH45.LFT,MH45,mh45,C. Fox,clean,clean,,,203700,JG00115.DAT,3.26,0.506,-0.006,up
vol1,MH45.LFT,MH45,mh45,C. Fox,clean,clean,,,203700,JG00115.DAT,4.66,0.652,-0.006,up
vol1,MH45.LFT,MH45,mh45,C. Fox,clean,clean,,,203700,JG00115.DAT,6.12,0.8,-0.006,up
vol1,MH45.LFT,MH45,mh45,C. Fox,clean,clean,,,203700,JG00115.DAT,7.74,0.946,-0.006,up
vol1,MH45.LFT,MH45,mh45,C. Fox,clean,clean,,,203700,JG00115.DAT,9.27,1.065,-0.006,up
vol1,MH45.LFT,MH45,mh45,C. Fox,clean,clean,,,203700,JG00115.DAT,10.67,1.146,-0.006,up
vol1,MH45.LFT,MH45,mh45,C. Fox,clean,clean,,,203700,JG00115.DAT,12.26,1.132,-0.006,up
vol1,MH45.LFT,MH45,mh45,C. Fox,clean,clean,,,203700,JG00115.DAT,13.68,1.097,-0.006,up
vol1,MH45.LFT,MH45,mh45,C. Fox,clean,clean,,,203700,JG00115.DAT,15.3,1.049,-0.006,up
vol1,MH45.LFT,MH45,mh45,C. Fox,clean,clean,,,203700,JG00115.DAT,16.74,0.953,-0.006,up
vol1,MH45.LFT,MH45,mh45,C. Fox,clean,clean,,,203700,JG00115.DAT,18.23,0.871,-0.006,up
vol1,MH45.LFT,MH45,mh45,C. Fox,clean,clean,,,203700,JG00115.DAT,16.63,0.951,-0.006,down
vol1,MH45.LFT,MH45,mh45,C. Fox,clean,clean,,,203700,JG00115.DAT,15.14,0.93,-0.006,down
vol1,MH45.LFT,MH45,mh45,C. Fox,clean,clean,,,203700,JG00115.DAT,13.26,0.908,-0.006,down
vol1,MH45.LFT,MH45,mh45,C. Fox,clean,clean,,,203700,JG00115.DAT,12.13,1.133,-0.006,down
vol1,MH45.LFT,MH45,mh45,C. Fox,clean,clean,,,203700,JG00115.DAT,10.74,1.142,-0.006,down
vol1,MH45.LFT,MH45,mh45,C. Fox,clean,clean,,,203700,JG00115.DAT,9.31,1.063,-0.006,down
vol1,MH45.LFT,MH45,mh45,C. Fox,clean,clean,,,203700,JG00115.DAT,7.65,0.931,-0.006,down
vol1,MH45.LFT,MH45,mh45,C. Fox,clean,clean,,,203700,JG00115.DAT,6.14,0.793,-0.006,down
vol1,MH45.LFT,MH45,mh45,C. Fox,clean,clean,,,203700,JG00115.DAT,4.55,0.633,-0.006,down
vol1,MH45.LFT,MH45,mh45,C. Fox,clean,clean,,,203700,JG00115.DAT,3.04,0.474,-0.006,down
vol1,MH45.LFT,MH45,mh45,C. Fox,clean,clean,,,203700,JG00115.DAT,1.52,0.314,-0.006,down
vol1,MH45.LFT,MH45,mh45,C. Fox,clean,clean,,,203700,JG00115.DAT,0.01,0.162,-0.006,down
vol1,MH45.LFT,MH45,mh45,C. Fox,clean,clean,,,203700,JG00115.DAT,-1.5,-0.021,-0.006,down
vol1,MH45.LFT,MH45,mh45,C. Fox,clean,clean,,,203700,JG00115.DAT,-3.11,-0.168,-0.006,down
vol1,MH45.LFT,MH45,mh45,C. Fox,clean,clean,,,203700,JG00115.DAT,-4.62,-0.305,-0.006,down
vol1,MH45.LFT,MH45,mh45,C. Fox,clean,clean,,,203700,JG00115.DAT,-6.11,-0.452,-0.006,down
vol1,MH45.LFT,MH45,mh45,C. Fox,clean,clean,,,304900,JG00117.DAT,-6.81,-0.536,-0.006,up
vol1,MH45.LFT,MH45,mh45,C. Fox,clean,clean,,,304900,JG00117.DAT,-3.94,-0.267,-0.006,up
vol1,MH45.LFT,MH45,mh45,C. Fox,clean,clean,,,304900,JG00117.DAT,-2.97,-0.173,-0.006,up
vol1,MH45.LFT,MH45,mh45,C. Fox,clean,clean,,,304900,JG00117.DAT,-1.45,-0.023,-0.006,up
vol1,MH45.LFT,MH45,mh45,C. Fox,clean,clean,,,304900,JG00117.DAT,0.16,0.168,-0.006,up
vol1,MH45.LFT,MH45,mh45,C. Fox,clean,clean,,,304900,JG00117.DAT,1.46,0.311,-0.006,up
vol1,MH45.LFT,MH45,mh45,C. Fox,clean,clean,,,304900,JG00117.DAT,3.04,0.489,-0.006,up
vol1,MH45.LFT,MH45,mh45,C. Fox,clean,clean,,,304900,JG00117.DAT,4.5,0.644,-0.006,up
vol1,MH45.LFT,MH45,mh45,C. Fox,clean,clean,,,304900,JG00117.DAT,6.26,0.825,-0.006,up
vol1,MH45.LFT,MH45,mh45,C. Fox,clean,clean,,,304900,JG00117.DAT,7.68,0.959,-0.006,up
vol1,MH45.LFT,MH45,mh45,C. Fox,clean,clean,,,304900,JG00117.DAT,9.35,1.099,-0.006,up
vol1,MH45.LFT,MH45,mh45,C. Fox,clean,clean,,,304900,JG00117.DAT,10.77,1.177,-0.006,up
vol1,MH45.LFT,MH45,mh45,C. Fox,clean,clean,,,304900,JG00117.DAT,12.31,1.145,-0.006,up
vol1,MH45.LFT,MH45,mh45,C. Fox,clean,clean,,,304900,JG00117.DAT,13.68,1.115,-0.006,up
vol1,MH45.LFT,MH45,mh45,C. Fox,clean,clean,,,304900,JG00117.DAT,15.34,1.074,-0.006,up
vol1,MH45.LFT,MH45,mh45,C. Fox,clean,clean,,,304900,JG00117.DAT,16.38,1.079,-0.006,up
vol1,MH45.LFT,MH45,mh45,C. Fox,clean,clean,,,304900,JG00117.DAT,18.09,0.957,-0.006,up
vol1,MH45.LFT,MH45,mh45,C. Fox,clean,clean,,,304900,JG00117.DAT,16.73,1.053,-0.006,down
vol1,MH45.LFT,MH45,mh45,C. Fox,clean,clean,,,304900,JG00117.DAT,15.28,1.069,-0.006,down
vol1,MH45.LFT,MH45,mh45,C. Fox,clean,clean,,,304900,JG00117.DAT,13.76,1.112,-0.006,down
vol1,MH45.LFT,MH45,mh45,C. Fox,clean,clean,,,304900,JG00117.DAT,12.22,1.161,-0.006,down
vol1,MH45.LFT,MH45,mh45,C. Fox,clean,clean,,,304900,JG00117.DAT,10.75,1.175,-0.006,down
vol1,MH45.LFT,MH45,mh45,C. Fox,clean,clean,,,304900,JG00117.DAT,9.26,1.089,-0.006,down
vol1,MH45.LFT,MH45,mh45,C. Fox,clean,clean,,,304900,JG00117.DAT,7.66,0.955,-0.006,down
vol1,MH45.LFT,MH45,mh45,C. Fox,clean,clean,,,304900,JG00117.DAT,6.13,0.808,-0.006,down
vol1,MH45.LFT,MH45,mh45,C. Fox,clean,clean,,,304900,JG00117.DAT,4.61,0.651,-0.006,down
vol1,MH45.LFT,MH45,mh45,C. Fox,clean,clean,,,304900,JG00117.DAT,3.11,0.489,-0.006,down
vol1,MH45.LFT,MH45,mh45,C. Fox,clean,clean,,,304900,JG00117.DAT,1.48,0.308,-0.006,down
vol1,MH45.LFT,MH45,mh45,C. Fox,clean,clean,,,304900,JG00117.DAT,0.01,0.147,-0.006,down
vol1,MH45.LFT,MH45,mh45,C. Fox,clean,clean,,,304900,JG00117.DAT,-1.55,-0.036,-0.006,down
vol1,MH45.LFT,MH45,mh45,C. Fox,clean,clean,,,304900,JG00117.DAT,-3.15,-0.196,-0.006,down
vol1,MH45.LFT,MH45,mh45,C. Fox,clean,clean,,,304900,JG00117.DAT,-4.77,-0.35,-0.006,down
vol1,MH45.LFT,MH45,mh45,C. Fox,clean,clean,,,304900,JG00117.DAT,-6.25,-0.486,-0.006,down
vol1,N6409.LFT,NACA 6409,naca6409,H. Halsey,clean,clean,,,61300,AB00186.DAT,-5.79,-0.308,-0.163,up
vol1,N6409.LFT,NACA 6409,naca6409,H. Halsey,clean,clean,,,61300,AB00186.DAT,-4.41,-0.261,-0.163,up
vol1,N6409.LFT,NACA 6409,naca6409,H. Halsey,clean,clean,,,61300,AB00186.DAT,-2.77,-0.014,-0.163,up
vol1,N6409.LFT,NACA 6409,naca6409,H. Halsey,clean,clean,,,61300,AB00186.DAT,-1.24,0.208,-0.163,up
vol1,N6409.LFT,NACA 6409,naca6409,H. Halsey,clean,clean,,,61300,AB00186.DAT,0.23,0.436,-0.163,up
vol1,N6409.LFT,NACA 6409,naca6409,H. Halsey,clean,clean,,,61300,AB00186.DAT,1.99,0.61,-0.163,up
vol1,N6409.LFT,NACA 6409,naca6409,H. Halsey,clean,clean,,,61300,AB00186.DAT,3.38,0.748,-0.163,up
vol1,N6409.LFT,NACA 6409,naca6409,H. Halsey,clean,clean,,,61300,AB00186.DAT,4.88,0.865,-0.163,up
vol1,N6409.LFT,NACA 6409,naca6409,H. Halsey,clean,clean,,,61300,AB00186.DAT,6.46,0.813,-0.163,up
vol1,N6409.LFT,NACA 6409,naca6409,H. Halsey,clean,clean,,,61300,AB00186.DAT,7.89,0.831,-0.163,up
vol1,N6409.LFT,NACA 6409,naca6409,H. Halsey,clean,clean,,,61300,AB00186.DAT,9.38,0.888,-0.163,up
vol1,N6409.LFT,NACA 6409,naca6409,H. Halsey,clean,clean,,,61300,AB00186.DAT,11.16,1.426,-0.163,up
vol1,N6409.LFT,NACA 6409,naca6409,H. Halsey,clean,clean,,,61300,AB00186.DAT,12.64,1.402,-0.163,up
vol1,N6409.LFT,NACA 6409,naca6409,H. Halsey,clean,clean,,,61300,AB00186.DAT,14.02,1.375,-0.163,up
vol1,N6409.LFT,NACA 6409,naca6409,H. Halsey,clean,clean,,,61300,AB00186.DAT,15.66,1.366,-0.163,up
vol1,N6409.LFT,NACA 6409,naca6409,H. Halsey,clean,clean,,,61300,AB00186.DAT,16.96,1.355,-0.163,up
vol1,N6409.LFT,NACA 6409,naca6409,H. Halsey,clean,clean,,,61300,AB00186.DAT,18.56,1.328,-0.163,up
vol1,N6409.LFT,NACA 6409,naca6409,H. Halsey,clean,clean,,,61300,AB00186.DAT,17.11,1.327,-0.163,down
vol1,N6409.LFT,NACA 6409,naca6409,H. Halsey,clean,clean,,,61300,AB00186.DAT,15.71,1.347,-0.163,down
vol1,N6409.LFT,NACA 6409,naca6409,H. Halsey,clean,clean,,,61300,AB00186.DAT,14.24,1.361,-0.163,down
vol1,N6409.LFT,NACA 6409,naca6409,H. Halsey,clean,clean,,,61300,AB00186.DAT,12.73,1.381,-0.163,down
vol1,N6409.LFT,NACA 6409,naca6409,H. Halsey,clean,clean,,,61300,AB00186.DAT,11.1,1.401,-0.163,down
vol1,N6409.LFT,NACA 6409,naca6409,H. Halsey,clean,clean,,,61300,AB00186.DAT,9.7,1.302,-0.163,down
vol1,N6409.LFT,NACA 6409,naca6409,H. Halsey,clean,clean,,,61300,AB00186.DAT,8.04,0.79,-0.163,down
vol1,N6409.LFT,NACA 6409,naca6409,H. Halsey,clean,clean,,,61300,AB00186.DAT,6.55,0.857,-0.163,down
vol1,N6409.LFT,NACA 6409,naca6409,H. Halsey,clean,clean,,,61300,AB00186.DAT,4.88,0.856,-0.163,down
vol1,N6409.LFT,NACA 6409,naca6409,H. Halsey,clean,clean,,,61300,AB00186.DAT,3.52,0.734,-0.163,down
vol1,N6409.LFT,NACA 6409,naca6409,H. Halsey,clean,clean,,,61300,AB00186.DAT,1.9,0.592,-0.163,down
vol1,N6409.LFT,NACA 6409,naca6409,H. Halsey,clean,clean,,,61300,AB00186.DAT,0.43,0.419,-0.163,down
vol1,N6409.LFT,NACA 6409,naca6409,H. Halsey,clean,clean,,,61300,AB00186.DAT,-1.04,0.215,-0.163,down
vol1,N6409.LFT,NACA 6409,naca6409,H. Halsey,clean,clean,,,61300,AB00186.DAT,-2.64,-0.007,-0.163,down
vol1,N6409.LFT,NACA 6409,naca6409,H. Halsey,clean,clean,,,61300,AB00186.DAT,-4.21,-0.286,-0.163,down
vol1,N6409.LFT,NACA 6409,naca6409,H. Halsey,clean,clean,,,61300,AB00186.DAT,-5.75,-0.361,-0.163,down
vol1,N6409.LFT,NACA 6409,naca6409,H. Halsey,clean,clean,,,101600,AB00188.DAT,-5.88,-0.326,-0.163,up
vol1,N6409.LFT,NACA 6409,naca6409,H. Halsey,clean,clean,,,101600,AB00188.DAT,-4.26,-0.142,-0.163,up
vol1,N6409.LFT,NACA 6409,naca6409,H. Halsey,clean,clean,,,101600,AB00188.DAT,-2.75,0.192,-0.163,up
vol1,N6409.LFT,NACA 6409,naca6409,H. Halsey,clean,clean,,,101600,AB00188.DAT,-1.11,0.412,-0.163,up
vol1,N6409.LFT,NACA 6409,naca6409,H. Halsey,clean,clean,,,101600,AB00188.DAT,0.32,0.559,-0.163,up
vol1,N6409.LFT,NACA 6409,naca6409,H. Halsey,clean,clean,,,101600,AB00188.DAT,1.92,0.706,-0.163,up
vol1,N6409.LFT,NACA 6409,naca6409,H. Halsey,clean,clean,,,101600,AB00188.DAT,3.31,0.842,-0.163,up
vol1,N6409.LFT,NACA 6409,naca6409,H. Halsey,clean,clean,,,101600,AB00188.DAT,4.96,0.993,-0.163,up
vol1,N6409.LFT,NACA 6409,naca6409,H. Halsey,clean,clean,,,101600,AB00188.DAT,6.43,1.12,-0.163,up
vol1,N6409.LFT,NACA 6409,naca6409,H. Halsey,clean,clean,,,101600,AB00188.DAT,8.07,1.262,-0.163,up
vol1,N6409.LFT,NACA 6409,naca6409,H. Halsey,clean,clean,,,101600,AB00188.DAT,9.69,1.384,-0.163,up
vol1,N6409.LFT,NACA 6409,naca6409,H. Halsey,clean,clean,,,101600,AB00188.DAT,11.04,1.445,-0.163,up
vol1,N6409.LFT,NACA 6409,naca6409,H. Halsey,clean,clean,,,101600,AB00188.DAT,12.54,1.402,-0.163,up
vol1,N6409.LFT,NACA 6409,naca6409,H. Halsey,clean,clean,,,101600,AB00188.DAT,14.11,1.382,-0.163,up
vol1,N6409.LFT,NACA 6409,naca6409,H. Halsey,clean,clean,,,101600,AB00188.DAT,15.55,1.367,-0.163,up
vol1,N6409.LFT,NACA 6409,naca6409,H. Halsey,clean,clean,,,101600,AB00188.DAT,16.86,1.345,-0.163,up
vol1,N6409.LFT,NACA 6409,naca6409,H. Halsey,clean,clean,,,101600,AB00188.DAT,18.5,1.228,-0.163,up
vol1,N6409.LFT,NACA 6409,naca6409,H. Halsey,clean,clean,,,101600,AB00188.DAT,17.02,1.327,-0.163,down
vol1,N6409.LFT,NACA 6409,naca6409,H. Halsey,clean,clean,,,101600,AB00188.DAT,15.7,1.349,-0.163,down
vol1,N6409.LFT,NACA 6409,naca6409,H. Halsey,clean,clean,,,101600,AB00188.DAT,14.14,1.366,-0.163,down
vol1,N6409.LFT,NACA 6409,naca6409,H. Halsey,clean,clean,,,101600,AB00188.DAT,12.64,1.385,-0.163,down
vol1,N6409.LFT,NACA 6409,naca6409,H. Halsey,clean,clean,,,101600,AB00188.DAT,11.09,1.434,-0.163,down
vol1,N6409.LFT,NACA 6409,naca6409,H. Halsey,clean,clean,,,101600,AB00188.DAT,9.66,1.371,-0.163,down
vol1,N6409.LFT,NACA 6409,naca6409,H. Halsey,clean,clean,,,101600,AB00188.DAT,8.19,1.255,-0.163,down
vol1,N6409.LFT,NACA 6409,naca6409,H. Halsey,clean,clean,,,101600,AB00188.DAT,6.56,1.114,-0.163,down
vol1,N6409.LFT,NACA 6409,naca6409,H. Halsey,clean,clean,,,101600,AB00188.DAT,4.9,0.963,-0.163,down
vol1,N6409.LFT,NACA 6409,naca6409,H. Halsey,clean,clean,,,101600,AB00188.DAT,3.43,0.825,-0.163,down
vol1,N6409.LFT,NACA 6409,naca6409,H. Halsey,clean,clean,,,101600,AB00188.DAT,2.0,0.689,-0.163,down
vol1,N6409.LFT,NACA 6409,naca6409,H. Halsey,clean,clean,,,101600,AB00188.DAT,0.48,0.548,-0.163,down
vol1,N6409.LFT,NACA 6409,naca6409,H. Halsey,clean,clean,,,101600,AB00188.DAT,-1.15,0.383,-0.163,down
vol1,N6409.LFT,NACA 6409,naca6409,H. Halsey,clean,clean,,,101600,AB00188.DAT,-2.64,0.176,-0.163,down
vol1,N6409.LFT,NACA 6409,naca6409,H. Halsey,clean,clean,,,101600,AB00188.DAT,-4.28,-0.173,-0.163,down
vol1,N6409.LFT,NACA 6409,naca6409,H. Halsey,clean,clean,,,101600,AB00188.DAT,-5.7,-0.321,-0.163,down
vol1,N6409.LFT,NACA 6409,naca6409,H. Halsey,clean,clean,,,202400,AB00190.DAT,-5.83,-0.115,-0.163,up
vol1,N6409.LFT,NACA 6409,naca6409,H. Halsey,clean,clean,,,202400,AB00190.DAT,-4.48,0.092,-0.163,up
vol1,N6409.LFT,NACA 6409,naca6409,H. Halsey,clean,clean,,,202400,AB00190.DAT,-2.86,0.285,-0.163,up
vol1,N6409.LFT,NACA 6409,naca6409,H. Halsey,clean,clean,,,202400,AB00190.DAT,-1.29,0.438,-0.163,up
vol1,N6409.LFT,NACA 6409,naca6409,H. Halsey,clean,clean,,,202400,AB00190.DAT,0.17,0.589,-0.163,up
vol1,N6409.LFT,NACA 6409,naca6409,H. Halsey,clean,clean,,,202400,AB00190.DAT,1.8,0.749,-0.163,up
vol1,N6409.LFT,NACA 6409,naca6409,H. Halsey,clean,clean,,,202400,AB00190.DAT,3.3,0.895,-0.163,up
vol1,N6409.LFT,NACA 6409,naca6409,H. Halsey,clean,clean,,,202400,AB00190.DAT,4.87,1.045,-0.163,up
vol1,N6409.LFT,NACA 6409,naca6409,H. Halsey,clean,clean,,,202400,AB00190.DAT,6.53,1.197,-0.163,up
vol1,N6409.LFT,NACA 6409,naca6409,H. Halsey,clean,clean,,,202400,AB00190.DAT,8.02,1.321,-0.163,up
vol1,N6409.LFT,NACA 6409,naca6409,H. Halsey,clean,clean,,,202400,AB00190.DAT,10.05,1.436,-0.163,up
vol1,N6409.LFT,NACA 6409,naca6409,H. Halsey,clean,clean,,,202400,AB00190.DAT,11.28,1.426,-0.163,up
vol1,N6409.LFT,NACA 6409,naca6409,H. Halsey,clean,clean,,,202400,AB00190.DAT,12.77,1.402,-0.163,up
vol1,N6409.LFT,NACA 6409,naca6409,H. Halsey,clean,clean,,,202400,AB00190.DAT,14.07,1.384,-0.163,up
vol1,N6409.LFT,NACA 6409,naca6409,H. Halsey,clean,clean,,,202400,AB00190.DAT,15.77,1.376,-0.163,up
vol1,N6409.LFT,NACA 6409,naca6409,H. Halsey,clean,clean,,,202400,AB00190.DAT,17.17,1.357,-0.163,up
vol1,N6409.LFT,NACA 6409,naca6409,H. Halsey,clean,clean,,,202400,AB00190.DAT,18.44,1.191,-0.163,up
vol1,N6409.LFT,NACA 6409,naca6409,H. Halsey,clean,clean,,,202400,AB00190.DAT,17.04,1.365,-0.163,down
vol1,N6409.LFT,NACA 6409,naca6409,H. Halsey,clean,clean,,,202400,AB00190.DAT,15.46,1.382,-0.163,down
vol1,N6409.LFT,NACA 6409,naca6409,H. Halsey,clean,clean,,,202400,AB00190.DAT,14.05,1.382,-0.163,down
vol1,N6409.LFT,NACA 6409,naca6409,H. Halsey,clean,clean,,,202400,AB00190.DAT,12.52,1.406,-0.163,down
vol1,N6409.LFT,NACA 6409,naca6409,H. Halsey,clean,clean,,,202400,AB00190.DAT,10.93,1.43,-0.163,down
vol1,N6409.LFT,NACA 6409,naca6409,H. Halsey,clean,clean,,,202400,AB00190.DAT,9.33,1.407,-0.163,down
vol1,N6409.LFT,NACA 6409,naca6409,H. Halsey,clean,clean,,,202400,AB00190.DAT,7.89,1.311,-0.163,down
vol1,N6409.LFT,NACA 6409,naca6409,H. Halsey,clean,clean,,,202400,AB00190.DAT,6.49,1.192,-0.163,down
vol1,N6409.LFT,NACA 6409,naca6409,H. Halsey,clean,clean,,,202400,AB00190.DAT,4.88,1.039,-0.163,down
vol1,N6409.LFT,NACA 6409,naca6409,H. Halsey,clean,clean,,,202400,AB00190.DAT,3.31,0.889,-0.163,down
vol1,N6409.LFT,NACA 6409,naca6409,H. Halsey,clean,clean,,,202400,AB00190.DAT,1.84,0.745,-0.163,down
vol1,N6409.LFT,NACA 6409,naca6409,H. Halsey,clean,clean,,,202400,AB00190.DAT,0.3,0.592,-0.163,down
vol1,N6409.LFT,NACA 6409,naca6409,H. Halsey,clean,clean,,,202400,AB00190.DAT,-1.12,0.448,-0.163,down
vol1,N6409.LFT,NACA 6409,naca6409,H. Halsey,clean,clean,,,202400,AB00190.DAT,-2.67,0.296,-0.163,down
vol1,N6409.LFT,NACA 6409,naca6409,H. Halsey,clean,clean,,,202400,AB00190.DAT,-4.1,0.148,-0.163,down
vol1,N6409.LFT,NACA 6409,naca6409,H. Halsey,clean,clean,,,202400,AB00190.DAT,-5.84,-0.13,-0.163,down
vol1,R140A.LFT,R140 (A),r140,W. Friedlander,clean,clean,,,102300,AB00202.DAT,-5.74,-0.518,-0.012,up
vol1,R140A.LFT,R140 (A),r140,W. Friedlander,clean,clean,,,102300,AB00202.DAT,-4.08,-0.449,-0.012,up
vol1,R140A.LFT,R140 (A),r140,W. Friedlander,clean,clean,,,102300,AB00202.DAT,-2.56,-0.372,-0.012,up
vol1,R140A.LFT,R140 (A),r140,W. Friedlander,clean,clean,,,102300,AB00202.DAT,-0.95,-0.079,-0.012,up
vol1,R140A.LFT,R140 (A),r140,W. Friedlander,clean,clean,,,102300,AB00202.DAT,0.5,0.162,-0.012,up
vol1,R140A.LFT,R140 (A),r140,W. Friedlander,clean,clean,,,102300,AB00202.DAT,2.17,0.393,-0.012,up
vol1,R140A.LFT,R140 (A),r140,W. Friedlander,clean,clean,,,102300,AB00202.DAT,3.61,0.488,-0.012,up
vol1,R140A.LFT,R140 (A),r140,W. Friedlander,clean,clean,,,102300,AB00202.DAT,5.04,0.578,-0.012,up
vol1,R140A.LFT,R140 (A),r140,W. Friedlander,clean,clean,,,102300,AB00202.DAT,6.6,0.638,-0.012,up
vol1,R140A.LFT,R140 (A),r140,W. Friedlander,clean,clean,,,102300,AB00202.DAT,8.23,0.718,-0.012,up
vol1,R140A.LFT,R140 (A),r140,W. Friedlander,clean,clean,,,102300,AB00202.DAT,9.55,0.779,-0.012,up
vol1,R140A.LFT,R140 (A),r140,W. Friedlander,clean,clean,,,102300,AB00202.DAT,11.22,0.851,-0.012,up
vol1,R140A.LFT,R140 (A),r140,W. Friedlander,clean,clean,,,102300,AB00202.DAT,12.57,0.85,-0.012,up
vol1,R140A.LFT,R140 (A),r140,W. Friedlander,clean,clean,,,102300,AB00202.DAT,14.12,0.812,-0.012,up
vol1,R140A.LFT,R140 (A),r140,W. Friedlander,clean,clean,,,102300,AB00202.DAT,15.63,0.74,-0.012,up
vol1,R140A.LFT,R140 (A),r140,W. Friedlander,clean,clean,,,102300,AB00202.DAT,17.18,0.716,-0.012,up
vol1,R140A.LFT,R140 (A),r140,W. Friedlander,clean,clean,,,102300,AB00202.DAT,18.55,0.728,-0.012,up
vol1,R140A.LFT,R140 (A),r140,W. Friedlander,clean,clean,,,102300,AB00202.DAT,16.89,0.713,-0.012,down
vol1,R140A.LFT,R140 (A),r140,W. Friedlander,clean,clean,,,102300,AB00202.DAT,15.51,0.73,-0.012,down
vol1,R140A.LFT,R140 (A),r140,W. Friedlander,clean,clean,,,102300,AB00202.DAT,13.98,0.817,-0.012,down
vol1,R140A.LFT,R140 (A),r140,W. Friedlander,clean,clean,,,102300,AB00202.DAT,12.54,0.855,-0.012,down
vol1,R140A.LFT,R140 (A),r140,W. Friedlander,clean,clean,,,102300,AB00202.DAT,10.97,0.837,-0.012,down
vol1,R140A.LFT,R140 (A),r140,W. Friedlander,clean,clean,,,102300,AB00202.DAT,9.53,0.766,-0.012,down
vol1,R140A.LFT,R140 (A),r140,W. Friedlander,clean,clean,,,102300,AB00202.DAT,7.89,0.686,-0.012,down
vol1,R140A.LFT,R140 (A),r140,W. Friedlander,clean,clean,,,102300,AB00202.DAT,6.5,0.619,-0.012,down
vol1,R140A.LFT,R140 (A),r140,W. Friedlander,clean,clean,,,102300,AB00202.DAT,4.94,0.556,-0.012,down
vol1,R140A.LFT,R140 (A),r140,W. Friedlander,clean,clean,,,102300,AB00202.DAT,3.42,0.462,-0.012,down
vol1,R140A.LFT,R140 (A),r140,W. Friedlander,clean,clean,,,102300,AB00202.DAT,1.73,0.326,-0.012,down
vol1,R140A.LFT,R140 (A),r140,W. Friedlander,clean,clean,,,102300,AB00202.DAT,0.33,0.105,-0.012,down
vol1,R140A.LFT,R140 (A),r140,W. Friedlander,clean,clean,,,102300,AB00202.DAT,-1.32,-0.17,-0.012,down
vol1,R140A.LFT,R140 (A),r140,W. Friedlander,clean,clean,,,102300,AB00202.DAT,-2.77,-0.39,-0.012,down
vol1,R140A.LFT,R140 (A),r140,W. Friedlander,clean,clean,,,102300,AB00202.DAT,-4.36,-0.454,-0.012,down
vol1,R140A.LFT,R140 (A),r140,W. Friedlander,clean,clean,,,102300,AB00202.DAT,-5.85,-0.522,-0.012,down
vol1,R140A.LFT,R140 (A),r140,W. Friedlander,clean,clean,,,204200,AB00204.DAT,-5.73,-0.527,-0.012,up
vol1,R140A.LFT,R140 (A),r140,W. Friedlander,clean,clean,,,204200,AB00204.DAT,-4.13,-0.408,-0.012,up
vol1,R140A.LFT,R140 (A),r140,W. Friedlander,clean,clean,,,204200,AB00204.DAT,-2.68,-0.25,-0.012,up
vol1,R140A.LFT,R140 (A),r140,W. Friedlander,clean,clean,,,204200,AB00204.DAT,-0.93,-0.076,-0.012,up
vol1,R140A.LFT,R140 (A),r140,W. Friedlander,clean,clean,,,204200,AB00204.DAT,0.34,0.027,-0.012,up
vol1,R140A.LFT,R140 (A),r140,W. Friedlander,clean,clean,,,204200,AB00204.DAT,1.99,0.206,-0.012,up
vol1,R140A.LFT,R140 (A),r140,W. Friedlander,clean,clean,,,204200,AB00204.DAT,3.48,0.411,-0.012,up
vol1,R140A.LFT,R140 (A),r140,W. Friedlander,clean,clean,,,204200,AB00204.DAT,5.09,0.552,-0.012,up
vol1,R140A.LFT,R140 (A),r140,W. Friedlander,clean,clean,,,204200,AB00204.DAT,6.5,0.619,-0.012,up
vol1,R140A.LFT,R140 (A),r140,W. Friedlander,clean,clean,,,204200,AB00204.DAT,7.99,0.693,-0.012,up
vol1,R140A.LFT,R140 (A),r140,W. Friedlander,clean,clean,,,204200,AB00204.DAT,9.56,0.785,-0.012,up
vol1,R140A.LFT,R140 (A),r140,W. Friedlander,clean,clean,,,204200,AB00204.DAT,11.17,0.853,-0.012,up
vol1,R140A.LFT,R140 (A),r140,W. Friedlander,clean,clean,,,204200,AB00204.DAT,12.61,0.862,-0.012,up
vol1,R140A.LFT,R140 (A),r140,W. Friedlander,clean,clean,,,204200,AB00204.DAT,14.1,0.822,-0.012,up
vol1,R140A.LFT,R140 (A),r140,W. Friedlander,clean,clean,,,204200,AB00204.DAT,15.84,0.73,-0.012,up
vol1,R140A.LFT,R140 (A),r140,W. Friedlander,clean,clean,,,204200,AB00204.DAT,17.12,0.694,-0.012,up
vol1,R140A.LFT,R140 (A),r140,W. Friedlander,clean,clean,,,204200,AB00204.DAT,18.75,0.715,-0.012,up
vol1,R140A.LFT,R140 (A),r140,W. Friedlander,clean,clean,,,204200,AB00204.DAT,16.8,0.72,-0.012,down
vol1,R140A.LFT,R140 (A),r140,W. Friedlander,clean,clean,,,204200,AB00204.DAT,15.33,0.771,-0.012,down
vol1,R140A.LFT,R140 (A),r140,W. Friedlander,clean,clean,,,204200,AB00204.DAT,13.77,0.834,-0.012,down
vol1,R140A.LFT,R140 (A),r140,W. Friedlander,clean,clean,,,204200,AB00204.DAT,12.54,0.861,-0.012,down
vol1,R140A.LFT,R140 (A),r140,W. Friedlander,clean,clean,,,204200,AB00204.DAT,11.1,0.857,-0.012,down
vol1,R140A.LFT,R140 (A),r140,W. Friedlander,clean,clean,,,204200,AB00204.DAT,9.51,0.778,-0.012,down
vol1,R140A.LFT,R140 (A),r140,W. Friedlander,clean,clean,,,204200,AB00204.DAT,7.99,0.686,-0.012,down
vol1,R140A.LFT,R140 (A),r140,W. Friedlander,clean,clean,,,204200,AB00204.DAT,6.48,0.612,-0.012,down
vol1,R140A.LFT,R140 (A),r140,W. Friedlander,clean,clean,,,204200,AB00204.DAT,4.83,0.535,-0.012,down
vol1,R140A.LFT,R140 (A),r140,W. Friedlander,clean,clean,,,204200,AB00204.DAT,3.45,0.398,-0.012,down
vol1,R140A.LFT,R140 (A),r140,W. Friedlander,clean,clean,,,204200,AB00204.DAT,1.89,0.182,-0.012,down
vol1,R140A.LFT,R140 (A),r140,W. Friedlander,clean,clean,,,204200,AB00204.DAT,0.32,0.015,-0.012,down
vol1,R140A.LFT,R140 (A),r140,W. Friedlander,clean,clean,,,204200,AB00204.DAT,-1.23,-0.112,-0.012,down
vol1,R140A.LFT,R140 (A),r140,W. Friedlander,clean,clean,,,204200,AB00204.DAT,-2.75,-0.264,-0.012,down
vol1,R140A.LFT,R140 (A),r140,W. Friedlander,clean,clean,,,204200,AB00204.DAT,-4.33,-0.442,-0.012,down
vol1,R140A.LFT,R140 (A),r140,W. Friedlander,clean,clean,,,204200,AB00204.DAT,-5.93,-0.544,-0.012,down
vol1,R140A.LFT,R140 (A),r140,W. Friedlander,clean,clean,,,306000,AB00206.DAT,-5.69,-0.528,-0.012,up
vol1,R140A.LFT,R140 (A),r140,W. Friedlander,clean,clean,,,306000,AB00206.DAT,-3.92,-0.344,-0.012,up
vol1,R140A.LFT,R140 (A),r140,W. Friedlander,clean,clean,,,306000,AB00206.DAT,-2.63,-0.228,-0.012,up
vol1,R140A.LFT,R140 (A),r140,W. Friedlander,clean,clean,,,306000,AB00206.DAT,-0.86,-0.078,-0.012,up
vol1,R140A.LFT,R140 (A),r140,W. Friedlander,clean,clean,,,306000,AB00206.DAT,0.54,0.04,-0.012,up
vol1,R140A.LFT,R140 (A),r140,W. Friedlander,clean,clean,,,306000,AB00206.DAT,2.08,0.195,-0.012,up
vol1,R140A.LFT,R140 (A),r140,W. Friedlander,clean,clean,,,306000,AB00206.DAT,3.43,0.36,-0.012,up
vol1,R140A.LFT,R140 (A),r140,W. Friedlander,clean,clean,,,306000,AB00206.DAT,5.05,0.547,-0.012,up
vol1,R140A.LFT,R140 (A),r140,W. Friedlander,clean,clean,,,306000,AB00206.DAT,6.49,0.626,-0.012,up
vol1,R140A.LFT,R140 (A),r140,W. Friedlander,clean,clean,,,306000,AB00206.DAT,7.99,0.699,-0.012,up
vol1,R140A.LFT,R140 (A),r140,W. Friedlander,clean,clean,,,306000,AB00206.DAT,9.59,0.807,-0.012,up
vol1,R140A.LFT,R140 (A),r140,W. Friedlander,clean,clean,,,306000,AB00206.DAT,11.1,0.868,-0.012,up
vol1,R140A.LFT,R140 (A),r140,W. Friedlander,clean,clean,,,306000,AB00206.DAT,12.45,0.886,-0.012,up
vol1,R140A.LFT,R140 (A),r140,W. Friedlander,clean,clean,,,306000,AB00206.DAT,14.22,0.819,-0.012,up
vol1,R140A.LFT,R140 (A),r140,W. Friedlander,clean,clean,,,306000,AB00206.DAT,15.91,0.736,-0.012,up
vol1,R140A.LFT,R140 (A),r140,W. Friedlander,clean,clean,,,306000,AB00206.DAT,17.41,0.714,-0.012,up
vol1,R140A.LFT,R140 (A),r140,W. Friedlander,clean,clean,,,306000,AB00206.DAT,18.48,0.746,-0.012,up
vol1,R140A.LFT,R140 (A),r140,W. Friedlander,clean,clean,,,306000,AB00206.DAT,16.8,0.707,-0.012,down
vol1,R140A.LFT,R140 (A),r140,W. Friedlander,clean,clean,,,306000,AB00206.DAT,15.27,0.77,-0.012,down
vol1,R140A.LFT,R140 (A),r140,W. Friedlander,clean,clean,,,306000,AB00206.DAT,13.87,0.855,-0.012,down
vol1,R140A.LFT,R140 (A),r140,W. Friedlander,clean,clean,,,306000,AB00206.DAT,12.61,0.873,-0.012,down
vol1,R140A.LFT,R140 (A),r140,W. Friedlander,clean,clean,,,306000,AB00206.DAT,11.08,0.869,-0.012,down
vol1,R140A.LFT,R140 (A),r140,W. Friedlander,clean,clean,,,306000,AB00206.DAT,9.47,0.797,-0.012,down
vol1,R140A.LFT,R140 (A),r140,W. Friedlander,clean,clean,,,306000,AB00206.DAT,8.0,0.697,-0.012,down
vol1,R140A.LFT,R140 (A),r140,W. Friedlander,clean,clean,,,306000,AB00206.DAT,6.43,0.619,-0.012,down
vol1,R140A.LFT,R140 (A),r140,W. Friedlander,clean,clean,,,306000,AB00206.DAT,4.91,0.53,-0.012,down
vol1,R140A.LFT,R140 (A),r140,W. Friedlander,clean,clean,,,306000,AB00206.DAT,3.39,0.349,-0.012,down
vol1,R140A.LFT,R140 (A),r140,W. Friedlander,clean,clean,,,306000,AB00206.DAT,1.88,0.167,-0.012,down
vol1,R140A.LFT,R140 (A),r140,W. Friedlander,clean,clean,,,306000,AB00206.DAT,0.34,0.017,-0.012,down
vol1,R140A.LFT,R140 (A),r140,W. Friedlander,clean,clean,,,306000,AB00206.DAT,-1.24,-0.118,-0.012,down
vol1,R140A.LFT,R140 (A),r140,W. Friedlander,clean,clean,,,306000,AB00206.DAT,-2.89,-0.253,-0.012,down
vol1,R140A.LFT,R140 (A),r140,W. Friedlander,clean,clean,,,306000,AB00206.DAT,-4.49,-0.413,-0.012,down
vol1,R140A.LFT,R140 (A),r140,W. Friedlander,clean,clean,,,306000,AB00206.DAT,-6.08,-0.561,-0.012,down
vol1,RG15B.LFT,RG15 (B),rg15,B. Champine,clean,clean,,,61400,MS00306.DAT,-6.95,-0.442,-0.058,up
vol1,RG15B.LFT,RG15 (B),rg15,B. Champine,clean,clean,,,61400,MS00306.DAT,-4.99,-0.299,-0.058,up
vol1,RG15B.LFT,RG15 (B),rg15,B. Champine,clean,clean,,,61400,MS00306.DAT,-3.5,-0.183,-0.058,up
vol1,RG15B.LFT,RG15 (B),rg15,B. Champine,clean,clean,,,61400,MS00306.DAT,-1.89,-0.069,-0.058,up
vol1,RG15B.LFT,RG15 (B),rg15,B. Champine,clean,clean,,,61400,MS00306.DAT,-0.34,0.086,-0.058,up
vol1,RG15B.LFT,RG15 (B),rg15,B. Champine,clean,clean,,,61400,MS00306.DAT,1.11,0.246,-0.058,up
vol1,RG15B.LFT,RG15 (B),rg15,B. Champine,clean,clean,,,61400,MS00306.DAT,2.83,0.521,-0.058,up
vol1,RG15B.LFT,RG15 (B),rg15,B. Champine,clean,clean,,,61400,MS00306.DAT,4.22,0.664,-0.058,up
vol1,RG15B.LFT,RG15 (B),rg15,B. Champine,clean,clean,,,61400,MS00306.DAT,5.71,0.783,-0.058,up
vol1,RG15B.LFT,RG15 (B),rg15,B. Champine,clean,clean,,,61400,MS00306.DAT,7.38,0.901,-0.058,up
vol1,RG15B.LFT,RG15 (B),rg15,B. Champine,clean,clean,,,61400,MS00306.DAT,8.9,0.99,-0.058,up
vol1,RG15B.LFT,RG15 (B),rg15,B. Champine,clean,clean,,,61400,MS00306.DAT,10.26,1.043,-0.058,up
vol1,RG15B.LFT,RG15 (B),rg15,B. Champine,clean,clean,,,61400,MS00306.DAT,11.89,1.036,-0.058,up
vol1,RG15B.LFT,RG15 (B),rg15,B. Champine,clean,clean,,,61400,MS00306.DAT,13.37,1.053,-0.058,up
vol1,RG15B.LFT,RG15 (B),rg15,B. Champine,clean,clean,,,61400,MS00306.DAT,14.75,1.057,-0.058,up
vol1,RG15B.LFT,RG15 (B),rg15,B. Champine,clean,clean,,,61400,MS00306.DAT,16.27,1.006,-0.058,up
vol1,RG15B.LFT,RG15 (B),rg15,B. Champine,clean,clean,,,61400,MS00306.DAT,17.75,0.99,-0.058,up
vol1,RG15B.LFT,RG15 (B),rg15,B. Champine,clean,clean,,,61400,MS00306.DAT,16.35,1.012,-0.058,down
vol1,RG15B.LFT,RG15 (B),rg15,B. Champine,clean,clean,,,61400,MS00306.DAT,14.97,1.012,-0.058,down
vol1,RG15B.LFT,RG15 (B),rg15,B. Champine,clean,clean,,,61400,MS00306.DAT,13.49,1.067,-0.058,down
vol1,RG15B.LFT,RG15 (B),rg15,B. Champine,clean,clean,,,61400,MS00306.DAT,11.89,1.065,-0.058,down
vol1,RG15B.LFT,RG15 (B),rg15,B. Champine,clean,clean,,,61400,MS00306.DAT,10.38,1.037,-0.058,down
vol1,RG15B.LFT,RG15 (B),rg15,B. Champine,clean,clean,,,61400,MS00306.DAT,8.87,0.976,-0.058,down
vol1,RG15B.LFT,RG15 (B),rg15,B. Champine,clean,clean,,,61400,MS00306.DAT,7.44,0.89,-0.058,down
vol1,RG15B.LFT,RG15 (B),rg15,B. Champine,clean,clean,,,61400,MS00306.DAT,5.84,0.784,-0.058,down
vol1,RG15B.LFT,RG15 (B),rg15,B. Champine,clean,clean,,,61400,MS00306.DAT,4.34,0.66,-0.058,down
vol1,RG15B.LFT,RG15 (B),rg15,B. Champine,clean,clean,,,61400,MS00306.DAT,2.79,0.515,-0.058,down
vol1,RG15B.LFT,RG15 (B),rg15,B. Champine,clean,clean,,,61400,MS00306.DAT,1.29,0.252,-0.058,down
vol1,RG15B.LFT,RG15 (B),rg15,B. Champine,clean,clean,,,61400,MS00306.DAT,-0.22,0.091,-0.058,down
vol1,RG15B.LFT,RG15 (B),rg15,B. Champine,clean,clean,,,61400,MS00306.DAT,-1.89,-0.075,-0.058,down
vol1,RG15B.LFT,RG15 (B),rg15,B. Champine,clean,clean,,,61400,MS00306.DAT,-3.36,-0.182,-0.058,down
vol1,RG15B.LFT,RG15 (B),rg15,B. Champine,clean,clean,,,61400,MS00306.DAT,-4.92,-0.295,-0.058,down
vol1,RG15B.LFT,RG15 (B),rg15,B. Champine,clean,clean,,,61400,MS00306.DAT,-6.5,-0.415,-0.058,down
vol1,RG15B.LFT,RG15 (B),rg15,B. Champine,clean,clean,,,101900,MS00307.DAT,-6.53,-0.419,-0.058,up
vol1,RG15B.LFT,RG15 (B),rg15,B. Champine,clean,clean,,,101900,MS00307.DAT,-4.99,-0.301,-0.058,up
vol1,RG15B.LFT,RG15 (B),rg15,B. Champine,clean,clean,,,101900,MS00307.DAT,-3.4,-0.172,-0.058,up
vol1,RG15B.LFT,RG15 (B),rg15,B. Champine,clean,clean,,,101900,MS00307.DAT,-2.02,-0.06,-0.058,up
vol1,RG15B.LFT,RG15 (B),rg15,B. Champine,clean,clean,,,101900,MS00307.DAT,-0.36,0.093,-0.058,up
vol1,RG15B.LFT,RG15 (B),rg15,B. Champine,clean,clean,,,101900,MS00307.DAT,1.06,0.323,-0.058,up
vol1,RG15B.LFT,RG15 (B),rg15,B. Champine,clean,clean,,,101900,MS00307.DAT,2.62,0.52,-0.058,up
vol1,RG15B.LFT,RG15 (B),rg15,B. Champine,clean,clean,,,101900,MS00307.DAT,4.12,0.649,-0.058,up
vol1,RG15B.LFT,RG15 (B),rg15,B. Champine,clean,clean,,,101900,MS00307.DAT,5.77,0.797,-0.058,up
vol1,RG15B.LFT,RG15 (B),rg15,B. Champine,clean,clean,,,101900,MS00307.DAT,7.31,0.911,-0.058,up
vol1,RG15B.LFT,RG15 (B),rg15,B. Champine,clean,clean,,,101900,MS00307.DAT,8.82,0.997,-0.058,up
vol1,RG15B.LFT,RG15 (B),rg15,B. Champine,clean,clean,,,101900,MS00307.DAT,10.38,1.06,-0.058,up
vol1,RG15B.LFT,RG15 (B),rg15,B. Champine,clean,clean,,,101900,MS00307.DAT,11.84,1.067,-0.058,up
vol1,RG15B.LFT,RG15 (B),rg15,B. Champine,clean,clean,,,101900,MS00307.DAT,13.34,0.984,-0.058,up
vol1,RG15B.LFT,RG15 (B),rg15,B. Champine,clean,clean,,,101900,MS00307.DAT,14.83,0.964,-0.058,up
vol1,RG15B.LFT,RG15 (B),rg15,B. Champine,clean,clean,,,101900,MS00307.DAT,16.16,0.951,-0.058,up
vol1,RG15B.LFT,RG15 (B),rg15,B. Champine,clean,clean,,,101900,MS00307.DAT,17.83,0.893,-0.058,up
vol1,RG15B.LFT,RG15 (B),rg15,B. Champine,clean,clean,,,101900,MS00307.DAT,16.43,0.947,-0.058,down
vol1,RG15B.LFT,RG15 (B),rg15,B. Champine,clean,clean,,,101900,MS00307.DAT,14.91,0.957,-0.058,down
vol1,RG15B.LFT,RG15 (B),rg15,B. Champine,clean,clean,,,101900,MS00307.DAT,13.41,0.961,-0.058,down
vol1,RG15B.LFT,RG15 (B),rg15,B. Champine,clean,clean,,,101900,MS00307.DAT,11.92,1.044,-0.058,down
vol1,RG15B.LFT,RG15 (B),rg15,B. Champine,clean,clean,,,101900,MS00307.DAT,10.29,1.046,-0.058,down
vol1,RG15B.LFT,RG15 (B),rg15,B. Champine,clean,clean,,,101900,MS00307.DAT,8.88,0.987,-0.058,down
vol1,RG15B.LFT,RG15 (B),rg15,B. Champine,clean,clean,,,101900,MS00307.DAT,7.39,0.901,-0.058,down
vol1,RG15B.LFT,RG15 (B),rg15,B. Champine,clean,clean,,,101900,MS00307.DAT,5.8,0.784,-0.058,down
vol1,RG15B.LFT,RG15 (B),rg15,B. Champine,clean,clean,,,101900,MS00307.DAT,4.16,0.638,-0.058,down
vol1,RG15B.LFT,RG15 (B),rg15,B. Champine,clean,clean,,,101900,MS00307.DAT,2.7,0.51,-0.058,down
vol1,RG15B.LFT,RG15 (B),rg15,B. Champine,clean,clean,,,101900,MS00307.DAT,1.18,0.324,-0.058,down
vol1,RG15B.LFT,RG15 (B),rg15,B. Champine,clean,clean,,,101900,MS00307.DAT,-0.38,0.069,-0.058,down
vol1,RG15B.LFT,RG15 (B),rg15,B. Champine,clean,clean,,,101900,MS00307.DAT,-1.89,-0.076,-0.058,down
vol1,RG15B.LFT,RG15 (B),rg15,B. Champine,clean,clean,,,101900,MS00307.DAT,-3.5,-0.191,-0.058,down
vol1,RG15B.LFT,RG15 (B),rg15,B. Champine,clean,clean,,,101900,MS00307.DAT,-4.91,-0.306,-0.058,down
vol1,RG15B.LFT,RG15 (B),rg15,B. Champine,clean,clean,,,101900,MS00307.DAT,-6.45,-0.425,-0.058,down
vol1,RG15B.LFT,RG15 (B),rg15,B. Champine,clean,clean,,,152700,AB00549.DAT,-6.26,-0.43,-0.058,up
vol1,RG15B.LFT,RG15 (B),rg15,B. Champine,clean,clean,,,152700,AB00549.DAT,-5.22,-0.345,-0.058,up
vol1,RG15B.LFT,RG15 (B),rg15,B. Champine,clean,clean,,,152700,AB00549.DAT,-4.22,-0.264,-0.058,up
vol1,RG15B.LFT,RG15 (B),rg15,B. Champine,clean,clean,,,152700,AB00549.DAT,-3.3,-0.185,-0.058,up
vol1,RG15B.LFT,RG15 (B),rg15,B. Champine,clean,clean,,,152700,AB00549.DAT,-2.1,-0.087,-0.058,up
vol1,RG15B.LFT,RG15 (B),rg15,B. Champine,clean,clean,,,152700,AB00549.DAT,-1.23,-0.01,-0.058,up
vol1,RG15B.LFT,RG15 (B),rg15,B. Champine,clean,clean,,,152700,AB00549.DAT,-0.01,0.163,-0.058,up
vol1,RG15B.LFT,RG15 (B),rg15,B. Champine,clean,clean,,,152700,AB00549.DAT,0.96,0.312,-0.058,up
vol1,RG15B.LFT,RG15 (B),rg15,B. Champine,clean,clean,,,152700,AB00549.DAT,1.97,0.415,-0.058,up
vol1,RG15B.LFT,RG15 (B),rg15,B. Champine,clean,clean,,,152700,AB00549.DAT,2.83,0.499,-0.058,up
vol1,RG15B.LFT,RG15 (B),rg15,B. Champine,clean,clean,,,152700,AB00549.DAT,3.99,0.615,-0.058,up
vol1,RG15B.LFT,RG15 (B),rg15,B. Champine,clean,clean,,,152700,AB00549.DAT,5.04,0.712,-0.058,up
vol1,RG15B.LFT,RG15 (B),rg15,B. Champine,clean,clean,,,152700,AB00549.DAT,5.89,0.786,-0.058,up
vol1,RG15B.LFT,RG15 (B),rg15,B. Champine,clean,clean,,,152700,AB00549.DAT,7.08,0.884,-0.058,up
vol1,RG15B.LFT,RG15 (B),rg15,B. Champine,clean,clean,,,152700,AB00549.DAT,8.13,0.951,-0.058,up
vol1,RG15B.LFT,RG15 (B),rg15,B. Champine,clean,clean,,,152700,AB00549.DAT,8.92,0.996,-0.058,up
vol1,RG15B.LFT,RG15 (B),rg15,B. Champine,clean,clean,,,152700,AB00549.DAT,9.96,1.042,-0.058,up
vol1,RG15B.LFT,RG15 (B),rg15,B. Champine,clean,clean,,,152700,AB00549.DAT,10.94,1.069,-0.058,up
vol1,RG15B.LFT,RG15 (B),rg15,B. Champine,clean,clean,,,152700,AB00549.DAT,12.12,1.073,-0.058,up
vol1,RG15B.LFT,RG15 (B),rg15,B. Champine,clean,clean,,,152700,AB00549.DAT,12.96,1.037,-0.058,up
vol1,RG15B.LFT,RG15 (B),rg15,B. Champine,clean,clean,,,152700,AB00549.DAT,14.13,0.992,-0.058,up
vol1,RG15B.LFT,RG15 (B),rg15,B. Champine,clean,clean,,,152700,AB00549.DAT,15.22,0.998,-0.058,up
vol1,RG15B.LFT,RG15 (B),rg15,B. Champine,clean,clean,,,152700,AB00549.DAT,16.2,0.95,-0.058,up
vol1,RG15B.LFT,RG15 (B),rg15,B. Champine,clean,clean,,,152700,AB00549.DAT,17.21,0.92,-0.058,up
vol1,RG15B.LFT,RG15 (B),rg15,B. Champine,clean,clean,,,152700,AB00549.DAT,18.08,0.892,-0.058,up
vol1,RG15B.LFT,RG15 (B),rg15,B. Champine,clean,clean,,,152700,AB00549.DAT,16.71,0.925,-0.058,down
vol1,RG15B.LFT,RG15 (B),rg15,B. Champine,clean,clean,,,152700,AB00549.DAT,15.73,0.932,-0.058,down
vol1,RG15B.LFT,RG15 (B),rg15,B. Champine,clean,clean,,,152700,AB00549.DAT,14.7,0.965,-0.058,down
vol1,RG15B.LFT,RG15 (B),rg15,B. Champine,clean,clean,,,152700,AB00549.DAT,13.51,1.002,-0.058,down
vol1,RG15B.LFT,RG15 (B),rg15,B. Champine,clean,clean,,,152700,AB00549.DAT,12.68,1.045,-0.058,down
vol1,RG15B.LFT,RG15 (B),rg15,B. Champine,clean,clean,,,152700,AB00549.DAT,11.66,1.066,-0.058,down
vol1,RG15B.LFT,RG15 (B),rg15,B. Champine,clean,clean,,,152700,AB00549.DAT,10.76,1.064,-0.058,down
vol1,RG15B.LFT,RG15 (B),rg15,B. Champine,clean,clean,,,152700,AB00549.DAT,9.8,1.033,-0.058,down
vol1,RG15B.LFT,RG15 (B),rg15,B. Champine,clean,clean,,,152700,AB00549.DAT,8.82,0.986,-0.058,down
vol1,RG15B.LFT,RG15 (B),rg15,B. Champine,clean,clean,,,152700,AB00549.DAT,7.82,0.928,-0.058,down
vol1,RG15B.LFT,RG15 (B),rg15,B. Champine,clean,clean,,,152700,AB00549.DAT,6.76,0.854,-0.058,down
vol1,RG15B.LFT,RG15 (B),rg15,B. Champine,clean,clean,,,152700,AB00549.DAT,5.7,0.763,-0.058,down
vol1,RG15B.LFT,RG15 (B),rg15,B. Champine,clean,clean,,,152700,AB00549.DAT,4.63,0.669,-0.058,down
vol1,RG15B.LFT,RG15 (B),rg15,B. Champine,clean,clean,,,152700,AB00549.DAT,3.74,0.582,-0.058,down
vol1,RG15B.LFT,RG15 (B),rg15,B. Champine,clean,clean,,,152700,AB00549.DAT,2.61,0.47,-0.058,down
vol1,RG15B.LFT,RG15 (B),rg15,B. Champine,clean,clean,,,152700,AB00549.DAT,1.62,0.375,-0.058,down
vol1,RG15B.LFT,RG15 (B),rg15,B. Champine,clean,clean,,,152700,AB00549.DAT,0.58,0.256,-0.058,down
vol1,RG15B.LFT,RG15 (B),rg15,B. Champine,clean,clean,,,152700,AB00549.DAT,-0.51,0.084,-0.058,down
vol1,RG15B.LFT,RG15 (B),rg15,B. Champine,clean,clean,,,152700,AB00549.DAT,-1.48,-0.044,-0.058,down
vol1,RG15B.LFT,RG15 (B),rg15,B. Champine,clean,clean,,,152700,AB00549.DAT,-2.59,-0.132,-0.058,down
vol1,RG15B.LFT,RG15 (B),rg15,B. Champine,clean,clean,,,152700,AB00549.DAT,-3.5,-0.21,-0.058,down
vol1,RG15B.LFT,RG15 (B),rg15,B. Champine,clean,clean,,,152700,AB00549.DAT,-4.62,-0.305,-0.058,down
vol1,RG15B.LFT,RG15 (B),rg15,B. Champine,clean,clean,,,152700,AB00549.DAT,-5.74,-0.396,-0.058,down
vol1,RG15B.LFT,RG15 (B),rg15,B. Champine,clean,clean,,,152700,AB00549.DAT,-6.73,-0.481,-0.058,down
vol1,RG15B.LFT,RG15 (B),rg15,B. Champine,clean,clean,,,203500,JG00080.DAT,-6.53,-0.435,-0.058,up
vol1,RG15B.LFT,RG15 (B),rg15,B. Champine,clean,clean,,,203500,JG00080.DAT,-5.1,-0.321,-0.058,up
vol1,RG15B.LFT,RG15 (B),rg15,B. Champine,clean,clean,,,203500,JG00080.DAT,-3.52,-0.184,-0.058,up
vol1,RG15B.LFT,RG15 (B),rg15,B. Champine,clean,clean,,,203500,JG00080.DAT,-1.97,-0.033,-0.058,up
vol1,RG15B.LFT,RG15 (B),rg15,B. Champine,clean,clean,,,203500,JG00080.DAT,-0.46,0.16,-0.058,up
vol1,RG15B.LFT,RG15 (B),rg15,B. Champine,clean,clean,,,203500,JG00080.DAT,1.15,0.339,-0.058,up
vol1,RG15B.LFT,RG15 (B),rg15,B. Champine,clean,clean,,,203500,JG00080.DAT,2.7,0.492,-0.058,up
vol1,RG15B.LFT,RG15 (B),rg15,B. Champine,clean,clean,,,203500,JG00080.DAT,4.22,0.637,-0.058,up
vol1,RG15B.LFT,RG15 (B),rg15,B. Champine,clean,clean,,,203500,JG00080.DAT,5.74,0.773,-0.058,up
vol1,RG15B.LFT,RG15 (B),rg15,B. Champine,clean,clean,,,203500,JG00080.DAT,7.26,0.891,-0.058,up
vol1,RG15B.LFT,RG15 (B),rg15,B. Champine,clean,clean,,,203500,JG00080.DAT,8.77,0.982,-0.058,up
vol1,RG15B.LFT,RG15 (B),rg15,B. Champine,clean,clean,,,203500,JG00080.DAT,10.32,1.045,-0.058,up
vol1,RG15B.LFT,RG15 (B),rg15,B. Champine,clean,clean,,,203500,JG00080.DAT,11.84,1.06,-0.058,up
vol1,RG15B.LFT,RG15 (B),rg15,B. Champine,clean,clean,,,203500,JG00080.DAT,13.15,1.023,-0.058,up
vol1,RG15B.LFT,RG15 (B),rg15,B. Champine,clean,clean,,,203500,JG00080.DAT,14.72,0.948,-0.058,up
vol1,RG15B.LFT,RG15 (B),rg15,B. Champine,clean,clean,,,203500,JG00080.DAT,16.22,0.934,-0.058,up
vol1,RG15B.LFT,RG15 (B),rg15,B. Champine,clean,clean,,,203500,JG00080.DAT,17.77,0.921,-0.058,up
vol1,RG15B.LFT,RG15 (B),rg15,B. Champine,clean,clean,,,203500,JG00080.DAT,16.41,0.936,-0.058,down
vol1,RG15B.LFT,RG15 (B),rg15,B. Champine,clean,clean,,,203500,JG00080.DAT,14.83,0.942,-0.058,down
vol1,RG15B.LFT,RG15 (B),rg15,B. Champine,clean,clean,,,203500,JG00080.DAT,13.38,1.008,-0.058,down
vol1,RG15B.LFT,RG15 (B),rg15,B. Champine,clean,clean,,,203500,JG00080.DAT,11.98,1.081,-0.058,down
vol1,RG15B.LFT,RG15 (B),rg15,B. Champine,clean,clean,,,203500,JG00080.DAT,10.4,1.046,-0.058,down
vol1,RG15B.LFT,RG15 (B),rg15,B. Champine,clean,clean,,,203500,JG00080.DAT,8.87,0.985,-0.058,down
vol1,RG15B.LFT,RG15 (B),rg15,B. Champine,clean,clean,,,203500,JG00080.DAT,7.33,0.89,-0.058,down
vol1,RG15B.LFT,RG15 (B),rg15,B. Champine,clean,clean,,,203500,JG00080.DAT,5.8,0.77,-0.058,down
vol1,RG15B.LFT,RG15 (B),rg15,B. Champine,clean,clean,,,203500,JG00080.DAT,4.36,0.643,-0.058,down
vol1,RG15B.LFT,RG15 (B),rg15,B. Champine,clean,clean,,,203500,JG00080.DAT,2.81,0.491,-0.058,down
vol1,RG15B.LFT,RG15 (B),rg15,B. Champine,clean,clean,,,203500,JG00080.DAT,1.22,0.332,-0.058,down
vol1,RG15B.LFT,RG15 (B),rg15,B. Champine,clean,clean,,,203500,JG00080.DAT,-0.39,0.153,-0.058,down
vol1,RG15B.LFT,RG15 (B),rg15,B. Champine,clean,clean,,,203500,JG00080.DAT,-1.9,-0.036,-0.058,down
vol1,RG15B.LFT,RG15 (B),rg15,B. Champine,clean,clean,,,203500,JG00080.DAT,-3.45,-0.187,-0.058,down
vol1,RG15B.LFT,RG15 (B),rg15,B. Champine,clean,clean,,,203500,JG00080.DAT,-4.9,-0.312,-0.058,down
vol1,RG15B.LFT,RG15 (B),rg15,B. Champine,clean,clean,,,203500,JG00080.DAT,-6.52,-0.44,-0.058,down
vol1,RG15B.LFT,RG15 (B),rg15,B. Champine,clean,clean,,,304700,JG00078.DAT,-6.5,-0.444,-0.058,up
vol1,RG15B.LFT,RG15 (B),rg15,B. Champine,clean,clean,,,304700,JG00078.DAT,-5.18,-0.34,-0.058,up
vol1,RG15B.LFT,RG15 (B),rg15,B. Champine,clean,clean,,,304700,JG00078.DAT,-3.65,-0.197,-0.058,up
vol1,RG15B.LFT,RG15 (B),rg15,B. Champine,clean,clean,,,304700,JG00078.DAT,-2.14,-0.012,-0.058,up
vol1,RG15B.LFT,RG15 (B),rg15,B. Champine,clean,clean,,,304700,JG00078.DAT,-0.54,0.162,-0.058,up
vol1,RG15B.LFT,RG15 (B),rg15,B. Champine,clean,clean,,,304700,JG00078.DAT,0.94,0.318,-0.058,up
vol1,RG15B.LFT,RG15 (B),rg15,B. Champine,clean,clean,,,304700,JG00078.DAT,2.54,0.493,-0.058,up
vol1,RG15B.LFT,RG15 (B),rg15,B. Champine,clean,clean,,,304700,JG00078.DAT,4.05,0.649,-0.058,up
vol1,RG15B.LFT,RG15 (B),rg15,B. Champine,clean,clean,,,304700,JG00078.DAT,5.64,0.795,-0.058,up
vol1,RG15B.LFT,RG15 (B),rg15,B. Champine,clean,clean,,,304700,JG00078.DAT,7.19,0.924,-0.058,up
vol1,RG15B.LFT,RG15 (B),rg15,B. Champine,clean,clean,,,304700,JG00078.DAT,8.78,1.032,-0.058,up
vol1,RG15B.LFT,RG15 (B),rg15,B. Champine,clean,clean,,,304700,JG00078.DAT,10.34,1.104,-0.058,up
vol1,RG15B.LFT,RG15 (B),rg15,B. Champine,clean,clean,,,304700,JG00078.DAT,11.63,1.131,-0.058,up
vol1,RG15B.LFT,RG15 (B),rg15,B. Champine,clean,clean,,,304700,JG00078.DAT,13.11,1.111,-0.058,up
vol1,RG15B.LFT,RG15 (B),rg15,B. Champine,clean,clean,,,304700,JG00078.DAT,14.66,1.035,-0.058,up
vol1,RG15B.LFT,RG15 (B),rg15,B. Champine,clean,clean,,,304700,JG00078.DAT,16.09,0.982,-0.058,up
vol1,RG15B.LFT,RG15 (B),rg15,B. Champine,clean,clean,,,304700,JG00078.DAT,17.68,0.943,-0.058,up
vol1,RG15B.LFT,RG15 (B),rg15,B. Champine,clean,clean,,,304700,JG00078.DAT,16.39,0.98,-0.058,down
vol1,RG15B.LFT,RG15 (B),rg15,B. Champine,clean,clean,,,304700,JG00078.DAT,14.88,1.02,-0.058,down
vol1,RG15B.LFT,RG15 (B),rg15,B. Champine,clean,clean,,,304700,JG00078.DAT,13.5,1.104,-0.058,down
vol1,RG15B.LFT,RG15 (B),rg15,B. Champine,clean,clean,,,304700,JG00078.DAT,12.01,1.139,-0.058,down
vol1,RG15B.LFT,RG15 (B),rg15,B. Champine,clean,clean,,,304700,JG00078.DAT,10.39,1.102,-0.058,down
vol1,RG15B.LFT,RG15 (B),rg15,B. Champine,clean,clean,,,304700,JG00078.DAT,8.95,1.037,-0.058,down
vol1,RG15B.LFT,RG15 (B),rg15,B. Champine,clean,clean,,,304700,JG00078.DAT,7.43,0.938,-0.058,down
vol1,RG15B.LFT,RG15 (B),rg15,B. Champine,clean,clean,,,304700,JG00078.DAT,5.85,0.81,-0.058,down
vol1,RG15B.LFT,RG15 (B),rg15,B. Champine,clean,clean,,,304700,JG00078.DAT,4.45,0.681,-0.058,down
vol1,RG15B.LFT,RG15 (B),rg15,B. Champine,clean,clean,,,304700,JG00078.DAT,2.83,0.515,-0.058,down
vol1,RG15B.LFT,RG15 (B),rg15,B. Champine,clean,clean,,,304700,JG00078.DAT,1.33,0.352,-0.058,down
vol1,RG15B.LFT,RG15 (B),rg15,B. Champine,clean,clean,,,304700,JG00078.DAT,-0.22,0.182,-0.058,down
vol1,RG15B.LFT,RG15 (B),rg15,B. Champine,clean,clean,,,304700,JG00078.DAT,-1.71,0.033,-0.058,down
vol1,RG15B.LFT,RG15 (B),rg15,B. Champine,clean,clean,,,304700,JG00078.DAT,-3.34,-0.172,-0.058,down
vol1,RG15B.LFT,RG15 (B),rg15,B. Champine,clean,clean,,,304700,JG00078.DAT,-4.84,-0.319,-0.058,down
vol1,RG15B.LFT,RG15 (B),rg15,B. Champine,clean,clean,,,304700,JG00078.DAT,-6.48,-0.452,-0.058,down
vol1,S1210.LFT,S1210,s1210,M. Allen,clean,clean,,,61100,JG00127.DAT,-6.22,-0.273,-0.25,up
vol1,S1210.LFT,S1210,s1210,M. Allen,clean,clean,,,61100,JG00127.DAT,-5.15,-0.168,-0.25,up
vol1,S1210.LFT,S1210,s1210,M. Allen,clean,clean,,,61100,JG00127.DAT,-4.15,0.183,-0.25,up
vol1,S1210.LFT,S1210,s1210,M. Allen,clean,clean,,,61100,JG00127.DAT,-2.97,0.369,-0.25,up
vol1,S1210.LFT,S1210,s1210,M. Allen,clean,clean,,,61100,JG00127.DAT,-1.98,0.504,-0.25,up
vol1,S1210.LFT,S1210,s1210,M. Allen,clean,clean,,,61100,JG00127.DAT,-0.96,0.614,-0.25,up
vol1,S1210.LFT,S1210,s1210,M. Allen,clean,clean,,,61100,JG00127.DAT,0.04,0.742,-0.25,up
vol1,S1210.LFT,S1210,s1210,M. Allen,clean,clean,,,61100,JG00127.DAT,1.01,0.83,-0.25,up
vol1,S1210.LFT,S1210,s1210,M. Allen,clean,clean,,,61100,JG00127.DAT,2.18,0.95,-0.25,up
vol1,S1210.LFT,S1210,s1210,M. Allen,clean,clean,,,61100,JG00127.DAT,3.09,0.968,-0.25,up
vol1,S1210.LFT,S1210,s1210,M. Allen,clean,clean,,,61100,JG00127.DAT,4.25,0.914,-0.25,up
vol1,S1210.LFT,S1210,s1210,M. Allen,clean,clean,,,61100,JG00127.DAT,5.16,0.91,-0.25,up
vol1,S1210.LFT,S1210,s1210,M. Allen,clean,clean,,,61100,JG00127.DAT,6.11,0.954,-0.25,up
vol1,S1210.LFT,S1210,s1210,M. Allen,clean,clean,,,61100,JG00127.DAT,7.1,0.946,-0.25,up
vol1,S1210.LFT,S1210,s1210,M. Allen,clean,clean,,,61100,JG00127.DAT,8.05,0.984,-0.25,up
vol1,S1210.LFT,S1210,s1210,M. Allen,clean,clean,,,61100,JG00127.DAT,8.98,1.019,-0.25,up
vol1,S1210.LFT,S1210,s1210,M. Allen,clean,clean,,,61100,JG00127.DAT,10.24,1.056,-0.25,up
vol1,S1210.LFT,S1210,s1210,M. Allen,clean,clean,,,61100,JG00127.DAT,11.14,1.085,-0.25,up
vol1,S1210.LFT,S1210,s1210,M. Allen,clean,clean,,,61100,JG00127.DAT,12.08,1.121,-0.25,up
vol1,S1210.LFT,S1210,s1210,M. Allen,clean,clean,,,61100,JG00127.DAT,13.27,1.122,-0.25,up
vol1,S1210.LFT,S1210,s1210,M. Allen,clean,clean,,,61100,JG00127.DAT,14.28,1.154,-0.25,up
vol1,S1210.LFT,S1210,s1210,M. Allen,clean,clean,,,61100,JG00127.DAT,15.35,1.193,-0.25,up
vol1,S1210.LFT,S1210,s1210,M. Allen,clean,clean,,,61100,JG00127.DAT,16.37,1.194,-0.25,up
vol1,S1210.LFT,S1210,s1210,M. Allen,clean,clean,,,61100,JG00127.DAT,17.15,1.225,-0.25,up
vol1,S1210.LFT,S1210,s1210,M. Allen,clean,clean,,,61100,JG00127.DAT,18.17,1.272,-0.25,up
vol1,S1210.LFT,S1210,s1210,M. Allen,clean,clean,,,61100,JG00127.DAT,19.24,1.284,-0.25,up
vol1,S1210.LFT,S1210,s1210,M. Allen,clean,clean,,,61100,JG00127.DAT,20.33,1.289,-0.25,up
vol1,S1210.LFT,S1210,s1210,M. Allen,clean,clean,,,61100,JG00127.DAT,19.0,1.291,-0.25,down
vol1,S1210.LFT,S1210,s1210,M. Allen,clean,clean,,,61100,JG00127.DAT,18.19,1.228,-0.25,down
vol1,S1210.LFT,S1210,s1210,M. Allen,clean,clean,,,61100,JG00127.DAT,17.16,1.275,-0.25,down
vol1,S1210.LFT,S1210,s1210,M. Allen,clean,clean,,,61100,JG00127.DAT,16.03,1.203,-0.25,down
vol1,S1210.LFT,S1210,s1210,M. Allen,clean,clean,,,61100,JG00127.DAT,14.92,1.163,-0.25,down
vol1,S1210.LFT,S1210,s1210,M. Allen,clean,clean,,,61100,JG00127.DAT,14.1,1.092,-0.25,down
vol1,S1210.LFT,S1210,s1210,M. Allen,clean,clean,,,61100,JG00127.DAT,13.08,1.108,-0.25,down
vol1,S1210.LFT,S1210,s1210,M. Allen,clean,clean,,,61100,JG00127.DAT,12.06,1.064,-0.25,down
vol1,S1210.LFT,S1210,s1210,M. Allen,clean,clean,,,61100,JG00127.DAT,10.94,1.097,-0.25,down
vol1,S1210.LFT,S1210,s1210,M. Allen,clean,clean,,,61100,JG00127.DAT,10.17,1.054,-0.25,down
vol1,S1210.LFT,S1210,s1210,M. Allen,clean,clean,,,61100,JG00127.DAT,8.99,0.998,-0.25,down
vol1,S1210.LFT,S1210,s1210,M. Allen,clean,clean,,,61100,JG00127.DAT,8.04,0.972,-0.25,down
vol1,S1210.LFT,S1210,s1210,M. Allen,clean,clean,,,61100,JG00127.DAT,7.11,0.941,-0.25,down
vol1,S1210.LFT,S1210,s1210,M. Allen,clean,clean,,,61100,JG00127.DAT,6.13,0.927,-0.25,down
vol1,S1210.LFT,S1210,s1210,M. Allen,clean,clean,,,61100,JG00127.DAT,5.09,0.894,-0.25,down
vol1,S1210.LFT,S1210,s1210,M. Allen,clean,clean,,,61100,JG00127.DAT,4.06,0.862,-0.25,down
vol1,S1210.LFT,S1210,s1210,M. Allen,clean,clean,,,61100,JG00127.DAT,3.1,0.926,-0.25,down
vol1,S1210.LFT,S1210,s1210,M. Allen,clean,clean,,,61100,JG00127.DAT,2.14,0.919,-0.25,down
vol1,S1210.LFT,S1210,s1210,M. Allen,clean,clean,,,61100,JG00127.DAT,1.1,0.84,-0.25,down
vol1,S1210.LFT,S1210,s1210,M. Allen,clean,clean,,,61100,JG00127.DAT,-0.12,0.692,-0.25,down
vol1,S1210.LFT,S1210,s1210,M. Allen,clean,clean,,,61100,JG00127.DAT,-1.07,0.577,-0.25,down
vol1,S1210.LFT,S1210,s1210,M. Allen,clean,clean,,,61100,JG00127.DAT,-1.97,0.503,-0.25,down
vol1,S1210.LFT,S1210,s1210,M. Allen,clean,clean,,,61100,JG00127.DAT,-3.11,0.346,-0.25,down
vol1,S1210.LFT,S1210,s1210,M. Allen,clean,clean,,,61100,JG00127.DAT,-4.27,0.192,-0.25,down
vol1,S1210.LFT,S1210,s1210,M. Allen,clean,clean,,,61100,JG00127.DAT,-5.14,-0.182,-0.25,down
vol1,S1210.LFT,S1210,s1210,M. Allen,clean,clean,,,61100,JG00127.DAT,-6.28,-0.246,-0.25,down
vol1,S1210.LFT,S1210,s1210,M. Allen,clean,clean,,,81200,JG00484.DAT,-6.42,-0.301,-0.25,up
vol1,S1210.LFT,S1210,s1210,M. Allen,clean,clean,,,81200,JG00484.DAT,-5.22,-0.249,-0.25,up
vol1,S1210.LFT,S1210,s1210,M. Allen,clean,clean,,,81200,JG00484.DAT,-4.04,0.194,-0.25,up
vol1,S1210.LFT,S1210,s1210,M. Allen,clean,clean,,,81200,JG00484.DAT,-3.0,0.364,-0.25,up
vol1,S1210.LFT,S1210,s1210,M. Allen,clean,clean,,,81200,JG00484.DAT,-1.94,0.56,-0.25,up
vol1,S1210.LFT,S1210,s1210,M. Allen,clean,clean,,,81200,JG00484.DAT,-0.71,0.705,-0.25,up
vol1,S1210.LFT,S1210,s1210,M. Allen,clean,clean,,,81200,JG00484.DAT,0.22,0.801,-0.25,up
vol1,S1210.LFT,S1210,s1210,M. Allen,clean,clean,,,81200,JG00484.DAT,1.12,0.895,-0.25,up
vol1,S1210.LFT,S1210,s1210,M. Allen,clean,clean,,,81200,JG00484.DAT,2.33,0.99,-0.25,up
vol1,S1210.LFT,S1210,s1210,M. Allen,clean,clean,,,81200,JG00484.DAT,3.28,1.04,-0.25,up
vol1,S1210.LFT,S1210,s1210,M. Allen,clean,clean,,,81200,JG00484.DAT,4.2,1.013,-0.25,up
vol1,S1210.LFT,S1210,s1210,M. Allen,clean,clean,,,81200,JG00484.DAT,5.36,0.992,-0.25,up
vol1,S1210.LFT,S1210,s1210,M. Allen,clean,clean,,,81200,JG00484.DAT,6.27,0.946,-0.25,up
vol1,S1210.LFT,S1210,s1210,M. Allen,clean,clean,,,81200,JG00484.DAT,7.21,0.97,-0.25,up
vol1,S1210.LFT,S1210,s1210,M. Allen,clean,clean,,,81200,JG00484.DAT,8.21,1.012,-0.25,up
vol1,S1210.LFT,S1210,s1210,M. Allen,clean,clean,,,81200,JG00484.DAT,9.24,1.094,-0.25,up
vol1,S1210.LFT,S1210,s1210,M. Allen,clean,clean,,,81200,JG00484.DAT,10.49,1.631,-0.25,up
vol1,S1210.LFT,S1210,s1210,M. Allen,clean,clean,,,81200,JG00484.DAT,11.38,1.699,-0.25,up
vol1,S1210.LFT,S1210,s1210,M. Allen,clean,clean,,,81200,JG00484.DAT,12.55,1.755,-0.25,up
vol1,S1210.LFT,S1210,s1210,M. Allen,clean,clean,,,81200,JG00484.DAT,13.42,1.774,-0.25,up
vol1,S1210.LFT,S1210,s1210,M. Allen,clean,clean,,,81200,JG00484.DAT,14.34,1.796,-0.25,up
vol1,S1210.LFT,S1210,s1210,M. Allen,clean,clean,,,81200,JG00484.DAT,15.33,1.303,-0.25,up
vol1,S1210.LFT,S1210,s1210,M. Allen,clean,clean,,,81200,JG00484.DAT,16.42,1.234,-0.25,up
vol1,S1210.LFT,S1210,s1210,M. Allen,clean,clean,,,81200,JG00484.DAT,17.44,1.266,-0.25,up
vol1,S1210.LFT,S1210,s1210,M. Allen,clean,clean,,,81200,JG00484.DAT,18.44,1.215,-0.25,up
vol1,S1210.LFT,S1210,s1210,M. Allen,clean,clean,,,81200,JG00484.DAT,19.24,1.281,-0.25,up
vol1,S1210.LFT,S1210,s1210,M. Allen,clean,clean,,,81200,JG00484.DAT,20.26,1.325,-0.25,up
vol1,S1210.LFT,S1210,s1210,M. Allen,clean,clean,,,81200,JG00484.DAT,18.91,1.238,-0.25,down
vol1,S1210.LFT,S1210,s1210,M. Allen,clean,clean,,,81200,JG00484.DAT,18.03,1.257,-0.25,down
vol1,S1210.LFT,S1210,s1210,M. Allen,clean,clean,,,81200,JG00484.DAT,16.94,1.253,-0.25,down
vol1,S1210.LFT,S1210,s1210,M. Allen,clean,clean,,,81200,JG00484.DAT,16.05,1.246,-0.25,down
vol1,S1210.LFT,S1210,s1210,M. Allen,clean,clean,,,81200,JG00484.DAT,15.03,1.344,-0.25,down
vol1,S1210.LFT,S1210,s1210,M. Allen,clean,clean,,,81200,JG00484.DAT,14.03,1.391,-0.25,down
vol1,S1210.LFT,S1210,s1210,M. Allen,clean,clean,,,81200,JG00484.DAT,13.27,1.741,-0.25,down
vol1,S1210.LFT,S1210,s1210,M. Allen,clean,clean,,,81200,JG00484.DAT,12.21,1.705,-0.25,down
vol1,S1210.LFT,S1210,s1210,M. Allen,clean,clean,,,81200,JG00484.DAT,11.19,1.661,-0.25,down
vol1,S1210.LFT,S1210,s1210,M. Allen,clean,clean,,,81200,JG00484.DAT,10.24,1.605,-0.25,down
vol1,S1210.LFT,S1210,s1210,M. Allen,clean,clean,,,81200,JG00484.DAT,9.19,1.53,-0.25,down
vol1,S1210.LFT,S1210,s1210,M. Allen,clean,clean,,,81200,JG00484.DAT,8.14,1.446,-0.25,down
vol1,S1210.LFT,S1210,s1210,M. Allen,clean,clean,,,81200,JG00484.DAT,7.18,1.35,-0.25,down
vol1,S1210.LFT,S1210,s1210,M. Allen,clean,clean,,,81200,JG00484.DAT,6.05,0.905,-0.25,down
vol1,S1210.LFT,S1210,s1210,M. Allen,clean,clean,,,81200,JG00484.DAT,5.04,0.939,-0.25,down
vol1,S1210.LFT,S1210,s1210,M. Allen,clean,clean,,,81200,JG00484.DAT,3.91,0.979,-0.25,down
vol1,S1210.LFT,S1210,s1210,M. Allen,clean,clean,,,81200,JG00484.DAT,2.9,0.977,-0.25,down
vol1,S1210.LFT,S1210,s1210,M. Allen,clean,clean,,,81200,JG00484.DAT,2.0,0.938,-0.25,down
vol1,S1210.LFT,S1210,s1210,M. Allen,clean,clean,,,81200,JG00484.DAT,1.0,0.847,-0.25,down
vol1,S1210.LFT,S1210,s1210,M. Allen,clean,clean,,,81200,JG00484.DAT,-0.03,0.747,-0.25,down
vol1,S1210.LFT,S1210,s1210,M. Allen,clean,clean,,,81200,JG00484.DAT,-1.02,0.65,-0.25,down
vol1,S1210.LFT,S1210,s1210,M. Allen,clean,clean,,,81200,JG00484.DAT,-2.11,0.512,-0.25,down
vol1,S1210.LFT,S1210,s1210,M. Allen,clean,clean,,,81200,JG00484.DAT,-3.15,0.313,-0.25,down
vol1,S1210.LFT,S1210,s1210,M. Allen,clean,clean,,,81200,JG00484.DAT,-4.16,0.163,-0.25,down
vol1,S1210.LFT,S1210,s1210,M. Allen,clean,clean,,,81200,JG00484.DAT,-5.35,-0.283,-0.25,down
vol1,S1210.LFT,S1210,s1210,M. Allen,clean,clean,,,81200,JG00484.DAT,-6.32,-0.313,-0.25,down
vol1,S1210.LFT,S1210,s1210,M. Allen,clean,clean,,,91300,JG00485.DAT,-6.12,-0.281,-0.25,up
vol1,S1210.LFT,S1210,s1210,M. Allen,clean,clean,,,91300,JG00485.DAT,-5.16,-0.21,-0.25,up
vol1,S1210.LFT,S1210,s1210,M. Allen,clean,clean,,,91300,JG00485.DAT,-3.99,0.231,-0.25,up
vol1,S1210.LFT,S1210,s1210,M. Allen,clean,clean,,,91300,JG00485.DAT,-2.99,0.431,-0.25,up
vol1,S1210.LFT,S1210,s1210,M. Allen,clean,clean,,,91300,JG00485.DAT,-1.91,0.601,-0.25,up
vol1,S1210.LFT,S1210,s1210,M. Allen,clean,clean,,,91300,JG00485.DAT,-0.89,0.724,-0.25,up
vol1,S1210.LFT,S1210,s1210,M. Allen,clean,clean,,,91300,JG00485.DAT,0.08,0.814,-0.25,up
vol1,S1210.LFT,S1210,s1210,M. Allen,clean,clean,,,91300,JG00485.DAT,1.36,0.934,-0.25,up
vol1,S1210.LFT,S1210,s1210,M. Allen,clean,clean,,,91300,JG00485.DAT,2.13,1.006,-0.25,up
vol1,S1210.LFT,S1210,s1210,M. Allen,clean,clean,,,91300,JG00485.DAT,3.34,1.115,-0.25,up
vol1,S1210.LFT,S1210,s1210,M. Allen,clean,clean,,,91300,JG00485.DAT,4.31,1.189,-0.25,up
vol1,S1210.LFT,S1210,s1210,M. Allen,clean,clean,,,91300,JG00485.DAT,5.27,1.272,-0.25,up
vol1,S1210.LFT,S1210,s1210,M. Allen,clean,clean,,,91300,JG00485.DAT,6.27,1.351,-0.25,up
vol1,S1210.LFT,S1210,s1210,M. Allen,clean,clean,,,91300,JG00485.DAT,7.3,1.44,-0.25,up
vol1,S1210.LFT,S1210,s1210,M. Allen,clean,clean,,,91300,JG00485.DAT,8.5,1.536,-0.25,up
vol1,S1210.LFT,S1210,s1210,M. Allen,clean,clean,,,91300,JG00485.DAT,9.43,1.598,-0.25,up
vol1,S1210.LFT,S1210,s1210,M. Allen,clean,clean,,,91300,JG00485.DAT,10.33,1.662,-0.25,up
vol1,S1210.LFT,S1210,s1210,M. Allen,clean,clean,,,91300,JG00485.DAT,11.49,1.736,-0.25,up
vol1,S1210.LFT,S1210,s1210,M. Allen,clean,clean,,,91300,JG00485.DAT,12.32,1.755,-0.25,up
vol1,S1210.LFT,S1210,s1210,M. Allen,clean,clean,,,91300,JG00485.DAT,13.48,1.772,-0.25,up
vol1,S1210.LFT,S1210,s1210,M. Allen,clean,clean,,,91300,JG00485.DAT,14.31,1.78,-0.25,up
vol1,S1210.LFT,S1210,s1210,M. Allen,clean,clean,,,91300,JG00485.DAT,15.46,1.768,-0.25,up
vol1,S1210.LFT,S1210,s1210,M. Allen,clean,clean,,,91300,JG00485.DAT,16.18,1.173,-0.25,up
vol1,S1210.LFT,S1210,s1210,M. Allen,clean,clean,,,91300,JG00485.DAT,17.49,1.203,-0.25,up
vol1,S1210.LFT,S1210,s1210,M. Allen,clean,clean,,,91300,JG00485.DAT,18.23,1.22,-0.25,up
vol1,S1210.LFT,S1210,s1210,M. Allen,clean,clean,,,91300,JG00485.DAT,19.37,1.274,-0.25,up
vol1,S1210.LFT,S1210,s1210,M. Allen,clean,clean,,,91300,JG00485.DAT,20.48,1.316,-0.25,up
vol1,S1210.LFT,S1210,s1210,M. Allen,clean,clean,,,91300,JG00485.DAT,18.91,1.261,-0.25,down
vol1,S1210.LFT,S1210,s1210,M. Allen,clean,clean,,,91300,JG00485.DAT,17.88,1.231,-0.25,down
vol1,S1210.LFT,S1210,s1210,M. Allen,clean,clean,,,91300,JG00485.DAT,16.95,1.177,-0.25,down
vol1,S1210.LFT,S1210,s1210,M. Allen,clean,clean,,,91300,JG00485.DAT,16.05,1.188,-0.25,down
vol1,S1210.LFT,S1210,s1210,M. Allen,clean,clean,,,91300,JG00485.DAT,14.95,1.214,-0.25,down
vol1,S1210.LFT,S1210,s1210,M. Allen,clean,clean,,,91300,JG00485.DAT,14.09,1.218,-0.25,down
vol1,S1210.LFT,S1210,s1210,M. Allen,clean,clean,,,91300,JG00485.DAT,13.07,1.268,-0.25,down
vol1,S1210.LFT,S1210,s1210,M. Allen,clean,clean,,,91300,JG00485.DAT,12.08,1.729,-0.25,down
vol1,S1210.LFT,S1210,s1210,M. Allen,clean,clean,,,91300,JG00485.DAT,11.22,1.693,-0.25,down
vol1,S1210.LFT,S1210,s1210,M. Allen,clean,clean,,,91300,JG00485.DAT,10.21,1.637,-0.25,down
vol1,S1210.LFT,S1210,s1210,M. Allen,clean,clean,,,91300,JG00485.DAT,9.15,1.562,-0.25,down
vol1,S1210.LFT,S1210,s1210,M. Allen,clean,clean,,,91300,JG00485.DAT,8.08,1.481,-0.25,down
vol1,S1210.LFT,S1210,s1210,M. Allen,clean,clean,,,91300,JG00485.DAT,7.19,1.411,-0.25,down
vol1,S1210.LFT,S1210,s1210,M. Allen,clean,clean,,,91300,JG00485.DAT,6.06,1.314,-0.25,down
vol1,S1210.LFT,S1210,s1210,M. Allen,clean,clean,,,91300,JG00485.DAT,5.0,1.225,-0.25,down
vol1,S1210.LFT,S1210,s1210,M. Allen,clean,clean,,,91300,JG00485.DAT,3.9,1.136,-0.25,down
vol1,S1210.LFT,S1210,s1210,M. Allen,clean,clean,,,91300,JG00485.DAT,2.98,1.066,-0.25,down
vol1,S1210.LFT,S1210,s1210,M. Allen,clean,clean,,,91300,JG00485.DAT,2.04,0.983,-0.25,down
vol1,S1210.LFT,S1210,s1210,M. Allen,clean,clean,,,91300,JG00485.DAT,0.9,0.871,-0.25,down
vol1,S1210.LFT,S1210,s1210,M. Allen,clean,clean,,,91300,JG00485.DAT,-0.08,0.772,-0.25,down
vol1,S1210.LFT,S1210,s1210,M. Allen,clean,clean,,,91300,JG00485.DAT,-1.2,0.67,-0.25,down
vol1,S1210.LFT,S1210,s1210,M. Allen,clean,clean,,,91300,JG00485.DAT,-2.19,0.541,-0.25,down
vol1,S1210.LFT,S1210,s1210,M. Allen,clean,clean,,,91300,JG00485.DAT,-3.16,0.367,-0.25,down
vol1,S1210.LFT,S1210,s1210,M. Allen,clean,clean,,,91300,JG00485.DAT,-4.3,0.156,-0.25,down
vol1,S1210.LFT,S1210,s1210,M. Allen,clean,clean,,,91300,JG00485.DAT,-5.33,-0.235,-0.25,down
vol1,S1210.LFT,S1210,s1210,M. Allen,clean,clean,,,91300,JG00485.DAT,-6.35,-0.289,-0.25,down
vol1,S1210.LFT,S1210,s1210,M. Allen,clean,clean,,,101500,JG00128.DAT,-6.23,-0.257,-0.25,up
vol1,S1210.LFT,S1210,s1210,M. Allen,clean,clean,,,101500,JG00128.DAT,-5.18,-0.122,-0.25,up
vol1,S1210.LFT,S1210,s1210,M. Allen,clean,clean,,,101500,JG00128.DAT,-3.98,0.339,-0.25,up
vol1,S1210.LFT,S1210,s1210,M. Allen,clean,clean,,,101500,JG00128.DAT,-3.08,0.501,-0.25,up
vol1,S1210.LFT,S1210,s1210,M. Allen,clean,clean,,,101500,JG00128.DAT,-2.03,0.664,-0.25,up
vol1,S1210.LFT,S1210,s1210,M. Allen,clean,clean,,,101500,JG00128.DAT,-1.0,0.764,-0.25,up
vol1,S1210.LFT,S1210,s1210,M. Allen,clean,clean,,,101500,JG00128.DAT,-0.04,0.85,-0.25,up
vol1,S1210.LFT,S1210,s1210,M. Allen,clean,clean,,,101500,JG00128.DAT,1.05,0.955,-0.25,up
vol1,S1210.LFT,S1210,s1210,M. Allen,clean,clean,,,101500,JG00128.DAT,2.09,1.057,-0.25,up
vol1,S1210.LFT,S1210,s1210,M. Allen,clean,clean,,,101500,JG00128.DAT,3.14,1.159,-0.25,up
vol1,S1210.LFT,S1210,s1210,M. Allen,clean,clean,,,101500,JG00128.DAT,4.22,1.244,-0.25,up
vol1,S1210.LFT,S1210,s1210,M. Allen,clean,clean,,,101500,JG00128.DAT,5.23,1.332,-0.25,up
vol1,S1210.LFT,S1210,s1210,M. Allen,clean,clean,,,101500,JG00128.DAT,6.32,1.428,-0.25,up
vol1,S1210.LFT,S1210,s1210,M. Allen,clean,clean,,,101500,JG00128.DAT,7.17,1.5,-0.25,up
vol1,S1210.LFT,S1210,s1210,M. Allen,clean,clean,,,101500,JG00128.DAT,8.28,1.585,-0.25,up
vol1,S1210.LFT,S1210,s1210,M. Allen,clean,clean,,,101500,JG00128.DAT,9.39,1.663,-0.25,up
vol1,S1210.LFT,S1210,s1210,M. Allen,clean,clean,,,101500,JG00128.DAT,10.21,1.721,-0.25,up
vol1,S1210.LFT,S1210,s1210,M. Allen,clean,clean,,,101500,JG00128.DAT,11.19,1.772,-0.25,up
vol1,S1210.LFT,S1210,s1210,M. Allen,clean,clean,,,101500,JG00128.DAT,12.35,1.786,-0.25,up
vol1,S1210.LFT,S1210,s1210,M. Allen,clean,clean,,,101500,JG00128.DAT,13.34,1.812,-0.25,up
vol1,S1210.LFT,S1210,s1210,M. Allen,clean,clean,,,101500,JG00128.DAT,14.27,1.809,-0.25,up
vol1,S1210.LFT,S1210,s1210,M. Allen,clean,clean,,,101500,JG00128.DAT,15.17,1.797,-0.25,up
vol1,S1210.LFT,S1210,s1210,M. Allen,clean,clean,,,101500,JG00128.DAT,16.15,1.193,-0.25,up
vol1,S1210.LFT,S1210,s1210,M. Allen,clean,clean,,,101500,JG00128.DAT,17.38,1.237,-0.25,up
vol1,S1210.LFT,S1210,s1210,M. Allen,clean,clean,,,101500,JG00128.DAT,18.33,1.225,-0.25,up
vol1,S1210.LFT,S1210,s1210,M. Allen,clean,clean,,,101500,JG00128.DAT,19.32,1.323,-0.25,up
vol1,S1210.LFT,S1210,s1210,M. Allen,clean,clean,,,101500,JG00128.DAT,20.4,1.335,-0.25,up
vol1,S1210.LFT,S1210,s1210,M. Allen,clean,clean,,,101500,JG00128.DAT,19.21,1.268,-0.25,down
vol1,S1210.LFT,S1210,s1210,M. Allen,clean,clean,,,101500,JG00128.DAT,18.03,1.274,-0.25,down
vol1,S1210.LFT,S1210,s1210,M. Allen,clean,clean,,,101500,JG00128.DAT,16.99,1.228,-0.25,down
vol1,S1210.LFT,S1210,s1210,M. Allen,clean,clean,,,101500,JG00128.DAT,15.98,1.207,-0.25,down
vol1,S1210.LFT,S1210,s1210,M. Allen,clean,clean,,,101500,JG00128.DAT,15.09,1.196,-0.25,down
vol1,S1210.LFT,S1210,s1210,M. Allen,clean,clean,,,101500,JG00128.DAT,14.15,1.272,-0.25,down
vol1,S1210.LFT,S1210,s1210,M. Allen,clean,clean,,,101500,JG00128.DAT,13.11,1.26,-0.25,down
vol1,S1210.LFT,S1210,s1210,M. Allen,clean,clean,,,101500,JG00128.DAT,12.15,1.794,-0.25,down
vol1,S1210.LFT,S1210,s1210,M. Allen,clean,clean,,,101500,JG00128.DAT,11.21,1.758,-0.25,down
vol1,S1210.LFT,S1210,s1210,M. Allen,clean,clean,,,101500,JG00128.DAT,10.28,1.716,-0.25,down
vol1,S1210.LFT,S1210,s1210,M. Allen,clean,clean,,,101500,JG00128.DAT,9.27,1.647,-0.25,down
vol1,S1210.LFT,S1210,s1210,M. Allen,clean,clean,,,101500,JG00128.DAT,8.23,1.57,-0.25,down
vol1,S1210.LFT,S1210,s1210,M. Allen,clean,clean,,,101500,JG00128.DAT,7.19,1.486,-0.25,down
vol1,S1210.LFT,S1210,s1210,M. Allen,clean,clean,,,101500,JG00128.DAT,6.13,1.396,-0.25,down
vol1,S1210.LFT,S1210,s1210,M. Allen,clean,clean,,,101500,JG00128.DAT,5.1,1.306,-0.25,down
vol1,S1210.LFT,S1210,s1210,M. Allen,clean,clean,,,101500,JG00128.DAT,4.2,1.228,-0.25,down
vol1,S1210.LFT,S1210,s1210,M. Allen,clean,clean,,,101500,JG00128.DAT,3.17,1.149,-0.25,down
vol1,S1210.LFT,S1210,s1210,M. Allen,clean,clean,,,101500,JG00128.DAT,2.11,1.046,-0.25,down
vol1,S1210.LFT,S1210,s1210,M. Allen,clean,clean,,,101500,JG00128.DAT,1.01,0.936,-0.25,down
vol1,S1210.LFT,S1210,s1210,M. Allen,clean,clean,,,101500,JG00128.DAT,-0.06,0.832,-0.25,down
vol1,S1210.LFT,S1210,s1210,M. Allen,clean,clean,,,101500,JG00128.DAT,-1.16,0.733,-0.25,down
vol1,S1210.LFT,S1210,s1210,M. Allen,clean,clean,,,101500,JG00128.DAT,-2.01,0.651,-0.25,down
vol1,S1210.LFT,S1210,s1210,M. Allen,clean,clean,,,101500,JG00128.DAT,-3.18,0.461,-0.25,down
vol1,S1210.LFT,S1210,s1210,M. Allen,clean,clean,,,101500,JG00128.DAT,-4.09,0.292,-0.25,down
vol1,S1210.LFT,S1210,s1210,M. Allen,clean,clean,,,101500,JG00128.DAT,-5.18,-0.147,-0.25,down
vol1,S1210.LFT,S1210,s1210,M. Allen,clean,clean,,,101500,JG00128.DAT,-6.15,-0.254,-0.25,down
vol1,S1210.LFT,S1210,s1210,M. Allen,clean,clean,,,151900,JG00545.DAT,-8.09,-0.241,-0.25,up
vol1,S1210.LFT,S1210,s1210,M. Allen,clean,clean,,,151900,JG00545.DAT,-7.02,-0.248,-0.25,up
vol1,S1210.LFT,S1210,s1210,M. Allen,clean,clean,,,151900,JG00545.DAT,-6.14,-0.187,-0.25,up
vol1,S1210.LFT,S1210,s1210,M. Allen,clean,clean,,,151900,JG00545.DAT,-4.87,0.199,-0.25,up
vol1,S1210.LFT,S1210,s1210,M. Allen,clean,clean,,,151900,JG00545.DAT,-3.84,0.407,-0.25,up
vol1,S1210.LFT,S1210,s1210,M. Allen,clean,clean,,,151900,JG00545.DAT,-2.61,0.607,-0.25,up
vol1,S1210.LFT,S1210,s1210,M. Allen,clean,clean,,,151900,JG00545.DAT,-1.69,0.701,-0.25,up
vol1,S1210.LFT,S1210,s1210,M. Allen,clean,clean,,,151900,JG00545.DAT,-0.52,0.808,-0.25,up
vol1,S1210.LFT,S1210,s1210,M. Allen,clean,clean,,,151900,JG00545.DAT,0.23,0.879,-0.25,up
vol1,S1210.LFT,S1210,s1210,M. Allen,clean,clean,,,151900,JG00545.DAT,1.37,0.993,-0.25,up
vol1,S1210.LFT,S1210,s1210,M. Allen,clean,clean,,,151900,JG00545.DAT,2.48,1.099,-0.25,up
vol1,S1210.LFT,S1210,s1210,M. Allen,clean,clean,,,151900,JG00545.DAT,3.54,1.193,-0.25,up
vol1,S1210.LFT,S1210,s1210,M. Allen,clean,clean,,,151900,JG00545.DAT,4.25,1.253,-0.25,up
vol1,S1210.LFT,S1210,s1210,M. Allen,clean,clean,,,151900,JG00545.DAT,5.38,1.348,-0.25,up
vol1,S1210.LFT,S1210,s1210,M. Allen,clean,clean,,,151900,JG00545.DAT,6.46,1.445,-0.25,up
vol1,S1210.LFT,S1210,s1210,M. Allen,clean,clean,,,151900,JG00545.DAT,7.52,1.533,-0.25,up
vol1,S1210.LFT,S1210,s1210,M. Allen,clean,clean,,,151900,JG00545.DAT,8.5,1.605,-0.25,up
vol1,S1210.LFT,S1210,s1210,M. Allen,clean,clean,,,151900,JG00545.DAT,9.51,1.679,-0.25,up
vol1,S1210.LFT,S1210,s1210,M. Allen,clean,clean,,,151900,JG00545.DAT,10.48,1.73,-0.25,up
vol1,S1210.LFT,S1210,s1210,M. Allen,clean,clean,,,151900,JG00545.DAT,11.42,1.757,-0.25,up
vol1,S1210.LFT,S1210,s1210,M. Allen,clean,clean,,,151900,JG00545.DAT,12.37,1.78,-0.25,up
vol1,S1210.LFT,S1210,s1210,M. Allen,clean,clean,,,151900,JG00545.DAT,13.57,1.798,-0.25,up
vol1,S1210.LFT,S1210,s1210,M. Allen,clean,clean,,,151900,JG00545.DAT,14.49,1.804,-0.25,up
vol1,S1210.LFT,S1210,s1210,M. Allen,clean,clean,,,151900,JG00545.DAT,15.61,1.809,-0.25,up
vol1,S1210.LFT,S1210,s1210,M. Allen,clean,clean,,,151900,JG00545.DAT,16.62,1.798,-0.25,up
vol1,S1210.LFT,S1210,s1210,M. Allen,clean,clean,,,151900,JG00545.DAT,17.4,1.792,-0.25,up
vol1,S1210.LFT,S1210,s1210,M. Allen,clean,clean,,,151900,JG00545.DAT,18.34,1.762,-0.25,up
vol1,S1210.LFT,S1210,s1210,M. Allen,clean,clean,,,151900,JG00545.DAT,19.52,1.275,-0.25,up
vol1,S1210.LFT,S1210,s1210,M. Allen,clean,clean,,,151900,JG00545.DAT,20.47,1.296,-0.25,up
vol1,S1210.LFT,S1210,s1210,M. Allen,clean,clean,,,151900,JG00545.DAT,21.43,1.343,-0.25,up
vol1,S1210.LFT,S1210,s1210,M. Allen,clean,clean,,,151900,JG00545.DAT,22.5,1.351,-0.25,up
vol1,S1210.LFT,S1210,s1210,M. Allen,clean,clean,,,151900,JG00545.DAT,23.21,1.398,-0.25,up
vol1,S1210.LFT,S1210,s1210,M. Allen,clean,clean,,,151900,JG00545.DAT,24.36,1.483,-0.25,up
vol1,S1210.LFT,S1210,s1210,M. Allen,clean,clean,,,151900,JG00545.DAT,22.89,1.352,-0.25,down
vol1,S1210.LFT,S1210,s1210,M. Allen,clean,clean,,,151900,JG00545.DAT,21.93,1.338,-0.25,down
vol1,S1210.LFT,S1210,s1210,M. Allen,clean,clean,,,151900,JG00545.DAT,21.02,1.309,-0.25,down
vol1,S1210.LFT,S1210,s1210,M. Allen,clean,clean,,,151900,JG00545.DAT,19.98,1.291,-0.25,down
vol1,S1210.LFT,S1210,s1210,M. Allen,clean,clean,,,151900,JG00545.DAT,18.95,1.226,-0.25,down
vol1,S1210.LFT,S1210,s1210,M. Allen,clean,clean,,,151900,JG00545.DAT,17.95,1.233,-0.25,down
vol1,S1210.LFT,S1210,s1210,M. Allen,clean,clean,,,151900,JG00545.DAT,16.85,1.23,-0.25,down
vol1,S1210.LFT,S1210,s1210,M. Allen,clean,clean,,,151900,JG00545.DAT,15.77,1.223,-0.25,down
vol1,S1210.LFT,S1210,s1210,M. Allen,clean,clean,,,151900,JG00545.DAT,14.78,1.253,-0.25,down
vol1,S1210.LFT,S1210,s1210,M. Allen,clean,clean,,,151900,JG00545.DAT,14.12,1.811,-0.25,down
vol1,S1210.LFT,S1210,s1210,M. Allen,clean,clean,,,151900,JG00545.DAT,13.06,1.787,-0.25,down
vol1,S1210.LFT,S1210,s1210,M. Allen,clean,clean,,,151900,JG00545.DAT,12.06,1.762,-0.25,down
vol1,S1210.LFT,S1210,s1210,M. Allen,clean,clean,,,151900,JG00545.DAT,11.11,1.747,-0.25,down
vol1,S1210.LFT,S1210,s1210,M. Allen,clean,clean,,,151900,JG00545.DAT,10.02,1.714,-0.25,down
vol1,S1210.LFT,S1210,s1210,M. Allen,clean,clean,,,151900,JG00545.DAT,9.05,1.646,-0.25,down
vol1,S1210.LFT,S1210,s1210,M. Allen,clean,clean,,,151900,JG00545.DAT,7.88,1.557,-0.25,down
vol1,S1210.LFT,S1210,s1210,M. Allen,clean,clean,,,151900,JG00545.DAT,6.87,1.473,-0.25,down
vol1,S1210.LFT,S1210,s1210,M. Allen,clean,clean,,,151900,JG00545.DAT,5.89,1.39,-0.25,down
vol1,S1210.LFT,S1210,s1210,M. Allen,clean,clean,,,151900,JG00545.DAT,4.95,1.304,-0.25,down
vol1,S1210.LFT,S1210,s1210,M. Allen,clean,clean,,,151900,JG00545.DAT,3.97,1.224,-0.25,down
vol1,S1210.LFT,S1210,s1210,M. Allen,clean,clean,,,151900,JG00545.DAT,2.8,1.117,-0.25,down
vol1,S1210.LFT,S1210,s1210,M. Allen,clean,clean,,,151900,JG00545.DAT,1.82,1.029,-0.25,down
vol1,S1210.LFT,S1210,s1210,M. Allen,clean,clean,,,151900,JG00545.DAT,0.85,0.936,-0.25,down
vol1,S1210.LFT,S1210,s1210,M. Allen,clean,clean,,,151900,JG00545.DAT,-0.16,0.838,-0.25,down
vol1,S1210.LFT,S1210,s1210,M. Allen,clean,clean,,,151900,JG00545.DAT,-1.2,0.743,-0.25,down
vol1,S1210.LFT,S1210,s1210,M. Allen,clean,clean,,,151900,JG00545.DAT,-2.26,0.645,-0.25,down
vol1,S1210.LFT,S1210,s1210,M. Allen,clean,clean,,,151900,JG00545.DAT,-3.39,0.486,-0.25,down
vol1,S1210.LFT,S1210,s1210,M. Allen,clean,clean,,,151900,JG00545.DAT,-4.5,0.28,-0.25,down
vol1,S1210.LFT,S1210,s1210,M. Allen,clean,clean,,,151900,JG00545.DAT,-5.5,-0.109,-0.25,down
vol1,S1210.LFT,S1210,s1210,M. Allen,clean,clean,,,151900,JG00545.DAT,-6.32,-0.215,-0.25,down
vol1,S1210.LFT,S1210,s1210,M. Allen,clean,clean,,,151900,JG00545.DAT,-7.25,-0.244,-0.25,down
vol1,S1210.LFT,S1210,s1210,M. Allen,clean,clean,,,151900,JG00545.DAT,-8.2,-0.24,-0.25,down
vol1,S1210.LFT,S1210,s1210,M. Allen,clean,clean,,,201800,JG00544.DAT,-8.39,-0.252,-0.25,up
vol1,S1210.LFT,S1210,s1210,M. Allen,clean,clean,,,201800,JG00544.DAT,-6.97,-0.225,-0.25,up
vol1,S1210.LFT,S1210,s1210,M. Allen,clean,clean,,,201800,JG00544.DAT,-5.87,-0.09,-0.25,up
vol1,S1210.LFT,S1210,s1210,M. Allen,clean,clean,,,201800,JG00544.DAT,-5.29,0.218,-0.25,up
vol1,S1210.LFT,S1210,s1210,M. Allen,clean,clean,,,201800,JG00544.DAT,-3.98,0.454,-0.25,up
vol1,S1210.LFT,S1210,s1210,M. Allen,clean,clean,,,201800,JG00544.DAT,-2.97,0.582,-0.25,up
vol1,S1210.LFT,S1210,s1210,M. Allen,clean,clean,,,201800,JG00544.DAT,-1.81,0.704,-0.25,up
vol1,S1210.LFT,S1210,s1210,M. Allen,clean,clean,,,201800,JG00544.DAT,-0.86,0.793,-0.25,up
vol1,S1210.LFT,S1210,s1210,M. Allen,clean,clean,,,201800,JG00544.DAT,0.18,0.895,-0.25,up
vol1,S1210.LFT,S1210,s1210,M. Allen,clean,clean,,,201800,JG00544.DAT,1.28,1.003,-0.25,up
vol1,S1210.LFT,S1210,s1210,M. Allen,clean,clean,,,201800,JG00544.DAT,2.33,1.11,-0.25,up
vol1,S1210.LFT,S1210,s1210,M. Allen,clean,clean,,,201800,JG00544.DAT,3.2,1.192,-0.25,up
vol1,S1210.LFT,S1210,s1210,M. Allen,clean,clean,,,201800,JG00544.DAT,4.41,1.302,-0.25,up
vol1,S1210.LFT,S1210,s1210,M. Allen,clean,clean,,,201800,JG00544.DAT,5.51,1.388,-0.25,up
vol1,S1210.LFT,S1210,s1210,M. Allen,clean,clean,,,201800,JG00544.DAT,6.33,1.46,-0.25,up
vol1,S1210.LFT,S1210,s1210,M. Allen,clean,clean,,,201800,JG00544.DAT,7.34,1.544,-0.25,up
vol1,S1210.LFT,S1210,s1210,M. Allen,clean,clean,,,201800,JG00544.DAT,8.6,1.645,-0.25,up
vol1,S1210.LFT,S1210,s1210,M. Allen,clean,clean,,,201800,JG00544.DAT,9.55,1.712,-0.25,up
vol1,S1210.LFT,S1210,s1210,M. Allen,clean,clean,,,201800,JG00544.DAT,10.61,1.77,-0.25,up
vol1,S1210.LFT,S1210,s1210,M. Allen,clean,clean,,,201800,JG00544.DAT,11.5,1.791,-0.25,up
vol1,S1210.LFT,S1210,s1210,M. Allen,clean,clean,,,201800,JG00544.DAT,12.61,1.816,-0.25,up
vol1,S1210.LFT,S1210,s1210,M. Allen,clean,clean,,,201800,JG00544.DAT,13.54,1.826,-0.25,up
vol1,S1210.LFT,S1210,s1210,M. Allen,clean,clean,,,201800,JG00544.DAT,14.73,1.835,-0.25,up
vol1,S1210.LFT,S1210,s1210,M. Allen,clean,clean,,,201800,JG00544.DAT,15.67,1.84,-0.25,up
vol1,S1210.LFT,S1210,s1210,M. Allen,clean,clean,,,201800,JG00544.DAT,16.66,1.829,-0.25,up
vol1,S1210.LFT,S1210,s1210,M. Allen,clean,clean,,,201800,JG00544.DAT,17.67,1.814,-0.25,up
vol1,S1210.LFT,S1210,s1210,M. Allen,clean,clean,,,201800,JG00544.DAT,18.51,1.806,-0.25,up
vol1,S1210.LFT,S1210,s1210,M. Allen,clean,clean,,,201800,JG00544.DAT,19.66,1.794,-0.25,up
vol1,S1210.LFT,S1210,s1210,M. Allen,clean,clean,,,201800,JG00544.DAT,20.69,1.768,-0.25,up
vol1,S1210.LFT,S1210,s1210,M. Allen,clean,clean,,,201800,JG00544.DAT,21.79,1.76,-0.25,up
vol1,S1210.LFT,S1210,s1210,M. Allen,clean,clean,,,201800,JG00544.DAT,22.58,1.748,-0.25,up
vol1,S1210.LFT,S1210,s1210,M. Allen,clean,clean,,,201800,JG00544.DAT,23.48,1.739,-0.25,up
vol1,S1210.LFT,S1210,s1210,M. Allen,clean,clean,,,201800,JG00544.DAT,24.33,1.709,-0.25,up
vol1,S1210.LFT,S1210,s1210,M. Allen,clean,clean,,,201800,JG00544.DAT,22.91,1.772,-0.25,down
vol1,S1210.LFT,S1210,s1210,M. Allen,clean,clean,,,201800,JG00544.DAT,21.83,1.763,-0.25,down
vol1,S1210.LFT,S1210,s1210,M. Allen,clean,clean,,,201800,JG00544.DAT,20.92,1.778,-0.25,down
vol1,S1210.LFT,S1210,s1210,M. Allen,clean,clean,,,201800,JG00544.DAT,19.97,1.778,-0.25,down
vol1,S1210.LFT,S1210,s1210,M. Allen,clean,clean,,,201800,JG00544.DAT,18.93,1.804,-0.25,down
vol1,S1210.LFT,S1210,s1210,M. Allen,clean,clean,,,201800,JG00544.DAT,17.94,1.815,-0.25,down
vol1,S1210.LFT,S1210,s1210,M. Allen,clean,clean,,,201800,JG00544.DAT,17.08,1.821,-0.25,down
vol1,S1210.LFT,S1210,s1210,M. Allen,clean,clean,,,201800,JG00544.DAT,16.13,1.832,-0.25,down
vol1,S1210.LFT,S1210,s1210,M. Allen,clean,clean,,,201800,JG00544.DAT,15.09,1.841,-0.25,down
vol1,S1210.LFT,S1210,s1210,M. Allen,clean,clean,,,201800,JG00544.DAT,14.08,1.834,-0.25,down
vol1,S1210.LFT,S1210,s1210,M. Allen,clean,clean,,,201800,JG00544.DAT,12.99,1.822,-0.25,down
vol1,S1210.LFT,S1210,s1210,M. Allen,clean,clean,,,201800,JG00544.DAT,12.08,1.802,-0.25,down
vol1,S1210.LFT,S1210,s1210,M. Allen,clean,clean,,,201800,JG00544.DAT,10.92,1.776,-0.25,down
vol1,S1210.LFT,S1210,s1210,M. Allen,clean,clean,,,201800,JG00544.DAT,9.81,1.725,-0.25,down
vol1,S1210.LFT,S1210,s1210,M. Allen,clean,clean,,,201800,JG00544.DAT,8.95,1.665,-0.25,down
vol1,S1210.LFT,S1210,s1210,M. Allen,clean,clean,,,201800,JG00544.DAT,7.76,1.564,-0.25,down
vol1,S1210.LFT,S1210,s1210,M. Allen,clean,clean,,,201800,JG00544.DAT,6.88,1.492,-0.25,down
vol1,S1210.LFT,S1210,s1210,M. Allen,clean,clean,,,201800,JG00544.DAT,5.79,1.401,-0.25,down
vol1,S1210.LFT,S1210,s1210,M. Allen,clean,clean,,,201800,JG00544.DAT,4.73,1.308,-0.25,down
vol1,S1210.LFT,S1210,s1210,M. Allen,clean,clean,,,201800,JG00544.DAT,3.96,1.245,-0.25,down
vol1,S1210.LFT,S1210,s1210,M. Allen,clean,clean,,,201800,JG00544.DAT,2.72,1.129,-0.25,down
vol1,S1210.LFT,S1210,s1210,M. Allen,clean,clean,,,201800,JG00544.DAT,1.75,1.036,-0.25,down
vol1,S1210.LFT,S1210,s1210,M. Allen,clean,clean,,,201800,JG00544.DAT,0.89,0.949,-0.25,down
vol1,S1210.LFT,S1210,s1210,M. Allen,clean,clean,,,201800,JG00544.DAT,-0.22,0.84,-0.25,down
vol1,S1210.LFT,S1210,s1210,M. Allen,clean,clean,,,201800,JG00544.DAT,-1.1,0.755,-0.25,down
vol1,S1210.LFT,S1210,s1210,M. Allen,clean,clean,,,201800,JG00544.DAT,-2.12,0.658,-0.25,down
vol1,S1210.LFT,S1210,s1210,M. Allen,clean,clean,,,201800,JG00544.DAT,-3.11,0.542,-0.25,down
vol1,S1210.LFT,S1210,s1210,M. Allen,clean,clean,,,201800,JG00544.DAT,-4.4,0.362,-0.25,down
vol1,S1210.LFT,S1210,s1210,M. Allen,clean,clean,,,201800,JG00544.DAT,-5.23,0.202,-0.25,down
vol1,S1210.LFT,S1210,s1210,M. Allen,clean,clean,,,201800,JG00544.DAT,-6.38,-0.177,-0.25,down
vol1,S1210.LFT,S1210,s1210,M. Allen,clean,clean,,,201800,JG00544.DAT,-7.19,-0.236,-0.25,down
vol1,S1210.LFT,S1210,s1210,M. Allen,clean,clean,,,201800,JG00544.DAT,-8.25,-0.242,-0.25,down
vol1,S1210.LFT,S1210,s1210,M. Allen,clean,clean,,,252100,AB00489.DAT,-5.98,-0.063,-0.25,up
vol1,S1210.LFT,S1210,s1210,M. Allen,clean,clean,,,252100,AB00489.DAT,-5.3,0.234,-0.25,up
vol1,S1210.LFT,S1210,s1210,M. Allen,clean,clean,,,252100,AB00489.DAT,-4.17,0.433,-0.25,up
vol1,S1210.LFT,S1210,s1210,M. Allen,clean,clean,,,252100,AB00489.DAT,-3.14,0.58,-0.25,up
vol1,S1210.LFT,S1210,s1210,M. Allen,clean,clean,,,252100,AB00489.DAT,-2.13,0.697,-0.25,up
vol1,S1210.LFT,S1210,s1210,M. Allen,clean,clean,,,252100,AB00489.DAT,-1.07,0.8,-0.25,up
vol1,S1210.LFT,S1210,s1210,M. Allen,clean,clean,,,252100,AB00489.DAT,-0.06,0.9,-0.25,up
vol1,S1210.LFT,S1210,s1210,M. Allen,clean,clean,,,252100,AB00489.DAT,0.98,1.007,-0.25,up
vol1,S1210.LFT,S1210,s1210,M. Allen,clean,clean,,,252100,AB00489.DAT,2.02,1.108,-0.25,up
vol1,S1210.LFT,S1210,s1210,M. Allen,clean,clean,,,252100,AB00489.DAT,3.05,1.209,-0.25,up
vol1,S1210.LFT,S1210,s1210,M. Allen,clean,clean,,,252100,AB00489.DAT,4.05,1.304,-0.25,up
vol1,S1210.LFT,S1210,s1210,M. Allen,clean,clean,,,252100,AB00489.DAT,5.08,1.39,-0.25,up
vol1,S1210.LFT,S1210,s1210,M. Allen,clean,clean,,,252100,AB00489.DAT,6.11,1.476,-0.25,up
vol1,S1210.LFT,S1210,s1210,M. Allen,clean,clean,,,252100,AB00489.DAT,7.14,1.563,-0.25,up
vol1,S1210.LFT,S1210,s1210,M. Allen,clean,clean,,,252100,AB00489.DAT,8.14,1.643,-0.25,up
vol1,S1210.LFT,S1210,s1210,M. Allen,clean,clean,,,252100,AB00489.DAT,9.17,1.717,-0.25,up
vol1,S1210.LFT,S1210,s1210,M. Allen,clean,clean,,,252100,AB00489.DAT,10.19,1.773,-0.25,up
vol1,S1210.LFT,S1210,s1210,M. Allen,clean,clean,,,252100,AB00489.DAT,11.2,1.806,-0.25,up
vol1,S1210.LFT,S1210,s1210,M. Allen,clean,clean,,,252100,AB00489.DAT,12.26,1.834,-0.25,up
vol1,S1210.LFT,S1210,s1210,M. Allen,clean,clean,,,252100,AB00489.DAT,13.33,1.852,-0.25,up
vol1,S1210.LFT,S1210,s1210,M. Allen,clean,clean,,,252100,AB00489.DAT,14.52,1.862,-0.25,up
vol1,S1210.LFT,S1210,s1210,M. Allen,clean,clean,,,252100,AB00489.DAT,15.49,1.861,-0.25,up
vol1,S1210.LFT,S1210,s1210,M. Allen,clean,clean,,,252100,AB00489.DAT,16.44,1.856,-0.25,up
vol1,S1210.LFT,S1210,s1210,M. Allen,clean,clean,,,252100,AB00489.DAT,17.38,1.855,-0.25,up
vol1,S1210.LFT,S1210,s1210,M. Allen,clean,clean,,,252100,AB00489.DAT,18.27,1.854,-0.25,up
vol1,S1210.LFT,S1210,s1210,M. Allen,clean,clean,,,252100,AB00489.DAT,19.23,1.831,-0.25,up
vol1,S1210.LFT,S1210,s1210,M. Allen,clean,clean,,,252100,AB00489.DAT,20.23,1.826,-0.25,up
vol1,S1210.LFT,S1210,s1210,M. Allen,clean,clean,,,252100,AB00489.DAT,19.15,1.847,-0.25,down
vol1,S1210.LFT,S1210,s1210,M. Allen,clean,clean,,,252100,AB00489.DAT,18.03,1.84,-0.25,down
vol1,S1210.LFT,S1210,s1210,M. Allen,clean,clean,,,252100,AB00489.DAT,17.09,1.85,-0.25,down
vol1,S1210.LFT,S1210,s1210,M. Allen,clean,clean,,,252100,AB00489.DAT,16.09,1.86,-0.25,down
vol1,S1210.LFT,S1210,s1210,M. Allen,clean,clean,,,252100,AB00489.DAT,15.19,1.858,-0.25,down
vol1,S1210.LFT,S1210,s1210,M. Allen,clean,clean,,,252100,AB00489.DAT,14.07,1.854,-0.25,down
vol1,S1210.LFT,S1210,s1210,M. Allen,clean,clean,,,252100,AB00489.DAT,13.08,1.839,-0.25,down
vol1,S1210.LFT,S1210,s1210,M. Allen,clean,clean,,,252100,AB00489.DAT,12.03,1.819,-0.25,down
vol1,S1210.LFT,S1210,s1210,M. Allen,clean,clean,,,252100,AB00489.DAT,11.07,1.796,-0.25,down
vol1,S1210.LFT,S1210,s1210,M. Allen,clean,clean,,,252100,AB00489.DAT,10.13,1.76,-0.25,down
vol1,S1210.LFT,S1210,s1210,M. Allen,clean,clean,,,252100,AB00489.DAT,9.13,1.705,-0.25,down
vol1,S1210.LFT,S1210,s1210,M. Allen,clean,clean,,,252100,AB00489.DAT,8.19,1.634,-0.25,down
vol1,S1210.LFT,S1210,s1210,M. Allen,clean,clean,,,252100,AB00489.DAT,7.16,1.552,-0.25,down
vol1,S1210.LFT,S1210,s1210,M. Allen,clean,clean,,,252100,AB00489.DAT,6.17,1.47,-0.25,down
vol1,S1210.LFT,S1210,s1210,M. Allen,clean,clean,,,252100,AB00489.DAT,5.17,1.384,-0.25,down
vol1,S1210.LFT,S1210,s1210,M. Allen,clean,clean,,,252100,AB00489.DAT,4.14,1.297,-0.25,down
vol1,S1210.LFT,S1210,s1210,M. Allen,clean,clean,,,252100,AB00489.DAT,3.12,1.201,-0.25,down
vol1,S1210.LFT,S1210,s1210,M. Allen,clean,clean,,,252100,AB00489.DAT,2.07,1.098,-0.25,down
vol1,S1210.LFT,S1210,s1210,M. Allen,clean,clean,,,252100,AB00489.DAT,1.04,0.996,-0.25,down
vol1,S1210.LFT,S1210,s1210,M. Allen,clean,clean,,,252100,AB00489.DAT,0.04,0.896,-0.25,down
vol1,S1210.LFT,S1210,s1210,M. Allen,clean,clean,,,252100,AB00489.DAT,-0.97,0.795,-0.25,down
vol1,S1210.LFT,S1210,s1210,M. Allen,clean,clean,,,252100,AB00489.DAT,-2.01,0.694,-0.25,down
vol1,S1210.LFT,S1210,s1210,M. Allen,clean,clean,,,252100,AB00489.DAT,-3.03,0.576,-0.25,down
vol1,S1210.LFT,S1210,s1210,M. Allen,clean,clean,,,252100,AB00489.DAT,-4.1,0.424,-0.25,down
vol1,S1210.LFT,S1210,s1210,M. Allen,clean,clean,,,252100,AB00489.DAT,-5.13,0.244,-0.25,down
vol1,S1210.LFT,S1210,s1210,M. Allen,clean,clean,,,252100,AB00489.DAT,-6.16,-0.102,-0.25,down
vol1,S1210.LFT,S1210,s1210,M. Allen,clean,clean,,,302500,JG00494.DAT,-8.09,-0.24,-0.25,up
vol1,S1210.LFT,S1210,s1210,M. Allen,clean,clean,,,302500,JG00494.DAT,-7.19,-0.193,-0.25,up
vol1,S1210.LFT,S1210,s1210,M. Allen,clean,clean,,,302500,JG00494.DAT,-6.07,-0.06,-0.25,up
vol1,S1210.LFT,S1210,s1210,M. Allen,clean,clean,,,302500,JG00494.DAT,-5.14,0.28,-0.25,up
vol1,S1210.LFT,S1210,s1210,M. Allen,clean,clean,,,302500,JG00494.DAT,-4.15,0.436,-0.25,up
vol1,S1210.LFT,S1210,s1210,M. Allen,clean,clean,,,302500,JG00494.DAT,-3.08,0.575,-0.25,up
vol1,S1210.LFT,S1210,s1210,M. Allen,clean,clean,,,302500,JG00494.DAT,-2.05,0.688,-0.25,up
vol1,S1210.LFT,S1210,s1210,M. Allen,clean,clean,,,302500,JG00494.DAT,-1.04,0.788,-0.25,up
vol1,S1210.LFT,S1210,s1210,M. Allen,clean,clean,,,302500,JG00494.DAT,-0.0,0.894,-0.25,up
vol1,S1210.LFT,S1210,s1210,M. Allen,clean,clean,,,302500,JG00494.DAT,1.02,0.998,-0.25,up
vol1,S1210.LFT,S1210,s1210,M. Allen,clean,clean,,,302500,JG00494.DAT,2.05,1.101,-0.25,up
vol1,S1210.LFT,S1210,s1210,M. Allen,clean,clean,,,302500,JG00494.DAT,3.09,1.205,-0.25,up
vol1,S1210.LFT,S1210,s1210,M. Allen,clean,clean,,,302500,JG00494.DAT,4.11,1.301,-0.25,up
vol1,S1210.LFT,S1210,s1210,M. Allen,clean,clean,,,302500,JG00494.DAT,5.13,1.394,-0.25,up
vol1,S1210.LFT,S1210,s1210,M. Allen,clean,clean,,,302500,JG00494.DAT,6.15,1.477,-0.25,up
vol1,S1210.LFT,S1210,s1210,M. Allen,clean,clean,,,302500,JG00494.DAT,7.16,1.561,-0.25,up
vol1,S1210.LFT,S1210,s1210,M. Allen,clean,clean,,,302500,JG00494.DAT,8.2,1.642,-0.25,up
vol1,S1210.LFT,S1210,s1210,M. Allen,clean,clean,,,302500,JG00494.DAT,9.17,1.708,-0.25,up
vol1,S1210.LFT,S1210,s1210,M. Allen,clean,clean,,,302500,JG00494.DAT,10.21,1.765,-0.25,up
vol1,S1210.LFT,S1210,s1210,M. Allen,clean,clean,,,302500,JG00494.DAT,11.23,1.798,-0.25,up
vol1,S1210.LFT,S1210,s1210,M. Allen,clean,clean,,,302500,JG00494.DAT,12.23,1.824,-0.25,up
vol1,S1210.LFT,S1210,s1210,M. Allen,clean,clean,,,302500,JG00494.DAT,13.19,1.842,-0.25,up
vol1,S1210.LFT,S1210,s1210,M. Allen,clean,clean,,,302500,JG00494.DAT,14.16,1.851,-0.25,up
vol1,S1210.LFT,S1210,s1210,M. Allen,clean,clean,,,302500,JG00494.DAT,15.17,1.854,-0.25,up
vol1,S1210.LFT,S1210,s1210,M. Allen,clean,clean,,,302500,JG00494.DAT,16.2,1.841,-0.25,up
vol1,S1210.LFT,S1210,s1210,M. Allen,clean,clean,,,302500,JG00494.DAT,17.19,1.836,-0.25,up
vol1,S1210.LFT,S1210,s1210,M. Allen,clean,clean,,,302500,JG00494.DAT,18.2,1.84,-0.25,up
vol1,S1210.LFT,S1210,s1210,M. Allen,clean,clean,,,302500,JG00494.DAT,19.19,1.836,-0.25,up
vol1,S1210.LFT,S1210,s1210,M. Allen,clean,clean,,,302500,JG00494.DAT,20.21,1.881,-0.25,up
vol1,S1210.LFT,S1210,s1210,M. Allen,clean,clean,,,302500,JG00494.DAT,19.27,1.839,-0.25,down
vol1,S1210.LFT,S1210,s1210,M. Allen,clean,clean,,,302500,JG00494.DAT,18.24,1.843,-0.25,down
vol1,S1210.LFT,S1210,s1210,M. Allen,clean,clean,,,302500,JG00494.DAT,17.3,1.836,-0.25,down
vol1,S1210.LFT,S1210,s1210,M. Allen,clean,clean,,,302500,JG00494.DAT,16.19,1.845,-0.25,down
vol1,S1210.LFT,S1210,s1210,M. Allen,clean,clean,,,302500,JG00494.DAT,15.14,1.845,-0.25,down
vol1,S1210.LFT,S1210,s1210,M. Allen,clean,clean,,,302500,JG00494.DAT,14.1,1.842,-0.25,down
vol1,S1210.LFT,S1210,s1210,M. Allen,clean,clean,,,302500,JG00494.DAT,13.18,1.835,-0.25,down
vol1,S1210.LFT,S1210,s1210,M. Allen,clean,clean,,,302500,JG00494.DAT,12.19,1.817,-0.25,down
vol1,S1210.LFT,S1210,s1210,M. Allen,clean,clean,,,302500,JG00494.DAT,11.25,1.791,-0.25,down
vol1,S1210.LFT,S1210,s1210,M. Allen,clean,clean,,,302500,JG00494.DAT,10.19,1.755,-0.25,down
vol1,S1210.LFT,S1210,s1210,M. Allen,clean,clean,,,302500,JG00494.DAT,9.21,1.704,-0.25,down
vol1,S1210.LFT,S1210,s1210,M. Allen,clean,clean,,,302500,JG00494.DAT,8.16,1.629,-0.25,down
vol1,S1210.LFT,S1210,s1210,M. Allen,clean,clean,,,302500,JG00494.DAT,7.17,1.548,-0.25,down
vol1,S1210.LFT,S1210,s1210,M. Allen,clean,clean,,,302500,JG00494.DAT,6.15,1.462,-0.25,down
vol1,S1210.LFT,S1210,s1210,M. Allen,clean,clean,,,302500,JG00494.DAT,5.12,1.376,-0.25,down
vol1,S1210.LFT,S1210,s1210,M. Allen,clean,clean,,,302500,JG00494.DAT,4.08,1.281,-0.25,down
vol1,S1210.LFT,S1210,s1210,M. Allen,clean,clean,,,302500,JG00494.DAT,3.09,1.184,-0.25,down
vol1,S1210.LFT,S1210,s1210,M. Allen,clean,clean,,,302500,JG00494.DAT,2.07,1.082,-0.25,down
vol1,S1210.LFT,S1210,s1210,M. Allen,clean,clean,,,302500,JG00494.DAT,1.02,0.975,-0.25,down
vol1,S1210.LFT,S1210,s1210,M. Allen,clean,clean,,,302500,JG00494.DAT,0.02,0.873,-0.25,down
vol1,S1210.LFT,S1210,s1210,M. Allen,clean,clean,,,302500,JG00494.DAT,-0.99,0.771,-0.25,down
vol1,S1210.LFT,S1210,s1210,M. Allen,clean,clean,,,302500,JG00494.DAT,-2.04,0.67,-0.25,down
vol1,S1210.LFT,S1210,s1210,M. Allen,clean,clean,,,302500,JG00494.DAT,-3.08,0.552,-0.25,down
vol1,S1210.LFT,S1210,s1210,M. Allen,clean,clean,,,302500,JG00494.DAT,-4.09,0.419,-0.25,down
vol1,S1210.LFT,S1210,s1210,M. Allen,clean,clean,,,302500,JG00494.DAT,-5.14,0.249,-0.25,down
vol1,S1210.LFT,S1210,s1210,M. Allen,clean,clean,,,302500,JG00494.DAT,-6.27,-0.107,-0.25,down
vol1,S1210.LFT,S1210,s1210,M. Allen,clean,clean,,,302500,JG00494.DAT,-7.15,-0.199,-0.25,down
vol1,S1210.LFT,S1210,s1210,M. Allen,clean,clean,,,302500,JG00494.DAT,-8.13,-0.256,-0.25,down
vol1,S1223.LFT,S1223,s1223,Y. Tinel,clean,clean,,,61000,MS00132.DAT,-3.68,0.044,-0.29,up
vol1,S1223.LFT,S1223,s1223,Y. Tinel,clean,clean,,,61000,MS00132.DAT,-2.28,0.649,-0.29,up
vol1,S1223.LFT,S1223,s1223,Y. Tinel,clean,clean,,,61000,MS00132.DAT,-1.37,0.791,-0.29,up
vol1,S1223.LFT,S1223,s1223,Y. Tinel,clean,clean,,,61000,MS00132.DAT,-0.17,0.913,-0.29,up
vol1,S1223.LFT,S1223,s1223,Y. Tinel,clean,clean,,,61000,MS00132.DAT,0.67,0.988,-0.29,up
vol1,S1223.LFT,S1223,s1223,Y. Tinel,clean,clean,,,61000,MS00132.DAT,1.94,1.084,-0.29,up
vol1,S1223.LFT,S1223,s1223,Y. Tinel,clean,clean,,,61000,MS00132.DAT,2.85,1.123,-0.29,up
vol1,S1223.LFT,S1223,s1223,Y. Tinel,clean,clean,,,61000,MS00132.DAT,3.7,1.058,-0.29,up
vol1,S1223.LFT,S1223,s1223,Y. Tinel,clean,clean,,,61000,MS00132.DAT,4.54,0.961,-0.29,up
vol1,S1223.LFT,S1223,s1223,Y. Tinel,clean,clean,,,61000,MS00132.DAT,5.96,0.996,-0.29,up
vol1,S1223.LFT,S1223,s1223,Y. Tinel,clean,clean,,,61000,MS00132.DAT,6.9,0.968,-0.29,up
vol1,S1223.LFT,S1223,s1223,Y. Tinel,clean,clean,,,61000,MS00132.DAT,7.87,0.996,-0.29,up
vol1,S1223.LFT,S1223,s1223,Y. Tinel,clean,clean,,,61000,MS00132.DAT,8.8,1.011,-0.29,up
vol1,S1223.LFT,S1223,s1223,Y. Tinel,clean,clean,,,61000,MS00132.DAT,9.74,1.032,-0.29,up
vol1,S1223.LFT,S1223,s1223,Y. Tinel,clean,clean,,,61000,MS00132.DAT,10.53,1.046,-0.29,up
vol1,S1223.LFT,S1223,s1223,Y. Tinel,clean,clean,,,61000,MS00132.DAT,11.92,1.033,-0.29,up
vol1,S1223.LFT,S1223,s1223,Y. Tinel,clean,clean,,,61000,MS00132.DAT,12.85,1.121,-0.29,up
vol1,S1223.LFT,S1223,s1223,Y. Tinel,clean,clean,,,61000,MS00132.DAT,13.64,1.129,-0.29,up
vol1,S1223.LFT,S1223,s1223,Y. Tinel,clean,clean,,,61000,MS00132.DAT,14.64,1.214,-0.29,up
vol1,S1223.LFT,S1223,s1223,Y. Tinel,clean,clean,,,61000,MS00132.DAT,15.63,1.207,-0.29,up
vol1,S1223.LFT,S1223,s1223,Y. Tinel,clean,clean,,,61000,MS00132.DAT,16.59,1.26,-0.29,up
vol1,S1223.LFT,S1223,s1223,Y. Tinel,clean,clean,,,61000,MS00132.DAT,18.0,1.342,-0.29,up
vol1,S1223.LFT,S1223,s1223,Y. Tinel,clean,clean,,,61000,MS00132.DAT,18.96,1.354,-0.29,up
vol1,S1223.LFT,S1223,s1223,Y. Tinel,clean,clean,,,61000,MS00132.DAT,19.96,1.391,-0.29,up
vol1,S1223.LFT,S1223,s1223,Y. Tinel,clean,clean,,,61000,MS00132.DAT,18.66,1.326,-0.29,down
vol1,S1223.LFT,S1223,s1223,Y. Tinel,clean,clean,,,61000,MS00132.DAT,17.38,1.268,-0.29,down
vol1,S1223.LFT,S1223,s1223,Y. Tinel,clean,clean,,,61000,MS00132.DAT,16.58,1.231,-0.29,down
vol1,S1223.LFT,S1223,s1223,Y. Tinel,clean,clean,,,61000,MS00132.DAT,15.41,1.185,-0.29,down
vol1,S1223.LFT,S1223,s1223,Y. Tinel,clean,clean,,,61000,MS00132.DAT,14.68,1.153,-0.29,down
vol1,S1223.LFT,S1223,s1223,Y. Tinel,clean,clean,,,61000,MS00132.DAT,13.59,1.129,-0.29,down
vol1,S1223.LFT,S1223,s1223,Y. Tinel,clean,clean,,,61000,MS00132.DAT,12.58,1.107,-0.29,down
vol1,S1223.LFT,S1223,s1223,Y. Tinel,clean,clean,,,61000,MS00132.DAT,11.62,1.069,-0.29,down
vol1,S1223.LFT,S1223,s1223,Y. Tinel,clean,clean,,,61000,MS00132.DAT,10.62,1.062,-0.29,down
vol1,S1223.LFT,S1223,s1223,Y. Tinel,clean,clean,,,61000,MS00132.DAT,9.41,1.051,-0.29,down
vol1,S1223.LFT,S1223,s1223,Y. Tinel,clean,clean,,,61000,MS00132.DAT,8.38,1.003,-0.29,down
vol1,S1223.LFT,S1223,s1223,Y. Tinel,clean,clean,,,61000,MS00132.DAT,7.62,0.965,-0.29,down
vol1,S1223.LFT,S1223,s1223,Y. Tinel,clean,clean,,,61000,MS00132.DAT,6.65,0.943,-0.29,down
vol1,S1223.LFT,S1223,s1223,Y. Tinel,clean,clean,,,61000,MS00132.DAT,5.39,0.978,-0.29,down
vol1,S1223.LFT,S1223,s1223,Y. Tinel,clean,clean,,,61000,MS00132.DAT,4.45,1.012,-0.29,down
vol1,S1223.LFT,S1223,s1223,Y. Tinel,clean,clean,,,61000,MS00132.DAT,3.44,1.156,-0.29,down
vol1,S1223.LFT,S1223,s1223,Y. Tinel,clean,clean,,,61000,MS00132.DAT,2.46,1.095,-0.29,down
vol1,S1223.LFT,S1223,s1223,Y. Tinel,clean,clean,,,61000,MS00132.DAT,1.63,1.053,-0.29,down
vol1,S1223.LFT,S1223,s1223,Y. Tinel,clean,clean,,,61000,MS00132.DAT,0.47,0.965,-0.29,down
vol1,S1223.LFT,S1223,s1223,Y. Tinel,clean,clean,,,61000,MS00132.DAT,-0.39,0.908,-0.29,down
vol1,S1223.LFT,S1223,s1223,Y. Tinel,clean,clean,,,61000,MS00132.DAT,-1.37,0.807,-0.29,down
vol1,S1223.LFT,S1223,s1223,Y. Tinel,clean,clean,,,61000,MS00132.DAT,-2.71,0.406,-0.29,down
vol1,S1223.LFT,S1223,s1223,Y. Tinel,clean,clean,,,61000,MS00132.DAT,-3.73,0.058,-0.29,down
vol1,S1223.LFT,S1223,s1223,Y. Tinel,clean,clean,,,101600,MS00133.DAT,-6.82,-0.196,-0.29,up
vol1,S1223.LFT,S1223,s1223,Y. Tinel,clean,clean,,,101600,MS00133.DAT,-5.71,-0.155,-0.29,up
vol1,S1223.LFT,S1223,s1223,Y. Tinel,clean,clean,,,101600,MS00133.DAT,-4.53,0.003,-0.29,up
vol1,S1223.LFT,S1223,s1223,Y. Tinel,clean,clean,,,101600,MS00133.DAT,-3.31,0.341,-0.29,up
vol1,S1223.LFT,S1223,s1223,Y. Tinel,clean,clean,,,101600,MS00133.DAT,-2.47,0.727,-0.29,up
vol1,S1223.LFT,S1223,s1223,Y. Tinel,clean,clean,,,101600,MS00133.DAT,-1.02,0.894,-0.29,up
vol1,S1223.LFT,S1223,s1223,Y. Tinel,clean,clean,,,101600,MS00133.DAT,-0.04,0.996,-0.29,up
vol1,S1223.LFT,S1223,s1223,Y. Tinel,clean,clean,,,101600,MS00133.DAT,0.89,1.085,-0.29,up
vol1,S1223.LFT,S1223,s1223,Y. Tinel,clean,clean,,,101600,MS00133.DAT,1.76,1.167,-0.29,up
vol1,S1223.LFT,S1223,s1223,Y. Tinel,clean,clean,,,101600,MS00133.DAT,2.61,1.246,-0.29,up
vol1,S1223.LFT,S1223,s1223,Y. Tinel,clean,clean,,,101600,MS00133.DAT,3.73,1.332,-0.29,up
vol1,S1223.LFT,S1223,s1223,Y. Tinel,clean,clean,,,101600,MS00133.DAT,4.81,1.421,-0.29,up
vol1,S1223.LFT,S1223,s1223,Y. Tinel,clean,clean,,,101600,MS00133.DAT,5.75,1.487,-0.29,up
vol1,S1223.LFT,S1223,s1223,Y. Tinel,clean,clean,,,101600,MS00133.DAT,6.66,1.544,-0.29,up
vol1,S1223.LFT,S1223,s1223,Y. Tinel,clean,clean,,,101600,MS00133.DAT,8.03,1.149,-0.29,up
vol1,S1223.LFT,S1223,s1223,Y. Tinel,clean,clean,,,101600,MS00133.DAT,8.63,1.135,-0.29,up
vol1,S1223.LFT,S1223,s1223,Y. Tinel,clean,clean,,,101600,MS00133.DAT,9.61,1.151,-0.29,up
vol1,S1223.LFT,S1223,s1223,Y. Tinel,clean,clean,,,101600,MS00133.DAT,11.07,1.155,-0.29,up
vol1,S1223.LFT,S1223,s1223,Y. Tinel,clean,clean,,,101600,MS00133.DAT,12.0,1.188,-0.29,up
vol1,S1223.LFT,S1223,s1223,Y. Tinel,clean,clean,,,101600,MS00133.DAT,12.94,1.176,-0.29,up
vol1,S1223.LFT,S1223,s1223,Y. Tinel,clean,clean,,,101600,MS00133.DAT,13.88,1.261,-0.29,up
vol1,S1223.LFT,S1223,s1223,Y. Tinel,clean,clean,,,101600,MS00133.DAT,14.94,1.245,-0.29,up
vol1,S1223.LFT,S1223,s1223,Y. Tinel,clean,clean,,,101600,MS00133.DAT,15.89,1.244,-0.29,up
vol1,S1223.LFT,S1223,s1223,Y. Tinel,clean,clean,,,101600,MS00133.DAT,16.84,1.235,-0.29,up
vol1,S1223.LFT,S1223,s1223,Y. Tinel,clean,clean,,,101600,MS00133.DAT,18.01,1.278,-0.29,up
vol1,S1223.LFT,S1223,s1223,Y. Tinel,clean,clean,,,101600,MS00133.DAT,19.05,1.359,-0.29,up
vol1,S1223.LFT,S1223,s1223,Y. Tinel,clean,clean,,,101600,MS00133.DAT,19.66,1.353,-0.29,up
vol1,S1223.LFT,S1223,s1223,Y. Tinel,clean,clean,,,101600,MS00133.DAT,18.54,1.344,-0.29,down
vol1,S1223.LFT,S1223,s1223,Y. Tinel,clean,clean,,,101600,MS00133.DAT,17.33,1.304,-0.29,down
vol1,S1223.LFT,S1223,s1223,Y. Tinel,clean,clean,,,101600,MS00133.DAT,16.19,1.209,-0.29,down
vol1,S1223.LFT,S1223,s1223,Y. Tinel,clean,clean,,,101600,MS00133.DAT,15.57,1.223,-0.29,down
vol1,S1223.LFT,S1223,s1223,Y. Tinel,clean,clean,,,101600,MS00133.DAT,14.32,1.223,-0.29,down
vol1,S1223.LFT,S1223,s1223,Y. Tinel,clean,clean,,,101600,MS00133.DAT,13.59,1.197,-0.29,down
vol1,S1223.LFT,S1223,s1223,Y. Tinel,clean,clean,,,101600,MS00133.DAT,12.57,1.208,-0.29,down
vol1,S1223.LFT,S1223,s1223,Y. Tinel,clean,clean,,,101600,MS00133.DAT,11.34,1.161,-0.29,down
vol1,S1223.LFT,S1223,s1223,Y. Tinel,clean,clean,,,101600,MS00133.DAT,10.33,1.128,-0.29,down
vol1,S1223.LFT,S1223,s1223,Y. Tinel,clean,clean,,,101600,MS00133.DAT,9.32,1.144,-0.29,down
vol1,S1223.LFT,S1223,s1223,Y. Tinel,clean,clean,,,101600,MS00133.DAT,8.29,1.12,-0.29,down
vol1,S1223.LFT,S1223,s1223,Y. Tinel,clean,clean,,,101600,MS00133.DAT,7.52,1.208,-0.29,down
vol1,S1223.LFT,S1223,s1223,Y. Tinel,clean,clean,,,101600,MS00133.DAT,6.64,1.53,-0.29,down
vol1,S1223.LFT,S1223,s1223,Y. Tinel,clean,clean,,,101600,MS00133.DAT,5.38,1.451,-0.29,down
vol1,S1223.LFT,S1223,s1223,Y. Tinel,clean,clean,,,101600,MS00133.DAT,4.7,1.392,-0.29,down
vol1,S1223.LFT,S1223,s1223,Y. Tinel,clean,clean,,,101600,MS00133.DAT,3.33,1.28,-0.29,down
vol1,S1223.LFT,S1223,s1223,Y. Tinel,clean,clean,,,101600,MS00133.DAT,2.42,1.209,-0.29,down
vol1,S1223.LFT,S1223,s1223,Y. Tinel,clean,clean,,,101600,MS00133.DAT,1.5,1.119,-0.29,down
vol1,S1223.LFT,S1223,s1223,Y. Tinel,clean,clean,,,101600,MS00133.DAT,0.48,1.023,-0.29,down
vol1,S1223.LFT,S1223,s1223,Y. Tinel,clean,clean,,,101600,MS00133.DAT,-0.66,0.913,-0.29,down
vol1,S1223.LFT,S1223,s1223,Y. Tinel,clean,clean,,,101600,MS00133.DAT,-1.77,0.791,-0.29,down
vol1,S1223.LFT,S1223,s1223,Y. Tinel,clean,clean,,,101600,MS00133.DAT,-2.62,0.678,-0.29,down
vol1,S1223.LFT,S1223,s1223,Y. Tinel,clean,clean,,,101600,MS00133.DAT,-3.71,0.197,-0.29,down
vol1,S1223.LFT,S1223,s1223,Y. Tinel,clean,clean,,,101600,MS00133.DAT,-4.78,-0.038,-0.29,down
vol1,S1223.LFT,S1223,s1223,Y. Tinel,clean,clean,,,101600,MS00133.DAT,-5.76,-0.18,-0.29,down
vol1,S1223.LFT,S1223,s1223,Y. Tinel,clean,clean,,,101600,MS00133.DAT,-6.63,-0.22,-0.29,down
vol1,S1223.LFT,S1223,s1223,Y. Tinel,clean,clean,,,122600,MS00336.DAT,-8.72,-0.184,-0.29,up
vol1,S1223.LFT,S1223,s1223,Y. Tinel,clean,clean,,,122600,MS00336.DAT,-7.84,-0.183,-0.29,up
vol1,S1223.LFT,S1223,s1223,Y. Tinel,clean,clean,,,122600,MS00336.DAT,-6.88,-0.177,-0.29,up
vol1,S1223.LFT,S1223,s1223,Y. Tinel,clean,clean,,,122600,MS00336.DAT,-5.84,-0.087,-0.29,up
vol1,S1223.LFT,S1223,s1223,Y. Tinel,clean,clean,,,122600,MS00336.DAT,-4.85,0.042,-0.29,up
vol1,S1223.LFT,S1223,s1223,Y. Tinel,clean,clean,,,122600,MS00336.DAT,-3.78,0.285,-0.29,up
vol1,S1223.LFT,S1223,s1223,Y. Tinel,clean,clean,,,122600,MS00336.DAT,-2.63,0.752,-0.29,up
vol1,S1223.LFT,S1223,s1223,Y. Tinel,clean,clean,,,122600,MS00336.DAT,-1.56,0.897,-0.29,up
vol1,S1223.LFT,S1223,s1223,Y. Tinel,clean,clean,,,122600,MS00336.DAT,-0.6,0.998,-0.29,up
vol1,S1223.LFT,S1223,s1223,Y. Tinel,clean,clean,,,122600,MS00336.DAT,0.42,1.103,-0.29,up
vol1,S1223.LFT,S1223,s1223,Y. Tinel,clean,clean,,,122600,MS00336.DAT,1.53,1.204,-0.29,up
vol1,S1223.LFT,S1223,s1223,Y. Tinel,clean,clean,,,122600,MS00336.DAT,2.57,1.297,-0.29,up
vol1,S1223.LFT,S1223,s1223,Y. Tinel,clean,clean,,,122600,MS00336.DAT,3.63,1.376,-0.29,up
vol1,S1223.LFT,S1223,s1223,Y. Tinel,clean,clean,,,122600,MS00336.DAT,4.55,1.448,-0.29,up
vol1,S1223.LFT,S1223,s1223,Y. Tinel,clean,clean,,,122600,MS00336.DAT,5.55,1.517,-0.29,up
vol1,S1223.LFT,S1223,s1223,Y. Tinel,clean,clean,,,122600,MS00336.DAT,6.63,1.591,-0.29,up
vol1,S1223.LFT,S1223,s1223,Y. Tinel,clean,clean,,,122600,MS00336.DAT,7.69,1.651,-0.29,up
vol1,S1223.LFT,S1223,s1223,Y. Tinel,clean,clean,,,122600,MS00336.DAT,8.61,1.668,-0.29,up
vol1,S1223.LFT,S1223,s1223,Y. Tinel,clean,clean,,,122600,MS00336.DAT,9.45,1.122,-0.29,up
vol1,S1223.LFT,S1223,s1223,Y. Tinel,clean,clean,,,122600,MS00336.DAT,10.43,1.149,-0.29,up
vol1,S1223.LFT,S1223,s1223,Y. Tinel,clean,clean,,,122600,MS00336.DAT,11.43,1.189,-0.29,up
vol1,S1223.LFT,S1223,s1223,Y. Tinel,clean,clean,,,122600,MS00336.DAT,12.55,1.186,-0.29,up
vol1,S1223.LFT,S1223,s1223,Y. Tinel,clean,clean,,,122600,MS00336.DAT,13.6,1.266,-0.29,up
vol1,S1223.LFT,S1223,s1223,Y. Tinel,clean,clean,,,122600,MS00336.DAT,14.5,1.223,-0.29,up
vol1,S1223.LFT,S1223,s1223,Y. Tinel,clean,clean,,,122600,MS00336.DAT,15.54,1.241,-0.29,up
vol1,S1223.LFT,S1223,s1223,Y. Tinel,clean,clean,,,122600,MS00336.DAT,16.53,1.267,-0.29,up
vol1,S1223.LFT,S1223,s1223,Y. Tinel,clean,clean,,,122600,MS00336.DAT,17.56,1.31,-0.29,up
vol1,S1223.LFT,S1223,s1223,Y. Tinel,clean,clean,,,122600,MS00336.DAT,18.59,1.338,-0.29,up
vol1,S1223.LFT,S1223,s1223,Y. Tinel,clean,clean,,,122600,MS00336.DAT,19.51,1.393,-0.29,up
vol1,S1223.LFT,S1223,s1223,Y. Tinel,clean,clean,,,122600,MS00336.DAT,20.59,1.402,-0.29,up
vol1,S1223.LFT,S1223,s1223,Y. Tinel,clean,clean,,,122600,MS00336.DAT,21.57,1.48,-0.29,up
vol1,S1223.LFT,S1223,s1223,Y. Tinel,clean,clean,,,122600,MS00336.DAT,22.58,1.5,-0.29,up
vol1,S1223.LFT,S1223,s1223,Y. Tinel,clean,clean,,,122600,MS00336.DAT,23.52,1.501,-0.29,up
vol1,S1223.LFT,S1223,s1223,Y. Tinel,clean,clean,,,122600,MS00336.DAT,22.69,1.46,-0.29,down
vol1,S1223.LFT,S1223,s1223,Y. Tinel,clean,clean,,,122600,MS00336.DAT,21.68,1.473,-0.29,down
vol1,S1223.LFT,S1223,s1223,Y. Tinel,clean,clean,,,122600,MS00336.DAT,20.73,1.393,-0.29,down
vol1,S1223.LFT,S1223,s1223,Y. Tinel,clean,clean,,,122600,MS00336.DAT,19.73,1.367,-0.29,down
vol1,S1223.LFT,S1223,s1223,Y. Tinel,clean,clean,,,122600,MS00336.DAT,18.72,1.318,-0.29,down
vol1,S1223.LFT,S1223,s1223,Y. Tinel,clean,clean,,,122600,MS00336.DAT,17.7,1.284,-0.29,down
vol1,S1223.LFT,S1223,s1223,Y. Tinel,clean,clean,,,122600,MS00336.DAT,16.68,1.283,-0.29,down
vol1,S1223.LFT,S1223,s1223,Y. Tinel,clean,clean,,,122600,MS00336.DAT,15.65,1.268,-0.29,down
vol1,S1223.LFT,S1223,s1223,Y. Tinel,clean,clean,,,122600,MS00336.DAT,14.69,1.227,-0.29,down
vol1,S1223.LFT,S1223,s1223,Y. Tinel,clean,clean,,,122600,MS00336.DAT,13.69,1.225,-0.29,down
vol1,S1223.LFT,S1223,s1223,Y. Tinel,clean,clean,,,122600,MS00336.DAT,12.63,1.199,-0.29,down
vol1,S1223.LFT,S1223,s1223,Y. Tinel,clean,clean,,,122600,MS00336.DAT,11.67,1.16,-0.29,down
vol1,S1223.LFT,S1223,s1223,Y. Tinel,clean,clean,,,122600,MS00336.DAT,10.63,1.143,-0.29,down
vol1,S1223.LFT,S1223,s1223,Y. Tinel,clean,clean,,,122600,MS00336.DAT,9.6,1.102,-0.29,down
vol1,S1223.LFT,S1223,s1223,Y. Tinel,clean,clean,,,122600,MS00336.DAT,8.65,1.116,-0.29,down
vol1,S1223.LFT,S1223,s1223,Y. Tinel,clean,clean,,,122600,MS00336.DAT,7.65,1.114,-0.29,down
vol1,S1223.LFT,S1223,s1223,Y. Tinel,clean,clean,,,122600,MS00336.DAT,6.67,1.179,-0.29,down
vol1,S1223.LFT,S1223,s1223,Y. Tinel,clean,clean,,,122600,MS00336.DAT,5.78,1.536,-0.29,down
vol1,S1223.LFT,S1223,s1223,Y. Tinel,clean,clean,,,122600,MS00336.DAT,4.69,1.449,-0.29,down
vol1,S1223.LFT,S1223,s1223,Y. Tinel,clean,clean,,,122600,MS00336.DAT,3.69,1.371,-0.29,down
vol1,S1223.LFT,S1223,s1223,Y. Tinel,clean,clean,,,122600,MS00336.DAT,2.65,1.292,-0.29,down
vol1,S1223.LFT,S1223,s1223,Y. Tinel,clean,clean,,,122600,MS00336.DAT,1.68,1.201,-0.29,down
vol1,S1223.LFT,S1223,s1223,Y. Tinel,clean,clean,,,122600,MS00336.DAT,0.61,1.102,-0.29,down
vol1,S1223.LFT,S1223,s1223,Y. Tinel,clean,clean,,,122600,MS00336.DAT,-0.38,1.012,-0.29,down
vol1,S1223.LFT,S1223,s1223,Y. Tinel,clean,clean,,,122600,MS00336.DAT,-1.39,0.898,-0.29,down
vol1,S1223.LFT,S1223,s1223,Y. Tinel,clean,clean,,,122600,MS00336.DAT,-2.47,0.767,-0.29,down
vol1,S1223.LFT,S1223,s1223,Y. Tinel,clean,clean,,,122600,MS00336.DAT,-3.51,0.345,-0.29,down
vol1,S1223.LFT,S1223,s1223,Y. Tinel,clean,clean,,,122600,MS00336.DAT,-4.69,0.051,-0.29,down
vol1,S1223.LFT,S1223,s1223,Y. Tinel,clean,clean,,,122600,MS00336.DAT,-5.74,-0.093,-0.29,down
vol1,S1223.LFT,S1223,s1223,Y. Tinel,clean,clean,,,122600,MS00336.DAT,-6.75,-0.168,-0.29,down
vol1,S1223.LFT,S1223,s1223,Y. Tinel,clean,clean,,,122600,MS00336.DAT,-7.66,-0.193,-0.29,down
vol1,S1223.LFT,S1223,s1223,Y. Tinel,clean,clean,,,122600,MS00336.DAT,-8.71,-0.183,-0.29,down
vol1,S1223.LFT,S1223,s1223,Y. Tinel,clean,clean,,,147400,MS00337.DAT,-8.91,-0.167,-0.29,up
vol1,S1223.LFT,S1223,s1223,Y. Tinel,clean,clean,,,147400,MS00337.DAT,-7.78,-0.159,-0.29,up
vol1,S1223.LFT,S1223,s1223,Y. Tinel,clean,clean,,,147400,MS00337.DAT,-6.76,-0.115,-0.29,up
vol1,S1223.LFT,S1223,s1223,Y. Tinel,clean,clean,,,147400,MS00337.DAT,-5.89,-0.056,-0.29,up
vol1,S1223.LFT,S1223,s1223,Y. Tinel,clean,clean,,,147400,MS00337.DAT,-4.76,0.105,-0.29,up
vol1,S1223.LFT,S1223,s1223,Y. Tinel,clean,clean,,,147400,MS00337.DAT,-3.7,0.33,-0.29,up
vol1,S1223.LFT,S1223,s1223,Y. Tinel,clean,clean,,,147400,MS00337.DAT,-2.66,0.76,-0.29,up
vol1,S1223.LFT,S1223,s1223,Y. Tinel,clean,clean,,,147400,MS00337.DAT,-1.54,0.905,-0.29,up
vol1,S1223.LFT,S1223,s1223,Y. Tinel,clean,clean,,,147400,MS00337.DAT,-0.54,1.018,-0.29,up
vol1,S1223.LFT,S1223,s1223,Y. Tinel,clean,clean,,,147400,MS00337.DAT,0.44,1.115,-0.29,up
vol1,S1223.LFT,S1223,s1223,Y. Tinel,clean,clean,,,147400,MS00337.DAT,1.45,1.208,-0.29,up
vol1,S1223.LFT,S1223,s1223,Y. Tinel,clean,clean,,,147400,MS00337.DAT,2.47,1.297,-0.29,up
vol1,S1223.LFT,S1223,s1223,Y. Tinel,clean,clean,,,147400,MS00337.DAT,3.54,1.38,-0.29,up
vol1,S1223.LFT,S1223,s1223,Y. Tinel,clean,clean,,,147400,MS00337.DAT,4.49,1.456,-0.29,up
vol1,S1223.LFT,S1223,s1223,Y. Tinel,clean,clean,,,147400,MS00337.DAT,5.55,1.536,-0.29,up
vol1,S1223.LFT,S1223,s1223,Y. Tinel,clean,clean,,,147400,MS00337.DAT,6.58,1.614,-0.29,up
vol1,S1223.LFT,S1223,s1223,Y. Tinel,clean,clean,,,147400,MS00337.DAT,7.54,1.677,-0.29,up
vol1,S1223.LFT,S1223,s1223,Y. Tinel,clean,clean,,,147400,MS00337.DAT,8.61,1.749,-0.29,up
vol1,S1223.LFT,S1223,s1223,Y. Tinel,clean,clean,,,147400,MS00337.DAT,9.67,1.814,-0.29,up
vol1,S1223.LFT,S1223,s1223,Y. Tinel,clean,clean,,,147400,MS00337.DAT,10.62,1.864,-0.29,up
vol1,S1223.LFT,S1223,s1223,Y. Tinel,clean,clean,,,147400,MS00337.DAT,11.71,1.933,-0.29,up
vol1,S1223.LFT,S1223,s1223,Y. Tinel,clean,clean,,,147400,MS00337.DAT,12.72,1.983,-0.29,up
vol1,S1223.LFT,S1223,s1223,Y. Tinel,clean,clean,,,147400,MS00337.DAT,13.74,2.039,-0.29,up
vol1,S1223.LFT,S1223,s1223,Y. Tinel,clean,clean,,,147400,MS00337.DAT,14.75,2.099,-0.29,up
vol1,S1223.LFT,S1223,s1223,Y. Tinel,clean,clean,,,147400,MS00337.DAT,15.72,2.147,-0.29,up
vol1,S1223.LFT,S1223,s1223,Y. Tinel,clean,clean,,,147400,MS00337.DAT,16.76,2.164,-0.29,up
vol1,S1223.LFT,S1223,s1223,Y. Tinel,clean,clean,,,147400,MS00337.DAT,17.74,2.148,-0.29,up
vol1,S1223.LFT,S1223,s1223,Y. Tinel,clean,clean,,,147400,MS00337.DAT,18.78,2.092,-0.29,up
vol1,S1223.LFT,S1223,s1223,Y. Tinel,clean,clean,,,147400,MS00337.DAT,19.7,2.003,-0.29,up
vol1,S1223.LFT,S1223,s1223,Y. Tinel,clean,clean,,,147400,MS00337.DAT,20.7,1.967,-0.29,up
vol1,S1223.LFT,S1223,s1223,Y. Tinel,clean,clean,,,147400,MS00337.DAT,21.61,1.431,-0.29,up
vol1,S1223.LFT,S1223,s1223,Y. Tinel,clean,clean,,,147400,MS00337.DAT,22.51,1.466,-0.29,up
vol1,S1223.LFT,S1223,s1223,Y. Tinel,clean,clean,,,147400,MS00337.DAT,23.6,1.52,-0.29,up
vol1,S1223.LFT,S1223,s1223,Y. Tinel,clean,clean,,,147400,MS00337.DAT,22.74,1.528,-0.29,down
vol1,S1223.LFT,S1223,s1223,Y. Tinel,clean,clean,,,147400,MS00337.DAT,21.71,1.463,-0.29,down
vol1,S1223.LFT,S1223,s1223,Y. Tinel,clean,clean,,,147400,MS00337.DAT,20.7,1.387,-0.29,down
vol1,S1223.LFT,S1223,s1223,Y. Tinel,clean,clean,,,147400,MS00337.DAT,19.65,1.372,-0.29,down
vol1,S1223.LFT,S1223,s1223,Y. Tinel,clean,clean,,,147400,MS00337.DAT,18.7,1.353,-0.29,down
vol1,S1223.LFT,S1223,s1223,Y. Tinel,clean,clean,,,147400,MS00337.DAT,17.67,1.321,-0.29,down
vol1,S1223.LFT,S1223,s1223,Y. Tinel,clean,clean,,,147400,MS00337.DAT,16.68,1.31,-0.29,down
vol1,S1223.LFT,S1223,s1223,Y. Tinel,clean,clean,,,147400,MS00337.DAT,15.68,1.248,-0.29,down
vol1,S1223.LFT,S1223,s1223,Y. Tinel,clean,clean,,,147400,MS00337.DAT,14.6,1.253,-0.29,down
vol1,S1223.LFT,S1223,s1223,Y. Tinel,clean,clean,,,147400,MS00337.DAT,13.65,1.232,-0.29,down
vol1,S1223.LFT,S1223,s1223,Y. Tinel,clean,clean,,,147400,MS00337.DAT,12.61,1.199,-0.29,down
vol1,S1223.LFT,S1223,s1223,Y. Tinel,clean,clean,,,147400,MS00337.DAT,11.67,1.183,-0.29,down
vol1,S1223.LFT,S1223,s1223,Y. Tinel,clean,clean,,,147400,MS00337.DAT,10.67,1.181,-0.29,down
vol1,S1223.LFT,S1223,s1223,Y. Tinel,clean,clean,,,147400,MS00337.DAT,9.59,1.127,-0.29,down
vol1,S1223.LFT,S1223,s1223,Y. Tinel,clean,clean,,,147400,MS00337.DAT,8.6,1.067,-0.29,down
vol1,S1223.LFT,S1223,s1223,Y. Tinel,clean,clean,,,147400,MS00337.DAT,7.6,1.114,-0.29,down
vol1,S1223.LFT,S1223,s1223,Y. Tinel,clean,clean,,,147400,MS00337.DAT,6.6,1.106,-0.29,down
vol1,S1223.LFT,S1223,s1223,Y. Tinel,clean,clean,,,147400,MS00337.DAT,5.76,1.549,-0.29,down
vol1,S1223.LFT,S1223,s1223,Y. Tinel,clean,clean,,,147400,MS00337.DAT,4.79,1.471,-0.29,down
vol1,S1223.LFT,S1223,s1223,Y. Tinel,clean,clean,,,147400,MS00337.DAT,3.78,1.389,-0.29,down
vol1,S1223.LFT,S1223,s1223,Y. Tinel,clean,clean,,,147400,MS00337.DAT,2.64,1.303,-0.29,down
vol1,S1223.LFT,S1223,s1223,Y. Tinel,clean,clean,,,147400,MS00337.DAT,1.62,1.211,-0.29,down
vol1,S1223.LFT,S1223,s1223,Y. Tinel,clean,clean,,,147400,MS00337.DAT,0.6,1.116,-0.29,down
vol1,S1223.LFT,S1223,s1223,Y. Tinel,clean,clean,,,147400,MS00337.DAT,-0.47,1.012,-0.29,down
vol1,S1223.LFT,S1223,s1223,Y. Tinel,clean,clean,,,147400,MS00337.DAT,-1.47,0.893,-0.29,down
vol1,S1223.LFT,S1223,s1223,Y. Tinel,clean,clean,,,147400,MS00337.DAT,-2.49,0.769,-0.29,down
vol1,S1223.LFT,S1223,s1223,Y. Tinel,clean,clean,,,147400,MS00337.DAT,-3.62,0.305,-0.29,down
vol1,S1223.LFT,S1223,s1223,Y. Tinel,clean,clean,,,147400,MS00337.DAT,-4.58,0.119,-0.29,down
vol1,S1223.LFT,S1223,s1223,Y. Tinel,clean,clean,,,147400,MS00337.DAT,-5.67,-0.03,-0.29,down
vol1,S1223.LFT,S1223,s1223,Y. Tinel,clean,clean,,,147400,MS00337.DAT,-6.72,-0.129,-0.29,down
vol1,S1223.LFT,S1223,s1223,Y. Tinel,clean,clean,,,147400,MS00337.DAT,-7.7,-0.171,-0.29,down
vol1,S1223.LFT,S1223,s1223,Y. Tinel,clean,clean,,,147400,MS00337.DAT,-8.74,-0.179,-0.29,down
vol1,S1223.LFT,S1223,s1223,Y. Tinel,clean,clean,,,171400,MS00338.DAT,-8.86,-0.187,-0.29,up
vol1,S1223.LFT,S1223,s1223,Y. Tinel,clean,clean,,,171400,MS00338.DAT,-7.85,-0.147,-0.29,up
vol1,S1223.LFT,S1223,s1223,Y. Tinel,clean,clean,,,171400,MS00338.DAT,-6.88,-0.082,-0.29,up
vol1,S1223.LFT,S1223,s1223,Y. Tinel,clean,clean,,,171400,MS00338.DAT,-5.82,0.021,-0.29,up
vol1,S1223.LFT,S1223,s1223,Y. Tinel,clean,clean,,,171400,MS00338.DAT,-4.69,0.198,-0.29,up
vol1,S1223.LFT,S1223,s1223,Y. Tinel,clean,clean,,,171400,MS00338.DAT,-3.65,0.336,-0.29,up
vol1,S1223.LFT,S1223,s1223,Y. Tinel,clean,clean,,,171400,MS00338.DAT,-2.67,0.768,-0.29,up
vol1,S1223.LFT,S1223,s1223,Y. Tinel,clean,clean,,,171400,MS00338.DAT,-1.4,0.923,-0.29,up
vol1,S1223.LFT,S1223,s1223,Y. Tinel,clean,clean,,,171400,MS00338.DAT,-0.35,1.044,-0.29,up
vol1,S1223.LFT,S1223,s1223,Y. Tinel,clean,clean,,,171400,MS00338.DAT,0.65,1.143,-0.29,up
vol1,S1223.LFT,S1223,s1223,Y. Tinel,clean,clean,,,171400,MS00338.DAT,1.61,1.232,-0.29,up
vol1,S1223.LFT,S1223,s1223,Y. Tinel,clean,clean,,,171400,MS00338.DAT,2.68,1.331,-0.29,up
vol1,S1223.LFT,S1223,s1223,Y. Tinel,clean,clean,,,171400,MS00338.DAT,3.74,1.41,-0.29,up
vol1,S1223.LFT,S1223,s1223,Y. Tinel,clean,clean,,,171400,MS00338.DAT,4.73,1.489,-0.29,up
vol1,S1223.LFT,S1223,s1223,Y. Tinel,clean,clean,,,171400,MS00338.DAT,5.59,1.554,-0.29,up
vol1,S1223.LFT,S1223,s1223,Y. Tinel,clean,clean,,,171400,MS00338.DAT,6.56,1.63,-0.29,up
vol1,S1223.LFT,S1223,s1223,Y. Tinel,clean,clean,,,171400,MS00338.DAT,7.67,1.706,-0.29,up
vol1,S1223.LFT,S1223,s1223,Y. Tinel,clean,clean,,,171400,MS00338.DAT,8.64,1.774,-0.29,up
vol1,S1223.LFT,S1223,s1223,Y. Tinel,clean,clean,,,171400,MS00338.DAT,9.71,1.84,-0.29,up
vol1,S1223.LFT,S1223,s1223,Y. Tinel,clean,clean,,,171400,MS00338.DAT,10.69,1.903,-0.29,up
vol1,S1223.LFT,S1223,s1223,Y. Tinel,clean,clean,,,171400,MS00338.DAT,11.73,1.961,-0.29,up
vol1,S1223.LFT,S1223,s1223,Y. Tinel,clean,clean,,,171400,MS00338.DAT,12.73,2.014,-0.29,up
vol1,S1223.LFT,S1223,s1223,Y. Tinel,clean,clean,,,171400,MS00338.DAT,13.7,2.067,-0.29,up
vol1,S1223.LFT,S1223,s1223,Y. Tinel,clean,clean,,,171400,MS00338.DAT,14.8,2.123,-0.29,up
vol1,S1223.LFT,S1223,s1223,Y. Tinel,clean,clean,,,171400,MS00338.DAT,15.68,2.161,-0.29,up
vol1,S1223.LFT,S1223,s1223,Y. Tinel,clean,clean,,,171400,MS00338.DAT,16.78,2.175,-0.29,up
vol1,S1223.LFT,S1223,s1223,Y. Tinel,clean,clean,,,171400,MS00338.DAT,17.72,2.14,-0.29,up
vol1,S1223.LFT,S1223,s1223,Y. Tinel,clean,clean,,,171400,MS00338.DAT,18.77,2.066,-0.29,up
vol1,S1223.LFT,S1223,s1223,Y. Tinel,clean,clean,,,171400,MS00338.DAT,19.72,2.009,-0.29,up
vol1,S1223.LFT,S1223,s1223,Y. Tinel,clean,clean,,,171400,MS00338.DAT,20.7,1.957,-0.29,up
vol1,S1223.LFT,S1223,s1223,Y. Tinel,clean,clean,,,171400,MS00338.DAT,21.67,1.931,-0.29,up
vol1,S1223.LFT,S1223,s1223,Y. Tinel,clean,clean,,,171400,MS00338.DAT,22.22,1.464,-0.29,up
vol1,S1223.LFT,S1223,s1223,Y. Tinel,clean,clean,,,171400,MS00338.DAT,23.59,1.539,-0.29,up
vol1,S1223.LFT,S1223,s1223,Y. Tinel,clean,clean,,,171400,MS00338.DAT,22.61,1.49,-0.29,down
vol1,S1223.LFT,S1223,s1223,Y. Tinel,clean,clean,,,171400,MS00338.DAT,21.56,1.455,-0.29,down
vol1,S1223.LFT,S1223,s1223,Y. Tinel,clean,clean,,,171400,MS00338.DAT,20.48,1.406,-0.29,down
vol1,S1223.LFT,S1223,s1223,Y. Tinel,clean,clean,,,171400,MS00338.DAT,19.5,1.363,-0.29,down
vol1,S1223.LFT,S1223,s1223,Y. Tinel,clean,clean,,,171400,MS00338.DAT,18.42,1.341,-0.29,down
vol1,S1223.LFT,S1223,s1223,Y. Tinel,clean,clean,,,171400,MS00338.DAT,17.36,1.328,-0.29,down
vol1,S1223.LFT,S1223,s1223,Y. Tinel,clean,clean,,,171400,MS00338.DAT,16.39,1.349,-0.29,down
vol1,S1223.LFT,S1223,s1223,Y. Tinel,clean,clean,,,171400,MS00338.DAT,15.38,1.259,-0.29,down
vol1,S1223.LFT,S1223,s1223,Y. Tinel,clean,clean,,,171400,MS00338.DAT,14.54,1.273,-0.29,down
vol1,S1223.LFT,S1223,s1223,Y. Tinel,clean,clean,,,171400,MS00338.DAT,13.49,1.248,-0.29,down
vol1,S1223.LFT,S1223,s1223,Y. Tinel,clean,clean,,,171400,MS00338.DAT,12.49,1.212,-0.29,down
vol1,S1223.LFT,S1223,s1223,Y. Tinel,clean,clean,,,171400,MS00338.DAT,11.46,1.171,-0.29,down
vol1,S1223.LFT,S1223,s1223,Y. Tinel,clean,clean,,,171400,MS00338.DAT,10.39,1.154,-0.29,down
vol1,S1223.LFT,S1223,s1223,Y. Tinel,clean,clean,,,171400,MS00338.DAT,9.47,1.135,-0.29,down
vol1,S1223.LFT,S1223,s1223,Y. Tinel,clean,clean,,,171400,MS00338.DAT,8.55,1.128,-0.29,down
vol1,S1223.LFT,S1223,s1223,Y. Tinel,clean,clean,,,171400,MS00338.DAT,7.44,1.143,-0.29,down
vol1,S1223.LFT,S1223,s1223,Y. Tinel,clean,clean,,,171400,MS00338.DAT,6.73,1.64,-0.29,down
vol1,S1223.LFT,S1223,s1223,Y. Tinel,clean,clean,,,171400,MS00338.DAT,5.85,1.573,-0.29,down
vol1,S1223.LFT,S1223,s1223,Y. Tinel,clean,clean,,,171400,MS00338.DAT,4.72,1.481,-0.29,down
vol1,S1223.LFT,S1223,s1223,Y. Tinel,clean,clean,,,171400,MS00338.DAT,3.59,1.389,-0.29,down
vol1,S1223.LFT,S1223,s1223,Y. Tinel,clean,clean,,,171400,MS00338.DAT,2.62,1.312,-0.29,down
vol1,S1223.LFT,S1223,s1223,Y. Tinel,clean,clean,,,171400,MS00338.DAT,1.51,1.212,-0.29,down
vol1,S1223.LFT,S1223,s1223,Y. Tinel,clean,clean,,,171400,MS00338.DAT,0.51,1.117,-0.29,down
vol1,S1223.LFT,S1223,s1223,Y. Tinel,clean,clean,,,171400,MS00338.DAT,-0.57,1.006,-0.29,down
vol1,S1223.LFT,S1223,s1223,Y. Tinel,clean,clean,,,171400,MS00338.DAT,-1.6,0.887,-0.29,down
vol1,S1223.LFT,S1223,s1223,Y. Tinel,clean,clean,,,171400,MS00338.DAT,-2.52,0.781,-0.29,down
vol1,S1223.LFT,S1223,s1223,Y. Tinel,clean,clean,,,171400,MS00338.DAT,-3.53,0.339,-0.29,down
vol1,S1223.LFT,S1223,s1223,Y. Tinel,clean,clean,,,171400,MS00338.DAT,-4.55,0.188,-0.29,down
vol1,S1223.LFT,S1223,s1223,Y. Tinel,clean,clean,,,171400,MS00338.DAT,-5.6,0.036,-0.29,down
vol1,S1223.LFT,S1223,s1223,Y. Tinel,clean,clean,,,171400,MS00338.DAT,-6.67,-0.068,-0.29,down
vol1,S1223.LFT,S1223,s1223,Y. Tinel,clean,clean,,,171400,MS00338.DAT,-7.7,-0.15,-0.29,down
vol1,S1223.LFT,S1223,s1223,Y. Tinel,clean,clean,,,171400,MS00338.DAT,-8.76,-0.179,-0.29,down
vol1,S1223.LFT,S1223,s1223,Y. Tinel,clean,clean,,,198100,MS00339.DAT,-8.91,-0.167,-0.29,up
vol1,S1223.LFT,S1223,s1223,Y. Tinel,clean,clean,,,198100,MS00339.DAT,-7.85,-0.15,-0.29,up
vol1,S1223.LFT,S1223,s1223,Y. Tinel,clean,clean,,,198100,MS00339.DAT,-6.84,-0.054,-0.29,up
vol1,S1223.LFT,S1223,s1223,Y. Tinel,clean,clean,,,198100,MS00339.DAT,-5.85,0.057,-0.29,up
vol1,S1223.LFT,S1223,s1223,Y. Tinel,clean,clean,,,198100,MS00339.DAT,-4.73,0.211,-0.29,up
vol1,S1223.LFT,S1223,s1223,Y. Tinel,clean,clean,,,198100,MS00339.DAT,-3.56,0.356,-0.29,up
vol1,S1223.LFT,S1223,s1223,Y. Tinel,clean,clean,,,198100,MS00339.DAT,-2.83,0.753,-0.29,up
vol1,S1223.LFT,S1223,s1223,Y. Tinel,clean,clean,,,198100,MS00339.DAT,-1.64,0.896,-0.29,up
vol1,S1223.LFT,S1223,s1223,Y. Tinel,clean,clean,,,198100,MS00339.DAT,-0.56,1.021,-0.29,up
vol1,S1223.LFT,S1223,s1223,Y. Tinel,clean,clean,,,198100,MS00339.DAT,0.48,1.127,-0.29,up
vol1,S1223.LFT,S1223,s1223,Y. Tinel,clean,clean,,,198100,MS00339.DAT,1.43,1.215,-0.29,up
vol1,S1223.LFT,S1223,s1223,Y. Tinel,clean,clean,,,198100,MS00339.DAT,2.52,1.317,-0.29,up
vol1,S1223.LFT,S1223,s1223,Y. Tinel,clean,clean,,,198100,MS00339.DAT,3.51,1.401,-0.29,up
vol1,S1223.LFT,S1223,s1223,Y. Tinel,clean,clean,,,198100,MS00339.DAT,4.63,1.487,-0.29,up
vol1,S1223.LFT,S1223,s1223,Y. Tinel,clean,clean,,,198100,MS00339.DAT,5.8,1.58,-0.29,up
vol1,S1223.LFT,S1223,s1223,Y. Tinel,clean,clean,,,198100,MS00339.DAT,6.62,1.642,-0.29,up
vol1,S1223.LFT,S1223,s1223,Y. Tinel,clean,clean,,,198100,MS00339.DAT,7.73,1.726,-0.29,up
vol1,S1223.LFT,S1223,s1223,Y. Tinel,clean,clean,,,198100,MS00339.DAT,8.6,1.785,-0.29,up
vol1,S1223.LFT,S1223,s1223,Y. Tinel,clean,clean,,,198100,MS00339.DAT,9.68,1.855,-0.29,up
vol1,S1223.LFT,S1223,s1223,Y. Tinel,clean,clean,,,198100,MS00339.DAT,10.75,1.928,-0.29,up
vol1,S1223.LFT,S1223,s1223,Y. Tinel,clean,clean,,,198100,MS00339.DAT,11.66,1.979,-0.29,up
vol1,S1223.LFT,S1223,s1223,Y. Tinel,clean,clean,,,198100,MS00339.DAT,12.64,2.033,-0.29,up
vol1,S1223.LFT,S1223,s1223,Y. Tinel,clean,clean,,,198100,MS00339.DAT,13.68,2.086,-0.29,up
vol1,S1223.LFT,S1223,s1223,Y. Tinel,clean,clean,,,198100,MS00339.DAT,14.69,2.143,-0.29,up
vol1,S1223.LFT,S1223,s1223,Y. Tinel,clean,clean,,,198100,MS00339.DAT,15.8,2.181,-0.29,up
vol1,S1223.LFT,S1223,s1223,Y. Tinel,clean,clean,,,198100,MS00339.DAT,16.7,2.183,-0.29,up
vol1,S1223.LFT,S1223,s1223,Y. Tinel,clean,clean,,,198100,MS00339.DAT,17.73,2.137,-0.29,up
vol1,S1223.LFT,S1223,s1223,Y. Tinel,clean,clean,,,198100,MS00339.DAT,18.7,2.055,-0.29,up
vol1,S1223.LFT,S1223,s1223,Y. Tinel,clean,clean,,,198100,MS00339.DAT,19.62,1.995,-0.29,up
vol1,S1223.LFT,S1223,s1223,Y. Tinel,clean,clean,,,198100,MS00339.DAT,20.67,1.984,-0.29,up
vol1,S1223.LFT,S1223,s1223,Y. Tinel,clean,clean,,,198100,MS00339.DAT,21.6,1.941,-0.29,up
vol1,S1223.LFT,S1223,s1223,Y. Tinel,clean,clean,,,198100,MS00339.DAT,22.63,1.91,-0.29,up
vol1,S1223.LFT,S1223,s1223,Y. Tinel,clean,clean,,,198100,MS00339.DAT,23.61,1.889,-0.29,up
vol1,S1223.LFT,S1223,s1223,Y. Tinel,clean,clean,,,198100,MS00339.DAT,22.76,1.911,-0.29,down
vol1,S1223.LFT,S1223,s1223,Y. Tinel,clean,clean,,,198100,MS00339.DAT,21.8,1.932,-0.29,down
vol1,S1223.LFT,S1223,s1223,Y. Tinel,clean,clean,,,198100,MS00339.DAT,20.86,1.973,-0.29,down
vol1,S1223.LFT,S1223,s1223,Y. Tinel,clean,clean,,,198100,MS00339.DAT,19.77,1.991,-0.29,down
vol1,S1223.LFT,S1223,s1223,Y. Tinel,clean,clean,,,198100,MS00339.DAT,18.82,2.05,-0.29,down
vol1,S1223.LFT,S1223,s1223,Y. Tinel,clean,clean,,,198100,MS00339.DAT,17.93,2.125,-0.29,down
vol1,S1223.LFT,S1223,s1223,Y. Tinel,clean,clean,,,198100,MS00339.DAT,16.93,2.188,-0.29,down
vol1,S1223.LFT,S1223,s1223,Y. Tinel,clean,clean,,,198100,MS00339.DAT,15.85,2.187,-0.29,down
vol1,S1223.LFT,S1223,s1223,Y. Tinel,clean,clean,,,198100,MS00339.DAT,14.85,2.156,-0.29,down
vol1,S1223.LFT,S1223,s1223,Y. Tinel,clean,clean,,,198100,MS00339.DAT,13.91,2.111,-0.29,down
vol1,S1223.LFT,S1223,s1223,Y. Tinel,clean,clean,,,198100,MS00339.DAT,12.76,2.047,-0.29,down
vol1,S1223.LFT,S1223,s1223,Y. Tinel,clean,clean,,,198100,MS00339.DAT,11.86,1.995,-0.29,down
vol1,S1223.LFT,S1223,s1223,Y. Tinel,clean,clean,,,198100,MS00339.DAT,10.82,1.924,-0.29,down
vol1,S1223.LFT,S1223,s1223,Y. Tinel,clean,clean,,,198100,MS00339.DAT,9.75,1.855,-0.29,down
vol1,S1223.LFT,S1223,s1223,Y. Tinel,clean,clean,,,198100,MS00339.DAT,8.76,1.785,-0.29,down
vol1,S1223.LFT,S1223,s1223,Y. Tinel,clean,clean,,,198100,MS00339.DAT,7.73,1.717,-0.29,down
vol1,S1223.LFT,S1223,s1223,Y. Tinel,clean,clean,,,198100,MS00339.DAT,6.69,1.64,-0.29,down
vol1,S1223.LFT,S1223,s1223,Y. Tinel,clean,clean,,,198100,MS00339.DAT,5.63,1.559,-0.29,down
vol1,S1223.LFT,S1223,s1223,Y. Tinel,clean,clean,,,198100,MS00339.DAT,4.43,1.462,-0.29,down
vol1,S1223.LFT,S1223,s1223,Y. Tinel,clean,clean,,,198100,MS00339.DAT,3.68,1.404,-0.29,down
vol1,S1223.LFT,S1223,s1223,Y. Tinel,clean,clean,,,198100,MS00339.DAT,2.58,1.311,-0.29,down
vol1,S1223.LFT,S1223,s1223,Y. Tinel,clean,clean,,,198100,MS00339.DAT,1.57,1.218,-0.29,down
vol1,S1223.LFT,S1223,s1223,Y. Tinel,clean,clean,,,198100,MS00339.DAT,0.64,1.129,-0.29,down
vol1,S1223.LFT,S1223,s1223,Y. Tinel,clean,clean,,,198100,MS00339.DAT,-0.48,1.019,-0.29,down
vol1,S1223.LFT,S1223,s1223,Y. Tinel,clean,clean,,,198100,MS00339.DAT,-1.42,0.908,-0.29,down
vol1,S1223.LFT,S1223,s1223,Y. Tinel,clean,clean,,,198100,MS00339.DAT,-2.56,0.783,-0.29,down
vol1,S1223.LFT,S1223,s1223,Y. Tinel,clean,clean,,,198100,MS00339.DAT,-3.51,0.349,-0.29,down
vol1,S1223.LFT,S1223,s1223,Y. Tinel,clean,clean,,,198100,MS00339.DAT,-4.6,0.216,-0.29,down
vol1,S1223.LFT,S1223,s1223,Y. Tinel,clean,clean,,,198100,MS00339.DAT,-5.64,0.073,-0.29,down
vol1,S1223.LFT,S1223,s1223,Y. Tinel,clean,clean,,,198100,MS00339.DAT,-6.64,-0.052,-0.29,down
vol1,S1223.LFT,S1223,s1223,Y. Tinel,clean,clean,,,198100,MS00339.DAT,-7.66,-0.149,-0.29,down
vol1,S1223.LFT,S1223,s1223,Y. Tinel,clean,clean,,,198100,MS00339.DAT,-8.71,-0.175,-0.29,down
vol1,S1223.LFT,S1223,s1223,Y. Tinel,clean,clean,,,251900,MS00592.DAT,-8.87,-0.173,-0.29,up
vol1,S1223.LFT,S1223,s1223,Y. Tinel,clean,clean,,,251900,MS00592.DAT,-7.84,-0.135,-0.29,up
vol1,S1223.LFT,S1223,s1223,Y. Tinel,clean,clean,,,251900,MS00592.DAT,-6.81,-0.071,-0.29,up
vol1,S1223.LFT,S1223,s1223,Y. Tinel,clean,clean,,,251900,MS00592.DAT,-5.77,0.014,-0.29,up
vol1,S1223.LFT,S1223,s1223,Y. Tinel,clean,clean,,,251900,MS00592.DAT,-4.66,0.184,-0.29,up
vol1,S1223.LFT,S1223,s1223,Y. Tinel,clean,clean,,,251900,MS00592.DAT,-3.57,0.339,-0.29,up
vol1,S1223.LFT,S1223,s1223,Y. Tinel,clean,clean,,,251900,MS00592.DAT,-2.74,0.606,-0.29,up
vol1,S1223.LFT,S1223,s1223,Y. Tinel,clean,clean,,,251900,MS00592.DAT,-1.6,0.882,-0.29,up
vol1,S1223.LFT,S1223,s1223,Y. Tinel,clean,clean,,,251900,MS00592.DAT,-0.59,0.998,-0.29,up
vol1,S1223.LFT,S1223,s1223,Y. Tinel,clean,clean,,,251900,MS00592.DAT,0.47,1.116,-0.29,up
vol1,S1223.LFT,S1223,s1223,Y. Tinel,clean,clean,,,251900,MS00592.DAT,1.41,1.205,-0.29,up
vol1,S1223.LFT,S1223,s1223,Y. Tinel,clean,clean,,,251900,MS00592.DAT,2.51,1.31,-0.29,up
vol1,S1223.LFT,S1223,s1223,Y. Tinel,clean,clean,,,251900,MS00592.DAT,3.51,1.403,-0.29,up
vol1,S1223.LFT,S1223,s1223,Y. Tinel,clean,clean,,,251900,MS00592.DAT,4.49,1.477,-0.29,up
vol1,S1223.LFT,S1223,s1223,Y. Tinel,clean,clean,,,251900,MS00592.DAT,5.51,1.561,-0.29,up
vol1,S1223.LFT,S1223,s1223,Y. Tinel,clean,clean,,,251900,MS00592.DAT,6.47,1.637,-0.29,up
vol1,S1223.LFT,S1223,s1223,Y. Tinel,clean,clean,,,251900,MS00592.DAT,7.5,1.714,-0.29,up
vol1,S1223.LFT,S1223,s1223,Y. Tinel,clean,clean,,,251900,MS00592.DAT,8.55,1.791,-0.29,up
vol1,S1223.LFT,S1223,s1223,Y. Tinel,clean,clean,,,251900,MS00592.DAT,9.49,1.859,-0.29,up
vol1,S1223.LFT,S1223,s1223,Y. Tinel,clean,clean,,,251900,MS00592.DAT,10.7,1.939,-0.29,up
vol1,S1223.LFT,S1223,s1223,Y. Tinel,clean,clean,,,251900,MS00592.DAT,11.83,2.006,-0.29,up
vol1,S1223.LFT,S1223,s1223,Y. Tinel,clean,clean,,,251900,MS00592.DAT,12.88,2.07,-0.29,up
vol1,S1223.LFT,S1223,s1223,Y. Tinel,clean,clean,,,251900,MS00592.DAT,14.0,2.131,-0.29,up
vol1,S1223.LFT,S1223,s1223,Y. Tinel,clean,clean,,,251900,MS00592.DAT,14.92,2.171,-0.29,up
vol1,S1223.LFT,S1223,s1223,Y. Tinel,clean,clean,,,251900,MS00592.DAT,15.91,2.196,-0.29,up
vol1,S1223.LFT,S1223,s1223,Y. Tinel,clean,clean,,,251900,MS00592.DAT,16.9,2.179,-0.29,up
vol1,S1223.LFT,S1223,s1223,Y. Tinel,clean,clean,,,251900,MS00592.DAT,17.87,2.076,-0.29,up
vol1,S1223.LFT,S1223,s1223,Y. Tinel,clean,clean,,,251900,MS00592.DAT,18.8,2.028,-0.29,up
vol1,S1223.LFT,S1223,s1223,Y. Tinel,clean,clean,,,251900,MS00592.DAT,19.93,1.965,-0.29,up
vol1,S1223.LFT,S1223,s1223,Y. Tinel,clean,clean,,,251900,MS00592.DAT,20.82,1.946,-0.29,up
vol1,S1223.LFT,S1223,s1223,Y. Tinel,clean,clean,,,251900,MS00592.DAT,21.76,1.926,-0.29,up
vol1,S1223.LFT,S1223,s1223,Y. Tinel,clean,clean,,,251900,MS00592.DAT,22.56,1.916,-0.29,up
vol1,S1223.LFT,S1223,s1223,Y. Tinel,clean,clean,,,251900,MS00592.DAT,23.55,1.906,-0.29,up
vol1,S1223.LFT,S1223,s1223,Y. Tinel,clean,clean,,,251900,MS00592.DAT,22.8,1.914,-0.29,down
vol1,S1223.LFT,S1223,s1223,Y. Tinel,clean,clean,,,251900,MS00592.DAT,21.66,1.927,-0.29,down
vol1,S1223.LFT,S1223,s1223,Y. Tinel,clean,clean,,,251900,MS00592.DAT,20.78,1.947,-0.29,down
vol1,S1223.LFT,S1223,s1223,Y. Tinel,clean,clean,,,251900,MS00592.DAT,19.79,1.986,-0.29,down
vol1,S1223.LFT,S1223,s1223,Y. Tinel,clean,clean,,,251900,MS00592.DAT,18.82,2.016,-0.29,down
vol1,S1223.LFT,S1223,s1223,Y. Tinel,clean,clean,,,251900,MS00592.DAT,17.8,2.09,-0.29,down
vol1,S1223.LFT,S1223,s1223,Y. Tinel,clean,clean,,,251900,MS00592.DAT,16.89,2.173,-0.29,down
vol1,S1223.LFT,S1223,s1223,Y. Tinel,clean,clean,,,251900,MS00592.DAT,15.89,2.199,-0.29,down
vol1,S1223.LFT,S1223,s1223,Y. Tinel,clean,clean,,,251900,MS00592.DAT,14.94,2.179,-0.29,down
vol1,S1223.LFT,S1223,s1223,Y. Tinel,clean,clean,,,251900,MS00592.DAT,13.89,2.134,-0.29,down
vol1,S1223.LFT,S1223,s1223,Y. Tinel,clean,clean,,,251900,MS00592.DAT,12.85,2.075,-0.29,down
vol1,S1223.LFT,S1223,s1223,Y. Tinel,clean,clean,,,251900,MS00592.DAT,11.66,2.0,-0.29,down
vol1,S1223.LFT,S1223,s1223,Y. Tinel,clean,clean,,,251900,MS00592.DAT,10.55,1.924,-0.29,down
vol1,S1223.LFT,S1223,s1223,Y. Tinel,clean,clean,,,251900,MS00592.DAT,9.69,1.867,-0.29,down
vol1,S1223.LFT,S1223,s1223,Y. Tinel,clean,clean,,,251900,MS00592.DAT,8.69,1.791,-0.29,down
vol1,S1223.LFT,S1223,s1223,Y. Tinel,clean,clean,,,251900,MS00592.DAT,7.72,1.719,-0.29,down
vol1,S1223.LFT,S1223,s1223,Y. Tinel,clean,clean,,,251900,MS00592.DAT,6.77,1.648,-0.29,down
vol1,S1223.LFT,S1223,s1223,Y. Tinel,clean,clean,,,251900,MS00592.DAT,5.76,1.569,-0.29,down
vol1,S1223.LFT,S1223,s1223,Y. Tinel,clean,clean,,,251900,MS00592.DAT,4.67,1.479,-0.29,down
vol1,S1223.LFT,S1223,s1223,Y. Tinel,clean,clean,,,251900,MS00592.DAT,3.68,1.4,-0.29,down
vol1,S1223.LFT,S1223,s1223,Y. Tinel,clean,clean,,,251900,MS00592.DAT,2.62,1.302,-0.29,down
vol1,S1223.LFT,S1223,s1223,Y. Tinel,clean,clean,,,251900,MS00592.DAT,1.63,1.207,-0.29,down
vol1,S1223.LFT,S1223,s1223,Y. Tinel,clean,clean,,,251900,MS00592.DAT,0.56,1.104,-0.29,down
vol1,S1223.LFT,S1223,s1223,Y. Tinel,clean,clean,,,251900,MS00592.DAT,-0.48,0.985,-0.29,down
vol1,S1223.LFT,S1223,s1223,Y. Tinel,clean,clean,,,251900,MS00592.DAT,-1.5,0.87,-0.29,down
vol1,S1223.LFT,S1223,s1223,Y. Tinel,clean,clean,,,251900,MS00592.DAT,-2.51,0.755,-0.29,down
vol1,S1223.LFT,S1223,s1223,Y. Tinel,clean,clean,,,251900,MS00592.DAT,-3.61,0.314,-0.29,down
vol1,S1223.LFT,S1223,s1223,Y. Tinel,clean,clean,,,251900,MS00592.DAT,-4.6,0.182,-0.29,down
vol1,S1223.LFT,S1223,s1223,Y. Tinel,clean,clean,,,251900,MS00592.DAT,-5.6,0.026,-0.29,down
vol1,S1223.LFT,S1223,s1223,Y. Tinel,clean,clean,,,251900,MS00592.DAT,-6.68,-0.069,-0.29,down
vol1,S1223.LFT,S1223,s1223,Y. Tinel,clean,clean,,,251900,MS00592.DAT,-7.7,-0.123,-0.29,down
vol1,S1223.LFT,S1223,s1223,Y. Tinel,clean,clean,,,251900,MS00592.DAT,-8.73,-0.168,-0.29,down
vol1,S1223.LFT,S1223,s1223,Y. Tinel,clean,clean,,,302200,JG00595.DAT,-8.83,-0.132,-0.29,up
vol1,S1223.LFT,S1223,s1223,Y. Tinel,clean,clean,,,302200,JG00595.DAT,-7.54,-0.065,-0.29,up
vol1,S1223.LFT,S1223,s1223,Y. Tinel,clean,clean,,,302200,JG00595.DAT,-6.6,-0.008,-0.29,up
vol1,S1223.LFT,S1223,s1223,Y. Tinel,clean,clean,,,302200,JG00595.DAT,-5.51,0.087,-0.29,up
vol1,S1223.LFT,S1223,s1223,Y. Tinel,clean,clean,,,302200,JG00595.DAT,-4.47,0.221,-0.29,up
vol1,S1223.LFT,S1223,s1223,Y. Tinel,clean,clean,,,302200,JG00595.DAT,-3.49,0.389,-0.29,up
vol1,S1223.LFT,S1223,s1223,Y. Tinel,clean,clean,,,302200,JG00595.DAT,-2.66,0.753,-0.29,up
vol1,S1223.LFT,S1223,s1223,Y. Tinel,clean,clean,,,302200,JG00595.DAT,-1.6,0.896,-0.29,up
vol1,S1223.LFT,S1223,s1223,Y. Tinel,clean,clean,,,302200,JG00595.DAT,-0.53,1.016,-0.29,up
vol1,S1223.LFT,S1223,s1223,Y. Tinel,clean,clean,,,302200,JG00595.DAT,0.49,1.129,-0.29,up
vol1,S1223.LFT,S1223,s1223,Y. Tinel,clean,clean,,,302200,JG00595.DAT,1.5,1.227,-0.29,up
vol1,S1223.LFT,S1223,s1223,Y. Tinel,clean,clean,,,302200,JG00595.DAT,2.54,1.327,-0.29,up
vol1,S1223.LFT,S1223,s1223,Y. Tinel,clean,clean,,,302200,JG00595.DAT,3.58,1.424,-0.29,up
vol1,S1223.LFT,S1223,s1223,Y. Tinel,clean,clean,,,302200,JG00595.DAT,4.57,1.506,-0.29,up
vol1,S1223.LFT,S1223,s1223,Y. Tinel,clean,clean,,,302200,JG00595.DAT,5.62,1.588,-0.29,up
vol1,S1223.LFT,S1223,s1223,Y. Tinel,clean,clean,,,302200,JG00595.DAT,6.63,1.672,-0.29,up
vol1,S1223.LFT,S1223,s1223,Y. Tinel,clean,clean,,,302200,JG00595.DAT,7.65,1.748,-0.29,up
vol1,S1223.LFT,S1223,s1223,Y. Tinel,clean,clean,,,302200,JG00595.DAT,8.63,1.824,-0.29,up
vol1,S1223.LFT,S1223,s1223,Y. Tinel,clean,clean,,,302200,JG00595.DAT,9.67,1.9,-0.29,up
vol1,S1223.LFT,S1223,s1223,Y. Tinel,clean,clean,,,302200,JG00595.DAT,10.7,1.97,-0.29,up
vol1,S1223.LFT,S1223,s1223,Y. Tinel,clean,clean,,,302200,JG00595.DAT,11.71,2.034,-0.29,up
vol1,S1223.LFT,S1223,s1223,Y. Tinel,clean,clean,,,302200,JG00595.DAT,12.77,2.099,-0.29,up
vol1,S1223.LFT,S1223,s1223,Y. Tinel,clean,clean,,,302200,JG00595.DAT,13.79,2.152,-0.29,up
vol1,S1223.LFT,S1223,s1223,Y. Tinel,clean,clean,,,302200,JG00595.DAT,15.1,2.199,-0.29,up
vol1,S1223.LFT,S1223,s1223,Y. Tinel,clean,clean,,,302200,JG00595.DAT,16.24,2.21,-0.29,up
vol1,S1223.LFT,S1223,s1223,Y. Tinel,clean,clean,,,302200,JG00595.DAT,17.12,2.155,-0.29,up
vol1,S1223.LFT,S1223,s1223,Y. Tinel,clean,clean,,,302200,JG00595.DAT,18.2,2.043,-0.29,up
vol1,S1223.LFT,S1223,s1223,Y. Tinel,clean,clean,,,302200,JG00595.DAT,18.89,2.012,-0.29,up
vol1,S1223.LFT,S1223,s1223,Y. Tinel,clean,clean,,,302200,JG00595.DAT,19.85,1.964,-0.29,up
vol1,S1223.LFT,S1223,s1223,Y. Tinel,clean,clean,,,302200,JG00595.DAT,20.84,1.948,-0.29,up
vol1,S1223.LFT,S1223,s1223,Y. Tinel,clean,clean,,,302200,JG00595.DAT,21.73,1.904,-0.29,up
vol1,S1223.LFT,S1223,s1223,Y. Tinel,clean,clean,,,302200,JG00595.DAT,22.67,1.905,-0.29,up
vol1,S1223.LFT,S1223,s1223,Y. Tinel,clean,clean,,,302200,JG00595.DAT,23.72,1.921,-0.29,up
vol1,S1223.LFT,S1223,s1223,Y. Tinel,clean,clean,,,302200,JG00595.DAT,22.54,1.895,-0.29,down
vol1,S1223.LFT,S1223,s1223,Y. Tinel,clean,clean,,,302200,JG00595.DAT,21.45,1.923,-0.29,down
vol1,S1223.LFT,S1223,s1223,Y. Tinel,clean,clean,,,302200,JG00595.DAT,20.49,1.951,-0.29,down
vol1,S1223.LFT,S1223,s1223,Y. Tinel,clean,clean,,,302200,JG00595.DAT,19.37,1.966,-0.29,down
vol1,S1223.LFT,S1223,s1223,Y. Tinel,clean,clean,,,302200,JG00595.DAT,18.27,2.034,-0.29,down
vol1,S1223.LFT,S1223,s1223,Y. Tinel,clean,clean,,,302200,JG00595.DAT,17.59,2.086,-0.29,down
vol1,S1223.LFT,S1223,s1223,Y. Tinel,clean,clean,,,302200,JG00595.DAT,16.69,2.183,-0.29,down
vol1,S1223.LFT,S1223,s1223,Y. Tinel,clean,clean,,,302200,JG00595.DAT,15.62,2.212,-0.29,down
vol1,S1223.LFT,S1223,s1223,Y. Tinel,clean,clean,,,302200,JG00595.DAT,14.6,2.196,-0.29,down
vol1,S1223.LFT,S1223,s1223,Y. Tinel,clean,clean,,,302200,JG00595.DAT,13.4,2.138,-0.29,down
vol1,S1223.LFT,S1223,s1223,Y. Tinel,clean,clean,,,302200,JG00595.DAT,12.33,2.074,-0.29,down
vol1,S1223.LFT,S1223,s1223,Y. Tinel,clean,clean,,,302200,JG00595.DAT,11.4,2.011,-0.29,down
vol1,S1223.LFT,S1223,s1223,Y. Tinel,clean,clean,,,302200,JG00595.DAT,10.5,1.949,-0.29,down
vol1,S1223.LFT,S1223,s1223,Y. Tinel,clean,clean,,,302200,JG00595.DAT,9.67,1.888,-0.29,down
vol1,S1223.LFT,S1223,s1223,Y. Tinel,clean,clean,,,302200,JG00595.DAT,8.58,1.808,-0.29,down
vol1,S1223.LFT,S1223,s1223,Y. Tinel,clean,clean,,,302200,JG00595.DAT,7.61,1.731,-0.29,down
vol1,S1223.LFT,S1223,s1223,Y. Tinel,clean,clean,,,302200,JG00595.DAT,6.67,1.658,-0.29,down
vol1,S1223.LFT,S1223,s1223,Y. Tinel,clean,clean,,,302200,JG00595.DAT,5.62,1.573,-0.29,down
vol1,S1223.LFT,S1223,s1223,Y. Tinel,clean,clean,,,302200,JG00595.DAT,4.56,1.485,-0.29,down
vol1,S1223.LFT,S1223,s1223,Y. Tinel,clean,clean,,,302200,JG00595.DAT,3.58,1.403,-0.29,down
vol1,S1223.LFT,S1223,s1223,Y. Tinel,clean,clean,,,302200,JG00595.DAT,2.56,1.307,-0.29,down
vol1,S1223.LFT,S1223,s1223,Y. Tinel,clean,clean,,,302200,JG00595.DAT,1.55,1.208,-0.29,down
vol1,S1223.LFT,S1223,s1223,Y. Tinel,clean,clean,,,302200,JG00595.DAT,0.51,1.109,-0.29,down
vol1,S1223.LFT,S1223,s1223,Y. Tinel,clean,clean,,,302200,JG00595.DAT,-0.52,0.988,-0.29,down
vol1,S1223.LFT,S1223,s1223,Y. Tinel,clean,clean,,,302200,JG00595.DAT,-1.52,0.873,-0.29,down
vol1,S1223.LFT,S1223,s1223,Y. Tinel,clean,clean,,,302200,JG00595.DAT,-2.56,0.715,-0.29,down
vol1,S1223.LFT,S1223,s1223,Y. Tinel,clean,clean,,,302200,JG00595.DAT,-3.75,0.308,-0.29,down
vol1,S1223.LFT,S1223,s1223,Y. Tinel,clean,clean,,,302200,JG00595.DAT,-4.99,0.123,-0.29,down
vol1,S1223.LFT,S1223,s1223,Y. Tinel,clean,clean,,,302200,JG00595.DAT,-5.88,0.026,-0.29,down
vol1,S1223.LFT,S1223,s1223,Y. Tinel,clean,clean,,,302200,JG00595.DAT,-6.84,-0.029,-0.29,down
vol1,S1223.LFT,S1223,s1223,Y. Tinel,clean,clean,,,302200,JG00595.DAT,-7.74,-0.088,-0.29,down
vol1,S1223.LFT,S1223,s1223,Y. Tinel,clean,clean,,,302200,JG00595.DAT,-8.81,-0.134,-0.29,down
vol1,S6062.LFT,S6062,s6062,B. Matheson,clean,clean,,,101900,AB00141.DAT,-5.76,-0.348,-0.04,up
vol1,S6062.LFT,S6062,s6062,B. Matheson,clean,clean,,,101900,AB00141.DAT,-3.98,-0.199,-0.04,up
vol1,S6062.LFT,S6062,s6062,B. Matheson,clean,clean,,,101900,AB00141.DAT,-2.27,-0.055,-0.04,up
vol1,S6062.LFT,S6062,s6062,B. Matheson,clean,clean,,,101900,AB00141.DAT,-0.6,0.091,-0.04,up
vol1,S6062.LFT,S6062,s6062,B. Matheson,clean,clean,,,101900,AB00141.DAT,0.68,0.232,-0.04,up
vol1,S6062.LFT,S6062,s6062,B. Matheson,clean,clean,,,101900,AB00141.DAT,2.4,0.509,-0.04,up
vol1,S6062.LFT,S6062,s6062,B. Matheson,clean,clean,,,101900,AB00141.DAT,3.55,0.62,-0.04,up
vol1,S6062.LFT,S6062,s6062,B. Matheson,clean,clean,,,101900,AB00141.DAT,5.33,0.769,-0.04,up
vol1,S6062.LFT,S6062,s6062,B. Matheson,clean,clean,,,101900,AB00141.DAT,7.05,0.877,-0.04,up
vol1,S6062.LFT,S6062,s6062,B. Matheson,clean,clean,,,101900,AB00141.DAT,8.25,0.95,-0.04,up
vol1,S6062.LFT,S6062,s6062,B. Matheson,clean,clean,,,101900,AB00141.DAT,9.82,1.024,-0.04,up
vol1,S6062.LFT,S6062,s6062,B. Matheson,clean,clean,,,101900,AB00141.DAT,11.54,1.038,-0.04,up
vol1,S6062.LFT,S6062,s6062,B. Matheson,clean,clean,,,101900,AB00141.DAT,12.67,1.0,-0.04,up
vol1,S6062.LFT,S6062,s6062,B. Matheson,clean,clean,,,101900,AB00141.DAT,14.37,0.952,-0.04,up
vol1,S6062.LFT,S6062,s6062,B. Matheson,clean,clean,,,101900,AB00141.DAT,16.08,0.946,-0.04,up
vol1,S6062.LFT,S6062,s6062,B. Matheson,clean,clean,,,101900,AB00141.DAT,17.32,0.943,-0.04,up
vol1,S6062.LFT,S6062,s6062,B. Matheson,clean,clean,,,101900,AB00141.DAT,19.04,0.956,-0.04,up
vol1,S6062.LFT,S6062,s6062,B. Matheson,clean,clean,,,101900,AB00141.DAT,16.86,0.939,-0.04,down
vol1,S6062.LFT,S6062,s6062,B. Matheson,clean,clean,,,101900,AB00141.DAT,15.27,0.943,-0.04,down
vol1,S6062.LFT,S6062,s6062,B. Matheson,clean,clean,,,101900,AB00141.DAT,13.65,0.966,-0.04,down
vol1,S6062.LFT,S6062,s6062,B. Matheson,clean,clean,,,101900,AB00141.DAT,12.21,1.023,-0.04,down
vol1,S6062.LFT,S6062,s6062,B. Matheson,clean,clean,,,101900,AB00141.DAT,10.78,1.028,-0.04,down
vol1,S6062.LFT,S6062,s6062,B. Matheson,clean,clean,,,101900,AB00141.DAT,9.4,1.007,-0.04,down
vol1,S6062.LFT,S6062,s6062,B. Matheson,clean,clean,,,101900,AB00141.DAT,7.8,0.909,-0.04,down
vol1,S6062.LFT,S6062,s6062,B. Matheson,clean,clean,,,101900,AB00141.DAT,6.4,0.813,-0.04,down
vol1,S6062.LFT,S6062,s6062,B. Matheson,clean,clean,,,101900,AB00141.DAT,4.79,0.71,-0.04,down
vol1,S6062.LFT,S6062,s6062,B. Matheson,clean,clean,,,101900,AB00141.DAT,3.26,0.575,-0.04,down
vol1,S6062.LFT,S6062,s6062,B. Matheson,clean,clean,,,101900,AB00141.DAT,1.62,0.378,-0.04,down
vol1,S6062.LFT,S6062,s6062,B. Matheson,clean,clean,,,101900,AB00141.DAT,0.12,0.152,-0.04,down
vol1,S6062.LFT,S6062,s6062,B. Matheson,clean,clean,,,101900,AB00141.DAT,-1.39,-0.014,-0.04,down
vol1,S6062.LFT,S6062,s6062,B. Matheson,clean,clean,,,101900,AB00141.DAT,-2.88,-0.113,-0.04,down
vol1,S6062.LFT,S6062,s6062,B. Matheson,clean,clean,,,101900,AB00141.DAT,-4.34,-0.237,-0.04,down
vol1,S6062.LFT,S6062,s6062,B. Matheson,clean,clean,,,101900,AB00141.DAT,-5.91,-0.366,-0.04,down
vol1,S6062.LFT,S6062,s6062,B. Matheson,clean,clean,,,203100,AB00139.DAT,-6.86,-0.454,-0.04,up
vol1,S6062.LFT,S6062,s6062,B. Matheson,clean,clean,,,203100,AB00139.DAT,-2.8,-0.079,-0.04,up
vol1,S6062.LFT,S6062,s6062,B. Matheson,clean,clean,,,203100,AB00139.DAT,-2.64,-0.067,-0.04,up
vol1,S6062.LFT,S6062,s6062,B. Matheson,clean,clean,,,203100,AB00139.DAT,-0.74,0.149,-0.04,up
vol1,S6062.LFT,S6062,s6062,B. Matheson,clean,clean,,,203100,AB00139.DAT,0.5,0.3,-0.04,up
vol1,S6062.LFT,S6062,s6062,B. Matheson,clean,clean,,,203100,AB00139.DAT,2.41,0.506,-0.04,up
vol1,S6062.LFT,S6062,s6062,B. Matheson,clean,clean,,,203100,AB00139.DAT,3.65,0.633,-0.04,up
vol1,S6062.LFT,S6062,s6062,B. Matheson,clean,clean,,,203100,AB00139.DAT,5.5,0.776,-0.04,up
vol1,S6062.LFT,S6062,s6062,B. Matheson,clean,clean,,,203100,AB00139.DAT,6.75,0.868,-0.04,up
vol1,S6062.LFT,S6062,s6062,B. Matheson,clean,clean,,,203100,AB00139.DAT,8.59,0.988,-0.04,up
vol1,S6062.LFT,S6062,s6062,B. Matheson,clean,clean,,,203100,AB00139.DAT,9.69,1.058,-0.04,up
vol1,S6062.LFT,S6062,s6062,B. Matheson,clean,clean,,,203100,AB00139.DAT,11.33,1.105,-0.04,up
vol1,S6062.LFT,S6062,s6062,B. Matheson,clean,clean,,,203100,AB00139.DAT,12.85,1.093,-0.04,up
vol1,S6062.LFT,S6062,s6062,B. Matheson,clean,clean,,,203100,AB00139.DAT,14.52,1.076,-0.04,up
vol1,S6062.LFT,S6062,s6062,B. Matheson,clean,clean,,,203100,AB00139.DAT,16.03,1.049,-0.04,up
vol1,S6062.LFT,S6062,s6062,B. Matheson,clean,clean,,,203100,AB00139.DAT,17.49,1.044,-0.04,up
vol1,S6062.LFT,S6062,s6062,B. Matheson,clean,clean,,,203100,AB00139.DAT,18.6,0.939,-0.04,up
vol1,S6062.LFT,S6062,s6062,B. Matheson,clean,clean,,,203100,AB00139.DAT,16.85,1.004,-0.04,down
vol1,S6062.LFT,S6062,s6062,B. Matheson,clean,clean,,,203100,AB00139.DAT,14.9,1.047,-0.04,down
vol1,S6062.LFT,S6062,s6062,B. Matheson,clean,clean,,,203100,AB00139.DAT,13.75,1.094,-0.04,down
vol1,S6062.LFT,S6062,s6062,B. Matheson,clean,clean,,,203100,AB00139.DAT,11.98,1.097,-0.04,down
vol1,S6062.LFT,S6062,s6062,B. Matheson,clean,clean,,,203100,AB00139.DAT,10.97,1.09,-0.04,down
vol1,S6062.LFT,S6062,s6062,B. Matheson,clean,clean,,,203100,AB00139.DAT,9.46,1.041,-0.04,down
vol1,S6062.LFT,S6062,s6062,B. Matheson,clean,clean,,,203100,AB00139.DAT,7.98,0.941,-0.04,down
vol1,S6062.LFT,S6062,s6062,B. Matheson,clean,clean,,,203100,AB00139.DAT,6.43,0.835,-0.04,down
vol1,S6062.LFT,S6062,s6062,B. Matheson,clean,clean,,,203100,AB00139.DAT,4.73,0.718,-0.04,down
vol1,S6062.LFT,S6062,s6062,B. Matheson,clean,clean,,,203100,AB00139.DAT,3.07,0.569,-0.04,down
vol1,S6062.LFT,S6062,s6062,B. Matheson,clean,clean,,,203100,AB00139.DAT,1.9,0.445,-0.04,down
vol1,S6062.LFT,S6062,s6062,B. Matheson,clean,clean,,,203100,AB00139.DAT,0.08,0.243,-0.04,down
vol1,S6062.LFT,S6062,s6062,B. Matheson,clean,clean,,,203100,AB00139.DAT,-1.13,0.093,-0.04,down
vol1,S6062.LFT,S6062,s6062,B. Matheson,clean,clean,,,203100,AB00139.DAT,-3.0,-0.11,-0.04,down
vol1,S6062.LFT,S6062,s6062,B. Matheson,clean,clean,,,203100,AB00139.DAT,-4.21,-0.219,-0.04,down
vol1,S6062.LFT,S6062,s6062,B. Matheson,clean,clean,,,203100,AB00139.DAT,-6.18,-0.388,-0.04,down
vol1,S6062.LFT,S6062,s6062,B. Matheson,clean,clean,,,304000,AB00137.DAT,-5.67,-0.336,-0.04,up
vol1,S6062.LFT,S6062,s6062,B. Matheson,clean,clean,,,304000,AB00137.DAT,-4.01,-0.189,-0.04,up
vol1,S6062.LFT,S6062,s6062,B. Matheson,clean,clean,,,304000,AB00137.DAT,-2.62,-0.037,-0.04,up
vol1,S6062.LFT,S6062,s6062,B. Matheson,clean,clean,,,304000,AB00137.DAT,-0.86,0.171,-0.04,up
vol1,S6062.LFT,S6062,s6062,B. Matheson,clean,clean,,,304000,AB00137.DAT,0.64,0.322,-0.04,up
vol1,S6062.LFT,S6062,s6062,B. Matheson,clean,clean,,,304000,AB00137.DAT,2.48,0.511,-0.04,up
vol1,S6062.LFT,S6062,s6062,B. Matheson,clean,clean,,,304000,AB00137.DAT,3.78,0.638,-0.04,up
vol1,S6062.LFT,S6062,s6062,B. Matheson,clean,clean,,,304000,AB00137.DAT,5.76,0.792,-0.04,up
vol1,S6062.LFT,S6062,s6062,B. Matheson,clean,clean,,,304000,AB00137.DAT,7.12,0.896,-0.04,up
vol1,S6062.LFT,S6062,s6062,B. Matheson,clean,clean,,,304000,AB00137.DAT,8.55,0.998,-0.04,up
vol1,S6062.LFT,S6062,s6062,B. Matheson,clean,clean,,,304000,AB00137.DAT,9.99,1.081,-0.04,up
vol1,S6062.LFT,S6062,s6062,B. Matheson,clean,clean,,,304000,AB00137.DAT,11.28,1.105,-0.04,up
vol1,S6062.LFT,S6062,s6062,B. Matheson,clean,clean,,,304000,AB00137.DAT,12.7,1.126,-0.04,up
vol1,S6062.LFT,S6062,s6062,B. Matheson,clean,clean,,,304000,AB00137.DAT,13.85,1.097,-0.04,up
vol1,S6062.LFT,S6062,s6062,B. Matheson,clean,clean,,,304000,AB00137.DAT,15.48,1.053,-0.04,up
vol1,S6062.LFT,S6062,s6062,B. Matheson,clean,clean,,,304000,AB00137.DAT,17.07,1.066,-0.04,up
vol1,S6062.LFT,S6062,s6062,B. Matheson,clean,clean,,,304000,AB00137.DAT,18.46,1.074,-0.04,up
vol1,S6062.LFT,S6062,s6062,B. Matheson,clean,clean,,,304000,AB00137.DAT,16.91,1.068,-0.04,down
vol1,S6062.LFT,S6062,s6062,B. Matheson,clean,clean,,,304000,AB00137.DAT,15.58,1.058,-0.04,down
vol1,S6062.LFT,S6062,s6062,B. Matheson,clean,clean,,,304000,AB00137.DAT,13.76,1.112,-0.04,down
vol1,S6062.LFT,S6062,s6062,B. Matheson,clean,clean,,,304000,AB00137.DAT,12.67,1.109,-0.04,down
vol1,S6062.LFT,S6062,s6062,B. Matheson,clean,clean,,,304000,AB00137.DAT,10.84,1.096,-0.04,down
vol1,S6062.LFT,S6062,s6062,B. Matheson,clean,clean,,,304000,AB00137.DAT,9.5,1.056,-0.04,down
vol1,S6062.LFT,S6062,s6062,B. Matheson,clean,clean,,,304000,AB00137.DAT,8.04,0.958,-0.04,down
vol1,S6062.LFT,S6062,s6062,B. Matheson,clean,clean,,,304000,AB00137.DAT,6.48,0.848,-0.04,down
vol1,S6062.LFT,S6062,s6062,B. Matheson,clean,clean,,,304000,AB00137.DAT,4.7,0.703,-0.04,down
vol1,S6062.LFT,S6062,s6062,B. Matheson,clean,clean,,,304000,AB00137.DAT,3.19,0.575,-0.04,down
vol1,S6062.LFT,S6062,s6062,B. Matheson,clean,clean,,,304000,AB00137.DAT,1.26,0.378,-0.04,down
vol1,S6062.LFT,S6062,s6062,B. Matheson,clean,clean,,,304000,AB00137.DAT,0.03,0.253,-0.04,down
vol1,S6062.LFT,S6062,s6062,B. Matheson,clean,clean,,,304000,AB00137.DAT,-1.57,0.083,-0.04,down
vol1,S6062.LFT,S6062,s6062,B. Matheson,clean,clean,,,304000,AB00137.DAT,-2.71,-0.056,-0.04,down
vol1,S6062.LFT,S6062,s6062,B. Matheson,clean,clean,,,304000,AB00137.DAT,-4.51,-0.245,-0.04,down
vol1,S6062.LFT,S6062,s6062,B. Matheson,clean,clean,,,304000,AB00137.DAT,-5.81,-0.357,-0.04,down
vol1,S7012B.LFT,S7012 (B),s7012,M. Lachowski,clean,clean,,,61100,AB00093.DAT,-5.84,-0.411,-0.04,up
vol1,S7012B.LFT,S7012 (B),s7012,M. Lachowski,clean,clean,,,61100,AB00093.DAT,-4.31,-0.292,-0.04,up
vol1,S7012B.LFT,S7012 (B),s7012,M. Lachowski,clean,clean,,,61100,AB00093.DAT,-2.74,-0.151,-0.04,up
vol1,S7012B.LFT,S7012 (B),s7012,M. Lachowski,clean,clean,,,61100,AB00093.DAT,-1.25,-0.043,-0.04,up
vol1,S7012B.LFT,S7012 (B),s7012,M. Lachowski,clean,clean,,,61100,AB00093.DAT,0.14,0.114,-0.04,up
vol1,S7012B.LFT,S7012 (B),s7012,M. Lachowski,clean,clean,,,61100,AB00093.DAT,1.74,0.376,-0.04,up
vol1,S7012B.LFT,S7012 (B),s7012,M. Lachowski,clean,clean,,,61100,AB00093.DAT,3.49,0.561,-0.04,up
vol1,S7012B.LFT,S7012 (B),s7012,M. Lachowski,clean,clean,,,61100,AB00093.DAT,4.86,0.684,-0.04,up
vol1,S7012B.LFT,S7012 (B),s7012,M. Lachowski,clean,clean,,,61100,AB00093.DAT,6.37,0.813,-0.04,up
vol1,S7012B.LFT,S7012 (B),s7012,M. Lachowski,clean,clean,,,61100,AB00093.DAT,7.89,0.942,-0.04,up
vol1,S7012B.LFT,S7012 (B),s7012,M. Lachowski,clean,clean,,,61100,AB00093.DAT,9.55,1.034,-0.04,up
vol1,S7012B.LFT,S7012 (B),s7012,M. Lachowski,clean,clean,,,61100,AB00093.DAT,10.98,1.084,-0.04,up
vol1,S7012B.LFT,S7012 (B),s7012,M. Lachowski,clean,clean,,,61100,AB00093.DAT,12.6,1.097,-0.04,up
vol1,S7012B.LFT,S7012 (B),s7012,M. Lachowski,clean,clean,,,61100,AB00093.DAT,13.84,1.036,-0.04,up
vol1,S7012B.LFT,S7012 (B),s7012,M. Lachowski,clean,clean,,,61100,AB00093.DAT,15.53,0.99,-0.04,up
vol1,S7012B.LFT,S7012 (B),s7012,M. Lachowski,clean,clean,,,61100,AB00093.DAT,16.91,0.953,-0.04,up
vol1,S7012B.LFT,S7012 (B),s7012,M. Lachowski,clean,clean,,,61100,AB00093.DAT,18.44,0.997,-0.04,up
vol1,S7012B.LFT,S7012 (B),s7012,M. Lachowski,clean,clean,,,61100,AB00093.DAT,17.05,0.994,-0.04,down
vol1,S7012B.LFT,S7012 (B),s7012,M. Lachowski,clean,clean,,,61100,AB00093.DAT,15.6,0.997,-0.04,down
vol1,S7012B.LFT,S7012 (B),s7012,M. Lachowski,clean,clean,,,61100,AB00093.DAT,14.1,1.032,-0.04,down
vol1,S7012B.LFT,S7012 (B),s7012,M. Lachowski,clean,clean,,,61100,AB00093.DAT,12.66,1.096,-0.04,down
vol1,S7012B.LFT,S7012 (B),s7012,M. Lachowski,clean,clean,,,61100,AB00093.DAT,11.06,1.089,-0.04,down
vol1,S7012B.LFT,S7012 (B),s7012,M. Lachowski,clean,clean,,,61100,AB00093.DAT,9.64,1.047,-0.04,down
vol1,S7012B.LFT,S7012 (B),s7012,M. Lachowski,clean,clean,,,61100,AB00093.DAT,8.01,0.953,-0.04,down
vol1,S7012B.LFT,S7012 (B),s7012,M. Lachowski,clean,clean,,,61100,AB00093.DAT,6.6,0.841,-0.04,down
vol1,S7012B.LFT,S7012 (B),s7012,M. Lachowski,clean,clean,,,61100,AB00093.DAT,4.99,0.698,-0.04,down
vol1,S7012B.LFT,S7012 (B),s7012,M. Lachowski,clean,clean,,,61100,AB00093.DAT,3.54,0.57,-0.04,down
vol1,S7012B.LFT,S7012 (B),s7012,M. Lachowski,clean,clean,,,61100,AB00093.DAT,1.88,0.404,-0.04,down
vol1,S7012B.LFT,S7012 (B),s7012,M. Lachowski,clean,clean,,,61100,AB00093.DAT,0.35,0.142,-0.04,down
vol1,S7012B.LFT,S7012 (B),s7012,M. Lachowski,clean,clean,,,61100,AB00093.DAT,-1.25,-0.043,-0.04,down
vol1,S7012B.LFT,S7012 (B),s7012,M. Lachowski,clean,clean,,,61100,AB00093.DAT,-2.61,-0.132,-0.04,down
vol1,S7012B.LFT,S7012 (B),s7012,M. Lachowski,clean,clean,,,61100,AB00093.DAT,-4.2,-0.276,-0.04,down
vol1,S7012B.LFT,S7012 (B),s7012,M. Lachowski,clean,clean,,,61100,AB00093.DAT,-5.84,-0.41,-0.04,down
vol1,S7012B.LFT,S7012 (B),s7012,M. Lachowski,clean,clean,,,102000,AB00091.DAT,-5.88,-0.459,-0.04,up
vol1,S7012B.LFT,S7012 (B),s7012,M. Lachowski,clean,clean,,,102000,AB00091.DAT,-4.4,-0.329,-0.04,up
vol1,S7012B.LFT,S7012 (B),s7012,M. Lachowski,clean,clean,,,102000,AB00091.DAT,-2.88,-0.192,-0.04,up
vol1,S7012B.LFT,S7012 (B),s7012,M. Lachowski,clean,clean,,,102000,AB00091.DAT,-1.3,-0.057,-0.04,up
vol1,S7012B.LFT,S7012 (B),s7012,M. Lachowski,clean,clean,,,102000,AB00091.DAT,0.27,0.177,-0.04,up
vol1,S7012B.LFT,S7012 (B),s7012,M. Lachowski,clean,clean,,,102000,AB00091.DAT,1.79,0.355,-0.04,up
vol1,S7012B.LFT,S7012 (B),s7012,M. Lachowski,clean,clean,,,102000,AB00091.DAT,3.32,0.504,-0.04,up
vol1,S7012B.LFT,S7012 (B),s7012,M. Lachowski,clean,clean,,,102000,AB00091.DAT,4.8,0.651,-0.04,up
vol1,S7012B.LFT,S7012 (B),s7012,M. Lachowski,clean,clean,,,102000,AB00091.DAT,6.42,0.813,-0.04,up
vol1,S7012B.LFT,S7012 (B),s7012,M. Lachowski,clean,clean,,,102000,AB00091.DAT,7.97,0.939,-0.04,up
vol1,S7012B.LFT,S7012 (B),s7012,M. Lachowski,clean,clean,,,102000,AB00091.DAT,9.54,1.03,-0.04,up
vol1,S7012B.LFT,S7012 (B),s7012,M. Lachowski,clean,clean,,,102000,AB00091.DAT,10.99,1.078,-0.04,up
vol1,S7012B.LFT,S7012 (B),s7012,M. Lachowski,clean,clean,,,102000,AB00091.DAT,12.54,1.051,-0.04,up
vol1,S7012B.LFT,S7012 (B),s7012,M. Lachowski,clean,clean,,,102000,AB00091.DAT,13.86,0.973,-0.04,up
vol1,S7012B.LFT,S7012 (B),s7012,M. Lachowski,clean,clean,,,102000,AB00091.DAT,15.46,0.948,-0.04,up
vol1,S7012B.LFT,S7012 (B),s7012,M. Lachowski,clean,clean,,,102000,AB00091.DAT,16.92,0.929,-0.04,up
vol1,S7012B.LFT,S7012 (B),s7012,M. Lachowski,clean,clean,,,102000,AB00091.DAT,18.47,0.929,-0.04,up
vol1,S7012B.LFT,S7012 (B),s7012,M. Lachowski,clean,clean,,,102000,AB00091.DAT,17.15,0.927,-0.04,down
vol1,S7012B.LFT,S7012 (B),s7012,M. Lachowski,clean,clean,,,102000,AB00091.DAT,15.57,0.928,-0.04,down
vol1,S7012B.LFT,S7012 (B),s7012,M. Lachowski,clean,clean,,,102000,AB00091.DAT,14.18,0.968,-0.04,down
vol1,S7012B.LFT,S7012 (B),s7012,M. Lachowski,clean,clean,,,102000,AB00091.DAT,12.53,1.017,-0.04,down
vol1,S7012B.LFT,S7012 (B),s7012,M. Lachowski,clean,clean,,,102000,AB00091.DAT,11.09,1.083,-0.04,down
vol1,S7012B.LFT,S7012 (B),s7012,M. Lachowski,clean,clean,,,102000,AB00091.DAT,9.66,1.031,-0.04,down
vol1,S7012B.LFT,S7012 (B),s7012,M. Lachowski,clean,clean,,,102000,AB00091.DAT,8.02,0.933,-0.04,down
vol1,S7012B.LFT,S7012 (B),s7012,M. Lachowski,clean,clean,,,102000,AB00091.DAT,6.55,0.82,-0.04,down
vol1,S7012B.LFT,S7012 (B),s7012,M. Lachowski,clean,clean,,,102000,AB00091.DAT,5.03,0.664,-0.04,down
vol1,S7012B.LFT,S7012 (B),s7012,M. Lachowski,clean,clean,,,102000,AB00091.DAT,3.53,0.517,-0.04,down
vol1,S7012B.LFT,S7012 (B),s7012,M. Lachowski,clean,clean,,,102000,AB00091.DAT,1.92,0.361,-0.04,down
vol1,S7012B.LFT,S7012 (B),s7012,M. Lachowski,clean,clean,,,102000,AB00091.DAT,0.44,0.198,-0.04,down
vol1,S7012B.LFT,S7012 (B),s7012,M. Lachowski,clean,clean,,,102000,AB00091.DAT,-1.13,-0.06,-0.04,down
vol1,S7012B.LFT,S7012 (B),s7012,M. Lachowski,clean,clean,,,102000,AB00091.DAT,-2.68,-0.174,-0.04,down
vol1,S7012B.LFT,S7012 (B),s7012,M. Lachowski,clean,clean,,,102000,AB00091.DAT,-4.31,-0.32,-0.04,down
vol1,S7012B.LFT,S7012 (B),s7012,M. Lachowski,clean,clean,,,102000,AB00091.DAT,-5.83,-0.456,-0.04,down
vol1,S7012B.LFT,S7012 (B),s7012,M. Lachowski,clean,clean,,,152600,PG00564.DAT,-5.94,-0.423,-0.04,up
vol1,S7012B.LFT,S7012 (B),s7012,M. Lachowski,clean,clean,,,152600,PG00564.DAT,-4.16,-0.258,-0.04,up
vol1,S7012B.LFT,S7012 (B),s7012,M. Lachowski,clean,clean,,,152600,PG00564.DAT,-2.6,-0.117,-0.04,up
vol1,S7012B.LFT,S7012 (B),s7012,M. Lachowski,clean,clean,,,152600,PG00564.DAT,-1.1,0.04,-0.04,up
vol1,S7012B.LFT,S7012 (B),s7012,M. Lachowski,clean,clean,,,152600,PG00564.DAT,0.51,0.233,-0.04,up
vol1,S7012B.LFT,S7012 (B),s7012,M. Lachowski,clean,clean,,,152600,PG00564.DAT,1.96,0.38,-0.04,up
vol1,S7012B.LFT,S7012 (B),s7012,M. Lachowski,clean,clean,,,152600,PG00564.DAT,3.43,0.537,-0.04,up
vol1,S7012B.LFT,S7012 (B),s7012,M. Lachowski,clean,clean,,,152600,PG00564.DAT,5.12,0.713,-0.04,up
vol1,S7012B.LFT,S7012 (B),s7012,M. Lachowski,clean,clean,,,152600,PG00564.DAT,6.67,0.862,-0.04,up
vol1,S7012B.LFT,S7012 (B),s7012,M. Lachowski,clean,clean,,,152600,PG00564.DAT,8.1,0.969,-0.04,up
vol1,S7012B.LFT,S7012 (B),s7012,M. Lachowski,clean,clean,,,152600,PG00564.DAT,9.67,1.06,-0.04,up
vol1,S7012B.LFT,S7012 (B),s7012,M. Lachowski,clean,clean,,,152600,PG00564.DAT,11.18,1.107,-0.04,up
vol1,S7012B.LFT,S7012 (B),s7012,M. Lachowski,clean,clean,,,152600,PG00564.DAT,12.68,1.062,-0.04,up
vol1,S7012B.LFT,S7012 (B),s7012,M. Lachowski,clean,clean,,,152600,PG00564.DAT,14.31,0.996,-0.04,up
vol1,S7012B.LFT,S7012 (B),s7012,M. Lachowski,clean,clean,,,152600,PG00564.DAT,15.61,0.991,-0.04,up
vol1,S7012B.LFT,S7012 (B),s7012,M. Lachowski,clean,clean,,,152600,PG00564.DAT,17.11,0.99,-0.04,up
vol1,S7012B.LFT,S7012 (B),s7012,M. Lachowski,clean,clean,,,152600,PG00564.DAT,18.83,0.99,-0.04,up
vol1,S7012B.LFT,S7012 (B),s7012,M. Lachowski,clean,clean,,,152600,PG00564.DAT,16.73,0.981,-0.04,down
vol1,S7012B.LFT,S7012 (B),s7012,M. Lachowski,clean,clean,,,152600,PG00564.DAT,15.28,1.006,-0.04,down
vol1,S7012B.LFT,S7012 (B),s7012,M. Lachowski,clean,clean,,,152600,PG00564.DAT,13.89,0.997,-0.04,down
vol1,S7012B.LFT,S7012 (B),s7012,M. Lachowski,clean,clean,,,152600,PG00564.DAT,12.35,1.081,-0.04,down
vol1,S7012B.LFT,S7012 (B),s7012,M. Lachowski,clean,clean,,,152600,PG00564.DAT,10.98,1.099,-0.04,down
vol1,S7012B.LFT,S7012 (B),s7012,M. Lachowski,clean,clean,,,152600,PG00564.DAT,9.49,1.045,-0.04,down
vol1,S7012B.LFT,S7012 (B),s7012,M. Lachowski,clean,clean,,,152600,PG00564.DAT,7.92,0.95,-0.04,down
vol1,S7012B.LFT,S7012 (B),s7012,M. Lachowski,clean,clean,,,152600,PG00564.DAT,6.29,0.82,-0.04,down
vol1,S7012B.LFT,S7012 (B),s7012,M. Lachowski,clean,clean,,,152600,PG00564.DAT,4.91,0.681,-0.04,down
vol1,S7012B.LFT,S7012 (B),s7012,M. Lachowski,clean,clean,,,152600,PG00564.DAT,3.34,0.515,-0.04,down
vol1,S7012B.LFT,S7012 (B),s7012,M. Lachowski,clean,clean,,,152600,PG00564.DAT,1.83,0.357,-0.04,down
vol1,S7012B.LFT,S7012 (B),s7012,M. Lachowski,clean,clean,,,152600,PG00564.DAT,0.12,0.183,-0.04,down
vol1,S7012B.LFT,S7012 (B),s7012,M. Lachowski,clean,clean,,,152600,PG00564.DAT,-1.26,0.004,-0.04,down
vol1,S7012B.LFT,S7012 (B),s7012,M. Lachowski,clean,clean,,,152600,PG00564.DAT,-2.9,-0.152,-0.04,down
vol1,S7012B.LFT,S7012 (B),s7012,M. Lachowski,clean,clean,,,152600,PG00564.DAT,-4.3,-0.278,-0.04,down
vol1,S7012B.LFT,S7012 (B),s7012,M. Lachowski,clean,clean,,,152600,PG00564.DAT,-6.09,-0.436,-0.04,down
vol1,S7012B.LFT,S7012 (B),s7012,M. Lachowski,clean,clean,,,203200,AB00089.DAT,-5.9,-0.43,-0.04,up
vol1,S7012B.LFT,S7012 (B),s7012,M. Lachowski,clean,clean,,,203200,AB00089.DAT,-4.4,-0.292,-0.04,up
vol1,S7012B.LFT,S7012 (B),s7012,M. Lachowski,clean,clean,,,203200,AB00089.DAT,-2.83,-0.146,-0.04,up
vol1,S7012B.LFT,S7012 (B),s7012,M. Lachowski,clean,clean,,,203200,AB00089.DAT,-1.35,0.015,-0.04,up
vol1,S7012B.LFT,S7012 (B),s7012,M. Lachowski,clean,clean,,,203200,AB00089.DAT,0.16,0.169,-0.04,up
vol1,S7012B.LFT,S7012 (B),s7012,M. Lachowski,clean,clean,,,203200,AB00089.DAT,1.76,0.341,-0.04,up
vol1,S7012B.LFT,S7012 (B),s7012,M. Lachowski,clean,clean,,,203200,AB00089.DAT,3.34,0.51,-0.04,up
vol1,S7012B.LFT,S7012 (B),s7012,M. Lachowski,clean,clean,,,203200,AB00089.DAT,4.8,0.663,-0.04,up
vol1,S7012B.LFT,S7012 (B),s7012,M. Lachowski,clean,clean,,,203200,AB00089.DAT,6.45,0.826,-0.04,up
vol1,S7012B.LFT,S7012 (B),s7012,M. Lachowski,clean,clean,,,203200,AB00089.DAT,7.98,0.943,-0.04,up
vol1,S7012B.LFT,S7012 (B),s7012,M. Lachowski,clean,clean,,,203200,AB00089.DAT,9.51,1.038,-0.04,up
vol1,S7012B.LFT,S7012 (B),s7012,M. Lachowski,clean,clean,,,203200,AB00089.DAT,11.0,1.085,-0.04,up
vol1,S7012B.LFT,S7012 (B),s7012,M. Lachowski,clean,clean,,,203200,AB00089.DAT,12.51,1.074,-0.04,up
vol1,S7012B.LFT,S7012 (B),s7012,M. Lachowski,clean,clean,,,203200,AB00089.DAT,14.0,1.003,-0.04,up
vol1,S7012B.LFT,S7012 (B),s7012,M. Lachowski,clean,clean,,,203200,AB00089.DAT,15.34,0.991,-0.04,up
vol1,S7012B.LFT,S7012 (B),s7012,M. Lachowski,clean,clean,,,203200,AB00089.DAT,16.89,0.929,-0.04,up
vol1,S7012B.LFT,S7012 (B),s7012,M. Lachowski,clean,clean,,,203200,AB00089.DAT,18.27,0.917,-0.04,up
vol1,S7012B.LFT,S7012 (B),s7012,M. Lachowski,clean,clean,,,203200,AB00089.DAT,16.75,0.932,-0.04,down
vol1,S7012B.LFT,S7012 (B),s7012,M. Lachowski,clean,clean,,,203200,AB00089.DAT,15.5,0.955,-0.04,down
vol1,S7012B.LFT,S7012 (B),s7012,M. Lachowski,clean,clean,,,203200,AB00089.DAT,13.93,1.001,-0.04,down
vol1,S7012B.LFT,S7012 (B),s7012,M. Lachowski,clean,clean,,,203200,AB00089.DAT,12.51,1.09,-0.04,down
vol1,S7012B.LFT,S7012 (B),s7012,M. Lachowski,clean,clean,,,203200,AB00089.DAT,11.14,1.089,-0.04,down
vol1,S7012B.LFT,S7012 (B),s7012,M. Lachowski,clean,clean,,,203200,AB00089.DAT,9.52,1.036,-0.04,down
vol1,S7012B.LFT,S7012 (B),s7012,M. Lachowski,clean,clean,,,203200,AB00089.DAT,8.02,0.944,-0.04,down
vol1,S7012B.LFT,S7012 (B),s7012,M. Lachowski,clean,clean,,,203200,AB00089.DAT,6.45,0.824,-0.04,down
vol1,S7012B.LFT,S7012 (B),s7012,M. Lachowski,clean,clean,,,203200,AB00089.DAT,4.98,0.68,-0.04,down
vol1,S7012B.LFT,S7012 (B),s7012,M. Lachowski,clean,clean,,,203200,AB00089.DAT,3.5,0.524,-0.04,down
vol1,S7012B.LFT,S7012 (B),s7012,M. Lachowski,clean,clean,,,203200,AB00089.DAT,1.96,0.357,-0.04,down
vol1,S7012B.LFT,S7012 (B),s7012,M. Lachowski,clean,clean,,,203200,AB00089.DAT,0.42,0.196,-0.04,down
vol1,S7012B.LFT,S7012 (B),s7012,M. Lachowski,clean,clean,,,203200,AB00089.DAT,-1.25,0.024,-0.04,down
vol1,S7012B.LFT,S7012 (B),s7012,M. Lachowski,clean,clean,,,203200,AB00089.DAT,-2.79,-0.149,-0.04,down
vol1,S7012B.LFT,S7012 (B),s7012,M. Lachowski,clean,clean,,,203200,AB00089.DAT,-4.21,-0.282,-0.04,down
vol1,S7012B.LFT,S7012 (B),s7012,M. Lachowski,clean,clean,,,203200,AB00089.DAT,-5.9,-0.434,-0.04,down
vol1,S7012B.LFT,S7012 (B),s7012,M. Lachowski,clean,clean,,,304700,AB00087.DAT,-5.89,-0.44,-0.04,up
vol1,S7012B.LFT,S7012 (B),s7012,M. Lachowski,clean,clean,,,304700,AB00087.DAT,-4.27,-0.286,-0.04,up
vol1,S7012B.LFT,S7012 (B),s7012,M. Lachowski,clean,clean,,,304700,AB00087.DAT,-2.7,-0.123,-0.04,up
vol1,S7012B.LFT,S7012 (B),s7012,M. Lachowski,clean,clean,,,304700,AB00087.DAT,-1.18,0.045,-0.04,up
vol1,S7012B.LFT,S7012 (B),s7012,M. Lachowski,clean,clean,,,304700,AB00087.DAT,0.24,0.179,-0.04,up
vol1,S7012B.LFT,S7012 (B),s7012,M. Lachowski,clean,clean,,,304700,AB00087.DAT,1.74,0.347,-0.04,up
vol1,S7012B.LFT,S7012 (B),s7012,M. Lachowski,clean,clean,,,304700,AB00087.DAT,3.35,0.524,-0.04,up
vol1,S7012B.LFT,S7012 (B),s7012,M. Lachowski,clean,clean,,,304700,AB00087.DAT,4.89,0.692,-0.04,up
vol1,S7012B.LFT,S7012 (B),s7012,M. Lachowski,clean,clean,,,304700,AB00087.DAT,6.55,0.856,-0.04,up
vol1,S7012B.LFT,S7012 (B),s7012,M. Lachowski,clean,clean,,,304700,AB00087.DAT,7.86,0.966,-0.04,up
vol1,S7012B.LFT,S7012 (B),s7012,M. Lachowski,clean,clean,,,304700,AB00087.DAT,9.61,1.081,-0.04,up
vol1,S7012B.LFT,S7012 (B),s7012,M. Lachowski,clean,clean,,,304700,AB00087.DAT,11.04,1.137,-0.04,up
vol1,S7012B.LFT,S7012 (B),s7012,M. Lachowski,clean,clean,,,304700,AB00087.DAT,12.43,1.143,-0.04,up
vol1,S7012B.LFT,S7012 (B),s7012,M. Lachowski,clean,clean,,,304700,AB00087.DAT,13.8,1.111,-0.04,up
vol1,S7012B.LFT,S7012 (B),s7012,M. Lachowski,clean,clean,,,304700,AB00087.DAT,15.42,1.003,-0.04,up
vol1,S7012B.LFT,S7012 (B),s7012,M. Lachowski,clean,clean,,,304700,AB00087.DAT,16.8,0.96,-0.04,up
vol1,S7012B.LFT,S7012 (B),s7012,M. Lachowski,clean,clean,,,304700,AB00087.DAT,18.36,0.962,-0.04,up
vol1,S7012B.LFT,S7012 (B),s7012,M. Lachowski,clean,clean,,,304700,AB00087.DAT,16.94,0.953,-0.04,down
vol1,S7012B.LFT,S7012 (B),s7012,M. Lachowski,clean,clean,,,304700,AB00087.DAT,15.42,0.998,-0.04,down
vol1,S7012B.LFT,S7012 (B),s7012,M. Lachowski,clean,clean,,,304700,AB00087.DAT,14.04,1.079,-0.04,down
vol1,S7012B.LFT,S7012 (B),s7012,M. Lachowski,clean,clean,,,304700,AB00087.DAT,12.66,1.135,-0.04,down
vol1,S7012B.LFT,S7012 (B),s7012,M. Lachowski,clean,clean,,,304700,AB00087.DAT,11.11,1.138,-0.04,down
vol1,S7012B.LFT,S7012 (B),s7012,M. Lachowski,clean,clean,,,304700,AB00087.DAT,9.53,1.074,-0.04,down
vol1,S7012B.LFT,S7012 (B),s7012,M. Lachowski,clean,clean,,,304700,AB00087.DAT,8.04,0.976,-0.04,down
vol1,S7012B.LFT,S7012 (B),s7012,M. Lachowski,clean,clean,,,304700,AB00087.DAT,6.55,0.852,-0.04,down
vol1,S7012B.LFT,S7012 (B),s7012,M. Lachowski,clean,clean,,,304700,AB00087.DAT,4.85,0.683,-0.04,down
vol1,S7012B.LFT,S7012 (B),s7012,M. Lachowski,clean,clean,,,304700,AB00087.DAT,3.31,0.516,-0.04,down
vol1,S7012B.LFT,S7012 (B),s7012,M. Lachowski,clean,clean,,,304700,AB00087.DAT,1.8,0.349,-0.04,down
vol1,S7012B.LFT,S7012 (B),s7012,M. Lachowski,clean,clean,,,304700,AB00087.DAT,0.32,0.18,-0.04,down
vol1,S7012B.LFT,S7012 (B),s7012,M. Lachowski,clean,clean,,,304700,AB00087.DAT,-1.33,0.025,-0.04,down
vol1,S7012B.LFT,S7012 (B),s7012,M. Lachowski,clean,clean,,,304700,AB00087.DAT,-2.95,-0.162,-0.04,down
vol1,S7012B.LFT,S7012 (B),s7012,M. Lachowski,clean,clean,,,304700,AB00087.DAT,-4.49,-0.314,-0.04,down
vol1,S7012B.LFT,S7012 (B),s7012,M. Lachowski,clean,clean,,,304700,AB00087.DAT,-6.21,-0.476,-0.04,down
vol1,S7055.LFT,S7055,s7055,G. Jones,clean,clean,,,61100,JG00151.DAT,-4.54,-0.203,-0.068,up
vol1,S7055.LFT,S7055,s7055,G. Jones,clean,clean,,,61100,JG00151.DAT,-2.71,0.001,-0.068,up
vol1,S7055.LFT,S7055,s7055,G. Jones,clean,clean,,,61100,JG00151.DAT,-0.81,0.188,-0.068,up
vol1,S7055.LFT,S7055,s7055,G. Jones,clean,clean,,,61100,JG00151.DAT,0.42,0.337,-0.068,up
vol1,S7055.LFT,S7055,s7055,G. Jones,clean,clean,,,61100,JG00151.DAT,2.28,0.525,-0.068,up
vol1,S7055.LFT,S7055,s7055,G. Jones,clean,clean,,,61100,JG00151.DAT,3.5,0.668,-0.068,up
vol1,S7055.LFT,S7055,s7055,G. Jones,clean,clean,,,61100,JG00151.DAT,5.23,0.84,-0.068,up
vol1,S7055.LFT,S7055,s7055,G. Jones,clean,clean,,,61100,JG00151.DAT,6.5,0.959,-0.068,up
vol1,S7055.LFT,S7055,s7055,G. Jones,clean,clean,,,61100,JG00151.DAT,8.34,1.114,-0.068,up
vol1,S7055.LFT,S7055,s7055,G. Jones,clean,clean,,,61100,JG00151.DAT,9.62,1.195,-0.068,up
vol1,S7055.LFT,S7055,s7055,G. Jones,clean,clean,,,61100,JG00151.DAT,11.37,1.237,-0.068,up
vol1,S7055.LFT,S7055,s7055,G. Jones,clean,clean,,,61100,JG00151.DAT,12.61,1.23,-0.068,up
vol1,S7055.LFT,S7055,s7055,G. Jones,clean,clean,,,61100,JG00151.DAT,14.2,1.206,-0.068,up
vol1,S7055.LFT,S7055,s7055,G. Jones,clean,clean,,,61100,JG00151.DAT,15.9,1.175,-0.068,up
vol1,S7055.LFT,S7055,s7055,G. Jones,clean,clean,,,61100,JG00151.DAT,17.15,1.127,-0.068,up
vol1,S7055.LFT,S7055,s7055,G. Jones,clean,clean,,,61100,JG00151.DAT,18.88,1.052,-0.068,up
vol1,S7055.LFT,S7055,s7055,G. Jones,clean,clean,,,61100,JG00151.DAT,20.22,1.02,-0.068,up
vol1,S7055.LFT,S7055,s7055,G. Jones,clean,clean,,,61100,JG00151.DAT,18.22,1.101,-0.068,down
vol1,S7055.LFT,S7055,s7055,G. Jones,clean,clean,,,61100,JG00151.DAT,16.63,1.181,-0.068,down
vol1,S7055.LFT,S7055,s7055,G. Jones,clean,clean,,,61100,JG00151.DAT,15.16,1.178,-0.068,down
vol1,S7055.LFT,S7055,s7055,G. Jones,clean,clean,,,61100,JG00151.DAT,13.76,1.179,-0.068,down
vol1,S7055.LFT,S7055,s7055,G. Jones,clean,clean,,,61100,JG00151.DAT,12.35,1.207,-0.068,down
vol1,S7055.LFT,S7055,s7055,G. Jones,clean,clean,,,61100,JG00151.DAT,10.53,1.207,-0.068,down
vol1,S7055.LFT,S7055,s7055,G. Jones,clean,clean,,,61100,JG00151.DAT,8.88,1.12,-0.068,down
vol1,S7055.LFT,S7055,s7055,G. Jones,clean,clean,,,61100,JG00151.DAT,7.73,1.028,-0.068,down
vol1,S7055.LFT,S7055,s7055,G. Jones,clean,clean,,,61100,JG00151.DAT,6.16,0.902,-0.068,down
vol1,S7055.LFT,S7055,s7055,G. Jones,clean,clean,,,61100,JG00151.DAT,4.5,0.743,-0.068,down
vol1,S7055.LFT,S7055,s7055,G. Jones,clean,clean,,,61100,JG00151.DAT,2.94,0.582,-0.068,down
vol1,S7055.LFT,S7055,s7055,G. Jones,clean,clean,,,61100,JG00151.DAT,1.35,0.402,-0.068,down
vol1,S7055.LFT,S7055,s7055,G. Jones,clean,clean,,,61100,JG00151.DAT,-0.27,0.23,-0.068,down
vol1,S7055.LFT,S7055,s7055,G. Jones,clean,clean,,,61100,JG00151.DAT,-1.74,0.065,-0.068,down
vol1,S7055.LFT,S7055,s7055,G. Jones,clean,clean,,,61100,JG00151.DAT,-3.3,-0.094,-0.068,down
vol1,S7055.LFT,S7055,s7055,G. Jones,clean,clean,,,61100,JG00151.DAT,-4.79,-0.261,-0.068,down
vol1,S7055.LFT,S7055,s7055,G. Jones,clean,clean,,,101600,AB00149.DAT,-4.39,-0.089,-0.068,up
vol1,S7055.LFT,S7055,s7055,G. Jones,clean,clean,,,101600,AB00149.DAT,-2.37,0.139,-0.068,up
vol1,S7055.LFT,S7055,s7055,G. Jones,clean,clean,,,101600,AB00149.DAT,-0.9,0.29,-0.068,up
vol1,S7055.LFT,S7055,s7055,G. Jones,clean,clean,,,101600,AB00149.DAT,0.42,0.421,-0.068,up
vol1,S7055.LFT,S7055,s7055,G. Jones,clean,clean,,,101600,AB00149.DAT,2.29,0.598,-0.068,up
vol1,S7055.LFT,S7055,s7055,G. Jones,clean,clean,,,101600,AB00149.DAT,3.54,0.719,-0.068,up
vol1,S7055.LFT,S7055,s7055,G. Jones,clean,clean,,,101600,AB00149.DAT,5.38,0.901,-0.068,up
vol1,S7055.LFT,S7055,s7055,G. Jones,clean,clean,,,101600,AB00149.DAT,6.63,1.017,-0.068,up
vol1,S7055.LFT,S7055,s7055,G. Jones,clean,clean,,,101600,AB00149.DAT,7.94,1.126,-0.068,up
vol1,S7055.LFT,S7055,s7055,G. Jones,clean,clean,,,101600,AB00149.DAT,9.89,1.232,-0.068,up
vol1,S7055.LFT,S7055,s7055,G. Jones,clean,clean,,,101600,AB00149.DAT,11.14,1.225,-0.068,up
vol1,S7055.LFT,S7055,s7055,G. Jones,clean,clean,,,101600,AB00149.DAT,12.96,1.2,-0.068,up
vol1,S7055.LFT,S7055,s7055,G. Jones,clean,clean,,,101600,AB00149.DAT,14.09,1.194,-0.068,up
vol1,S7055.LFT,S7055,s7055,G. Jones,clean,clean,,,101600,AB00149.DAT,15.83,1.163,-0.068,up
vol1,S7055.LFT,S7055,s7055,G. Jones,clean,clean,,,101600,AB00149.DAT,16.99,1.089,-0.068,up
vol1,S7055.LFT,S7055,s7055,G. Jones,clean,clean,,,101600,AB00149.DAT,18.9,1.004,-0.068,up
vol1,S7055.LFT,S7055,s7055,G. Jones,clean,clean,,,101600,AB00149.DAT,20.3,1.033,-0.068,up
vol1,S7055.LFT,S7055,s7055,G. Jones,clean,clean,,,101600,AB00149.DAT,18.1,1.014,-0.068,down
vol1,S7055.LFT,S7055,s7055,G. Jones,clean,clean,,,101600,AB00149.DAT,16.5,1.166,-0.068,down
vol1,S7055.LFT,S7055,s7055,G. Jones,clean,clean,,,101600,AB00149.DAT,15.03,1.17,-0.068,down
vol1,S7055.LFT,S7055,s7055,G. Jones,clean,clean,,,101600,AB00149.DAT,13.68,1.186,-0.068,down
vol1,S7055.LFT,S7055,s7055,G. Jones,clean,clean,,,101600,AB00149.DAT,12.37,1.196,-0.068,down
vol1,S7055.LFT,S7055,s7055,G. Jones,clean,clean,,,101600,AB00149.DAT,10.85,1.214,-0.068,down
vol1,S7055.LFT,S7055,s7055,G. Jones,clean,clean,,,101600,AB00149.DAT,9.37,1.206,-0.068,down
vol1,S7055.LFT,S7055,s7055,G. Jones,clean,clean,,,101600,AB00149.DAT,7.84,1.108,-0.068,down
vol1,S7055.LFT,S7055,s7055,G. Jones,clean,clean,,,101600,AB00149.DAT,6.32,0.975,-0.068,down
vol1,S7055.LFT,S7055,s7055,G. Jones,clean,clean,,,101600,AB00149.DAT,4.62,0.81,-0.068,down
vol1,S7055.LFT,S7055,s7055,G. Jones,clean,clean,,,101600,AB00149.DAT,3.09,0.657,-0.068,down
vol1,S7055.LFT,S7055,s7055,G. Jones,clean,clean,,,101600,AB00149.DAT,1.42,0.496,-0.068,down
vol1,S7055.LFT,S7055,s7055,G. Jones,clean,clean,,,101600,AB00149.DAT,-0.25,0.335,-0.068,down
vol1,S7055.LFT,S7055,s7055,G. Jones,clean,clean,,,101600,AB00149.DAT,-1.79,0.173,-0.068,down
vol1,S7055.LFT,S7055,s7055,G. Jones,clean,clean,,,101600,AB00149.DAT,-3.49,0.007,-0.068,down
vol1,S7055.LFT,S7055,s7055,G. Jones,clean,clean,,,101600,AB00149.DAT,-4.58,-0.123,-0.068,down
vol1,S7055.LFT,S7055,s7055,G. Jones,clean,clean,,,152200,AB00536.DAT,-4.65,-0.072,-0.068,up
vol1,S7055.LFT,S7055,s7055,G. Jones,clean,clean,,,152200,AB00536.DAT,-2.73,0.099,-0.068,up
vol1,S7055.LFT,S7055,s7055,G. Jones,clean,clean,,,152200,AB00536.DAT,-1.14,0.24,-0.068,up
vol1,S7055.LFT,S7055,s7055,G. Jones,clean,clean,,,152200,AB00536.DAT,0.36,0.389,-0.068,up
vol1,S7055.LFT,S7055,s7055,G. Jones,clean,clean,,,152200,AB00536.DAT,1.87,0.542,-0.068,up
vol1,S7055.LFT,S7055,s7055,G. Jones,clean,clean,,,152200,AB00536.DAT,3.53,0.713,-0.068,up
vol1,S7055.LFT,S7055,s7055,G. Jones,clean,clean,,,152200,AB00536.DAT,4.96,0.861,-0.068,up
vol1,S7055.LFT,S7055,s7055,G. Jones,clean,clean,,,152200,AB00536.DAT,6.59,1.019,-0.068,up
vol1,S7055.LFT,S7055,s7055,G. Jones,clean,clean,,,152200,AB00536.DAT,8.13,1.142,-0.068,up
vol1,S7055.LFT,S7055,s7055,G. Jones,clean,clean,,,152200,AB00536.DAT,9.79,1.219,-0.068,up
vol1,S7055.LFT,S7055,s7055,G. Jones,clean,clean,,,152200,AB00536.DAT,11.01,1.223,-0.068,up
vol1,S7055.LFT,S7055,s7055,G. Jones,clean,clean,,,152200,AB00536.DAT,12.5,1.213,-0.068,up
vol1,S7055.LFT,S7055,s7055,G. Jones,clean,clean,,,152200,AB00536.DAT,13.97,1.204,-0.068,up
vol1,S7055.LFT,S7055,s7055,G. Jones,clean,clean,,,152200,AB00536.DAT,15.65,1.173,-0.068,up
vol1,S7055.LFT,S7055,s7055,G. Jones,clean,clean,,,152200,AB00536.DAT,17.16,1.069,-0.068,up
vol1,S7055.LFT,S7055,s7055,G. Jones,clean,clean,,,152200,AB00536.DAT,18.5,1.041,-0.068,up
vol1,S7055.LFT,S7055,s7055,G. Jones,clean,clean,,,152200,AB00536.DAT,20.35,1.027,-0.068,up
vol1,S7055.LFT,S7055,s7055,G. Jones,clean,clean,,,152200,AB00536.DAT,17.37,1.049,-0.068,down
vol1,S7055.LFT,S7055,s7055,G. Jones,clean,clean,,,152200,AB00536.DAT,16.51,1.101,-0.068,down
vol1,S7055.LFT,S7055,s7055,G. Jones,clean,clean,,,152200,AB00536.DAT,15.14,1.186,-0.068,down
vol1,S7055.LFT,S7055,s7055,G. Jones,clean,clean,,,152200,AB00536.DAT,13.79,1.206,-0.068,down
vol1,S7055.LFT,S7055,s7055,G. Jones,clean,clean,,,152200,AB00536.DAT,12.17,1.214,-0.068,down
vol1,S7055.LFT,S7055,s7055,G. Jones,clean,clean,,,152200,AB00536.DAT,10.79,1.216,-0.068,down
vol1,S7055.LFT,S7055,s7055,G. Jones,clean,clean,,,152200,AB00536.DAT,9.3,1.204,-0.068,down
vol1,S7055.LFT,S7055,s7055,G. Jones,clean,clean,,,152200,AB00536.DAT,7.82,1.113,-0.068,down
vol1,S7055.LFT,S7055,s7055,G. Jones,clean,clean,,,152200,AB00536.DAT,6.22,0.978,-0.068,down
vol1,S7055.LFT,S7055,s7055,G. Jones,clean,clean,,,152200,AB00536.DAT,4.72,0.826,-0.068,down
vol1,S7055.LFT,S7055,s7055,G. Jones,clean,clean,,,152200,AB00536.DAT,3.14,0.663,-0.068,down
vol1,S7055.LFT,S7055,s7055,G. Jones,clean,clean,,,152200,AB00536.DAT,1.49,0.493,-0.068,down
vol1,S7055.LFT,S7055,s7055,G. Jones,clean,clean,,,152200,AB00536.DAT,-0.03,0.342,-0.068,down
vol1,S7055.LFT,S7055,s7055,G. Jones,clean,clean,,,152200,AB00536.DAT,-1.53,0.197,-0.068,down
vol1,S7055.LFT,S7055,s7055,G. Jones,clean,clean,,,152200,AB00536.DAT,-3.02,0.067,-0.068,down
vol1,S7055.LFT,S7055,s7055,G. Jones,clean,clean,,,152200,AB00536.DAT,-4.66,-0.076,-0.068,down
vol1,S7055.LFT,S7055,s7055,G. Jones,clean,clean,,,202800,AB00147.DAT,-4.57,-0.059,-0.068,up
vol1,S7055.LFT,S7055,s7055,G. Jones,clean,clean,,,202800,AB00147.DAT,-2.43,0.128,-0.068,up
vol1,S7055.LFT,S7055,s7055,G. Jones,clean,clean,,,202800,AB00147.DAT,-0.93,0.261,-0.068,up
vol1,S7055.LFT,S7055,s7055,G. Jones,clean,clean,,,202800,AB00147.DAT,0.45,0.404,-0.068,up
vol1,S7055.LFT,S7055,s7055,G. Jones,clean,clean,,,202800,AB00147.DAT,2.38,0.607,-0.068,up
vol1,S7055.LFT,S7055,s7055,G. Jones,clean,clean,,,202800,AB00147.DAT,3.69,0.747,-0.068,up
vol1,S7055.LFT,S7055,s7055,G. Jones,clean,clean,,,202800,AB00147.DAT,5.09,0.89,-0.068,up
vol1,S7055.LFT,S7055,s7055,G. Jones,clean,clean,,,202800,AB00147.DAT,6.99,1.063,-0.068,up
vol1,S7055.LFT,S7055,s7055,G. Jones,clean,clean,,,202800,AB00147.DAT,8.36,1.166,-0.068,up
vol1,S7055.LFT,S7055,s7055,G. Jones,clean,clean,,,202800,AB00147.DAT,9.68,1.204,-0.068,up
vol1,S7055.LFT,S7055,s7055,G. Jones,clean,clean,,,202800,AB00147.DAT,11.54,1.207,-0.068,up
vol1,S7055.LFT,S7055,s7055,G. Jones,clean,clean,,,202800,AB00147.DAT,12.69,1.205,-0.068,up
vol1,S7055.LFT,S7055,s7055,G. Jones,clean,clean,,,202800,AB00147.DAT,14.45,1.183,-0.068,up
vol1,S7055.LFT,S7055,s7055,G. Jones,clean,clean,,,202800,AB00147.DAT,15.5,1.163,-0.068,up
vol1,S7055.LFT,S7055,s7055,G. Jones,clean,clean,,,202800,AB00147.DAT,17.0,1.08,-0.068,up
vol1,S7055.LFT,S7055,s7055,G. Jones,clean,clean,,,202800,AB00147.DAT,18.63,1.037,-0.068,up
vol1,S7055.LFT,S7055,s7055,G. Jones,clean,clean,,,202800,AB00147.DAT,20.3,1.015,-0.068,up
vol1,S7055.LFT,S7055,s7055,G. Jones,clean,clean,,,202800,AB00147.DAT,17.73,1.042,-0.068,down
vol1,S7055.LFT,S7055,s7055,G. Jones,clean,clean,,,202800,AB00147.DAT,16.51,1.14,-0.068,down
vol1,S7055.LFT,S7055,s7055,G. Jones,clean,clean,,,202800,AB00147.DAT,14.95,1.176,-0.068,down
vol1,S7055.LFT,S7055,s7055,G. Jones,clean,clean,,,202800,AB00147.DAT,13.64,1.197,-0.068,down
vol1,S7055.LFT,S7055,s7055,G. Jones,clean,clean,,,202800,AB00147.DAT,12.24,1.205,-0.068,down
vol1,S7055.LFT,S7055,s7055,G. Jones,clean,clean,,,202800,AB00147.DAT,10.82,1.204,-0.068,down
vol1,S7055.LFT,S7055,s7055,G. Jones,clean,clean,,,202800,AB00147.DAT,9.31,1.199,-0.068,down
vol1,S7055.LFT,S7055,s7055,G. Jones,clean,clean,,,202800,AB00147.DAT,7.58,1.104,-0.068,down
vol1,S7055.LFT,S7055,s7055,G. Jones,clean,clean,,,202800,AB00147.DAT,6.03,0.97,-0.068,down
vol1,S7055.LFT,S7055,s7055,G. Jones,clean,clean,,,202800,AB00147.DAT,4.3,0.798,-0.068,down
vol1,S7055.LFT,S7055,s7055,G. Jones,clean,clean,,,202800,AB00147.DAT,3.12,0.674,-0.068,down
vol1,S7055.LFT,S7055,s7055,G. Jones,clean,clean,,,202800,AB00147.DAT,1.34,0.487,-0.068,down
vol1,S7055.LFT,S7055,s7055,G. Jones,clean,clean,,,202800,AB00147.DAT,0.05,0.354,-0.068,down
vol1,S7055.LFT,S7055,s7055,G. Jones,clean,clean,,,202800,AB00147.DAT,-1.85,0.169,-0.068,down
vol1,S7055.LFT,S7055,s7055,G. Jones,clean,clean,,,202800,AB00147.DAT,-3.25,0.046,-0.068,down
vol1,S7055.LFT,S7055,s7055,G. Jones,clean,clean,,,202800,AB00147.DAT,-4.68,-0.081,-0.068,down
vol1,S7055.LFT,S7055,s7055,G. Jones,clean,clean,,,303800,AB00145.DAT,-4.41,-0.067,-0.068,up
vol1,S7055.LFT,S7055,s7055,G. Jones,clean,clean,,,303800,AB00145.DAT,-2.82,0.079,-0.068,up
vol1,S7055.LFT,S7055,s7055,G. Jones,clean,clean,,,303800,AB00145.DAT,-1.23,0.226,-0.068,up
vol1,S7055.LFT,S7055,s7055,G. Jones,clean,clean,,,303800,AB00145.DAT,0.29,0.385,-0.068,up
vol1,S7055.LFT,S7055,s7055,G. Jones,clean,clean,,,303800,AB00145.DAT,2.05,0.57,-0.068,up
vol1,S7055.LFT,S7055,s7055,G. Jones,clean,clean,,,303800,AB00145.DAT,3.87,0.763,-0.068,up
vol1,S7055.LFT,S7055,s7055,G. Jones,clean,clean,,,303800,AB00145.DAT,5.23,0.901,-0.068,up
vol1,S7055.LFT,S7055,s7055,G. Jones,clean,clean,,,303800,AB00145.DAT,6.47,1.015,-0.068,up
vol1,S7055.LFT,S7055,s7055,G. Jones,clean,clean,,,303800,AB00145.DAT,8.03,1.133,-0.068,up
vol1,S7055.LFT,S7055,s7055,G. Jones,clean,clean,,,303800,AB00145.DAT,10.06,1.196,-0.068,up
vol1,S7055.LFT,S7055,s7055,G. Jones,clean,clean,,,303800,AB00145.DAT,11.37,1.203,-0.068,up
vol1,S7055.LFT,S7055,s7055,G. Jones,clean,clean,,,303800,AB00145.DAT,12.54,1.201,-0.068,up
vol1,S7055.LFT,S7055,s7055,G. Jones,clean,clean,,,303800,AB00145.DAT,14.14,1.188,-0.068,up
vol1,S7055.LFT,S7055,s7055,G. Jones,clean,clean,,,303800,AB00145.DAT,15.87,1.146,-0.068,up
vol1,S7055.LFT,S7055,s7055,G. Jones,clean,clean,,,303800,AB00145.DAT,16.82,1.155,-0.068,up
vol1,S7055.LFT,S7055,s7055,G. Jones,clean,clean,,,303800,AB00145.DAT,17.72,1.073,-0.068,up
vol1,S7055.LFT,S7055,s7055,G. Jones,clean,clean,,,303800,AB00145.DAT,19.98,1.006,-0.068,up
vol1,S7055.LFT,S7055,s7055,G. Jones,clean,clean,,,303800,AB00145.DAT,18.16,1.053,-0.068,down
vol1,S7055.LFT,S7055,s7055,G. Jones,clean,clean,,,303800,AB00145.DAT,16.76,1.177,-0.068,down
vol1,S7055.LFT,S7055,s7055,G. Jones,clean,clean,,,303800,AB00145.DAT,14.91,1.176,-0.068,down
vol1,S7055.LFT,S7055,s7055,G. Jones,clean,clean,,,303800,AB00145.DAT,13.5,1.194,-0.068,down
vol1,S7055.LFT,S7055,s7055,G. Jones,clean,clean,,,303800,AB00145.DAT,12.15,1.2,-0.068,down
vol1,S7055.LFT,S7055,s7055,G. Jones,clean,clean,,,303800,AB00145.DAT,10.5,1.194,-0.068,down
vol1,S7055.LFT,S7055,s7055,G. Jones,clean,clean,,,303800,AB00145.DAT,8.87,1.173,-0.068,down
vol1,S7055.LFT,S7055,s7055,G. Jones,clean,clean,,,303800,AB00145.DAT,7.32,1.084,-0.068,down
vol1,S7055.LFT,S7055,s7055,G. Jones,clean,clean,,,303800,AB00145.DAT,6.01,0.973,-0.068,down
vol1,S7055.LFT,S7055,s7055,G. Jones,clean,clean,,,303800,AB00145.DAT,3.98,0.77,-0.068,down
vol1,S7055.LFT,S7055,s7055,G. Jones,clean,clean,,,303800,AB00145.DAT,2.4,0.601,-0.068,down
vol1,S7055.LFT,S7055,s7055,G. Jones,clean,clean,,,303800,AB00145.DAT,1.05,0.458,-0.068,down
vol1,S7055.LFT,S7055,s7055,G. Jones,clean,clean,,,303800,AB00145.DAT,-0.39,0.304,-0.068,down
vol1,S7055.LFT,S7055,s7055,G. Jones,clean,clean,,,303800,AB00145.DAT,-1.79,0.169,-0.068,down
vol1,S7055.LFT,S7055,s7055,G. Jones,clean,clean,,,303800,AB00145.DAT,-3.14,0.046,-0.068,down
vol1,S7055.LFT,S7055,s7055,G. Jones,clean,clean,,,303800,AB00145.DAT,-5.05,-0.127,-0.068,down
vol1,SD6060.LFT,SD6060,sd6060,C. Fox,clean,clean,,,61100,MS00312.DAT,-5.9,-0.356,-0.039,up
vol1,SD6060.LFT,SD6060,sd6060,C. Fox,clean,clean,,,61100,MS00312.DAT,-5.35,-0.318,-0.039,up
vol1,SD6060.LFT,SD6060,sd6060,C. Fox,clean,clean,,,61100,MS00312.DAT,-4.31,-0.256,-0.039,up
vol1,SD6060.LFT,SD6060,sd6060,C. Fox,clean,clean,,,61100,MS00312.DAT,-3.3,-0.181,-0.039,up
vol1,SD6060.LFT,SD6060,sd6060,C. Fox,clean,clean,,,61100,MS00312.DAT,-2.29,-0.112,-0.039,up
vol1,SD6060.LFT,SD6060,sd6060,C. Fox,clean,clean,,,61100,MS00312.DAT,-1.26,-0.022,-0.039,up
vol1,SD6060.LFT,SD6060,sd6060,C. Fox,clean,clean,,,61100,MS00312.DAT,-0.24,0.117,-0.039,up
vol1,SD6060.LFT,SD6060,sd6060,C. Fox,clean,clean,,,61100,MS00312.DAT,0.86,0.269,-0.039,up
vol1,SD6060.LFT,SD6060,sd6060,C. Fox,clean,clean,,,61100,MS00312.DAT,1.8,0.411,-0.039,up
vol1,SD6060.LFT,SD6060,sd6060,C. Fox,clean,clean,,,61100,MS00312.DAT,2.94,0.537,-0.039,up
vol1,SD6060.LFT,SD6060,sd6060,C. Fox,clean,clean,,,61100,MS00312.DAT,3.93,0.633,-0.039,up
vol1,SD6060.LFT,SD6060,sd6060,C. Fox,clean,clean,,,61100,MS00312.DAT,4.88,0.718,-0.039,up
vol1,SD6060.LFT,SD6060,sd6060,C. Fox,clean,clean,,,61100,MS00312.DAT,5.96,0.812,-0.039,up
vol1,SD6060.LFT,SD6060,sd6060,C. Fox,clean,clean,,,61100,MS00312.DAT,6.98,0.899,-0.039,up
vol1,SD6060.LFT,SD6060,sd6060,C. Fox,clean,clean,,,61100,MS00312.DAT,7.97,0.975,-0.039,up
vol1,SD6060.LFT,SD6060,sd6060,C. Fox,clean,clean,,,61100,MS00312.DAT,9.04,1.031,-0.039,up
vol1,SD6060.LFT,SD6060,sd6060,C. Fox,clean,clean,,,61100,MS00312.DAT,10.01,1.064,-0.039,up
vol1,SD6060.LFT,SD6060,sd6060,C. Fox,clean,clean,,,61100,MS00312.DAT,11.07,1.091,-0.039,up
vol1,SD6060.LFT,SD6060,sd6060,C. Fox,clean,clean,,,61100,MS00312.DAT,12.08,1.097,-0.039,up
vol1,SD6060.LFT,SD6060,sd6060,C. Fox,clean,clean,,,61100,MS00312.DAT,13.05,1.103,-0.039,up
vol1,SD6060.LFT,SD6060,sd6060,C. Fox,clean,clean,,,61100,MS00312.DAT,14.05,1.083,-0.039,up
vol1,SD6060.LFT,SD6060,sd6060,C. Fox,clean,clean,,,61100,MS00312.DAT,15.08,1.054,-0.039,up
vol1,SD6060.LFT,SD6060,sd6060,C. Fox,clean,clean,,,61100,MS00312.DAT,16.02,1.043,-0.039,up
vol1,SD6060.LFT,SD6060,sd6060,C. Fox,clean,clean,,,61100,MS00312.DAT,17.1,0.997,-0.039,up
vol1,SD6060.LFT,SD6060,sd6060,C. Fox,clean,clean,,,61100,MS00312.DAT,18.21,0.968,-0.039,up
vol1,SD6060.LFT,SD6060,sd6060,C. Fox,clean,clean,,,61100,MS00312.DAT,17.43,0.962,-0.039,down
vol1,SD6060.LFT,SD6060,sd6060,C. Fox,clean,clean,,,61100,MS00312.DAT,16.37,0.988,-0.039,down
vol1,SD6060.LFT,SD6060,sd6060,C. Fox,clean,clean,,,61100,MS00312.DAT,15.32,1.03,-0.039,down
vol1,SD6060.LFT,SD6060,sd6060,C. Fox,clean,clean,,,61100,MS00312.DAT,14.38,1.089,-0.039,down
vol1,SD6060.LFT,SD6060,sd6060,C. Fox,clean,clean,,,61100,MS00312.DAT,13.41,1.098,-0.039,down
vol1,SD6060.LFT,SD6060,sd6060,C. Fox,clean,clean,,,61100,MS00312.DAT,12.33,1.087,-0.039,down
vol1,SD6060.LFT,SD6060,sd6060,C. Fox,clean,clean,,,61100,MS00312.DAT,11.42,1.087,-0.039,down
vol1,SD6060.LFT,SD6060,sd6060,C. Fox,clean,clean,,,61100,MS00312.DAT,10.44,1.064,-0.039,down
vol1,SD6060.LFT,SD6060,sd6060,C. Fox,clean,clean,,,61100,MS00312.DAT,9.44,1.033,-0.039,down
vol1,SD6060.LFT,SD6060,sd6060,C. Fox,clean,clean,,,61100,MS00312.DAT,8.37,0.988,-0.039,down
vol1,SD6060.LFT,SD6060,sd6060,C. Fox,clean,clean,,,61100,MS00312.DAT,7.42,0.921,-0.039,down
vol1,SD6060.LFT,SD6060,sd6060,C. Fox,clean,clean,,,61100,MS00312.DAT,6.32,0.83,-0.039,down
vol1,SD6060.LFT,SD6060,sd6060,C. Fox,clean,clean,,,61100,MS00312.DAT,5.43,0.75,-0.039,down
vol1,SD6060.LFT,SD6060,sd6060,C. Fox,clean,clean,,,61100,MS00312.DAT,4.27,0.645,-0.039,down
vol1,SD6060.LFT,SD6060,sd6060,C. Fox,clean,clean,,,61100,MS00312.DAT,3.26,0.553,-0.039,down
vol1,SD6060.LFT,SD6060,sd6060,C. Fox,clean,clean,,,61100,MS00312.DAT,2.19,0.434,-0.039,down
vol1,SD6060.LFT,SD6060,sd6060,C. Fox,clean,clean,,,61100,MS00312.DAT,1.2,0.314,-0.039,down
vol1,SD6060.LFT,SD6060,sd6060,C. Fox,clean,clean,,,61100,MS00312.DAT,0.15,0.171,-0.039,down
vol1,SD6060.LFT,SD6060,sd6060,C. Fox,clean,clean,,,61100,MS00312.DAT,-0.9,0.016,-0.039,down
vol1,SD6060.LFT,SD6060,sd6060,C. Fox,clean,clean,,,61100,MS00312.DAT,-1.9,-0.086,-0.039,down
vol1,SD6060.LFT,SD6060,sd6060,C. Fox,clean,clean,,,61100,MS00312.DAT,-2.87,-0.148,-0.039,down
vol1,SD6060.LFT,SD6060,sd6060,C. Fox,clean,clean,,,61100,MS00312.DAT,-3.96,-0.238,-0.039,down
vol1,SD6060.LFT,SD6060,sd6060,C. Fox,clean,clean,,,61100,MS00312.DAT,-4.94,-0.29,-0.039,down
vol1,SD6060.LFT,SD6060,sd6060,C. Fox,clean,clean,,,61100,MS00312.DAT,-5.94,-0.353,-0.039,down
vol1,SD6060.LFT,SD6060,sd6060,C. Fox,clean,clean,,,100300,MS00314.DAT,-6.08,-0.395,-0.039,up
vol1,SD6060.LFT,SD6060,sd6060,C. Fox,clean,clean,,,100300,MS00314.DAT,-5.33,-0.352,-0.039,up
vol1,SD6060.LFT,SD6060,sd6060,C. Fox,clean,clean,,,100300,MS00314.DAT,-4.13,-0.273,-0.039,up
vol1,SD6060.LFT,SD6060,sd6060,C. Fox,clean,clean,,,100300,MS00314.DAT,-3.26,-0.21,-0.039,up
vol1,SD6060.LFT,SD6060,sd6060,C. Fox,clean,clean,,,100300,MS00314.DAT,-2.32,-0.105,-0.039,up
vol1,SD6060.LFT,SD6060,sd6060,C. Fox,clean,clean,,,100300,MS00314.DAT,-1.15,0.082,-0.039,up
vol1,SD6060.LFT,SD6060,sd6060,C. Fox,clean,clean,,,100300,MS00314.DAT,-0.1,0.213,-0.039,up
vol1,SD6060.LFT,SD6060,sd6060,C. Fox,clean,clean,,,100300,MS00314.DAT,0.91,0.313,-0.039,up
vol1,SD6060.LFT,SD6060,sd6060,C. Fox,clean,clean,,,100300,MS00314.DAT,2.01,0.419,-0.039,up
vol1,SD6060.LFT,SD6060,sd6060,C. Fox,clean,clean,,,100300,MS00314.DAT,2.93,0.494,-0.039,up
vol1,SD6060.LFT,SD6060,sd6060,C. Fox,clean,clean,,,100300,MS00314.DAT,3.94,0.582,-0.039,up
vol1,SD6060.LFT,SD6060,sd6060,C. Fox,clean,clean,,,100300,MS00314.DAT,5.02,0.683,-0.039,up
vol1,SD6060.LFT,SD6060,sd6060,C. Fox,clean,clean,,,100300,MS00314.DAT,6.07,0.782,-0.039,up
vol1,SD6060.LFT,SD6060,sd6060,C. Fox,clean,clean,,,100300,MS00314.DAT,7.08,0.867,-0.039,up
vol1,SD6060.LFT,SD6060,sd6060,C. Fox,clean,clean,,,100300,MS00314.DAT,7.99,0.941,-0.039,up
vol1,SD6060.LFT,SD6060,sd6060,C. Fox,clean,clean,,,100300,MS00314.DAT,9.07,0.985,-0.039,up
vol1,SD6060.LFT,SD6060,sd6060,C. Fox,clean,clean,,,100300,MS00314.DAT,10.0,1.014,-0.039,up
vol1,SD6060.LFT,SD6060,sd6060,C. Fox,clean,clean,,,100300,MS00314.DAT,11.2,1.044,-0.039,up
vol1,SD6060.LFT,SD6060,sd6060,C. Fox,clean,clean,,,100300,MS00314.DAT,12.11,1.051,-0.039,up
vol1,SD6060.LFT,SD6060,sd6060,C. Fox,clean,clean,,,100300,MS00314.DAT,13.01,1.069,-0.039,up
vol1,SD6060.LFT,SD6060,sd6060,C. Fox,clean,clean,,,100300,MS00314.DAT,14.07,0.997,-0.039,up
vol1,SD6060.LFT,SD6060,sd6060,C. Fox,clean,clean,,,100300,MS00314.DAT,15.07,0.921,-0.039,up
vol1,SD6060.LFT,SD6060,sd6060,C. Fox,clean,clean,,,100300,MS00314.DAT,16.12,0.945,-0.039,up
vol1,SD6060.LFT,SD6060,sd6060,C. Fox,clean,clean,,,100300,MS00314.DAT,17.05,0.894,-0.039,up
vol1,SD6060.LFT,SD6060,sd6060,C. Fox,clean,clean,,,100300,MS00314.DAT,18.2,0.893,-0.039,up
vol1,SD6060.LFT,SD6060,sd6060,C. Fox,clean,clean,,,100300,MS00314.DAT,17.28,0.915,-0.039,down
vol1,SD6060.LFT,SD6060,sd6060,C. Fox,clean,clean,,,100300,MS00314.DAT,16.37,0.906,-0.039,down
vol1,SD6060.LFT,SD6060,sd6060,C. Fox,clean,clean,,,100300,MS00314.DAT,15.25,0.935,-0.039,down
vol1,SD6060.LFT,SD6060,sd6060,C. Fox,clean,clean,,,100300,MS00314.DAT,14.34,0.995,-0.039,down
vol1,SD6060.LFT,SD6060,sd6060,C. Fox,clean,clean,,,100300,MS00314.DAT,13.37,1.028,-0.039,down
vol1,SD6060.LFT,SD6060,sd6060,C. Fox,clean,clean,,,100300,MS00314.DAT,12.33,1.055,-0.039,down
vol1,SD6060.LFT,SD6060,sd6060,C. Fox,clean,clean,,,100300,MS00314.DAT,11.31,1.03,-0.039,down
vol1,SD6060.LFT,SD6060,sd6060,C. Fox,clean,clean,,,100300,MS00314.DAT,10.3,1.009,-0.039,down
vol1,SD6060.LFT,SD6060,sd6060,C. Fox,clean,clean,,,100300,MS00314.DAT,9.27,0.978,-0.039,down
vol1,SD6060.LFT,SD6060,sd6060,C. Fox,clean,clean,,,100300,MS00314.DAT,8.3,0.94,-0.039,down
vol1,SD6060.LFT,SD6060,sd6060,C. Fox,clean,clean,,,100300,MS00314.DAT,7.34,0.876,-0.039,down
vol1,SD6060.LFT,SD6060,sd6060,C. Fox,clean,clean,,,100300,MS00314.DAT,6.3,0.787,-0.039,down
vol1,SD6060.LFT,SD6060,sd6060,C. Fox,clean,clean,,,100300,MS00314.DAT,5.32,0.697,-0.039,down
vol1,SD6060.LFT,SD6060,sd6060,C. Fox,clean,clean,,,100300,MS00314.DAT,4.12,0.581,-0.039,down
vol1,SD6060.LFT,SD6060,sd6060,C. Fox,clean,clean,,,100300,MS00314.DAT,3.24,0.505,-0.039,down
vol1,SD6060.LFT,SD6060,sd6060,C. Fox,clean,clean,,,100300,MS00314.DAT,2.1,0.403,-0.039,down
vol1,SD6060.LFT,SD6060,sd6060,C. Fox,clean,clean,,,100300,MS00314.DAT,1.14,0.313,-0.039,down
vol1,SD6060.LFT,SD6060,sd6060,C. Fox,clean,clean,,,100300,MS00314.DAT,0.07,0.21,-0.039,down
vol1,SD6060.LFT,SD6060,sd6060,C. Fox,clean,clean,,,100300,MS00314.DAT,-0.89,0.094,-0.039,down
vol1,SD6060.LFT,SD6060,sd6060,C. Fox,clean,clean,,,100300,MS00314.DAT,-1.93,-0.07,-0.039,down
vol1,SD6060.LFT,SD6060,sd6060,C. Fox,clean,clean,,,100300,MS00314.DAT,-2.97,-0.192,-0.039,down
vol1,SD6060.LFT,SD6060,sd6060,C. Fox,clean,clean,,,100300,MS00314.DAT,-4.05,-0.278,-0.039,down
vol1,SD6060.LFT,SD6060,sd6060,C. Fox,clean,clean,,,100300,MS00314.DAT,-5.07,-0.347,-0.039,down
vol1,SD6060.LFT,SD6060,sd6060,C. Fox,clean,clean,,,100300,MS00314.DAT,-6.04,-0.404,-0.039,down
vol1,SD6060.LFT,SD6060,sd6060,C. Fox,clean,clean,,,152900,PG00539.DAT,-6.05,-0.436,-0.039,up
vol1,SD6060.LFT,SD6060,sd6060,C. Fox,clean,clean,,,152900,PG00539.DAT,-5.01,-0.37,-0.039,up
vol1,SD6060.LFT,SD6060,sd6060,C. Fox,clean,clean,,,152900,PG00539.DAT,-4.04,-0.267,-0.039,up
vol1,SD6060.LFT,SD6060,sd6060,C. Fox,clean,clean,,,152900,PG00539.DAT,-2.87,-0.119,-0.039,up
vol1,SD6060.LFT,SD6060,sd6060,C. Fox,clean,clean,,,152900,PG00539.DAT,-1.87,-0.03,-0.039,up
vol1,SD6060.LFT,SD6060,sd6060,C. Fox,clean,clean,,,152900,PG00539.DAT,-0.92,0.042,-0.039,up
vol1,SD6060.LFT,SD6060,sd6060,C. Fox,clean,clean,,,152900,PG00539.DAT,0.05,0.193,-0.039,up
vol1,SD6060.LFT,SD6060,sd6060,C. Fox,clean,clean,,,152900,PG00539.DAT,1.19,0.285,-0.039,up
vol1,SD6060.LFT,SD6060,sd6060,C. Fox,clean,clean,,,152900,PG00539.DAT,2.12,0.375,-0.039,up
vol1,SD6060.LFT,SD6060,sd6060,C. Fox,clean,clean,,,152900,PG00539.DAT,3.22,0.486,-0.039,up
vol1,SD6060.LFT,SD6060,sd6060,C. Fox,clean,clean,,,152900,PG00539.DAT,4.34,0.597,-0.039,up
vol1,SD6060.LFT,SD6060,sd6060,C. Fox,clean,clean,,,152900,PG00539.DAT,5.17,0.681,-0.039,up
vol1,SD6060.LFT,SD6060,sd6060,C. Fox,clean,clean,,,152900,PG00539.DAT,6.29,0.786,-0.039,up
vol1,SD6060.LFT,SD6060,sd6060,C. Fox,clean,clean,,,152900,PG00539.DAT,7.4,0.878,-0.039,up
vol1,SD6060.LFT,SD6060,sd6060,C. Fox,clean,clean,,,152900,PG00539.DAT,8.26,0.937,-0.039,up
vol1,SD6060.LFT,SD6060,sd6060,C. Fox,clean,clean,,,152900,PG00539.DAT,9.33,0.983,-0.039,up
vol1,SD6060.LFT,SD6060,sd6060,C. Fox,clean,clean,,,152900,PG00539.DAT,10.34,1.014,-0.039,up
vol1,SD6060.LFT,SD6060,sd6060,C. Fox,clean,clean,,,152900,PG00539.DAT,11.3,1.025,-0.039,up
vol1,SD6060.LFT,SD6060,sd6060,C. Fox,clean,clean,,,152900,PG00539.DAT,12.25,1.037,-0.039,up
vol1,SD6060.LFT,SD6060,sd6060,C. Fox,clean,clean,,,152900,PG00539.DAT,13.34,1.066,-0.039,up
vol1,SD6060.LFT,SD6060,sd6060,C. Fox,clean,clean,,,152900,PG00539.DAT,14.43,0.995,-0.039,up
vol1,SD6060.LFT,SD6060,sd6060,C. Fox,clean,clean,,,152900,PG00539.DAT,15.34,0.951,-0.039,up
vol1,SD6060.LFT,SD6060,sd6060,C. Fox,clean,clean,,,152900,PG00539.DAT,16.5,0.97,-0.039,up
vol1,SD6060.LFT,SD6060,sd6060,C. Fox,clean,clean,,,152900,PG00539.DAT,17.37,0.952,-0.039,up
vol1,SD6060.LFT,SD6060,sd6060,C. Fox,clean,clean,,,152900,PG00539.DAT,18.44,0.937,-0.039,up
vol1,SD6060.LFT,SD6060,sd6060,C. Fox,clean,clean,,,152900,PG00539.DAT,16.89,0.957,-0.039,down
vol1,SD6060.LFT,SD6060,sd6060,C. Fox,clean,clean,,,152900,PG00539.DAT,16.06,0.91,-0.039,down
vol1,SD6060.LFT,SD6060,sd6060,C. Fox,clean,clean,,,152900,PG00539.DAT,14.95,0.944,-0.039,down
vol1,SD6060.LFT,SD6060,sd6060,C. Fox,clean,clean,,,152900,PG00539.DAT,14.05,1.038,-0.039,down
vol1,SD6060.LFT,SD6060,sd6060,C. Fox,clean,clean,,,152900,PG00539.DAT,13.04,1.065,-0.039,down
vol1,SD6060.LFT,SD6060,sd6060,C. Fox,clean,clean,,,152900,PG00539.DAT,12.25,1.034,-0.039,down
vol1,SD6060.LFT,SD6060,sd6060,C. Fox,clean,clean,,,152900,PG00539.DAT,11.21,1.025,-0.039,down
vol1,SD6060.LFT,SD6060,sd6060,C. Fox,clean,clean,,,152900,PG00539.DAT,10.23,1.009,-0.039,down
vol1,SD6060.LFT,SD6060,sd6060,C. Fox,clean,clean,,,152900,PG00539.DAT,9.18,0.976,-0.039,down
vol1,SD6060.LFT,SD6060,sd6060,C. Fox,clean,clean,,,152900,PG00539.DAT,8.17,0.926,-0.039,down
vol1,SD6060.LFT,SD6060,sd6060,C. Fox,clean,clean,,,152900,PG00539.DAT,7.19,0.856,-0.039,down
vol1,SD6060.LFT,SD6060,sd6060,C. Fox,clean,clean,,,152900,PG00539.DAT,6.14,0.766,-0.039,down
vol1,SD6060.LFT,SD6060,sd6060,C. Fox,clean,clean,,,152900,PG00539.DAT,5.12,0.668,-0.039,down
vol1,SD6060.LFT,SD6060,sd6060,C. Fox,clean,clean,,,152900,PG00539.DAT,4.09,0.565,-0.039,down
vol1,SD6060.LFT,SD6060,sd6060,C. Fox,clean,clean,,,152900,PG00539.DAT,3.01,0.454,-0.039,down
vol1,SD6060.LFT,SD6060,sd6060,C. Fox,clean,clean,,,152900,PG00539.DAT,2.05,0.358,-0.039,down
vol1,SD6060.LFT,SD6060,sd6060,C. Fox,clean,clean,,,152900,PG00539.DAT,0.93,0.255,-0.039,down
vol1,SD6060.LFT,SD6060,sd6060,C. Fox,clean,clean,,,152900,PG00539.DAT,-0.08,0.173,-0.039,down
vol1,SD6060.LFT,SD6060,sd6060,C. Fox,clean,clean,,,152900,PG00539.DAT,-1.08,0.015,-0.039,down
vol1,SD6060.LFT,SD6060,sd6060,C. Fox,clean,clean,,,152900,PG00539.DAT,-2.07,-0.052,-0.039,down
vol1,SD6060.LFT,SD6060,sd6060,C. Fox,clean,clean,,,152900,PG00539.DAT,-3.07,-0.154,-0.039,down
vol1,SD6060.LFT,SD6060,sd6060,C. Fox,clean,clean,,,152900,PG00539.DAT,-4.14,-0.289,-0.039,down
vol1,SD6060.LFT,SD6060,sd6060,C. Fox,clean,clean,,,152900,PG00539.DAT,-5.2,-0.383,-0.039,down
vol1,SD6060.LFT,SD6060,sd6060,C. Fox,clean,clean,,,152900,PG00539.DAT,-6.21,-0.447,-0.039,down
vol1,SD6060.LFT,SD6060,sd6060,C. Fox,clean,clean,,,203600,JG00072.DAT,-6.18,-0.424,-0.039,up
vol1,SD6060.LFT,SD6060,sd6060,C. Fox,clean,clean,,,203600,JG00072.DAT,-5.32,-0.355,-0.039,up
vol1,SD6060.LFT,SD6060,sd6060,C. Fox,clean,clean,,,203600,JG00072.DAT,-4.32,-0.229,-0.039,up
vol1,SD6060.LFT,SD6060,sd6060,C. Fox,clean,clean,,,203600,JG00072.DAT,-3.15,-0.111,-0.039,up
vol1,SD6060.LFT,SD6060,sd6060,C. Fox,clean,clean,,,203600,JG00072.DAT,-2.24,-0.048,-0.039,up
vol1,SD6060.LFT,SD6060,sd6060,C. Fox,clean,clean,,,203600,JG00072.DAT,-1.18,0.038,-0.039,up
vol1,SD6060.LFT,SD6060,sd6060,C. Fox,clean,clean,,,203600,JG00072.DAT,-0.21,0.125,-0.039,up
vol1,SD6060.LFT,SD6060,sd6060,C. Fox,clean,clean,,,203600,JG00072.DAT,0.98,0.271,-0.039,up
vol1,SD6060.LFT,SD6060,sd6060,C. Fox,clean,clean,,,203600,JG00072.DAT,2.02,0.371,-0.039,up
vol1,SD6060.LFT,SD6060,sd6060,C. Fox,clean,clean,,,203600,JG00072.DAT,2.85,0.455,-0.039,up
vol1,SD6060.LFT,SD6060,sd6060,C. Fox,clean,clean,,,203600,JG00072.DAT,3.89,0.562,-0.039,up
vol1,SD6060.LFT,SD6060,sd6060,C. Fox,clean,clean,,,203600,JG00072.DAT,5.01,0.68,-0.039,up
vol1,SD6060.LFT,SD6060,sd6060,C. Fox,clean,clean,,,203600,JG00072.DAT,5.98,0.775,-0.039,up
vol1,SD6060.LFT,SD6060,sd6060,C. Fox,clean,clean,,,203600,JG00072.DAT,7.04,0.868,-0.039,up
vol1,SD6060.LFT,SD6060,sd6060,C. Fox,clean,clean,,,203600,JG00072.DAT,8.01,0.94,-0.039,up
vol1,SD6060.LFT,SD6060,sd6060,C. Fox,clean,clean,,,203600,JG00072.DAT,9.05,0.993,-0.039,up
vol1,SD6060.LFT,SD6060,sd6060,C. Fox,clean,clean,,,203600,JG00072.DAT,10.07,1.027,-0.039,up
vol1,SD6060.LFT,SD6060,sd6060,C. Fox,clean,clean,,,203600,JG00072.DAT,11.16,1.041,-0.039,up
vol1,SD6060.LFT,SD6060,sd6060,C. Fox,clean,clean,,,203600,JG00072.DAT,12.12,1.067,-0.039,up
vol1,SD6060.LFT,SD6060,sd6060,C. Fox,clean,clean,,,203600,JG00072.DAT,12.98,1.094,-0.039,up
vol1,SD6060.LFT,SD6060,sd6060,C. Fox,clean,clean,,,203600,JG00072.DAT,14.05,1.072,-0.039,up
vol1,SD6060.LFT,SD6060,sd6060,C. Fox,clean,clean,,,203600,JG00072.DAT,15.28,1.038,-0.039,up
vol1,SD6060.LFT,SD6060,sd6060,C. Fox,clean,clean,,,203600,JG00072.DAT,16.16,0.977,-0.039,up
vol1,SD6060.LFT,SD6060,sd6060,C. Fox,clean,clean,,,203600,JG00072.DAT,17.26,0.966,-0.039,up
vol1,SD6060.LFT,SD6060,sd6060,C. Fox,clean,clean,,,203600,JG00072.DAT,18.36,1.004,-0.039,up
vol1,SD6060.LFT,SD6060,sd6060,C. Fox,clean,clean,,,203600,JG00072.DAT,17.1,0.957,-0.039,down
vol1,SD6060.LFT,SD6060,sd6060,C. Fox,clean,clean,,,203600,JG00072.DAT,16.08,0.99,-0.039,down
vol1,SD6060.LFT,SD6060,sd6060,C. Fox,clean,clean,,,203600,JG00072.DAT,15.25,1.058,-0.039,down
vol1,SD6060.LFT,SD6060,sd6060,C. Fox,clean,clean,,,203600,JG00072.DAT,14.22,1.072,-0.039,down
vol1,SD6060.LFT,SD6060,sd6060,C. Fox,clean,clean,,,203600,JG00072.DAT,13.33,1.101,-0.039,down
vol1,SD6060.LFT,SD6060,sd6060,C. Fox,clean,clean,,,203600,JG00072.DAT,12.35,1.079,-0.039,down
vol1,SD6060.LFT,SD6060,sd6060,C. Fox,clean,clean,,,203600,JG00072.DAT,11.4,1.043,-0.039,down
vol1,SD6060.LFT,SD6060,sd6060,C. Fox,clean,clean,,,203600,JG00072.DAT,10.39,1.03,-0.039,down
vol1,SD6060.LFT,SD6060,sd6060,C. Fox,clean,clean,,,203600,JG00072.DAT,9.39,1.004,-0.039,down
vol1,SD6060.LFT,SD6060,sd6060,C. Fox,clean,clean,,,203600,JG00072.DAT,8.36,0.956,-0.039,down
vol1,SD6060.LFT,SD6060,sd6060,C. Fox,clean,clean,,,203600,JG00072.DAT,7.25,0.879,-0.039,down
vol1,SD6060.LFT,SD6060,sd6060,C. Fox,clean,clean,,,203600,JG00072.DAT,6.29,0.795,-0.039,down
vol1,SD6060.LFT,SD6060,sd6060,C. Fox,clean,clean,,,203600,JG00072.DAT,5.29,0.703,-0.039,down
vol1,SD6060.LFT,SD6060,sd6060,C. Fox,clean,clean,,,203600,JG00072.DAT,4.18,0.587,-0.039,down
vol1,SD6060.LFT,SD6060,sd6060,C. Fox,clean,clean,,,203600,JG00072.DAT,3.26,0.492,-0.039,down
vol1,SD6060.LFT,SD6060,sd6060,C. Fox,clean,clean,,,203600,JG00072.DAT,2.22,0.382,-0.039,down
vol1,SD6060.LFT,SD6060,sd6060,C. Fox,clean,clean,,,203600,JG00072.DAT,1.08,0.271,-0.039,down
vol1,SD6060.LFT,SD6060,sd6060,C. Fox,clean,clean,,,203600,JG00072.DAT,0.11,0.16,-0.039,down
vol1,SD6060.LFT,SD6060,sd6060,C. Fox,clean,clean,,,203600,JG00072.DAT,-0.9,0.052,-0.039,down
vol1,SD6060.LFT,SD6060,sd6060,C. Fox,clean,clean,,,203600,JG00072.DAT,-1.99,-0.038,-0.039,down
vol1,SD6060.LFT,SD6060,sd6060,C. Fox,clean,clean,,,203600,JG00072.DAT,-3.03,-0.109,-0.039,down
vol1,SD6060.LFT,SD6060,sd6060,C. Fox,clean,clean,,,203600,JG00072.DAT,-3.96,-0.196,-0.039,down
vol1,SD6060.LFT,SD6060,sd6060,C. Fox,clean,clean,,,203600,JG00072.DAT,-4.96,-0.32,-0.039,down
vol1,SD6060.LFT,SD6060,sd6060,C. Fox,clean,clean,,,203600,JG00072.DAT,-6.02,-0.417,-0.039,down
vol1,SD6060.LFT,SD6060,sd6060,C. Fox,clean,clean,,,304900,JG00070.DAT,-6.13,-0.416,-0.039,up
vol1,SD6060.LFT,SD6060,sd6060,C. Fox,clean,clean,,,304900,JG00070.DAT,-4.82,-0.284,-0.039,up
vol1,SD6060.LFT,SD6060,sd6060,C. Fox,clean,clean,,,304900,JG00070.DAT,-4.0,-0.213,-0.039,up
vol1,SD6060.LFT,SD6060,sd6060,C. Fox,clean,clean,,,304900,JG00070.DAT,-2.83,-0.112,-0.039,up
vol1,SD6060.LFT,SD6060,sd6060,C. Fox,clean,clean,,,304900,JG00070.DAT,-1.96,-0.038,-0.039,up
vol1,SD6060.LFT,SD6060,sd6060,C. Fox,clean,clean,,,304900,JG00070.DAT,-0.92,0.05,-0.039,up
vol1,SD6060.LFT,SD6060,sd6060,C. Fox,clean,clean,,,304900,JG00070.DAT,0.1,0.138,-0.039,up
vol1,SD6060.LFT,SD6060,sd6060,C. Fox,clean,clean,,,304900,JG00070.DAT,1.2,0.283,-0.039,up
vol1,SD6060.LFT,SD6060,sd6060,C. Fox,clean,clean,,,304900,JG00070.DAT,2.21,0.386,-0.039,up
vol1,SD6060.LFT,SD6060,sd6060,C. Fox,clean,clean,,,304900,JG00070.DAT,3.2,0.494,-0.039,up
vol1,SD6060.LFT,SD6060,sd6060,C. Fox,clean,clean,,,304900,JG00070.DAT,4.19,0.6,-0.039,up
vol1,SD6060.LFT,SD6060,sd6060,C. Fox,clean,clean,,,304900,JG00070.DAT,5.22,0.704,-0.039,up
vol1,SD6060.LFT,SD6060,sd6060,C. Fox,clean,clean,,,304900,JG00070.DAT,6.26,0.802,-0.039,up
vol1,SD6060.LFT,SD6060,sd6060,C. Fox,clean,clean,,,304900,JG00070.DAT,7.31,0.887,-0.039,up
vol1,SD6060.LFT,SD6060,sd6060,C. Fox,clean,clean,,,304900,JG00070.DAT,8.39,0.958,-0.039,up
vol1,SD6060.LFT,SD6060,sd6060,C. Fox,clean,clean,,,304900,JG00070.DAT,9.29,1.001,-0.039,up
vol1,SD6060.LFT,SD6060,sd6060,C. Fox,clean,clean,,,304900,JG00070.DAT,10.3,1.029,-0.039,up
vol1,SD6060.LFT,SD6060,sd6060,C. Fox,clean,clean,,,304900,JG00070.DAT,11.38,1.044,-0.039,up
vol1,SD6060.LFT,SD6060,sd6060,C. Fox,clean,clean,,,304900,JG00070.DAT,12.32,1.093,-0.039,up
vol1,SD6060.LFT,SD6060,sd6060,C. Fox,clean,clean,,,304900,JG00070.DAT,13.25,1.104,-0.039,up
vol1,SD6060.LFT,SD6060,sd6060,C. Fox,clean,clean,,,304900,JG00070.DAT,14.31,1.106,-0.039,up
vol1,SD6060.LFT,SD6060,sd6060,C. Fox,clean,clean,,,304900,JG00070.DAT,15.33,1.058,-0.039,up
vol1,SD6060.LFT,SD6060,sd6060,C. Fox,clean,clean,,,304900,JG00070.DAT,16.3,1.025,-0.039,up
vol1,SD6060.LFT,SD6060,sd6060,C. Fox,clean,clean,,,304900,JG00070.DAT,17.26,0.996,-0.039,up
vol1,SD6060.LFT,SD6060,sd6060,C. Fox,clean,clean,,,304900,JG00070.DAT,18.3,0.991,-0.039,up
vol1,SD6060.LFT,SD6060,sd6060,C. Fox,clean,clean,,,304900,JG00070.DAT,17.04,1.001,-0.039,down
vol1,SD6060.LFT,SD6060,sd6060,C. Fox,clean,clean,,,304900,JG00070.DAT,16.0,1.028,-0.039,down
vol1,SD6060.LFT,SD6060,sd6060,C. Fox,clean,clean,,,304900,JG00070.DAT,15.12,1.065,-0.039,down
vol1,SD6060.LFT,SD6060,sd6060,C. Fox,clean,clean,,,304900,JG00070.DAT,14.15,1.117,-0.039,down
vol1,SD6060.LFT,SD6060,sd6060,C. Fox,clean,clean,,,304900,JG00070.DAT,13.22,1.11,-0.039,down
vol1,SD6060.LFT,SD6060,sd6060,C. Fox,clean,clean,,,304900,JG00070.DAT,12.08,1.085,-0.039,down
vol1,SD6060.LFT,SD6060,sd6060,C. Fox,clean,clean,,,304900,JG00070.DAT,11.08,1.036,-0.039,down
vol1,SD6060.LFT,SD6060,sd6060,C. Fox,clean,clean,,,304900,JG00070.DAT,10.15,1.022,-0.039,down
vol1,SD6060.LFT,SD6060,sd6060,C. Fox,clean,clean,,,304900,JG00070.DAT,9.06,0.984,-0.039,down
vol1,SD6060.LFT,SD6060,sd6060,C. Fox,clean,clean,,,304900,JG00070.DAT,8.05,0.928,-0.039,down
vol1,SD6060.LFT,SD6060,sd6060,C. Fox,clean,clean,,,304900,JG00070.DAT,7.01,0.853,-0.039,down
vol1,SD6060.LFT,SD6060,sd6060,C. Fox,clean,clean,,,304900,JG00070.DAT,6.03,0.769,-0.039,down
vol1,SD6060.LFT,SD6060,sd6060,C. Fox,clean,clean,,,304900,JG00070.DAT,5.04,0.677,-0.039,down
vol1,SD6060.LFT,SD6060,sd6060,C. Fox,clean,clean,,,304900,JG00070.DAT,3.92,0.562,-0.039,down
vol1,SD6060.LFT,SD6060,sd6060,C. Fox,clean,clean,,,304900,JG00070.DAT,2.92,0.454,-0.039,down
vol1,SD6060.LFT,SD6060,sd6060,C. Fox,clean,clean,,,304900,JG00070.DAT,1.89,0.346,-0.039,down
vol1,SD6060.LFT,SD6060,sd6060,C. Fox,clean,clean,,,304900,JG00070.DAT,0.85,0.223,-0.039,down
vol1,SD6060.LFT,SD6060,sd6060,C. Fox,clean,clean,,,304900,JG00070.DAT,-0.24,0.095,-0.039,down
vol1,SD6060.LFT,SD6060,sd6060,C. Fox,clean,clean,,,304900,JG00070.DAT,-1.35,-0.001,-0.039,down
vol1,SD6060.LFT,SD6060,sd6060,C. Fox,clean,clean,,,304900,JG00070.DAT,-2.29,-0.079,-0.039,down
vol1,SD6060.LFT,SD6060,sd6060,C. Fox,clean,clean,,,304900,JG00070.DAT,-3.49,-0.179,-0.039,down
vol1,SD6060.LFT,SD6060,sd6060,C. Fox,clean,clean,,,304900,JG00070.DAT,-4.44,-0.26,-0.039,down
vol1,SD6060.LFT,SD6060,sd6060,C. Fox,clean,clean,,,304900,JG00070.DAT,-5.38,-0.349,-0.039,down
vol1,SD6060.LFT,SD6060,sd6060,C. Fox,clean,clean,,,304900,JG00070.DAT,-6.56,-0.462,-0.039,down
vol1,SD7003.LFT,SD7003,sd7003,M. Allen,clean,clean,,,61200,JG00168.DAT,-6.28,-0.422,-0.035,up
vol1,SD7003.LFT,SD7003,sd7003,M. Allen,clean,clean,,,61200,JG00168.DAT,-4.82,-0.312,-0.035,up
vol1,SD7003.LFT,SD7003,sd7003,M. Allen,clean,clean,,,61200,JG00168.DAT,-2.95,-0.167,-0.035,up
vol1,SD7003.LFT,SD7003,sd7003,M. Allen,clean,clean,,,61200,JG00168.DAT,-1.6,-0.063,-0.035,up
vol1,SD7003.LFT,SD7003,sd7003,M. Allen,clean,clean,,,61200,JG00168.DAT,-0.07,0.083,-0.035,up
vol1,SD7003.LFT,SD7003,sd7003,M. Allen,clean,clean,,,61200,JG00168.DAT,1.62,0.326,-0.035,up
vol1,SD7003.LFT,SD7003,sd7003,M. Allen,clean,clean,,,61200,JG00168.DAT,3.04,0.486,-0.035,up
vol1,SD7003.LFT,SD7003,sd7003,M. Allen,clean,clean,,,61200,JG00168.DAT,4.64,0.623,-0.035,up
vol1,SD7003.LFT,SD7003,sd7003,M. Allen,clean,clean,,,61200,JG00168.DAT,6.1,0.749,-0.035,up
vol1,SD7003.LFT,SD7003,sd7003,M. Allen,clean,clean,,,61200,JG00168.DAT,7.7,0.883,-0.035,up
vol1,SD7003.LFT,SD7003,sd7003,M. Allen,clean,clean,,,61200,JG00168.DAT,9.14,0.985,-0.035,up
vol1,SD7003.LFT,SD7003,sd7003,M. Allen,clean,clean,,,61200,JG00168.DAT,10.77,1.029,-0.035,up
vol1,SD7003.LFT,SD7003,sd7003,M. Allen,clean,clean,,,61200,JG00168.DAT,12.19,0.966,-0.035,up
vol1,SD7003.LFT,SD7003,sd7003,M. Allen,clean,clean,,,61200,JG00168.DAT,13.51,0.906,-0.035,up
vol1,SD7003.LFT,SD7003,sd7003,M. Allen,clean,clean,,,61200,JG00168.DAT,15.34,0.867,-0.035,up
vol1,SD7003.LFT,SD7003,sd7003,M. Allen,clean,clean,,,61200,JG00168.DAT,16.77,0.882,-0.035,up
vol1,SD7003.LFT,SD7003,sd7003,M. Allen,clean,clean,,,61200,JG00168.DAT,18.31,0.878,-0.035,up
vol1,SD7003.LFT,SD7003,sd7003,M. Allen,clean,clean,,,61200,JG00168.DAT,16.55,0.888,-0.035,down
vol1,SD7003.LFT,SD7003,sd7003,M. Allen,clean,clean,,,61200,JG00168.DAT,14.93,0.904,-0.035,down
vol1,SD7003.LFT,SD7003,sd7003,M. Allen,clean,clean,,,61200,JG00168.DAT,13.59,0.916,-0.035,down
vol1,SD7003.LFT,SD7003,sd7003,M. Allen,clean,clean,,,61200,JG00168.DAT,12.2,0.955,-0.035,down
vol1,SD7003.LFT,SD7003,sd7003,M. Allen,clean,clean,,,61200,JG00168.DAT,10.71,1.032,-0.035,down
vol1,SD7003.LFT,SD7003,sd7003,M. Allen,clean,clean,,,61200,JG00168.DAT,9.03,0.959,-0.035,down
vol1,SD7003.LFT,SD7003,sd7003,M. Allen,clean,clean,,,61200,JG00168.DAT,7.68,0.865,-0.035,down
vol1,SD7003.LFT,SD7003,sd7003,M. Allen,clean,clean,,,61200,JG00168.DAT,6.01,0.732,-0.035,down
vol1,SD7003.LFT,SD7003,sd7003,M. Allen,clean,clean,,,61200,JG00168.DAT,4.52,0.603,-0.035,down
vol1,SD7003.LFT,SD7003,sd7003,M. Allen,clean,clean,,,61200,JG00168.DAT,3.08,0.477,-0.035,down
vol1,SD7003.LFT,SD7003,sd7003,M. Allen,clean,clean,,,61200,JG00168.DAT,1.48,0.293,-0.035,down
vol1,SD7003.LFT,SD7003,sd7003,M. Allen,clean,clean,,,61200,JG00168.DAT,-0.01,0.08,-0.035,down
vol1,SD7003.LFT,SD7003,sd7003,M. Allen,clean,clean,,,61200,JG00168.DAT,-1.61,-0.073,-0.035,down
vol1,SD7003.LFT,SD7003,sd7003,M. Allen,clean,clean,,,61200,JG00168.DAT,-3.26,-0.209,-0.035,down
vol1,SD7003.LFT,SD7003,sd7003,M. Allen,clean,clean,,,61200,JG00168.DAT,-4.63,-0.32,-0.035,down
vol1,SD7003.LFT,SD7003,sd7003,M. Allen,clean,clean,,,61200,JG00168.DAT,-6.34,-0.463,-0.035,down
vol1,SD7003.LFT,SD7003,sd7003,M. Allen,clean,clean,,,102200,JG00170.DAT,-6.32,-0.465,-0.035,up
vol1,SD7003.LFT,SD7003,sd7003,M. Allen,clean,clean,,,102200,JG00170.DAT,-4.77,-0.329,-0.035,up
vol1,SD7003.LFT,SD7003,sd7003,M. Allen,clean,clean,,,102200,JG00170.DAT,-3.19,-0.179,-0.035,up
vol1,SD7003.LFT,SD7003,sd7003,M. Allen,clean,clean,,,102200,JG00170.DAT,-1.51,-0.045,-0.035,up
vol1,SD7003.LFT,SD7003,sd7003,M. Allen,clean,clean,,,102200,JG00170.DAT,0.04,0.113,-0.035,up
vol1,SD7003.LFT,SD7003,sd7003,M. Allen,clean,clean,,,102200,JG00170.DAT,1.35,0.328,-0.035,up
vol1,SD7003.LFT,SD7003,sd7003,M. Allen,clean,clean,,,102200,JG00170.DAT,3.15,0.491,-0.035,up
vol1,SD7003.LFT,SD7003,sd7003,M. Allen,clean,clean,,,102200,JG00170.DAT,4.44,0.615,-0.035,up
vol1,SD7003.LFT,SD7003,sd7003,M. Allen,clean,clean,,,102200,JG00170.DAT,6.22,0.787,-0.035,up
vol1,SD7003.LFT,SD7003,sd7003,M. Allen,clean,clean,,,102200,JG00170.DAT,7.56,0.903,-0.035,up
vol1,SD7003.LFT,SD7003,sd7003,M. Allen,clean,clean,,,102200,JG00170.DAT,9.29,1.025,-0.035,up
vol1,SD7003.LFT,SD7003,sd7003,M. Allen,clean,clean,,,102200,JG00170.DAT,10.59,1.086,-0.035,up
vol1,SD7003.LFT,SD7003,sd7003,M. Allen,clean,clean,,,102200,JG00170.DAT,12.19,0.968,-0.035,up
vol1,SD7003.LFT,SD7003,sd7003,M. Allen,clean,clean,,,102200,JG00170.DAT,13.57,0.931,-0.035,up
vol1,SD7003.LFT,SD7003,sd7003,M. Allen,clean,clean,,,102200,JG00170.DAT,15.17,0.919,-0.035,up
vol1,SD7003.LFT,SD7003,sd7003,M. Allen,clean,clean,,,102200,JG00170.DAT,16.63,0.95,-0.035,up
vol1,SD7003.LFT,SD7003,sd7003,M. Allen,clean,clean,,,102200,JG00170.DAT,18.29,0.936,-0.035,up
vol1,SD7003.LFT,SD7003,sd7003,M. Allen,clean,clean,,,102200,JG00170.DAT,16.49,0.927,-0.035,down
vol1,SD7003.LFT,SD7003,sd7003,M. Allen,clean,clean,,,102200,JG00170.DAT,14.9,0.954,-0.035,down
vol1,SD7003.LFT,SD7003,sd7003,M. Allen,clean,clean,,,102200,JG00170.DAT,13.56,0.943,-0.035,down
vol1,SD7003.LFT,SD7003,sd7003,M. Allen,clean,clean,,,102200,JG00170.DAT,12.04,0.949,-0.035,down
vol1,SD7003.LFT,SD7003,sd7003,M. Allen,clean,clean,,,102200,JG00170.DAT,10.69,1.086,-0.035,down
vol1,SD7003.LFT,SD7003,sd7003,M. Allen,clean,clean,,,102200,JG00170.DAT,9.1,1.01,-0.035,down
vol1,SD7003.LFT,SD7003,sd7003,M. Allen,clean,clean,,,102200,JG00170.DAT,7.71,0.911,-0.035,down
vol1,SD7003.LFT,SD7003,sd7003,M. Allen,clean,clean,,,102200,JG00170.DAT,5.93,0.758,-0.035,down
vol1,SD7003.LFT,SD7003,sd7003,M. Allen,clean,clean,,,102200,JG00170.DAT,4.5,0.618,-0.035,down
vol1,SD7003.LFT,SD7003,sd7003,M. Allen,clean,clean,,,102200,JG00170.DAT,3.07,0.477,-0.035,down
vol1,SD7003.LFT,SD7003,sd7003,M. Allen,clean,clean,,,102200,JG00170.DAT,1.52,0.34,-0.035,down
vol1,SD7003.LFT,SD7003,sd7003,M. Allen,clean,clean,,,102200,JG00170.DAT,-0.0,0.101,-0.035,down
vol1,SD7003.LFT,SD7003,sd7003,M. Allen,clean,clean,,,102200,JG00170.DAT,-1.58,-0.051,-0.035,down
vol1,SD7003.LFT,SD7003,sd7003,M. Allen,clean,clean,,,102200,JG00170.DAT,-3.23,-0.186,-0.035,down
vol1,SD7003.LFT,SD7003,sd7003,M. Allen,clean,clean,,,102200,JG00170.DAT,-4.74,-0.324,-0.035,down
vol1,SD7003.LFT,SD7003,sd7003,M. Allen,clean,clean,,,102200,JG00170.DAT,-6.18,-0.453,-0.035,down
vol1,SD7003.LFT,SD7003,sd7003,M. Allen,clean,clean,,,203400,JG00172.DAT,-6.27,-0.453,-0.035,up
vol1,SD7003.LFT,SD7003,sd7003,M. Allen,clean,clean,,,203400,JG00172.DAT,-4.67,-0.302,-0.035,up
vol1,SD7003.LFT,SD7003,sd7003,M. Allen,clean,clean,,,203400,JG00172.DAT,-2.83,-0.124,-0.035,up
vol1,SD7003.LFT,SD7003,sd7003,M. Allen,clean,clean,,,203400,JG00172.DAT,-1.7,-0.023,-0.035,up
vol1,SD7003.LFT,SD7003,sd7003,M. Allen,clean,clean,,,203400,JG00172.DAT,0.05,0.169,-0.035,up
vol1,SD7003.LFT,SD7003,sd7003,M. Allen,clean,clean,,,203400,JG00172.DAT,1.56,0.322,-0.035,up
vol1,SD7003.LFT,SD7003,sd7003,M. Allen,clean,clean,,,203400,JG00172.DAT,3.1,0.478,-0.035,up
vol1,SD7003.LFT,SD7003,sd7003,M. Allen,clean,clean,,,203400,JG00172.DAT,4.64,0.635,-0.035,up
vol1,SD7003.LFT,SD7003,sd7003,M. Allen,clean,clean,,,203400,JG00172.DAT,5.95,0.76,-0.035,up
vol1,SD7003.LFT,SD7003,sd7003,M. Allen,clean,clean,,,203400,JG00172.DAT,7.53,0.905,-0.035,up
vol1,SD7003.LFT,SD7003,sd7003,M. Allen,clean,clean,,,203400,JG00172.DAT,9.0,1.019,-0.035,up
vol1,SD7003.LFT,SD7003,sd7003,M. Allen,clean,clean,,,203400,JG00172.DAT,10.54,1.11,-0.035,up
vol1,SD7003.LFT,SD7003,sd7003,M. Allen,clean,clean,,,203400,JG00172.DAT,11.87,0.985,-0.035,up
vol1,SD7003.LFT,SD7003,sd7003,M. Allen,clean,clean,,,203400,JG00172.DAT,14.0,0.981,-0.035,up
vol1,SD7003.LFT,SD7003,sd7003,M. Allen,clean,clean,,,203400,JG00172.DAT,15.27,0.959,-0.035,up
vol1,SD7003.LFT,SD7003,sd7003,M. Allen,clean,clean,,,203400,JG00172.DAT,16.68,0.943,-0.035,up
vol1,SD7003.LFT,SD7003,sd7003,M. Allen,clean,clean,,,203400,JG00172.DAT,18.21,0.922,-0.035,up
vol1,SD7003.LFT,SD7003,sd7003,M. Allen,clean,clean,,,203400,JG00172.DAT,16.44,0.956,-0.035,down
vol1,SD7003.LFT,SD7003,sd7003,M. Allen,clean,clean,,,203400,JG00172.DAT,14.9,0.943,-0.035,down
vol1,SD7003.LFT,SD7003,sd7003,M. Allen,clean,clean,,,203400,JG00172.DAT,13.18,0.965,-0.035,down
vol1,SD7003.LFT,SD7003,sd7003,M. Allen,clean,clean,,,203400,JG00172.DAT,12.06,0.98,-0.035,down
vol1,SD7003.LFT,SD7003,sd7003,M. Allen,clean,clean,,,203400,JG00172.DAT,10.53,1.109,-0.035,down
vol1,SD7003.LFT,SD7003,sd7003,M. Allen,clean,clean,,,203400,JG00172.DAT,9.08,1.023,-0.035,down
vol1,SD7003.LFT,SD7003,sd7003,M. Allen,clean,clean,,,203400,JG00172.DAT,7.59,0.91,-0.035,down
vol1,SD7003.LFT,SD7003,sd7003,M. Allen,clean,clean,,,203400,JG00172.DAT,6.09,0.775,-0.035,down
vol1,SD7003.LFT,SD7003,sd7003,M. Allen,clean,clean,,,203400,JG00172.DAT,4.58,0.628,-0.035,down
vol1,SD7003.LFT,SD7003,sd7003,M. Allen,clean,clean,,,203400,JG00172.DAT,2.86,0.452,-0.035,down
vol1,SD7003.LFT,SD7003,sd7003,M. Allen,clean,clean,,,203400,JG00172.DAT,1.38,0.299,-0.035,down
vol1,SD7003.LFT,SD7003,sd7003,M. Allen,clean,clean,,,203400,JG00172.DAT,-0.15,0.139,-0.035,down
vol1,SD7003.LFT,SD7003,sd7003,M. Allen,clean,clean,,,203400,JG00172.DAT,-1.65,-0.028,-0.035,down
vol1,SD7003.LFT,SD7003,sd7003,M. Allen,clean,clean,,,203400,JG00172.DAT,-3.23,-0.171,-0.035,down
vol1,SD7003.LFT,SD7003,sd7003,M. Allen,clean,clean,,,203400,JG00172.DAT,-4.81,-0.326,-0.035,down
vol1,SD7003.LFT,SD7003,sd7003,M. Allen,clean,clean,,,203400,JG00172.DAT,-6.27,-0.462,-0.035,down
vol1,SD7003.LFT,SD7003,sd7003,M. Allen,clean,clean,,,304600,MS00174.DAT,-6.34,-0.473,-0.035,up
vol1,SD7003.LFT,SD7003,sd7003,M. Allen,clean,clean,,,304600,MS00174.DAT,-4.33,-0.277,-0.035,up
vol1,SD7003.LFT,SD7003,sd7003,M. Allen,clean,clean,,,304600,MS00174.DAT,-3.0,-0.145,-0.035,up
vol1,SD7003.LFT,SD7003,sd7003,M. Allen,clean,clean,,,304600,MS00174.DAT,-1.71,-0.019,-0.035,up
vol1,SD7003.LFT,SD7003,sd7003,M. Allen,clean,clean,,,304600,MS00174.DAT,0.28,0.179,-0.035,up
vol1,SD7003.LFT,SD7003,sd7003,M. Allen,clean,clean,,,304600,MS00174.DAT,1.69,0.328,-0.035,up
vol1,SD7003.LFT,SD7003,sd7003,M. Allen,clean,clean,,,304600,MS00174.DAT,3.28,0.498,-0.035,up
vol1,SD7003.LFT,SD7003,sd7003,M. Allen,clean,clean,,,304600,MS00174.DAT,4.67,0.642,-0.035,up
vol1,SD7003.LFT,SD7003,sd7003,M. Allen,clean,clean,,,304600,MS00174.DAT,6.11,0.783,-0.035,up
vol1,SD7003.LFT,SD7003,sd7003,M. Allen,clean,clean,,,304600,MS00174.DAT,7.75,0.929,-0.035,up
vol1,SD7003.LFT,SD7003,sd7003,M. Allen,clean,clean,,,304600,MS00174.DAT,9.04,1.033,-0.035,up
vol1,SD7003.LFT,SD7003,sd7003,M. Allen,clean,clean,,,304600,MS00174.DAT,10.64,1.131,-0.035,up
vol1,SD7003.LFT,SD7003,sd7003,M. Allen,clean,clean,,,304600,MS00174.DAT,11.68,1.073,-0.035,up
vol1,SD7003.LFT,SD7003,sd7003,M. Allen,clean,clean,,,304600,MS00174.DAT,13.03,0.994,-0.035,up
vol1,SD7003.LFT,SD7003,sd7003,M. Allen,clean,clean,,,304600,MS00174.DAT,15.33,0.965,-0.035,up
vol1,SD7003.LFT,SD7003,sd7003,M. Allen,clean,clean,,,304600,MS00174.DAT,16.3,0.965,-0.035,up
vol1,SD7003.LFT,SD7003,sd7003,M. Allen,clean,clean,,,304600,MS00174.DAT,17.79,0.928,-0.035,up
vol1,SD7003.LFT,SD7003,sd7003,M. Allen,clean,clean,,,304600,MS00174.DAT,16.42,0.971,-0.035,down
vol1,SD7003.LFT,SD7003,sd7003,M. Allen,clean,clean,,,304600,MS00174.DAT,14.83,0.954,-0.035,down
vol1,SD7003.LFT,SD7003,sd7003,M. Allen,clean,clean,,,304600,MS00174.DAT,13.47,0.992,-0.035,down
vol1,SD7003.LFT,SD7003,sd7003,M. Allen,clean,clean,,,304600,MS00174.DAT,11.82,1.051,-0.035,down
vol1,SD7003.LFT,SD7003,sd7003,M. Allen,clean,clean,,,304600,MS00174.DAT,10.62,1.133,-0.035,down
vol1,SD7003.LFT,SD7003,sd7003,M. Allen,clean,clean,,,304600,MS00174.DAT,9.19,1.048,-0.035,down
vol1,SD7003.LFT,SD7003,sd7003,M. Allen,clean,clean,,,304600,MS00174.DAT,7.56,0.916,-0.035,down
vol1,SD7003.LFT,SD7003,sd7003,M. Allen,clean,clean,,,304600,MS00174.DAT,5.89,0.762,-0.035,down
vol1,SD7003.LFT,SD7003,sd7003,M. Allen,clean,clean,,,304600,MS00174.DAT,4.37,0.608,-0.035,down
vol1,SD7003.LFT,SD7003,sd7003,M. Allen,clean,clean,,,304600,MS00174.DAT,2.96,0.459,-0.035,down
vol1,SD7003.LFT,SD7003,sd7003,M. Allen,clean,clean,,,304600,MS00174.DAT,1.35,0.283,-0.035,down
vol1,SD7003.LFT,SD7003,sd7003,M. Allen,clean,clean,,,304600,MS00174.DAT,-0.17,0.129,-0.035,down
vol1,SD7003.LFT,SD7003,sd7003,M. Allen,clean,clean,,,304600,MS00174.DAT,-1.86,-0.047,-0.035,down
vol1,SD7003.LFT,SD7003,sd7003,M. Allen,clean,clean,,,304600,MS00174.DAT,-3.21,-0.176,-0.035,down
vol1,SD7003.LFT,SD7003,sd7003,M. Allen,clean,clean,,,304600,MS00174.DAT,-4.82,-0.34,-0.035,down
vol1,SD7003.LFT,SD7003,sd7003,M. Allen,clean,clean,,,304600,MS00174.DAT,-6.45,-0.491,-0.035,down
vol1,SD7032D.LFT,SD7032 (D),sd7032,S. Watson,clean,clean,,,61200,JG00234.DAT,-5.47,-0.244,-0.1,up
vol1,SD7032D.LFT,SD7032 (D),sd7032,S. Watson,clean,clean,,,61200,JG00234.DAT,-3.78,-0.094,-0.1,up
vol1,SD7032D.LFT,SD7032 (D),sd7032,S. Watson,clean,clean,,,61200,JG00234.DAT,-2.27,0.05,-0.1,up
vol1,SD7032D.LFT,SD7032 (D),sd7032,S. Watson,clean,clean,,,61200,JG00234.DAT,-0.64,0.255,-0.1,up
vol1,SD7032D.LFT,SD7032 (D),sd7032,S. Watson,clean,clean,,,61200,JG00234.DAT,0.79,0.442,-0.1,up
vol1,SD7032D.LFT,SD7032 (D),sd7032,S. Watson,clean,clean,,,61200,JG00234.DAT,2.44,0.638,-0.1,up
vol1,SD7032D.LFT,SD7032 (D),sd7032,S. Watson,clean,clean,,,61200,JG00234.DAT,4.08,0.803,-0.1,up
vol1,SD7032D.LFT,SD7032 (D),sd7032,S. Watson,clean,clean,,,61200,JG00234.DAT,5.56,0.932,-0.1,up
vol1,SD7032D.LFT,SD7032 (D),sd7032,S. Watson,clean,clean,,,61200,JG00234.DAT,7.15,1.066,-0.1,up
vol1,SD7032D.LFT,SD7032 (D),sd7032,S. Watson,clean,clean,,,61200,JG00234.DAT,8.65,1.172,-0.1,up
vol1,SD7032D.LFT,SD7032 (D),sd7032,S. Watson,clean,clean,,,61200,JG00234.DAT,10.22,1.25,-0.1,up
vol1,SD7032D.LFT,SD7032 (D),sd7032,S. Watson,clean,clean,,,61200,JG00234.DAT,11.56,1.306,-0.1,up
vol1,SD7032D.LFT,SD7032 (D),sd7032,S. Watson,clean,clean,,,61200,JG00234.DAT,13.14,1.321,-0.1,up
vol1,SD7032D.LFT,SD7032 (D),sd7032,S. Watson,clean,clean,,,61200,JG00234.DAT,14.55,1.034,-0.1,up
vol1,SD7032D.LFT,SD7032 (D),sd7032,S. Watson,clean,clean,,,61200,JG00234.DAT,16.06,1.045,-0.1,up
vol1,SD7032D.LFT,SD7032 (D),sd7032,S. Watson,clean,clean,,,61200,JG00234.DAT,17.51,1.084,-0.1,up
vol1,SD7032D.LFT,SD7032 (D),sd7032,S. Watson,clean,clean,,,61200,JG00234.DAT,19.06,1.119,-0.1,up
vol1,SD7032D.LFT,SD7032 (D),sd7032,S. Watson,clean,clean,,,61200,JG00234.DAT,17.39,1.127,-0.1,down
vol1,SD7032D.LFT,SD7032 (D),sd7032,S. Watson,clean,clean,,,61200,JG00234.DAT,15.66,1.072,-0.1,down
vol1,SD7032D.LFT,SD7032 (D),sd7032,S. Watson,clean,clean,,,61200,JG00234.DAT,14.39,1.124,-0.1,down
vol1,SD7032D.LFT,SD7032 (D),sd7032,S. Watson,clean,clean,,,61200,JG00234.DAT,12.68,1.056,-0.1,down
vol1,SD7032D.LFT,SD7032 (D),sd7032,S. Watson,clean,clean,,,61200,JG00234.DAT,11.4,1.295,-0.1,down
vol1,SD7032D.LFT,SD7032 (D),sd7032,S. Watson,clean,clean,,,61200,JG00234.DAT,9.84,1.227,-0.1,down
vol1,SD7032D.LFT,SD7032 (D),sd7032,S. Watson,clean,clean,,,61200,JG00234.DAT,8.41,1.141,-0.1,down
vol1,SD7032D.LFT,SD7032 (D),sd7032,S. Watson,clean,clean,,,61200,JG00234.DAT,6.73,1.012,-0.1,down
vol1,SD7032D.LFT,SD7032 (D),sd7032,S. Watson,clean,clean,,,61200,JG00234.DAT,5.27,0.884,-0.1,down
vol1,SD7032D.LFT,SD7032 (D),sd7032,S. Watson,clean,clean,,,61200,JG00234.DAT,3.72,0.741,-0.1,down
vol1,SD7032D.LFT,SD7032 (D),sd7032,S. Watson,clean,clean,,,61200,JG00234.DAT,2.21,0.588,-0.1,down
vol1,SD7032D.LFT,SD7032 (D),sd7032,S. Watson,clean,clean,,,61200,JG00234.DAT,0.64,0.398,-0.1,down
vol1,SD7032D.LFT,SD7032 (D),sd7032,S. Watson,clean,clean,,,61200,JG00234.DAT,-0.8,0.209,-0.1,down
vol1,SD7032D.LFT,SD7032 (D),sd7032,S. Watson,clean,clean,,,61200,JG00234.DAT,-2.43,0.003,-0.1,down
vol1,SD7032D.LFT,SD7032 (D),sd7032,S. Watson,clean,clean,,,61200,JG00234.DAT,-3.97,-0.138,-0.1,down
vol1,SD7032D.LFT,SD7032 (D),sd7032,S. Watson,clean,clean,,,61200,JG00234.DAT,-5.63,-0.282,-0.1,down
vol1,SD7032D.LFT,SD7032 (D),sd7032,S. Watson,clean,clean,,,101500,JG00236.DAT,-5.5,-0.278,-0.1,up
vol1,SD7032D.LFT,SD7032 (D),sd7032,S. Watson,clean,clean,,,101500,JG00236.DAT,-3.6,-0.04,-0.1,up
vol1,SD7032D.LFT,SD7032 (D),sd7032,S. Watson,clean,clean,,,101500,JG00236.DAT,-1.95,0.196,-0.1,up
vol1,SD7032D.LFT,SD7032 (D),sd7032,S. Watson,clean,clean,,,101500,JG00236.DAT,-0.57,0.354,-0.1,up
vol1,SD7032D.LFT,SD7032 (D),sd7032,S. Watson,clean,clean,,,101500,JG00236.DAT,1.05,0.528,-0.1,up
vol1,SD7032D.LFT,SD7032 (D),sd7032,S. Watson,clean,clean,,,101500,JG00236.DAT,2.52,0.668,-0.1,up
vol1,SD7032D.LFT,SD7032 (D),sd7032,S. Watson,clean,clean,,,101500,JG00236.DAT,4.08,0.823,-0.1,up
vol1,SD7032D.LFT,SD7032 (D),sd7032,S. Watson,clean,clean,,,101500,JG00236.DAT,5.48,0.958,-0.1,up
vol1,SD7032D.LFT,SD7032 (D),sd7032,S. Watson,clean,clean,,,101500,JG00236.DAT,7.0,1.096,-0.1,up
vol1,SD7032D.LFT,SD7032 (D),sd7032,S. Watson,clean,clean,,,101500,JG00236.DAT,8.58,1.228,-0.1,up
vol1,SD7032D.LFT,SD7032 (D),sd7032,S. Watson,clean,clean,,,101500,JG00236.DAT,10.21,1.33,-0.1,up
vol1,SD7032D.LFT,SD7032 (D),sd7032,S. Watson,clean,clean,,,101500,JG00236.DAT,11.63,1.358,-0.1,up
vol1,SD7032D.LFT,SD7032 (D),sd7032,S. Watson,clean,clean,,,101500,JG00236.DAT,13.14,1.352,-0.1,up
vol1,SD7032D.LFT,SD7032 (D),sd7032,S. Watson,clean,clean,,,101500,JG00236.DAT,14.55,1.322,-0.1,up
vol1,SD7032D.LFT,SD7032 (D),sd7032,S. Watson,clean,clean,,,101500,JG00236.DAT,16.04,1.041,-0.1,up
vol1,SD7032D.LFT,SD7032 (D),sd7032,S. Watson,clean,clean,,,101500,JG00236.DAT,17.66,1.055,-0.1,up
vol1,SD7032D.LFT,SD7032 (D),sd7032,S. Watson,clean,clean,,,101500,JG00236.DAT,19.26,1.059,-0.1,up
vol1,SD7032D.LFT,SD7032 (D),sd7032,S. Watson,clean,clean,,,101500,JG00236.DAT,17.15,1.062,-0.1,down
vol1,SD7032D.LFT,SD7032 (D),sd7032,S. Watson,clean,clean,,,101500,JG00236.DAT,15.77,1.061,-0.1,down
vol1,SD7032D.LFT,SD7032 (D),sd7032,S. Watson,clean,clean,,,101500,JG00236.DAT,14.32,1.048,-0.1,down
vol1,SD7032D.LFT,SD7032 (D),sd7032,S. Watson,clean,clean,,,101500,JG00236.DAT,12.74,1.359,-0.1,down
vol1,SD7032D.LFT,SD7032 (D),sd7032,S. Watson,clean,clean,,,101500,JG00236.DAT,11.43,1.355,-0.1,down
vol1,SD7032D.LFT,SD7032 (D),sd7032,S. Watson,clean,clean,,,101500,JG00236.DAT,9.89,1.315,-0.1,down
vol1,SD7032D.LFT,SD7032 (D),sd7032,S. Watson,clean,clean,,,101500,JG00236.DAT,8.43,1.216,-0.1,down
vol1,SD7032D.LFT,SD7032 (D),sd7032,S. Watson,clean,clean,,,101500,JG00236.DAT,6.72,1.07,-0.1,down
vol1,SD7032D.LFT,SD7032 (D),sd7032,S. Watson,clean,clean,,,101500,JG00236.DAT,5.21,0.926,-0.1,down
vol1,SD7032D.LFT,SD7032 (D),sd7032,S. Watson,clean,clean,,,101500,JG00236.DAT,3.57,0.765,-0.1,down
vol1,SD7032D.LFT,SD7032 (D),sd7032,S. Watson,clean,clean,,,101500,JG00236.DAT,2.18,0.629,-0.1,down
vol1,SD7032D.LFT,SD7032 (D),sd7032,S. Watson,clean,clean,,,101500,JG00236.DAT,0.52,0.47,-0.1,down
vol1,SD7032D.LFT,SD7032 (D),sd7032,S. Watson,clean,clean,,,101500,JG00236.DAT,-0.9,0.306,-0.1,down
vol1,SD7032D.LFT,SD7032 (D),sd7032,S. Watson,clean,clean,,,101500,JG00236.DAT,-2.53,0.107,-0.1,down
vol1,SD7032D.LFT,SD7032 (D),sd7032,S. Watson,clean,clean,,,101500,JG00236.DAT,-4.01,-0.096,-0.1,down
vol1,SD7032D.LFT,SD7032 (D),sd7032,S. Watson,clean,clean,,,101500,JG00236.DAT,-5.53,-0.275,-0.1,down
vol1,SD7032D.LFT,SD7032 (D),sd7032,S. Watson,clean,clean,,,152300,PG00542.DAT,-5.58,-0.242,-0.1,up
vol1,SD7032D.LFT,SD7032 (D),sd7032,S. Watson,clean,clean,,,152300,PG00542.DAT,-3.61,0.029,-0.1,up
vol1,SD7032D.LFT,SD7032 (D),sd7032,S. Watson,clean,clean,,,152300,PG00542.DAT,-1.84,0.235,-0.1,up
vol1,SD7032D.LFT,SD7032 (D),sd7032,S. Watson,clean,clean,,,152300,PG00542.DAT,-0.65,0.337,-0.1,up
vol1,SD7032D.LFT,SD7032 (D),sd7032,S. Watson,clean,clean,,,152300,PG00542.DAT,0.91,0.494,-0.1,up
vol1,SD7032D.LFT,SD7032 (D),sd7032,S. Watson,clean,clean,,,152300,PG00542.DAT,2.58,0.67,-0.1,up
vol1,SD7032D.LFT,SD7032 (D),sd7032,S. Watson,clean,clean,,,152300,PG00542.DAT,4.16,0.833,-0.1,up
vol1,SD7032D.LFT,SD7032 (D),sd7032,S. Watson,clean,clean,,,152300,PG00542.DAT,5.58,0.973,-0.1,up
vol1,SD7032D.LFT,SD7032 (D),sd7032,S. Watson,clean,clean,,,152300,PG00542.DAT,7.15,1.113,-0.1,up
vol1,SD7032D.LFT,SD7032 (D),sd7032,S. Watson,clean,clean,,,152300,PG00542.DAT,8.66,1.24,-0.1,up
vol1,SD7032D.LFT,SD7032 (D),sd7032,S. Watson,clean,clean,,,152300,PG00542.DAT,10.13,1.328,-0.1,up
vol1,SD7032D.LFT,SD7032 (D),sd7032,S. Watson,clean,clean,,,152300,PG00542.DAT,11.62,1.36,-0.1,up
vol1,SD7032D.LFT,SD7032 (D),sd7032,S. Watson,clean,clean,,,152300,PG00542.DAT,13.12,1.359,-0.1,up
vol1,SD7032D.LFT,SD7032 (D),sd7032,S. Watson,clean,clean,,,152300,PG00542.DAT,14.57,1.319,-0.1,up
vol1,SD7032D.LFT,SD7032 (D),sd7032,S. Watson,clean,clean,,,152300,PG00542.DAT,16.05,1.275,-0.1,up
vol1,SD7032D.LFT,SD7032 (D),sd7032,S. Watson,clean,clean,,,152300,PG00542.DAT,17.65,1.087,-0.1,up
vol1,SD7032D.LFT,SD7032 (D),sd7032,S. Watson,clean,clean,,,152300,PG00542.DAT,19.16,1.054,-0.1,up
vol1,SD7032D.LFT,SD7032 (D),sd7032,S. Watson,clean,clean,,,152300,PG00542.DAT,17.19,1.075,-0.1,down
vol1,SD7032D.LFT,SD7032 (D),sd7032,S. Watson,clean,clean,,,152300,PG00542.DAT,15.55,1.057,-0.1,down
vol1,SD7032D.LFT,SD7032 (D),sd7032,S. Watson,clean,clean,,,152300,PG00542.DAT,14.44,1.329,-0.1,down
vol1,SD7032D.LFT,SD7032 (D),sd7032,S. Watson,clean,clean,,,152300,PG00542.DAT,12.89,1.356,-0.1,down
vol1,SD7032D.LFT,SD7032 (D),sd7032,S. Watson,clean,clean,,,152300,PG00542.DAT,11.45,1.354,-0.1,down
vol1,SD7032D.LFT,SD7032 (D),sd7032,S. Watson,clean,clean,,,152300,PG00542.DAT,9.83,1.312,-0.1,down
vol1,SD7032D.LFT,SD7032 (D),sd7032,S. Watson,clean,clean,,,152300,PG00542.DAT,8.31,1.206,-0.1,down
vol1,SD7032D.LFT,SD7032 (D),sd7032,S. Watson,clean,clean,,,152300,PG00542.DAT,6.65,1.062,-0.1,down
vol1,SD7032D.LFT,SD7032 (D),sd7032,S. Watson,clean,clean,,,152300,PG00542.DAT,5.28,0.935,-0.1,down
vol1,SD7032D.LFT,SD7032 (D),sd7032,S. Watson,clean,clean,,,152300,PG00542.DAT,3.74,0.78,-0.1,down
vol1,SD7032D.LFT,SD7032 (D),sd7032,S. Watson,clean,clean,,,152300,PG00542.DAT,2.21,0.621,-0.1,down
vol1,SD7032D.LFT,SD7032 (D),sd7032,S. Watson,clean,clean,,,152300,PG00542.DAT,0.43,0.432,-0.1,down
vol1,SD7032D.LFT,SD7032 (D),sd7032,S. Watson,clean,clean,,,152300,PG00542.DAT,-0.96,0.3,-0.1,down
vol1,SD7032D.LFT,SD7032 (D),sd7032,S. Watson,clean,clean,,,152300,PG00542.DAT,-2.46,0.156,-0.1,down
vol1,SD7032D.LFT,SD7032 (D),sd7032,S. Watson,clean,clean,,,152300,PG00542.DAT,-4.0,-0.034,-0.1,down
vol1,SD7032D.LFT,SD7032 (D),sd7032,S. Watson,clean,clean,,,152300,PG00542.DAT,-5.72,-0.28,-0.1,down
vol1,SD7032D.LFT,SD7032 (D),sd7032,S. Watson,clean,clean,,,202400,JG00238.DAT,-5.46,-0.143,-0.1,up
vol1,SD7032D.LFT,SD7032 (D),sd7032,S. Watson,clean,clean,,,202400,JG00238.DAT,-3.8,0.056,-0.1,up
vol1,SD7032D.LFT,SD7032 (D),sd7032,S. Watson,clean,clean,,,202400,JG00238.DAT,-2.05,0.231,-0.1,up
vol1,SD7032D.LFT,SD7032 (D),sd7032,S. Watson,clean,clean,,,202400,JG00238.DAT,-0.56,0.362,-0.1,up
vol1,SD7032D.LFT,SD7032 (D),sd7032,S. Watson,clean,clean,,,202400,JG00238.DAT,0.9,0.513,-0.1,up
vol1,SD7032D.LFT,SD7032 (D),sd7032,S. Watson,clean,clean,,,202400,JG00238.DAT,2.5,0.684,-0.1,up
vol1,SD7032D.LFT,SD7032 (D),sd7032,S. Watson,clean,clean,,,202400,JG00238.DAT,4.04,0.843,-0.1,up
vol1,SD7032D.LFT,SD7032 (D),sd7032,S. Watson,clean,clean,,,202400,JG00238.DAT,5.55,0.99,-0.1,up
vol1,SD7032D.LFT,SD7032 (D),sd7032,S. Watson,clean,clean,,,202400,JG00238.DAT,7.03,1.126,-0.1,up
vol1,SD7032D.LFT,SD7032 (D),sd7032,S. Watson,clean,clean,,,202400,JG00238.DAT,8.54,1.249,-0.1,up
vol1,SD7032D.LFT,SD7032 (D),sd7032,S. Watson,clean,clean,,,202400,JG00238.DAT,10.18,1.337,-0.1,up
vol1,SD7032D.LFT,SD7032 (D),sd7032,S. Watson,clean,clean,,,202400,JG00238.DAT,11.67,1.377,-0.1,up
vol1,SD7032D.LFT,SD7032 (D),sd7032,S. Watson,clean,clean,,,202400,JG00238.DAT,13.08,1.38,-0.1,up
vol1,SD7032D.LFT,SD7032 (D),sd7032,S. Watson,clean,clean,,,202400,JG00238.DAT,14.68,1.35,-0.1,up
vol1,SD7032D.LFT,SD7032 (D),sd7032,S. Watson,clean,clean,,,202400,JG00238.DAT,16.35,1.281,-0.1,up
vol1,SD7032D.LFT,SD7032 (D),sd7032,S. Watson,clean,clean,,,202400,JG00238.DAT,17.19,1.094,-0.1,up
vol1,SD7032D.LFT,SD7032 (D),sd7032,S. Watson,clean,clean,,,202400,JG00238.DAT,18.9,1.073,-0.1,up
vol1,SD7032D.LFT,SD7032 (D),sd7032,S. Watson,clean,clean,,,202400,JG00238.DAT,17.08,1.107,-0.1,down
vol1,SD7032D.LFT,SD7032 (D),sd7032,S. Watson,clean,clean,,,202400,JG00238.DAT,15.68,1.117,-0.1,down
vol1,SD7032D.LFT,SD7032 (D),sd7032,S. Watson,clean,clean,,,202400,JG00238.DAT,14.3,1.352,-0.1,down
vol1,SD7032D.LFT,SD7032 (D),sd7032,S. Watson,clean,clean,,,202400,JG00238.DAT,12.88,1.375,-0.1,down
vol1,SD7032D.LFT,SD7032 (D),sd7032,S. Watson,clean,clean,,,202400,JG00238.DAT,11.29,1.364,-0.1,down
vol1,SD7032D.LFT,SD7032 (D),sd7032,S. Watson,clean,clean,,,202400,JG00238.DAT,9.63,1.309,-0.1,down
vol1,SD7032D.LFT,SD7032 (D),sd7032,S. Watson,clean,clean,,,202400,JG00238.DAT,8.28,1.224,-0.1,down
vol1,SD7032D.LFT,SD7032 (D),sd7032,S. Watson,clean,clean,,,202400,JG00238.DAT,6.72,1.089,-0.1,down
vol1,SD7032D.LFT,SD7032 (D),sd7032,S. Watson,clean,clean,,,202400,JG00238.DAT,5.03,0.93,-0.1,down
vol1,SD7032D.LFT,SD7032 (D),sd7032,S. Watson,clean,clean,,,202400,JG00238.DAT,3.75,0.805,-0.1,down
vol1,SD7032D.LFT,SD7032 (D),sd7032,S. Watson,clean,clean,,,202400,JG00238.DAT,1.94,0.618,-0.1,down
vol1,SD7032D.LFT,SD7032 (D),sd7032,S. Watson,clean,clean,,,202400,JG00238.DAT,0.43,0.459,-0.1,down
vol1,SD7032D.LFT,SD7032 (D),sd7032,S. Watson,clean,clean,,,202400,JG00238.DAT,-1.11,0.313,-0.1,down
vol1,SD7032D.LFT,SD7032 (D),sd7032,S. Watson,clean,clean,,,202400,JG00238.DAT,-2.79,0.147,-0.1,down
vol1,SD7032D.LFT,SD7032 (D),sd7032,S. Watson,clean,clean,,,202400,JG00238.DAT,-4.18,0.005,-0.1,down
vol1,SD7032D.LFT,SD7032 (D),sd7032,S. Watson,clean,clean,,,202400,JG00238.DAT,-5.69,-0.184,-0.1,down
vol1,SD7032D.LFT,SD7032 (D),sd7032,S. Watson,clean,clean,,,303700,JG00240.DAT,-5.38,-0.11,-0.1,up
vol1,SD7032D.LFT,SD7032 (D),sd7032,S. Watson,clean,clean,,,303700,JG00240.DAT,-3.88,0.038,-0.1,up
vol1,SD7032D.LFT,SD7032 (D),sd7032,S. Watson,clean,clean,,,303700,JG00240.DAT,-2.42,0.176,-0.1,up
vol1,SD7032D.LFT,SD7032 (D),sd7032,S. Watson,clean,clean,,,303700,JG00240.DAT,-0.88,0.333,-0.1,up
vol1,SD7032D.LFT,SD7032 (D),sd7032,S. Watson,clean,clean,,,303700,JG00240.DAT,0.7,0.487,-0.1,up
vol1,SD7032D.LFT,SD7032 (D),sd7032,S. Watson,clean,clean,,,303700,JG00240.DAT,2.34,0.663,-0.1,up
vol1,SD7032D.LFT,SD7032 (D),sd7032,S. Watson,clean,clean,,,303700,JG00240.DAT,3.75,0.808,-0.1,up
vol1,SD7032D.LFT,SD7032 (D),sd7032,S. Watson,clean,clean,,,303700,JG00240.DAT,5.51,0.982,-0.1,up
vol1,SD7032D.LFT,SD7032 (D),sd7032,S. Watson,clean,clean,,,303700,JG00240.DAT,7.16,1.13,-0.1,up
vol1,SD7032D.LFT,SD7032 (D),sd7032,S. Watson,clean,clean,,,303700,JG00240.DAT,8.83,1.261,-0.1,up
vol1,SD7032D.LFT,SD7032 (D),sd7032,S. Watson,clean,clean,,,303700,JG00240.DAT,10.44,1.347,-0.1,up
vol1,SD7032D.LFT,SD7032 (D),sd7032,S. Watson,clean,clean,,,303700,JG00240.DAT,11.84,1.388,-0.1,up
vol1,SD7032D.LFT,SD7032 (D),sd7032,S. Watson,clean,clean,,,303700,JG00240.DAT,13.16,1.391,-0.1,up
vol1,SD7032D.LFT,SD7032 (D),sd7032,S. Watson,clean,clean,,,303700,JG00240.DAT,14.82,1.351,-0.1,up
vol1,SD7032D.LFT,SD7032 (D),sd7032,S. Watson,clean,clean,,,303700,JG00240.DAT,16.01,1.287,-0.1,up
vol1,SD7032D.LFT,SD7032 (D),sd7032,S. Watson,clean,clean,,,303700,JG00240.DAT,16.8,1.365,-0.1,up
vol1,SD7032D.LFT,SD7032 (D),sd7032,S. Watson,clean,clean,,,303700,JG00240.DAT,19.29,1.071,-0.1,up
vol1,SD7032D.LFT,SD7032 (D),sd7032,S. Watson,clean,clean,,,303700,JG00240.DAT,17.44,1.232,-0.1,down
vol1,SD7032D.LFT,SD7032 (D),sd7032,S. Watson,clean,clean,,,303700,JG00240.DAT,15.97,1.204,-0.1,down
vol1,SD7032D.LFT,SD7032 (D),sd7032,S. Watson,clean,clean,,,303700,JG00240.DAT,14.23,1.351,-0.1,down
vol1,SD7032D.LFT,SD7032 (D),sd7032,S. Watson,clean,clean,,,303700,JG00240.DAT,12.77,1.387,-0.1,down
vol1,SD7032D.LFT,SD7032 (D),sd7032,S. Watson,clean,clean,,,303700,JG00240.DAT,11.4,1.377,-0.1,down
vol1,SD7032D.LFT,SD7032 (D),sd7032,S. Watson,clean,clean,,,303700,JG00240.DAT,9.61,1.303,-0.1,down
vol1,SD7032D.LFT,SD7032 (D),sd7032,S. Watson,clean,clean,,,303700,JG00240.DAT,7.98,1.195,-0.1,down
vol1,SD7032D.LFT,SD7032 (D),sd7032,S. Watson,clean,clean,,,303700,JG00240.DAT,6.47,1.064,-0.1,down
vol1,SD7032D.LFT,SD7032 (D),sd7032,S. Watson,clean,clean,,,303700,JG00240.DAT,4.91,0.919,-0.1,down
vol1,SD7032D.LFT,SD7032 (D),sd7032,S. Watson,clean,clean,,,303700,JG00240.DAT,3.43,0.77,-0.1,down
vol1,SD7032D.LFT,SD7032 (D),sd7032,S. Watson,clean,clean,,,303700,JG00240.DAT,1.96,0.615,-0.1,down
vol1,SD7032D.LFT,SD7032 (D),sd7032,S. Watson,clean,clean,,,303700,JG00240.DAT,0.62,0.472,-0.1,down
vol1,SD7032D.LFT,SD7032 (D),sd7032,S. Watson,clean,clean,,,303700,JG00240.DAT,-0.89,0.326,-0.1,down
vol1,SD7032D.LFT,SD7032 (D),sd7032,S. Watson,clean,clean,,,303700,JG00240.DAT,-2.32,0.18,-0.1,down
vol1,SD7032D.LFT,SD7032 (D),sd7032,S. Watson,clean,clean,,,303700,JG00240.DAT,-3.95,0.027,-0.1,down
vol1,SD7032D.LFT,SD7032 (D),sd7032,S. Watson,clean,clean,,,303700,JG00240.DAT,-5.44,-0.122,-0.1,down
vol1,SD7032E.LFT,SD7032 (E),sd7032,H. Michaelis,clean,clean,,,203100,MS00355.DAT,-5.78,-0.193,-0.1,up
vol1,SD7032E.LFT,SD7032 (E),sd7032,H. Michaelis,clean,clean,,,203100,MS00355.DAT,-4.25,-0.001,-0.1,up
vol1,SD7032E.LFT,SD7032 (E),sd7032,H. Michaelis,clean,clean,,,203100,MS00355.DAT,-2.53,0.152,-0.1,up
vol1,SD7032E.LFT,SD7032 (E),sd7032,H. Michaelis,clean,clean,,,203100,MS00355.DAT,-1.06,0.294,-0.1,up
vol1,SD7032E.LFT,SD7032 (E),sd7032,H. Michaelis,clean,clean,,,203100,MS00355.DAT,0.7,0.46,-0.1,up
vol1,SD7032E.LFT,SD7032 (E),sd7032,H. Michaelis,clean,clean,,,203100,MS00355.DAT,1.93,0.588,-0.1,up
vol1,SD7032E.LFT,SD7032 (E),sd7032,H. Michaelis,clean,clean,,,203100,MS00355.DAT,3.5,0.746,-0.1,up
vol1,SD7032E.LFT,SD7032 (E),sd7032,H. Michaelis,clean,clean,,,203100,MS00355.DAT,5.19,0.907,-0.1,up
vol1,SD7032E.LFT,SD7032 (E),sd7032,H. Michaelis,clean,clean,,,203100,MS00355.DAT,6.76,1.049,-0.1,up
vol1,SD7032E.LFT,SD7032 (E),sd7032,H. Michaelis,clean,clean,,,203100,MS00355.DAT,8.13,1.16,-0.1,up
vol1,SD7032E.LFT,SD7032 (E),sd7032,H. Michaelis,clean,clean,,,203100,MS00355.DAT,9.77,1.256,-0.1,up
vol1,SD7032E.LFT,SD7032 (E),sd7032,H. Michaelis,clean,clean,,,203100,MS00355.DAT,11.12,1.31,-0.1,up
vol1,SD7032E.LFT,SD7032 (E),sd7032,H. Michaelis,clean,clean,,,203100,MS00355.DAT,12.57,1.322,-0.1,up
vol1,SD7032E.LFT,SD7032 (E),sd7032,H. Michaelis,clean,clean,,,203100,MS00355.DAT,14.28,1.285,-0.1,up
vol1,SD7032E.LFT,SD7032 (E),sd7032,H. Michaelis,clean,clean,,,203100,MS00355.DAT,15.12,1.058,-0.1,up
vol1,SD7032E.LFT,SD7032 (E),sd7032,H. Michaelis,clean,clean,,,203100,MS00355.DAT,17.02,1.004,-0.1,up
vol1,SD7032E.LFT,SD7032 (E),sd7032,H. Michaelis,clean,clean,,,203100,MS00355.DAT,18.5,0.999,-0.1,up
vol1,SD7032E.LFT,SD7032 (E),sd7032,H. Michaelis,clean,clean,,,203100,MS00355.DAT,16.59,1.008,-0.1,down
vol1,SD7032E.LFT,SD7032 (E),sd7032,H. Michaelis,clean,clean,,,203100,MS00355.DAT,15.26,1.035,-0.1,down
vol1,SD7032E.LFT,SD7032 (E),sd7032,H. Michaelis,clean,clean,,,203100,MS00355.DAT,14.02,1.292,-0.1,down
vol1,SD7032E.LFT,SD7032 (E),sd7032,H. Michaelis,clean,clean,,,203100,MS00355.DAT,12.38,1.32,-0.1,down
vol1,SD7032E.LFT,SD7032 (E),sd7032,H. Michaelis,clean,clean,,,203100,MS00355.DAT,10.94,1.3,-0.1,down
vol1,SD7032E.LFT,SD7032 (E),sd7032,H. Michaelis,clean,clean,,,203100,MS00355.DAT,9.34,1.229,-0.1,down
vol1,SD7032E.LFT,SD7032 (E),sd7032,H. Michaelis,clean,clean,,,203100,MS00355.DAT,7.78,1.123,-0.1,down
vol1,SD7032E.LFT,SD7032 (E),sd7032,H. Michaelis,clean,clean,,,203100,MS00355.DAT,6.22,0.99,-0.1,down
vol1,SD7032E.LFT,SD7032 (E),sd7032,H. Michaelis,clean,clean,,,203100,MS00355.DAT,4.68,0.849,-0.1,down
vol1,SD7032E.LFT,SD7032 (E),sd7032,H. Michaelis,clean,clean,,,203100,MS00355.DAT,3.28,0.713,-0.1,down
vol1,SD7032E.LFT,SD7032 (E),sd7032,H. Michaelis,clean,clean,,,203100,MS00355.DAT,1.62,0.543,-0.1,down
vol1,SD7032E.LFT,SD7032 (E),sd7032,H. Michaelis,clean,clean,,,203100,MS00355.DAT,0.1,0.384,-0.1,down
vol1,SD7032E.LFT,SD7032 (E),sd7032,H. Michaelis,clean,clean,,,203100,MS00355.DAT,-1.45,0.244,-0.1,down
vol1,SD7032E.LFT,SD7032 (E),sd7032,H. Michaelis,clean,clean,,,203100,MS00355.DAT,-3.2,0.078,-0.1,down
vol1,SD7032E.LFT,SD7032 (E),sd7032,H. Michaelis,clean,clean,,,203100,MS00355.DAT,-4.9,-0.088,-0.1,down
vol1,SD7032E.LFT,SD7032 (E),sd7032,H. Michaelis,clean,clean,,,203100,MS00355.DAT,-6.07,-0.261,-0.1,down
vol1,SD7037A.LFT,SD7037 (A),sd7037,H. Michaelis,clean,clean,,,61400,JG00103.DAT,-6.81,-0.419,-0.085,up
vol1,SD7037A.LFT,SD7037 (A),sd7037,H. Michaelis,clean,clean,,,61400,JG00103.DAT,-4.22,-0.234,-0.085,up
vol1,SD7037A.LFT,SD7037 (A),sd7037,H. Michaelis,clean,clean,,,61400,JG00103.DAT,-3.11,-0.152,-0.085,up
vol1,SD7037A.LFT,SD7037 (A),sd7037,H. Michaelis,clean,clean,,,61400,JG00103.DAT,-1.76,-0.042,-0.085,up
vol1,SD7037A.LFT,SD7037 (A),sd7037,H. Michaelis,clean,clean,,,61400,JG00103.DAT,0.01,0.128,-0.085,up
vol1,SD7037A.LFT,SD7037 (A),sd7037,H. Michaelis,clean,clean,,,61400,JG00103.DAT,1.43,0.329,-0.085,up
vol1,SD7037A.LFT,SD7037 (A),sd7037,H. Michaelis,clean,clean,,,61400,JG00103.DAT,3.08,0.581,-0.085,up
vol1,SD7037A.LFT,SD7037 (A),sd7037,H. Michaelis,clean,clean,,,61400,JG00103.DAT,4.55,0.741,-0.085,up
vol1,SD7037A.LFT,SD7037 (A),sd7037,H. Michaelis,clean,clean,,,61400,JG00103.DAT,6.01,0.869,-0.085,up
vol1,SD7037A.LFT,SD7037 (A),sd7037,H. Michaelis,clean,clean,,,61400,JG00103.DAT,7.73,1.007,-0.085,up
vol1,SD7037A.LFT,SD7037 (A),sd7037,H. Michaelis,clean,clean,,,61400,JG00103.DAT,9.11,1.088,-0.085,up
vol1,SD7037A.LFT,SD7037 (A),sd7037,H. Michaelis,clean,clean,,,61400,JG00103.DAT,10.57,1.154,-0.085,up
vol1,SD7037A.LFT,SD7037 (A),sd7037,H. Michaelis,clean,clean,,,61400,JG00103.DAT,12.16,1.212,-0.085,up
vol1,SD7037A.LFT,SD7037 (A),sd7037,H. Michaelis,clean,clean,,,61400,JG00103.DAT,13.72,1.116,-0.085,up
vol1,SD7037A.LFT,SD7037 (A),sd7037,H. Michaelis,clean,clean,,,61400,JG00103.DAT,15.23,1.012,-0.085,up
vol1,SD7037A.LFT,SD7037 (A),sd7037,H. Michaelis,clean,clean,,,61400,JG00103.DAT,16.61,1.069,-0.085,up
vol1,SD7037A.LFT,SD7037 (A),sd7037,H. Michaelis,clean,clean,,,61400,JG00103.DAT,18.22,1.096,-0.085,up
vol1,SD7037A.LFT,SD7037 (A),sd7037,H. Michaelis,clean,clean,,,61400,JG00103.DAT,16.63,1.081,-0.085,down
vol1,SD7037A.LFT,SD7037 (A),sd7037,H. Michaelis,clean,clean,,,61400,JG00103.DAT,15.2,1.027,-0.085,down
vol1,SD7037A.LFT,SD7037 (A),sd7037,H. Michaelis,clean,clean,,,61400,JG00103.DAT,13.81,1.018,-0.085,down
vol1,SD7037A.LFT,SD7037 (A),sd7037,H. Michaelis,clean,clean,,,61400,JG00103.DAT,12.31,1.196,-0.085,down
vol1,SD7037A.LFT,SD7037 (A),sd7037,H. Michaelis,clean,clean,,,61400,JG00103.DAT,10.76,1.153,-0.085,down
vol1,SD7037A.LFT,SD7037 (A),sd7037,H. Michaelis,clean,clean,,,61400,JG00103.DAT,9.29,1.082,-0.085,down
vol1,SD7037A.LFT,SD7037 (A),sd7037,H. Michaelis,clean,clean,,,61400,JG00103.DAT,7.78,0.997,-0.085,down
vol1,SD7037A.LFT,SD7037 (A),sd7037,H. Michaelis,clean,clean,,,61400,JG00103.DAT,6.24,0.877,-0.085,down
vol1,SD7037A.LFT,SD7037 (A),sd7037,H. Michaelis,clean,clean,,,61400,JG00103.DAT,4.66,0.744,-0.085,down
vol1,SD7037A.LFT,SD7037 (A),sd7037,H. Michaelis,clean,clean,,,61400,JG00103.DAT,3.07,0.584,-0.085,down
vol1,SD7037A.LFT,SD7037 (A),sd7037,H. Michaelis,clean,clean,,,61400,JG00103.DAT,1.46,0.344,-0.085,down
vol1,SD7037A.LFT,SD7037 (A),sd7037,H. Michaelis,clean,clean,,,61400,JG00103.DAT,-0.09,0.126,-0.085,down
vol1,SD7037A.LFT,SD7037 (A),sd7037,H. Michaelis,clean,clean,,,61400,JG00103.DAT,-1.53,-0.013,-0.085,down
vol1,SD7037A.LFT,SD7037 (A),sd7037,H. Michaelis,clean,clean,,,61400,JG00103.DAT,-3.18,-0.149,-0.085,down
vol1,SD7037A.LFT,SD7037 (A),sd7037,H. Michaelis,clean,clean,,,61400,JG00103.DAT,-4.57,-0.25,-0.085,down
vol1,SD7037A.LFT,SD7037 (A),sd7037,H. Michaelis,clean,clean,,,61400,JG00103.DAT,-6.17,-0.368,-0.085,down
vol1,SD7037A.LFT,SD7037 (A),sd7037,H. Michaelis,clean,clean,,,102000,JG00222.DAT,-6.29,-0.402,-0.085,up
vol1,SD7037A.LFT,SD7037 (A),sd7037,H. Michaelis,clean,clean,,,102000,JG00222.DAT,-4.42,-0.254,-0.085,up
vol1,SD7037A.LFT,SD7037 (A),sd7037,H. Michaelis,clean,clean,,,102000,JG00222.DAT,-2.84,-0.094,-0.085,up
vol1,SD7037A.LFT,SD7037 (A),sd7037,H. Michaelis,clean,clean,,,102000,JG00222.DAT,-1.56,0.063,-0.085,up
vol1,SD7037A.LFT,SD7037 (A),sd7037,H. Michaelis,clean,clean,,,102000,JG00222.DAT,0.22,0.292,-0.085,up
vol1,SD7037A.LFT,SD7037 (A),sd7037,H. Michaelis,clean,clean,,,102000,JG00222.DAT,1.73,0.481,-0.085,up
vol1,SD7037A.LFT,SD7037 (A),sd7037,H. Michaelis,clean,clean,,,102000,JG00222.DAT,3.31,0.635,-0.085,up
vol1,SD7037A.LFT,SD7037 (A),sd7037,H. Michaelis,clean,clean,,,102000,JG00222.DAT,4.76,0.759,-0.085,up
vol1,SD7037A.LFT,SD7037 (A),sd7037,H. Michaelis,clean,clean,,,102000,JG00222.DAT,6.23,0.887,-0.085,up
vol1,SD7037A.LFT,SD7037 (A),sd7037,H. Michaelis,clean,clean,,,102000,JG00222.DAT,7.82,1.015,-0.085,up
vol1,SD7037A.LFT,SD7037 (A),sd7037,H. Michaelis,clean,clean,,,102000,JG00222.DAT,9.27,1.086,-0.085,up
vol1,SD7037A.LFT,SD7037 (A),sd7037,H. Michaelis,clean,clean,,,102000,JG00222.DAT,10.77,1.162,-0.085,up
vol1,SD7037A.LFT,SD7037 (A),sd7037,H. Michaelis,clean,clean,,,102000,JG00222.DAT,12.26,1.192,-0.085,up
vol1,SD7037A.LFT,SD7037 (A),sd7037,H. Michaelis,clean,clean,,,102000,JG00222.DAT,13.7,1.013,-0.085,up
vol1,SD7037A.LFT,SD7037 (A),sd7037,H. Michaelis,clean,clean,,,102000,JG00222.DAT,15.17,0.962,-0.085,up
vol1,SD7037A.LFT,SD7037 (A),sd7037,H. Michaelis,clean,clean,,,102000,JG00222.DAT,16.66,0.973,-0.085,up
vol1,SD7037A.LFT,SD7037 (A),sd7037,H. Michaelis,clean,clean,,,102000,JG00222.DAT,18.42,0.959,-0.085,up
vol1,SD7037A.LFT,SD7037 (A),sd7037,H. Michaelis,clean,clean,,,102000,JG00222.DAT,16.46,0.991,-0.085,down
vol1,SD7037A.LFT,SD7037 (A),sd7037,H. Michaelis,clean,clean,,,102000,JG00222.DAT,14.8,0.956,-0.085,down
vol1,SD7037A.LFT,SD7037 (A),sd7037,H. Michaelis,clean,clean,,,102000,JG00222.DAT,13.47,1.007,-0.085,down
vol1,SD7037A.LFT,SD7037 (A),sd7037,H. Michaelis,clean,clean,,,102000,JG00222.DAT,12.12,1.178,-0.085,down
vol1,SD7037A.LFT,SD7037 (A),sd7037,H. Michaelis,clean,clean,,,102000,JG00222.DAT,10.67,1.14,-0.085,down
vol1,SD7037A.LFT,SD7037 (A),sd7037,H. Michaelis,clean,clean,,,102000,JG00222.DAT,8.9,1.048,-0.085,down
vol1,SD7037A.LFT,SD7037 (A),sd7037,H. Michaelis,clean,clean,,,102000,JG00222.DAT,7.6,0.979,-0.085,down
vol1,SD7037A.LFT,SD7037 (A),sd7037,H. Michaelis,clean,clean,,,102000,JG00222.DAT,5.96,0.836,-0.085,down
vol1,SD7037A.LFT,SD7037 (A),sd7037,H. Michaelis,clean,clean,,,102000,JG00222.DAT,4.44,0.7,-0.085,down
vol1,SD7037A.LFT,SD7037 (A),sd7037,H. Michaelis,clean,clean,,,102000,JG00222.DAT,2.82,0.557,-0.085,down
vol1,SD7037A.LFT,SD7037 (A),sd7037,H. Michaelis,clean,clean,,,102000,JG00222.DAT,1.41,0.411,-0.085,down
vol1,SD7037A.LFT,SD7037 (A),sd7037,H. Michaelis,clean,clean,,,102000,JG00222.DAT,-0.21,0.201,-0.085,down
vol1,SD7037A.LFT,SD7037 (A),sd7037,H. Michaelis,clean,clean,,,102000,JG00222.DAT,-1.73,0.007,-0.085,down
vol1,SD7037A.LFT,SD7037 (A),sd7037,H. Michaelis,clean,clean,,,102000,JG00222.DAT,-3.39,-0.189,-0.085,down
vol1,SD7037A.LFT,SD7037 (A),sd7037,H. Michaelis,clean,clean,,,102000,JG00222.DAT,-4.72,-0.298,-0.085,down
vol1,SD7037A.LFT,SD7037 (A),sd7037,H. Michaelis,clean,clean,,,102000,JG00222.DAT,-6.39,-0.427,-0.085,down
vol1,SD7037A.LFT,SD7037 (A),sd7037,H. Michaelis,clean,clean,,,203000,AB00224.DAT,-6.29,-0.425,-0.085,up
vol1,SD7037A.LFT,SD7037 (A),sd7037,H. Michaelis,clean,clean,,,203000,AB00224.DAT,-4.51,-0.186,-0.085,up
vol1,SD7037A.LFT,SD7037 (A),sd7037,H. Michaelis,clean,clean,,,203000,AB00224.DAT,-2.94,-0.011,-0.085,up
vol1,SD7037A.LFT,SD7037 (A),sd7037,H. Michaelis,clean,clean,,,203000,AB00224.DAT,-1.31,0.152,-0.085,up
vol1,SD7037A.LFT,SD7037 (A),sd7037,H. Michaelis,clean,clean,,,203000,AB00224.DAT,0.14,0.294,-0.085,up
vol1,SD7037A.LFT,SD7037 (A),sd7037,H. Michaelis,clean,clean,,,203000,AB00224.DAT,1.55,0.441,-0.085,up
vol1,SD7037A.LFT,SD7037 (A),sd7037,H. Michaelis,clean,clean,,,203000,AB00224.DAT,3.2,0.608,-0.085,up
vol1,SD7037A.LFT,SD7037 (A),sd7037,H. Michaelis,clean,clean,,,203000,AB00224.DAT,4.77,0.755,-0.085,up
vol1,SD7037A.LFT,SD7037 (A),sd7037,H. Michaelis,clean,clean,,,203000,AB00224.DAT,6.44,0.902,-0.085,up
vol1,SD7037A.LFT,SD7037 (A),sd7037,H. Michaelis,clean,clean,,,203000,AB00224.DAT,7.84,1.001,-0.085,up
vol1,SD7037A.LFT,SD7037 (A),sd7037,H. Michaelis,clean,clean,,,203000,AB00224.DAT,9.27,1.088,-0.085,up
vol1,SD7037A.LFT,SD7037 (A),sd7037,H. Michaelis,clean,clean,,,203000,AB00224.DAT,10.77,1.161,-0.085,up
vol1,SD7037A.LFT,SD7037 (A),sd7037,H. Michaelis,clean,clean,,,203000,AB00224.DAT,12.31,1.192,-0.085,up
vol1,SD7037A.LFT,SD7037 (A),sd7037,H. Michaelis,clean,clean,,,203000,AB00224.DAT,13.72,1.041,-0.085,up
vol1,SD7037A.LFT,SD7037 (A),sd7037,H. Michaelis,clean,clean,,,203000,AB00224.DAT,15.34,0.98,-0.085,up
vol1,SD7037A.LFT,SD7037 (A),sd7037,H. Michaelis,clean,clean,,,203000,AB00224.DAT,16.68,0.97,-0.085,up
vol1,SD7037A.LFT,SD7037 (A),sd7037,H. Michaelis,clean,clean,,,203000,AB00224.DAT,18.28,0.964,-0.085,up
vol1,SD7037A.LFT,SD7037 (A),sd7037,H. Michaelis,clean,clean,,,203000,AB00224.DAT,16.37,0.973,-0.085,down
vol1,SD7037A.LFT,SD7037 (A),sd7037,H. Michaelis,clean,clean,,,203000,AB00224.DAT,14.76,0.961,-0.085,down
vol1,SD7037A.LFT,SD7037 (A),sd7037,H. Michaelis,clean,clean,,,203000,AB00224.DAT,13.42,1.093,-0.085,down
vol1,SD7037A.LFT,SD7037 (A),sd7037,H. Michaelis,clean,clean,,,203000,AB00224.DAT,12.06,1.189,-0.085,down
vol1,SD7037A.LFT,SD7037 (A),sd7037,H. Michaelis,clean,clean,,,203000,AB00224.DAT,10.58,1.152,-0.085,down
vol1,SD7037A.LFT,SD7037 (A),sd7037,H. Michaelis,clean,clean,,,203000,AB00224.DAT,8.9,1.061,-0.085,down
vol1,SD7037A.LFT,SD7037 (A),sd7037,H. Michaelis,clean,clean,,,203000,AB00224.DAT,7.58,0.979,-0.085,down
vol1,SD7037A.LFT,SD7037 (A),sd7037,H. Michaelis,clean,clean,,,203000,AB00224.DAT,6.0,0.857,-0.085,down
vol1,SD7037A.LFT,SD7037 (A),sd7037,H. Michaelis,clean,clean,,,203000,AB00224.DAT,4.42,0.713,-0.085,down
vol1,SD7037A.LFT,SD7037 (A),sd7037,H. Michaelis,clean,clean,,,203000,AB00224.DAT,2.69,0.547,-0.085,down
vol1,SD7037A.LFT,SD7037 (A),sd7037,H. Michaelis,clean,clean,,,203000,AB00224.DAT,1.36,0.41,-0.085,down
vol1,SD7037A.LFT,SD7037 (A),sd7037,H. Michaelis,clean,clean,,,203000,AB00224.DAT,-0.36,0.228,-0.085,down
vol1,SD7037A.LFT,SD7037 (A),sd7037,H. Michaelis,clean,clean,,,203000,AB00224.DAT,-1.9,0.084,-0.085,down
vol1,SD7037A.LFT,SD7037 (A),sd7037,H. Michaelis,clean,clean,,,203000,AB00224.DAT,-3.32,-0.065,-0.085,down
vol1,SD7037A.LFT,SD7037 (A),sd7037,H. Michaelis,clean,clean,,,203000,AB00224.DAT,-5.0,-0.262,-0.085,down
vol1,SD7037A.LFT,SD7037 (A),sd7037,H. Michaelis,clean,clean,,,203000,AB00224.DAT,-6.37,-0.444,-0.085,down
vol1,SD7037A.LFT,SD7037 (A),sd7037,H. Michaelis,clean,clean,,,304200,AB00226.DAT,-6.26,-0.372,-0.085,up
vol1,SD7037A.LFT,SD7037 (A),sd7037,H. Michaelis,clean,clean,,,304200,AB00226.DAT,-4.64,-0.174,-0.085,up
vol1,SD7037A.LFT,SD7037 (A),sd7037,H. Michaelis,clean,clean,,,304200,AB00226.DAT,-3.21,-0.034,-0.085,up
vol1,SD7037A.LFT,SD7037 (A),sd7037,H. Michaelis,clean,clean,,,304200,AB00226.DAT,-1.45,0.127,-0.085,up
vol1,SD7037A.LFT,SD7037 (A),sd7037,H. Michaelis,clean,clean,,,304200,AB00226.DAT,-0.08,0.267,-0.085,up
vol1,SD7037A.LFT,SD7037 (A),sd7037,H. Michaelis,clean,clean,,,304200,AB00226.DAT,1.66,0.449,-0.085,up
vol1,SD7037A.LFT,SD7037 (A),sd7037,H. Michaelis,clean,clean,,,304200,AB00226.DAT,3.27,0.612,-0.085,up
vol1,SD7037A.LFT,SD7037 (A),sd7037,H. Michaelis,clean,clean,,,304200,AB00226.DAT,5.02,0.779,-0.085,up
vol1,SD7037A.LFT,SD7037 (A),sd7037,H. Michaelis,clean,clean,,,304200,AB00226.DAT,6.35,0.893,-0.085,up
vol1,SD7037A.LFT,SD7037 (A),sd7037,H. Michaelis,clean,clean,,,304200,AB00226.DAT,7.96,1.008,-0.085,up
vol1,SD7037A.LFT,SD7037 (A),sd7037,H. Michaelis,clean,clean,,,304200,AB00226.DAT,9.39,1.104,-0.085,up
vol1,SD7037A.LFT,SD7037 (A),sd7037,H. Michaelis,clean,clean,,,304200,AB00226.DAT,10.96,1.181,-0.085,up
vol1,SD7037A.LFT,SD7037 (A),sd7037,H. Michaelis,clean,clean,,,304200,AB00226.DAT,12.36,1.215,-0.085,up
vol1,SD7037A.LFT,SD7037 (A),sd7037,H. Michaelis,clean,clean,,,304200,AB00226.DAT,13.38,1.152,-0.085,up
vol1,SD7037A.LFT,SD7037 (A),sd7037,H. Michaelis,clean,clean,,,304200,AB00226.DAT,14.67,1.086,-0.085,up
vol1,SD7037A.LFT,SD7037 (A),sd7037,H. Michaelis,clean,clean,,,304200,AB00226.DAT,16.58,1.027,-0.085,up
vol1,SD7037A.LFT,SD7037 (A),sd7037,H. Michaelis,clean,clean,,,304200,AB00226.DAT,17.95,0.978,-0.085,up
vol1,SD7037A.LFT,SD7037 (A),sd7037,H. Michaelis,clean,clean,,,304200,AB00226.DAT,16.5,1.015,-0.085,down
vol1,SD7037A.LFT,SD7037 (A),sd7037,H. Michaelis,clean,clean,,,304200,AB00226.DAT,15.08,1.066,-0.085,down
vol1,SD7037A.LFT,SD7037 (A),sd7037,H. Michaelis,clean,clean,,,304200,AB00226.DAT,13.59,1.169,-0.085,down
vol1,SD7037A.LFT,SD7037 (A),sd7037,H. Michaelis,clean,clean,,,304200,AB00226.DAT,12.11,1.206,-0.085,down
vol1,SD7037A.LFT,SD7037 (A),sd7037,H. Michaelis,clean,clean,,,304200,AB00226.DAT,10.59,1.164,-0.085,down
vol1,SD7037A.LFT,SD7037 (A),sd7037,H. Michaelis,clean,clean,,,304200,AB00226.DAT,8.99,1.076,-0.085,down
vol1,SD7037A.LFT,SD7037 (A),sd7037,H. Michaelis,clean,clean,,,304200,AB00226.DAT,7.4,0.966,-0.085,down
vol1,SD7037A.LFT,SD7037 (A),sd7037,H. Michaelis,clean,clean,,,304200,AB00226.DAT,5.87,0.846,-0.085,down
vol1,SD7037A.LFT,SD7037 (A),sd7037,H. Michaelis,clean,clean,,,304200,AB00226.DAT,4.3,0.705,-0.085,down
vol1,SD7037A.LFT,SD7037 (A),sd7037,H. Michaelis,clean,clean,,,304200,AB00226.DAT,2.42,0.518,-0.085,down
vol1,SD7037A.LFT,SD7037 (A),sd7037,H. Michaelis,clean,clean,,,304200,AB00226.DAT,1.28,0.402,-0.085,down
vol1,SD7037A.LFT,SD7037 (A),sd7037,H. Michaelis,clean,clean,,,304200,AB00226.DAT,-0.41,0.22,-0.085,down
vol1,SD7037A.LFT,SD7037 (A),sd7037,H. Michaelis,clean,clean,,,304200,AB00226.DAT,-1.75,0.092,-0.085,down
vol1,SD7037A.LFT,SD7037 (A),sd7037,H. Michaelis,clean,clean,,,304200,AB00226.DAT,-3.41,-0.061,-0.085,down
vol1,SD7037A.LFT,SD7037 (A),sd7037,H. Michaelis,clean,clean,,,304200,AB00226.DAT,-4.83,-0.199,-0.085,down
vol1,SD7037A.LFT,SD7037 (A),sd7037,H. Michaelis,clean,clean,,,304200,AB00226.DAT,-6.29,-0.392,-0.085,down
vol1,SD7037B.LFT,SD7037 (B),sd7037,D. Thompson,clean,clean,,,61200,PG00580.DAT,-6.01,-0.389,-0.08,up
vol1,SD7037B.LFT,SD7037 (B),sd7037,D. Thompson,clean,clean,,,61200,PG00580.DAT,-4.14,-0.243,-0.08,up
vol1,SD7037B.LFT,SD7037 (B),sd7037,D. Thompson,clean,clean,,,61200,PG00580.DAT,-2.58,-0.118,-0.08,up
vol1,SD7037B.LFT,SD7037 (B),sd7037,D. Thompson,clean,clean,,,61200,PG00580.DAT,-1.02,0.019,-0.08,up
vol1,SD7037B.LFT,SD7037 (B),sd7037,D. Thompson,clean,clean,,,61200,PG00580.DAT,0.4,0.175,-0.08,up
vol1,SD7037B.LFT,SD7037 (B),sd7037,D. Thompson,clean,clean,,,61200,PG00580.DAT,1.97,0.432,-0.08,up
vol1,SD7037B.LFT,SD7037 (B),sd7037,D. Thompson,clean,clean,,,61200,PG00580.DAT,3.71,0.629,-0.08,up
vol1,SD7037B.LFT,SD7037 (B),sd7037,D. Thompson,clean,clean,,,61200,PG00580.DAT,5.16,0.757,-0.08,up
vol1,SD7037B.LFT,SD7037 (B),sd7037,D. Thompson,clean,clean,,,61200,PG00580.DAT,6.57,0.878,-0.08,up
vol1,SD7037B.LFT,SD7037 (B),sd7037,D. Thompson,clean,clean,,,61200,PG00580.DAT,8.37,1.017,-0.08,up
vol1,SD7037B.LFT,SD7037 (B),sd7037,D. Thompson,clean,clean,,,61200,PG00580.DAT,9.79,1.11,-0.08,up
vol1,SD7037B.LFT,SD7037 (B),sd7037,D. Thompson,clean,clean,,,61200,PG00580.DAT,11.32,1.187,-0.08,up
vol1,SD7037B.LFT,SD7037 (B),sd7037,D. Thompson,clean,clean,,,61200,PG00580.DAT,12.83,1.216,-0.08,up
vol1,SD7037B.LFT,SD7037 (B),sd7037,D. Thompson,clean,clean,,,61200,PG00580.DAT,14.17,0.967,-0.08,up
vol1,SD7037B.LFT,SD7037 (B),sd7037,D. Thompson,clean,clean,,,61200,PG00580.DAT,15.59,1.012,-0.08,up
vol1,SD7037B.LFT,SD7037 (B),sd7037,D. Thompson,clean,clean,,,61200,PG00580.DAT,17.38,1.006,-0.08,up
vol1,SD7037B.LFT,SD7037 (B),sd7037,D. Thompson,clean,clean,,,61200,PG00580.DAT,18.68,1.02,-0.08,up
vol1,SD7037B.LFT,SD7037 (B),sd7037,D. Thompson,clean,clean,,,61200,PG00580.DAT,16.87,1.037,-0.08,down
vol1,SD7037B.LFT,SD7037 (B),sd7037,D. Thompson,clean,clean,,,61200,PG00580.DAT,15.43,1.006,-0.08,down
vol1,SD7037B.LFT,SD7037 (B),sd7037,D. Thompson,clean,clean,,,61200,PG00580.DAT,13.97,0.952,-0.08,down
vol1,SD7037B.LFT,SD7037 (B),sd7037,D. Thompson,clean,clean,,,61200,PG00580.DAT,12.45,0.977,-0.08,down
vol1,SD7037B.LFT,SD7037 (B),sd7037,D. Thompson,clean,clean,,,61200,PG00580.DAT,10.95,1.17,-0.08,down
vol1,SD7037B.LFT,SD7037 (B),sd7037,D. Thompson,clean,clean,,,61200,PG00580.DAT,9.48,1.087,-0.08,down
vol1,SD7037B.LFT,SD7037 (B),sd7037,D. Thompson,clean,clean,,,61200,PG00580.DAT,7.91,0.98,-0.08,down
vol1,SD7037B.LFT,SD7037 (B),sd7037,D. Thompson,clean,clean,,,61200,PG00580.DAT,6.44,0.865,-0.08,down
vol1,SD7037B.LFT,SD7037 (B),sd7037,D. Thompson,clean,clean,,,61200,PG00580.DAT,4.88,0.729,-0.08,down
vol1,SD7037B.LFT,SD7037 (B),sd7037,D. Thompson,clean,clean,,,61200,PG00580.DAT,3.37,0.597,-0.08,down
vol1,SD7037B.LFT,SD7037 (B),sd7037,D. Thompson,clean,clean,,,61200,PG00580.DAT,1.76,0.394,-0.08,down
vol1,SD7037B.LFT,SD7037 (B),sd7037,D. Thompson,clean,clean,,,61200,PG00580.DAT,0.25,0.154,-0.08,down
vol1,SD7037B.LFT,SD7037 (B),sd7037,D. Thompson,clean,clean,,,61200,PG00580.DAT,-1.26,-0.006,-0.08,down
vol1,SD7037B.LFT,SD7037 (B),sd7037,D. Thompson,clean,clean,,,61200,PG00580.DAT,-2.84,-0.133,-0.08,down
vol1,SD7037B.LFT,SD7037 (B),sd7037,D. Thompson,clean,clean,,,61200,PG00580.DAT,-4.34,-0.249,-0.08,down
vol1,SD7037B.LFT,SD7037 (B),sd7037,D. Thompson,clean,clean,,,61200,PG00580.DAT,-5.87,-0.375,-0.08,down
vol1,SD7037B.LFT,SD7037 (B),sd7037,D. Thompson,clean,clean,,,101700,AB00099.DAT,-5.83,-0.351,-0.08,up
vol1,SD7037B.LFT,SD7037 (B),sd7037,D. Thompson,clean,clean,,,101700,AB00099.DAT,-4.2,-0.211,-0.08,up
vol1,SD7037B.LFT,SD7037 (B),sd7037,D. Thompson,clean,clean,,,101700,AB00099.DAT,-2.91,-0.102,-0.08,up
vol1,SD7037B.LFT,SD7037 (B),sd7037,D. Thompson,clean,clean,,,101700,AB00099.DAT,-1.33,0.077,-0.08,up
vol1,SD7037B.LFT,SD7037 (B),sd7037,D. Thompson,clean,clean,,,101700,AB00099.DAT,0.3,0.316,-0.08,up
vol1,SD7037B.LFT,SD7037 (B),sd7037,D. Thompson,clean,clean,,,101700,AB00099.DAT,1.82,0.503,-0.08,up
vol1,SD7037B.LFT,SD7037 (B),sd7037,D. Thompson,clean,clean,,,101700,AB00099.DAT,3.29,0.642,-0.08,up
vol1,SD7037B.LFT,SD7037 (B),sd7037,D. Thompson,clean,clean,,,101700,AB00099.DAT,5.03,0.8,-0.08,up
vol1,SD7037B.LFT,SD7037 (B),sd7037,D. Thompson,clean,clean,,,101700,AB00099.DAT,6.33,0.916,-0.08,up
vol1,SD7037B.LFT,SD7037 (B),sd7037,D. Thompson,clean,clean,,,101700,AB00099.DAT,8.09,1.067,-0.08,up
vol1,SD7037B.LFT,SD7037 (B),sd7037,D. Thompson,clean,clean,,,101700,AB00099.DAT,9.38,1.149,-0.08,up
vol1,SD7037B.LFT,SD7037 (B),sd7037,D. Thompson,clean,clean,,,101700,AB00099.DAT,11.06,1.229,-0.08,up
vol1,SD7037B.LFT,SD7037 (B),sd7037,D. Thompson,clean,clean,,,101700,AB00099.DAT,12.5,1.244,-0.08,up
vol1,SD7037B.LFT,SD7037 (B),sd7037,D. Thompson,clean,clean,,,101700,AB00099.DAT,14.01,0.993,-0.08,up
vol1,SD7037B.LFT,SD7037 (B),sd7037,D. Thompson,clean,clean,,,101700,AB00099.DAT,15.5,0.986,-0.08,up
vol1,SD7037B.LFT,SD7037 (B),sd7037,D. Thompson,clean,clean,,,101700,AB00099.DAT,16.98,1.041,-0.08,up
vol1,SD7037B.LFT,SD7037 (B),sd7037,D. Thompson,clean,clean,,,101700,AB00099.DAT,18.67,0.976,-0.08,up
vol1,SD7037B.LFT,SD7037 (B),sd7037,D. Thompson,clean,clean,,,101700,AB00099.DAT,17.14,1.035,-0.08,down
vol1,SD7037B.LFT,SD7037 (B),sd7037,D. Thompson,clean,clean,,,101700,AB00099.DAT,15.49,0.988,-0.08,down
vol1,SD7037B.LFT,SD7037 (B),sd7037,D. Thompson,clean,clean,,,101700,AB00099.DAT,14.11,1.021,-0.08,down
vol1,SD7037B.LFT,SD7037 (B),sd7037,D. Thompson,clean,clean,,,101700,AB00099.DAT,12.65,0.995,-0.08,down
vol1,SD7037B.LFT,SD7037 (B),sd7037,D. Thompson,clean,clean,,,101700,AB00099.DAT,11.14,1.242,-0.08,down
vol1,SD7037B.LFT,SD7037 (B),sd7037,D. Thompson,clean,clean,,,101700,AB00099.DAT,9.61,1.178,-0.08,down
vol1,SD7037B.LFT,SD7037 (B),sd7037,D. Thompson,clean,clean,,,101700,AB00099.DAT,8.15,1.079,-0.08,down
vol1,SD7037B.LFT,SD7037 (B),sd7037,D. Thompson,clean,clean,,,101700,AB00099.DAT,6.6,0.951,-0.08,down
vol1,SD7037B.LFT,SD7037 (B),sd7037,D. Thompson,clean,clean,,,101700,AB00099.DAT,4.99,0.804,-0.08,down
vol1,SD7037B.LFT,SD7037 (B),sd7037,D. Thompson,clean,clean,,,101700,AB00099.DAT,3.49,0.663,-0.08,down
vol1,SD7037B.LFT,SD7037 (B),sd7037,D. Thompson,clean,clean,,,101700,AB00099.DAT,2.02,0.526,-0.08,down
vol1,SD7037B.LFT,SD7037 (B),sd7037,D. Thompson,clean,clean,,,101700,AB00099.DAT,0.39,0.322,-0.08,down
vol1,SD7037B.LFT,SD7037 (B),sd7037,D. Thompson,clean,clean,,,101700,AB00099.DAT,-1.19,0.086,-0.08,down
vol1,SD7037B.LFT,SD7037 (B),sd7037,D. Thompson,clean,clean,,,101700,AB00099.DAT,-2.63,-0.068,-0.08,down
vol1,SD7037B.LFT,SD7037 (B),sd7037,D. Thompson,clean,clean,,,101700,AB00099.DAT,-4.24,-0.206,-0.08,down
vol1,SD7037B.LFT,SD7037 (B),sd7037,D. Thompson,clean,clean,,,101700,AB00099.DAT,-5.7,-0.338,-0.08,down
vol1,SD7037B.LFT,SD7037 (B),sd7037,D. Thompson,clean,clean,,,152600,PG00581.DAT,-5.7,-0.338,-0.08,up
vol1,SD7037B.LFT,SD7037 (B),sd7037,D. Thompson,clean,clean,,,152600,PG00581.DAT,-4.0,-0.182,-0.08,up
vol1,SD7037B.LFT,SD7037 (B),sd7037,D. Thompson,clean,clean,,,152600,PG00581.DAT,-2.59,-0.016,-0.08,up
vol1,SD7037B.LFT,SD7037 (B),sd7037,D. Thompson,clean,clean,,,152600,PG00581.DAT,-0.85,0.211,-0.08,up
vol1,SD7037B.LFT,SD7037 (B),sd7037,D. Thompson,clean,clean,,,152600,PG00581.DAT,0.57,0.359,-0.08,up
vol1,SD7037B.LFT,SD7037 (B),sd7037,D. Thompson,clean,clean,,,152600,PG00581.DAT,2.13,0.513,-0.08,up
vol1,SD7037B.LFT,SD7037 (B),sd7037,D. Thompson,clean,clean,,,152600,PG00581.DAT,3.72,0.676,-0.08,up
vol1,SD7037B.LFT,SD7037 (B),sd7037,D. Thompson,clean,clean,,,152600,PG00581.DAT,5.27,0.826,-0.08,up
vol1,SD7037B.LFT,SD7037 (B),sd7037,D. Thompson,clean,clean,,,152600,PG00581.DAT,6.78,0.959,-0.08,up
vol1,SD7037B.LFT,SD7037 (B),sd7037,D. Thompson,clean,clean,,,152600,PG00581.DAT,8.18,1.077,-0.08,up
vol1,SD7037B.LFT,SD7037 (B),sd7037,D. Thompson,clean,clean,,,152600,PG00581.DAT,9.79,1.184,-0.08,up
vol1,SD7037B.LFT,SD7037 (B),sd7037,D. Thompson,clean,clean,,,152600,PG00581.DAT,11.34,1.253,-0.08,up
vol1,SD7037B.LFT,SD7037 (B),sd7037,D. Thompson,clean,clean,,,152600,PG00581.DAT,12.65,1.27,-0.08,up
vol1,SD7037B.LFT,SD7037 (B),sd7037,D. Thompson,clean,clean,,,152600,PG00581.DAT,14.12,1.238,-0.08,up
vol1,SD7037B.LFT,SD7037 (B),sd7037,D. Thompson,clean,clean,,,152600,PG00581.DAT,15.56,1.018,-0.08,up
vol1,SD7037B.LFT,SD7037 (B),sd7037,D. Thompson,clean,clean,,,152600,PG00581.DAT,17.45,1.028,-0.08,up
vol1,SD7037B.LFT,SD7037 (B),sd7037,D. Thompson,clean,clean,,,152600,PG00581.DAT,19.04,1.015,-0.08,up
vol1,SD7037B.LFT,SD7037 (B),sd7037,D. Thompson,clean,clean,,,152600,PG00581.DAT,16.1,1.035,-0.08,down
vol1,SD7037B.LFT,SD7037 (B),sd7037,D. Thompson,clean,clean,,,152600,PG00581.DAT,15.36,1.042,-0.08,down
vol1,SD7037B.LFT,SD7037 (B),sd7037,D. Thompson,clean,clean,,,152600,PG00581.DAT,13.59,1.039,-0.08,down
vol1,SD7037B.LFT,SD7037 (B),sd7037,D. Thompson,clean,clean,,,152600,PG00581.DAT,12.48,1.273,-0.08,down
vol1,SD7037B.LFT,SD7037 (B),sd7037,D. Thompson,clean,clean,,,152600,PG00581.DAT,11.04,1.247,-0.08,down
vol1,SD7037B.LFT,SD7037 (B),sd7037,D. Thompson,clean,clean,,,152600,PG00581.DAT,9.58,1.173,-0.08,down
vol1,SD7037B.LFT,SD7037 (B),sd7037,D. Thompson,clean,clean,,,152600,PG00581.DAT,7.79,1.044,-0.08,down
vol1,SD7037B.LFT,SD7037 (B),sd7037,D. Thompson,clean,clean,,,152600,PG00581.DAT,6.41,0.919,-0.08,down
vol1,SD7037B.LFT,SD7037 (B),sd7037,D. Thompson,clean,clean,,,152600,PG00581.DAT,4.73,0.765,-0.08,down
vol1,SD7037B.LFT,SD7037 (B),sd7037,D. Thompson,clean,clean,,,152600,PG00581.DAT,3.32,0.625,-0.08,down
vol1,SD7037B.LFT,SD7037 (B),sd7037,D. Thompson,clean,clean,,,152600,PG00581.DAT,1.57,0.447,-0.08,down
vol1,SD7037B.LFT,SD7037 (B),sd7037,D. Thompson,clean,clean,,,152600,PG00581.DAT,0.16,0.306,-0.08,down
vol1,SD7037B.LFT,SD7037 (B),sd7037,D. Thompson,clean,clean,,,152600,PG00581.DAT,-1.34,0.138,-0.08,down
vol1,SD7037B.LFT,SD7037 (B),sd7037,D. Thompson,clean,clean,,,152600,PG00581.DAT,-2.86,-0.071,-0.08,down
vol1,SD7037B.LFT,SD7037 (B),sd7037,D. Thompson,clean,clean,,,152600,PG00581.DAT,-4.58,-0.244,-0.08,down
vol1,SD7037B.LFT,SD7037 (B),sd7037,D. Thompson,clean,clean,,,152600,PG00581.DAT,-6.0,-0.384,-0.08,down
vol1,SD7037B.LFT,SD7037 (B),sd7037,D. Thompson,clean,clean,,,202900,AB00097.DAT,-5.83,-0.375,-0.08,up
vol1,SD7037B.LFT,SD7037 (B),sd7037,D. Thompson,clean,clean,,,202900,AB00097.DAT,-4.25,-0.19,-0.08,up
vol1,SD7037B.LFT,SD7037 (B),sd7037,D. Thompson,clean,clean,,,202900,AB00097.DAT,-2.76,0.013,-0.08,up
vol1,SD7037B.LFT,SD7037 (B),sd7037,D. Thompson,clean,clean,,,202900,AB00097.DAT,-0.97,0.212,-0.08,up
vol1,SD7037B.LFT,SD7037 (B),sd7037,D. Thompson,clean,clean,,,202900,AB00097.DAT,0.22,0.327,-0.08,up
vol1,SD7037B.LFT,SD7037 (B),sd7037,D. Thompson,clean,clean,,,202900,AB00097.DAT,1.78,0.489,-0.08,up
vol1,SD7037B.LFT,SD7037 (B),sd7037,D. Thompson,clean,clean,,,202900,AB00097.DAT,3.48,0.668,-0.08,up
vol1,SD7037B.LFT,SD7037 (B),sd7037,D. Thompson,clean,clean,,,202900,AB00097.DAT,5.0,0.821,-0.08,up
vol1,SD7037B.LFT,SD7037 (B),sd7037,D. Thompson,clean,clean,,,202900,AB00097.DAT,6.5,0.962,-0.08,up
vol1,SD7037B.LFT,SD7037 (B),sd7037,D. Thompson,clean,clean,,,202900,AB00097.DAT,7.95,1.082,-0.08,up
vol1,SD7037B.LFT,SD7037 (B),sd7037,D. Thompson,clean,clean,,,202900,AB00097.DAT,9.59,1.197,-0.08,up
vol1,SD7037B.LFT,SD7037 (B),sd7037,D. Thompson,clean,clean,,,202900,AB00097.DAT,11.05,1.27,-0.08,up
vol1,SD7037B.LFT,SD7037 (B),sd7037,D. Thompson,clean,clean,,,202900,AB00097.DAT,12.47,1.286,-0.08,up
vol1,SD7037B.LFT,SD7037 (B),sd7037,D. Thompson,clean,clean,,,202900,AB00097.DAT,14.08,1.235,-0.08,up
vol1,SD7037B.LFT,SD7037 (B),sd7037,D. Thompson,clean,clean,,,202900,AB00097.DAT,15.11,1.025,-0.08,up
vol1,SD7037B.LFT,SD7037 (B),sd7037,D. Thompson,clean,clean,,,202900,AB00097.DAT,16.78,1.048,-0.08,up
vol1,SD7037B.LFT,SD7037 (B),sd7037,D. Thompson,clean,clean,,,202900,AB00097.DAT,18.47,1.041,-0.08,up
vol1,SD7037B.LFT,SD7037 (B),sd7037,D. Thompson,clean,clean,,,202900,AB00097.DAT,16.78,1.042,-0.08,down
vol1,SD7037B.LFT,SD7037 (B),sd7037,D. Thompson,clean,clean,,,202900,AB00097.DAT,15.41,1.014,-0.08,down
vol1,SD7037B.LFT,SD7037 (B),sd7037,D. Thompson,clean,clean,,,202900,AB00097.DAT,14.04,1.058,-0.08,down
vol1,SD7037B.LFT,SD7037 (B),sd7037,D. Thompson,clean,clean,,,202900,AB00097.DAT,12.7,1.28,-0.08,down
vol1,SD7037B.LFT,SD7037 (B),sd7037,D. Thompson,clean,clean,,,202900,AB00097.DAT,11.16,1.278,-0.08,down
vol1,SD7037B.LFT,SD7037 (B),sd7037,D. Thompson,clean,clean,,,202900,AB00097.DAT,9.57,1.196,-0.08,down
vol1,SD7037B.LFT,SD7037 (B),sd7037,D. Thompson,clean,clean,,,202900,AB00097.DAT,8.18,1.1,-0.08,down
vol1,SD7037B.LFT,SD7037 (B),sd7037,D. Thompson,clean,clean,,,202900,AB00097.DAT,6.54,0.961,-0.08,down
vol1,SD7037B.LFT,SD7037 (B),sd7037,D. Thompson,clean,clean,,,202900,AB00097.DAT,4.95,0.811,-0.08,down
vol1,SD7037B.LFT,SD7037 (B),sd7037,D. Thompson,clean,clean,,,202900,AB00097.DAT,3.5,0.668,-0.08,down
vol1,SD7037B.LFT,SD7037 (B),sd7037,D. Thompson,clean,clean,,,202900,AB00097.DAT,1.82,0.489,-0.08,down
vol1,SD7037B.LFT,SD7037 (B),sd7037,D. Thompson,clean,clean,,,202900,AB00097.DAT,0.25,0.328,-0.08,down
vol1,SD7037B.LFT,SD7037 (B),sd7037,D. Thompson,clean,clean,,,202900,AB00097.DAT,-1.25,0.179,-0.08,down
vol1,SD7037B.LFT,SD7037 (B),sd7037,D. Thompson,clean,clean,,,202900,AB00097.DAT,-2.74,0.006,-0.08,down
vol1,SD7037B.LFT,SD7037 (B),sd7037,D. Thompson,clean,clean,,,202900,AB00097.DAT,-4.29,-0.209,-0.08,down
vol1,SD7037B.LFT,SD7037 (B),sd7037,D. Thompson,clean,clean,,,202900,AB00097.DAT,-5.89,-0.392,-0.08,down
vol1,SD7037B.LFT,SD7037 (B),sd7037,D. Thompson,clean,clean,,,304400,AB00095.DAT,-5.9,-0.355,-0.08,up
vol1,SD7037B.LFT,SD7037 (B),sd7037,D. Thompson,clean,clean,,,304400,AB00095.DAT,-4.54,-0.177,-0.08,up
vol1,SD7037B.LFT,SD7037 (B),sd7037,D. Thompson,clean,clean,,,304400,AB00095.DAT,-2.92,0.012,-0.08,up
vol1,SD7037B.LFT,SD7037 (B),sd7037,D. Thompson,clean,clean,,,304400,AB00095.DAT,-1.43,0.161,-0.08,up
vol1,SD7037B.LFT,SD7037 (B),sd7037,D. Thompson,clean,clean,,,304400,AB00095.DAT,0.15,0.305,-0.08,up
vol1,SD7037B.LFT,SD7037 (B),sd7037,D. Thompson,clean,clean,,,304400,AB00095.DAT,1.92,0.493,-0.08,up
vol1,SD7037B.LFT,SD7037 (B),sd7037,D. Thompson,clean,clean,,,304400,AB00095.DAT,3.53,0.664,-0.08,up
vol1,SD7037B.LFT,SD7037 (B),sd7037,D. Thompson,clean,clean,,,304400,AB00095.DAT,5.07,0.82,-0.08,up
vol1,SD7037B.LFT,SD7037 (B),sd7037,D. Thompson,clean,clean,,,304400,AB00095.DAT,6.63,0.964,-0.08,up
vol1,SD7037B.LFT,SD7037 (B),sd7037,D. Thompson,clean,clean,,,304400,AB00095.DAT,8.2,1.092,-0.08,up
vol1,SD7037B.LFT,SD7037 (B),sd7037,D. Thompson,clean,clean,,,304400,AB00095.DAT,9.52,1.186,-0.08,up
vol1,SD7037B.LFT,SD7037 (B),sd7037,D. Thompson,clean,clean,,,304400,AB00095.DAT,11.22,1.275,-0.08,up
vol1,SD7037B.LFT,SD7037 (B),sd7037,D. Thompson,clean,clean,,,304400,AB00095.DAT,12.48,1.277,-0.08,up
vol1,SD7037B.LFT,SD7037 (B),sd7037,D. Thompson,clean,clean,,,304400,AB00095.DAT,14.2,1.222,-0.08,up
vol1,SD7037B.LFT,SD7037 (B),sd7037,D. Thompson,clean,clean,,,304400,AB00095.DAT,15.55,1.224,-0.08,up
vol1,SD7037B.LFT,SD7037 (B),sd7037,D. Thompson,clean,clean,,,304400,AB00095.DAT,16.91,1.082,-0.08,up
vol1,SD7037B.LFT,SD7037 (B),sd7037,D. Thompson,clean,clean,,,304400,AB00095.DAT,18.27,1.094,-0.08,up
vol1,SD7037B.LFT,SD7037 (B),sd7037,D. Thompson,clean,clean,,,304400,AB00095.DAT,17.01,1.085,-0.08,down
vol1,SD7037B.LFT,SD7037 (B),sd7037,D. Thompson,clean,clean,,,304400,AB00095.DAT,15.49,1.176,-0.08,down
vol1,SD7037B.LFT,SD7037 (B),sd7037,D. Thompson,clean,clean,,,304400,AB00095.DAT,14.03,1.219,-0.08,down
vol1,SD7037B.LFT,SD7037 (B),sd7037,D. Thompson,clean,clean,,,304400,AB00095.DAT,12.63,1.268,-0.08,down
vol1,SD7037B.LFT,SD7037 (B),sd7037,D. Thompson,clean,clean,,,304400,AB00095.DAT,11.06,1.268,-0.08,down
vol1,SD7037B.LFT,SD7037 (B),sd7037,D. Thompson,clean,clean,,,304400,AB00095.DAT,9.66,1.192,-0.08,down
vol1,SD7037B.LFT,SD7037 (B),sd7037,D. Thompson,clean,clean,,,304400,AB00095.DAT,8.08,1.078,-0.08,down
vol1,SD7037B.LFT,SD7037 (B),sd7037,D. Thompson,clean,clean,,,304400,AB00095.DAT,6.5,0.946,-0.08,down
vol1,SD7037B.LFT,SD7037 (B),sd7037,D. Thompson,clean,clean,,,304400,AB00095.DAT,4.87,0.795,-0.08,down
vol1,SD7037B.LFT,SD7037 (B),sd7037,D. Thompson,clean,clean,,,304400,AB00095.DAT,3.24,0.629,-0.08,down
vol1,SD7037B.LFT,SD7037 (B),sd7037,D. Thompson,clean,clean,,,304400,AB00095.DAT,1.69,0.462,-0.08,down
vol1,SD7037B.LFT,SD7037 (B),sd7037,D. Thompson,clean,clean,,,304400,AB00095.DAT,0.0,0.285,-0.08,down
vol1,SD7037B.LFT,SD7037 (B),sd7037,D. Thompson,clean,clean,,,304400,AB00095.DAT,-1.32,0.167,-0.08,down
vol1,SD7037B.LFT,SD7037 (B),sd7037,D. Thompson,clean,clean,,,304400,AB00095.DAT,-2.73,0.027,-0.08,down
vol1,SD7037B.LFT,SD7037 (B),sd7037,D. Thompson,clean,clean,,,304400,AB00095.DAT,-4.29,-0.157,-0.08,down
vol1,SD7037B.LFT,SD7037 (B),sd7037,D. Thompson,clean,clean,,,304400,AB00095.DAT,-5.78,-0.346,-0.08,down
vol1,SD8000.LFT,SD8000,sd8000,R. Wagner/R. Olsen,clean,clean,,,61300,JG00324.DAT,-5.51,-0.319,-0.049,up
vol1,SD8000.LFT,SD8000,sd8000,R. Wagner/R. Olsen,clean,clean,,,61300,JG00324.DAT,-3.92,-0.19,-0.049,up
vol1,SD8000.LFT,SD8000,sd8000,R. Wagner/R. Olsen,clean,clean,,,61300,JG00324.DAT,-2.32,-0.068,-0.049,up
vol1,SD8000.LFT,SD8000,sd8000,R. Wagner/R. Olsen,clean,clean,,,61300,JG00324.DAT,-0.85,0.066,-0.049,up
vol1,SD8000.LFT,SD8000,sd8000,R. Wagner/R. Olsen,clean,clean,,,61300,JG00324.DAT,0.74,0.23,-0.049,up
vol1,SD8000.LFT,SD8000,sd8000,R. Wagner/R. Olsen,clean,clean,,,61300,JG00324.DAT,2.33,0.478,-0.049,up
vol1,SD8000.LFT,SD8000,sd8000,R. Wagner/R. Olsen,clean,clean,,,61300,JG00324.DAT,3.95,0.66,-0.049,up
vol1,SD8000.LFT,SD8000,sd8000,R. Wagner/R. Olsen,clean,clean,,,61300,JG00324.DAT,5.31,0.768,-0.049,up
vol1,SD8000.LFT,SD8000,sd8000,R. Wagner/R. Olsen,clean,clean,,,61300,JG00324.DAT,6.89,0.893,-0.049,up
vol1,SD8000.LFT,SD8000,sd8000,R. Wagner/R. Olsen,clean,clean,,,61300,JG00324.DAT,8.38,1.001,-0.049,up
vol1,SD8000.LFT,SD8000,sd8000,R. Wagner/R. Olsen,clean,clean,,,61300,JG00324.DAT,9.97,1.095,-0.049,up
vol1,SD8000.LFT,SD8000,sd8000,R. Wagner/R. Olsen,clean,clean,,,61300,JG00324.DAT,11.48,1.137,-0.049,up
vol1,SD8000.LFT,SD8000,sd8000,R. Wagner/R. Olsen,clean,clean,,,61300,JG00324.DAT,13.05,1.051,-0.049,up
vol1,SD8000.LFT,SD8000,sd8000,R. Wagner/R. Olsen,clean,clean,,,61300,JG00324.DAT,14.44,0.965,-0.049,up
vol1,SD8000.LFT,SD8000,sd8000,R. Wagner/R. Olsen,clean,clean,,,61300,JG00324.DAT,16.06,0.998,-0.049,up
vol1,SD8000.LFT,SD8000,sd8000,R. Wagner/R. Olsen,clean,clean,,,61300,JG00324.DAT,17.37,0.982,-0.049,up
vol1,SD8000.LFT,SD8000,sd8000,R. Wagner/R. Olsen,clean,clean,,,61300,JG00324.DAT,19.07,1.012,-0.049,up
vol1,SD8000.LFT,SD8000,sd8000,R. Wagner/R. Olsen,clean,clean,,,61300,JG00324.DAT,17.41,0.976,-0.049,down
vol1,SD8000.LFT,SD8000,sd8000,R. Wagner/R. Olsen,clean,clean,,,61300,JG00324.DAT,15.88,1.016,-0.049,down
vol1,SD8000.LFT,SD8000,sd8000,R. Wagner/R. Olsen,clean,clean,,,61300,JG00324.DAT,14.41,1.004,-0.049,down
vol1,SD8000.LFT,SD8000,sd8000,R. Wagner/R. Olsen,clean,clean,,,61300,JG00324.DAT,12.89,1.058,-0.049,down
vol1,SD8000.LFT,SD8000,sd8000,R. Wagner/R. Olsen,clean,clean,,,61300,JG00324.DAT,11.41,1.114,-0.049,down
vol1,SD8000.LFT,SD8000,sd8000,R. Wagner/R. Olsen,clean,clean,,,61300,JG00324.DAT,9.94,1.083,-0.049,down
vol1,SD8000.LFT,SD8000,sd8000,R. Wagner/R. Olsen,clean,clean,,,61300,JG00324.DAT,8.4,0.994,-0.049,down
vol1,SD8000.LFT,SD8000,sd8000,R. Wagner/R. Olsen,clean,clean,,,61300,JG00324.DAT,6.83,0.878,-0.049,down
vol1,SD8000.LFT,SD8000,sd8000,R. Wagner/R. Olsen,clean,clean,,,61300,JG00324.DAT,5.33,0.759,-0.049,down
vol1,SD8000.LFT,SD8000,sd8000,R. Wagner/R. Olsen,clean,clean,,,61300,JG00324.DAT,3.79,0.632,-0.049,down
vol1,SD8000.LFT,SD8000,sd8000,R. Wagner/R. Olsen,clean,clean,,,61300,JG00324.DAT,2.28,0.451,-0.049,down
vol1,SD8000.LFT,SD8000,sd8000,R. Wagner/R. Olsen,clean,clean,,,61300,JG00324.DAT,0.66,0.204,-0.049,down
vol1,SD8000.LFT,SD8000,sd8000,R. Wagner/R. Olsen,clean,clean,,,61300,JG00324.DAT,-0.87,0.04,-0.049,down
vol1,SD8000.LFT,SD8000,sd8000,R. Wagner/R. Olsen,clean,clean,,,61300,JG00324.DAT,-2.45,-0.095,-0.049,down
vol1,SD8000.LFT,SD8000,sd8000,R. Wagner/R. Olsen,clean,clean,,,61300,JG00324.DAT,-4.0,-0.21,-0.049,down
vol1,SD8000.LFT,SD8000,sd8000,R. Wagner/R. Olsen,clean,clean,,,61300,JG00324.DAT,-5.48,-0.333,-0.049,down
vol1,SD8000.LFT,SD8000,sd8000,R. Wagner/R. Olsen,clean,clean,,,101800,JG00326.DAT,-5.58,-0.346,-0.049,up
vol1,SD8000.LFT,SD8000,sd8000,R. Wagner/R. Olsen,clean,clean,,,101800,JG00326.DAT,-3.74,-0.196,-0.049,up
vol1,SD8000.LFT,SD8000,sd8000,R. Wagner/R. Olsen,clean,clean,,,101800,JG00326.DAT,-2.19,-0.069,-0.049,up
vol1,SD8000.LFT,SD8000,sd8000,R. Wagner/R. Olsen,clean,clean,,,101800,JG00326.DAT,-0.82,0.054,-0.049,up
vol1,SD8000.LFT,SD8000,sd8000,R. Wagner/R. Olsen,clean,clean,,,101800,JG00326.DAT,0.77,0.253,-0.049,up
vol1,SD8000.LFT,SD8000,sd8000,R. Wagner/R. Olsen,clean,clean,,,101800,JG00326.DAT,2.25,0.49,-0.049,up
vol1,SD8000.LFT,SD8000,sd8000,R. Wagner/R. Olsen,clean,clean,,,101800,JG00326.DAT,4.02,0.649,-0.049,up
vol1,SD8000.LFT,SD8000,sd8000,R. Wagner/R. Olsen,clean,clean,,,101800,JG00326.DAT,5.46,0.773,-0.049,up
vol1,SD8000.LFT,SD8000,sd8000,R. Wagner/R. Olsen,clean,clean,,,101800,JG00326.DAT,7.09,0.909,-0.049,up
vol1,SD8000.LFT,SD8000,sd8000,R. Wagner/R. Olsen,clean,clean,,,101800,JG00326.DAT,8.49,1.015,-0.049,up
vol1,SD8000.LFT,SD8000,sd8000,R. Wagner/R. Olsen,clean,clean,,,101800,JG00326.DAT,10.03,1.103,-0.049,up
vol1,SD8000.LFT,SD8000,sd8000,R. Wagner/R. Olsen,clean,clean,,,101800,JG00326.DAT,11.41,1.107,-0.049,up
vol1,SD8000.LFT,SD8000,sd8000,R. Wagner/R. Olsen,clean,clean,,,101800,JG00326.DAT,12.97,0.988,-0.049,up
vol1,SD8000.LFT,SD8000,sd8000,R. Wagner/R. Olsen,clean,clean,,,101800,JG00326.DAT,14.46,0.974,-0.049,up
vol1,SD8000.LFT,SD8000,sd8000,R. Wagner/R. Olsen,clean,clean,,,101800,JG00326.DAT,15.95,0.938,-0.049,up
vol1,SD8000.LFT,SD8000,sd8000,R. Wagner/R. Olsen,clean,clean,,,101800,JG00326.DAT,17.52,0.941,-0.049,up
vol1,SD8000.LFT,SD8000,sd8000,R. Wagner/R. Olsen,clean,clean,,,101800,JG00326.DAT,18.97,0.97,-0.049,up
vol1,SD8000.LFT,SD8000,sd8000,R. Wagner/R. Olsen,clean,clean,,,101800,JG00326.DAT,17.35,0.954,-0.049,down
vol1,SD8000.LFT,SD8000,sd8000,R. Wagner/R. Olsen,clean,clean,,,101800,JG00326.DAT,15.73,0.945,-0.049,down
vol1,SD8000.LFT,SD8000,sd8000,R. Wagner/R. Olsen,clean,clean,,,101800,JG00326.DAT,14.33,0.961,-0.049,down
vol1,SD8000.LFT,SD8000,sd8000,R. Wagner/R. Olsen,clean,clean,,,101800,JG00326.DAT,12.89,1.007,-0.049,down
vol1,SD8000.LFT,SD8000,sd8000,R. Wagner/R. Olsen,clean,clean,,,101800,JG00326.DAT,11.43,1.083,-0.049,down
vol1,SD8000.LFT,SD8000,sd8000,R. Wagner/R. Olsen,clean,clean,,,101800,JG00326.DAT,9.89,1.085,-0.049,down
vol1,SD8000.LFT,SD8000,sd8000,R. Wagner/R. Olsen,clean,clean,,,101800,JG00326.DAT,8.36,0.993,-0.049,down
vol1,SD8000.LFT,SD8000,sd8000,R. Wagner/R. Olsen,clean,clean,,,101800,JG00326.DAT,6.8,0.873,-0.049,down
vol1,SD8000.LFT,SD8000,sd8000,R. Wagner/R. Olsen,clean,clean,,,101800,JG00326.DAT,5.34,0.75,-0.049,down
vol1,SD8000.LFT,SD8000,sd8000,R. Wagner/R. Olsen,clean,clean,,,101800,JG00326.DAT,3.79,0.613,-0.049,down
vol1,SD8000.LFT,SD8000,sd8000,R. Wagner/R. Olsen,clean,clean,,,101800,JG00326.DAT,2.2,0.47,-0.049,down
vol1,SD8000.LFT,SD8000,sd8000,R. Wagner/R. Olsen,clean,clean,,,101800,JG00326.DAT,0.66,0.221,-0.049,down
vol1,SD8000.LFT,SD8000,sd8000,R. Wagner/R. Olsen,clean,clean,,,101800,JG00326.DAT,-0.82,0.046,-0.049,down
vol1,SD8000.LFT,SD8000,sd8000,R. Wagner/R. Olsen,clean,clean,,,101800,JG00326.DAT,-2.46,-0.092,-0.049,down
vol1,SD8000.LFT,SD8000,sd8000,R. Wagner/R. Olsen,clean,clean,,,101800,JG00326.DAT,-3.88,-0.207,-0.049,down
vol1,SD8000.LFT,SD8000,sd8000,R. Wagner/R. Olsen,clean,clean,,,101800,JG00326.DAT,-5.5,-0.338,-0.049,down
vol1,SD8000.LFT,SD8000,sd8000,R. Wagner/R. Olsen,clean,clean,,,202800,MS00328.DAT,-5.49,-0.329,-0.049,up
vol1,SD8000.LFT,SD8000,sd8000,R. Wagner/R. Olsen,clean,clean,,,202800,MS00328.DAT,-3.9,-0.189,-0.049,up
vol1,SD8000.LFT,SD8000,sd8000,R. Wagner/R. Olsen,clean,clean,,,202800,MS00328.DAT,-2.35,-0.043,-0.049,up
vol1,SD8000.LFT,SD8000,sd8000,R. Wagner/R. Olsen,clean,clean,,,202800,MS00328.DAT,-0.83,0.156,-0.049,up
vol1,SD8000.LFT,SD8000,sd8000,R. Wagner/R. Olsen,clean,clean,,,202800,MS00328.DAT,0.75,0.335,-0.049,up
vol1,SD8000.LFT,SD8000,sd8000,R. Wagner/R. Olsen,clean,clean,,,202800,MS00328.DAT,2.27,0.487,-0.049,up
vol1,SD8000.LFT,SD8000,sd8000,R. Wagner/R. Olsen,clean,clean,,,202800,MS00328.DAT,3.79,0.635,-0.049,up
vol1,SD8000.LFT,SD8000,sd8000,R. Wagner/R. Olsen,clean,clean,,,202800,MS00328.DAT,5.2,0.768,-0.049,up
vol1,SD8000.LFT,SD8000,sd8000,R. Wagner/R. Olsen,clean,clean,,,202800,MS00328.DAT,6.74,0.904,-0.049,up
vol1,SD8000.LFT,SD8000,sd8000,R. Wagner/R. Olsen,clean,clean,,,202800,MS00328.DAT,8.32,1.028,-0.049,up
vol1,SD8000.LFT,SD8000,sd8000,R. Wagner/R. Olsen,clean,clean,,,202800,MS00328.DAT,9.86,1.125,-0.049,up
vol1,SD8000.LFT,SD8000,sd8000,R. Wagner/R. Olsen,clean,clean,,,202800,MS00328.DAT,11.42,1.182,-0.049,up
vol1,SD8000.LFT,SD8000,sd8000,R. Wagner/R. Olsen,clean,clean,,,202800,MS00328.DAT,12.77,1.076,-0.049,up
vol1,SD8000.LFT,SD8000,sd8000,R. Wagner/R. Olsen,clean,clean,,,202800,MS00328.DAT,14.31,1.077,-0.049,up
vol1,SD8000.LFT,SD8000,sd8000,R. Wagner/R. Olsen,clean,clean,,,202800,MS00328.DAT,15.7,1.045,-0.049,up
vol1,SD8000.LFT,SD8000,sd8000,R. Wagner/R. Olsen,clean,clean,,,202800,MS00328.DAT,17.41,1.06,-0.049,up
vol1,SD8000.LFT,SD8000,sd8000,R. Wagner/R. Olsen,clean,clean,,,202800,MS00328.DAT,18.69,0.964,-0.049,up
vol1,SD8000.LFT,SD8000,sd8000,R. Wagner/R. Olsen,clean,clean,,,202800,MS00328.DAT,17.35,1.055,-0.049,down
vol1,SD8000.LFT,SD8000,sd8000,R. Wagner/R. Olsen,clean,clean,,,202800,MS00328.DAT,16.02,1.053,-0.049,down
vol1,SD8000.LFT,SD8000,sd8000,R. Wagner/R. Olsen,clean,clean,,,202800,MS00328.DAT,14.35,1.091,-0.049,down
vol1,SD8000.LFT,SD8000,sd8000,R. Wagner/R. Olsen,clean,clean,,,202800,MS00328.DAT,12.99,1.074,-0.049,down
vol1,SD8000.LFT,SD8000,sd8000,R. Wagner/R. Olsen,clean,clean,,,202800,MS00328.DAT,11.83,1.186,-0.049,down
vol1,SD8000.LFT,SD8000,sd8000,R. Wagner/R. Olsen,clean,clean,,,202800,MS00328.DAT,10.09,1.135,-0.049,down
vol1,SD8000.LFT,SD8000,sd8000,R. Wagner/R. Olsen,clean,clean,,,202800,MS00328.DAT,8.47,1.036,-0.049,down
vol1,SD8000.LFT,SD8000,sd8000,R. Wagner/R. Olsen,clean,clean,,,202800,MS00328.DAT,6.99,0.921,-0.049,down
vol1,SD8000.LFT,SD8000,sd8000,R. Wagner/R. Olsen,clean,clean,,,202800,MS00328.DAT,5.38,0.781,-0.049,down
vol1,SD8000.LFT,SD8000,sd8000,R. Wagner/R. Olsen,clean,clean,,,202800,MS00328.DAT,3.85,0.637,-0.049,down
vol1,SD8000.LFT,SD8000,sd8000,R. Wagner/R. Olsen,clean,clean,,,202800,MS00328.DAT,2.35,0.49,-0.049,down
vol1,SD8000.LFT,SD8000,sd8000,R. Wagner/R. Olsen,clean,clean,,,202800,MS00328.DAT,0.78,0.333,-0.049,down
vol1,SD8000.LFT,SD8000,sd8000,R. Wagner/R. Olsen,clean,clean,,,202800,MS00328.DAT,-0.69,0.17,-0.049,down
vol1,SD8000.LFT,SD8000,sd8000,R. Wagner/R. Olsen,clean,clean,,,202800,MS00328.DAT,-2.32,-0.051,-0.049,down
vol1,SD8000.LFT,SD8000,sd8000,R. Wagner/R. Olsen,clean,clean,,,202800,MS00328.DAT,-3.88,-0.197,-0.049,down
vol1,SD8000.LFT,SD8000,sd8000,R. Wagner/R. Olsen,clean,clean,,,202800,MS00328.DAT,-5.44,-0.331,-0.049,down
vol1,SD8000.LFT,SD8000,sd8000,R. Wagner/R. Olsen,clean,clean,,,304300,JG00330.DAT,-5.28,-0.306,-0.049,up
vol1,SD8000.LFT,SD8000,sd8000,R. Wagner/R. Olsen,clean,clean,,,304300,JG00330.DAT,-3.65,-0.147,-0.049,up
vol1,SD8000.LFT,SD8000,sd8000,R. Wagner/R. Olsen,clean,clean,,,304300,JG00330.DAT,-2.25,0.028,-0.049,up
vol1,SD8000.LFT,SD8000,sd8000,R. Wagner/R. Olsen,clean,clean,,,304300,JG00330.DAT,-0.63,0.201,-0.049,up
vol1,SD8000.LFT,SD8000,sd8000,R. Wagner/R. Olsen,clean,clean,,,304300,JG00330.DAT,0.75,0.328,-0.049,up
vol1,SD8000.LFT,SD8000,sd8000,R. Wagner/R. Olsen,clean,clean,,,304300,JG00330.DAT,2.55,0.512,-0.049,up
vol1,SD8000.LFT,SD8000,sd8000,R. Wagner/R. Olsen,clean,clean,,,304300,JG00330.DAT,4.05,0.658,-0.049,up
vol1,SD8000.LFT,SD8000,sd8000,R. Wagner/R. Olsen,clean,clean,,,304300,JG00330.DAT,5.51,0.793,-0.049,up
vol1,SD8000.LFT,SD8000,sd8000,R. Wagner/R. Olsen,clean,clean,,,304300,JG00330.DAT,7.2,0.945,-0.049,up
vol1,SD8000.LFT,SD8000,sd8000,R. Wagner/R. Olsen,clean,clean,,,304300,JG00330.DAT,8.55,1.054,-0.049,up
vol1,SD8000.LFT,SD8000,sd8000,R. Wagner/R. Olsen,clean,clean,,,304300,JG00330.DAT,10.26,1.161,-0.049,up
vol1,SD8000.LFT,SD8000,sd8000,R. Wagner/R. Olsen,clean,clean,,,304300,JG00330.DAT,11.52,1.205,-0.049,up
vol1,SD8000.LFT,SD8000,sd8000,R. Wagner/R. Olsen,clean,clean,,,304300,JG00330.DAT,12.33,1.141,-0.049,up
vol1,SD8000.LFT,SD8000,sd8000,R. Wagner/R. Olsen,clean,clean,,,304300,JG00330.DAT,15.01,1.074,-0.049,up
vol1,SD8000.LFT,SD8000,sd8000,R. Wagner/R. Olsen,clean,clean,,,304300,JG00330.DAT,15.83,1.067,-0.049,up
vol1,SD8000.LFT,SD8000,sd8000,R. Wagner/R. Olsen,clean,clean,,,304300,JG00330.DAT,17.33,1.036,-0.049,up
vol1,SD8000.LFT,SD8000,sd8000,R. Wagner/R. Olsen,clean,clean,,,304300,JG00330.DAT,18.87,0.984,-0.049,up
vol1,SD8000.LFT,SD8000,sd8000,R. Wagner/R. Olsen,clean,clean,,,304300,JG00330.DAT,17.42,1.064,-0.049,down
vol1,SD8000.LFT,SD8000,sd8000,R. Wagner/R. Olsen,clean,clean,,,304300,JG00330.DAT,15.84,1.035,-0.049,down
vol1,SD8000.LFT,SD8000,sd8000,R. Wagner/R. Olsen,clean,clean,,,304300,JG00330.DAT,14.48,1.095,-0.049,down
vol1,SD8000.LFT,SD8000,sd8000,R. Wagner/R. Olsen,clean,clean,,,304300,JG00330.DAT,13.03,1.116,-0.049,down
vol1,SD8000.LFT,SD8000,sd8000,R. Wagner/R. Olsen,clean,clean,,,304300,JG00330.DAT,11.38,1.199,-0.049,down
vol1,SD8000.LFT,SD8000,sd8000,R. Wagner/R. Olsen,clean,clean,,,304300,JG00330.DAT,9.78,1.135,-0.049,down
vol1,SD8000.LFT,SD8000,sd8000,R. Wagner/R. Olsen,clean,clean,,,304300,JG00330.DAT,8.19,1.024,-0.049,down
vol1,SD8000.LFT,SD8000,sd8000,R. Wagner/R. Olsen,clean,clean,,,304300,JG00330.DAT,6.79,0.908,-0.049,down
vol1,SD8000.LFT,SD8000,sd8000,R. Wagner/R. Olsen,clean,clean,,,304300,JG00330.DAT,5.04,0.746,-0.049,down
vol1,SD8000.LFT,SD8000,sd8000,R. Wagner/R. Olsen,clean,clean,,,304300,JG00330.DAT,3.63,0.607,-0.049,down
vol1,SD8000.LFT,SD8000,sd8000,R. Wagner/R. Olsen,clean,clean,,,304300,JG00330.DAT,2.15,0.461,-0.049,down
vol1,SD8000.LFT,SD8000,sd8000,R. Wagner/R. Olsen,clean,clean,,,304300,JG00330.DAT,0.43,0.281,-0.049,down
vol1,SD8000.LFT,SD8000,sd8000,R. Wagner/R. Olsen,clean,clean,,,304300,JG00330.DAT,-1.09,0.145,-0.049,down
vol1,SD8000.LFT,SD8000,sd8000,R. Wagner/R. Olsen,clean,clean,,,304300,JG00330.DAT,-2.47,-0.016,-0.049,down
vol1,SD8000.LFT,SD8000,sd8000,R. Wagner/R. Olsen,clean,clean,,,304300,JG00330.DAT,-4.09,-0.212,-0.049,down
vol1,SD8000.LFT,SD8000,sd8000,R. Wagner/R. Olsen,clean,clean,,,304300,JG00330.DAT,-5.87,-0.373,-0.049,down
vol1,SD8020.LFT,SD8020,sd8020,R. Wagner/R. Olsen,clean,clean,,,30500,MS00262.DAT,-6.72,-0.627,0.0,up
vol1,SD8020.LFT,SD8020,sd8020,R. Wagner/R. Olsen,clean,clean,,,30500,MS00262.DAT,-5.98,-0.598,0.0,up
vol1,SD8020.LFT,SD8020,sd8020,R. Wagner/R. Olsen,clean,clean,,,30500,MS00262.DAT,-5.6,-0.56,0.0,up
vol1,SD8020.LFT,SD8020,sd8020,R. Wagner/R. Olsen,clean,clean,,,30500,MS00262.DAT,-5.09,-0.518,0.0,up
vol1,SD8020.LFT,SD8020,sd8020,R. Wagner/R. Olsen,clean,clean,,,30500,MS00262.DAT,-4.59,-0.482,0.0,up
vol1,SD8020.LFT,SD8020,sd8020,R. Wagner/R. Olsen,clean,clean,,,30500,MS00262.DAT,-4.03,-0.423,0.0,up
vol1,SD8020.LFT,SD8020,sd8020,R. Wagner/R. Olsen,clean,clean,,,30500,MS00262.DAT,-3.62,-0.365,0.0,up
vol1,SD8020.LFT,SD8020,sd8020,R. Wagner/R. Olsen,clean,clean,,,30500,MS00262.DAT,-3.01,-0.226,0.0,up
vol1,SD8020.LFT,SD8020,sd8020,R. Wagner/R. Olsen,clean,clean,,,30500,MS00262.DAT,-2.56,-0.161,0.0,up
vol1,SD8020.LFT,SD8020,sd8020,R. Wagner/R. Olsen,clean,clean,,,30500,MS00262.DAT,-1.95,-0.106,0.0,up
vol1,SD8020.LFT,SD8020,sd8020,R. Wagner/R. Olsen,clean,clean,,,30500,MS00262.DAT,-1.52,-0.076,0.0,up
vol1,SD8020.LFT,SD8020,sd8020,R. Wagner/R. Olsen,clean,clean,,,30500,MS00262.DAT,-0.95,-0.051,0.0,up
vol1,SD8020.LFT,SD8020,sd8020,R. Wagner/R. Olsen,clean,clean,,,30500,MS00262.DAT,-0.55,-0.035,0.0,up
vol1,SD8020.LFT,SD8020,sd8020,R. Wagner/R. Olsen,clean,clean,,,30500,MS00262.DAT,0.08,-0.013,0.0,up
vol1,SD8020.LFT,SD8020,sd8020,R. Wagner/R. Olsen,clean,clean,,,30500,MS00262.DAT,0.49,-0.006,0.0,up
vol1,SD8020.LFT,SD8020,sd8020,R. Wagner/R. Olsen,clean,clean,,,30500,MS00262.DAT,1.04,0.018,0.0,up
vol1,SD8020.LFT,SD8020,sd8020,R. Wagner/R. Olsen,clean,clean,,,30500,MS00262.DAT,1.47,0.036,0.0,up
vol1,SD8020.LFT,SD8020,sd8020,R. Wagner/R. Olsen,clean,clean,,,30500,MS00262.DAT,1.97,0.073,0.0,up
vol1,SD8020.LFT,SD8020,sd8020,R. Wagner/R. Olsen,clean,clean,,,30500,MS00262.DAT,2.49,0.124,0.0,up
vol1,SD8020.LFT,SD8020,sd8020,R. Wagner/R. Olsen,clean,clean,,,30500,MS00262.DAT,2.98,0.22,0.0,up
vol1,SD8020.LFT,SD8020,sd8020,R. Wagner/R. Olsen,clean,clean,,,30500,MS00262.DAT,3.54,0.339,0.0,up
vol1,SD8020.LFT,SD8020,sd8020,R. Wagner/R. Olsen,clean,clean,,,30500,MS00262.DAT,3.97,0.393,0.0,up
vol1,SD8020.LFT,SD8020,sd8020,R. Wagner/R. Olsen,clean,clean,,,30500,MS00262.DAT,4.57,0.447,0.0,up
vol1,SD8020.LFT,SD8020,sd8020,R. Wagner/R. Olsen,clean,clean,,,30500,MS00262.DAT,4.98,0.482,0.0,up
vol1,SD8020.LFT,SD8020,sd8020,R. Wagner/R. Olsen,clean,clean,,,30500,MS00262.DAT,5.6,0.505,0.0,up
vol1,SD8020.LFT,SD8020,sd8020,R. Wagner/R. Olsen,clean,clean,,,30500,MS00262.DAT,6.06,0.549,0.0,up
vol1,SD8020.LFT,SD8020,sd8020,R. Wagner/R. Olsen,clean,clean,,,30500,MS00262.DAT,6.64,0.573,0.0,up
vol1,SD8020.LFT,SD8020,sd8020,R. Wagner/R. Olsen,clean,clean,,,30500,MS00262.DAT,7.16,0.606,0.0,up
vol1,SD8020.LFT,SD8020,sd8020,R. Wagner/R. Olsen,clean,clean,,,30500,MS00262.DAT,7.65,0.633,0.0,up
vol1,SD8020.LFT,SD8020,sd8020,R. Wagner/R. Olsen,clean,clean,,,30500,MS00262.DAT,8.23,0.686,0.0,up
vol1,SD8020.LFT,SD8020,sd8020,R. Wagner/R. Olsen,clean,clean,,,30500,MS00262.DAT,8.69,0.702,0.0,up
vol1,SD8020.LFT,SD8020,sd8020,R. Wagner/R. Olsen,clean,clean,,,30500,MS00262.DAT,9.12,0.734,0.0,up
vol1,SD8020.LFT,SD8020,sd8020,R. Wagner/R. Olsen,clean,clean,,,30500,MS00262.DAT,9.67,0.754,0.0,up
vol1,SD8020.LFT,SD8020,sd8020,R. Wagner/R. Olsen,clean,clean,,,30500,MS00262.DAT,10.18,0.717,0.0,up
vol1,SD8020.LFT,SD8020,sd8020,R. Wagner/R. Olsen,clean,clean,,,30500,MS00262.DAT,10.66,0.751,0.0,up
vol1,SD8020.LFT,SD8020,sd8020,R. Wagner/R. Olsen,clean,clean,,,30500,MS00262.DAT,11.09,0.724,0.0,up
vol1,SD8020.LFT,SD8020,sd8020,R. Wagner/R. Olsen,clean,clean,,,30500,MS00262.DAT,11.68,0.725,0.0,up
vol1,SD8020.LFT,SD8020,sd8020,R. Wagner/R. Olsen,clean,clean,,,30500,MS00262.DAT,12.18,0.725,0.0,up
vol1,SD8020.LFT,SD8020,sd8020,R. Wagner/R. Olsen,clean,clean,,,30500,MS00262.DAT,12.68,0.705,0.0,up
vol1,SD8020.LFT,SD8020,sd8020,R. Wagner/R. Olsen,clean,clean,,,30500,MS00262.DAT,13.16,0.71,0.0,up
vol1,SD8020.LFT,SD8020,sd8020,R. Wagner/R. Olsen,clean,clean,,,30500,MS00262.DAT,13.68,0.712,0.0,up
vol1,SD8020.LFT,SD8020,sd8020,R. Wagner/R. Olsen,clean,clean,,,30500,MS00262.DAT,14.27,0.701,0.0,up
vol1,SD8020.LFT,SD8020,sd8020,R. Wagner/R. Olsen,clean,clean,,,30500,MS00262.DAT,14.65,0.721,0.0,up
vol1,SD8020.LFT,SD8020,sd8020,R. Wagner/R. Olsen,clean,clean,,,30500,MS00262.DAT,15.27,0.718,0.0,up
vol1,SD8020.LFT,SD8020,sd8020,R. Wagner/R. Olsen,clean,clean,,,30500,MS00262.DAT,15.71,0.753,0.0,up
vol1,SD8020.LFT,SD8020,sd8020,R. Wagner/R. Olsen,clean,clean,,,30500,MS00262.DAT,16.21,0.775,0.0,up
vol1,SD8020.LFT,SD8020,sd8020,R. Wagner/R. Olsen,clean,clean,,,30500,MS00262.DAT,16.7,0.795,0.0,up
vol1,SD8020.LFT,SD8020,sd8020,R. Wagner/R. Olsen,clean,clean,,,30500,MS00262.DAT,17.28,0.806,0.0,up
vol1,SD8020.LFT,SD8020,sd8020,R. Wagner/R. Olsen,clean,clean,,,30500,MS00262.DAT,17.7,0.862,0.0,up
vol1,SD8020.LFT,SD8020,sd8020,R. Wagner/R. Olsen,clean,clean,,,30500,MS00262.DAT,17.25,0.781,0.0,down
vol1,SD8020.LFT,SD8020,sd8020,R. Wagner/R. Olsen,clean,clean,,,30500,MS00262.DAT,16.83,0.779,0.0,down
vol1,SD8020.LFT,SD8020,sd8020,R. Wagner/R. Olsen,clean,clean,,,30500,MS00262.DAT,16.4,0.774,0.0,down
vol1,SD8020.LFT,SD8020,sd8020,R. Wagner/R. Olsen,clean,clean,,,30500,MS00262.DAT,15.77,0.743,0.0,down
vol1,SD8020.LFT,SD8020,sd8020,R. Wagner/R. Olsen,clean,clean,,,30500,MS00262.DAT,15.25,0.722,0.0,down
vol1,SD8020.LFT,SD8020,sd8020,R. Wagner/R. Olsen,clean,clean,,,30500,MS00262.DAT,14.8,0.725,0.0,down
vol1,SD8020.LFT,SD8020,sd8020,R. Wagner/R. Olsen,clean,clean,,,30500,MS00262.DAT,14.33,0.719,0.0,down
vol1,SD8020.LFT,SD8020,sd8020,R. Wagner/R. Olsen,clean,clean,,,30500,MS00262.DAT,13.78,0.728,0.0,down
vol1,SD8020.LFT,SD8020,sd8020,R. Wagner/R. Olsen,clean,clean,,,30500,MS00262.DAT,13.4,0.706,0.0,down
vol1,SD8020.LFT,SD8020,sd8020,R. Wagner/R. Olsen,clean,clean,,,30500,MS00262.DAT,12.76,0.708,0.0,down
vol1,SD8020.LFT,SD8020,sd8020,R. Wagner/R. Olsen,clean,clean,,,30500,MS00262.DAT,12.35,0.701,0.0,down
vol1,SD8020.LFT,SD8020,sd8020,R. Wagner/R. Olsen,clean,clean,,,30500,MS00262.DAT,11.75,0.671,0.0,down
vol1,SD8020.LFT,SD8020,sd8020,R. Wagner/R. Olsen,clean,clean,,,30500,MS00262.DAT,11.38,0.665,0.0,down
vol1,SD8020.LFT,SD8020,sd8020,R. Wagner/R. Olsen,clean,clean,,,30500,MS00262.DAT,10.8,0.74,0.0,down
vol1,SD8020.LFT,SD8020,sd8020,R. Wagner/R. Olsen,clean,clean,,,30500,MS00262.DAT,10.3,0.747,0.0,down
vol1,SD8020.LFT,SD8020,sd8020,R. Wagner/R. Olsen,clean,clean,,,30500,MS00262.DAT,9.81,0.751,0.0,down
vol1,SD8020.LFT,SD8020,sd8020,R. Wagner/R. Olsen,clean,clean,,,30500,MS00262.DAT,9.38,0.745,0.0,down
vol1,SD8020.LFT,SD8020,sd8020,R. Wagner/R. Olsen,clean,clean,,,30500,MS00262.DAT,8.8,0.763,0.0,down
vol1,SD8020.LFT,SD8020,sd8020,R. Wagner/R. Olsen,clean,clean,,,30500,MS00262.DAT,8.39,0.743,0.0,down
vol1,SD8020.LFT,SD8020,sd8020,R. Wagner/R. Olsen,clean,clean,,,30500,MS00262.DAT,7.8,0.732,0.0,down
vol1,SD8020.LFT,SD8020,sd8020,R. Wagner/R. Olsen,clean,clean,,,30500,MS00262.DAT,7.23,0.698,0.0,down
vol1,SD8020.LFT,SD8020,sd8020,R. Wagner/R. Olsen,clean,clean,,,30500,MS00262.DAT,6.83,0.676,0.0,down
vol1,SD8020.LFT,SD8020,sd8020,R. Wagner/R. Olsen,clean,clean,,,30500,MS00262.DAT,6.37,0.638,0.0,down
vol1,SD8020.LFT,SD8020,sd8020,R. Wagner/R. Olsen,clean,clean,,,30500,MS00262.DAT,5.75,0.607,0.0,down
vol1,SD8020.LFT,SD8020,sd8020,R. Wagner/R. Olsen,clean,clean,,,30500,MS00262.DAT,5.35,0.571,0.0,down
vol1,SD8020.LFT,SD8020,sd8020,R. Wagner/R. Olsen,clean,clean,,,30500,MS00262.DAT,4.73,0.545,0.0,down
vol1,SD8020.LFT,SD8020,sd8020,R. Wagner/R. Olsen,clean,clean,,,30500,MS00262.DAT,4.23,0.499,0.0,down
vol1,SD8020.LFT,SD8020,sd8020,R. Wagner/R. Olsen,clean,clean,,,30500,MS00262.DAT,3.73,0.45,0.0,down
vol1,SD8020.LFT,SD8020,sd8020,R. Wagner/R. Olsen,clean,clean,,,30500,MS00262.DAT,3.28,0.356,0.0,down
vol1,SD8020.LFT,SD8020,sd8020,R. Wagner/R. Olsen,clean,clean,,,30500,MS00262.DAT,2.68,0.239,0.0,down
vol1,SD8020.LFT,SD8020,sd8020,R. Wagner/R. Olsen,clean,clean,,,30500,MS00262.DAT,2.2,0.159,0.0,down
vol1,SD8020.LFT,SD8020,sd8020,R. Wagner/R. Olsen,clean,clean,,,30500,MS00262.DAT,1.66,0.119,0.0,down
vol1,SD8020.LFT,SD8020,sd8020,R. Wagner/R. Olsen,clean,clean,,,30500,MS00262.DAT,1.25,0.082,0.0,down
vol1,SD8020.LFT,SD8020,sd8020,R. Wagner/R. Olsen,clean,clean,,,30500,MS00262.DAT,0.61,0.068,0.0,down
vol1,SD8020.LFT,SD8020,sd8020,R. Wagner/R. Olsen,clean,clean,,,30500,MS00262.DAT,0.25,0.043,0.0,down
vol1,SD8020.LFT,SD8020,sd8020,R. Wagner/R. Olsen,clean,clean,,,30500,MS00262.DAT,-0.41,0.033,0.0,down
vol1,SD8020.LFT,SD8020,sd8020,R. Wagner/R. Olsen,clean,clean,,,30500,MS00262.DAT,-0.79,-0.003,0.0,down
vol1,SD8020.LFT,SD8020,sd8020,R. Wagner/R. Olsen,clean,clean,,,30500,MS00262.DAT,-1.48,-0.026,0.0,down
vol1,SD8020.LFT,SD8020,sd8020,R. Wagner/R. Olsen,clean,clean,,,30500,MS00262.DAT,-1.93,-0.066,0.0,down
vol1,SD8020.LFT,SD8020,sd8020,R. Wagner/R. Olsen,clean,clean,,,30500,MS00262.DAT,-2.44,-0.09,0.0,down
vol1,SD8020.LFT,SD8020,sd8020,R. Wagner/R. Olsen,clean,clean,,,30500,MS00262.DAT,-2.87,-0.147,0.0,down
vol1,SD8020.LFT,SD8020,sd8020,R. Wagner/R. Olsen,clean,clean,,,30500,MS00262.DAT,-3.49,-0.317,0.0,down
vol1,SD8020.LFT,SD8020,sd8020,R. Wagner/R. Olsen,clean,clean,,,30500,MS00262.DAT,-3.91,-0.407,0.0,down
vol1,SD8020.LFT,SD8020,sd8020,R. Wagner/R. Olsen,clean,clean,,,30500,MS00262.DAT,-4.54,-0.453,0.0,down
vol1,SD8020.LFT,SD8020,sd8020,R. Wagner/R. Olsen,clean,clean,,,30500,MS00262.DAT,-5.01,-0.49,0.0,down
vol1,SD8020.LFT,SD8020,sd8020,R. Wagner/R. Olsen,clean,clean,,,30500,MS00262.DAT,-5.54,-0.525,0.0,down
vol1,SD8020.LFT,SD8020,sd8020,R. Wagner/R. Olsen,clean,clean,,,30500,MS00262.DAT,-6.03,-0.586,0.0,down
vol1,SD8020.LFT,SD8020,sd8020,R. Wagner/R. Olsen,clean,clean,,,30500,MS00262.DAT,-6.57,-0.628,0.0,down
vol1,SD8020.LFT,SD8020,sd8020,R. Wagner/R. Olsen,clean,clean,,,39100,MS00259.DAT,-6.7,-0.644,0.0,up
vol1,SD8020.LFT,SD8020,sd8020,R. Wagner/R. Olsen,clean,clean,,,39100,MS00259.DAT,-6.14,-0.601,0.0,up
vol1,SD8020.LFT,SD8020,sd8020,R. Wagner/R. Olsen,clean,clean,,,39100,MS00259.DAT,-5.64,-0.564,0.0,up
vol1,SD8020.LFT,SD8020,sd8020,R. Wagner/R. Olsen,clean,clean,,,39100,MS00259.DAT,-5.18,-0.525,0.0,up
vol1,SD8020.LFT,SD8020,sd8020,R. Wagner/R. Olsen,clean,clean,,,39100,MS00259.DAT,-4.63,-0.482,0.0,up
vol1,SD8020.LFT,SD8020,sd8020,R. Wagner/R. Olsen,clean,clean,,,39100,MS00259.DAT,-4.11,-0.445,0.0,up
vol1,SD8020.LFT,SD8020,sd8020,R. Wagner/R. Olsen,clean,clean,,,39100,MS00259.DAT,-3.63,-0.404,0.0,up
vol1,SD8020.LFT,SD8020,sd8020,R. Wagner/R. Olsen,clean,clean,,,39100,MS00259.DAT,-3.07,-0.324,0.0,up
vol1,SD8020.LFT,SD8020,sd8020,R. Wagner/R. Olsen,clean,clean,,,39100,MS00259.DAT,-2.57,-0.19,0.0,up
vol1,SD8020.LFT,SD8020,sd8020,R. Wagner/R. Olsen,clean,clean,,,39100,MS00259.DAT,-2.0,-0.091,0.0,up
vol1,SD8020.LFT,SD8020,sd8020,R. Wagner/R. Olsen,clean,clean,,,39100,MS00259.DAT,-1.58,-0.063,0.0,up
vol1,SD8020.LFT,SD8020,sd8020,R. Wagner/R. Olsen,clean,clean,,,39100,MS00259.DAT,-1.06,-0.023,0.0,up
vol1,SD8020.LFT,SD8020,sd8020,R. Wagner/R. Olsen,clean,clean,,,39100,MS00259.DAT,-0.53,-0.002,0.0,up
vol1,SD8020.LFT,SD8020,sd8020,R. Wagner/R. Olsen,clean,clean,,,39100,MS00259.DAT,0.0,0.013,0.0,up
vol1,SD8020.LFT,SD8020,sd8020,R. Wagner/R. Olsen,clean,clean,,,39100,MS00259.DAT,0.43,0.016,0.0,up
vol1,SD8020.LFT,SD8020,sd8020,R. Wagner/R. Olsen,clean,clean,,,39100,MS00259.DAT,0.95,0.033,0.0,up
vol1,SD8020.LFT,SD8020,sd8020,R. Wagner/R. Olsen,clean,clean,,,39100,MS00259.DAT,1.47,0.065,0.0,up
vol1,SD8020.LFT,SD8020,sd8020,R. Wagner/R. Olsen,clean,clean,,,39100,MS00259.DAT,1.98,0.125,0.0,up
vol1,SD8020.LFT,SD8020,sd8020,R. Wagner/R. Olsen,clean,clean,,,39100,MS00259.DAT,2.53,0.257,0.0,up
vol1,SD8020.LFT,SD8020,sd8020,R. Wagner/R. Olsen,clean,clean,,,39100,MS00259.DAT,3.05,0.355,0.0,up
vol1,SD8020.LFT,SD8020,sd8020,R. Wagner/R. Olsen,clean,clean,,,39100,MS00259.DAT,3.56,0.401,0.0,up
vol1,SD8020.LFT,SD8020,sd8020,R. Wagner/R. Olsen,clean,clean,,,39100,MS00259.DAT,4.12,0.444,0.0,up
vol1,SD8020.LFT,SD8020,sd8020,R. Wagner/R. Olsen,clean,clean,,,39100,MS00259.DAT,4.6,0.474,0.0,up
vol1,SD8020.LFT,SD8020,sd8020,R. Wagner/R. Olsen,clean,clean,,,39100,MS00259.DAT,5.09,0.513,0.0,up
vol1,SD8020.LFT,SD8020,sd8020,R. Wagner/R. Olsen,clean,clean,,,39100,MS00259.DAT,5.63,0.553,0.0,up
vol1,SD8020.LFT,SD8020,sd8020,R. Wagner/R. Olsen,clean,clean,,,39100,MS00259.DAT,6.11,0.592,0.0,up
vol1,SD8020.LFT,SD8020,sd8020,R. Wagner/R. Olsen,clean,clean,,,39100,MS00259.DAT,6.64,0.626,0.0,up
vol1,SD8020.LFT,SD8020,sd8020,R. Wagner/R. Olsen,clean,clean,,,39100,MS00259.DAT,7.11,0.666,0.0,up
vol1,SD8020.LFT,SD8020,sd8020,R. Wagner/R. Olsen,clean,clean,,,39100,MS00259.DAT,7.6,0.695,0.0,up
vol1,SD8020.LFT,SD8020,sd8020,R. Wagner/R. Olsen,clean,clean,,,39100,MS00259.DAT,8.2,0.741,0.0,up
vol1,SD8020.LFT,SD8020,sd8020,R. Wagner/R. Olsen,clean,clean,,,39100,MS00259.DAT,8.69,0.766,0.0,up
vol1,SD8020.LFT,SD8020,sd8020,R. Wagner/R. Olsen,clean,clean,,,39100,MS00259.DAT,9.15,0.792,0.0,up
vol1,SD8020.LFT,SD8020,sd8020,R. Wagner/R. Olsen,clean,clean,,,39100,MS00259.DAT,9.68,0.797,0.0,up
vol1,SD8020.LFT,SD8020,sd8020,R. Wagner/R. Olsen,clean,clean,,,39100,MS00259.DAT,10.15,0.787,0.0,up
vol1,SD8020.LFT,SD8020,sd8020,R. Wagner/R. Olsen,clean,clean,,,39100,MS00259.DAT,10.64,0.782,0.0,up
vol1,SD8020.LFT,SD8020,sd8020,R. Wagner/R. Olsen,clean,clean,,,39100,MS00259.DAT,11.17,0.766,0.0,up
vol1,SD8020.LFT,SD8020,sd8020,R. Wagner/R. Olsen,clean,clean,,,39100,MS00259.DAT,11.64,0.735,0.0,up
vol1,SD8020.LFT,SD8020,sd8020,R. Wagner/R. Olsen,clean,clean,,,39100,MS00259.DAT,12.15,0.729,0.0,up
vol1,SD8020.LFT,SD8020,sd8020,R. Wagner/R. Olsen,clean,clean,,,39100,MS00259.DAT,12.63,0.732,0.0,up
vol1,SD8020.LFT,SD8020,sd8020,R. Wagner/R. Olsen,clean,clean,,,39100,MS00259.DAT,13.18,0.743,0.0,up
vol1,SD8020.LFT,SD8020,sd8020,R. Wagner/R. Olsen,clean,clean,,,39100,MS00259.DAT,13.69,0.755,0.0,up
vol1,SD8020.LFT,SD8020,sd8020,R. Wagner/R. Olsen,clean,clean,,,39100,MS00259.DAT,14.23,0.752,0.0,up
vol1,SD8020.LFT,SD8020,sd8020,R. Wagner/R. Olsen,clean,clean,,,39100,MS00259.DAT,14.67,0.786,0.0,up
vol1,SD8020.LFT,SD8020,sd8020,R. Wagner/R. Olsen,clean,clean,,,39100,MS00259.DAT,15.2,0.772,0.0,up
vol1,SD8020.LFT,SD8020,sd8020,R. Wagner/R. Olsen,clean,clean,,,39100,MS00259.DAT,15.67,0.816,0.0,up
vol1,SD8020.LFT,SD8020,sd8020,R. Wagner/R. Olsen,clean,clean,,,39100,MS00259.DAT,16.24,0.847,0.0,up
vol1,SD8020.LFT,SD8020,sd8020,R. Wagner/R. Olsen,clean,clean,,,39100,MS00259.DAT,16.7,0.832,0.0,up
vol1,SD8020.LFT,SD8020,sd8020,R. Wagner/R. Olsen,clean,clean,,,39100,MS00259.DAT,17.27,0.879,0.0,up
vol1,SD8020.LFT,SD8020,sd8020,R. Wagner/R. Olsen,clean,clean,,,39100,MS00259.DAT,17.73,0.879,0.0,up
vol1,SD8020.LFT,SD8020,sd8020,R. Wagner/R. Olsen,clean,clean,,,39100,MS00259.DAT,17.32,0.868,0.0,down
vol1,SD8020.LFT,SD8020,sd8020,R. Wagner/R. Olsen,clean,clean,,,39100,MS00259.DAT,16.75,0.878,0.0,down
vol1,SD8020.LFT,SD8020,sd8020,R. Wagner/R. Olsen,clean,clean,,,39100,MS00259.DAT,16.27,0.854,0.0,down
vol1,SD8020.LFT,SD8020,sd8020,R. Wagner/R. Olsen,clean,clean,,,39100,MS00259.DAT,15.77,0.839,0.0,down
vol1,SD8020.LFT,SD8020,sd8020,R. Wagner/R. Olsen,clean,clean,,,39100,MS00259.DAT,15.28,0.832,0.0,down
vol1,SD8020.LFT,SD8020,sd8020,R. Wagner/R. Olsen,clean,clean,,,39100,MS00259.DAT,14.76,0.851,0.0,down
vol1,SD8020.LFT,SD8020,sd8020,R. Wagner/R. Olsen,clean,clean,,,39100,MS00259.DAT,14.32,0.836,0.0,down
vol1,SD8020.LFT,SD8020,sd8020,R. Wagner/R. Olsen,clean,clean,,,39100,MS00259.DAT,13.77,0.807,0.0,down
vol1,SD8020.LFT,SD8020,sd8020,R. Wagner/R. Olsen,clean,clean,,,39100,MS00259.DAT,13.3,0.804,0.0,down
vol1,SD8020.LFT,SD8020,sd8020,R. Wagner/R. Olsen,clean,clean,,,39100,MS00259.DAT,12.77,0.797,0.0,down
vol1,SD8020.LFT,SD8020,sd8020,R. Wagner/R. Olsen,clean,clean,,,39100,MS00259.DAT,12.38,0.788,0.0,down
vol1,SD8020.LFT,SD8020,sd8020,R. Wagner/R. Olsen,clean,clean,,,39100,MS00259.DAT,11.77,0.793,0.0,down
vol1,SD8020.LFT,SD8020,sd8020,R. Wagner/R. Olsen,clean,clean,,,39100,MS00259.DAT,11.31,0.841,0.0,down
vol1,SD8020.LFT,SD8020,sd8020,R. Wagner/R. Olsen,clean,clean,,,39100,MS00259.DAT,10.76,0.793,0.0,down
vol1,SD8020.LFT,SD8020,sd8020,R. Wagner/R. Olsen,clean,clean,,,39100,MS00259.DAT,10.31,0.795,0.0,down
vol1,SD8020.LFT,SD8020,sd8020,R. Wagner/R. Olsen,clean,clean,,,39100,MS00259.DAT,9.75,0.782,0.0,down
vol1,SD8020.LFT,SD8020,sd8020,R. Wagner/R. Olsen,clean,clean,,,39100,MS00259.DAT,9.35,0.794,0.0,down
vol1,SD8020.LFT,SD8020,sd8020,R. Wagner/R. Olsen,clean,clean,,,39100,MS00259.DAT,8.73,0.765,0.0,down
vol1,SD8020.LFT,SD8020,sd8020,R. Wagner/R. Olsen,clean,clean,,,39100,MS00259.DAT,8.34,0.728,0.0,down
vol1,SD8020.LFT,SD8020,sd8020,R. Wagner/R. Olsen,clean,clean,,,39100,MS00259.DAT,7.75,0.704,0.0,down
vol1,SD8020.LFT,SD8020,sd8020,R. Wagner/R. Olsen,clean,clean,,,39100,MS00259.DAT,7.26,0.666,0.0,down
vol1,SD8020.LFT,SD8020,sd8020,R. Wagner/R. Olsen,clean,clean,,,39100,MS00259.DAT,6.73,0.638,0.0,down
vol1,SD8020.LFT,SD8020,sd8020,R. Wagner/R. Olsen,clean,clean,,,39100,MS00259.DAT,6.35,0.604,0.0,down
vol1,SD8020.LFT,SD8020,sd8020,R. Wagner/R. Olsen,clean,clean,,,39100,MS00259.DAT,5.76,0.564,0.0,down
vol1,SD8020.LFT,SD8020,sd8020,R. Wagner/R. Olsen,clean,clean,,,39100,MS00259.DAT,5.27,0.525,0.0,down
vol1,SD8020.LFT,SD8020,sd8020,R. Wagner/R. Olsen,clean,clean,,,39100,MS00259.DAT,4.73,0.493,0.0,down
vol1,SD8020.LFT,SD8020,sd8020,R. Wagner/R. Olsen,clean,clean,,,39100,MS00259.DAT,4.25,0.443,0.0,down
vol1,SD8020.LFT,SD8020,sd8020,R. Wagner/R. Olsen,clean,clean,,,39100,MS00259.DAT,3.67,0.375,0.0,down
vol1,SD8020.LFT,SD8020,sd8020,R. Wagner/R. Olsen,clean,clean,,,39100,MS00259.DAT,3.19,0.303,0.0,down
vol1,SD8020.LFT,SD8020,sd8020,R. Wagner/R. Olsen,clean,clean,,,39100,MS00259.DAT,2.62,0.231,0.0,down
vol1,SD8020.LFT,SD8020,sd8020,R. Wagner/R. Olsen,clean,clean,,,39100,MS00259.DAT,2.18,0.18,0.0,down
vol1,SD8020.LFT,SD8020,sd8020,R. Wagner/R. Olsen,clean,clean,,,39100,MS00259.DAT,1.58,0.119,0.0,down
vol1,SD8020.LFT,SD8020,sd8020,R. Wagner/R. Olsen,clean,clean,,,39100,MS00259.DAT,1.16,0.072,0.0,down
vol1,SD8020.LFT,SD8020,sd8020,R. Wagner/R. Olsen,clean,clean,,,39100,MS00259.DAT,0.58,0.047,0.0,down
vol1,SD8020.LFT,SD8020,sd8020,R. Wagner/R. Olsen,clean,clean,,,39100,MS00259.DAT,0.16,0.02,0.0,down
vol1,SD8020.LFT,SD8020,sd8020,R. Wagner/R. Olsen,clean,clean,,,39100,MS00259.DAT,-0.44,-0.003,0.0,down
vol1,SD8020.LFT,SD8020,sd8020,R. Wagner/R. Olsen,clean,clean,,,39100,MS00259.DAT,-0.89,-0.041,0.0,down
vol1,SD8020.LFT,SD8020,sd8020,R. Wagner/R. Olsen,clean,clean,,,39100,MS00259.DAT,-1.47,-0.071,0.0,down
vol1,SD8020.LFT,SD8020,sd8020,R. Wagner/R. Olsen,clean,clean,,,39100,MS00259.DAT,-1.88,-0.113,0.0,down
vol1,SD8020.LFT,SD8020,sd8020,R. Wagner/R. Olsen,clean,clean,,,39100,MS00259.DAT,-2.52,-0.185,0.0,down
vol1,SD8020.LFT,SD8020,sd8020,R. Wagner/R. Olsen,clean,clean,,,39100,MS00259.DAT,-2.97,-0.271,0.0,down
vol1,SD8020.LFT,SD8020,sd8020,R. Wagner/R. Olsen,clean,clean,,,39100,MS00259.DAT,-3.57,-0.356,0.0,down
vol1,SD8020.LFT,SD8020,sd8020,R. Wagner/R. Olsen,clean,clean,,,39100,MS00259.DAT,-3.98,-0.411,0.0,down
vol1,SD8020.LFT,SD8020,sd8020,R. Wagner/R. Olsen,clean,clean,,,39100,MS00259.DAT,-4.62,-0.481,0.0,down
vol1,SD8020.LFT,SD8020,sd8020,R. Wagner/R. Olsen,clean,clean,,,39100,MS00259.DAT,-5.01,-0.523,0.0,down
vol1,SD8020.LFT,SD8020,sd8020,R. Wagner/R. Olsen,clean,clean,,,39100,MS00259.DAT,-5.61,-0.566,0.0,down
vol1,SD8020.LFT,SD8020,sd8020,R. Wagner/R. Olsen,clean,clean,,,39100,MS00259.DAT,-6.06,-0.602,0.0,down
vol1,SD8020.LFT,SD8020,sd8020,R. Wagner/R. Olsen,clean,clean,,,39100,MS00259.DAT,-6.62,-0.638,0.0,down
vol1,SD8020.LFT,SD8020,sd8020,R. Wagner/R. Olsen,clean,clean,,,52400,MS00260.DAT,-6.51,-0.6,0.0,up
vol1,SD8020.LFT,SD8020,sd8020,R. Wagner/R. Olsen,clean,clean,,,52400,MS00260.DAT,-6.0,-0.575,0.0,up
vol1,SD8020.LFT,SD8020,sd8020,R. Wagner/R. Olsen,clean,clean,,,52400,MS00260.DAT,-5.62,-0.543,0.0,up
vol1,SD8020.LFT,SD8020,sd8020,R. Wagner/R. Olsen,clean,clean,,,52400,MS00260.DAT,-5.09,-0.505,0.0,up
vol1,SD8020.LFT,SD8020,sd8020,R. Wagner/R. Olsen,clean,clean,,,52400,MS00260.DAT,-4.6,-0.459,0.0,up
vol1,SD8020.LFT,SD8020,sd8020,R. Wagner/R. Olsen,clean,clean,,,52400,MS00260.DAT,-4.08,-0.384,0.0,up
vol1,SD8020.LFT,SD8020,sd8020,R. Wagner/R. Olsen,clean,clean,,,52400,MS00260.DAT,-3.57,-0.338,0.0,up
vol1,SD8020.LFT,SD8020,sd8020,R. Wagner/R. Olsen,clean,clean,,,52400,MS00260.DAT,-3.02,-0.281,0.0,up
vol1,SD8020.LFT,SD8020,sd8020,R. Wagner/R. Olsen,clean,clean,,,52400,MS00260.DAT,-2.6,-0.23,0.0,up
vol1,SD8020.LFT,SD8020,sd8020,R. Wagner/R. Olsen,clean,clean,,,52400,MS00260.DAT,-1.97,-0.113,0.0,up
vol1,SD8020.LFT,SD8020,sd8020,R. Wagner/R. Olsen,clean,clean,,,52400,MS00260.DAT,-1.53,-0.058,0.0,up
vol1,SD8020.LFT,SD8020,sd8020,R. Wagner/R. Olsen,clean,clean,,,52400,MS00260.DAT,-0.92,-0.011,0.0,up
vol1,SD8020.LFT,SD8020,sd8020,R. Wagner/R. Olsen,clean,clean,,,52400,MS00260.DAT,-0.56,-0.002,0.0,up
vol1,SD8020.LFT,SD8020,sd8020,R. Wagner/R. Olsen,clean,clean,,,52400,MS00260.DAT,0.05,0.015,0.0,up
vol1,SD8020.LFT,SD8020,sd8020,R. Wagner/R. Olsen,clean,clean,,,52400,MS00260.DAT,0.47,0.031,0.0,up
vol1,SD8020.LFT,SD8020,sd8020,R. Wagner/R. Olsen,clean,clean,,,52400,MS00260.DAT,1.0,0.066,0.0,up
vol1,SD8020.LFT,SD8020,sd8020,R. Wagner/R. Olsen,clean,clean,,,52400,MS00260.DAT,1.52,0.124,0.0,up
vol1,SD8020.LFT,SD8020,sd8020,R. Wagner/R. Olsen,clean,clean,,,52400,MS00260.DAT,2.02,0.197,0.0,up
vol1,SD8020.LFT,SD8020,sd8020,R. Wagner/R. Olsen,clean,clean,,,52400,MS00260.DAT,2.56,0.262,0.0,up
vol1,SD8020.LFT,SD8020,sd8020,R. Wagner/R. Olsen,clean,clean,,,52400,MS00260.DAT,3.1,0.329,0.0,up
vol1,SD8020.LFT,SD8020,sd8020,R. Wagner/R. Olsen,clean,clean,,,52400,MS00260.DAT,3.54,0.372,0.0,up
vol1,SD8020.LFT,SD8020,sd8020,R. Wagner/R. Olsen,clean,clean,,,52400,MS00260.DAT,4.23,0.439,0.0,up
vol1,SD8020.LFT,SD8020,sd8020,R. Wagner/R. Olsen,clean,clean,,,52400,MS00260.DAT,4.58,0.465,0.0,up
vol1,SD8020.LFT,SD8020,sd8020,R. Wagner/R. Olsen,clean,clean,,,52400,MS00260.DAT,5.19,0.514,0.0,up
vol1,SD8020.LFT,SD8020,sd8020,R. Wagner/R. Olsen,clean,clean,,,52400,MS00260.DAT,5.62,0.552,0.0,up
vol1,SD8020.LFT,SD8020,sd8020,R. Wagner/R. Olsen,clean,clean,,,52400,MS00260.DAT,6.18,0.598,0.0,up
vol1,SD8020.LFT,SD8020,sd8020,R. Wagner/R. Olsen,clean,clean,,,52400,MS00260.DAT,6.61,0.627,0.0,up
vol1,SD8020.LFT,SD8020,sd8020,R. Wagner/R. Olsen,clean,clean,,,52400,MS00260.DAT,7.14,0.667,0.0,up
vol1,SD8020.LFT,SD8020,sd8020,R. Wagner/R. Olsen,clean,clean,,,52400,MS00260.DAT,7.65,0.697,0.0,up
vol1,SD8020.LFT,SD8020,sd8020,R. Wagner/R. Olsen,clean,clean,,,52400,MS00260.DAT,8.16,0.733,0.0,up
vol1,SD8020.LFT,SD8020,sd8020,R. Wagner/R. Olsen,clean,clean,,,52400,MS00260.DAT,8.68,0.76,0.0,up
vol1,SD8020.LFT,SD8020,sd8020,R. Wagner/R. Olsen,clean,clean,,,52400,MS00260.DAT,9.11,0.788,0.0,up
vol1,SD8020.LFT,SD8020,sd8020,R. Wagner/R. Olsen,clean,clean,,,52400,MS00260.DAT,9.69,0.793,0.0,up
vol1,SD8020.LFT,SD8020,sd8020,R. Wagner/R. Olsen,clean,clean,,,52400,MS00260.DAT,10.23,0.785,0.0,up
vol1,SD8020.LFT,SD8020,sd8020,R. Wagner/R. Olsen,clean,clean,,,52400,MS00260.DAT,10.68,0.788,0.0,up
vol1,SD8020.LFT,SD8020,sd8020,R. Wagner/R. Olsen,clean,clean,,,52400,MS00260.DAT,11.22,0.814,0.0,up
vol1,SD8020.LFT,SD8020,sd8020,R. Wagner/R. Olsen,clean,clean,,,52400,MS00260.DAT,11.71,0.81,0.0,up
vol1,SD8020.LFT,SD8020,sd8020,R. Wagner/R. Olsen,clean,clean,,,52400,MS00260.DAT,12.21,0.803,0.0,up
vol1,SD8020.LFT,SD8020,sd8020,R. Wagner/R. Olsen,clean,clean,,,52400,MS00260.DAT,12.69,0.803,0.0,up
vol1,SD8020.LFT,SD8020,sd8020,R. Wagner/R. Olsen,clean,clean,,,52400,MS00260.DAT,13.22,0.805,0.0,up
vol1,SD8020.LFT,SD8020,sd8020,R. Wagner/R. Olsen,clean,clean,,,52400,MS00260.DAT,13.69,0.805,0.0,up
vol1,SD8020.LFT,SD8020,sd8020,R. Wagner/R. Olsen,clean,clean,,,52400,MS00260.DAT,14.2,0.796,0.0,up
vol1,SD8020.LFT,SD8020,sd8020,R. Wagner/R. Olsen,clean,clean,,,52400,MS00260.DAT,14.67,0.838,0.0,up
vol1,SD8020.LFT,SD8020,sd8020,R. Wagner/R. Olsen,clean,clean,,,52400,MS00260.DAT,15.29,0.833,0.0,up
vol1,SD8020.LFT,SD8020,sd8020,R. Wagner/R. Olsen,clean,clean,,,52400,MS00260.DAT,15.68,0.849,0.0,up
vol1,SD8020.LFT,SD8020,sd8020,R. Wagner/R. Olsen,clean,clean,,,52400,MS00260.DAT,16.35,0.906,0.0,up
vol1,SD8020.LFT,SD8020,sd8020,R. Wagner/R. Olsen,clean,clean,,,52400,MS00260.DAT,16.69,0.844,0.0,up
vol1,SD8020.LFT,SD8020,sd8020,R. Wagner/R. Olsen,clean,clean,,,52400,MS00260.DAT,17.27,0.872,0.0,up
vol1,SD8020.LFT,SD8020,sd8020,R. Wagner/R. Olsen,clean,clean,,,52400,MS00260.DAT,17.73,0.919,0.0,up
vol1,SD8020.LFT,SD8020,sd8020,R. Wagner/R. Olsen,clean,clean,,,52400,MS00260.DAT,17.43,0.879,0.0,down
vol1,SD8020.LFT,SD8020,sd8020,R. Wagner/R. Olsen,clean,clean,,,52400,MS00260.DAT,16.83,0.892,0.0,down
vol1,SD8020.LFT,SD8020,sd8020,R. Wagner/R. Olsen,clean,clean,,,52400,MS00260.DAT,16.4,0.809,0.0,down
vol1,SD8020.LFT,SD8020,sd8020,R. Wagner/R. Olsen,clean,clean,,,52400,MS00260.DAT,15.82,0.875,0.0,down
vol1,SD8020.LFT,SD8020,sd8020,R. Wagner/R. Olsen,clean,clean,,,52400,MS00260.DAT,15.3,0.812,0.0,down
vol1,SD8020.LFT,SD8020,sd8020,R. Wagner/R. Olsen,clean,clean,,,52400,MS00260.DAT,14.83,0.85,0.0,down
vol1,SD8020.LFT,SD8020,sd8020,R. Wagner/R. Olsen,clean,clean,,,52400,MS00260.DAT,14.4,0.825,0.0,down
vol1,SD8020.LFT,SD8020,sd8020,R. Wagner/R. Olsen,clean,clean,,,52400,MS00260.DAT,13.83,0.814,0.0,down
vol1,SD8020.LFT,SD8020,sd8020,R. Wagner/R. Olsen,clean,clean,,,52400,MS00260.DAT,13.41,0.832,0.0,down
vol1,SD8020.LFT,SD8020,sd8020,R. Wagner/R. Olsen,clean,clean,,,52400,MS00260.DAT,12.84,0.789,0.0,down
vol1,SD8020.LFT,SD8020,sd8020,R. Wagner/R. Olsen,clean,clean,,,52400,MS00260.DAT,12.37,0.785,0.0,down
vol1,SD8020.LFT,SD8020,sd8020,R. Wagner/R. Olsen,clean,clean,,,52400,MS00260.DAT,11.79,0.787,0.0,down
vol1,SD8020.LFT,SD8020,sd8020,R. Wagner/R. Olsen,clean,clean,,,52400,MS00260.DAT,11.3,0.81,0.0,down
vol1,SD8020.LFT,SD8020,sd8020,R. Wagner/R. Olsen,clean,clean,,,52400,MS00260.DAT,10.83,0.844,0.0,down
vol1,SD8020.LFT,SD8020,sd8020,R. Wagner/R. Olsen,clean,clean,,,52400,MS00260.DAT,10.4,0.857,0.0,down
vol1,SD8020.LFT,SD8020,sd8020,R. Wagner/R. Olsen,clean,clean,,,52400,MS00260.DAT,9.84,0.848,0.0,down
vol1,SD8020.LFT,SD8020,sd8020,R. Wagner/R. Olsen,clean,clean,,,52400,MS00260.DAT,9.45,0.845,0.0,down
vol1,SD8020.LFT,SD8020,sd8020,R. Wagner/R. Olsen,clean,clean,,,52400,MS00260.DAT,8.81,0.813,0.0,down
vol1,SD8020.LFT,SD8020,sd8020,R. Wagner/R. Olsen,clean,clean,,,52400,MS00260.DAT,8.26,0.778,0.0,down
vol1,SD8020.LFT,SD8020,sd8020,R. Wagner/R. Olsen,clean,clean,,,52400,MS00260.DAT,7.83,0.745,0.0,down
vol1,SD8020.LFT,SD8020,sd8020,R. Wagner/R. Olsen,clean,clean,,,52400,MS00260.DAT,7.38,0.718,0.0,down
vol1,SD8020.LFT,SD8020,sd8020,R. Wagner/R. Olsen,clean,clean,,,52400,MS00260.DAT,6.82,0.685,0.0,down
vol1,SD8020.LFT,SD8020,sd8020,R. Wagner/R. Olsen,clean,clean,,,52400,MS00260.DAT,6.34,0.65,0.0,down
vol1,SD8020.LFT,SD8020,sd8020,R. Wagner/R. Olsen,clean,clean,,,52400,MS00260.DAT,5.76,0.606,0.0,down
vol1,SD8020.LFT,SD8020,sd8020,R. Wagner/R. Olsen,clean,clean,,,52400,MS00260.DAT,5.2,0.563,0.0,down
vol1,SD8020.LFT,SD8020,sd8020,R. Wagner/R. Olsen,clean,clean,,,52400,MS00260.DAT,4.68,0.523,0.0,down
vol1,SD8020.LFT,SD8020,sd8020,R. Wagner/R. Olsen,clean,clean,,,52400,MS00260.DAT,4.22,0.487,0.0,down
vol1,SD8020.LFT,SD8020,sd8020,R. Wagner/R. Olsen,clean,clean,,,52400,MS00260.DAT,3.71,0.453,0.0,down
vol1,SD8020.LFT,SD8020,sd8020,R. Wagner/R. Olsen,clean,clean,,,52400,MS00260.DAT,3.29,0.411,0.0,down
vol1,SD8020.LFT,SD8020,sd8020,R. Wagner/R. Olsen,clean,clean,,,52400,MS00260.DAT,2.71,0.358,0.0,down
vol1,SD8020.LFT,SD8020,sd8020,R. Wagner/R. Olsen,clean,clean,,,52400,MS00260.DAT,2.27,0.301,0.0,down
vol1,SD8020.LFT,SD8020,sd8020,R. Wagner/R. Olsen,clean,clean,,,52400,MS00260.DAT,1.65,0.199,0.0,down
vol1,SD8020.LFT,SD8020,sd8020,R. Wagner/R. Olsen,clean,clean,,,52400,MS00260.DAT,1.26,0.122,0.0,down
vol1,SD8020.LFT,SD8020,sd8020,R. Wagner/R. Olsen,clean,clean,,,52400,MS00260.DAT,0.62,0.099,0.0,down
vol1,SD8020.LFT,SD8020,sd8020,R. Wagner/R. Olsen,clean,clean,,,52400,MS00260.DAT,0.24,0.093,0.0,down
vol1,SD8020.LFT,SD8020,sd8020,R. Wagner/R. Olsen,clean,clean,,,52400,MS00260.DAT,-0.39,0.081,0.0,down
vol1,SD8020.LFT,SD8020,sd8020,R. Wagner/R. Olsen,clean,clean,,,52400,MS00260.DAT,-0.83,0.058,0.0,down
vol1,SD8020.LFT,SD8020,sd8020,R. Wagner/R. Olsen,clean,clean,,,52400,MS00260.DAT,-1.44,0.003,0.0,down
vol1,SD8020.LFT,SD8020,sd8020,R. Wagner/R. Olsen,clean,clean,,,52400,MS00260.DAT,-1.81,-0.056,0.0,down
vol1,SD8020.LFT,SD8020,sd8020,R. Wagner/R. Olsen,clean,clean,,,52400,MS00260.DAT,-2.48,-0.172,0.0,down
vol1,SD8020.LFT,SD8020,sd8020,R. Wagner/R. Olsen,clean,clean,,,52400,MS00260.DAT,-2.88,-0.222,0.0,down
vol1,SD8020.LFT,SD8020,sd8020,R. Wagner/R. Olsen,clean,clean,,,52400,MS00260.DAT,-3.53,-0.285,0.0,down
vol1,SD8020.LFT,SD8020,sd8020,R. Wagner/R. Olsen,clean,clean,,,52400,MS00260.DAT,-3.93,-0.344,0.0,down
vol1,SD8020.LFT,SD8020,sd8020,R. Wagner/R. Olsen,clean,clean,,,52400,MS00260.DAT,-4.53,-0.389,0.0,down
vol1,SD8020.LFT,SD8020,sd8020,R. Wagner/R. Olsen,clean,clean,,,52400,MS00260.DAT,-5.04,-0.431,0.0,down
vol1,SD8020.LFT,SD8020,sd8020,R. Wagner/R. Olsen,clean,clean,,,52400,MS00260.DAT,-5.55,-0.468,0.0,down
vol1,SD8020.LFT,SD8020,sd8020,R. Wagner/R. Olsen,clean,clean,,,52400,MS00260.DAT,-6.01,-0.509,0.0,down
vol1,SD8020.LFT,SD8020,sd8020,R. Wagner/R. Olsen,clean,clean,,,52400,MS00260.DAT,-6.61,-0.555,0.0,down
vol1,SD8020.LFT,SD8020,sd8020,R. Wagner/R. Olsen,clean,clean,,,60600,MS00261.DAT,-6.69,-0.681,0.0,up
vol1,SD8020.LFT,SD8020,sd8020,R. Wagner/R. Olsen,clean,clean,,,60600,MS00261.DAT,-6.13,-0.645,0.0,up
vol1,SD8020.LFT,SD8020,sd8020,R. Wagner/R. Olsen,clean,clean,,,60600,MS00261.DAT,-5.66,-0.609,0.0,up
vol1,SD8020.LFT,SD8020,sd8020,R. Wagner/R. Olsen,clean,clean,,,60600,MS00261.DAT,-5.02,-0.561,0.0,up
vol1,SD8020.LFT,SD8020,sd8020,R. Wagner/R. Olsen,clean,clean,,,60600,MS00261.DAT,-4.63,-0.529,0.0,up
vol1,SD8020.LFT,SD8020,sd8020,R. Wagner/R. Olsen,clean,clean,,,60600,MS00261.DAT,-4.15,-0.486,0.0,up
vol1,SD8020.LFT,SD8020,sd8020,R. Wagner/R. Olsen,clean,clean,,,60600,MS00261.DAT,-3.66,-0.436,0.0,up
vol1,SD8020.LFT,SD8020,sd8020,R. Wagner/R. Olsen,clean,clean,,,60600,MS00261.DAT,-3.03,-0.373,0.0,up
vol1,SD8020.LFT,SD8020,sd8020,R. Wagner/R. Olsen,clean,clean,,,60600,MS00261.DAT,-2.6,-0.319,0.0,up
vol1,SD8020.LFT,SD8020,sd8020,R. Wagner/R. Olsen,clean,clean,,,60600,MS00261.DAT,-2.01,-0.23,0.0,up
vol1,SD8020.LFT,SD8020,sd8020,R. Wagner/R. Olsen,clean,clean,,,60600,MS00261.DAT,-1.61,-0.146,0.0,up
vol1,SD8020.LFT,SD8020,sd8020,R. Wagner/R. Olsen,clean,clean,,,60600,MS00261.DAT,-1.04,-0.079,0.0,up
vol1,SD8020.LFT,SD8020,sd8020,R. Wagner/R. Olsen,clean,clean,,,60600,MS00261.DAT,-0.56,-0.056,0.0,up
vol1,SD8020.LFT,SD8020,sd8020,R. Wagner/R. Olsen,clean,clean,,,60600,MS00261.DAT,0.05,-0.036,0.0,up
vol1,SD8020.LFT,SD8020,sd8020,R. Wagner/R. Olsen,clean,clean,,,60600,MS00261.DAT,0.44,-0.032,0.0,up
vol1,SD8020.LFT,SD8020,sd8020,R. Wagner/R. Olsen,clean,clean,,,60600,MS00261.DAT,1.02,0.005,0.0,up
vol1,SD8020.LFT,SD8020,sd8020,R. Wagner/R. Olsen,clean,clean,,,60600,MS00261.DAT,1.43,0.073,0.0,up
vol1,SD8020.LFT,SD8020,sd8020,R. Wagner/R. Olsen,clean,clean,,,60600,MS00261.DAT,2.1,0.182,0.0,up
vol1,SD8020.LFT,SD8020,sd8020,R. Wagner/R. Olsen,clean,clean,,,60600,MS00261.DAT,2.54,0.238,0.0,up
vol1,SD8020.LFT,SD8020,sd8020,R. Wagner/R. Olsen,clean,clean,,,60600,MS00261.DAT,3.07,0.289,0.0,up
vol1,SD8020.LFT,SD8020,sd8020,R. Wagner/R. Olsen,clean,clean,,,60600,MS00261.DAT,3.56,0.325,0.0,up
vol1,SD8020.LFT,SD8020,sd8020,R. Wagner/R. Olsen,clean,clean,,,60600,MS00261.DAT,4.03,0.367,0.0,up
vol1,SD8020.LFT,SD8020,sd8020,R. Wagner/R. Olsen,clean,clean,,,60600,MS00261.DAT,4.55,0.405,0.0,up
vol1,SD8020.LFT,SD8020,sd8020,R. Wagner/R. Olsen,clean,clean,,,60600,MS00261.DAT,5.13,0.455,0.0,up
vol1,SD8020.LFT,SD8020,sd8020,R. Wagner/R. Olsen,clean,clean,,,60600,MS00261.DAT,5.57,0.493,0.0,up
vol1,SD8020.LFT,SD8020,sd8020,R. Wagner/R. Olsen,clean,clean,,,60600,MS00261.DAT,6.14,0.539,0.0,up
vol1,SD8020.LFT,SD8020,sd8020,R. Wagner/R. Olsen,clean,clean,,,60600,MS00261.DAT,6.63,0.574,0.0,up
vol1,SD8020.LFT,SD8020,sd8020,R. Wagner/R. Olsen,clean,clean,,,60600,MS00261.DAT,7.1,0.606,0.0,up
vol1,SD8020.LFT,SD8020,sd8020,R. Wagner/R. Olsen,clean,clean,,,60600,MS00261.DAT,7.6,0.64,0.0,up
vol1,SD8020.LFT,SD8020,sd8020,R. Wagner/R. Olsen,clean,clean,,,60600,MS00261.DAT,8.1,0.677,0.0,up
vol1,SD8020.LFT,SD8020,sd8020,R. Wagner/R. Olsen,clean,clean,,,60600,MS00261.DAT,8.61,0.708,0.0,up
vol1,SD8020.LFT,SD8020,sd8020,R. Wagner/R. Olsen,clean,clean,,,60600,MS00261.DAT,9.17,0.738,0.0,up
vol1,SD8020.LFT,SD8020,sd8020,R. Wagner/R. Olsen,clean,clean,,,60600,MS00261.DAT,9.67,0.754,0.0,up
vol1,SD8020.LFT,SD8020,sd8020,R. Wagner/R. Olsen,clean,clean,,,60600,MS00261.DAT,10.17,0.752,0.0,up
vol1,SD8020.LFT,SD8020,sd8020,R. Wagner/R. Olsen,clean,clean,,,60600,MS00261.DAT,10.68,0.766,0.0,up
vol1,SD8020.LFT,SD8020,sd8020,R. Wagner/R. Olsen,clean,clean,,,60600,MS00261.DAT,11.22,0.769,0.0,up
vol1,SD8020.LFT,SD8020,sd8020,R. Wagner/R. Olsen,clean,clean,,,60600,MS00261.DAT,11.66,0.742,0.0,up
vol1,SD8020.LFT,SD8020,sd8020,R. Wagner/R. Olsen,clean,clean,,,60600,MS00261.DAT,12.21,0.744,0.0,up
vol1,SD8020.LFT,SD8020,sd8020,R. Wagner/R. Olsen,clean,clean,,,60600,MS00261.DAT,12.67,0.713,0.0,up
vol1,SD8020.LFT,SD8020,sd8020,R. Wagner/R. Olsen,clean,clean,,,60600,MS00261.DAT,13.23,0.733,0.0,up
vol1,SD8020.LFT,SD8020,sd8020,R. Wagner/R. Olsen,clean,clean,,,60600,MS00261.DAT,13.69,0.772,0.0,up
vol1,SD8020.LFT,SD8020,sd8020,R. Wagner/R. Olsen,clean,clean,,,60600,MS00261.DAT,14.27,0.761,0.0,up
vol1,SD8020.LFT,SD8020,sd8020,R. Wagner/R. Olsen,clean,clean,,,60600,MS00261.DAT,14.7,0.778,0.0,up
vol1,SD8020.LFT,SD8020,sd8020,R. Wagner/R. Olsen,clean,clean,,,60600,MS00261.DAT,15.2,0.837,0.0,up
vol1,SD8020.LFT,SD8020,sd8020,R. Wagner/R. Olsen,clean,clean,,,60600,MS00261.DAT,15.64,0.767,0.0,up
vol1,SD8020.LFT,SD8020,sd8020,R. Wagner/R. Olsen,clean,clean,,,60600,MS00261.DAT,16.22,0.799,0.0,up
vol1,SD8020.LFT,SD8020,sd8020,R. Wagner/R. Olsen,clean,clean,,,60600,MS00261.DAT,16.68,0.829,0.0,up
vol1,SD8020.LFT,SD8020,sd8020,R. Wagner/R. Olsen,clean,clean,,,60600,MS00261.DAT,17.25,0.851,0.0,up
vol1,SD8020.LFT,SD8020,sd8020,R. Wagner/R. Olsen,clean,clean,,,60600,MS00261.DAT,17.7,0.823,0.0,up
vol1,SD8020.LFT,SD8020,sd8020,R. Wagner/R. Olsen,clean,clean,,,60600,MS00261.DAT,17.34,0.855,0.0,down
vol1,SD8020.LFT,SD8020,sd8020,R. Wagner/R. Olsen,clean,clean,,,60600,MS00261.DAT,16.73,0.85,0.0,down
vol1,SD8020.LFT,SD8020,sd8020,R. Wagner/R. Olsen,clean,clean,,,60600,MS00261.DAT,16.31,0.796,0.0,down
vol1,SD8020.LFT,SD8020,sd8020,R. Wagner/R. Olsen,clean,clean,,,60600,MS00261.DAT,15.78,0.818,0.0,down
vol1,SD8020.LFT,SD8020,sd8020,R. Wagner/R. Olsen,clean,clean,,,60600,MS00261.DAT,15.31,0.79,0.0,down
vol1,SD8020.LFT,SD8020,sd8020,R. Wagner/R. Olsen,clean,clean,,,60600,MS00261.DAT,14.77,0.796,0.0,down
vol1,SD8020.LFT,SD8020,sd8020,R. Wagner/R. Olsen,clean,clean,,,60600,MS00261.DAT,14.28,0.765,0.0,down
vol1,SD8020.LFT,SD8020,sd8020,R. Wagner/R. Olsen,clean,clean,,,60600,MS00261.DAT,13.75,0.715,0.0,down
vol1,SD8020.LFT,SD8020,sd8020,R. Wagner/R. Olsen,clean,clean,,,60600,MS00261.DAT,13.3,0.751,0.0,down
vol1,SD8020.LFT,SD8020,sd8020,R. Wagner/R. Olsen,clean,clean,,,60600,MS00261.DAT,12.75,0.73,0.0,down
vol1,SD8020.LFT,SD8020,sd8020,R. Wagner/R. Olsen,clean,clean,,,60600,MS00261.DAT,12.23,0.734,0.0,down
vol1,SD8020.LFT,SD8020,sd8020,R. Wagner/R. Olsen,clean,clean,,,60600,MS00261.DAT,11.73,0.767,0.0,down
vol1,SD8020.LFT,SD8020,sd8020,R. Wagner/R. Olsen,clean,clean,,,60600,MS00261.DAT,11.3,0.772,0.0,down
vol1,SD8020.LFT,SD8020,sd8020,R. Wagner/R. Olsen,clean,clean,,,60600,MS00261.DAT,10.76,0.79,0.0,down
vol1,SD8020.LFT,SD8020,sd8020,R. Wagner/R. Olsen,clean,clean,,,60600,MS00261.DAT,10.31,0.779,0.0,down
vol1,SD8020.LFT,SD8020,sd8020,R. Wagner/R. Olsen,clean,clean,,,60600,MS00261.DAT,9.75,0.762,0.0,down
vol1,SD8020.LFT,SD8020,sd8020,R. Wagner/R. Olsen,clean,clean,,,60600,MS00261.DAT,9.33,0.759,0.0,down
vol1,SD8020.LFT,SD8020,sd8020,R. Wagner/R. Olsen,clean,clean,,,60600,MS00261.DAT,8.75,0.735,0.0,down
vol1,SD8020.LFT,SD8020,sd8020,R. Wagner/R. Olsen,clean,clean,,,60600,MS00261.DAT,8.28,0.706,0.0,down
vol1,SD8020.LFT,SD8020,sd8020,R. Wagner/R. Olsen,clean,clean,,,60600,MS00261.DAT,7.75,0.671,0.0,down
vol1,SD8020.LFT,SD8020,sd8020,R. Wagner/R. Olsen,clean,clean,,,60600,MS00261.DAT,7.31,0.639,0.0,down
vol1,SD8020.LFT,SD8020,sd8020,R. Wagner/R. Olsen,clean,clean,,,60600,MS00261.DAT,6.7,0.595,0.0,down
vol1,SD8020.LFT,SD8020,sd8020,R. Wagner/R. Olsen,clean,clean,,,60600,MS00261.DAT,6.32,0.565,0.0,down
vol1,SD8020.LFT,SD8020,sd8020,R. Wagner/R. Olsen,clean,clean,,,60600,MS00261.DAT,5.72,0.519,0.0,down
vol1,SD8020.LFT,SD8020,sd8020,R. Wagner/R. Olsen,clean,clean,,,60600,MS00261.DAT,5.23,0.48,0.0,down
vol1,SD8020.LFT,SD8020,sd8020,R. Wagner/R. Olsen,clean,clean,,,60600,MS00261.DAT,4.68,0.437,0.0,down
vol1,SD8020.LFT,SD8020,sd8020,R. Wagner/R. Olsen,clean,clean,,,60600,MS00261.DAT,4.25,0.4,0.0,down
vol1,SD8020.LFT,SD8020,sd8020,R. Wagner/R. Olsen,clean,clean,,,60600,MS00261.DAT,3.65,0.352,0.0,down
vol1,SD8020.LFT,SD8020,sd8020,R. Wagner/R. Olsen,clean,clean,,,60600,MS00261.DAT,3.22,0.304,0.0,down
vol1,SD8020.LFT,SD8020,sd8020,R. Wagner/R. Olsen,clean,clean,,,60600,MS00261.DAT,2.6,0.243,0.0,down
vol1,SD8020.LFT,SD8020,sd8020,R. Wagner/R. Olsen,clean,clean,,,60600,MS00261.DAT,2.18,0.194,0.0,down
vol1,SD8020.LFT,SD8020,sd8020,R. Wagner/R. Olsen,clean,clean,,,60600,MS00261.DAT,1.57,0.099,0.0,down
vol1,SD8020.LFT,SD8020,sd8020,R. Wagner/R. Olsen,clean,clean,,,60600,MS00261.DAT,1.13,0.002,0.0,down
vol1,SD8020.LFT,SD8020,sd8020,R. Wagner/R. Olsen,clean,clean,,,60600,MS00261.DAT,0.53,-0.025,0.0,down
vol1,SD8020.LFT,SD8020,sd8020,R. Wagner/R. Olsen,clean,clean,,,60600,MS00261.DAT,0.12,-0.025,0.0,down
vol1,SD8020.LFT,SD8020,sd8020,R. Wagner/R. Olsen,clean,clean,,,60600,MS00261.DAT,-0.47,-0.044,0.0,down
vol1,SD8020.LFT,SD8020,sd8020,R. Wagner/R. Olsen,clean,clean,,,60600,MS00261.DAT,-0.96,-0.083,0.0,down
vol1,SD8020.LFT,SD8020,sd8020,R. Wagner/R. Olsen,clean,clean,,,60600,MS00261.DAT,-1.5,-0.144,0.0,down
vol1,SD8020.LFT,SD8020,sd8020,R. Wagner/R. Olsen,clean,clean,,,60600,MS00261.DAT,-1.98,-0.23,0.0,down
vol1,SD8020.LFT,SD8020,sd8020,R. Wagner/R. Olsen,clean,clean,,,60600,MS00261.DAT,-2.57,-0.326,0.0,down
vol1,SD8020.LFT,SD8020,sd8020,R. Wagner/R. Olsen,clean,clean,,,60600,MS00261.DAT,-2.96,-0.363,0.0,down
vol1,SD8020.LFT,SD8020,sd8020,R. Wagner/R. Olsen,clean,clean,,,60600,MS00261.DAT,-3.6,-0.422,0.0,down
vol1,SD8020.LFT,SD8020,sd8020,R. Wagner/R. Olsen,clean,clean,,,60600,MS00261.DAT,-4.01,-0.468,0.0,down
vol1,SD8020.LFT,SD8020,sd8020,R. Wagner/R. Olsen,clean,clean,,,60600,MS00261.DAT,-4.63,-0.516,0.0,down
vol1,SD8020.LFT,SD8020,sd8020,R. Wagner/R. Olsen,clean,clean,,,60600,MS00261.DAT,-5.07,-0.557,0.0,down
vol1,SD8020.LFT,SD8020,sd8020,R. Wagner/R. Olsen,clean,clean,,,60600,MS00261.DAT,-5.67,-0.606,0.0,down
vol1,SD8020.LFT,SD8020,sd8020,R. Wagner/R. Olsen,clean,clean,,,60600,MS00261.DAT,-6.14,-0.644,0.0,down
vol1,SD8020.LFT,SD8020,sd8020,R. Wagner/R. Olsen,clean,clean,,,60600,MS00261.DAT,-6.68,-0.685,0.0,down
vol1,SD8020.LFT,SD8020,sd8020,R. Wagner/R. Olsen,clean,clean,,,81100,MS00263.DAT,-6.53,-0.641,0.0,up
vol1,SD8020.LFT,SD8020,sd8020,R. Wagner/R. Olsen,clean,clean,,,81100,MS00263.DAT,-6.15,-0.621,0.0,up
vol1,SD8020.LFT,SD8020,sd8020,R. Wagner/R. Olsen,clean,clean,,,81100,MS00263.DAT,-5.68,-0.583,0.0,up
vol1,SD8020.LFT,SD8020,sd8020,R. Wagner/R. Olsen,clean,clean,,,81100,MS00263.DAT,-5.06,-0.529,0.0,up
vol1,SD8020.LFT,SD8020,sd8020,R. Wagner/R. Olsen,clean,clean,,,81100,MS00263.DAT,-4.62,-0.494,0.0,up
vol1,SD8020.LFT,SD8020,sd8020,R. Wagner/R. Olsen,clean,clean,,,81100,MS00263.DAT,-4.13,-0.458,0.0,up
vol1,SD8020.LFT,SD8020,sd8020,R. Wagner/R. Olsen,clean,clean,,,81100,MS00263.DAT,-3.62,-0.409,0.0,up
vol1,SD8020.LFT,SD8020,sd8020,R. Wagner/R. Olsen,clean,clean,,,81100,MS00263.DAT,-3.09,-0.355,0.0,up
vol1,SD8020.LFT,SD8020,sd8020,R. Wagner/R. Olsen,clean,clean,,,81100,MS00263.DAT,-2.61,-0.317,0.0,up
vol1,SD8020.LFT,SD8020,sd8020,R. Wagner/R. Olsen,clean,clean,,,81100,MS00263.DAT,-2.1,-0.234,0.0,up
vol1,SD8020.LFT,SD8020,sd8020,R. Wagner/R. Olsen,clean,clean,,,81100,MS00263.DAT,-1.58,-0.161,0.0,up
vol1,SD8020.LFT,SD8020,sd8020,R. Wagner/R. Olsen,clean,clean,,,81100,MS00263.DAT,-0.97,-0.049,0.0,up
vol1,SD8020.LFT,SD8020,sd8020,R. Wagner/R. Olsen,clean,clean,,,81100,MS00263.DAT,-0.57,-0.014,0.0,up
vol1,SD8020.LFT,SD8020,sd8020,R. Wagner/R. Olsen,clean,clean,,,81100,MS00263.DAT,-0.05,-0.001,0.0,up
vol1,SD8020.LFT,SD8020,sd8020,R. Wagner/R. Olsen,clean,clean,,,81100,MS00263.DAT,0.45,0.005,0.0,up
vol1,SD8020.LFT,SD8020,sd8020,R. Wagner/R. Olsen,clean,clean,,,81100,MS00263.DAT,0.99,0.067,0.0,up
vol1,SD8020.LFT,SD8020,sd8020,R. Wagner/R. Olsen,clean,clean,,,81100,MS00263.DAT,1.48,0.142,0.0,up
vol1,SD8020.LFT,SD8020,sd8020,R. Wagner/R. Olsen,clean,clean,,,81100,MS00263.DAT,2.09,0.223,0.0,up
vol1,SD8020.LFT,SD8020,sd8020,R. Wagner/R. Olsen,clean,clean,,,81100,MS00263.DAT,2.53,0.271,0.0,up
vol1,SD8020.LFT,SD8020,sd8020,R. Wagner/R. Olsen,clean,clean,,,81100,MS00263.DAT,3.02,0.305,0.0,up
vol1,SD8020.LFT,SD8020,sd8020,R. Wagner/R. Olsen,clean,clean,,,81100,MS00263.DAT,3.57,0.352,0.0,up
vol1,SD8020.LFT,SD8020,sd8020,R. Wagner/R. Olsen,clean,clean,,,81100,MS00263.DAT,4.02,0.397,0.0,up
vol1,SD8020.LFT,SD8020,sd8020,R. Wagner/R. Olsen,clean,clean,,,81100,MS00263.DAT,4.55,0.44,0.0,up
vol1,SD8020.LFT,SD8020,sd8020,R. Wagner/R. Olsen,clean,clean,,,81100,MS00263.DAT,5.11,0.484,0.0,up
vol1,SD8020.LFT,SD8020,sd8020,R. Wagner/R. Olsen,clean,clean,,,81100,MS00263.DAT,5.56,0.518,0.0,up
vol1,SD8020.LFT,SD8020,sd8020,R. Wagner/R. Olsen,clean,clean,,,81100,MS00263.DAT,6.14,0.564,0.0,up
vol1,SD8020.LFT,SD8020,sd8020,R. Wagner/R. Olsen,clean,clean,,,81100,MS00263.DAT,6.64,0.6,0.0,up
vol1,SD8020.LFT,SD8020,sd8020,R. Wagner/R. Olsen,clean,clean,,,81100,MS00263.DAT,7.22,0.642,0.0,up
vol1,SD8020.LFT,SD8020,sd8020,R. Wagner/R. Olsen,clean,clean,,,81100,MS00263.DAT,7.62,0.67,0.0,up
vol1,SD8020.LFT,SD8020,sd8020,R. Wagner/R. Olsen,clean,clean,,,81100,MS00263.DAT,8.12,0.703,0.0,up
vol1,SD8020.LFT,SD8020,sd8020,R. Wagner/R. Olsen,clean,clean,,,81100,MS00263.DAT,8.64,0.736,0.0,up
vol1,SD8020.LFT,SD8020,sd8020,R. Wagner/R. Olsen,clean,clean,,,81100,MS00263.DAT,9.14,0.763,0.0,up
vol1,SD8020.LFT,SD8020,sd8020,R. Wagner/R. Olsen,clean,clean,,,81100,MS00263.DAT,9.63,0.786,0.0,up
vol1,SD8020.LFT,SD8020,sd8020,R. Wagner/R. Olsen,clean,clean,,,81100,MS00263.DAT,10.2,0.801,0.0,up
vol1,SD8020.LFT,SD8020,sd8020,R. Wagner/R. Olsen,clean,clean,,,81100,MS00263.DAT,10.63,0.785,0.0,up
vol1,SD8020.LFT,SD8020,sd8020,R. Wagner/R. Olsen,clean,clean,,,81100,MS00263.DAT,11.17,0.794,0.0,up
vol1,SD8020.LFT,SD8020,sd8020,R. Wagner/R. Olsen,clean,clean,,,81100,MS00263.DAT,11.67,0.735,0.0,up
vol1,SD8020.LFT,SD8020,sd8020,R. Wagner/R. Olsen,clean,clean,,,81100,MS00263.DAT,12.15,0.763,0.0,up
vol1,SD8020.LFT,SD8020,sd8020,R. Wagner/R. Olsen,clean,clean,,,81100,MS00263.DAT,12.66,0.748,0.0,up
vol1,SD8020.LFT,SD8020,sd8020,R. Wagner/R. Olsen,clean,clean,,,81100,MS00263.DAT,13.19,0.724,0.0,up
vol1,SD8020.LFT,SD8020,sd8020,R. Wagner/R. Olsen,clean,clean,,,81100,MS00263.DAT,13.68,0.74,0.0,up
vol1,SD8020.LFT,SD8020,sd8020,R. Wagner/R. Olsen,clean,clean,,,81100,MS00263.DAT,14.18,0.728,0.0,up
vol1,SD8020.LFT,SD8020,sd8020,R. Wagner/R. Olsen,clean,clean,,,81100,MS00263.DAT,14.68,0.75,0.0,up
vol1,SD8020.LFT,SD8020,sd8020,R. Wagner/R. Olsen,clean,clean,,,81100,MS00263.DAT,15.28,0.825,0.0,up
vol1,SD8020.LFT,SD8020,sd8020,R. Wagner/R. Olsen,clean,clean,,,81100,MS00263.DAT,15.7,0.804,0.0,up
vol1,SD8020.LFT,SD8020,sd8020,R. Wagner/R. Olsen,clean,clean,,,81100,MS00263.DAT,16.22,0.829,0.0,up
vol1,SD8020.LFT,SD8020,sd8020,R. Wagner/R. Olsen,clean,clean,,,81100,MS00263.DAT,16.67,0.837,0.0,up
vol1,SD8020.LFT,SD8020,sd8020,R. Wagner/R. Olsen,clean,clean,,,81100,MS00263.DAT,17.27,0.824,0.0,up
vol1,SD8020.LFT,SD8020,sd8020,R. Wagner/R. Olsen,clean,clean,,,81100,MS00263.DAT,17.64,0.826,0.0,up
vol1,SD8020.LFT,SD8020,sd8020,R. Wagner/R. Olsen,clean,clean,,,81100,MS00263.DAT,17.31,0.836,0.0,down
vol1,SD8020.LFT,SD8020,sd8020,R. Wagner/R. Olsen,clean,clean,,,81100,MS00263.DAT,16.75,0.818,0.0,down
vol1,SD8020.LFT,SD8020,sd8020,R. Wagner/R. Olsen,clean,clean,,,81100,MS00263.DAT,16.35,0.814,0.0,down
vol1,SD8020.LFT,SD8020,sd8020,R. Wagner/R. Olsen,clean,clean,,,81100,MS00263.DAT,15.82,0.803,0.0,down
vol1,SD8020.LFT,SD8020,sd8020,R. Wagner/R. Olsen,clean,clean,,,81100,MS00263.DAT,15.31,0.82,0.0,down
vol1,SD8020.LFT,SD8020,sd8020,R. Wagner/R. Olsen,clean,clean,,,81100,MS00263.DAT,14.75,0.797,0.0,down
vol1,SD8020.LFT,SD8020,sd8020,R. Wagner/R. Olsen,clean,clean,,,81100,MS00263.DAT,14.3,0.764,0.0,down
vol1,SD8020.LFT,SD8020,sd8020,R. Wagner/R. Olsen,clean,clean,,,81100,MS00263.DAT,13.74,0.73,0.0,down
vol1,SD8020.LFT,SD8020,sd8020,R. Wagner/R. Olsen,clean,clean,,,81100,MS00263.DAT,13.33,0.737,0.0,down
vol1,SD8020.LFT,SD8020,sd8020,R. Wagner/R. Olsen,clean,clean,,,81100,MS00263.DAT,12.74,0.752,0.0,down
vol1,SD8020.LFT,SD8020,sd8020,R. Wagner/R. Olsen,clean,clean,,,81100,MS00263.DAT,12.28,0.768,0.0,down
vol1,SD8020.LFT,SD8020,sd8020,R. Wagner/R. Olsen,clean,clean,,,81100,MS00263.DAT,11.78,0.777,0.0,down
vol1,SD8020.LFT,SD8020,sd8020,R. Wagner/R. Olsen,clean,clean,,,81100,MS00263.DAT,11.34,0.766,0.0,down
vol1,SD8020.LFT,SD8020,sd8020,R. Wagner/R. Olsen,clean,clean,,,81100,MS00263.DAT,10.77,0.782,0.0,down
vol1,SD8020.LFT,SD8020,sd8020,R. Wagner/R. Olsen,clean,clean,,,81100,MS00263.DAT,10.34,0.785,0.0,down
vol1,SD8020.LFT,SD8020,sd8020,R. Wagner/R. Olsen,clean,clean,,,81100,MS00263.DAT,9.77,0.789,0.0,down
vol1,SD8020.LFT,SD8020,sd8020,R. Wagner/R. Olsen,clean,clean,,,81100,MS00263.DAT,9.39,0.776,0.0,down
vol1,SD8020.LFT,SD8020,sd8020,R. Wagner/R. Olsen,clean,clean,,,81100,MS00263.DAT,8.76,0.748,0.0,down
vol1,SD8020.LFT,SD8020,sd8020,R. Wagner/R. Olsen,clean,clean,,,81100,MS00263.DAT,8.28,0.721,0.0,down
vol1,SD8020.LFT,SD8020,sd8020,R. Wagner/R. Olsen,clean,clean,,,81100,MS00263.DAT,7.77,0.687,0.0,down
vol1,SD8020.LFT,SD8020,sd8020,R. Wagner/R. Olsen,clean,clean,,,81100,MS00263.DAT,7.33,0.653,0.0,down
vol1,SD8020.LFT,SD8020,sd8020,R. Wagner/R. Olsen,clean,clean,,,81100,MS00263.DAT,6.71,0.612,0.0,down
vol1,SD8020.LFT,SD8020,sd8020,R. Wagner/R. Olsen,clean,clean,,,81100,MS00263.DAT,6.27,0.574,0.0,down
vol1,SD8020.LFT,SD8020,sd8020,R. Wagner/R. Olsen,clean,clean,,,81100,MS00263.DAT,5.7,0.531,0.0,down
vol1,SD8020.LFT,SD8020,sd8020,R. Wagner/R. Olsen,clean,clean,,,81100,MS00263.DAT,5.25,0.494,0.0,down
vol1,SD8020.LFT,SD8020,sd8020,R. Wagner/R. Olsen,clean,clean,,,81100,MS00263.DAT,4.7,0.451,0.0,down
vol1,SD8020.LFT,SD8020,sd8020,R. Wagner/R. Olsen,clean,clean,,,81100,MS00263.DAT,4.28,0.414,0.0,down
vol1,SD8020.LFT,SD8020,sd8020,R. Wagner/R. Olsen,clean,clean,,,81100,MS00263.DAT,3.65,0.365,0.0,down
vol1,SD8020.LFT,SD8020,sd8020,R. Wagner/R. Olsen,clean,clean,,,81100,MS00263.DAT,3.25,0.327,0.0,down
vol1,SD8020.LFT,SD8020,sd8020,R. Wagner/R. Olsen,clean,clean,,,81100,MS00263.DAT,2.63,0.277,0.0,down
vol1,SD8020.LFT,SD8020,sd8020,R. Wagner/R. Olsen,clean,clean,,,81100,MS00263.DAT,2.13,0.232,0.0,down
vol1,SD8020.LFT,SD8020,sd8020,R. Wagner/R. Olsen,clean,clean,,,81100,MS00263.DAT,1.61,0.157,0.0,down
vol1,SD8020.LFT,SD8020,sd8020,R. Wagner/R. Olsen,clean,clean,,,81100,MS00263.DAT,1.15,0.084,0.0,down
vol1,SD8020.LFT,SD8020,sd8020,R. Wagner/R. Olsen,clean,clean,,,81100,MS00263.DAT,0.57,-0.008,0.0,down
vol1,SD8020.LFT,SD8020,sd8020,R. Wagner/R. Olsen,clean,clean,,,81100,MS00263.DAT,0.16,-0.008,0.0,down
vol1,SD8020.LFT,SD8020,sd8020,R. Wagner/R. Olsen,clean,clean,,,81100,MS00263.DAT,-0.46,-0.019,0.0,down
vol1,SD8020.LFT,SD8020,sd8020,R. Wagner/R. Olsen,clean,clean,,,81100,MS00263.DAT,-0.86,-0.044,0.0,down
vol1,SD8020.LFT,SD8020,sd8020,R. Wagner/R. Olsen,clean,clean,,,81100,MS00263.DAT,-1.51,-0.156,0.0,down
vol1,SD8020.LFT,SD8020,sd8020,R. Wagner/R. Olsen,clean,clean,,,81100,MS00263.DAT,-1.9,-0.228,0.0,down
vol1,SD8020.LFT,SD8020,sd8020,R. Wagner/R. Olsen,clean,clean,,,81100,MS00263.DAT,-2.53,-0.301,0.0,down
vol1,SD8020.LFT,SD8020,sd8020,R. Wagner/R. Olsen,clean,clean,,,81100,MS00263.DAT,-2.99,-0.334,0.0,down
vol1,SD8020.LFT,SD8020,sd8020,R. Wagner/R. Olsen,clean,clean,,,81100,MS00263.DAT,-3.57,-0.402,0.0,down
vol1,SD8020.LFT,SD8020,sd8020,R. Wagner/R. Olsen,clean,clean,,,81100,MS00263.DAT,-3.97,-0.434,0.0,down
vol1,SD8020.LFT,SD8020,sd8020,R. Wagner/R. Olsen,clean,clean,,,81100,MS00263.DAT,-4.6,-0.487,0.0,down
vol1,SD8020.LFT,SD8020,sd8020,R. Wagner/R. Olsen,clean,clean,,,81100,MS00263.DAT,-5.11,-0.526,0.0,down
vol1,SD8020.LFT,SD8020,sd8020,R. Wagner/R. Olsen,clean,clean,,,81100,MS00263.DAT,-5.62,-0.567,0.0,down
vol1,SD8020.LFT,SD8020,sd8020,R. Wagner/R. Olsen,clean,clean,,,81100,MS00263.DAT,-6.05,-0.606,0.0,down
vol1,SD8020.LFT,SD8020,sd8020,R. Wagner/R. Olsen,clean,clean,,,81100,MS00263.DAT,-6.64,-0.651,0.0,down
vol1,SD8020.LFT,SD8020,sd8020,R. Wagner/R. Olsen,clean,clean,,,101800,MS00264.DAT,-6.56,-0.623,0.0,up
vol1,SD8020.LFT,SD8020,sd8020,R. Wagner/R. Olsen,clean,clean,,,101800,MS00264.DAT,-6.03,-0.586,0.0,up
vol1,SD8020.LFT,SD8020,sd8020,R. Wagner/R. Olsen,clean,clean,,,101800,MS00264.DAT,-5.66,-0.557,0.0,up
vol1,SD8020.LFT,SD8020,sd8020,R. Wagner/R. Olsen,clean,clean,,,101800,MS00264.DAT,-5.07,-0.506,0.0,up
vol1,SD8020.LFT,SD8020,sd8020,R. Wagner/R. Olsen,clean,clean,,,101800,MS00264.DAT,-4.61,-0.465,0.0,up
vol1,SD8020.LFT,SD8020,sd8020,R. Wagner/R. Olsen,clean,clean,,,101800,MS00264.DAT,-4.05,-0.42,0.0,up
vol1,SD8020.LFT,SD8020,sd8020,R. Wagner/R. Olsen,clean,clean,,,101800,MS00264.DAT,-3.57,-0.382,0.0,up
vol1,SD8020.LFT,SD8020,sd8020,R. Wagner/R. Olsen,clean,clean,,,101800,MS00264.DAT,-3.03,-0.318,0.0,up
vol1,SD8020.LFT,SD8020,sd8020,R. Wagner/R. Olsen,clean,clean,,,101800,MS00264.DAT,-2.59,-0.277,0.0,up
vol1,SD8020.LFT,SD8020,sd8020,R. Wagner/R. Olsen,clean,clean,,,101800,MS00264.DAT,-2.01,-0.218,0.0,up
vol1,SD8020.LFT,SD8020,sd8020,R. Wagner/R. Olsen,clean,clean,,,101800,MS00264.DAT,-1.57,-0.161,0.0,up
vol1,SD8020.LFT,SD8020,sd8020,R. Wagner/R. Olsen,clean,clean,,,101800,MS00264.DAT,-0.97,-0.059,0.0,up
vol1,SD8020.LFT,SD8020,sd8020,R. Wagner/R. Olsen,clean,clean,,,101800,MS00264.DAT,-0.52,0.015,0.0,up
vol1,SD8020.LFT,SD8020,sd8020,R. Wagner/R. Olsen,clean,clean,,,101800,MS00264.DAT,0.09,0.036,0.0,up
vol1,SD8020.LFT,SD8020,sd8020,R. Wagner/R. Olsen,clean,clean,,,101800,MS00264.DAT,0.46,0.038,0.0,up
vol1,SD8020.LFT,SD8020,sd8020,R. Wagner/R. Olsen,clean,clean,,,101800,MS00264.DAT,1.13,0.146,0.0,up
vol1,SD8020.LFT,SD8020,sd8020,R. Wagner/R. Olsen,clean,clean,,,101800,MS00264.DAT,1.55,0.204,0.0,up
vol1,SD8020.LFT,SD8020,sd8020,R. Wagner/R. Olsen,clean,clean,,,101800,MS00264.DAT,2.11,0.26,0.0,up
vol1,SD8020.LFT,SD8020,sd8020,R. Wagner/R. Olsen,clean,clean,,,101800,MS00264.DAT,2.56,0.288,0.0,up
vol1,SD8020.LFT,SD8020,sd8020,R. Wagner/R. Olsen,clean,clean,,,101800,MS00264.DAT,3.07,0.343,0.0,up
vol1,SD8020.LFT,SD8020,sd8020,R. Wagner/R. Olsen,clean,clean,,,101800,MS00264.DAT,3.55,0.381,0.0,up
vol1,SD8020.LFT,SD8020,sd8020,R. Wagner/R. Olsen,clean,clean,,,101800,MS00264.DAT,4.09,0.426,0.0,up
vol1,SD8020.LFT,SD8020,sd8020,R. Wagner/R. Olsen,clean,clean,,,101800,MS00264.DAT,4.6,0.469,0.0,up
vol1,SD8020.LFT,SD8020,sd8020,R. Wagner/R. Olsen,clean,clean,,,101800,MS00264.DAT,5.1,0.512,0.0,up
vol1,SD8020.LFT,SD8020,sd8020,R. Wagner/R. Olsen,clean,clean,,,101800,MS00264.DAT,5.64,0.559,0.0,up
vol1,SD8020.LFT,SD8020,sd8020,R. Wagner/R. Olsen,clean,clean,,,101800,MS00264.DAT,6.19,0.604,0.0,up
vol1,SD8020.LFT,SD8020,sd8020,R. Wagner/R. Olsen,clean,clean,,,101800,MS00264.DAT,6.65,0.635,0.0,up
vol1,SD8020.LFT,SD8020,sd8020,R. Wagner/R. Olsen,clean,clean,,,101800,MS00264.DAT,7.17,0.674,0.0,up
vol1,SD8020.LFT,SD8020,sd8020,R. Wagner/R. Olsen,clean,clean,,,101800,MS00264.DAT,7.67,0.709,0.0,up
vol1,SD8020.LFT,SD8020,sd8020,R. Wagner/R. Olsen,clean,clean,,,101800,MS00264.DAT,8.16,0.741,0.0,up
vol1,SD8020.LFT,SD8020,sd8020,R. Wagner/R. Olsen,clean,clean,,,101800,MS00264.DAT,8.74,0.778,0.0,up
vol1,SD8020.LFT,SD8020,sd8020,R. Wagner/R. Olsen,clean,clean,,,101800,MS00264.DAT,9.14,0.797,0.0,up
vol1,SD8020.LFT,SD8020,sd8020,R. Wagner/R. Olsen,clean,clean,,,101800,MS00264.DAT,9.69,0.823,0.0,up
vol1,SD8020.LFT,SD8020,sd8020,R. Wagner/R. Olsen,clean,clean,,,101800,MS00264.DAT,10.1,0.812,0.0,up
vol1,SD8020.LFT,SD8020,sd8020,R. Wagner/R. Olsen,clean,clean,,,101800,MS00264.DAT,10.73,0.78,0.0,up
vol1,SD8020.LFT,SD8020,sd8020,R. Wagner/R. Olsen,clean,clean,,,101800,MS00264.DAT,11.19,0.788,0.0,up
vol1,SD8020.LFT,SD8020,sd8020,R. Wagner/R. Olsen,clean,clean,,,101800,MS00264.DAT,11.67,0.779,0.0,up
vol1,SD8020.LFT,SD8020,sd8020,R. Wagner/R. Olsen,clean,clean,,,101800,MS00264.DAT,12.24,0.729,0.0,up
vol1,SD8020.LFT,SD8020,sd8020,R. Wagner/R. Olsen,clean,clean,,,101800,MS00264.DAT,12.68,0.743,0.0,up
vol1,SD8020.LFT,SD8020,sd8020,R. Wagner/R. Olsen,clean,clean,,,101800,MS00264.DAT,13.27,0.748,0.0,up
vol1,SD8020.LFT,SD8020,sd8020,R. Wagner/R. Olsen,clean,clean,,,101800,MS00264.DAT,13.69,0.737,0.0,up
vol1,SD8020.LFT,SD8020,sd8020,R. Wagner/R. Olsen,clean,clean,,,101800,MS00264.DAT,14.22,0.759,0.0,up
vol1,SD8020.LFT,SD8020,sd8020,R. Wagner/R. Olsen,clean,clean,,,101800,MS00264.DAT,14.68,0.793,0.0,up
vol1,SD8020.LFT,SD8020,sd8020,R. Wagner/R. Olsen,clean,clean,,,101800,MS00264.DAT,15.3,0.813,0.0,up
vol1,SD8020.LFT,SD8020,sd8020,R. Wagner/R. Olsen,clean,clean,,,101800,MS00264.DAT,15.69,0.816,0.0,up
vol1,SD8020.LFT,SD8020,sd8020,R. Wagner/R. Olsen,clean,clean,,,101800,MS00264.DAT,16.37,0.854,0.0,up
vol1,SD8020.LFT,SD8020,sd8020,R. Wagner/R. Olsen,clean,clean,,,101800,MS00264.DAT,16.66,0.833,0.0,up
vol1,SD8020.LFT,SD8020,sd8020,R. Wagner/R. Olsen,clean,clean,,,101800,MS00264.DAT,17.25,0.837,0.0,up
vol1,SD8020.LFT,SD8020,sd8020,R. Wagner/R. Olsen,clean,clean,,,101800,MS00264.DAT,17.7,0.886,0.0,up
vol1,SD8020.LFT,SD8020,sd8020,R. Wagner/R. Olsen,clean,clean,,,101800,MS00264.DAT,17.27,0.84,0.0,down
vol1,SD8020.LFT,SD8020,sd8020,R. Wagner/R. Olsen,clean,clean,,,101800,MS00264.DAT,16.75,0.866,0.0,down
vol1,SD8020.LFT,SD8020,sd8020,R. Wagner/R. Olsen,clean,clean,,,101800,MS00264.DAT,16.41,0.801,0.0,down
vol1,SD8020.LFT,SD8020,sd8020,R. Wagner/R. Olsen,clean,clean,,,101800,MS00264.DAT,15.79,0.809,0.0,down
vol1,SD8020.LFT,SD8020,sd8020,R. Wagner/R. Olsen,clean,clean,,,101800,MS00264.DAT,15.27,0.775,0.0,down
vol1,SD8020.LFT,SD8020,sd8020,R. Wagner/R. Olsen,clean,clean,,,101800,MS00264.DAT,14.82,0.764,0.0,down
vol1,SD8020.LFT,SD8020,sd8020,R. Wagner/R. Olsen,clean,clean,,,101800,MS00264.DAT,14.38,0.761,0.0,down
vol1,SD8020.LFT,SD8020,sd8020,R. Wagner/R. Olsen,clean,clean,,,101800,MS00264.DAT,13.8,0.748,0.0,down
vol1,SD8020.LFT,SD8020,sd8020,R. Wagner/R. Olsen,clean,clean,,,101800,MS00264.DAT,13.36,0.74,0.0,down
vol1,SD8020.LFT,SD8020,sd8020,R. Wagner/R. Olsen,clean,clean,,,101800,MS00264.DAT,12.81,0.741,0.0,down
vol1,SD8020.LFT,SD8020,sd8020,R. Wagner/R. Olsen,clean,clean,,,101800,MS00264.DAT,12.38,0.742,0.0,down
vol1,SD8020.LFT,SD8020,sd8020,R. Wagner/R. Olsen,clean,clean,,,101800,MS00264.DAT,11.7,0.763,0.0,down
vol1,SD8020.LFT,SD8020,sd8020,R. Wagner/R. Olsen,clean,clean,,,101800,MS00264.DAT,11.28,0.761,0.0,down
vol1,SD8020.LFT,SD8020,sd8020,R. Wagner/R. Olsen,clean,clean,,,101800,MS00264.DAT,10.85,0.799,0.0,down
vol1,SD8020.LFT,SD8020,sd8020,R. Wagner/R. Olsen,clean,clean,,,101800,MS00264.DAT,10.4,0.794,0.0,down
vol1,SD8020.LFT,SD8020,sd8020,R. Wagner/R. Olsen,clean,clean,,,101800,MS00264.DAT,9.81,0.814,0.0,down
vol1,SD8020.LFT,SD8020,sd8020,R. Wagner/R. Olsen,clean,clean,,,101800,MS00264.DAT,9.36,0.798,0.0,down
vol1,SD8020.LFT,SD8020,sd8020,R. Wagner/R. Olsen,clean,clean,,,101800,MS00264.DAT,8.78,0.768,0.0,down
vol1,SD8020.LFT,SD8020,sd8020,R. Wagner/R. Olsen,clean,clean,,,101800,MS00264.DAT,8.38,0.743,0.0,down
vol1,SD8020.LFT,SD8020,sd8020,R. Wagner/R. Olsen,clean,clean,,,101800,MS00264.DAT,7.78,0.703,0.0,down
vol1,SD8020.LFT,SD8020,sd8020,R. Wagner/R. Olsen,clean,clean,,,101800,MS00264.DAT,7.27,0.665,0.0,down
vol1,SD8020.LFT,SD8020,sd8020,R. Wagner/R. Olsen,clean,clean,,,101800,MS00264.DAT,6.78,0.629,0.0,down
vol1,SD8020.LFT,SD8020,sd8020,R. Wagner/R. Olsen,clean,clean,,,101800,MS00264.DAT,6.33,0.596,0.0,down
vol1,SD8020.LFT,SD8020,sd8020,R. Wagner/R. Olsen,clean,clean,,,101800,MS00264.DAT,5.7,0.549,0.0,down
vol1,SD8020.LFT,SD8020,sd8020,R. Wagner/R. Olsen,clean,clean,,,101800,MS00264.DAT,5.33,0.517,0.0,down
vol1,SD8020.LFT,SD8020,sd8020,R. Wagner/R. Olsen,clean,clean,,,101800,MS00264.DAT,4.72,0.465,0.0,down
vol1,SD8020.LFT,SD8020,sd8020,R. Wagner/R. Olsen,clean,clean,,,101800,MS00264.DAT,4.32,0.432,0.0,down
vol1,SD8020.LFT,SD8020,sd8020,R. Wagner/R. Olsen,clean,clean,,,101800,MS00264.DAT,3.67,0.377,0.0,down
vol1,SD8020.LFT,SD8020,sd8020,R. Wagner/R. Olsen,clean,clean,,,101800,MS00264.DAT,3.3,0.347,0.0,down
vol1,SD8020.LFT,SD8020,sd8020,R. Wagner/R. Olsen,clean,clean,,,101800,MS00264.DAT,2.65,0.294,0.0,down
vol1,SD8020.LFT,SD8020,sd8020,R. Wagner/R. Olsen,clean,clean,,,101800,MS00264.DAT,2.25,0.254,0.0,down
vol1,SD8020.LFT,SD8020,sd8020,R. Wagner/R. Olsen,clean,clean,,,101800,MS00264.DAT,1.67,0.207,0.0,down
vol1,SD8020.LFT,SD8020,sd8020,R. Wagner/R. Olsen,clean,clean,,,101800,MS00264.DAT,1.27,0.15,0.0,down
vol1,SD8020.LFT,SD8020,sd8020,R. Wagner/R. Olsen,clean,clean,,,101800,MS00264.DAT,0.61,0.039,0.0,down
vol1,SD8020.LFT,SD8020,sd8020,R. Wagner/R. Olsen,clean,clean,,,101800,MS00264.DAT,0.22,0.008,0.0,down
vol1,SD8020.LFT,SD8020,sd8020,R. Wagner/R. Olsen,clean,clean,,,101800,MS00264.DAT,-0.41,0.009,0.0,down
vol1,SD8020.LFT,SD8020,sd8020,R. Wagner/R. Olsen,clean,clean,,,101800,MS00264.DAT,-0.8,-0.036,0.0,down
vol1,SD8020.LFT,SD8020,sd8020,R. Wagner/R. Olsen,clean,clean,,,101800,MS00264.DAT,-1.42,-0.144,0.0,down
vol1,SD8020.LFT,SD8020,sd8020,R. Wagner/R. Olsen,clean,clean,,,101800,MS00264.DAT,-1.82,-0.197,0.0,down
vol1,SD8020.LFT,SD8020,sd8020,R. Wagner/R. Olsen,clean,clean,,,101800,MS00264.DAT,-2.48,-0.257,0.0,down
vol1,SD8020.LFT,SD8020,sd8020,R. Wagner/R. Olsen,clean,clean,,,101800,MS00264.DAT,-2.9,-0.295,0.0,down
vol1,SD8020.LFT,SD8020,sd8020,R. Wagner/R. Olsen,clean,clean,,,101800,MS00264.DAT,-3.54,-0.364,0.0,down
vol1,SD8020.LFT,SD8020,sd8020,R. Wagner/R. Olsen,clean,clean,,,101800,MS00264.DAT,-4.04,-0.407,0.0,down
vol1,SD8020.LFT,SD8020,sd8020,R. Wagner/R. Olsen,clean,clean,,,101800,MS00264.DAT,-4.55,-0.451,0.0,down
vol1,SD8020.LFT,SD8020,sd8020,R. Wagner/R. Olsen,clean,clean,,,101800,MS00264.DAT,-5.06,-0.495,0.0,down
vol1,SD8020.LFT,SD8020,sd8020,R. Wagner/R. Olsen,clean,clean,,,101800,MS00264.DAT,-5.56,-0.541,0.0,down
vol1,SD8020.LFT,SD8020,sd8020,R. Wagner/R. Olsen,clean,clean,,,101800,MS00264.DAT,-6.0,-0.578,0.0,down
vol1,SD8020.LFT,SD8020,sd8020,R. Wagner/R. Olsen,clean,clean,,,101800,MS00264.DAT,-6.57,-0.62,0.0,down
vol1,SD8020.LFT,SD8020,sd8020,R. Wagner/R. Olsen,clean,clean,,,204200,JG00255.DAT,-6.54,-0.637,0.0,up
vol1,SD8020.LFT,SD8020,sd8020,R. Wagner/R. Olsen,clean,clean,,,204200,JG00255.DAT,-5.02,-0.504,0.0,up
vol1,SD8020.LFT,SD8020,sd8020,R. Wagner/R. Olsen,clean,clean,,,204200,JG00255.DAT,-3.46,-0.364,0.0,up
vol1,SD8020.LFT,SD8020,sd8020,R. Wagner/R. Olsen,clean,clean,,,204200,JG00255.DAT,-1.67,-0.211,0.0,up
vol1,SD8020.LFT,SD8020,sd8020,R. Wagner/R. Olsen,clean,clean,,,204200,JG00255.DAT,-0.35,-0.036,0.0,up
vol1,SD8020.LFT,SD8020,sd8020,R. Wagner/R. Olsen,clean,clean,,,204200,JG00255.DAT,1.15,0.147,0.0,up
vol1,SD8020.LFT,SD8020,sd8020,R. Wagner/R. Olsen,clean,clean,,,204200,JG00255.DAT,2.63,0.292,0.0,up
vol1,SD8020.LFT,SD8020,sd8020,R. Wagner/R. Olsen,clean,clean,,,204200,JG00255.DAT,4.27,0.437,0.0,up
vol1,SD8020.LFT,SD8020,sd8020,R. Wagner/R. Olsen,clean,clean,,,204200,JG00255.DAT,5.75,0.565,0.0,up
vol1,SD8020.LFT,SD8020,sd8020,R. Wagner/R. Olsen,clean,clean,,,204200,JG00255.DAT,7.27,0.692,0.0,up
vol1,SD8020.LFT,SD8020,sd8020,R. Wagner/R. Olsen,clean,clean,,,204200,JG00255.DAT,8.86,0.807,0.0,up
vol1,SD8020.LFT,SD8020,sd8020,R. Wagner/R. Olsen,clean,clean,,,204200,JG00255.DAT,10.13,0.855,0.0,up
vol1,SD8020.LFT,SD8020,sd8020,R. Wagner/R. Olsen,clean,clean,,,204200,JG00255.DAT,11.86,0.833,0.0,up
vol1,SD8020.LFT,SD8020,sd8020,R. Wagner/R. Olsen,clean,clean,,,204200,JG00255.DAT,13.51,0.8,0.0,up
vol1,SD8020.LFT,SD8020,sd8020,R. Wagner/R. Olsen,clean,clean,,,204200,JG00255.DAT,14.93,0.76,0.0,up
vol1,SD8020.LFT,SD8020,sd8020,R. Wagner/R. Olsen,clean,clean,,,204200,JG00255.DAT,16.36,0.772,0.0,up
vol1,SD8020.LFT,SD8020,sd8020,R. Wagner/R. Olsen,clean,clean,,,204200,JG00255.DAT,17.84,0.788,0.0,up
vol1,SD8020.LFT,SD8020,sd8020,R. Wagner/R. Olsen,clean,clean,,,204200,JG00255.DAT,15.93,0.771,0.0,down
vol1,SD8020.LFT,SD8020,sd8020,R. Wagner/R. Olsen,clean,clean,,,204200,JG00255.DAT,14.53,0.75,0.0,down
vol1,SD8020.LFT,SD8020,sd8020,R. Wagner/R. Olsen,clean,clean,,,204200,JG00255.DAT,12.93,0.795,0.0,down
vol1,SD8020.LFT,SD8020,sd8020,R. Wagner/R. Olsen,clean,clean,,,204200,JG00255.DAT,11.63,0.84,0.0,down
vol1,SD8020.LFT,SD8020,sd8020,R. Wagner/R. Olsen,clean,clean,,,204200,JG00255.DAT,10.26,0.86,0.0,down
vol1,SD8020.LFT,SD8020,sd8020,R. Wagner/R. Olsen,clean,clean,,,204200,JG00255.DAT,8.71,0.79,0.0,down
vol1,SD8020.LFT,SD8020,sd8020,R. Wagner/R. Olsen,clean,clean,,,204200,JG00255.DAT,7.19,0.68,0.0,down
vol1,SD8020.LFT,SD8020,sd8020,R. Wagner/R. Olsen,clean,clean,,,204200,JG00255.DAT,5.69,0.558,0.0,down
vol1,SD8020.LFT,SD8020,sd8020,R. Wagner/R. Olsen,clean,clean,,,204200,JG00255.DAT,4.09,0.416,0.0,down
vol1,SD8020.LFT,SD8020,sd8020,R. Wagner/R. Olsen,clean,clean,,,204200,JG00255.DAT,2.58,0.282,0.0,down
vol1,SD8020.LFT,SD8020,sd8020,R. Wagner/R. Olsen,clean,clean,,,204200,JG00255.DAT,0.94,0.109,0.0,down
vol1,SD8020.LFT,SD8020,sd8020,R. Wagner/R. Olsen,clean,clean,,,204200,JG00255.DAT,-0.47,-0.058,0.0,down
vol1,SD8020.LFT,SD8020,sd8020,R. Wagner/R. Olsen,clean,clean,,,204200,JG00255.DAT,-2.08,-0.256,0.0,down
vol1,SD8020.LFT,SD8020,sd8020,R. Wagner/R. Olsen,clean,clean,,,204200,JG00255.DAT,-3.58,-0.384,0.0,down
vol1,SD8020.LFT,SD8020,sd8020,R. Wagner/R. Olsen,clean,clean,,,204200,JG00255.DAT,-5.2,-0.531,0.0,down
vol1,SD8020.LFT,SD8020,sd8020,R. Wagner/R. Olsen,clean,clean,,,204200,JG00255.DAT,-6.7,-0.656,0.0,down
vol1,SD8020.LFT,SD8020,sd8020,R. Wagner/R. Olsen,clean,clean,,,305600,JG00257.DAT,-6.79,-0.66,0.0,up
vol1,SD8020.LFT,SD8020,sd8020,R. Wagner/R. Olsen,clean,clean,,,305600,JG00257.DAT,-4.82,-0.491,0.0,up
vol1,SD8020.LFT,SD8020,sd8020,R. Wagner/R. Olsen,clean,clean,,,305600,JG00257.DAT,-3.24,-0.346,0.0,up
vol1,SD8020.LFT,SD8020,sd8020,R. Wagner/R. Olsen,clean,clean,,,305600,JG00257.DAT,-1.79,-0.196,0.0,up
vol1,SD8020.LFT,SD8020,sd8020,R. Wagner/R. Olsen,clean,clean,,,305600,JG00257.DAT,-0.25,-0.028,0.0,up
vol1,SD8020.LFT,SD8020,sd8020,R. Wagner/R. Olsen,clean,clean,,,305600,JG00257.DAT,1.21,0.112,0.0,up
vol1,SD8020.LFT,SD8020,sd8020,R. Wagner/R. Olsen,clean,clean,,,305600,JG00257.DAT,2.65,0.286,0.0,up
vol1,SD8020.LFT,SD8020,sd8020,R. Wagner/R. Olsen,clean,clean,,,305600,JG00257.DAT,4.15,0.426,0.0,up
vol1,SD8020.LFT,SD8020,sd8020,R. Wagner/R. Olsen,clean,clean,,,305600,JG00257.DAT,5.65,0.56,0.0,up
vol1,SD8020.LFT,SD8020,sd8020,R. Wagner/R. Olsen,clean,clean,,,305600,JG00257.DAT,7.23,0.691,0.0,up
vol1,SD8020.LFT,SD8020,sd8020,R. Wagner/R. Olsen,clean,clean,,,305600,JG00257.DAT,8.83,0.812,0.0,up
vol1,SD8020.LFT,SD8020,sd8020,R. Wagner/R. Olsen,clean,clean,,,305600,JG00257.DAT,10.21,0.882,0.0,up
vol1,SD8020.LFT,SD8020,sd8020,R. Wagner/R. Olsen,clean,clean,,,305600,JG00257.DAT,11.61,0.861,0.0,up
vol1,SD8020.LFT,SD8020,sd8020,R. Wagner/R. Olsen,clean,clean,,,305600,JG00257.DAT,13.16,0.798,0.0,up
vol1,SD8020.LFT,SD8020,sd8020,R. Wagner/R. Olsen,clean,clean,,,305600,JG00257.DAT,14.66,0.777,0.0,up
vol1,SD8020.LFT,SD8020,sd8020,R. Wagner/R. Olsen,clean,clean,,,305600,JG00257.DAT,16.1,0.797,0.0,up
vol1,SD8020.LFT,SD8020,sd8020,R. Wagner/R. Olsen,clean,clean,,,305600,JG00257.DAT,17.78,0.81,0.0,up
vol1,SD8020.LFT,SD8020,sd8020,R. Wagner/R. Olsen,clean,clean,,,305600,JG00257.DAT,15.87,0.781,0.0,down
vol1,SD8020.LFT,SD8020,sd8020,R. Wagner/R. Olsen,clean,clean,,,305600,JG00257.DAT,14.46,0.761,0.0,down
vol1,SD8020.LFT,SD8020,sd8020,R. Wagner/R. Olsen,clean,clean,,,305600,JG00257.DAT,12.81,0.818,0.0,down
vol1,SD8020.LFT,SD8020,sd8020,R. Wagner/R. Olsen,clean,clean,,,305600,JG00257.DAT,11.49,0.855,0.0,down
vol1,SD8020.LFT,SD8020,sd8020,R. Wagner/R. Olsen,clean,clean,,,305600,JG00257.DAT,10.24,0.875,0.0,down
vol1,SD8020.LFT,SD8020,sd8020,R. Wagner/R. Olsen,clean,clean,,,305600,JG00257.DAT,8.72,0.803,0.0,down
vol1,SD8020.LFT,SD8020,sd8020,R. Wagner/R. Olsen,clean,clean,,,305600,JG00257.DAT,7.17,0.684,0.0,down
vol1,SD8020.LFT,SD8020,sd8020,R. Wagner/R. Olsen,clean,clean,,,305600,JG00257.DAT,5.64,0.553,0.0,down
vol1,SD8020.LFT,SD8020,sd8020,R. Wagner/R. Olsen,clean,clean,,,305600,JG00257.DAT,4.08,0.412,0.0,down
vol1,SD8020.LFT,SD8020,sd8020,R. Wagner/R. Olsen,clean,clean,,,305600,JG00257.DAT,2.58,0.275,0.0,down
vol1,SD8020.LFT,SD8020,sd8020,R. Wagner/R. Olsen,clean,clean,,,305600,JG00257.DAT,1.06,0.091,0.0,down
vol1,SD8020.LFT,SD8020,sd8020,R. Wagner/R. Olsen,clean,clean,,,305600,JG00257.DAT,-0.52,-0.054,0.0,down
vol1,SD8020.LFT,SD8020,sd8020,R. Wagner/R. Olsen,clean,clean,,,305600,JG00257.DAT,-2.07,-0.235,0.0,down
vol1,SD8020.LFT,SD8020,sd8020,R. Wagner/R. Olsen,clean,clean,,,305600,JG00257.DAT,-3.57,-0.377,0.0,down
vol1,SD8020.LFT,SD8020,sd8020,R. Wagner/R. Olsen,clean,clean,,,305600,JG00257.DAT,-5.19,-0.526,0.0,down
vol1,SD8020.LFT,SD8020,sd8020,R. Wagner/R. Olsen,clean,clean,,,305600,JG00257.DAT,-6.7,-0.656,0.0,down
vol1,SD8020T2.LFT,SD8020,sd8020,R. Wagner/R. Olsen,tripped,"Zig-Zag trip type ""B"" @ x/c = 25% (h/c = 0.32%)",0.25,,40900,MS00283.DAT,-6.7,-0.61,0.0,up
vol1,SD8020T2.LFT,SD8020,sd8020,R. Wagner/R. Olsen,tripped,"Zig-Zag trip type ""B"" @ x/c = 25% (h/c = 0.32%)",0.25,,40900,MS00283.DAT,-6.07,-0.563,0.0,up
vol1,SD8020T2.LFT,SD8020,sd8020,R. Wagner/R. Olsen,tripped,"Zig-Zag trip type ""B"" @ x/c = 25% (h/c = 0.32%)",0.25,,40900,MS00283.DAT,-5.68,-0.538,0.0,up
vol1,SD8020T2.LFT,SD8020,sd8020,R. Wagner/R. Olsen,tripped,"Zig-Zag trip type ""B"" @ x/c = 25% (h/c = 0.32%)",0.25,,40900,MS00283.DAT,-5.21,-0.506,0.0,up
vol1,SD8020T2.LFT,SD8020,sd8020,R. Wagner/R. Olsen,tripped,"Zig-Zag trip type ""B"" @ x/c = 25% (h/c = 0.32%)",0.25,,40900,MS00283.DAT,-4.68,-0.467,0.0,up
vol1,SD8020T2.LFT,SD8020,sd8020,R. Wagner/R. Olsen,tripped,"Zig-Zag trip type ""B"" @ x/c = 25% (h/c = 0.32%)",0.25,,40900,MS00283.DAT,-4.13,-0.417,0.0,up
vol1,SD8020T2.LFT,SD8020,sd8020,R. Wagner/R. Olsen,tripped,"Zig-Zag trip type ""B"" @ x/c = 25% (h/c = 0.32%)",0.25,,40900,MS00283.DAT,-3.68,-0.383,0.0,up
vol1,SD8020T2.LFT,SD8020,sd8020,R. Wagner/R. Olsen,tripped,"Zig-Zag trip type ""B"" @ x/c = 25% (h/c = 0.32%)",0.25,,40900,MS00283.DAT,-3.05,-0.297,0.0,up
vol1,SD8020T2.LFT,SD8020,sd8020,R. Wagner/R. Olsen,tripped,"Zig-Zag trip type ""B"" @ x/c = 25% (h/c = 0.32%)",0.25,,40900,MS00283.DAT,-2.64,-0.247,0.0,up
vol1,SD8020T2.LFT,SD8020,sd8020,R. Wagner/R. Olsen,tripped,"Zig-Zag trip type ""B"" @ x/c = 25% (h/c = 0.32%)",0.25,,40900,MS00283.DAT,-2.08,-0.166,0.0,up
vol1,SD8020T2.LFT,SD8020,sd8020,R. Wagner/R. Olsen,tripped,"Zig-Zag trip type ""B"" @ x/c = 25% (h/c = 0.32%)",0.25,,40900,MS00283.DAT,-1.61,-0.101,0.0,up
vol1,SD8020T2.LFT,SD8020,sd8020,R. Wagner/R. Olsen,tripped,"Zig-Zag trip type ""B"" @ x/c = 25% (h/c = 0.32%)",0.25,,40900,MS00283.DAT,-1.07,-0.029,0.0,up
vol1,SD8020T2.LFT,SD8020,sd8020,R. Wagner/R. Olsen,tripped,"Zig-Zag trip type ""B"" @ x/c = 25% (h/c = 0.32%)",0.25,,40900,MS00283.DAT,-0.58,0.007,0.0,up
vol1,SD8020T2.LFT,SD8020,sd8020,R. Wagner/R. Olsen,tripped,"Zig-Zag trip type ""B"" @ x/c = 25% (h/c = 0.32%)",0.25,,40900,MS00283.DAT,-0.06,0.047,0.0,up
vol1,SD8020T2.LFT,SD8020,sd8020,R. Wagner/R. Olsen,tripped,"Zig-Zag trip type ""B"" @ x/c = 25% (h/c = 0.32%)",0.25,,40900,MS00283.DAT,0.43,0.082,0.0,up
vol1,SD8020T2.LFT,SD8020,sd8020,R. Wagner/R. Olsen,tripped,"Zig-Zag trip type ""B"" @ x/c = 25% (h/c = 0.32%)",0.25,,40900,MS00283.DAT,1.02,0.117,0.0,up
vol1,SD8020T2.LFT,SD8020,sd8020,R. Wagner/R. Olsen,tripped,"Zig-Zag trip type ""B"" @ x/c = 25% (h/c = 0.32%)",0.25,,40900,MS00283.DAT,1.47,0.175,0.0,up
vol1,SD8020T2.LFT,SD8020,sd8020,R. Wagner/R. Olsen,tripped,"Zig-Zag trip type ""B"" @ x/c = 25% (h/c = 0.32%)",0.25,,40900,MS00283.DAT,1.97,0.249,0.0,up
vol1,SD8020T2.LFT,SD8020,sd8020,R. Wagner/R. Olsen,tripped,"Zig-Zag trip type ""B"" @ x/c = 25% (h/c = 0.32%)",0.25,,40900,MS00283.DAT,2.52,0.306,0.0,up
vol1,SD8020T2.LFT,SD8020,sd8020,R. Wagner/R. Olsen,tripped,"Zig-Zag trip type ""B"" @ x/c = 25% (h/c = 0.32%)",0.25,,40900,MS00283.DAT,3.01,0.351,0.0,up
vol1,SD8020T2.LFT,SD8020,sd8020,R. Wagner/R. Olsen,tripped,"Zig-Zag trip type ""B"" @ x/c = 25% (h/c = 0.32%)",0.25,,40900,MS00283.DAT,3.55,0.4,0.0,up
vol1,SD8020T2.LFT,SD8020,sd8020,R. Wagner/R. Olsen,tripped,"Zig-Zag trip type ""B"" @ x/c = 25% (h/c = 0.32%)",0.25,,40900,MS00283.DAT,4.07,0.451,0.0,up
vol1,SD8020T2.LFT,SD8020,sd8020,R. Wagner/R. Olsen,tripped,"Zig-Zag trip type ""B"" @ x/c = 25% (h/c = 0.32%)",0.25,,40900,MS00283.DAT,4.59,0.492,0.0,up
vol1,SD8020T2.LFT,SD8020,sd8020,R. Wagner/R. Olsen,tripped,"Zig-Zag trip type ""B"" @ x/c = 25% (h/c = 0.32%)",0.25,,40900,MS00283.DAT,5.11,0.534,0.0,up
vol1,SD8020T2.LFT,SD8020,sd8020,R. Wagner/R. Olsen,tripped,"Zig-Zag trip type ""B"" @ x/c = 25% (h/c = 0.32%)",0.25,,40900,MS00283.DAT,5.58,0.57,0.0,up
vol1,SD8020T2.LFT,SD8020,sd8020,R. Wagner/R. Olsen,tripped,"Zig-Zag trip type ""B"" @ x/c = 25% (h/c = 0.32%)",0.25,,40900,MS00283.DAT,6.08,0.607,0.0,up
vol1,SD8020T2.LFT,SD8020,sd8020,R. Wagner/R. Olsen,tripped,"Zig-Zag trip type ""B"" @ x/c = 25% (h/c = 0.32%)",0.25,,40900,MS00283.DAT,6.6,0.649,0.0,up
vol1,SD8020T2.LFT,SD8020,sd8020,R. Wagner/R. Olsen,tripped,"Zig-Zag trip type ""B"" @ x/c = 25% (h/c = 0.32%)",0.25,,40900,MS00283.DAT,7.11,0.685,0.0,up
vol1,SD8020T2.LFT,SD8020,sd8020,R. Wagner/R. Olsen,tripped,"Zig-Zag trip type ""B"" @ x/c = 25% (h/c = 0.32%)",0.25,,40900,MS00283.DAT,7.65,0.717,0.0,up
vol1,SD8020T2.LFT,SD8020,sd8020,R. Wagner/R. Olsen,tripped,"Zig-Zag trip type ""B"" @ x/c = 25% (h/c = 0.32%)",0.25,,40900,MS00283.DAT,8.14,0.746,0.0,up
vol1,SD8020T2.LFT,SD8020,sd8020,R. Wagner/R. Olsen,tripped,"Zig-Zag trip type ""B"" @ x/c = 25% (h/c = 0.32%)",0.25,,40900,MS00283.DAT,8.62,0.765,0.0,up
vol1,SD8020T2.LFT,SD8020,sd8020,R. Wagner/R. Olsen,tripped,"Zig-Zag trip type ""B"" @ x/c = 25% (h/c = 0.32%)",0.25,,40900,MS00283.DAT,9.16,0.79,0.0,up
vol1,SD8020T2.LFT,SD8020,sd8020,R. Wagner/R. Olsen,tripped,"Zig-Zag trip type ""B"" @ x/c = 25% (h/c = 0.32%)",0.25,,40900,MS00283.DAT,9.68,0.791,0.0,up
vol1,SD8020T2.LFT,SD8020,sd8020,R. Wagner/R. Olsen,tripped,"Zig-Zag trip type ""B"" @ x/c = 25% (h/c = 0.32%)",0.25,,40900,MS00283.DAT,10.17,0.796,0.0,up
vol1,SD8020T2.LFT,SD8020,sd8020,R. Wagner/R. Olsen,tripped,"Zig-Zag trip type ""B"" @ x/c = 25% (h/c = 0.32%)",0.25,,40900,MS00283.DAT,10.67,0.778,0.0,up
vol1,SD8020T2.LFT,SD8020,sd8020,R. Wagner/R. Olsen,tripped,"Zig-Zag trip type ""B"" @ x/c = 25% (h/c = 0.32%)",0.25,,40900,MS00283.DAT,11.13,0.787,0.0,up
vol1,SD8020T2.LFT,SD8020,sd8020,R. Wagner/R. Olsen,tripped,"Zig-Zag trip type ""B"" @ x/c = 25% (h/c = 0.32%)",0.25,,40900,MS00283.DAT,11.68,0.764,0.0,up
vol1,SD8020T2.LFT,SD8020,sd8020,R. Wagner/R. Olsen,tripped,"Zig-Zag trip type ""B"" @ x/c = 25% (h/c = 0.32%)",0.25,,40900,MS00283.DAT,12.15,0.8,0.0,up
vol1,SD8020T2.LFT,SD8020,sd8020,R. Wagner/R. Olsen,tripped,"Zig-Zag trip type ""B"" @ x/c = 25% (h/c = 0.32%)",0.25,,40900,MS00283.DAT,12.7,0.764,0.0,up
vol1,SD8020T2.LFT,SD8020,sd8020,R. Wagner/R. Olsen,tripped,"Zig-Zag trip type ""B"" @ x/c = 25% (h/c = 0.32%)",0.25,,40900,MS00283.DAT,13.15,0.744,0.0,up
vol1,SD8020T2.LFT,SD8020,sd8020,R. Wagner/R. Olsen,tripped,"Zig-Zag trip type ""B"" @ x/c = 25% (h/c = 0.32%)",0.25,,40900,MS00283.DAT,13.69,0.753,0.0,up
vol1,SD8020T2.LFT,SD8020,sd8020,R. Wagner/R. Olsen,tripped,"Zig-Zag trip type ""B"" @ x/c = 25% (h/c = 0.32%)",0.25,,40900,MS00283.DAT,14.18,0.683,0.0,up
vol1,SD8020T2.LFT,SD8020,sd8020,R. Wagner/R. Olsen,tripped,"Zig-Zag trip type ""B"" @ x/c = 25% (h/c = 0.32%)",0.25,,40900,MS00283.DAT,14.65,0.686,0.0,up
vol1,SD8020T2.LFT,SD8020,sd8020,R. Wagner/R. Olsen,tripped,"Zig-Zag trip type ""B"" @ x/c = 25% (h/c = 0.32%)",0.25,,40900,MS00283.DAT,15.17,0.696,0.0,up
vol1,SD8020T2.LFT,SD8020,sd8020,R. Wagner/R. Olsen,tripped,"Zig-Zag trip type ""B"" @ x/c = 25% (h/c = 0.32%)",0.25,,40900,MS00283.DAT,15.63,0.696,0.0,up
vol1,SD8020T2.LFT,SD8020,sd8020,R. Wagner/R. Olsen,tripped,"Zig-Zag trip type ""B"" @ x/c = 25% (h/c = 0.32%)",0.25,,40900,MS00283.DAT,16.15,0.711,0.0,up
vol1,SD8020T2.LFT,SD8020,sd8020,R. Wagner/R. Olsen,tripped,"Zig-Zag trip type ""B"" @ x/c = 25% (h/c = 0.32%)",0.25,,40900,MS00283.DAT,16.63,0.721,0.0,up
vol1,SD8020T2.LFT,SD8020,sd8020,R. Wagner/R. Olsen,tripped,"Zig-Zag trip type ""B"" @ x/c = 25% (h/c = 0.32%)",0.25,,40900,MS00283.DAT,17.14,0.735,0.0,up
vol1,SD8020T2.LFT,SD8020,sd8020,R. Wagner/R. Olsen,tripped,"Zig-Zag trip type ""B"" @ x/c = 25% (h/c = 0.32%)",0.25,,40900,MS00283.DAT,17.62,0.746,0.0,up
vol1,SD8020T2.LFT,SD8020,sd8020,R. Wagner/R. Olsen,tripped,"Zig-Zag trip type ""B"" @ x/c = 25% (h/c = 0.32%)",0.25,,40900,MS00283.DAT,17.31,0.753,0.0,down
vol1,SD8020T2.LFT,SD8020,sd8020,R. Wagner/R. Olsen,tripped,"Zig-Zag trip type ""B"" @ x/c = 25% (h/c = 0.32%)",0.25,,40900,MS00283.DAT,16.78,0.715,0.0,down
vol1,SD8020T2.LFT,SD8020,sd8020,R. Wagner/R. Olsen,tripped,"Zig-Zag trip type ""B"" @ x/c = 25% (h/c = 0.32%)",0.25,,40900,MS00283.DAT,16.34,0.725,0.0,down
vol1,SD8020T2.LFT,SD8020,sd8020,R. Wagner/R. Olsen,tripped,"Zig-Zag trip type ""B"" @ x/c = 25% (h/c = 0.32%)",0.25,,40900,MS00283.DAT,15.74,0.717,0.0,down
vol1,SD8020T2.LFT,SD8020,sd8020,R. Wagner/R. Olsen,tripped,"Zig-Zag trip type ""B"" @ x/c = 25% (h/c = 0.32%)",0.25,,40900,MS00283.DAT,15.3,0.708,0.0,down
vol1,SD8020T2.LFT,SD8020,sd8020,R. Wagner/R. Olsen,tripped,"Zig-Zag trip type ""B"" @ x/c = 25% (h/c = 0.32%)",0.25,,40900,MS00283.DAT,14.78,0.702,0.0,down
vol1,SD8020T2.LFT,SD8020,sd8020,R. Wagner/R. Olsen,tripped,"Zig-Zag trip type ""B"" @ x/c = 25% (h/c = 0.32%)",0.25,,40900,MS00283.DAT,14.29,0.713,0.0,down
vol1,SD8020T2.LFT,SD8020,sd8020,R. Wagner/R. Olsen,tripped,"Zig-Zag trip type ""B"" @ x/c = 25% (h/c = 0.32%)",0.25,,40900,MS00283.DAT,13.79,0.738,0.0,down
vol1,SD8020T2.LFT,SD8020,sd8020,R. Wagner/R. Olsen,tripped,"Zig-Zag trip type ""B"" @ x/c = 25% (h/c = 0.32%)",0.25,,40900,MS00283.DAT,13.31,0.724,0.0,down
vol1,SD8020T2.LFT,SD8020,sd8020,R. Wagner/R. Olsen,tripped,"Zig-Zag trip type ""B"" @ x/c = 25% (h/c = 0.32%)",0.25,,40900,MS00283.DAT,12.76,0.756,0.0,down
vol1,SD8020T2.LFT,SD8020,sd8020,R. Wagner/R. Olsen,tripped,"Zig-Zag trip type ""B"" @ x/c = 25% (h/c = 0.32%)",0.25,,40900,MS00283.DAT,12.29,0.747,0.0,down
vol1,SD8020T2.LFT,SD8020,sd8020,R. Wagner/R. Olsen,tripped,"Zig-Zag trip type ""B"" @ x/c = 25% (h/c = 0.32%)",0.25,,40900,MS00283.DAT,11.79,0.753,0.0,down
vol1,SD8020T2.LFT,SD8020,sd8020,R. Wagner/R. Olsen,tripped,"Zig-Zag trip type ""B"" @ x/c = 25% (h/c = 0.32%)",0.25,,40900,MS00283.DAT,11.3,0.789,0.0,down
vol1,SD8020T2.LFT,SD8020,sd8020,R. Wagner/R. Olsen,tripped,"Zig-Zag trip type ""B"" @ x/c = 25% (h/c = 0.32%)",0.25,,40900,MS00283.DAT,10.76,0.787,0.0,down
vol1,SD8020T2.LFT,SD8020,sd8020,R. Wagner/R. Olsen,tripped,"Zig-Zag trip type ""B"" @ x/c = 25% (h/c = 0.32%)",0.25,,40900,MS00283.DAT,10.34,0.789,0.0,down
vol1,SD8020T2.LFT,SD8020,sd8020,R. Wagner/R. Olsen,tripped,"Zig-Zag trip type ""B"" @ x/c = 25% (h/c = 0.32%)",0.25,,40900,MS00283.DAT,9.78,0.777,0.0,down
vol1,SD8020T2.LFT,SD8020,sd8020,R. Wagner/R. Olsen,tripped,"Zig-Zag trip type ""B"" @ x/c = 25% (h/c = 0.32%)",0.25,,40900,MS00283.DAT,9.35,0.772,0.0,down
vol1,SD8020T2.LFT,SD8020,sd8020,R. Wagner/R. Olsen,tripped,"Zig-Zag trip type ""B"" @ x/c = 25% (h/c = 0.32%)",0.25,,40900,MS00283.DAT,8.79,0.756,0.0,down
vol1,SD8020T2.LFT,SD8020,sd8020,R. Wagner/R. Olsen,tripped,"Zig-Zag trip type ""B"" @ x/c = 25% (h/c = 0.32%)",0.25,,40900,MS00283.DAT,8.28,0.726,0.0,down
vol1,SD8020T2.LFT,SD8020,sd8020,R. Wagner/R. Olsen,tripped,"Zig-Zag trip type ""B"" @ x/c = 25% (h/c = 0.32%)",0.25,,40900,MS00283.DAT,7.76,0.701,0.0,down
vol1,SD8020T2.LFT,SD8020,sd8020,R. Wagner/R. Olsen,tripped,"Zig-Zag trip type ""B"" @ x/c = 25% (h/c = 0.32%)",0.25,,40900,MS00283.DAT,7.27,0.668,0.0,down
vol1,SD8020T2.LFT,SD8020,sd8020,R. Wagner/R. Olsen,tripped,"Zig-Zag trip type ""B"" @ x/c = 25% (h/c = 0.32%)",0.25,,40900,MS00283.DAT,6.78,0.637,0.0,down
vol1,SD8020T2.LFT,SD8020,sd8020,R. Wagner/R. Olsen,tripped,"Zig-Zag trip type ""B"" @ x/c = 25% (h/c = 0.32%)",0.25,,40900,MS00283.DAT,6.3,0.602,0.0,down
vol1,SD8020T2.LFT,SD8020,sd8020,R. Wagner/R. Olsen,tripped,"Zig-Zag trip type ""B"" @ x/c = 25% (h/c = 0.32%)",0.25,,40900,MS00283.DAT,5.73,0.566,0.0,down
vol1,SD8020T2.LFT,SD8020,sd8020,R. Wagner/R. Olsen,tripped,"Zig-Zag trip type ""B"" @ x/c = 25% (h/c = 0.32%)",0.25,,40900,MS00283.DAT,5.24,0.527,0.0,down
vol1,SD8020T2.LFT,SD8020,sd8020,R. Wagner/R. Olsen,tripped,"Zig-Zag trip type ""B"" @ x/c = 25% (h/c = 0.32%)",0.25,,40900,MS00283.DAT,4.69,0.48,0.0,down
vol1,SD8020T2.LFT,SD8020,sd8020,R. Wagner/R. Olsen,tripped,"Zig-Zag trip type ""B"" @ x/c = 25% (h/c = 0.32%)",0.25,,40900,MS00283.DAT,4.21,0.442,0.0,down
vol1,SD8020T2.LFT,SD8020,sd8020,R. Wagner/R. Olsen,tripped,"Zig-Zag trip type ""B"" @ x/c = 25% (h/c = 0.32%)",0.25,,40900,MS00283.DAT,3.65,0.391,0.0,down
vol1,SD8020T2.LFT,SD8020,sd8020,R. Wagner/R. Olsen,tripped,"Zig-Zag trip type ""B"" @ x/c = 25% (h/c = 0.32%)",0.25,,40900,MS00283.DAT,3.26,0.361,0.0,down
vol1,SD8020T2.LFT,SD8020,sd8020,R. Wagner/R. Olsen,tripped,"Zig-Zag trip type ""B"" @ x/c = 25% (h/c = 0.32%)",0.25,,40900,MS00283.DAT,2.64,0.3,0.0,down
vol1,SD8020T2.LFT,SD8020,sd8020,R. Wagner/R. Olsen,tripped,"Zig-Zag trip type ""B"" @ x/c = 25% (h/c = 0.32%)",0.25,,40900,MS00283.DAT,2.16,0.251,0.0,down
vol1,SD8020T2.LFT,SD8020,sd8020,R. Wagner/R. Olsen,tripped,"Zig-Zag trip type ""B"" @ x/c = 25% (h/c = 0.32%)",0.25,,40900,MS00283.DAT,1.64,0.177,0.0,down
vol1,SD8020T2.LFT,SD8020,sd8020,R. Wagner/R. Olsen,tripped,"Zig-Zag trip type ""B"" @ x/c = 25% (h/c = 0.32%)",0.25,,40900,MS00283.DAT,1.13,0.117,0.0,down
vol1,SD8020T2.LFT,SD8020,sd8020,R. Wagner/R. Olsen,tripped,"Zig-Zag trip type ""B"" @ x/c = 25% (h/c = 0.32%)",0.25,,40900,MS00283.DAT,0.57,0.073,0.0,down
vol1,SD8020T2.LFT,SD8020,sd8020,R. Wagner/R. Olsen,tripped,"Zig-Zag trip type ""B"" @ x/c = 25% (h/c = 0.32%)",0.25,,40900,MS00283.DAT,0.15,0.04,0.0,down
vol1,SD8020T2.LFT,SD8020,sd8020,R. Wagner/R. Olsen,tripped,"Zig-Zag trip type ""B"" @ x/c = 25% (h/c = 0.32%)",0.25,,40900,MS00283.DAT,-0.47,-0.009,0.0,down
vol1,SD8020T2.LFT,SD8020,sd8020,R. Wagner/R. Olsen,tripped,"Zig-Zag trip type ""B"" @ x/c = 25% (h/c = 0.32%)",0.25,,40900,MS00283.DAT,-0.84,-0.027,0.0,down
vol1,SD8020T2.LFT,SD8020,sd8020,R. Wagner/R. Olsen,tripped,"Zig-Zag trip type ""B"" @ x/c = 25% (h/c = 0.32%)",0.25,,40900,MS00283.DAT,-1.47,-0.085,0.0,down
vol1,SD8020T2.LFT,SD8020,sd8020,R. Wagner/R. Olsen,tripped,"Zig-Zag trip type ""B"" @ x/c = 25% (h/c = 0.32%)",0.25,,40900,MS00283.DAT,-1.89,-0.15,0.0,down
vol1,SD8020T2.LFT,SD8020,sd8020,R. Wagner/R. Olsen,tripped,"Zig-Zag trip type ""B"" @ x/c = 25% (h/c = 0.32%)",0.25,,40900,MS00283.DAT,-2.52,-0.234,0.0,down
vol1,SD8020T2.LFT,SD8020,sd8020,R. Wagner/R. Olsen,tripped,"Zig-Zag trip type ""B"" @ x/c = 25% (h/c = 0.32%)",0.25,,40900,MS00283.DAT,-2.94,-0.283,0.0,down
vol1,SD8020T2.LFT,SD8020,sd8020,R. Wagner/R. Olsen,tripped,"Zig-Zag trip type ""B"" @ x/c = 25% (h/c = 0.32%)",0.25,,40900,MS00283.DAT,-3.54,-0.344,0.0,down
vol1,SD8020T2.LFT,SD8020,sd8020,R. Wagner/R. Olsen,tripped,"Zig-Zag trip type ""B"" @ x/c = 25% (h/c = 0.32%)",0.25,,40900,MS00283.DAT,-3.97,-0.388,0.0,down
vol1,SD8020T2.LFT,SD8020,sd8020,R. Wagner/R. Olsen,tripped,"Zig-Zag trip type ""B"" @ x/c = 25% (h/c = 0.32%)",0.25,,40900,MS00283.DAT,-4.54,-0.431,0.0,down
vol1,SD8020T2.LFT,SD8020,sd8020,R. Wagner/R. Olsen,tripped,"Zig-Zag trip type ""B"" @ x/c = 25% (h/c = 0.32%)",0.25,,40900,MS00283.DAT,-5.06,-0.472,0.0,down
vol1,SD8020T2.LFT,SD8020,sd8020,R. Wagner/R. Olsen,tripped,"Zig-Zag trip type ""B"" @ x/c = 25% (h/c = 0.32%)",0.25,,40900,MS00283.DAT,-5.54,-0.506,0.0,down
vol1,SD8020T2.LFT,SD8020,sd8020,R. Wagner/R. Olsen,tripped,"Zig-Zag trip type ""B"" @ x/c = 25% (h/c = 0.32%)",0.25,,40900,MS00283.DAT,-6.03,-0.545,0.0,down
vol1,SD8020T2.LFT,SD8020,sd8020,R. Wagner/R. Olsen,tripped,"Zig-Zag trip type ""B"" @ x/c = 25% (h/c = 0.32%)",0.25,,40900,MS00283.DAT,-6.58,-0.582,0.0,down
vol1,SD8020T2.LFT,SD8020,sd8020,R. Wagner/R. Olsen,tripped,"Zig-Zag trip type ""B"" @ x/c = 25% (h/c = 0.32%)",0.25,,61000,MS00284.DAT,-6.51,-0.585,0.0,up
vol1,SD8020T2.LFT,SD8020,sd8020,R. Wagner/R. Olsen,tripped,"Zig-Zag trip type ""B"" @ x/c = 25% (h/c = 0.32%)",0.25,,61000,MS00284.DAT,-6.16,-0.561,0.0,up
vol1,SD8020T2.LFT,SD8020,sd8020,R. Wagner/R. Olsen,tripped,"Zig-Zag trip type ""B"" @ x/c = 25% (h/c = 0.32%)",0.25,,61000,MS00284.DAT,-5.64,-0.525,0.0,up
vol1,SD8020T2.LFT,SD8020,sd8020,R. Wagner/R. Olsen,tripped,"Zig-Zag trip type ""B"" @ x/c = 25% (h/c = 0.32%)",0.25,,61000,MS00284.DAT,-5.05,-0.479,0.0,up
vol1,SD8020T2.LFT,SD8020,sd8020,R. Wagner/R. Olsen,tripped,"Zig-Zag trip type ""B"" @ x/c = 25% (h/c = 0.32%)",0.25,,61000,MS00284.DAT,-4.62,-0.444,0.0,up
vol1,SD8020T2.LFT,SD8020,sd8020,R. Wagner/R. Olsen,tripped,"Zig-Zag trip type ""B"" @ x/c = 25% (h/c = 0.32%)",0.25,,61000,MS00284.DAT,-4.05,-0.397,0.0,up
vol1,SD8020T2.LFT,SD8020,sd8020,R. Wagner/R. Olsen,tripped,"Zig-Zag trip type ""B"" @ x/c = 25% (h/c = 0.32%)",0.25,,61000,MS00284.DAT,-3.59,-0.359,0.0,up
vol1,SD8020T2.LFT,SD8020,sd8020,R. Wagner/R. Olsen,tripped,"Zig-Zag trip type ""B"" @ x/c = 25% (h/c = 0.32%)",0.25,,61000,MS00284.DAT,-3.02,-0.313,0.0,up
vol1,SD8020T2.LFT,SD8020,sd8020,R. Wagner/R. Olsen,tripped,"Zig-Zag trip type ""B"" @ x/c = 25% (h/c = 0.32%)",0.25,,61000,MS00284.DAT,-2.63,-0.276,0.0,up
vol1,SD8020T2.LFT,SD8020,sd8020,R. Wagner/R. Olsen,tripped,"Zig-Zag trip type ""B"" @ x/c = 25% (h/c = 0.32%)",0.25,,61000,MS00284.DAT,-2.07,-0.222,0.0,up
vol1,SD8020T2.LFT,SD8020,sd8020,R. Wagner/R. Olsen,tripped,"Zig-Zag trip type ""B"" @ x/c = 25% (h/c = 0.32%)",0.25,,61000,MS00284.DAT,-1.55,-0.162,0.0,up
vol1,SD8020T2.LFT,SD8020,sd8020,R. Wagner/R. Olsen,tripped,"Zig-Zag trip type ""B"" @ x/c = 25% (h/c = 0.32%)",0.25,,61000,MS00284.DAT,-1.05,-0.1,0.0,up
vol1,SD8020T2.LFT,SD8020,sd8020,R. Wagner/R. Olsen,tripped,"Zig-Zag trip type ""B"" @ x/c = 25% (h/c = 0.32%)",0.25,,61000,MS00284.DAT,-0.53,-0.031,0.0,up
vol1,SD8020T2.LFT,SD8020,sd8020,R. Wagner/R. Olsen,tripped,"Zig-Zag trip type ""B"" @ x/c = 25% (h/c = 0.32%)",0.25,,61000,MS00284.DAT,-0.02,0.036,0.0,up
vol1,SD8020T2.LFT,SD8020,sd8020,R. Wagner/R. Olsen,tripped,"Zig-Zag trip type ""B"" @ x/c = 25% (h/c = 0.32%)",0.25,,61000,MS00284.DAT,0.47,0.098,0.0,up
vol1,SD8020T2.LFT,SD8020,sd8020,R. Wagner/R. Olsen,tripped,"Zig-Zag trip type ""B"" @ x/c = 25% (h/c = 0.32%)",0.25,,61000,MS00284.DAT,0.95,0.157,0.0,up
vol1,SD8020T2.LFT,SD8020,sd8020,R. Wagner/R. Olsen,tripped,"Zig-Zag trip type ""B"" @ x/c = 25% (h/c = 0.32%)",0.25,,61000,MS00284.DAT,1.56,0.221,0.0,up
vol1,SD8020T2.LFT,SD8020,sd8020,R. Wagner/R. Olsen,tripped,"Zig-Zag trip type ""B"" @ x/c = 25% (h/c = 0.32%)",0.25,,61000,MS00284.DAT,1.97,0.261,0.0,up
vol1,SD8020T2.LFT,SD8020,sd8020,R. Wagner/R. Olsen,tripped,"Zig-Zag trip type ""B"" @ x/c = 25% (h/c = 0.32%)",0.25,,61000,MS00284.DAT,2.57,0.318,0.0,up
vol1,SD8020T2.LFT,SD8020,sd8020,R. Wagner/R. Olsen,tripped,"Zig-Zag trip type ""B"" @ x/c = 25% (h/c = 0.32%)",0.25,,61000,MS00284.DAT,3.18,0.371,0.0,up
vol1,SD8020T2.LFT,SD8020,sd8020,R. Wagner/R. Olsen,tripped,"Zig-Zag trip type ""B"" @ x/c = 25% (h/c = 0.32%)",0.25,,61000,MS00284.DAT,3.56,0.405,0.0,up
vol1,SD8020T2.LFT,SD8020,sd8020,R. Wagner/R. Olsen,tripped,"Zig-Zag trip type ""B"" @ x/c = 25% (h/c = 0.32%)",0.25,,61000,MS00284.DAT,4.17,0.456,0.0,up
vol1,SD8020T2.LFT,SD8020,sd8020,R. Wagner/R. Olsen,tripped,"Zig-Zag trip type ""B"" @ x/c = 25% (h/c = 0.32%)",0.25,,61000,MS00284.DAT,4.58,0.491,0.0,up
vol1,SD8020T2.LFT,SD8020,sd8020,R. Wagner/R. Olsen,tripped,"Zig-Zag trip type ""B"" @ x/c = 25% (h/c = 0.32%)",0.25,,61000,MS00284.DAT,5.11,0.534,0.0,up
vol1,SD8020T2.LFT,SD8020,sd8020,R. Wagner/R. Olsen,tripped,"Zig-Zag trip type ""B"" @ x/c = 25% (h/c = 0.32%)",0.25,,61000,MS00284.DAT,5.6,0.576,0.0,up
vol1,SD8020T2.LFT,SD8020,sd8020,R. Wagner/R. Olsen,tripped,"Zig-Zag trip type ""B"" @ x/c = 25% (h/c = 0.32%)",0.25,,61000,MS00284.DAT,6.15,0.617,0.0,up
vol1,SD8020T2.LFT,SD8020,sd8020,R. Wagner/R. Olsen,tripped,"Zig-Zag trip type ""B"" @ x/c = 25% (h/c = 0.32%)",0.25,,61000,MS00284.DAT,6.64,0.647,0.0,up
vol1,SD8020T2.LFT,SD8020,sd8020,R. Wagner/R. Olsen,tripped,"Zig-Zag trip type ""B"" @ x/c = 25% (h/c = 0.32%)",0.25,,61000,MS00284.DAT,7.04,0.674,0.0,up
vol1,SD8020T2.LFT,SD8020,sd8020,R. Wagner/R. Olsen,tripped,"Zig-Zag trip type ""B"" @ x/c = 25% (h/c = 0.32%)",0.25,,61000,MS00284.DAT,7.74,0.717,0.0,up
vol1,SD8020T2.LFT,SD8020,sd8020,R. Wagner/R. Olsen,tripped,"Zig-Zag trip type ""B"" @ x/c = 25% (h/c = 0.32%)",0.25,,61000,MS00284.DAT,8.15,0.743,0.0,up
vol1,SD8020T2.LFT,SD8020,sd8020,R. Wagner/R. Olsen,tripped,"Zig-Zag trip type ""B"" @ x/c = 25% (h/c = 0.32%)",0.25,,61000,MS00284.DAT,8.73,0.782,0.0,up
vol1,SD8020T2.LFT,SD8020,sd8020,R. Wagner/R. Olsen,tripped,"Zig-Zag trip type ""B"" @ x/c = 25% (h/c = 0.32%)",0.25,,61000,MS00284.DAT,9.23,0.811,0.0,up
vol1,SD8020T2.LFT,SD8020,sd8020,R. Wagner/R. Olsen,tripped,"Zig-Zag trip type ""B"" @ x/c = 25% (h/c = 0.32%)",0.25,,61000,MS00284.DAT,9.75,0.83,0.0,up
vol1,SD8020T2.LFT,SD8020,sd8020,R. Wagner/R. Olsen,tripped,"Zig-Zag trip type ""B"" @ x/c = 25% (h/c = 0.32%)",0.25,,61000,MS00284.DAT,10.13,0.835,0.0,up
vol1,SD8020T2.LFT,SD8020,sd8020,R. Wagner/R. Olsen,tripped,"Zig-Zag trip type ""B"" @ x/c = 25% (h/c = 0.32%)",0.25,,61000,MS00284.DAT,10.75,0.818,0.0,up
vol1,SD8020T2.LFT,SD8020,sd8020,R. Wagner/R. Olsen,tripped,"Zig-Zag trip type ""B"" @ x/c = 25% (h/c = 0.32%)",0.25,,61000,MS00284.DAT,11.22,0.809,0.0,up
vol1,SD8020T2.LFT,SD8020,sd8020,R. Wagner/R. Olsen,tripped,"Zig-Zag trip type ""B"" @ x/c = 25% (h/c = 0.32%)",0.25,,61000,MS00284.DAT,11.68,0.824,0.0,up
vol1,SD8020T2.LFT,SD8020,sd8020,R. Wagner/R. Olsen,tripped,"Zig-Zag trip type ""B"" @ x/c = 25% (h/c = 0.32%)",0.25,,61000,MS00284.DAT,12.18,0.837,0.0,up
vol1,SD8020T2.LFT,SD8020,sd8020,R. Wagner/R. Olsen,tripped,"Zig-Zag trip type ""B"" @ x/c = 25% (h/c = 0.32%)",0.25,,61000,MS00284.DAT,12.74,0.774,0.0,up
vol1,SD8020T2.LFT,SD8020,sd8020,R. Wagner/R. Olsen,tripped,"Zig-Zag trip type ""B"" @ x/c = 25% (h/c = 0.32%)",0.25,,61000,MS00284.DAT,13.14,0.784,0.0,up
vol1,SD8020T2.LFT,SD8020,sd8020,R. Wagner/R. Olsen,tripped,"Zig-Zag trip type ""B"" @ x/c = 25% (h/c = 0.32%)",0.25,,61000,MS00284.DAT,13.7,0.79,0.0,up
vol1,SD8020T2.LFT,SD8020,sd8020,R. Wagner/R. Olsen,tripped,"Zig-Zag trip type ""B"" @ x/c = 25% (h/c = 0.32%)",0.25,,61000,MS00284.DAT,14.18,0.789,0.0,up
vol1,SD8020T2.LFT,SD8020,sd8020,R. Wagner/R. Olsen,tripped,"Zig-Zag trip type ""B"" @ x/c = 25% (h/c = 0.32%)",0.25,,61000,MS00284.DAT,14.75,0.796,0.0,up
vol1,SD8020T2.LFT,SD8020,sd8020,R. Wagner/R. Olsen,tripped,"Zig-Zag trip type ""B"" @ x/c = 25% (h/c = 0.32%)",0.25,,61000,MS00284.DAT,15.15,0.818,0.0,up
vol1,SD8020T2.LFT,SD8020,sd8020,R. Wagner/R. Olsen,tripped,"Zig-Zag trip type ""B"" @ x/c = 25% (h/c = 0.32%)",0.25,,61000,MS00284.DAT,15.72,0.783,0.0,up
vol1,SD8020T2.LFT,SD8020,sd8020,R. Wagner/R. Olsen,tripped,"Zig-Zag trip type ""B"" @ x/c = 25% (h/c = 0.32%)",0.25,,61000,MS00284.DAT,16.16,0.785,0.0,up
vol1,SD8020T2.LFT,SD8020,sd8020,R. Wagner/R. Olsen,tripped,"Zig-Zag trip type ""B"" @ x/c = 25% (h/c = 0.32%)",0.25,,61000,MS00284.DAT,16.69,0.787,0.0,up
vol1,SD8020T2.LFT,SD8020,sd8020,R. Wagner/R. Olsen,tripped,"Zig-Zag trip type ""B"" @ x/c = 25% (h/c = 0.32%)",0.25,,61000,MS00284.DAT,17.21,0.771,0.0,up
vol1,SD8020T2.LFT,SD8020,sd8020,R. Wagner/R. Olsen,tripped,"Zig-Zag trip type ""B"" @ x/c = 25% (h/c = 0.32%)",0.25,,61000,MS00284.DAT,17.72,0.786,0.0,up
vol1,SD8020T2.LFT,SD8020,sd8020,R. Wagner/R. Olsen,tripped,"Zig-Zag trip type ""B"" @ x/c = 25% (h/c = 0.32%)",0.25,,61000,MS00284.DAT,17.33,0.783,0.0,down
vol1,SD8020T2.LFT,SD8020,sd8020,R. Wagner/R. Olsen,tripped,"Zig-Zag trip type ""B"" @ x/c = 25% (h/c = 0.32%)",0.25,,61000,MS00284.DAT,16.84,0.788,0.0,down
vol1,SD8020T2.LFT,SD8020,sd8020,R. Wagner/R. Olsen,tripped,"Zig-Zag trip type ""B"" @ x/c = 25% (h/c = 0.32%)",0.25,,61000,MS00284.DAT,16.43,0.81,0.0,down
vol1,SD8020T2.LFT,SD8020,sd8020,R. Wagner/R. Olsen,tripped,"Zig-Zag trip type ""B"" @ x/c = 25% (h/c = 0.32%)",0.25,,61000,MS00284.DAT,15.83,0.78,0.0,down
vol1,SD8020T2.LFT,SD8020,sd8020,R. Wagner/R. Olsen,tripped,"Zig-Zag trip type ""B"" @ x/c = 25% (h/c = 0.32%)",0.25,,61000,MS00284.DAT,15.27,0.77,0.0,down
vol1,SD8020T2.LFT,SD8020,sd8020,R. Wagner/R. Olsen,tripped,"Zig-Zag trip type ""B"" @ x/c = 25% (h/c = 0.32%)",0.25,,61000,MS00284.DAT,14.83,0.782,0.0,down
vol1,SD8020T2.LFT,SD8020,sd8020,R. Wagner/R. Olsen,tripped,"Zig-Zag trip type ""B"" @ x/c = 25% (h/c = 0.32%)",0.25,,61000,MS00284.DAT,14.36,0.79,0.0,down
vol1,SD8020T2.LFT,SD8020,sd8020,R. Wagner/R. Olsen,tripped,"Zig-Zag trip type ""B"" @ x/c = 25% (h/c = 0.32%)",0.25,,61000,MS00284.DAT,13.85,0.803,0.0,down
vol1,SD8020T2.LFT,SD8020,sd8020,R. Wagner/R. Olsen,tripped,"Zig-Zag trip type ""B"" @ x/c = 25% (h/c = 0.32%)",0.25,,61000,MS00284.DAT,13.35,0.782,0.0,down
vol1,SD8020T2.LFT,SD8020,sd8020,R. Wagner/R. Olsen,tripped,"Zig-Zag trip type ""B"" @ x/c = 25% (h/c = 0.32%)",0.25,,61000,MS00284.DAT,12.82,0.786,0.0,down
vol1,SD8020T2.LFT,SD8020,sd8020,R. Wagner/R. Olsen,tripped,"Zig-Zag trip type ""B"" @ x/c = 25% (h/c = 0.32%)",0.25,,61000,MS00284.DAT,12.36,0.769,0.0,down
vol1,SD8020T2.LFT,SD8020,sd8020,R. Wagner/R. Olsen,tripped,"Zig-Zag trip type ""B"" @ x/c = 25% (h/c = 0.32%)",0.25,,61000,MS00284.DAT,11.82,0.814,0.0,down
vol1,SD8020T2.LFT,SD8020,sd8020,R. Wagner/R. Olsen,tripped,"Zig-Zag trip type ""B"" @ x/c = 25% (h/c = 0.32%)",0.25,,61000,MS00284.DAT,11.41,0.83,0.0,down
vol1,SD8020T2.LFT,SD8020,sd8020,R. Wagner/R. Olsen,tripped,"Zig-Zag trip type ""B"" @ x/c = 25% (h/c = 0.32%)",0.25,,61000,MS00284.DAT,10.82,0.823,0.0,down
vol1,SD8020T2.LFT,SD8020,sd8020,R. Wagner/R. Olsen,tripped,"Zig-Zag trip type ""B"" @ x/c = 25% (h/c = 0.32%)",0.25,,61000,MS00284.DAT,10.42,0.836,0.0,down
vol1,SD8020T2.LFT,SD8020,sd8020,R. Wagner/R. Olsen,tripped,"Zig-Zag trip type ""B"" @ x/c = 25% (h/c = 0.32%)",0.25,,61000,MS00284.DAT,9.81,0.814,0.0,down
vol1,SD8020T2.LFT,SD8020,sd8020,R. Wagner/R. Olsen,tripped,"Zig-Zag trip type ""B"" @ x/c = 25% (h/c = 0.32%)",0.25,,61000,MS00284.DAT,9.39,0.795,0.0,down
vol1,SD8020T2.LFT,SD8020,sd8020,R. Wagner/R. Olsen,tripped,"Zig-Zag trip type ""B"" @ x/c = 25% (h/c = 0.32%)",0.25,,61000,MS00284.DAT,8.82,0.766,0.0,down
vol1,SD8020T2.LFT,SD8020,sd8020,R. Wagner/R. Olsen,tripped,"Zig-Zag trip type ""B"" @ x/c = 25% (h/c = 0.32%)",0.25,,61000,MS00284.DAT,8.35,0.734,0.0,down
vol1,SD8020T2.LFT,SD8020,sd8020,R. Wagner/R. Olsen,tripped,"Zig-Zag trip type ""B"" @ x/c = 25% (h/c = 0.32%)",0.25,,61000,MS00284.DAT,7.83,0.7,0.0,down
vol1,SD8020T2.LFT,SD8020,sd8020,R. Wagner/R. Olsen,tripped,"Zig-Zag trip type ""B"" @ x/c = 25% (h/c = 0.32%)",0.25,,61000,MS00284.DAT,7.37,0.669,0.0,down
vol1,SD8020T2.LFT,SD8020,sd8020,R. Wagner/R. Olsen,tripped,"Zig-Zag trip type ""B"" @ x/c = 25% (h/c = 0.32%)",0.25,,61000,MS00284.DAT,6.8,0.632,0.0,down
vol1,SD8020T2.LFT,SD8020,sd8020,R. Wagner/R. Olsen,tripped,"Zig-Zag trip type ""B"" @ x/c = 25% (h/c = 0.32%)",0.25,,61000,MS00284.DAT,6.35,0.603,0.0,down
vol1,SD8020T2.LFT,SD8020,sd8020,R. Wagner/R. Olsen,tripped,"Zig-Zag trip type ""B"" @ x/c = 25% (h/c = 0.32%)",0.25,,61000,MS00284.DAT,5.75,0.555,0.0,down
vol1,SD8020T2.LFT,SD8020,sd8020,R. Wagner/R. Olsen,tripped,"Zig-Zag trip type ""B"" @ x/c = 25% (h/c = 0.32%)",0.25,,61000,MS00284.DAT,5.23,0.514,0.0,down
vol1,SD8020T2.LFT,SD8020,sd8020,R. Wagner/R. Olsen,tripped,"Zig-Zag trip type ""B"" @ x/c = 25% (h/c = 0.32%)",0.25,,61000,MS00284.DAT,4.74,0.473,0.0,down
vol1,SD8020T2.LFT,SD8020,sd8020,R. Wagner/R. Olsen,tripped,"Zig-Zag trip type ""B"" @ x/c = 25% (h/c = 0.32%)",0.25,,61000,MS00284.DAT,4.28,0.436,0.0,down
vol1,SD8020T2.LFT,SD8020,sd8020,R. Wagner/R. Olsen,tripped,"Zig-Zag trip type ""B"" @ x/c = 25% (h/c = 0.32%)",0.25,,61000,MS00284.DAT,3.7,0.387,0.0,down
vol1,SD8020T2.LFT,SD8020,sd8020,R. Wagner/R. Olsen,tripped,"Zig-Zag trip type ""B"" @ x/c = 25% (h/c = 0.32%)",0.25,,61000,MS00284.DAT,3.29,0.351,0.0,down
vol1,SD8020T2.LFT,SD8020,sd8020,R. Wagner/R. Olsen,tripped,"Zig-Zag trip type ""B"" @ x/c = 25% (h/c = 0.32%)",0.25,,61000,MS00284.DAT,2.7,0.301,0.0,down
vol1,SD8020T2.LFT,SD8020,sd8020,R. Wagner/R. Olsen,tripped,"Zig-Zag trip type ""B"" @ x/c = 25% (h/c = 0.32%)",0.25,,61000,MS00284.DAT,2.21,0.258,0.0,down
vol1,SD8020T2.LFT,SD8020,sd8020,R. Wagner/R. Olsen,tripped,"Zig-Zag trip type ""B"" @ x/c = 25% (h/c = 0.32%)",0.25,,61000,MS00284.DAT,1.63,0.206,0.0,down
vol1,SD8020T2.LFT,SD8020,sd8020,R. Wagner/R. Olsen,tripped,"Zig-Zag trip type ""B"" @ x/c = 25% (h/c = 0.32%)",0.25,,61000,MS00284.DAT,1.26,0.168,0.0,down
vol1,SD8020T2.LFT,SD8020,sd8020,R. Wagner/R. Olsen,tripped,"Zig-Zag trip type ""B"" @ x/c = 25% (h/c = 0.32%)",0.25,,61000,MS00284.DAT,0.59,0.092,0.0,down
vol1,SD8020T2.LFT,SD8020,sd8020,R. Wagner/R. Olsen,tripped,"Zig-Zag trip type ""B"" @ x/c = 25% (h/c = 0.32%)",0.25,,61000,MS00284.DAT,0.17,0.038,0.0,down
vol1,SD8020T2.LFT,SD8020,sd8020,R. Wagner/R. Olsen,tripped,"Zig-Zag trip type ""B"" @ x/c = 25% (h/c = 0.32%)",0.25,,61000,MS00284.DAT,-0.4,-0.039,0.0,down
vol1,SD8020T2.LFT,SD8020,sd8020,R. Wagner/R. Olsen,tripped,"Zig-Zag trip type ""B"" @ x/c = 25% (h/c = 0.32%)",0.25,,61000,MS00284.DAT,-0.86,-0.103,0.0,down
vol1,SD8020T2.LFT,SD8020,sd8020,R. Wagner/R. Olsen,tripped,"Zig-Zag trip type ""B"" @ x/c = 25% (h/c = 0.32%)",0.25,,61000,MS00284.DAT,-1.46,-0.175,0.0,down
vol1,SD8020T2.LFT,SD8020,sd8020,R. Wagner/R. Olsen,tripped,"Zig-Zag trip type ""B"" @ x/c = 25% (h/c = 0.32%)",0.25,,61000,MS00284.DAT,-1.86,-0.22,0.0,down
vol1,SD8020T2.LFT,SD8020,sd8020,R. Wagner/R. Olsen,tripped,"Zig-Zag trip type ""B"" @ x/c = 25% (h/c = 0.32%)",0.25,,61000,MS00284.DAT,-2.5,-0.277,0.0,down
vol1,SD8020T2.LFT,SD8020,sd8020,R. Wagner/R. Olsen,tripped,"Zig-Zag trip type ""B"" @ x/c = 25% (h/c = 0.32%)",0.25,,61000,MS00284.DAT,-2.89,-0.309,0.0,down
vol1,SD8020T2.LFT,SD8020,sd8020,R. Wagner/R. Olsen,tripped,"Zig-Zag trip type ""B"" @ x/c = 25% (h/c = 0.32%)",0.25,,61000,MS00284.DAT,-3.53,-0.368,0.0,down
vol1,SD8020T2.LFT,SD8020,sd8020,R. Wagner/R. Olsen,tripped,"Zig-Zag trip type ""B"" @ x/c = 25% (h/c = 0.32%)",0.25,,61000,MS00284.DAT,-4.01,-0.408,0.0,down
vol1,SD8020T2.LFT,SD8020,sd8020,R. Wagner/R. Olsen,tripped,"Zig-Zag trip type ""B"" @ x/c = 25% (h/c = 0.32%)",0.25,,61000,MS00284.DAT,-4.5,-0.449,0.0,down
vol1,SD8020T2.LFT,SD8020,sd8020,R. Wagner/R. Olsen,tripped,"Zig-Zag trip type ""B"" @ x/c = 25% (h/c = 0.32%)",0.25,,61000,MS00284.DAT,-4.94,-0.484,0.0,down
vol1,SD8020T2.LFT,SD8020,sd8020,R. Wagner/R. Olsen,tripped,"Zig-Zag trip type ""B"" @ x/c = 25% (h/c = 0.32%)",0.25,,61000,MS00284.DAT,-5.54,-0.534,0.0,down
vol1,SD8020T2.LFT,SD8020,sd8020,R. Wagner/R. Olsen,tripped,"Zig-Zag trip type ""B"" @ x/c = 25% (h/c = 0.32%)",0.25,,61000,MS00284.DAT,-5.97,-0.564,0.0,down
vol1,SD8020T2.LFT,SD8020,sd8020,R. Wagner/R. Olsen,tripped,"Zig-Zag trip type ""B"" @ x/c = 25% (h/c = 0.32%)",0.25,,61000,MS00284.DAT,-6.57,-0.608,0.0,down
vol1,SD8020T2.LFT,SD8020,sd8020,R. Wagner/R. Olsen,tripped,"Zig-Zag trip type ""B"" @ x/c = 25% (h/c = 0.32%)",0.25,,81600,MS00285.DAT,-6.72,-0.621,0.0,up
vol1,SD8020T2.LFT,SD8020,sd8020,R. Wagner/R. Olsen,tripped,"Zig-Zag trip type ""B"" @ x/c = 25% (h/c = 0.32%)",0.25,,81600,MS00285.DAT,-6.16,-0.58,0.0,up
vol1,SD8020T2.LFT,SD8020,sd8020,R. Wagner/R. Olsen,tripped,"Zig-Zag trip type ""B"" @ x/c = 25% (h/c = 0.32%)",0.25,,81600,MS00285.DAT,-5.64,-0.538,0.0,up
vol1,SD8020T2.LFT,SD8020,sd8020,R. Wagner/R. Olsen,tripped,"Zig-Zag trip type ""B"" @ x/c = 25% (h/c = 0.32%)",0.25,,81600,MS00285.DAT,-5.12,-0.493,0.0,up
vol1,SD8020T2.LFT,SD8020,sd8020,R. Wagner/R. Olsen,tripped,"Zig-Zag trip type ""B"" @ x/c = 25% (h/c = 0.32%)",0.25,,81600,MS00285.DAT,-4.7,-0.461,0.0,up
vol1,SD8020T2.LFT,SD8020,sd8020,R. Wagner/R. Olsen,tripped,"Zig-Zag trip type ""B"" @ x/c = 25% (h/c = 0.32%)",0.25,,81600,MS00285.DAT,-4.22,-0.418,0.0,up
vol1,SD8020T2.LFT,SD8020,sd8020,R. Wagner/R. Olsen,tripped,"Zig-Zag trip type ""B"" @ x/c = 25% (h/c = 0.32%)",0.25,,81600,MS00285.DAT,-3.58,-0.357,0.0,up
vol1,SD8020T2.LFT,SD8020,sd8020,R. Wagner/R. Olsen,tripped,"Zig-Zag trip type ""B"" @ x/c = 25% (h/c = 0.32%)",0.25,,81600,MS00285.DAT,-3.11,-0.305,0.0,up
vol1,SD8020T2.LFT,SD8020,sd8020,R. Wagner/R. Olsen,tripped,"Zig-Zag trip type ""B"" @ x/c = 25% (h/c = 0.32%)",0.25,,81600,MS00285.DAT,-2.56,-0.248,0.0,up
vol1,SD8020T2.LFT,SD8020,sd8020,R. Wagner/R. Olsen,tripped,"Zig-Zag trip type ""B"" @ x/c = 25% (h/c = 0.32%)",0.25,,81600,MS00285.DAT,-2.15,-0.203,0.0,up
vol1,SD8020T2.LFT,SD8020,sd8020,R. Wagner/R. Olsen,tripped,"Zig-Zag trip type ""B"" @ x/c = 25% (h/c = 0.32%)",0.25,,81600,MS00285.DAT,-1.58,-0.144,0.0,up
vol1,SD8020T2.LFT,SD8020,sd8020,R. Wagner/R. Olsen,tripped,"Zig-Zag trip type ""B"" @ x/c = 25% (h/c = 0.32%)",0.25,,81600,MS00285.DAT,-1.15,-0.098,0.0,up
vol1,SD8020T2.LFT,SD8020,sd8020,R. Wagner/R. Olsen,tripped,"Zig-Zag trip type ""B"" @ x/c = 25% (h/c = 0.32%)",0.25,,81600,MS00285.DAT,-0.61,-0.047,0.0,up
vol1,SD8020T2.LFT,SD8020,sd8020,R. Wagner/R. Olsen,tripped,"Zig-Zag trip type ""B"" @ x/c = 25% (h/c = 0.32%)",0.25,,81600,MS00285.DAT,0.0,0.01,0.0,up
vol1,SD8020T2.LFT,SD8020,sd8020,R. Wagner/R. Olsen,tripped,"Zig-Zag trip type ""B"" @ x/c = 25% (h/c = 0.32%)",0.25,,81600,MS00285.DAT,0.5,0.056,0.0,up
vol1,SD8020T2.LFT,SD8020,sd8020,R. Wagner/R. Olsen,tripped,"Zig-Zag trip type ""B"" @ x/c = 25% (h/c = 0.32%)",0.25,,81600,MS00285.DAT,0.98,0.104,0.0,up
vol1,SD8020T2.LFT,SD8020,sd8020,R. Wagner/R. Olsen,tripped,"Zig-Zag trip type ""B"" @ x/c = 25% (h/c = 0.32%)",0.25,,81600,MS00285.DAT,1.51,0.157,0.0,up
vol1,SD8020T2.LFT,SD8020,sd8020,R. Wagner/R. Olsen,tripped,"Zig-Zag trip type ""B"" @ x/c = 25% (h/c = 0.32%)",0.25,,81600,MS00285.DAT,1.95,0.2,0.0,up
vol1,SD8020T2.LFT,SD8020,sd8020,R. Wagner/R. Olsen,tripped,"Zig-Zag trip type ""B"" @ x/c = 25% (h/c = 0.32%)",0.25,,81600,MS00285.DAT,2.56,0.262,0.0,up
vol1,SD8020T2.LFT,SD8020,sd8020,R. Wagner/R. Olsen,tripped,"Zig-Zag trip type ""B"" @ x/c = 25% (h/c = 0.32%)",0.25,,81600,MS00285.DAT,3.02,0.31,0.0,up
vol1,SD8020T2.LFT,SD8020,sd8020,R. Wagner/R. Olsen,tripped,"Zig-Zag trip type ""B"" @ x/c = 25% (h/c = 0.32%)",0.25,,81600,MS00285.DAT,3.59,0.369,0.0,up
vol1,SD8020T2.LFT,SD8020,sd8020,R. Wagner/R. Olsen,tripped,"Zig-Zag trip type ""B"" @ x/c = 25% (h/c = 0.32%)",0.25,,81600,MS00285.DAT,4.09,0.416,0.0,up
vol1,SD8020T2.LFT,SD8020,sd8020,R. Wagner/R. Olsen,tripped,"Zig-Zag trip type ""B"" @ x/c = 25% (h/c = 0.32%)",0.25,,81600,MS00285.DAT,4.61,0.464,0.0,up
vol1,SD8020T2.LFT,SD8020,sd8020,R. Wagner/R. Olsen,tripped,"Zig-Zag trip type ""B"" @ x/c = 25% (h/c = 0.32%)",0.25,,81600,MS00285.DAT,5.04,0.499,0.0,up
vol1,SD8020T2.LFT,SD8020,sd8020,R. Wagner/R. Olsen,tripped,"Zig-Zag trip type ""B"" @ x/c = 25% (h/c = 0.32%)",0.25,,81600,MS00285.DAT,5.53,0.543,0.0,up
vol1,SD8020T2.LFT,SD8020,sd8020,R. Wagner/R. Olsen,tripped,"Zig-Zag trip type ""B"" @ x/c = 25% (h/c = 0.32%)",0.25,,81600,MS00285.DAT,6.1,0.591,0.0,up
vol1,SD8020T2.LFT,SD8020,sd8020,R. Wagner/R. Olsen,tripped,"Zig-Zag trip type ""B"" @ x/c = 25% (h/c = 0.32%)",0.25,,81600,MS00285.DAT,6.68,0.632,0.0,up
vol1,SD8020T2.LFT,SD8020,sd8020,R. Wagner/R. Olsen,tripped,"Zig-Zag trip type ""B"" @ x/c = 25% (h/c = 0.32%)",0.25,,81600,MS00285.DAT,7.09,0.66,0.0,up
vol1,SD8020T2.LFT,SD8020,sd8020,R. Wagner/R. Olsen,tripped,"Zig-Zag trip type ""B"" @ x/c = 25% (h/c = 0.32%)",0.25,,81600,MS00285.DAT,7.61,0.694,0.0,up
vol1,SD8020T2.LFT,SD8020,sd8020,R. Wagner/R. Olsen,tripped,"Zig-Zag trip type ""B"" @ x/c = 25% (h/c = 0.32%)",0.25,,81600,MS00285.DAT,8.08,0.728,0.0,up
vol1,SD8020T2.LFT,SD8020,sd8020,R. Wagner/R. Olsen,tripped,"Zig-Zag trip type ""B"" @ x/c = 25% (h/c = 0.32%)",0.25,,81600,MS00285.DAT,8.76,0.769,0.0,up
vol1,SD8020T2.LFT,SD8020,sd8020,R. Wagner/R. Olsen,tripped,"Zig-Zag trip type ""B"" @ x/c = 25% (h/c = 0.32%)",0.25,,81600,MS00285.DAT,9.14,0.789,0.0,up
vol1,SD8020T2.LFT,SD8020,sd8020,R. Wagner/R. Olsen,tripped,"Zig-Zag trip type ""B"" @ x/c = 25% (h/c = 0.32%)",0.25,,81600,MS00285.DAT,9.61,0.813,0.0,up
vol1,SD8020T2.LFT,SD8020,sd8020,R. Wagner/R. Olsen,tripped,"Zig-Zag trip type ""B"" @ x/c = 25% (h/c = 0.32%)",0.25,,81600,MS00285.DAT,10.11,0.811,0.0,up
vol1,SD8020T2.LFT,SD8020,sd8020,R. Wagner/R. Olsen,tripped,"Zig-Zag trip type ""B"" @ x/c = 25% (h/c = 0.32%)",0.25,,81600,MS00285.DAT,10.64,0.799,0.0,up
vol1,SD8020T2.LFT,SD8020,sd8020,R. Wagner/R. Olsen,tripped,"Zig-Zag trip type ""B"" @ x/c = 25% (h/c = 0.32%)",0.25,,81600,MS00285.DAT,11.12,0.81,0.0,up
vol1,SD8020T2.LFT,SD8020,sd8020,R. Wagner/R. Olsen,tripped,"Zig-Zag trip type ""B"" @ x/c = 25% (h/c = 0.32%)",0.25,,81600,MS00285.DAT,11.73,0.782,0.0,up
vol1,SD8020T2.LFT,SD8020,sd8020,R. Wagner/R. Olsen,tripped,"Zig-Zag trip type ""B"" @ x/c = 25% (h/c = 0.32%)",0.25,,81600,MS00285.DAT,12.13,0.775,0.0,up
vol1,SD8020T2.LFT,SD8020,sd8020,R. Wagner/R. Olsen,tripped,"Zig-Zag trip type ""B"" @ x/c = 25% (h/c = 0.32%)",0.25,,81600,MS00285.DAT,12.73,0.753,0.0,up
vol1,SD8020T2.LFT,SD8020,sd8020,R. Wagner/R. Olsen,tripped,"Zig-Zag trip type ""B"" @ x/c = 25% (h/c = 0.32%)",0.25,,81600,MS00285.DAT,13.1,0.751,0.0,up
vol1,SD8020T2.LFT,SD8020,sd8020,R. Wagner/R. Olsen,tripped,"Zig-Zag trip type ""B"" @ x/c = 25% (h/c = 0.32%)",0.25,,81600,MS00285.DAT,13.68,0.732,0.0,up
vol1,SD8020T2.LFT,SD8020,sd8020,R. Wagner/R. Olsen,tripped,"Zig-Zag trip type ""B"" @ x/c = 25% (h/c = 0.32%)",0.25,,81600,MS00285.DAT,14.15,0.757,0.0,up
vol1,SD8020T2.LFT,SD8020,sd8020,R. Wagner/R. Olsen,tripped,"Zig-Zag trip type ""B"" @ x/c = 25% (h/c = 0.32%)",0.25,,81600,MS00285.DAT,14.67,0.753,0.0,up
vol1,SD8020T2.LFT,SD8020,sd8020,R. Wagner/R. Olsen,tripped,"Zig-Zag trip type ""B"" @ x/c = 25% (h/c = 0.32%)",0.25,,81600,MS00285.DAT,15.17,0.755,0.0,up
vol1,SD8020T2.LFT,SD8020,sd8020,R. Wagner/R. Olsen,tripped,"Zig-Zag trip type ""B"" @ x/c = 25% (h/c = 0.32%)",0.25,,81600,MS00285.DAT,15.67,0.729,0.0,up
vol1,SD8020T2.LFT,SD8020,sd8020,R. Wagner/R. Olsen,tripped,"Zig-Zag trip type ""B"" @ x/c = 25% (h/c = 0.32%)",0.25,,81600,MS00285.DAT,16.14,0.758,0.0,up
vol1,SD8020T2.LFT,SD8020,sd8020,R. Wagner/R. Olsen,tripped,"Zig-Zag trip type ""B"" @ x/c = 25% (h/c = 0.32%)",0.25,,81600,MS00285.DAT,16.72,0.744,0.0,up
vol1,SD8020T2.LFT,SD8020,sd8020,R. Wagner/R. Olsen,tripped,"Zig-Zag trip type ""B"" @ x/c = 25% (h/c = 0.32%)",0.25,,81600,MS00285.DAT,17.12,0.745,0.0,up
vol1,SD8020T2.LFT,SD8020,sd8020,R. Wagner/R. Olsen,tripped,"Zig-Zag trip type ""B"" @ x/c = 25% (h/c = 0.32%)",0.25,,81600,MS00285.DAT,17.74,0.749,0.0,up
vol1,SD8020T2.LFT,SD8020,sd8020,R. Wagner/R. Olsen,tripped,"Zig-Zag trip type ""B"" @ x/c = 25% (h/c = 0.32%)",0.25,,81600,MS00285.DAT,17.39,0.749,0.0,down
vol1,SD8020T2.LFT,SD8020,sd8020,R. Wagner/R. Olsen,tripped,"Zig-Zag trip type ""B"" @ x/c = 25% (h/c = 0.32%)",0.25,,81600,MS00285.DAT,16.79,0.762,0.0,down
vol1,SD8020T2.LFT,SD8020,sd8020,R. Wagner/R. Olsen,tripped,"Zig-Zag trip type ""B"" @ x/c = 25% (h/c = 0.32%)",0.25,,81600,MS00285.DAT,16.36,0.756,0.0,down
vol1,SD8020T2.LFT,SD8020,sd8020,R. Wagner/R. Olsen,tripped,"Zig-Zag trip type ""B"" @ x/c = 25% (h/c = 0.32%)",0.25,,81600,MS00285.DAT,15.81,0.763,0.0,down
vol1,SD8020T2.LFT,SD8020,sd8020,R. Wagner/R. Olsen,tripped,"Zig-Zag trip type ""B"" @ x/c = 25% (h/c = 0.32%)",0.25,,81600,MS00285.DAT,15.38,0.776,0.0,down
vol1,SD8020T2.LFT,SD8020,sd8020,R. Wagner/R. Olsen,tripped,"Zig-Zag trip type ""B"" @ x/c = 25% (h/c = 0.32%)",0.25,,81600,MS00285.DAT,14.8,0.745,0.0,down
vol1,SD8020T2.LFT,SD8020,sd8020,R. Wagner/R. Olsen,tripped,"Zig-Zag trip type ""B"" @ x/c = 25% (h/c = 0.32%)",0.25,,81600,MS00285.DAT,14.35,0.773,0.0,down
vol1,SD8020T2.LFT,SD8020,sd8020,R. Wagner/R. Olsen,tripped,"Zig-Zag trip type ""B"" @ x/c = 25% (h/c = 0.32%)",0.25,,81600,MS00285.DAT,13.81,0.763,0.0,down
vol1,SD8020T2.LFT,SD8020,sd8020,R. Wagner/R. Olsen,tripped,"Zig-Zag trip type ""B"" @ x/c = 25% (h/c = 0.32%)",0.25,,81600,MS00285.DAT,13.37,0.757,0.0,down
vol1,SD8020T2.LFT,SD8020,sd8020,R. Wagner/R. Olsen,tripped,"Zig-Zag trip type ""B"" @ x/c = 25% (h/c = 0.32%)",0.25,,81600,MS00285.DAT,12.78,0.77,0.0,down
vol1,SD8020T2.LFT,SD8020,sd8020,R. Wagner/R. Olsen,tripped,"Zig-Zag trip type ""B"" @ x/c = 25% (h/c = 0.32%)",0.25,,81600,MS00285.DAT,12.4,0.762,0.0,down
vol1,SD8020T2.LFT,SD8020,sd8020,R. Wagner/R. Olsen,tripped,"Zig-Zag trip type ""B"" @ x/c = 25% (h/c = 0.32%)",0.25,,81600,MS00285.DAT,11.82,0.783,0.0,down
vol1,SD8020T2.LFT,SD8020,sd8020,R. Wagner/R. Olsen,tripped,"Zig-Zag trip type ""B"" @ x/c = 25% (h/c = 0.32%)",0.25,,81600,MS00285.DAT,11.34,0.781,0.0,down
vol1,SD8020T2.LFT,SD8020,sd8020,R. Wagner/R. Olsen,tripped,"Zig-Zag trip type ""B"" @ x/c = 25% (h/c = 0.32%)",0.25,,81600,MS00285.DAT,10.79,0.809,0.0,down
vol1,SD8020T2.LFT,SD8020,sd8020,R. Wagner/R. Olsen,tripped,"Zig-Zag trip type ""B"" @ x/c = 25% (h/c = 0.32%)",0.25,,81600,MS00285.DAT,10.35,0.806,0.0,down
vol1,SD8020T2.LFT,SD8020,sd8020,R. Wagner/R. Olsen,tripped,"Zig-Zag trip type ""B"" @ x/c = 25% (h/c = 0.32%)",0.25,,81600,MS00285.DAT,9.77,0.796,0.0,down
vol1,SD8020T2.LFT,SD8020,sd8020,R. Wagner/R. Olsen,tripped,"Zig-Zag trip type ""B"" @ x/c = 25% (h/c = 0.32%)",0.25,,81600,MS00285.DAT,9.35,0.777,0.0,down
vol1,SD8020T2.LFT,SD8020,sd8020,R. Wagner/R. Olsen,tripped,"Zig-Zag trip type ""B"" @ x/c = 25% (h/c = 0.32%)",0.25,,81600,MS00285.DAT,8.82,0.749,0.0,down
vol1,SD8020T2.LFT,SD8020,sd8020,R. Wagner/R. Olsen,tripped,"Zig-Zag trip type ""B"" @ x/c = 25% (h/c = 0.32%)",0.25,,81600,MS00285.DAT,8.37,0.719,0.0,down
vol1,SD8020T2.LFT,SD8020,sd8020,R. Wagner/R. Olsen,tripped,"Zig-Zag trip type ""B"" @ x/c = 25% (h/c = 0.32%)",0.25,,81600,MS00285.DAT,7.76,0.681,0.0,down
vol1,SD8020T2.LFT,SD8020,sd8020,R. Wagner/R. Olsen,tripped,"Zig-Zag trip type ""B"" @ x/c = 25% (h/c = 0.32%)",0.25,,81600,MS00285.DAT,7.39,0.652,0.0,down
vol1,SD8020T2.LFT,SD8020,sd8020,R. Wagner/R. Olsen,tripped,"Zig-Zag trip type ""B"" @ x/c = 25% (h/c = 0.32%)",0.25,,81600,MS00285.DAT,6.71,0.604,0.0,down
vol1,SD8020T2.LFT,SD8020,sd8020,R. Wagner/R. Olsen,tripped,"Zig-Zag trip type ""B"" @ x/c = 25% (h/c = 0.32%)",0.25,,81600,MS00285.DAT,6.36,0.577,0.0,down
vol1,SD8020T2.LFT,SD8020,sd8020,R. Wagner/R. Olsen,tripped,"Zig-Zag trip type ""B"" @ x/c = 25% (h/c = 0.32%)",0.25,,81600,MS00285.DAT,5.7,0.526,0.0,down
vol1,SD8020T2.LFT,SD8020,sd8020,R. Wagner/R. Olsen,tripped,"Zig-Zag trip type ""B"" @ x/c = 25% (h/c = 0.32%)",0.25,,81600,MS00285.DAT,5.35,0.494,0.0,down
vol1,SD8020T2.LFT,SD8020,sd8020,R. Wagner/R. Olsen,tripped,"Zig-Zag trip type ""B"" @ x/c = 25% (h/c = 0.32%)",0.25,,81600,MS00285.DAT,4.69,0.439,0.0,down
vol1,SD8020T2.LFT,SD8020,sd8020,R. Wagner/R. Olsen,tripped,"Zig-Zag trip type ""B"" @ x/c = 25% (h/c = 0.32%)",0.25,,81600,MS00285.DAT,4.28,0.401,0.0,down
vol1,SD8020T2.LFT,SD8020,sd8020,R. Wagner/R. Olsen,tripped,"Zig-Zag trip type ""B"" @ x/c = 25% (h/c = 0.32%)",0.25,,81600,MS00285.DAT,3.68,0.345,0.0,down
vol1,SD8020T2.LFT,SD8020,sd8020,R. Wagner/R. Olsen,tripped,"Zig-Zag trip type ""B"" @ x/c = 25% (h/c = 0.32%)",0.25,,81600,MS00285.DAT,3.2,0.297,0.0,down
vol1,SD8020T2.LFT,SD8020,sd8020,R. Wagner/R. Olsen,tripped,"Zig-Zag trip type ""B"" @ x/c = 25% (h/c = 0.32%)",0.25,,81600,MS00285.DAT,2.67,0.24,0.0,down
vol1,SD8020T2.LFT,SD8020,sd8020,R. Wagner/R. Olsen,tripped,"Zig-Zag trip type ""B"" @ x/c = 25% (h/c = 0.32%)",0.25,,81600,MS00285.DAT,2.22,0.196,0.0,down
vol1,SD8020T2.LFT,SD8020,sd8020,R. Wagner/R. Olsen,tripped,"Zig-Zag trip type ""B"" @ x/c = 25% (h/c = 0.32%)",0.25,,81600,MS00285.DAT,1.6,0.131,0.0,down
vol1,SD8020T2.LFT,SD8020,sd8020,R. Wagner/R. Olsen,tripped,"Zig-Zag trip type ""B"" @ x/c = 25% (h/c = 0.32%)",0.25,,81600,MS00285.DAT,1.15,0.083,0.0,down
vol1,SD8020T2.LFT,SD8020,sd8020,R. Wagner/R. Olsen,tripped,"Zig-Zag trip type ""B"" @ x/c = 25% (h/c = 0.32%)",0.25,,81600,MS00285.DAT,0.56,0.027,0.0,down
vol1,SD8020T2.LFT,SD8020,sd8020,R. Wagner/R. Olsen,tripped,"Zig-Zag trip type ""B"" @ x/c = 25% (h/c = 0.32%)",0.25,,81600,MS00285.DAT,0.18,-0.005,0.0,down
vol1,SD8020T2.LFT,SD8020,sd8020,R. Wagner/R. Olsen,tripped,"Zig-Zag trip type ""B"" @ x/c = 25% (h/c = 0.32%)",0.25,,81600,MS00285.DAT,-0.41,-0.058,0.0,down
vol1,SD8020T2.LFT,SD8020,sd8020,R. Wagner/R. Olsen,tripped,"Zig-Zag trip type ""B"" @ x/c = 25% (h/c = 0.32%)",0.25,,81600,MS00285.DAT,-0.84,-0.098,0.0,down
vol1,SD8020T2.LFT,SD8020,sd8020,R. Wagner/R. Olsen,tripped,"Zig-Zag trip type ""B"" @ x/c = 25% (h/c = 0.32%)",0.25,,81600,MS00285.DAT,-1.53,-0.167,0.0,down
vol1,SD8020T2.LFT,SD8020,sd8020,R. Wagner/R. Olsen,tripped,"Zig-Zag trip type ""B"" @ x/c = 25% (h/c = 0.32%)",0.25,,81600,MS00285.DAT,-1.89,-0.206,0.0,down
vol1,SD8020T2.LFT,SD8020,sd8020,R. Wagner/R. Olsen,tripped,"Zig-Zag trip type ""B"" @ x/c = 25% (h/c = 0.32%)",0.25,,81600,MS00285.DAT,-2.49,-0.268,0.0,down
vol1,SD8020T2.LFT,SD8020,sd8020,R. Wagner/R. Olsen,tripped,"Zig-Zag trip type ""B"" @ x/c = 25% (h/c = 0.32%)",0.25,,81600,MS00285.DAT,-2.9,-0.308,0.0,down
vol1,SD8020T2.LFT,SD8020,sd8020,R. Wagner/R. Olsen,tripped,"Zig-Zag trip type ""B"" @ x/c = 25% (h/c = 0.32%)",0.25,,81600,MS00285.DAT,-3.52,-0.372,0.0,down
vol1,SD8020T2.LFT,SD8020,sd8020,R. Wagner/R. Olsen,tripped,"Zig-Zag trip type ""B"" @ x/c = 25% (h/c = 0.32%)",0.25,,81600,MS00285.DAT,-3.97,-0.419,0.0,down
vol1,SD8020T2.LFT,SD8020,sd8020,R. Wagner/R. Olsen,tripped,"Zig-Zag trip type ""B"" @ x/c = 25% (h/c = 0.32%)",0.25,,81600,MS00285.DAT,-4.53,-0.467,0.0,down
vol1,SD8020T2.LFT,SD8020,sd8020,R. Wagner/R. Olsen,tripped,"Zig-Zag trip type ""B"" @ x/c = 25% (h/c = 0.32%)",0.25,,81600,MS00285.DAT,-4.99,-0.505,0.0,down
vol1,SD8020T2.LFT,SD8020,sd8020,R. Wagner/R. Olsen,tripped,"Zig-Zag trip type ""B"" @ x/c = 25% (h/c = 0.32%)",0.25,,81600,MS00285.DAT,-5.51,-0.547,0.0,down
vol1,SD8020T2.LFT,SD8020,sd8020,R. Wagner/R. Olsen,tripped,"Zig-Zag trip type ""B"" @ x/c = 25% (h/c = 0.32%)",0.25,,81600,MS00285.DAT,-6.0,-0.59,0.0,down
vol1,SD8020T2.LFT,SD8020,sd8020,R. Wagner/R. Olsen,tripped,"Zig-Zag trip type ""B"" @ x/c = 25% (h/c = 0.32%)",0.25,,81600,MS00285.DAT,-6.54,-0.632,0.0,down
vol1,SD8020T2.LFT,SD8020,sd8020,R. Wagner/R. Olsen,tripped,"Zig-Zag trip type ""B"" @ x/c = 25% (h/c = 0.32%)",0.25,,101600,MS00286.DAT,-6.53,-0.613,0.0,up
vol1,SD8020T2.LFT,SD8020,sd8020,R. Wagner/R. Olsen,tripped,"Zig-Zag trip type ""B"" @ x/c = 25% (h/c = 0.32%)",0.25,,101600,MS00286.DAT,-6.16,-0.588,0.0,up
vol1,SD8020T2.LFT,SD8020,sd8020,R. Wagner/R. Olsen,tripped,"Zig-Zag trip type ""B"" @ x/c = 25% (h/c = 0.32%)",0.25,,101600,MS00286.DAT,-5.66,-0.548,0.0,up
vol1,SD8020T2.LFT,SD8020,sd8020,R. Wagner/R. Olsen,tripped,"Zig-Zag trip type ""B"" @ x/c = 25% (h/c = 0.32%)",0.25,,101600,MS00286.DAT,-5.08,-0.497,0.0,up
vol1,SD8020T2.LFT,SD8020,sd8020,R. Wagner/R. Olsen,tripped,"Zig-Zag trip type ""B"" @ x/c = 25% (h/c = 0.32%)",0.25,,101600,MS00286.DAT,-4.63,-0.453,0.0,up
vol1,SD8020T2.LFT,SD8020,sd8020,R. Wagner/R. Olsen,tripped,"Zig-Zag trip type ""B"" @ x/c = 25% (h/c = 0.32%)",0.25,,101600,MS00286.DAT,-4.1,-0.403,0.0,up
vol1,SD8020T2.LFT,SD8020,sd8020,R. Wagner/R. Olsen,tripped,"Zig-Zag trip type ""B"" @ x/c = 25% (h/c = 0.32%)",0.25,,101600,MS00286.DAT,-3.64,-0.359,0.0,up
vol1,SD8020T2.LFT,SD8020,sd8020,R. Wagner/R. Olsen,tripped,"Zig-Zag trip type ""B"" @ x/c = 25% (h/c = 0.32%)",0.25,,101600,MS00286.DAT,-3.19,-0.308,0.0,up
vol1,SD8020T2.LFT,SD8020,sd8020,R. Wagner/R. Olsen,tripped,"Zig-Zag trip type ""B"" @ x/c = 25% (h/c = 0.32%)",0.25,,101600,MS00286.DAT,-2.56,-0.247,0.0,up
vol1,SD8020T2.LFT,SD8020,sd8020,R. Wagner/R. Olsen,tripped,"Zig-Zag trip type ""B"" @ x/c = 25% (h/c = 0.32%)",0.25,,101600,MS00286.DAT,-1.99,-0.189,0.0,up
vol1,SD8020T2.LFT,SD8020,sd8020,R. Wagner/R. Olsen,tripped,"Zig-Zag trip type ""B"" @ x/c = 25% (h/c = 0.32%)",0.25,,101600,MS00286.DAT,-1.56,-0.145,0.0,up
vol1,SD8020T2.LFT,SD8020,sd8020,R. Wagner/R. Olsen,tripped,"Zig-Zag trip type ""B"" @ x/c = 25% (h/c = 0.32%)",0.25,,101600,MS00286.DAT,-1.03,-0.091,0.0,up
vol1,SD8020T2.LFT,SD8020,sd8020,R. Wagner/R. Olsen,tripped,"Zig-Zag trip type ""B"" @ x/c = 25% (h/c = 0.32%)",0.25,,101600,MS00286.DAT,-0.52,-0.043,0.0,up
vol1,SD8020T2.LFT,SD8020,sd8020,R. Wagner/R. Olsen,tripped,"Zig-Zag trip type ""B"" @ x/c = 25% (h/c = 0.32%)",0.25,,101600,MS00286.DAT,-0.09,-0.005,0.0,up
vol1,SD8020T2.LFT,SD8020,sd8020,R. Wagner/R. Olsen,tripped,"Zig-Zag trip type ""B"" @ x/c = 25% (h/c = 0.32%)",0.25,,101600,MS00286.DAT,0.5,0.048,0.0,up
vol1,SD8020T2.LFT,SD8020,sd8020,R. Wagner/R. Olsen,tripped,"Zig-Zag trip type ""B"" @ x/c = 25% (h/c = 0.32%)",0.25,,101600,MS00286.DAT,0.89,0.082,0.0,up
vol1,SD8020T2.LFT,SD8020,sd8020,R. Wagner/R. Olsen,tripped,"Zig-Zag trip type ""B"" @ x/c = 25% (h/c = 0.32%)",0.25,,101600,MS00286.DAT,1.53,0.146,0.0,up
vol1,SD8020T2.LFT,SD8020,sd8020,R. Wagner/R. Olsen,tripped,"Zig-Zag trip type ""B"" @ x/c = 25% (h/c = 0.32%)",0.25,,101600,MS00286.DAT,1.99,0.192,0.0,up
vol1,SD8020T2.LFT,SD8020,sd8020,R. Wagner/R. Olsen,tripped,"Zig-Zag trip type ""B"" @ x/c = 25% (h/c = 0.32%)",0.25,,101600,MS00286.DAT,2.53,0.245,0.0,up
vol1,SD8020T2.LFT,SD8020,sd8020,R. Wagner/R. Olsen,tripped,"Zig-Zag trip type ""B"" @ x/c = 25% (h/c = 0.32%)",0.25,,101600,MS00286.DAT,3.09,0.306,0.0,up
vol1,SD8020T2.LFT,SD8020,sd8020,R. Wagner/R. Olsen,tripped,"Zig-Zag trip type ""B"" @ x/c = 25% (h/c = 0.32%)",0.25,,101600,MS00286.DAT,3.58,0.355,0.0,up
vol1,SD8020T2.LFT,SD8020,sd8020,R. Wagner/R. Olsen,tripped,"Zig-Zag trip type ""B"" @ x/c = 25% (h/c = 0.32%)",0.25,,101600,MS00286.DAT,4.0,0.395,0.0,up
vol1,SD8020T2.LFT,SD8020,sd8020,R. Wagner/R. Olsen,tripped,"Zig-Zag trip type ""B"" @ x/c = 25% (h/c = 0.32%)",0.25,,101600,MS00286.DAT,4.58,0.447,0.0,up
vol1,SD8020T2.LFT,SD8020,sd8020,R. Wagner/R. Olsen,tripped,"Zig-Zag trip type ""B"" @ x/c = 25% (h/c = 0.32%)",0.25,,101600,MS00286.DAT,5.13,0.501,0.0,up
vol1,SD8020T2.LFT,SD8020,sd8020,R. Wagner/R. Olsen,tripped,"Zig-Zag trip type ""B"" @ x/c = 25% (h/c = 0.32%)",0.25,,101600,MS00286.DAT,5.61,0.544,0.0,up
vol1,SD8020T2.LFT,SD8020,sd8020,R. Wagner/R. Olsen,tripped,"Zig-Zag trip type ""B"" @ x/c = 25% (h/c = 0.32%)",0.25,,101600,MS00286.DAT,6.02,0.576,0.0,up
vol1,SD8020T2.LFT,SD8020,sd8020,R. Wagner/R. Olsen,tripped,"Zig-Zag trip type ""B"" @ x/c = 25% (h/c = 0.32%)",0.25,,101600,MS00286.DAT,6.63,0.622,0.0,up
vol1,SD8020T2.LFT,SD8020,sd8020,R. Wagner/R. Olsen,tripped,"Zig-Zag trip type ""B"" @ x/c = 25% (h/c = 0.32%)",0.25,,101600,MS00286.DAT,7.07,0.655,0.0,up
vol1,SD8020T2.LFT,SD8020,sd8020,R. Wagner/R. Olsen,tripped,"Zig-Zag trip type ""B"" @ x/c = 25% (h/c = 0.32%)",0.25,,101600,MS00286.DAT,7.69,0.698,0.0,up
vol1,SD8020T2.LFT,SD8020,sd8020,R. Wagner/R. Olsen,tripped,"Zig-Zag trip type ""B"" @ x/c = 25% (h/c = 0.32%)",0.25,,101600,MS00286.DAT,8.18,0.729,0.0,up
vol1,SD8020T2.LFT,SD8020,sd8020,R. Wagner/R. Olsen,tripped,"Zig-Zag trip type ""B"" @ x/c = 25% (h/c = 0.32%)",0.25,,101600,MS00286.DAT,8.75,0.766,0.0,up
vol1,SD8020T2.LFT,SD8020,sd8020,R. Wagner/R. Olsen,tripped,"Zig-Zag trip type ""B"" @ x/c = 25% (h/c = 0.32%)",0.25,,101600,MS00286.DAT,9.2,0.793,0.0,up
vol1,SD8020T2.LFT,SD8020,sd8020,R. Wagner/R. Olsen,tripped,"Zig-Zag trip type ""B"" @ x/c = 25% (h/c = 0.32%)",0.25,,101600,MS00286.DAT,9.68,0.817,0.0,up
vol1,SD8020T2.LFT,SD8020,sd8020,R. Wagner/R. Olsen,tripped,"Zig-Zag trip type ""B"" @ x/c = 25% (h/c = 0.32%)",0.25,,101600,MS00286.DAT,10.19,0.814,0.0,up
vol1,SD8020T2.LFT,SD8020,sd8020,R. Wagner/R. Olsen,tripped,"Zig-Zag trip type ""B"" @ x/c = 25% (h/c = 0.32%)",0.25,,101600,MS00286.DAT,10.69,0.803,0.0,up
vol1,SD8020T2.LFT,SD8020,sd8020,R. Wagner/R. Olsen,tripped,"Zig-Zag trip type ""B"" @ x/c = 25% (h/c = 0.32%)",0.25,,101600,MS00286.DAT,11.16,0.788,0.0,up
vol1,SD8020T2.LFT,SD8020,sd8020,R. Wagner/R. Olsen,tripped,"Zig-Zag trip type ""B"" @ x/c = 25% (h/c = 0.32%)",0.25,,101600,MS00286.DAT,11.75,0.781,0.0,up
vol1,SD8020T2.LFT,SD8020,sd8020,R. Wagner/R. Olsen,tripped,"Zig-Zag trip type ""B"" @ x/c = 25% (h/c = 0.32%)",0.25,,101600,MS00286.DAT,12.07,0.746,0.0,up
vol1,SD8020T2.LFT,SD8020,sd8020,R. Wagner/R. Olsen,tripped,"Zig-Zag trip type ""B"" @ x/c = 25% (h/c = 0.32%)",0.25,,101600,MS00286.DAT,12.63,0.748,0.0,up
vol1,SD8020T2.LFT,SD8020,sd8020,R. Wagner/R. Olsen,tripped,"Zig-Zag trip type ""B"" @ x/c = 25% (h/c = 0.32%)",0.25,,101600,MS00286.DAT,13.18,0.724,0.0,up
vol1,SD8020T2.LFT,SD8020,sd8020,R. Wagner/R. Olsen,tripped,"Zig-Zag trip type ""B"" @ x/c = 25% (h/c = 0.32%)",0.25,,101600,MS00286.DAT,13.72,0.752,0.0,up
vol1,SD8020T2.LFT,SD8020,sd8020,R. Wagner/R. Olsen,tripped,"Zig-Zag trip type ""B"" @ x/c = 25% (h/c = 0.32%)",0.25,,101600,MS00286.DAT,14.18,0.741,0.0,up
vol1,SD8020T2.LFT,SD8020,sd8020,R. Wagner/R. Olsen,tripped,"Zig-Zag trip type ""B"" @ x/c = 25% (h/c = 0.32%)",0.25,,101600,MS00286.DAT,14.7,0.754,0.0,up
vol1,SD8020T2.LFT,SD8020,sd8020,R. Wagner/R. Olsen,tripped,"Zig-Zag trip type ""B"" @ x/c = 25% (h/c = 0.32%)",0.25,,101600,MS00286.DAT,15.21,0.753,0.0,up
vol1,SD8020T2.LFT,SD8020,sd8020,R. Wagner/R. Olsen,tripped,"Zig-Zag trip type ""B"" @ x/c = 25% (h/c = 0.32%)",0.25,,101600,MS00286.DAT,15.73,0.76,0.0,up
vol1,SD8020T2.LFT,SD8020,sd8020,R. Wagner/R. Olsen,tripped,"Zig-Zag trip type ""B"" @ x/c = 25% (h/c = 0.32%)",0.25,,101600,MS00286.DAT,16.24,0.748,0.0,up
vol1,SD8020T2.LFT,SD8020,sd8020,R. Wagner/R. Olsen,tripped,"Zig-Zag trip type ""B"" @ x/c = 25% (h/c = 0.32%)",0.25,,101600,MS00286.DAT,16.67,0.732,0.0,up
vol1,SD8020T2.LFT,SD8020,sd8020,R. Wagner/R. Olsen,tripped,"Zig-Zag trip type ""B"" @ x/c = 25% (h/c = 0.32%)",0.25,,101600,MS00286.DAT,17.19,0.742,0.0,up
vol1,SD8020T2.LFT,SD8020,sd8020,R. Wagner/R. Olsen,tripped,"Zig-Zag trip type ""B"" @ x/c = 25% (h/c = 0.32%)",0.25,,101600,MS00286.DAT,17.67,0.752,0.0,up
vol1,SD8020T2.LFT,SD8020,sd8020,R. Wagner/R. Olsen,tripped,"Zig-Zag trip type ""B"" @ x/c = 25% (h/c = 0.32%)",0.25,,101600,MS00286.DAT,17.25,0.738,0.0,down
vol1,SD8020T2.LFT,SD8020,sd8020,R. Wagner/R. Olsen,tripped,"Zig-Zag trip type ""B"" @ x/c = 25% (h/c = 0.32%)",0.25,,101600,MS00286.DAT,16.73,0.74,0.0,down
vol1,SD8020T2.LFT,SD8020,sd8020,R. Wagner/R. Olsen,tripped,"Zig-Zag trip type ""B"" @ x/c = 25% (h/c = 0.32%)",0.25,,101600,MS00286.DAT,16.46,0.747,0.0,down
vol1,SD8020T2.LFT,SD8020,sd8020,R. Wagner/R. Olsen,tripped,"Zig-Zag trip type ""B"" @ x/c = 25% (h/c = 0.32%)",0.25,,101600,MS00286.DAT,15.83,0.747,0.0,down
vol1,SD8020T2.LFT,SD8020,sd8020,R. Wagner/R. Olsen,tripped,"Zig-Zag trip type ""B"" @ x/c = 25% (h/c = 0.32%)",0.25,,101600,MS00286.DAT,15.25,0.758,0.0,down
vol1,SD8020T2.LFT,SD8020,sd8020,R. Wagner/R. Olsen,tripped,"Zig-Zag trip type ""B"" @ x/c = 25% (h/c = 0.32%)",0.25,,101600,MS00286.DAT,14.86,0.759,0.0,down
vol1,SD8020T2.LFT,SD8020,sd8020,R. Wagner/R. Olsen,tripped,"Zig-Zag trip type ""B"" @ x/c = 25% (h/c = 0.32%)",0.25,,101600,MS00286.DAT,14.4,0.738,0.0,down
vol1,SD8020T2.LFT,SD8020,sd8020,R. Wagner/R. Olsen,tripped,"Zig-Zag trip type ""B"" @ x/c = 25% (h/c = 0.32%)",0.25,,101600,MS00286.DAT,13.85,0.758,0.0,down
vol1,SD8020T2.LFT,SD8020,sd8020,R. Wagner/R. Olsen,tripped,"Zig-Zag trip type ""B"" @ x/c = 25% (h/c = 0.32%)",0.25,,101600,MS00286.DAT,13.43,0.735,0.0,down
vol1,SD8020T2.LFT,SD8020,sd8020,R. Wagner/R. Olsen,tripped,"Zig-Zag trip type ""B"" @ x/c = 25% (h/c = 0.32%)",0.25,,101600,MS00286.DAT,12.75,0.742,0.0,down
vol1,SD8020T2.LFT,SD8020,sd8020,R. Wagner/R. Olsen,tripped,"Zig-Zag trip type ""B"" @ x/c = 25% (h/c = 0.32%)",0.25,,101600,MS00286.DAT,12.26,0.743,0.0,down
vol1,SD8020T2.LFT,SD8020,sd8020,R. Wagner/R. Olsen,tripped,"Zig-Zag trip type ""B"" @ x/c = 25% (h/c = 0.32%)",0.25,,101600,MS00286.DAT,11.85,0.765,0.0,down
vol1,SD8020T2.LFT,SD8020,sd8020,R. Wagner/R. Olsen,tripped,"Zig-Zag trip type ""B"" @ x/c = 25% (h/c = 0.32%)",0.25,,101600,MS00286.DAT,11.44,0.754,0.0,down
vol1,SD8020T2.LFT,SD8020,sd8020,R. Wagner/R. Olsen,tripped,"Zig-Zag trip type ""B"" @ x/c = 25% (h/c = 0.32%)",0.25,,101600,MS00286.DAT,10.82,0.799,0.0,down
vol1,SD8020T2.LFT,SD8020,sd8020,R. Wagner/R. Olsen,tripped,"Zig-Zag trip type ""B"" @ x/c = 25% (h/c = 0.32%)",0.25,,101600,MS00286.DAT,10.37,0.806,0.0,down
vol1,SD8020T2.LFT,SD8020,sd8020,R. Wagner/R. Olsen,tripped,"Zig-Zag trip type ""B"" @ x/c = 25% (h/c = 0.32%)",0.25,,101600,MS00286.DAT,9.85,0.813,0.0,down
vol1,SD8020T2.LFT,SD8020,sd8020,R. Wagner/R. Olsen,tripped,"Zig-Zag trip type ""B"" @ x/c = 25% (h/c = 0.32%)",0.25,,101600,MS00286.DAT,9.4,0.786,0.0,down
vol1,SD8020T2.LFT,SD8020,sd8020,R. Wagner/R. Olsen,tripped,"Zig-Zag trip type ""B"" @ x/c = 25% (h/c = 0.32%)",0.25,,101600,MS00286.DAT,8.82,0.754,0.0,down
vol1,SD8020T2.LFT,SD8020,sd8020,R. Wagner/R. Olsen,tripped,"Zig-Zag trip type ""B"" @ x/c = 25% (h/c = 0.32%)",0.25,,101600,MS00286.DAT,8.35,0.724,0.0,down
vol1,SD8020T2.LFT,SD8020,sd8020,R. Wagner/R. Olsen,tripped,"Zig-Zag trip type ""B"" @ x/c = 25% (h/c = 0.32%)",0.25,,101600,MS00286.DAT,7.77,0.685,0.0,down
vol1,SD8020T2.LFT,SD8020,sd8020,R. Wagner/R. Olsen,tripped,"Zig-Zag trip type ""B"" @ x/c = 25% (h/c = 0.32%)",0.25,,101600,MS00286.DAT,7.22,0.646,0.0,down
vol1,SD8020T2.LFT,SD8020,sd8020,R. Wagner/R. Olsen,tripped,"Zig-Zag trip type ""B"" @ x/c = 25% (h/c = 0.32%)",0.25,,101600,MS00286.DAT,6.78,0.615,0.0,down
vol1,SD8020T2.LFT,SD8020,sd8020,R. Wagner/R. Olsen,tripped,"Zig-Zag trip type ""B"" @ x/c = 25% (h/c = 0.32%)",0.25,,101600,MS00286.DAT,6.22,0.574,0.0,down
vol1,SD8020T2.LFT,SD8020,sd8020,R. Wagner/R. Olsen,tripped,"Zig-Zag trip type ""B"" @ x/c = 25% (h/c = 0.32%)",0.25,,101600,MS00286.DAT,5.73,0.538,0.0,down
vol1,SD8020T2.LFT,SD8020,sd8020,R. Wagner/R. Olsen,tripped,"Zig-Zag trip type ""B"" @ x/c = 25% (h/c = 0.32%)",0.25,,101600,MS00286.DAT,5.37,0.504,0.0,down
vol1,SD8020T2.LFT,SD8020,sd8020,R. Wagner/R. Olsen,tripped,"Zig-Zag trip type ""B"" @ x/c = 25% (h/c = 0.32%)",0.25,,101600,MS00286.DAT,4.72,0.444,0.0,down
vol1,SD8020T2.LFT,SD8020,sd8020,R. Wagner/R. Olsen,tripped,"Zig-Zag trip type ""B"" @ x/c = 25% (h/c = 0.32%)",0.25,,101600,MS00286.DAT,4.28,0.4,0.0,down
vol1,SD8020T2.LFT,SD8020,sd8020,R. Wagner/R. Olsen,tripped,"Zig-Zag trip type ""B"" @ x/c = 25% (h/c = 0.32%)",0.25,,101600,MS00286.DAT,3.69,0.344,0.0,down
vol1,SD8020T2.LFT,SD8020,sd8020,R. Wagner/R. Olsen,tripped,"Zig-Zag trip type ""B"" @ x/c = 25% (h/c = 0.32%)",0.25,,101600,MS00286.DAT,3.26,0.301,0.0,down
vol1,SD8020T2.LFT,SD8020,sd8020,R. Wagner/R. Olsen,tripped,"Zig-Zag trip type ""B"" @ x/c = 25% (h/c = 0.32%)",0.25,,101600,MS00286.DAT,2.66,0.237,0.0,down
vol1,SD8020T2.LFT,SD8020,sd8020,R. Wagner/R. Olsen,tripped,"Zig-Zag trip type ""B"" @ x/c = 25% (h/c = 0.32%)",0.25,,101600,MS00286.DAT,2.24,0.194,0.0,down
vol1,SD8020T2.LFT,SD8020,sd8020,R. Wagner/R. Olsen,tripped,"Zig-Zag trip type ""B"" @ x/c = 25% (h/c = 0.32%)",0.25,,101600,MS00286.DAT,1.66,0.135,0.0,down
vol1,SD8020T2.LFT,SD8020,sd8020,R. Wagner/R. Olsen,tripped,"Zig-Zag trip type ""B"" @ x/c = 25% (h/c = 0.32%)",0.25,,101600,MS00286.DAT,1.27,0.098,0.0,down
vol1,SD8020T2.LFT,SD8020,sd8020,R. Wagner/R. Olsen,tripped,"Zig-Zag trip type ""B"" @ x/c = 25% (h/c = 0.32%)",0.25,,101600,MS00286.DAT,0.58,0.03,0.0,down
vol1,SD8020T2.LFT,SD8020,sd8020,R. Wagner/R. Olsen,tripped,"Zig-Zag trip type ""B"" @ x/c = 25% (h/c = 0.32%)",0.25,,101600,MS00286.DAT,0.17,-0.004,0.0,down
vol1,SD8020T2.LFT,SD8020,sd8020,R. Wagner/R. Olsen,tripped,"Zig-Zag trip type ""B"" @ x/c = 25% (h/c = 0.32%)",0.25,,101600,MS00286.DAT,-0.42,-0.056,0.0,down
vol1,SD8020T2.LFT,SD8020,sd8020,R. Wagner/R. Olsen,tripped,"Zig-Zag trip type ""B"" @ x/c = 25% (h/c = 0.32%)",0.25,,101600,MS00286.DAT,-0.84,-0.089,0.0,down
vol1,SD8020T2.LFT,SD8020,sd8020,R. Wagner/R. Olsen,tripped,"Zig-Zag trip type ""B"" @ x/c = 25% (h/c = 0.32%)",0.25,,101600,MS00286.DAT,-1.42,-0.149,0.0,down
vol1,SD8020T2.LFT,SD8020,sd8020,R. Wagner/R. Olsen,tripped,"Zig-Zag trip type ""B"" @ x/c = 25% (h/c = 0.32%)",0.25,,101600,MS00286.DAT,-1.8,-0.182,0.0,down
vol1,SD8020T2.LFT,SD8020,sd8020,R. Wagner/R. Olsen,tripped,"Zig-Zag trip type ""B"" @ x/c = 25% (h/c = 0.32%)",0.25,,101600,MS00286.DAT,-2.46,-0.248,0.0,down
vol1,SD8020T2.LFT,SD8020,sd8020,R. Wagner/R. Olsen,tripped,"Zig-Zag trip type ""B"" @ x/c = 25% (h/c = 0.32%)",0.25,,101600,MS00286.DAT,-2.87,-0.287,0.0,down
vol1,SD8020T2.LFT,SD8020,sd8020,R. Wagner/R. Olsen,tripped,"Zig-Zag trip type ""B"" @ x/c = 25% (h/c = 0.32%)",0.25,,101600,MS00286.DAT,-3.51,-0.352,0.0,down
vol1,SD8020T2.LFT,SD8020,sd8020,R. Wagner/R. Olsen,tripped,"Zig-Zag trip type ""B"" @ x/c = 25% (h/c = 0.32%)",0.25,,101600,MS00286.DAT,-4.02,-0.404,0.0,down
vol1,SD8020T2.LFT,SD8020,sd8020,R. Wagner/R. Olsen,tripped,"Zig-Zag trip type ""B"" @ x/c = 25% (h/c = 0.32%)",0.25,,101600,MS00286.DAT,-4.48,-0.447,0.0,down
vol1,SD8020T2.LFT,SD8020,sd8020,R. Wagner/R. Olsen,tripped,"Zig-Zag trip type ""B"" @ x/c = 25% (h/c = 0.32%)",0.25,,101600,MS00286.DAT,-5.03,-0.497,0.0,down
vol1,SD8020T2.LFT,SD8020,sd8020,R. Wagner/R. Olsen,tripped,"Zig-Zag trip type ""B"" @ x/c = 25% (h/c = 0.32%)",0.25,,101600,MS00286.DAT,-5.57,-0.547,0.0,down
vol1,SD8020T2.LFT,SD8020,sd8020,R. Wagner/R. Olsen,tripped,"Zig-Zag trip type ""B"" @ x/c = 25% (h/c = 0.32%)",0.25,,101600,MS00286.DAT,-5.9,-0.575,0.0,down
vol1,SD8020T2.LFT,SD8020,sd8020,R. Wagner/R. Olsen,tripped,"Zig-Zag trip type ""B"" @ x/c = 25% (h/c = 0.32%)",0.25,,101600,MS00286.DAT,-6.53,-0.622,0.0,down
vol1,SD8020T2.LFT,SD8020,sd8020,R. Wagner/R. Olsen,tripped,"Zig-Zag trip type ""B"" @ x/c = 25% (h/c = 0.32%)",0.25,,205000,MS00288.DAT,-6.54,-0.633,0.0,up
vol1,SD8020T2.LFT,SD8020,sd8020,R. Wagner/R. Olsen,tripped,"Zig-Zag trip type ""B"" @ x/c = 25% (h/c = 0.32%)",0.25,,205000,MS00288.DAT,-4.64,-0.465,0.0,up
vol1,SD8020T2.LFT,SD8020,sd8020,R. Wagner/R. Olsen,tripped,"Zig-Zag trip type ""B"" @ x/c = 25% (h/c = 0.32%)",0.25,,205000,MS00288.DAT,-2.66,-0.264,0.0,up
vol1,SD8020T2.LFT,SD8020,sd8020,R. Wagner/R. Olsen,tripped,"Zig-Zag trip type ""B"" @ x/c = 25% (h/c = 0.32%)",0.25,,205000,MS00288.DAT,-0.56,-0.063,0.0,up
vol1,SD8020T2.LFT,SD8020,sd8020,R. Wagner/R. Olsen,tripped,"Zig-Zag trip type ""B"" @ x/c = 25% (h/c = 0.32%)",0.25,,205000,MS00288.DAT,1.5,0.125,0.0,up
vol1,SD8020T2.LFT,SD8020,sd8020,R. Wagner/R. Olsen,tripped,"Zig-Zag trip type ""B"" @ x/c = 25% (h/c = 0.32%)",0.25,,205000,MS00288.DAT,3.59,0.342,0.0,up
vol1,SD8020T2.LFT,SD8020,sd8020,R. Wagner/R. Olsen,tripped,"Zig-Zag trip type ""B"" @ x/c = 25% (h/c = 0.32%)",0.25,,205000,MS00288.DAT,5.67,0.536,0.0,up
vol1,SD8020T2.LFT,SD8020,sd8020,R. Wagner/R. Olsen,tripped,"Zig-Zag trip type ""B"" @ x/c = 25% (h/c = 0.32%)",0.25,,205000,MS00288.DAT,6.7,0.624,0.0,up
vol1,SD8020T2.LFT,SD8020,sd8020,R. Wagner/R. Olsen,tripped,"Zig-Zag trip type ""B"" @ x/c = 25% (h/c = 0.32%)",0.25,,205000,MS00288.DAT,7.72,0.706,0.0,up
vol1,SD8020T2.LFT,SD8020,sd8020,R. Wagner/R. Olsen,tripped,"Zig-Zag trip type ""B"" @ x/c = 25% (h/c = 0.32%)",0.25,,205000,MS00288.DAT,8.78,0.779,0.0,up
vol4,e387_c_lft.txt,E387 (E),e387,Y. Tinel,clean,clean,,,100064,bm05140.dat,-10.21,-0.454,0.0268,up
vol4,e387_c_lft.txt,E387 (E),e387,Y. Tinel,clean,clean,,,100064,bm05140.dat,-9.21,-0.467,0.0234,up
vol4,e387_c_lft.txt,E387 (E),e387,Y. Tinel,clean,clean,,,100064,bm05140.dat,-8.19,-0.472,0.0173,up
vol4,e387_c_lft.txt,E387 (E),e387,Y. Tinel,clean,clean,,,100064,bm05140.dat,-7.19,-0.439,0.0027,up
vol4,e387_c_lft.txt,E387 (E),e387,Y. Tinel,clean,clean,,,100064,bm05140.dat,-6.19,-0.393,-0.0218,up
vol4,e387_c_lft.txt,E387 (E),e387,Y. Tinel,clean,clean,,,100064,bm05140.dat,-5.2,-0.326,-0.0559,up
vol4,e387_c_lft.txt,E387 (E),e387,Y. Tinel,clean,clean,,,100064,bm05140.dat,-4.2,-0.186,-0.0727,up
vol4,e387_c_lft.txt,E387 (E),e387,Y. Tinel,clean,clean,,,100064,bm05140.dat,-3.2,-0.047,-0.0909,up
vol4,e387_c_lft.txt,E387 (E),e387,Y. Tinel,clean,clean,,,100064,bm05140.dat,-2.2,0.11,-0.1038,up
vol4,e387_c_lft.txt,E387 (E),e387,Y. Tinel,clean,clean,,,100064,bm05140.dat,-1.16,0.216,-0.0868,up
vol4,e387_c_lft.txt,E387 (E),e387,Y. Tinel,clean,clean,,,100064,bm05140.dat,-0.11,0.327,-0.0924,up
vol4,e387_c_lft.txt,E387 (E),e387,Y. Tinel,clean,clean,,,100064,bm05140.dat,0.96,0.429,-0.0796,up
vol4,e387_c_lft.txt,E387 (E),e387,Y. Tinel,clean,clean,,,100064,bm05140.dat,1.98,0.53,-0.0802,up
vol4,e387_c_lft.txt,E387 (E),e387,Y. Tinel,clean,clean,,,100064,bm05140.dat,2.94,0.623,-0.0908,up
vol4,e387_c_lft.txt,E387 (E),e387,Y. Tinel,clean,clean,,,100064,bm05140.dat,4.02,0.73,-0.0836,up
vol4,e387_c_lft.txt,E387 (E),e387,Y. Tinel,clean,clean,,,100064,bm05140.dat,5.03,0.836,-0.0831,up
vol4,e387_c_lft.txt,E387 (E),e387,Y. Tinel,clean,clean,,,100064,bm05140.dat,6.05,0.951,-0.0762,up
vol4,e387_c_lft.txt,E387 (E),e387,Y. Tinel,clean,clean,,,100064,bm05140.dat,7.14,1.045,-0.0583,up
vol4,e387_c_lft.txt,E387 (E),e387,Y. Tinel,clean,clean,,,100064,bm05140.dat,8.13,1.149,-0.0707,up
vol4,e387_c_lft.txt,E387 (E),e387,Y. Tinel,clean,clean,,,100064,bm05140.dat,9.16,1.207,-0.0593,up
vol4,e387_c_lft.txt,E387 (E),e387,Y. Tinel,clean,clean,,,100064,bm05140.dat,10.15,1.221,-0.0581,up
vol4,e387_c_lft.txt,E387 (E),e387,Y. Tinel,clean,clean,,,100064,bm05140.dat,11.19,1.23,-0.0518,up
vol4,e387_c_lft.txt,E387 (E),e387,Y. Tinel,clean,clean,,,100064,bm05140.dat,12.19,1.234,-0.0502,up
vol4,e387_c_lft.txt,E387 (E),e387,Y. Tinel,clean,clean,,,100064,bm05140.dat,13.17,1.226,-0.0456,up
vol4,e387_c_lft.txt,E387 (E),e387,Y. Tinel,clean,clean,,,100064,bm05140.dat,14.16,1.214,-0.0565,up
vol4,e387_c_lft.txt,E387 (E),e387,Y. Tinel,clean,clean,,,100064,bm05140.dat,15.08,1.083,-0.1464,up
vol4,e387_c_lft.txt,E387 (E),e387,Y. Tinel,clean,clean,,,100064,bm05140.dat,16.01,1.058,-0.17,up
vol4,e387_c_lft.txt,E387 (E),e387,Y. Tinel,clean,clean,,,100064,bm05140.dat,16.99,1.068,-0.184,up
vol4,e387_c_lft.txt,E387 (E),e387,Y. Tinel,clean,clean,,,100064,bm05140.dat,18.02,1.056,-0.1934,up
vol4,e387_c_lft.txt,E387 (E),e387,Y. Tinel,clean,clean,,,100064,bm05140.dat,18.97,1.022,-0.1904,up
vol4,e387_c_lft.txt,E387 (E),e387,Y. Tinel,clean,clean,,,100064,bm05140.dat,19.96,1.034,-0.2045,up
vol4,e387_c_lft.txt,E387 (E),e387,Y. Tinel,clean,clean,,,100064,bm05140.dat,19.46,1.036,-0.2031,down
vol4,e387_c_lft.txt,E387 (E),e387,Y. Tinel,clean,clean,,,100064,bm05140.dat,18.46,1.008,-0.1937,down
vol4,e387_c_lft.txt,E387 (E),e387,Y. Tinel,clean,clean,,,100064,bm05140.dat,17.53,1.065,-0.1895,down
vol4,e387_c_lft.txt,E387 (E),e387,Y. Tinel,clean,clean,,,100064,bm05140.dat,16.52,1.096,-0.1864,down
vol4,e387_c_lft.txt,E387 (E),e387,Y. Tinel,clean,clean,,,100064,bm05140.dat,15.51,1.1,-0.1752,down
vol4,e387_c_lft.txt,E387 (E),e387,Y. Tinel,clean,clean,,,100064,bm05140.dat,14.63,1.228,-0.1395,down
vol4,e387_c_lft.txt,E387 (E),e387,Y. Tinel,clean,clean,,,100064,bm05140.dat,13.65,1.234,-0.0609,down
vol4,e387_c_lft.txt,E387 (E),e387,Y. Tinel,clean,clean,,,100064,bm05140.dat,12.66,1.242,-0.0424,down
vol4,e387_c_lft.txt,E387 (E),e387,Y. Tinel,clean,clean,,,100064,bm05140.dat,11.65,1.255,-0.0421,down
vol4,e387_c_lft.txt,E387 (E),e387,Y. Tinel,clean,clean,,,100064,bm05140.dat,10.65,1.244,-0.0458,down
vol4,e387_c_lft.txt,E387 (E),e387,Y. Tinel,clean,clean,,,100064,bm05140.dat,9.63,1.236,-0.0534,down
vol4,e387_c_lft.txt,E387 (E),e387,Y. Tinel,clean,clean,,,100064,bm05140.dat,8.63,1.204,-0.0702,down
vol4,e387_c_lft.txt,E387 (E),e387,Y. Tinel,clean,clean,,,100064,bm05140.dat,7.62,1.118,-0.0657,down
vol4,e387_c_lft.txt,E387 (E),e387,Y. Tinel,clean,clean,,,100064,bm05140.dat,6.61,1.018,-0.086,down
vol4,e387_c_lft.txt,E387 (E),e387,Y. Tinel,clean,clean,,,100064,bm05140.dat,5.49,0.902,-0.083,down
vol4,e387_c_lft.txt,E387 (E),e387,Y. Tinel,clean,clean,,,100064,bm05140.dat,4.53,0.806,-0.0806,down
vol4,e387_c_lft.txt,E387 (E),e387,Y. Tinel,clean,clean,,,100064,bm05140.dat,3.5,0.698,-0.0853,down
vol4,e387_c_lft.txt,E387 (E),e387,Y. Tinel,clean,clean,,,100064,bm05140.dat,2.44,0.601,-0.1043,down
vol4,e387_c_lft.txt,E387 (E),e387,Y. Tinel,clean,clean,,,100064,bm05140.dat,1.4,0.499,-0.0918,down
vol4,e387_c_lft.txt,E387 (E),e387,Y. Tinel,clean,clean,,,100064,bm05140.dat,0.41,0.408,-0.0917,down
vol4,e387_c_lft.txt,E387 (E),e387,Y. Tinel,clean,clean,,,100064,bm05140.dat,-0.6,0.301,-0.0948,down
vol4,e387_c_lft.txt,E387 (E),e387,Y. Tinel,clean,clean,,,100064,bm05140.dat,-1.7,0.193,-0.0983,down
vol4,e387_c_lft.txt,E387 (E),e387,Y. Tinel,clean,clean,,,100064,bm05140.dat,-2.69,0.067,-0.0942,down
vol4,e387_c_lft.txt,E387 (E),e387,Y. Tinel,clean,clean,,,100064,bm05140.dat,-3.72,-0.088,-0.0802,down
vol4,e387_c_lft.txt,E387 (E),e387,Y. Tinel,clean,clean,,,100064,bm05140.dat,-4.75,-0.23,-0.0764,down
vol4,e387_c_lft.txt,E387 (E),e387,Y. Tinel,clean,clean,,,100064,bm05140.dat,-5.68,-0.342,-0.0431,down
vol4,e387_c_lft.txt,E387 (E),e387,Y. Tinel,clean,clean,,,100064,bm05140.dat,-6.73,-0.403,-0.0265,down
vol4,e387_c_lft.txt,E387 (E),e387,Y. Tinel,clean,clean,,,100064,bm05140.dat,-7.74,-0.451,-0.0007,down
vol4,e387_c_lft.txt,E387 (E),e387,Y. Tinel,clean,clean,,,100064,bm05140.dat,-8.71,-0.455,0.0142,down
vol4,e387_c_lft.txt,E387 (E),e387,Y. Tinel,clean,clean,,,100064,bm05140.dat,-9.67,-0.454,0.016,down
vol4,e387_c_lft.txt,E387 (E),e387,Y. Tinel,clean,clean,,,200083,bm04978.dat,-10.14,-0.495,0.0488,up
vol4,e387_c_lft.txt,E387 (E),e387,Y. Tinel,clean,clean,,,200083,bm04978.dat,-9.26,-0.495,0.0412,up
vol4,e387_c_lft.txt,E387 (E),e387,Y. Tinel,clean,clean,,,200083,bm04978.dat,-8.25,-0.47,0.0278,up
vol4,e387_c_lft.txt,E387 (E),e387,Y. Tinel,clean,clean,,,200083,bm04978.dat,-7.21,-0.425,0.0033,up
vol4,e387_c_lft.txt,E387 (E),e387,Y. Tinel,clean,clean,,,200083,bm04978.dat,-6.08,-0.331,-0.0405,up
vol4,e387_c_lft.txt,E387 (E),e387,Y. Tinel,clean,clean,,,200083,bm04978.dat,-5.08,-0.142,-0.088,up
vol4,e387_c_lft.txt,E387 (E),e387,Y. Tinel,clean,clean,,,200083,bm04978.dat,-4.22,-0.035,-0.0917,up
vol4,e387_c_lft.txt,E387 (E),e387,Y. Tinel,clean,clean,,,200083,bm04978.dat,-3.22,0.055,-0.0869,up
vol4,e387_c_lft.txt,E387 (E),e387,Y. Tinel,clean,clean,,,200083,bm04978.dat,-2.04,0.171,-0.0891,up
vol4,e387_c_lft.txt,E387 (E),e387,Y. Tinel,clean,clean,,,200083,bm04978.dat,-1.09,0.253,-0.0842,up
vol4,e387_c_lft.txt,E387 (E),e387,Y. Tinel,clean,clean,,,200083,bm04978.dat,-0.0,0.367,-0.0852,up
vol4,e387_c_lft.txt,E387 (E),e387,Y. Tinel,clean,clean,,,200083,bm04978.dat,0.99,0.467,-0.0852,up
vol4,e387_c_lft.txt,E387 (E),e387,Y. Tinel,clean,clean,,,200083,bm04978.dat,1.93,0.563,-0.0827,up
vol4,e387_c_lft.txt,E387 (E),e387,Y. Tinel,clean,clean,,,200083,bm04978.dat,3.01,0.67,-0.0837,up
vol4,e387_c_lft.txt,E387 (E),e387,Y. Tinel,clean,clean,,,200083,bm04978.dat,4.0,0.766,-0.0817,up
vol4,e387_c_lft.txt,E387 (E),e387,Y. Tinel,clean,clean,,,200083,bm04978.dat,5.12,0.882,-0.0817,up
vol4,e387_c_lft.txt,E387 (E),e387,Y. Tinel,clean,clean,,,200083,bm04978.dat,6.15,0.986,-0.0797,up
vol4,e387_c_lft.txt,E387 (E),e387,Y. Tinel,clean,clean,,,200083,bm04978.dat,7.17,1.088,-0.0779,up
vol4,e387_c_lft.txt,E387 (E),e387,Y. Tinel,clean,clean,,,200083,bm04978.dat,8.18,1.16,-0.0725,up
vol4,e387_c_lft.txt,E387 (E),e387,Y. Tinel,clean,clean,,,200083,bm04978.dat,9.15,1.207,-0.0667,up
vol4,e387_c_lft.txt,E387 (E),e387,Y. Tinel,clean,clean,,,200083,bm04978.dat,10.11,1.222,-0.0592,up
vol4,e387_c_lft.txt,E387 (E),e387,Y. Tinel,clean,clean,,,200083,bm04978.dat,11.17,1.222,-0.0548,up
vol4,e387_c_lft.txt,E387 (E),e387,Y. Tinel,clean,clean,,,200083,bm04978.dat,12.22,1.227,-0.0561,up
vol4,e387_c_lft.txt,E387 (E),e387,Y. Tinel,clean,clean,,,200083,bm04978.dat,13.24,1.224,-0.0591,up
vol4,e387_c_lft.txt,E387 (E),e387,Y. Tinel,clean,clean,,,200083,bm04978.dat,14.03,1.219,-0.0636,up
vol4,e387_c_lft.txt,E387 (E),e387,Y. Tinel,clean,clean,,,200083,bm04978.dat,15.08,1.158,-0.1473,up
vol4,e387_c_lft.txt,E387 (E),e387,Y. Tinel,clean,clean,,,200083,bm04978.dat,15.98,1.149,-0.1732,up
vol4,e387_c_lft.txt,E387 (E),e387,Y. Tinel,clean,clean,,,200083,bm04978.dat,16.95,1.061,-0.1702,up
vol4,e387_c_lft.txt,E387 (E),e387,Y. Tinel,clean,clean,,,200083,bm04978.dat,18.03,1.055,-0.1743,up
vol4,e387_c_lft.txt,E387 (E),e387,Y. Tinel,clean,clean,,,200083,bm04978.dat,18.95,1.079,-0.1801,up
vol4,e387_c_lft.txt,E387 (E),e387,Y. Tinel,clean,clean,,,200083,bm04978.dat,19.96,1.048,-0.1789,up
vol4,e387_c_lft.txt,E387 (E),e387,Y. Tinel,clean,clean,,,200083,bm04978.dat,19.44,1.061,-0.1795,down
vol4,e387_c_lft.txt,E387 (E),e387,Y. Tinel,clean,clean,,,200083,bm04978.dat,18.41,1.049,-0.1763,down
vol4,e387_c_lft.txt,E387 (E),e387,Y. Tinel,clean,clean,,,200083,bm04978.dat,17.52,1.054,-0.1716,down
vol4,e387_c_lft.txt,E387 (E),e387,Y. Tinel,clean,clean,,,200083,bm04978.dat,16.5,1.068,-0.1722,down
vol4,e387_c_lft.txt,E387 (E),e387,Y. Tinel,clean,clean,,,200083,bm04978.dat,15.49,1.137,-0.1617,down
vol4,e387_c_lft.txt,E387 (E),e387,Y. Tinel,clean,clean,,,200083,bm04978.dat,14.59,1.272,-0.1096,down
vol4,e387_c_lft.txt,E387 (E),e387,Y. Tinel,clean,clean,,,200083,bm04978.dat,13.61,1.221,-0.0614,down
vol4,e387_c_lft.txt,E387 (E),e387,Y. Tinel,clean,clean,,,200083,bm04978.dat,12.63,1.224,-0.0564,down
vol4,e387_c_lft.txt,E387 (E),e387,Y. Tinel,clean,clean,,,200083,bm04978.dat,11.7,1.225,-0.0564,down
vol4,e387_c_lft.txt,E387 (E),e387,Y. Tinel,clean,clean,,,200083,bm04978.dat,10.62,1.224,-0.0565,down
vol4,e387_c_lft.txt,E387 (E),e387,Y. Tinel,clean,clean,,,200083,bm04978.dat,9.61,1.22,-0.0637,down
vol4,e387_c_lft.txt,E387 (E),e387,Y. Tinel,clean,clean,,,200083,bm04978.dat,8.66,1.186,-0.0706,down
vol4,e387_c_lft.txt,E387 (E),e387,Y. Tinel,clean,clean,,,200083,bm04978.dat,7.61,1.132,-0.0764,down
vol4,e387_c_lft.txt,E387 (E),e387,Y. Tinel,clean,clean,,,200083,bm04978.dat,6.57,1.035,-0.0791,down
vol4,e387_c_lft.txt,E387 (E),e387,Y. Tinel,clean,clean,,,200083,bm04978.dat,5.56,0.939,-0.0814,down
vol4,e387_c_lft.txt,E387 (E),e387,Y. Tinel,clean,clean,,,200083,bm04978.dat,4.49,0.823,-0.0816,down
vol4,e387_c_lft.txt,E387 (E),e387,Y. Tinel,clean,clean,,,200083,bm04978.dat,3.46,0.72,-0.0824,down
vol4,e387_c_lft.txt,E387 (E),e387,Y. Tinel,clean,clean,,,200083,bm04978.dat,2.51,0.623,-0.0843,down
vol4,e387_c_lft.txt,E387 (E),e387,Y. Tinel,clean,clean,,,200083,bm04978.dat,1.44,0.518,-0.085,down
vol4,e387_c_lft.txt,E387 (E),e387,Y. Tinel,clean,clean,,,200083,bm04978.dat,0.47,0.416,-0.0856,down
vol4,e387_c_lft.txt,E387 (E),e387,Y. Tinel,clean,clean,,,200083,bm04978.dat,-0.62,0.305,-0.0848,down
vol4,e387_c_lft.txt,E387 (E),e387,Y. Tinel,clean,clean,,,200083,bm04978.dat,-1.62,0.211,-0.0867,down
vol4,e387_c_lft.txt,E387 (E),e387,Y. Tinel,clean,clean,,,200083,bm04978.dat,-2.63,0.115,-0.0862,down
vol4,e387_c_lft.txt,E387 (E),e387,Y. Tinel,clean,clean,,,200083,bm04978.dat,-3.65,0.023,-0.0914,down
vol4,e387_c_lft.txt,E387 (E),e387,Y. Tinel,clean,clean,,,200083,bm04978.dat,-4.7,-0.077,-0.0923,down
vol4,e387_c_lft.txt,E387 (E),e387,Y. Tinel,clean,clean,,,200083,bm04978.dat,-5.67,-0.258,-0.0603,down
vol4,e387_c_lft.txt,E387 (E),e387,Y. Tinel,clean,clean,,,200083,bm04978.dat,-6.65,-0.396,-0.0129,down
vol4,e387_c_lft.txt,E387 (E),e387,Y. Tinel,clean,clean,,,200083,bm04978.dat,-7.66,-0.444,0.018,down
vol4,e387_c_lft.txt,E387 (E),e387,Y. Tinel,clean,clean,,,200083,bm04978.dat,-8.63,-0.47,0.0331,down
vol4,e387_c_lft.txt,E387 (E),e387,Y. Tinel,clean,clean,,,200083,bm04978.dat,-9.69,-0.489,0.0443,down
vol4,e387_c_lft.txt,E387 (E),e387,Y. Tinel,clean,clean,,,300096,bm04980.dat,-8.19,-0.488,0.0273,up
vol4,e387_c_lft.txt,E387 (E),e387,Y. Tinel,clean,clean,,,300096,bm04980.dat,-7.24,-0.438,-0.001,up
vol4,e387_c_lft.txt,E387 (E),e387,Y. Tinel,clean,clean,,,300096,bm04980.dat,-6.19,-0.313,-0.0492,up
vol4,e387_c_lft.txt,E387 (E),e387,Y. Tinel,clean,clean,,,300096,bm04980.dat,-5.22,-0.151,-0.0828,up
vol4,e387_c_lft.txt,E387 (E),e387,Y. Tinel,clean,clean,,,300096,bm04980.dat,-4.22,-0.043,-0.0841,up
vol4,e387_c_lft.txt,E387 (E),e387,Y. Tinel,clean,clean,,,300096,bm04980.dat,-3.18,0.057,-0.0836,up
vol4,e387_c_lft.txt,E387 (E),e387,Y. Tinel,clean,clean,,,300096,bm04980.dat,-2.07,0.174,-0.084,up
vol4,e387_c_lft.txt,E387 (E),e387,Y. Tinel,clean,clean,,,300096,bm04980.dat,-1.14,0.263,-0.0843,up
vol4,e387_c_lft.txt,E387 (E),e387,Y. Tinel,clean,clean,,,300096,bm04980.dat,-0.1,0.368,-0.0827,up
vol4,e387_c_lft.txt,E387 (E),e387,Y. Tinel,clean,clean,,,300096,bm04980.dat,0.94,0.48,-0.0832,up
vol4,e387_c_lft.txt,E387 (E),e387,Y. Tinel,clean,clean,,,300096,bm04980.dat,1.98,0.592,-0.0831,up
vol4,e387_c_lft.txt,E387 (E),e387,Y. Tinel,clean,clean,,,300096,bm04980.dat,2.99,0.692,-0.0828,up
vol4,e387_c_lft.txt,E387 (E),e387,Y. Tinel,clean,clean,,,300096,bm04980.dat,4.06,0.802,-0.0825,up
vol4,e387_c_lft.txt,E387 (E),e387,Y. Tinel,clean,clean,,,300096,bm04980.dat,5.03,0.905,-0.0817,up
vol4,e387_c_lft.txt,E387 (E),e387,Y. Tinel,clean,clean,,,300096,bm04980.dat,6.08,1.013,-0.0806,up
vol4,e387_c_lft.txt,E387 (E),e387,Y. Tinel,clean,clean,,,300096,bm04980.dat,7.08,1.104,-0.0779,up
vol4,e387_c_lft.txt,E387 (E),e387,Y. Tinel,clean,clean,,,300096,bm04980.dat,8.16,1.182,-0.0732,up
vol4,e387_c_lft.txt,E387 (E),e387,Y. Tinel,clean,clean,,,300096,bm04980.dat,9.19,1.223,-0.0667,up
vol4,e387_c_lft.txt,E387 (E),e387,Y. Tinel,clean,clean,,,300096,bm04980.dat,10.15,1.239,-0.0597,up
vol4,e387_c_lft.txt,E387 (E),e387,Y. Tinel,clean,clean,,,300096,bm04980.dat,11.15,1.247,-0.0576,up
vol4,e387_c_lft.txt,E387 (E),e387,Y. Tinel,clean,clean,,,300096,bm04980.dat,12.13,1.243,-0.0572,up
vol4,e387_c_lft.txt,E387 (E),e387,Y. Tinel,clean,clean,,,300096,bm04980.dat,13.17,1.247,-0.0619,up
vol4,e387_c_lft.txt,E387 (E),e387,Y. Tinel,clean,clean,,,300096,bm04980.dat,14.04,1.291,-0.0862,up
vol4,e387_c_lft.txt,E387 (E),e387,Y. Tinel,clean,clean,,,300096,bm04980.dat,15.02,1.273,-0.1327,up
vol4,e387_c_lft.txt,E387 (E),e387,Y. Tinel,clean,clean,,,300096,bm04980.dat,14.65,1.281,-0.1233,down
vol4,e387_c_lft.txt,E387 (E),e387,Y. Tinel,clean,clean,,,300096,bm04980.dat,13.65,1.245,-0.0657,down
vol4,e387_c_lft.txt,E387 (E),e387,Y. Tinel,clean,clean,,,300096,bm04980.dat,12.64,1.244,-0.0597,down
vol4,e387_c_lft.txt,E387 (E),e387,Y. Tinel,clean,clean,,,300096,bm04980.dat,11.62,1.249,-0.058,down
vol4,e387_c_lft.txt,E387 (E),e387,Y. Tinel,clean,clean,,,300096,bm04980.dat,10.65,1.242,-0.0584,down
vol4,e387_c_lft.txt,E387 (E),e387,Y. Tinel,clean,clean,,,300096,bm04980.dat,9.69,1.233,-0.064,down
vol4,e387_c_lft.txt,E387 (E),e387,Y. Tinel,clean,clean,,,300096,bm04980.dat,8.62,1.209,-0.0716,down
vol4,e387_c_lft.txt,E387 (E),e387,Y. Tinel,clean,clean,,,300096,bm04980.dat,7.59,1.142,-0.0768,down
vol4,e387_c_lft.txt,E387 (E),e387,Y. Tinel,clean,clean,,,300096,bm04980.dat,6.58,1.061,-0.0806,down
vol4,e387_c_lft.txt,E387 (E),e387,Y. Tinel,clean,clean,,,300096,bm04980.dat,5.61,0.962,-0.0821,down
vol4,e387_c_lft.txt,E387 (E),e387,Y. Tinel,clean,clean,,,300096,bm04980.dat,4.58,0.861,-0.0832,down
vol4,e387_c_lft.txt,E387 (E),e387,Y. Tinel,clean,clean,,,300096,bm04980.dat,3.55,0.745,-0.0835,down
vol4,e387_c_lft.txt,E387 (E),e387,Y. Tinel,clean,clean,,,300096,bm04980.dat,2.5,0.636,-0.0836,down
vol4,e387_c_lft.txt,E387 (E),e387,Y. Tinel,clean,clean,,,300096,bm04980.dat,1.43,0.53,-0.0835,down
vol4,e387_c_lft.txt,E387 (E),e387,Y. Tinel,clean,clean,,,300096,bm04980.dat,0.45,0.427,-0.0836,down
vol4,e387_c_lft.txt,E387 (E),e387,Y. Tinel,clean,clean,,,300096,bm04980.dat,-0.56,0.32,-0.0831,down
vol4,e387_c_lft.txt,E387 (E),e387,Y. Tinel,clean,clean,,,300096,bm04980.dat,-1.62,0.214,-0.0846,down
vol4,e387_c_lft.txt,E387 (E),e387,Y. Tinel,clean,clean,,,300096,bm04980.dat,-2.64,0.112,-0.0841,down
vol4,e387_c_lft.txt,E387 (E),e387,Y. Tinel,clean,clean,,,300096,bm04980.dat,-3.7,0.006,-0.084,down
vol4,e387_c_lft.txt,E387 (E),e387,Y. Tinel,clean,clean,,,300096,bm04980.dat,-4.74,-0.095,-0.0848,down
vol4,e387_c_lft.txt,E387 (E),e387,Y. Tinel,clean,clean,,,300096,bm04980.dat,-5.78,-0.23,-0.0711,down
vol4,e387_c_lft.txt,E387 (E),e387,Y. Tinel,clean,clean,,,300096,bm04980.dat,-6.67,-0.39,-0.0232,down
vol4,e387_c_lft.txt,E387 (E),e387,Y. Tinel,clean,clean,,,300096,bm04980.dat,-7.68,-0.464,0.0128,down
vol4,e387_c_lft.txt,E387 (E),e387,Y. Tinel,clean,clean,,,350282,bm04982.dat,-8.2,-0.492,0.0246,up
vol4,e387_c_lft.txt,E387 (E),e387,Y. Tinel,clean,clean,,,350282,bm04982.dat,-7.2,-0.439,-0.0015,up
vol4,e387_c_lft.txt,E387 (E),e387,Y. Tinel,clean,clean,,,350282,bm04982.dat,-6.23,-0.308,-0.0513,up
vol4,e387_c_lft.txt,E387 (E),e387,Y. Tinel,clean,clean,,,350282,bm04982.dat,-5.19,-0.156,-0.0818,up
vol4,e387_c_lft.txt,E387 (E),e387,Y. Tinel,clean,clean,,,350282,bm04982.dat,-4.19,-0.046,-0.0833,up
vol4,e387_c_lft.txt,E387 (E),e387,Y. Tinel,clean,clean,,,350282,bm04982.dat,-3.16,0.06,-0.0832,up
vol4,e387_c_lft.txt,E387 (E),e387,Y. Tinel,clean,clean,,,350282,bm04982.dat,-2.15,0.167,-0.0838,up
vol4,e387_c_lft.txt,E387 (E),e387,Y. Tinel,clean,clean,,,350282,bm04982.dat,-1.1,0.27,-0.0848,up
vol4,e387_c_lft.txt,E387 (E),e387,Y. Tinel,clean,clean,,,350282,bm04982.dat,-0.07,0.375,-0.0827,up
vol4,e387_c_lft.txt,E387 (E),e387,Y. Tinel,clean,clean,,,350282,bm04982.dat,0.92,0.477,-0.083,up
vol4,e387_c_lft.txt,E387 (E),e387,Y. Tinel,clean,clean,,,350282,bm04982.dat,1.99,0.589,-0.0832,up
vol4,e387_c_lft.txt,E387 (E),e387,Y. Tinel,clean,clean,,,350282,bm04982.dat,3.02,0.707,-0.0834,up
vol4,e387_c_lft.txt,E387 (E),e387,Y. Tinel,clean,clean,,,350282,bm04982.dat,4.03,0.813,-0.0824,up
vol4,e387_c_lft.txt,E387 (E),e387,Y. Tinel,clean,clean,,,350282,bm04982.dat,5.04,0.916,-0.0819,up
vol4,e387_c_lft.txt,E387 (E),e387,Y. Tinel,clean,clean,,,350282,bm04982.dat,6.05,1.021,-0.081,up
vol4,e387_c_lft.txt,E387 (E),e387,Y. Tinel,clean,clean,,,350282,bm04982.dat,7.09,1.112,-0.0777,up
vol4,e387_c_lft.txt,E387 (E),e387,Y. Tinel,clean,clean,,,350282,bm04982.dat,8.15,1.177,-0.0727,up
vol4,e387_c_lft.txt,E387 (E),e387,Y. Tinel,clean,clean,,,350282,bm04982.dat,9.15,1.223,-0.0665,up
vol4,e387_c_lft.txt,E387 (E),e387,Y. Tinel,clean,clean,,,350282,bm04982.dat,10.14,1.246,-0.0598,up
vol4,e387_c_lft.txt,E387 (E),e387,Y. Tinel,clean,clean,,,350282,bm04982.dat,11.17,1.251,-0.0578,up
vol4,e387_c_lft.txt,E387 (E),e387,Y. Tinel,clean,clean,,,350282,bm04982.dat,12.12,1.251,-0.0592,up
vol4,e387_c_lft.txt,E387 (E),e387,Y. Tinel,clean,clean,,,350282,bm04982.dat,13.16,1.252,-0.0633,up
vol4,e387_c_lft.txt,E387 (E),e387,Y. Tinel,clean,clean,,,350282,bm04982.dat,14.11,1.302,-0.0827,up
vol4,e387_c_lft.txt,E387 (E),e387,Y. Tinel,clean,clean,,,350282,bm04982.dat,14.78,1.303,-0.125,up
vol4,e387_c_lft.txt,E387 (E),e387,Y. Tinel,clean,clean,,,350282,bm04982.dat,14.64,1.29,-0.1148,down
vol4,e387_c_lft.txt,E387 (E),e387,Y. Tinel,clean,clean,,,350282,bm04982.dat,13.64,1.252,-0.0661,down
vol4,e387_c_lft.txt,E387 (E),e387,Y. Tinel,clean,clean,,,350282,bm04982.dat,12.64,1.253,-0.0616,down
vol4,e387_c_lft.txt,E387 (E),e387,Y. Tinel,clean,clean,,,350282,bm04982.dat,11.66,1.256,-0.059,down
vol4,e387_c_lft.txt,E387 (E),e387,Y. Tinel,clean,clean,,,350282,bm04982.dat,10.66,1.249,-0.0584,down
vol4,e387_c_lft.txt,E387 (E),e387,Y. Tinel,clean,clean,,,350282,bm04982.dat,9.65,1.235,-0.0629,down
vol4,e387_c_lft.txt,E387 (E),e387,Y. Tinel,clean,clean,,,350282,bm04982.dat,8.62,1.206,-0.0702,down
vol4,e387_c_lft.txt,E387 (E),e387,Y. Tinel,clean,clean,,,350282,bm04982.dat,7.66,1.152,-0.0757,down
vol4,e387_c_lft.txt,E387 (E),e387,Y. Tinel,clean,clean,,,350282,bm04982.dat,6.59,1.067,-0.0797,down
vol4,e387_c_lft.txt,E387 (E),e387,Y. Tinel,clean,clean,,,350282,bm04982.dat,5.57,0.968,-0.0817,down
vol4,e387_c_lft.txt,E387 (E),e387,Y. Tinel,clean,clean,,,350282,bm04982.dat,4.58,0.863,-0.0827,down
vol4,e387_c_lft.txt,E387 (E),e387,Y. Tinel,clean,clean,,,350282,bm04982.dat,3.49,0.754,-0.084,down
vol4,e387_c_lft.txt,E387 (E),e387,Y. Tinel,clean,clean,,,350282,bm04982.dat,2.47,0.639,-0.0833,down
vol4,e387_c_lft.txt,E387 (E),e387,Y. Tinel,clean,clean,,,350282,bm04982.dat,1.44,0.532,-0.0838,down
vol4,e387_c_lft.txt,E387 (E),e387,Y. Tinel,clean,clean,,,350282,bm04982.dat,0.38,0.418,-0.0835,down
vol4,e387_c_lft.txt,E387 (E),e387,Y. Tinel,clean,clean,,,350282,bm04982.dat,-0.59,0.316,-0.0835,down
vol4,e387_c_lft.txt,E387 (E),e387,Y. Tinel,clean,clean,,,350282,bm04982.dat,-1.63,0.217,-0.0846,down
vol4,e387_c_lft.txt,E387 (E),e387,Y. Tinel,clean,clean,,,350282,bm04982.dat,-2.66,0.107,-0.0839,down
vol4,e387_c_lft.txt,E387 (E),e387,Y. Tinel,clean,clean,,,350282,bm04982.dat,-3.65,0.007,-0.0831,down
vol4,e387_c_lft.txt,E387 (E),e387,Y. Tinel,clean,clean,,,350282,bm04982.dat,-4.7,-0.097,-0.084,down
vol4,e387_c_lft.txt,E387 (E),e387,Y. Tinel,clean,clean,,,350282,bm04982.dat,-5.73,-0.232,-0.071,down
vol4,e387_c_lft.txt,E387 (E),e387,Y. Tinel,clean,clean,,,350282,bm04982.dat,-6.69,-0.377,-0.03,down
vol4,e387_c_lft.txt,E387 (E),e387,Y. Tinel,clean,clean,,,350282,bm04982.dat,-7.68,-0.475,0.0128,down
vol4,e387_c_lft.txt,E387 (E),e387,Y. Tinel,clean,clean,,,349714,bm05121.dat,10.21,1.248,-0.0201,up
vol4,e387_c_lft.txt,E387 (E),e387,Y. Tinel,clean,clean,,,349714,bm05121.dat,11.19,1.255,-0.0202,up
vol4,e387_c_lft.txt,E387 (E),e387,Y. Tinel,clean,clean,,,349714,bm05121.dat,12.23,1.26,-0.0203,up
vol4,e387_c_lft.txt,E387 (E),e387,Y. Tinel,clean,clean,,,349714,bm05121.dat,13.14,1.258,-0.0202,up
vol4,e387_c_lft.txt,E387 (E),e387,Y. Tinel,clean,clean,,,349714,bm05121.dat,14.19,1.308,-0.021,up
vol4,e387_c_lft.txt,E387 (E),e387,Y. Tinel,clean,clean,,,349714,bm05121.dat,15.06,1.272,-0.0205,up
vol4,e387_c_lft.txt,E387 (E),e387,Y. Tinel,clean,clean,,,349714,bm05121.dat,16.05,1.201,-0.0193,up
vol4,e387_c_lft.txt,E387 (E),e387,Y. Tinel,clean,clean,,,349714,bm05121.dat,17.28,1.122,-0.0181,up
vol4,e387_c_lft.txt,E387 (E),e387,Y. Tinel,clean,clean,,,349714,bm05121.dat,18.18,1.072,-0.0172,up
vol4,e387_c_lft.txt,E387 (E),e387,Y. Tinel,clean,clean,,,349714,bm05121.dat,19.19,1.059,-0.017,up
vol4,e387_c_lft.txt,E387 (E),e387,Y. Tinel,clean,clean,,,349714,bm05121.dat,20.12,1.063,-0.0171,up
vol4,e387_c_lft.txt,E387 (E),e387,Y. Tinel,clean,clean,,,349714,bm05121.dat,19.63,1.055,-0.017,down
vol4,e387_c_lft.txt,E387 (E),e387,Y. Tinel,clean,clean,,,349714,bm05121.dat,18.65,1.053,-0.0169,down
vol4,e387_c_lft.txt,E387 (E),e387,Y. Tinel,clean,clean,,,349714,bm05121.dat,17.69,1.115,-0.0179,down
vol4,e387_c_lft.txt,E387 (E),e387,Y. Tinel,clean,clean,,,349714,bm05121.dat,16.67,1.168,-0.0188,down
vol4,e387_c_lft.txt,E387 (E),e387,Y. Tinel,clean,clean,,,349714,bm05121.dat,15.64,1.257,-0.0202,down
vol4,e387_c_lft.txt,E387 (E),e387,Y. Tinel,clean,clean,,,349714,bm05121.dat,14.69,1.326,-0.0213,down
vol4,e387_c_lft.txt,E387 (E),e387,Y. Tinel,clean,clean,,,349714,bm05121.dat,13.63,1.253,-0.0202,down
vol4,e387_c_lft.txt,E387 (E),e387,Y. Tinel,clean,clean,,,349714,bm05121.dat,12.66,1.255,-0.0202,down
vol4,e387_c_lft.txt,E387 (E),e387,Y. Tinel,clean,clean,,,349714,bm05121.dat,11.75,1.261,-0.0203,down
vol4,e387_c_lft.txt,E387 (E),e387,Y. Tinel,clean,clean,,,349714,bm05121.dat,10.68,1.252,-0.0201,down
vol4,e387_c_lft.txt,E387 (E),e387,Y. Tinel,clean,clean,,,460154,bm04984.dat,-7.16,-0.425,-0.0069,up
vol4,e387_c_lft.txt,E387 (E),e387,Y. Tinel,clean,clean,,,460154,bm04984.dat,-6.22,-0.31,-0.0514,up
vol4,e387_c_lft.txt,E387 (E),e387,Y. Tinel,clean,clean,,,460154,bm04984.dat,-5.23,-0.166,-0.0795,up
vol4,e387_c_lft.txt,E387 (E),e387,Y. Tinel,clean,clean,,,460154,bm04984.dat,-4.15,-0.046,-0.0818,up
vol4,e387_c_lft.txt,E387 (E),e387,Y. Tinel,clean,clean,,,460154,bm04984.dat,-3.14,0.057,-0.082,up
vol4,e387_c_lft.txt,E387 (E),e387,Y. Tinel,clean,clean,,,460154,bm04984.dat,-2.12,0.163,-0.0828,up
vol4,e387_c_lft.txt,E387 (E),e387,Y. Tinel,clean,clean,,,460154,bm04984.dat,-1.11,0.264,-0.0833,up
vol4,e387_c_lft.txt,E387 (E),e387,Y. Tinel,clean,clean,,,460154,bm04984.dat,-0.07,0.369,-0.082,up
vol4,e387_c_lft.txt,E387 (E),e387,Y. Tinel,clean,clean,,,460154,bm04984.dat,0.98,0.484,-0.0819,up
vol4,e387_c_lft.txt,E387 (E),e387,Y. Tinel,clean,clean,,,460154,bm04984.dat,1.98,0.594,-0.0819,up
vol4,e387_c_lft.txt,E387 (E),e387,Y. Tinel,clean,clean,,,460154,bm04984.dat,3.02,0.71,-0.082,up
vol4,e387_c_lft.txt,E387 (E),e387,Y. Tinel,clean,clean,,,460154,bm04984.dat,4.03,0.819,-0.0813,up
vol4,e387_c_lft.txt,E387 (E),e387,Y. Tinel,clean,clean,,,460154,bm04984.dat,5.06,0.925,-0.0804,up
vol4,e387_c_lft.txt,E387 (E),e387,Y. Tinel,clean,clean,,,460154,bm04984.dat,6.07,1.025,-0.0793,up
vol4,e387_c_lft.txt,E387 (E),e387,Y. Tinel,clean,clean,,,460154,bm04984.dat,7.12,1.106,-0.0756,up
vol4,e387_c_lft.txt,E387 (E),e387,Y. Tinel,clean,clean,,,460154,bm04984.dat,8.13,1.189,-0.0717,up
vol4,e387_c_lft.txt,E387 (E),e387,Y. Tinel,clean,clean,,,460154,bm04984.dat,9.16,1.234,-0.0658,up
vol4,e387_c_lft.txt,E387 (E),e387,Y. Tinel,clean,clean,,,460154,bm04984.dat,10.14,1.253,-0.0596,up
vol4,e387_c_lft.txt,E387 (E),e387,Y. Tinel,clean,clean,,,460154,bm04984.dat,11.19,1.26,-0.0593,up
vol4,e387_c_lft.txt,E387 (E),e387,Y. Tinel,clean,clean,,,460154,bm04984.dat,12.17,1.26,-0.0625,up
vol4,e387_c_lft.txt,E387 (E),e387,Y. Tinel,clean,clean,,,460154,bm04984.dat,13.15,1.269,-0.0661,up
vol4,e387_c_lft.txt,E387 (E),e387,Y. Tinel,clean,clean,,,460154,bm04984.dat,14.12,1.261,-0.0728,up
vol4,e387_c_lft.txt,E387 (E),e387,Y. Tinel,clean,clean,,,460154,bm04984.dat,13.65,1.258,-0.0696,down
vol4,e387_c_lft.txt,E387 (E),e387,Y. Tinel,clean,clean,,,460154,bm04984.dat,12.62,1.27,-0.0656,down
vol4,e387_c_lft.txt,E387 (E),e387,Y. Tinel,clean,clean,,,460154,bm04984.dat,11.61,1.264,-0.0612,down
vol4,e387_c_lft.txt,E387 (E),e387,Y. Tinel,clean,clean,,,460154,bm04984.dat,10.68,1.252,-0.0588,down
vol4,e387_c_lft.txt,E387 (E),e387,Y. Tinel,clean,clean,,,460154,bm04984.dat,9.66,1.253,-0.0626,down
vol4,e387_c_lft.txt,E387 (E),e387,Y. Tinel,clean,clean,,,460154,bm04984.dat,8.63,1.208,-0.0689,down
vol4,e387_c_lft.txt,E387 (E),e387,Y. Tinel,clean,clean,,,460154,bm04984.dat,7.6,1.154,-0.074,down
vol4,e387_c_lft.txt,E387 (E),e387,Y. Tinel,clean,clean,,,460154,bm04984.dat,6.54,1.072,-0.0779,down
vol4,e387_c_lft.txt,E387 (E),e387,Y. Tinel,clean,clean,,,460154,bm04984.dat,5.54,0.975,-0.0801,down
vol4,e387_c_lft.txt,E387 (E),e387,Y. Tinel,clean,clean,,,460154,bm04984.dat,4.57,0.874,-0.0812,down
vol4,e387_c_lft.txt,E387 (E),e387,Y. Tinel,clean,clean,,,460154,bm04984.dat,3.52,0.759,-0.0813,down
vol4,e387_c_lft.txt,E387 (E),e387,Y. Tinel,clean,clean,,,460154,bm04984.dat,2.46,0.65,-0.082,down
vol4,e387_c_lft.txt,E387 (E),e387,Y. Tinel,clean,clean,,,460154,bm04984.dat,1.48,0.538,-0.0819,down
vol4,e387_c_lft.txt,E387 (E),e387,Y. Tinel,clean,clean,,,460154,bm04984.dat,0.44,0.423,-0.0816,down
vol4,e387_c_lft.txt,E387 (E),e387,Y. Tinel,clean,clean,,,460154,bm04984.dat,-0.6,0.317,-0.0834,down
vol4,e387_c_lft.txt,E387 (E),e387,Y. Tinel,clean,clean,,,460154,bm04984.dat,-1.62,0.213,-0.0834,down
vol4,e387_c_lft.txt,E387 (E),e387,Y. Tinel,clean,clean,,,460154,bm04984.dat,-2.65,0.106,-0.0817,down
vol4,e387_c_lft.txt,E387 (E),e387,Y. Tinel,clean,clean,,,460154,bm04984.dat,-3.68,0.0,-0.0823,down
vol4,e387_c_lft.txt,E387 (E),e387,Y. Tinel,clean,clean,,,460154,bm04984.dat,-4.71,-0.101,-0.0821,down
vol4,e387_c_lft.txt,E387 (E),e387,Y. Tinel,clean,clean,,,460154,bm04984.dat,-5.73,-0.233,-0.0707,down
vol4,e387_c_lft.txt,E387 (E),e387,Y. Tinel,clean,clean,,,460154,bm04984.dat,-6.65,-0.363,-0.0333,down
vol4,e387_c_lft.txt,E387 (E),e387,Y. Tinel,clean,clean,,,499909,bm04986.dat,-7.26,-0.434,-0.0026,up
vol4,e387_c_lft.txt,E387 (E),e387,Y. Tinel,clean,clean,,,499909,bm04986.dat,-6.23,-0.307,-0.0513,up
vol4,e387_c_lft.txt,E387 (E),e387,Y. Tinel,clean,clean,,,499909,bm04986.dat,-5.25,-0.171,-0.0786,up
vol4,e387_c_lft.txt,E387 (E),e387,Y. Tinel,clean,clean,,,499909,bm04986.dat,-4.22,-0.049,-0.0815,up
vol4,e387_c_lft.txt,E387 (E),e387,Y. Tinel,clean,clean,,,499909,bm04986.dat,-3.15,0.057,-0.0819,up
vol4,e387_c_lft.txt,E387 (E),e387,Y. Tinel,clean,clean,,,499909,bm04986.dat,-2.1,0.166,-0.0822,up
vol4,e387_c_lft.txt,E387 (E),e387,Y. Tinel,clean,clean,,,499909,bm04986.dat,-1.12,0.265,-0.0826,up
vol4,e387_c_lft.txt,E387 (E),e387,Y. Tinel,clean,clean,,,499909,bm04986.dat,-0.06,0.377,-0.0812,up
vol4,e387_c_lft.txt,E387 (E),e387,Y. Tinel,clean,clean,,,499909,bm04986.dat,0.99,0.491,-0.0815,up
vol4,e387_c_lft.txt,E387 (E),e387,Y. Tinel,clean,clean,,,499909,bm04986.dat,1.92,0.59,-0.081,up
vol4,e387_c_lft.txt,E387 (E),e387,Y. Tinel,clean,clean,,,499909,bm04986.dat,3.0,0.712,-0.0813,up
vol4,e387_c_lft.txt,E387 (E),e387,Y. Tinel,clean,clean,,,499909,bm04986.dat,4.04,0.816,-0.0807,up
vol4,e387_c_lft.txt,E387 (E),e387,Y. Tinel,clean,clean,,,499909,bm04986.dat,5.04,0.927,-0.0804,up
vol4,e387_c_lft.txt,E387 (E),e387,Y. Tinel,clean,clean,,,499909,bm04986.dat,6.08,1.026,-0.0789,up
vol4,e387_c_lft.txt,E387 (E),e387,Y. Tinel,clean,clean,,,499909,bm04986.dat,7.12,1.118,-0.0758,up
vol4,e387_c_lft.txt,E387 (E),e387,Y. Tinel,clean,clean,,,499909,bm04986.dat,8.14,1.183,-0.0712,up
vol4,e387_c_lft.txt,E387 (E),e387,Y. Tinel,clean,clean,,,499909,bm04986.dat,9.17,1.24,-0.066,up
vol4,e387_c_lft.txt,E387 (E),e387,Y. Tinel,clean,clean,,,499909,bm04986.dat,10.14,1.258,-0.0593,up
vol4,e387_c_lft.txt,E387 (E),e387,Y. Tinel,clean,clean,,,499909,bm04986.dat,11.19,1.269,-0.0597,up
vol4,e387_c_lft.txt,E387 (E),e387,Y. Tinel,clean,clean,,,499909,bm04986.dat,12.21,1.269,-0.0632,up
vol4,e387_c_lft.txt,E387 (E),e387,Y. Tinel,clean,clean,,,499909,bm04986.dat,13.14,1.268,-0.0682,up
vol4,e387_c_lft.txt,E387 (E),e387,Y. Tinel,clean,clean,,,499909,bm04986.dat,14.15,1.264,-0.0741,up
vol4,e387_c_lft.txt,E387 (E),e387,Y. Tinel,clean,clean,,,499909,bm04986.dat,13.63,1.264,-0.0714,down
vol4,e387_c_lft.txt,E387 (E),e387,Y. Tinel,clean,clean,,,499909,bm04986.dat,12.63,1.261,-0.0645,down
vol4,e387_c_lft.txt,E387 (E),e387,Y. Tinel,clean,clean,,,499909,bm04986.dat,11.63,1.259,-0.0592,down
vol4,e387_c_lft.txt,E387 (E),e387,Y. Tinel,clean,clean,,,499909,bm04986.dat,10.63,1.256,-0.0578,down
vol4,e387_c_lft.txt,E387 (E),e387,Y. Tinel,clean,clean,,,499909,bm04986.dat,9.63,1.243,-0.0614,down
vol4,e387_c_lft.txt,E387 (E),e387,Y. Tinel,clean,clean,,,499909,bm04986.dat,8.63,1.205,-0.0677,down
vol4,e387_c_lft.txt,E387 (E),e387,Y. Tinel,clean,clean,,,499909,bm04986.dat,7.59,1.134,-0.0723,down
vol4,e387_c_lft.txt,E387 (E),e387,Y. Tinel,clean,clean,,,499909,bm04986.dat,6.6,1.078,-0.0774,down
vol4,e387_c_lft.txt,E387 (E),e387,Y. Tinel,clean,clean,,,499909,bm04986.dat,5.58,0.979,-0.0795,down
vol4,e387_c_lft.txt,E387 (E),e387,Y. Tinel,clean,clean,,,499909,bm04986.dat,4.52,0.861,-0.0797,down
vol4,e387_c_lft.txt,E387 (E),e387,Y. Tinel,clean,clean,,,499909,bm04986.dat,3.44,0.755,-0.081,down
vol4,e387_c_lft.txt,E387 (E),e387,Y. Tinel,clean,clean,,,499909,bm04986.dat,2.51,0.649,-0.0806,down
vol4,e387_c_lft.txt,E387 (E),e387,Y. Tinel,clean,clean,,,499909,bm04986.dat,1.42,0.535,-0.081,down
vol4,e387_c_lft.txt,E387 (E),e387,Y. Tinel,clean,clean,,,499909,bm04986.dat,0.43,0.426,-0.0813,down
vol4,e387_c_lft.txt,E387 (E),e387,Y. Tinel,clean,clean,,,499909,bm04986.dat,-0.62,0.32,-0.0831,down
vol4,e387_c_lft.txt,E387 (E),e387,Y. Tinel,clean,clean,,,499909,bm04986.dat,-1.65,0.209,-0.0825,down
vol4,e387_c_lft.txt,E387 (E),e387,Y. Tinel,clean,clean,,,499909,bm04986.dat,-2.67,0.108,-0.082,down
vol4,e387_c_lft.txt,E387 (E),e387,Y. Tinel,clean,clean,,,499909,bm04986.dat,-3.68,0.002,-0.0811,down
vol4,e387_c_lft.txt,E387 (E),e387,Y. Tinel,clean,clean,,,499909,bm04986.dat,-4.71,-0.107,-0.0819,down
vol4,e387_c_lft.txt,E387 (E),e387,Y. Tinel,clean,clean,,,499909,bm04986.dat,-5.75,-0.236,-0.0698,down
vol4,e387_c_lft.txt,E387 (E),e387,Y. Tinel,clean,clean,,,499909,bm04986.dat,-6.73,-0.37,-0.0334,down
vol4,e387_tf_lft.txt,E387 (E),e387,Y. Tinel,tripped,"'u.s.t. located at 2% chord, l.s.t. located at 5% chord'",0.02,0.05,99963,bm04988.dat,-10.17,-0.471,0.0533,up
vol4,e387_tf_lft.txt,E387 (E),e387,Y. Tinel,tripped,"'u.s.t. located at 2% chord, l.s.t. located at 5% chord'",0.02,0.05,99963,bm04988.dat,-9.16,-0.434,0.0408,up
vol4,e387_tf_lft.txt,E387 (E),e387,Y. Tinel,tripped,"'u.s.t. located at 2% chord, l.s.t. located at 5% chord'",0.02,0.05,99963,bm04988.dat,-8.15,-0.398,0.0269,up
vol4,e387_tf_lft.txt,E387 (E),e387,Y. Tinel,tripped,"'u.s.t. located at 2% chord, l.s.t. located at 5% chord'",0.02,0.05,99963,bm04988.dat,-7.14,-0.386,0.0079,up
vol4,e387_tf_lft.txt,E387 (E),e387,Y. Tinel,tripped,"'u.s.t. located at 2% chord, l.s.t. located at 5% chord'",0.02,0.05,99963,bm04988.dat,-6.18,-0.332,-0.0183,up
vol4,e387_tf_lft.txt,E387 (E),e387,Y. Tinel,tripped,"'u.s.t. located at 2% chord, l.s.t. located at 5% chord'",0.02,0.05,99963,bm04988.dat,-5.19,-0.258,-0.0556,up
vol4,e387_tf_lft.txt,E387 (E),e387,Y. Tinel,tripped,"'u.s.t. located at 2% chord, l.s.t. located at 5% chord'",0.02,0.05,99963,bm04988.dat,-4.21,-0.108,-0.0587,up
vol4,e387_tf_lft.txt,E387 (E),e387,Y. Tinel,tripped,"'u.s.t. located at 2% chord, l.s.t. located at 5% chord'",0.02,0.05,99963,bm04988.dat,-3.18,0.039,-0.0865,up
vol4,e387_tf_lft.txt,E387 (E),e387,Y. Tinel,tripped,"'u.s.t. located at 2% chord, l.s.t. located at 5% chord'",0.02,0.05,99963,bm04988.dat,-2.11,0.185,-0.0891,up
vol4,e387_tf_lft.txt,E387 (E),e387,Y. Tinel,tripped,"'u.s.t. located at 2% chord, l.s.t. located at 5% chord'",0.02,0.05,99963,bm04988.dat,-1.11,0.28,-0.0869,up
vol4,e387_tf_lft.txt,E387 (E),e387,Y. Tinel,tripped,"'u.s.t. located at 2% chord, l.s.t. located at 5% chord'",0.02,0.05,99963,bm04988.dat,-0.06,0.385,-0.1013,up
vol4,e387_tf_lft.txt,E387 (E),e387,Y. Tinel,tripped,"'u.s.t. located at 2% chord, l.s.t. located at 5% chord'",0.02,0.05,99963,bm04988.dat,0.89,0.472,-0.0923,up
vol4,e387_tf_lft.txt,E387 (E),e387,Y. Tinel,tripped,"'u.s.t. located at 2% chord, l.s.t. located at 5% chord'",0.02,0.05,99963,bm04988.dat,1.96,0.573,-0.084,up
vol4,e387_tf_lft.txt,E387 (E),e387,Y. Tinel,tripped,"'u.s.t. located at 2% chord, l.s.t. located at 5% chord'",0.02,0.05,99963,bm04988.dat,3.0,0.675,-0.0893,up
vol4,e387_tf_lft.txt,E387 (E),e387,Y. Tinel,tripped,"'u.s.t. located at 2% chord, l.s.t. located at 5% chord'",0.02,0.05,99963,bm04988.dat,4.02,0.769,-0.0742,up
vol4,e387_tf_lft.txt,E387 (E),e387,Y. Tinel,tripped,"'u.s.t. located at 2% chord, l.s.t. located at 5% chord'",0.02,0.05,99963,bm04988.dat,5.04,0.872,-0.067,up
vol4,e387_tf_lft.txt,E387 (E),e387,Y. Tinel,tripped,"'u.s.t. located at 2% chord, l.s.t. located at 5% chord'",0.02,0.05,99963,bm04988.dat,6.08,0.979,-0.0761,up
vol4,e387_tf_lft.txt,E387 (E),e387,Y. Tinel,tripped,"'u.s.t. located at 2% chord, l.s.t. located at 5% chord'",0.02,0.05,99963,bm04988.dat,7.09,1.072,-0.0729,up
vol4,e387_tf_lft.txt,E387 (E),e387,Y. Tinel,tripped,"'u.s.t. located at 2% chord, l.s.t. located at 5% chord'",0.02,0.05,99963,bm04988.dat,8.14,1.138,-0.0665,up
vol4,e387_tf_lft.txt,E387 (E),e387,Y. Tinel,tripped,"'u.s.t. located at 2% chord, l.s.t. located at 5% chord'",0.02,0.05,99963,bm04988.dat,9.15,1.191,-0.0571,up
vol4,e387_tf_lft.txt,E387 (E),e387,Y. Tinel,tripped,"'u.s.t. located at 2% chord, l.s.t. located at 5% chord'",0.02,0.05,99963,bm04988.dat,10.17,1.23,-0.0427,up
vol4,e387_tf_lft.txt,E387 (E),e387,Y. Tinel,tripped,"'u.s.t. located at 2% chord, l.s.t. located at 5% chord'",0.02,0.05,99963,bm04988.dat,11.13,1.25,-0.0544,up
vol4,e387_tf_lft.txt,E387 (E),e387,Y. Tinel,tripped,"'u.s.t. located at 2% chord, l.s.t. located at 5% chord'",0.02,0.05,99963,bm04988.dat,12.16,1.254,-0.0518,up
vol4,e387_tf_lft.txt,E387 (E),e387,Y. Tinel,tripped,"'u.s.t. located at 2% chord, l.s.t. located at 5% chord'",0.02,0.05,99963,bm04988.dat,13.16,1.251,-0.0537,up
vol4,e387_tf_lft.txt,E387 (E),e387,Y. Tinel,tripped,"'u.s.t. located at 2% chord, l.s.t. located at 5% chord'",0.02,0.05,99963,bm04988.dat,14.08,1.205,-0.12,up
vol4,e387_tf_lft.txt,E387 (E),e387,Y. Tinel,tripped,"'u.s.t. located at 2% chord, l.s.t. located at 5% chord'",0.02,0.05,99963,bm04988.dat,15.08,1.119,-0.1515,up
vol4,e387_tf_lft.txt,E387 (E),e387,Y. Tinel,tripped,"'u.s.t. located at 2% chord, l.s.t. located at 5% chord'",0.02,0.05,99963,bm04988.dat,16.01,1.082,-0.1581,up
vol4,e387_tf_lft.txt,E387 (E),e387,Y. Tinel,tripped,"'u.s.t. located at 2% chord, l.s.t. located at 5% chord'",0.02,0.05,99963,bm04988.dat,17.0,1.083,-0.1639,up
vol4,e387_tf_lft.txt,E387 (E),e387,Y. Tinel,tripped,"'u.s.t. located at 2% chord, l.s.t. located at 5% chord'",0.02,0.05,99963,bm04988.dat,18.02,1.063,-0.1665,up
vol4,e387_tf_lft.txt,E387 (E),e387,Y. Tinel,tripped,"'u.s.t. located at 2% chord, l.s.t. located at 5% chord'",0.02,0.05,99963,bm04988.dat,19.05,1.077,-0.1694,up
vol4,e387_tf_lft.txt,E387 (E),e387,Y. Tinel,tripped,"'u.s.t. located at 2% chord, l.s.t. located at 5% chord'",0.02,0.05,99963,bm04988.dat,20.01,1.087,-0.1773,up
vol4,e387_tf_lft.txt,E387 (E),e387,Y. Tinel,tripped,"'u.s.t. located at 2% chord, l.s.t. located at 5% chord'",0.02,0.05,99963,bm04988.dat,19.5,1.074,-0.1822,down
vol4,e387_tf_lft.txt,E387 (E),e387,Y. Tinel,tripped,"'u.s.t. located at 2% chord, l.s.t. located at 5% chord'",0.02,0.05,99963,bm04988.dat,18.52,1.054,-0.1723,down
vol4,e387_tf_lft.txt,E387 (E),e387,Y. Tinel,tripped,"'u.s.t. located at 2% chord, l.s.t. located at 5% chord'",0.02,0.05,99963,bm04988.dat,17.54,1.073,-0.1763,down
vol4,e387_tf_lft.txt,E387 (E),e387,Y. Tinel,tripped,"'u.s.t. located at 2% chord, l.s.t. located at 5% chord'",0.02,0.05,99963,bm04988.dat,16.5,1.074,-0.1704,down
vol4,e387_tf_lft.txt,E387 (E),e387,Y. Tinel,tripped,"'u.s.t. located at 2% chord, l.s.t. located at 5% chord'",0.02,0.05,99963,bm04988.dat,15.51,1.076,-0.1625,down
vol4,e387_tf_lft.txt,E387 (E),e387,Y. Tinel,tripped,"'u.s.t. located at 2% chord, l.s.t. located at 5% chord'",0.02,0.05,99963,bm04988.dat,14.53,1.1,-0.1467,down
vol4,e387_tf_lft.txt,E387 (E),e387,Y. Tinel,tripped,"'u.s.t. located at 2% chord, l.s.t. located at 5% chord'",0.02,0.05,99963,bm04988.dat,13.64,1.246,-0.0565,down
vol4,e387_tf_lft.txt,E387 (E),e387,Y. Tinel,tripped,"'u.s.t. located at 2% chord, l.s.t. located at 5% chord'",0.02,0.05,99963,bm04988.dat,12.67,1.257,-0.0442,down
vol4,e387_tf_lft.txt,E387 (E),e387,Y. Tinel,tripped,"'u.s.t. located at 2% chord, l.s.t. located at 5% chord'",0.02,0.05,99963,bm04988.dat,11.67,1.256,-0.0442,down
vol4,e387_tf_lft.txt,E387 (E),e387,Y. Tinel,tripped,"'u.s.t. located at 2% chord, l.s.t. located at 5% chord'",0.02,0.05,99963,bm04988.dat,10.67,1.247,-0.0492,down
vol4,e387_tf_lft.txt,E387 (E),e387,Y. Tinel,tripped,"'u.s.t. located at 2% chord, l.s.t. located at 5% chord'",0.02,0.05,99963,bm04988.dat,9.64,1.219,-0.0538,down
vol4,e387_tf_lft.txt,E387 (E),e387,Y. Tinel,tripped,"'u.s.t. located at 2% chord, l.s.t. located at 5% chord'",0.02,0.05,99963,bm04988.dat,8.65,1.165,-0.0664,down
vol4,e387_tf_lft.txt,E387 (E),e387,Y. Tinel,tripped,"'u.s.t. located at 2% chord, l.s.t. located at 5% chord'",0.02,0.05,99963,bm04988.dat,7.69,1.115,-0.0643,down
vol4,e387_tf_lft.txt,E387 (E),e387,Y. Tinel,tripped,"'u.s.t. located at 2% chord, l.s.t. located at 5% chord'",0.02,0.05,99963,bm04988.dat,6.56,1.026,-0.0693,down
vol4,e387_tf_lft.txt,E387 (E),e387,Y. Tinel,tripped,"'u.s.t. located at 2% chord, l.s.t. located at 5% chord'",0.02,0.05,99963,bm04988.dat,5.59,0.928,-0.0732,down
vol4,e387_tf_lft.txt,E387 (E),e387,Y. Tinel,tripped,"'u.s.t. located at 2% chord, l.s.t. located at 5% chord'",0.02,0.05,99963,bm04988.dat,4.51,0.825,-0.0768,down
vol4,e387_tf_lft.txt,E387 (E),e387,Y. Tinel,tripped,"'u.s.t. located at 2% chord, l.s.t. located at 5% chord'",0.02,0.05,99963,bm04988.dat,3.46,0.719,-0.0921,down
vol4,e387_tf_lft.txt,E387 (E),e387,Y. Tinel,tripped,"'u.s.t. located at 2% chord, l.s.t. located at 5% chord'",0.02,0.05,99963,bm04988.dat,2.5,0.629,-0.1016,down
vol4,e387_tf_lft.txt,E387 (E),e387,Y. Tinel,tripped,"'u.s.t. located at 2% chord, l.s.t. located at 5% chord'",0.02,0.05,99963,bm04988.dat,1.45,0.528,-0.0966,down
vol4,e387_tf_lft.txt,E387 (E),e387,Y. Tinel,tripped,"'u.s.t. located at 2% chord, l.s.t. located at 5% chord'",0.02,0.05,99963,bm04988.dat,0.38,0.431,-0.1064,down
vol4,e387_tf_lft.txt,E387 (E),e387,Y. Tinel,tripped,"'u.s.t. located at 2% chord, l.s.t. located at 5% chord'",0.02,0.05,99963,bm04988.dat,-0.6,0.338,-0.0973,down
vol4,e387_tf_lft.txt,E387 (E),e387,Y. Tinel,tripped,"'u.s.t. located at 2% chord, l.s.t. located at 5% chord'",0.02,0.05,99963,bm04988.dat,-1.65,0.239,-0.0999,down
vol4,e387_tf_lft.txt,E387 (E),e387,Y. Tinel,tripped,"'u.s.t. located at 2% chord, l.s.t. located at 5% chord'",0.02,0.05,99963,bm04988.dat,-2.71,0.114,-0.0958,down
vol4,e387_tf_lft.txt,E387 (E),e387,Y. Tinel,tripped,"'u.s.t. located at 2% chord, l.s.t. located at 5% chord'",0.02,0.05,99963,bm04988.dat,-3.67,-0.036,-0.0804,down
vol4,e387_tf_lft.txt,E387 (E),e387,Y. Tinel,tripped,"'u.s.t. located at 2% chord, l.s.t. located at 5% chord'",0.02,0.05,99963,bm04988.dat,-4.73,-0.187,-0.0706,down
vol4,e387_tf_lft.txt,E387 (E),e387,Y. Tinel,tripped,"'u.s.t. located at 2% chord, l.s.t. located at 5% chord'",0.02,0.05,99963,bm04988.dat,-5.69,-0.322,-0.0391,down
vol4,e387_tf_lft.txt,E387 (E),e387,Y. Tinel,tripped,"'u.s.t. located at 2% chord, l.s.t. located at 5% chord'",0.02,0.05,99963,bm04988.dat,-6.72,-0.372,-0.0181,down
vol4,e387_tf_lft.txt,E387 (E),e387,Y. Tinel,tripped,"'u.s.t. located at 2% chord, l.s.t. located at 5% chord'",0.02,0.05,99963,bm04988.dat,-7.71,-0.415,0.008,down
vol4,e387_tf_lft.txt,E387 (E),e387,Y. Tinel,tripped,"'u.s.t. located at 2% chord, l.s.t. located at 5% chord'",0.02,0.05,99963,bm04988.dat,-8.69,-0.433,0.0246,down
vol4,e387_tf_lft.txt,E387 (E),e387,Y. Tinel,tripped,"'u.s.t. located at 2% chord, l.s.t. located at 5% chord'",0.02,0.05,99963,bm04988.dat,-9.65,-0.44,0.0311,down
vol4,e387_tf_lft.txt,E387 (E),e387,Y. Tinel,tripped,"'u.s.t. located at 2% chord, l.s.t. located at 5% chord'",0.02,0.05,200028,bm04990.dat,-10.17,-0.477,0.0468,up
vol4,e387_tf_lft.txt,E387 (E),e387,Y. Tinel,tripped,"'u.s.t. located at 2% chord, l.s.t. located at 5% chord'",0.02,0.05,200028,bm04990.dat,-9.12,-0.485,0.0408,up
vol4,e387_tf_lft.txt,E387 (E),e387,Y. Tinel,tripped,"'u.s.t. located at 2% chord, l.s.t. located at 5% chord'",0.02,0.05,200028,bm04990.dat,-8.19,-0.469,0.0306,up
vol4,e387_tf_lft.txt,E387 (E),e387,Y. Tinel,tripped,"'u.s.t. located at 2% chord, l.s.t. located at 5% chord'",0.02,0.05,200028,bm04990.dat,-7.14,-0.428,0.0055,up
vol4,e387_tf_lft.txt,E387 (E),e387,Y. Tinel,tripped,"'u.s.t. located at 2% chord, l.s.t. located at 5% chord'",0.02,0.05,200028,bm04990.dat,-6.17,-0.368,-0.021,up
vol4,e387_tf_lft.txt,E387 (E),e387,Y. Tinel,tripped,"'u.s.t. located at 2% chord, l.s.t. located at 5% chord'",0.02,0.05,200028,bm04990.dat,-5.19,-0.169,-0.0801,up
vol4,e387_tf_lft.txt,E387 (E),e387,Y. Tinel,tripped,"'u.s.t. located at 2% chord, l.s.t. located at 5% chord'",0.02,0.05,200028,bm04990.dat,-4.21,-0.036,-0.0866,up
vol4,e387_tf_lft.txt,E387 (E),e387,Y. Tinel,tripped,"'u.s.t. located at 2% chord, l.s.t. located at 5% chord'",0.02,0.05,200028,bm04990.dat,-3.16,0.059,-0.089,up
vol4,e387_tf_lft.txt,E387 (E),e387,Y. Tinel,tripped,"'u.s.t. located at 2% chord, l.s.t. located at 5% chord'",0.02,0.05,200028,bm04990.dat,-2.13,0.154,-0.0875,up
vol4,e387_tf_lft.txt,E387 (E),e387,Y. Tinel,tripped,"'u.s.t. located at 2% chord, l.s.t. located at 5% chord'",0.02,0.05,200028,bm04990.dat,-1.11,0.255,-0.0866,up
vol4,e387_tf_lft.txt,E387 (E),e387,Y. Tinel,tripped,"'u.s.t. located at 2% chord, l.s.t. located at 5% chord'",0.02,0.05,200028,bm04990.dat,-0.08,0.35,-0.0839,up
vol4,e387_tf_lft.txt,E387 (E),e387,Y. Tinel,tripped,"'u.s.t. located at 2% chord, l.s.t. located at 5% chord'",0.02,0.05,200028,bm04990.dat,0.94,0.452,-0.0793,up
vol4,e387_tf_lft.txt,E387 (E),e387,Y. Tinel,tripped,"'u.s.t. located at 2% chord, l.s.t. located at 5% chord'",0.02,0.05,200028,bm04990.dat,1.97,0.55,-0.0784,up
vol4,e387_tf_lft.txt,E387 (E),e387,Y. Tinel,tripped,"'u.s.t. located at 2% chord, l.s.t. located at 5% chord'",0.02,0.05,200028,bm04990.dat,3.0,0.64,-0.0765,up
vol4,e387_tf_lft.txt,E387 (E),e387,Y. Tinel,tripped,"'u.s.t. located at 2% chord, l.s.t. located at 5% chord'",0.02,0.05,200028,bm04990.dat,4.02,0.734,-0.075,up
vol4,e387_tf_lft.txt,E387 (E),e387,Y. Tinel,tripped,"'u.s.t. located at 2% chord, l.s.t. located at 5% chord'",0.02,0.05,200028,bm04990.dat,5.04,0.829,-0.0734,up
vol4,e387_tf_lft.txt,E387 (E),e387,Y. Tinel,tripped,"'u.s.t. located at 2% chord, l.s.t. located at 5% chord'",0.02,0.05,200028,bm04990.dat,6.1,0.925,-0.0707,up
vol4,e387_tf_lft.txt,E387 (E),e387,Y. Tinel,tripped,"'u.s.t. located at 2% chord, l.s.t. located at 5% chord'",0.02,0.05,200028,bm04990.dat,7.1,1.018,-0.0696,up
vol4,e387_tf_lft.txt,E387 (E),e387,Y. Tinel,tripped,"'u.s.t. located at 2% chord, l.s.t. located at 5% chord'",0.02,0.05,200028,bm04990.dat,8.13,1.105,-0.0662,up
vol4,e387_tf_lft.txt,E387 (E),e387,Y. Tinel,tripped,"'u.s.t. located at 2% chord, l.s.t. located at 5% chord'",0.02,0.05,200028,bm04990.dat,9.15,1.191,-0.0637,up
vol4,e387_tf_lft.txt,E387 (E),e387,Y. Tinel,tripped,"'u.s.t. located at 2% chord, l.s.t. located at 5% chord'",0.02,0.05,200028,bm04990.dat,10.19,1.237,-0.059,up
vol4,e387_tf_lft.txt,E387 (E),e387,Y. Tinel,tripped,"'u.s.t. located at 2% chord, l.s.t. located at 5% chord'",0.02,0.05,200028,bm04990.dat,11.14,1.236,-0.0549,up
vol4,e387_tf_lft.txt,E387 (E),e387,Y. Tinel,tripped,"'u.s.t. located at 2% chord, l.s.t. located at 5% chord'",0.02,0.05,200028,bm04990.dat,12.17,1.24,-0.0539,up
vol4,e387_tf_lft.txt,E387 (E),e387,Y. Tinel,tripped,"'u.s.t. located at 2% chord, l.s.t. located at 5% chord'",0.02,0.05,200028,bm04990.dat,13.17,1.237,-0.0564,up
vol4,e387_tf_lft.txt,E387 (E),e387,Y. Tinel,tripped,"'u.s.t. located at 2% chord, l.s.t. located at 5% chord'",0.02,0.05,200028,bm04990.dat,14.19,1.225,-0.0627,up
vol4,e387_tf_lft.txt,E387 (E),e387,Y. Tinel,tripped,"'u.s.t. located at 2% chord, l.s.t. located at 5% chord'",0.02,0.05,200028,bm04990.dat,15.05,1.216,-0.1529,up
vol4,e387_tf_lft.txt,E387 (E),e387,Y. Tinel,tripped,"'u.s.t. located at 2% chord, l.s.t. located at 5% chord'",0.02,0.05,200028,bm04990.dat,16.04,1.11,-0.166,up
vol4,e387_tf_lft.txt,E387 (E),e387,Y. Tinel,tripped,"'u.s.t. located at 2% chord, l.s.t. located at 5% chord'",0.02,0.05,200028,bm04990.dat,17.03,1.081,-0.1718,up
vol4,e387_tf_lft.txt,E387 (E),e387,Y. Tinel,tripped,"'u.s.t. located at 2% chord, l.s.t. located at 5% chord'",0.02,0.05,200028,bm04990.dat,18.0,1.047,-0.1726,up
vol4,e387_tf_lft.txt,E387 (E),e387,Y. Tinel,tripped,"'u.s.t. located at 2% chord, l.s.t. located at 5% chord'",0.02,0.05,200028,bm04990.dat,18.97,1.04,-0.1741,up
vol4,e387_tf_lft.txt,E387 (E),e387,Y. Tinel,tripped,"'u.s.t. located at 2% chord, l.s.t. located at 5% chord'",0.02,0.05,200028,bm04990.dat,19.98,1.035,-0.1751,up
vol4,e387_tf_lft.txt,E387 (E),e387,Y. Tinel,tripped,"'u.s.t. located at 2% chord, l.s.t. located at 5% chord'",0.02,0.05,200028,bm04990.dat,19.42,1.032,-0.1784,down
vol4,e387_tf_lft.txt,E387 (E),e387,Y. Tinel,tripped,"'u.s.t. located at 2% chord, l.s.t. located at 5% chord'",0.02,0.05,200028,bm04990.dat,18.49,1.063,-0.1777,down
vol4,e387_tf_lft.txt,E387 (E),e387,Y. Tinel,tripped,"'u.s.t. located at 2% chord, l.s.t. located at 5% chord'",0.02,0.05,200028,bm04990.dat,17.51,1.08,-0.1785,down
vol4,e387_tf_lft.txt,E387 (E),e387,Y. Tinel,tripped,"'u.s.t. located at 2% chord, l.s.t. located at 5% chord'",0.02,0.05,200028,bm04990.dat,16.55,1.127,-0.178,down
vol4,e387_tf_lft.txt,E387 (E),e387,Y. Tinel,tripped,"'u.s.t. located at 2% chord, l.s.t. located at 5% chord'",0.02,0.05,200028,bm04990.dat,15.57,1.177,-0.1614,down
vol4,e387_tf_lft.txt,E387 (E),e387,Y. Tinel,tripped,"'u.s.t. located at 2% chord, l.s.t. located at 5% chord'",0.02,0.05,200028,bm04990.dat,14.63,1.238,-0.105,down
vol4,e387_tf_lft.txt,E387 (E),e387,Y. Tinel,tripped,"'u.s.t. located at 2% chord, l.s.t. located at 5% chord'",0.02,0.05,200028,bm04990.dat,13.65,1.223,-0.0592,down
vol4,e387_tf_lft.txt,E387 (E),e387,Y. Tinel,tripped,"'u.s.t. located at 2% chord, l.s.t. located at 5% chord'",0.02,0.05,200028,bm04990.dat,12.6,1.23,-0.0556,down
vol4,e387_tf_lft.txt,E387 (E),e387,Y. Tinel,tripped,"'u.s.t. located at 2% chord, l.s.t. located at 5% chord'",0.02,0.05,200028,bm04990.dat,11.64,1.237,-0.056,down
vol4,e387_tf_lft.txt,E387 (E),e387,Y. Tinel,tripped,"'u.s.t. located at 2% chord, l.s.t. located at 5% chord'",0.02,0.05,200028,bm04990.dat,10.63,1.24,-0.0578,down
vol4,e387_tf_lft.txt,E387 (E),e387,Y. Tinel,tripped,"'u.s.t. located at 2% chord, l.s.t. located at 5% chord'",0.02,0.05,200028,bm04990.dat,9.66,1.213,-0.063,down
vol4,e387_tf_lft.txt,E387 (E),e387,Y. Tinel,tripped,"'u.s.t. located at 2% chord, l.s.t. located at 5% chord'",0.02,0.05,200028,bm04990.dat,8.56,1.138,-0.0661,down
vol4,e387_tf_lft.txt,E387 (E),e387,Y. Tinel,tripped,"'u.s.t. located at 2% chord, l.s.t. located at 5% chord'",0.02,0.05,200028,bm04990.dat,7.57,1.06,-0.0698,down
vol4,e387_tf_lft.txt,E387 (E),e387,Y. Tinel,tripped,"'u.s.t. located at 2% chord, l.s.t. located at 5% chord'",0.02,0.05,200028,bm04990.dat,6.57,0.968,-0.0714,down
vol4,e387_tf_lft.txt,E387 (E),e387,Y. Tinel,tripped,"'u.s.t. located at 2% chord, l.s.t. located at 5% chord'",0.02,0.05,200028,bm04990.dat,5.62,0.88,-0.0726,down
vol4,e387_tf_lft.txt,E387 (E),e387,Y. Tinel,tripped,"'u.s.t. located at 2% chord, l.s.t. located at 5% chord'",0.02,0.05,200028,bm04990.dat,4.52,0.78,-0.0746,down
vol4,e387_tf_lft.txt,E387 (E),e387,Y. Tinel,tripped,"'u.s.t. located at 2% chord, l.s.t. located at 5% chord'",0.02,0.05,200028,bm04990.dat,3.5,0.687,-0.0753,down
vol4,e387_tf_lft.txt,E387 (E),e387,Y. Tinel,tripped,"'u.s.t. located at 2% chord, l.s.t. located at 5% chord'",0.02,0.05,200028,bm04990.dat,2.46,0.596,-0.0773,down
vol4,e387_tf_lft.txt,E387 (E),e387,Y. Tinel,tripped,"'u.s.t. located at 2% chord, l.s.t. located at 5% chord'",0.02,0.05,200028,bm04990.dat,1.47,0.507,-0.0786,down
vol4,e387_tf_lft.txt,E387 (E),e387,Y. Tinel,tripped,"'u.s.t. located at 2% chord, l.s.t. located at 5% chord'",0.02,0.05,200028,bm04990.dat,0.46,0.413,-0.0842,down
vol4,e387_tf_lft.txt,E387 (E),e387,Y. Tinel,tripped,"'u.s.t. located at 2% chord, l.s.t. located at 5% chord'",0.02,0.05,200028,bm04990.dat,-0.59,0.311,-0.0844,down
vol4,e387_tf_lft.txt,E387 (E),e387,Y. Tinel,tripped,"'u.s.t. located at 2% chord, l.s.t. located at 5% chord'",0.02,0.05,200028,bm04990.dat,-1.63,0.208,-0.0879,down
vol4,e387_tf_lft.txt,E387 (E),e387,Y. Tinel,tripped,"'u.s.t. located at 2% chord, l.s.t. located at 5% chord'",0.02,0.05,200028,bm04990.dat,-2.71,0.107,-0.0862,down
vol4,e387_tf_lft.txt,E387 (E),e387,Y. Tinel,tripped,"'u.s.t. located at 2% chord, l.s.t. located at 5% chord'",0.02,0.05,200028,bm04990.dat,-3.65,0.018,-0.0878,down
vol4,e387_tf_lft.txt,E387 (E),e387,Y. Tinel,tripped,"'u.s.t. located at 2% chord, l.s.t. located at 5% chord'",0.02,0.05,200028,bm04990.dat,-4.76,-0.09,-0.089,down
vol4,e387_tf_lft.txt,E387 (E),e387,Y. Tinel,tripped,"'u.s.t. located at 2% chord, l.s.t. located at 5% chord'",0.02,0.05,200028,bm04990.dat,-5.75,-0.27,-0.055,down
vol4,e387_tf_lft.txt,E387 (E),e387,Y. Tinel,tripped,"'u.s.t. located at 2% chord, l.s.t. located at 5% chord'",0.02,0.05,200028,bm04990.dat,-6.69,-0.401,-0.0097,down
vol4,e387_tf_lft.txt,E387 (E),e387,Y. Tinel,tripped,"'u.s.t. located at 2% chord, l.s.t. located at 5% chord'",0.02,0.05,200028,bm04990.dat,-7.68,-0.454,0.0186,down
vol4,e387_tf_lft.txt,E387 (E),e387,Y. Tinel,tripped,"'u.s.t. located at 2% chord, l.s.t. located at 5% chord'",0.02,0.05,200028,bm04990.dat,-8.65,-0.47,0.0344,down
vol4,e387_tf_lft.txt,E387 (E),e387,Y. Tinel,tripped,"'u.s.t. located at 2% chord, l.s.t. located at 5% chord'",0.02,0.05,200028,bm04990.dat,-9.66,-0.469,0.0422,down
vol4,e387_tf_lft.txt,E387 (E),e387,Y. Tinel,tripped,"'u.s.t. located at 2% chord, l.s.t. located at 5% chord'",0.02,0.05,350084,bm04992.dat,-8.18,-0.487,0.0256,up
vol4,e387_tf_lft.txt,E387 (E),e387,Y. Tinel,tripped,"'u.s.t. located at 2% chord, l.s.t. located at 5% chord'",0.02,0.05,350084,bm04992.dat,-7.22,-0.435,0.0009,up
vol4,e387_tf_lft.txt,E387 (E),e387,Y. Tinel,tripped,"'u.s.t. located at 2% chord, l.s.t. located at 5% chord'",0.02,0.05,350084,bm04992.dat,-6.21,-0.317,-0.0466,up
vol4,e387_tf_lft.txt,E387 (E),e387,Y. Tinel,tripped,"'u.s.t. located at 2% chord, l.s.t. located at 5% chord'",0.02,0.05,350084,bm04992.dat,-5.19,-0.161,-0.0805,up
vol4,e387_tf_lft.txt,E387 (E),e387,Y. Tinel,tripped,"'u.s.t. located at 2% chord, l.s.t. located at 5% chord'",0.02,0.05,350084,bm04992.dat,-4.14,-0.049,-0.0831,up
vol4,e387_tf_lft.txt,E387 (E),e387,Y. Tinel,tripped,"'u.s.t. located at 2% chord, l.s.t. located at 5% chord'",0.02,0.05,350084,bm04992.dat,-3.19,0.048,-0.0825,up
vol4,e387_tf_lft.txt,E387 (E),e387,Y. Tinel,tripped,"'u.s.t. located at 2% chord, l.s.t. located at 5% chord'",0.02,0.05,350084,bm04992.dat,-2.15,0.153,-0.0819,up
vol4,e387_tf_lft.txt,E387 (E),e387,Y. Tinel,tripped,"'u.s.t. located at 2% chord, l.s.t. located at 5% chord'",0.02,0.05,350084,bm04992.dat,-1.14,0.249,-0.0808,up
vol4,e387_tf_lft.txt,E387 (E),e387,Y. Tinel,tripped,"'u.s.t. located at 2% chord, l.s.t. located at 5% chord'",0.02,0.05,350084,bm04992.dat,-0.08,0.351,-0.0797,up
vol4,e387_tf_lft.txt,E387 (E),e387,Y. Tinel,tripped,"'u.s.t. located at 2% chord, l.s.t. located at 5% chord'",0.02,0.05,350084,bm04992.dat,0.94,0.451,-0.079,up
vol4,e387_tf_lft.txt,E387 (E),e387,Y. Tinel,tripped,"'u.s.t. located at 2% chord, l.s.t. located at 5% chord'",0.02,0.05,350084,bm04992.dat,1.99,0.556,-0.0785,up
vol4,e387_tf_lft.txt,E387 (E),e387,Y. Tinel,tripped,"'u.s.t. located at 2% chord, l.s.t. located at 5% chord'",0.02,0.05,350084,bm04992.dat,3.02,0.664,-0.0778,up
vol4,e387_tf_lft.txt,E387 (E),e387,Y. Tinel,tripped,"'u.s.t. located at 2% chord, l.s.t. located at 5% chord'",0.02,0.05,350084,bm04992.dat,4.08,0.769,-0.0768,up
vol4,e387_tf_lft.txt,E387 (E),e387,Y. Tinel,tripped,"'u.s.t. located at 2% chord, l.s.t. located at 5% chord'",0.02,0.05,350084,bm04992.dat,5.04,0.862,-0.0755,up
vol4,e387_tf_lft.txt,E387 (E),e387,Y. Tinel,tripped,"'u.s.t. located at 2% chord, l.s.t. located at 5% chord'",0.02,0.05,350084,bm04992.dat,6.1,0.963,-0.074,up
vol4,e387_tf_lft.txt,E387 (E),e387,Y. Tinel,tripped,"'u.s.t. located at 2% chord, l.s.t. located at 5% chord'",0.02,0.05,350084,bm04992.dat,7.1,1.047,-0.0711,up
vol4,e387_tf_lft.txt,E387 (E),e387,Y. Tinel,tripped,"'u.s.t. located at 2% chord, l.s.t. located at 5% chord'",0.02,0.05,350084,bm04992.dat,8.18,1.142,-0.0687,up
vol4,e387_tf_lft.txt,E387 (E),e387,Y. Tinel,tripped,"'u.s.t. located at 2% chord, l.s.t. located at 5% chord'",0.02,0.05,350084,bm04992.dat,9.11,1.205,-0.065,up
vol4,e387_tf_lft.txt,E387 (E),e387,Y. Tinel,tripped,"'u.s.t. located at 2% chord, l.s.t. located at 5% chord'",0.02,0.05,350084,bm04992.dat,10.16,1.26,-0.0604,up
vol4,e387_tf_lft.txt,E387 (E),e387,Y. Tinel,tripped,"'u.s.t. located at 2% chord, l.s.t. located at 5% chord'",0.02,0.05,350084,bm04992.dat,11.15,1.274,-0.0587,up
vol4,e387_tf_lft.txt,E387 (E),e387,Y. Tinel,tripped,"'u.s.t. located at 2% chord, l.s.t. located at 5% chord'",0.02,0.05,350084,bm04992.dat,12.13,1.279,-0.0625,up
vol4,e387_tf_lft.txt,E387 (E),e387,Y. Tinel,tripped,"'u.s.t. located at 2% chord, l.s.t. located at 5% chord'",0.02,0.05,350084,bm04992.dat,13.15,1.269,-0.0667,up
vol4,e387_tf_lft.txt,E387 (E),e387,Y. Tinel,tripped,"'u.s.t. located at 2% chord, l.s.t. located at 5% chord'",0.02,0.05,350084,bm04992.dat,14.15,1.262,-0.0748,up
vol4,e387_tf_lft.txt,E387 (E),e387,Y. Tinel,tripped,"'u.s.t. located at 2% chord, l.s.t. located at 5% chord'",0.02,0.05,350084,bm04992.dat,15.19,1.249,-0.0834,up
vol4,e387_tf_lft.txt,E387 (E),e387,Y. Tinel,tripped,"'u.s.t. located at 2% chord, l.s.t. located at 5% chord'",0.02,0.05,350084,bm04992.dat,14.66,1.254,-0.0786,down
vol4,e387_tf_lft.txt,E387 (E),e387,Y. Tinel,tripped,"'u.s.t. located at 2% chord, l.s.t. located at 5% chord'",0.02,0.05,350084,bm04992.dat,13.66,1.275,-0.071,down
vol4,e387_tf_lft.txt,E387 (E),e387,Y. Tinel,tripped,"'u.s.t. located at 2% chord, l.s.t. located at 5% chord'",0.02,0.05,350084,bm04992.dat,12.64,1.275,-0.0648,down
vol4,e387_tf_lft.txt,E387 (E),e387,Y. Tinel,tripped,"'u.s.t. located at 2% chord, l.s.t. located at 5% chord'",0.02,0.05,350084,bm04992.dat,11.66,1.287,-0.0611,down
vol4,e387_tf_lft.txt,E387 (E),e387,Y. Tinel,tripped,"'u.s.t. located at 2% chord, l.s.t. located at 5% chord'",0.02,0.05,350084,bm04992.dat,10.61,1.275,-0.058,down
vol4,e387_tf_lft.txt,E387 (E),e387,Y. Tinel,tripped,"'u.s.t. located at 2% chord, l.s.t. located at 5% chord'",0.02,0.05,350084,bm04992.dat,9.61,1.236,-0.0629,down
vol4,e387_tf_lft.txt,E387 (E),e387,Y. Tinel,tripped,"'u.s.t. located at 2% chord, l.s.t. located at 5% chord'",0.02,0.05,350084,bm04992.dat,8.63,1.179,-0.0671,down
vol4,e387_tf_lft.txt,E387 (E),e387,Y. Tinel,tripped,"'u.s.t. located at 2% chord, l.s.t. located at 5% chord'",0.02,0.05,350084,bm04992.dat,7.63,1.092,-0.0699,down
vol4,e387_tf_lft.txt,E387 (E),e387,Y. Tinel,tripped,"'u.s.t. located at 2% chord, l.s.t. located at 5% chord'",0.02,0.05,350084,bm04992.dat,6.58,1.003,-0.0727,down
vol4,e387_tf_lft.txt,E387 (E),e387,Y. Tinel,tripped,"'u.s.t. located at 2% chord, l.s.t. located at 5% chord'",0.02,0.05,350084,bm04992.dat,5.57,0.909,-0.075,down
vol4,e387_tf_lft.txt,E387 (E),e387,Y. Tinel,tripped,"'u.s.t. located at 2% chord, l.s.t. located at 5% chord'",0.02,0.05,350084,bm04992.dat,4.5,0.809,-0.0768,down
vol4,e387_tf_lft.txt,E387 (E),e387,Y. Tinel,tripped,"'u.s.t. located at 2% chord, l.s.t. located at 5% chord'",0.02,0.05,350084,bm04992.dat,3.52,0.71,-0.0783,down
vol4,e387_tf_lft.txt,E387 (E),e387,Y. Tinel,tripped,"'u.s.t. located at 2% chord, l.s.t. located at 5% chord'",0.02,0.05,350084,bm04992.dat,2.44,0.605,-0.0791,down
vol4,e387_tf_lft.txt,E387 (E),e387,Y. Tinel,tripped,"'u.s.t. located at 2% chord, l.s.t. located at 5% chord'",0.02,0.05,350084,bm04992.dat,1.46,0.502,-0.0798,down
vol4,e387_tf_lft.txt,E387 (E),e387,Y. Tinel,tripped,"'u.s.t. located at 2% chord, l.s.t. located at 5% chord'",0.02,0.05,350084,bm04992.dat,0.42,0.397,-0.0804,down
vol4,e387_tf_lft.txt,E387 (E),e387,Y. Tinel,tripped,"'u.s.t. located at 2% chord, l.s.t. located at 5% chord'",0.02,0.05,350084,bm04992.dat,-0.61,0.296,-0.0806,down
vol4,e387_tf_lft.txt,E387 (E),e387,Y. Tinel,tripped,"'u.s.t. located at 2% chord, l.s.t. located at 5% chord'",0.02,0.05,350084,bm04992.dat,-1.61,0.208,-0.0826,down
vol4,e387_tf_lft.txt,E387 (E),e387,Y. Tinel,tripped,"'u.s.t. located at 2% chord, l.s.t. located at 5% chord'",0.02,0.05,350084,bm04992.dat,-2.66,0.099,-0.0835,down
vol4,e387_tf_lft.txt,E387 (E),e387,Y. Tinel,tripped,"'u.s.t. located at 2% chord, l.s.t. located at 5% chord'",0.02,0.05,350084,bm04992.dat,-3.7,-0.007,-0.0839,down
vol4,e387_tf_lft.txt,E387 (E),e387,Y. Tinel,tripped,"'u.s.t. located at 2% chord, l.s.t. located at 5% chord'",0.02,0.05,350084,bm04992.dat,-4.73,-0.104,-0.0844,down
vol4,e387_tf_lft.txt,E387 (E),e387,Y. Tinel,tripped,"'u.s.t. located at 2% chord, l.s.t. located at 5% chord'",0.02,0.05,350084,bm04992.dat,-5.73,-0.236,-0.0689,down
vol4,e387_tf_lft.txt,E387 (E),e387,Y. Tinel,tripped,"'u.s.t. located at 2% chord, l.s.t. located at 5% chord'",0.02,0.05,350084,bm04992.dat,-6.69,-0.382,-0.024,down
vol4,e387_tf_lft.txt,E387 (E),e387,Y. Tinel,tripped,"'u.s.t. located at 2% chord, l.s.t. located at 5% chord'",0.02,0.05,350084,bm04992.dat,-7.68,-0.46,0.0131,down
vol4,e387_tf_lft.txt,E387 (E),e387,Y. Tinel,tripped,"'u.s.t. located at 2% chord, l.s.t. located at 5% chord'",0.02,0.05,349956,bm05120.dat,10.25,1.27,-0.0204,up
vol4,e387_tf_lft.txt,E387 (E),e387,Y. Tinel,tripped,"'u.s.t. located at 2% chord, l.s.t. located at 5% chord'",0.02,0.05,349956,bm05120.dat,11.27,1.285,-0.0207,up
vol4,e387_tf_lft.txt,E387 (E),e387,Y. Tinel,tripped,"'u.s.t. located at 2% chord, l.s.t. located at 5% chord'",0.02,0.05,349956,bm05120.dat,12.29,1.281,-0.0206,up
vol4,e387_tf_lft.txt,E387 (E),e387,Y. Tinel,tripped,"'u.s.t. located at 2% chord, l.s.t. located at 5% chord'",0.02,0.05,349956,bm05120.dat,13.22,1.28,-0.0206,up
vol4,e387_tf_lft.txt,E387 (E),e387,Y. Tinel,tripped,"'u.s.t. located at 2% chord, l.s.t. located at 5% chord'",0.02,0.05,349956,bm05120.dat,14.18,1.278,-0.0205,up
vol4,e387_tf_lft.txt,E387 (E),e387,Y. Tinel,tripped,"'u.s.t. located at 2% chord, l.s.t. located at 5% chord'",0.02,0.05,349956,bm05120.dat,15.23,1.259,-0.0202,up
vol4,e387_tf_lft.txt,E387 (E),e387,Y. Tinel,tripped,"'u.s.t. located at 2% chord, l.s.t. located at 5% chord'",0.02,0.05,349956,bm05120.dat,16.22,1.197,-0.0193,up
vol4,e387_tf_lft.txt,E387 (E),e387,Y. Tinel,tripped,"'u.s.t. located at 2% chord, l.s.t. located at 5% chord'",0.02,0.05,349956,bm05120.dat,17.17,1.151,-0.0185,up
vol4,e387_tf_lft.txt,E387 (E),e387,Y. Tinel,tripped,"'u.s.t. located at 2% chord, l.s.t. located at 5% chord'",0.02,0.05,349956,bm05120.dat,18.21,1.061,-0.0171,up
vol4,e387_tf_lft.txt,E387 (E),e387,Y. Tinel,tripped,"'u.s.t. located at 2% chord, l.s.t. located at 5% chord'",0.02,0.05,349956,bm05120.dat,19.18,1.049,-0.0169,up
vol4,e387_tf_lft.txt,E387 (E),e387,Y. Tinel,tripped,"'u.s.t. located at 2% chord, l.s.t. located at 5% chord'",0.02,0.05,349956,bm05120.dat,20.13,1.054,-0.0169,up
vol4,e387_tf_lft.txt,E387 (E),e387,Y. Tinel,tripped,"'u.s.t. located at 2% chord, l.s.t. located at 5% chord'",0.02,0.05,349956,bm05120.dat,19.66,1.056,-0.017,down
vol4,e387_tf_lft.txt,E387 (E),e387,Y. Tinel,tripped,"'u.s.t. located at 2% chord, l.s.t. located at 5% chord'",0.02,0.05,349956,bm05120.dat,18.66,1.058,-0.017,down
vol4,e387_tf_lft.txt,E387 (E),e387,Y. Tinel,tripped,"'u.s.t. located at 2% chord, l.s.t. located at 5% chord'",0.02,0.05,349956,bm05120.dat,17.63,1.12,-0.018,down
vol4,e387_tf_lft.txt,E387 (E),e387,Y. Tinel,tripped,"'u.s.t. located at 2% chord, l.s.t. located at 5% chord'",0.02,0.05,349956,bm05120.dat,16.57,1.192,-0.0192,down
vol4,e387_tf_lft.txt,E387 (E),e387,Y. Tinel,tripped,"'u.s.t. located at 2% chord, l.s.t. located at 5% chord'",0.02,0.05,349956,bm05120.dat,15.62,1.258,-0.0202,down
vol4,e387_tf_lft.txt,E387 (E),e387,Y. Tinel,tripped,"'u.s.t. located at 2% chord, l.s.t. located at 5% chord'",0.02,0.05,349956,bm05120.dat,14.6,1.27,-0.0204,down
vol4,e387_tf_lft.txt,E387 (E),e387,Y. Tinel,tripped,"'u.s.t. located at 2% chord, l.s.t. located at 5% chord'",0.02,0.05,349956,bm05120.dat,13.81,1.28,-0.0206,down
vol4,e387_tf_lft.txt,E387 (E),e387,Y. Tinel,tripped,"'u.s.t. located at 2% chord, l.s.t. located at 5% chord'",0.02,0.05,349956,bm05120.dat,12.81,1.281,-0.0206,down
vol4,e387_tf_lft.txt,E387 (E),e387,Y. Tinel,tripped,"'u.s.t. located at 2% chord, l.s.t. located at 5% chord'",0.02,0.05,349956,bm05120.dat,11.74,1.278,-0.0205,down
vol4,e387_tf_lft.txt,E387 (E),e387,Y. Tinel,tripped,"'u.s.t. located at 2% chord, l.s.t. located at 5% chord'",0.02,0.05,349956,bm05120.dat,10.7,1.281,-0.0206,down
vol4,e387_tf_lft.txt,E387 (E),e387,Y. Tinel,tripped,"'u.s.t. located at 2% chord, l.s.t. located at 5% chord'",0.02,0.05,499933,bm04994.dat,-7.81,-0.484,0.0165,up
vol4,e387_tf_lft.txt,E387 (E),e387,Y. Tinel,tripped,"'u.s.t. located at 2% chord, l.s.t. located at 5% chord'",0.02,0.05,499933,bm04994.dat,-6.21,-0.313,-0.0495,up
vol4,e387_tf_lft.txt,E387 (E),e387,Y. Tinel,tripped,"'u.s.t. located at 2% chord, l.s.t. located at 5% chord'",0.02,0.05,499933,bm04994.dat,-5.19,-0.171,-0.0784,up
vol4,e387_tf_lft.txt,E387 (E),e387,Y. Tinel,tripped,"'u.s.t. located at 2% chord, l.s.t. located at 5% chord'",0.02,0.05,499933,bm04994.dat,-4.16,-0.054,-0.0807,up
vol4,e387_tf_lft.txt,E387 (E),e387,Y. Tinel,tripped,"'u.s.t. located at 2% chord, l.s.t. located at 5% chord'",0.02,0.05,499933,bm04994.dat,-3.16,0.048,-0.0803,up
vol4,e387_tf_lft.txt,E387 (E),e387,Y. Tinel,tripped,"'u.s.t. located at 2% chord, l.s.t. located at 5% chord'",0.02,0.05,499933,bm04994.dat,-2.13,0.15,-0.0799,up
vol4,e387_tf_lft.txt,E387 (E),e387,Y. Tinel,tripped,"'u.s.t. located at 2% chord, l.s.t. located at 5% chord'",0.02,0.05,499933,bm04994.dat,-1.12,0.247,-0.0792,up
vol4,e387_tf_lft.txt,E387 (E),e387,Y. Tinel,tripped,"'u.s.t. located at 2% chord, l.s.t. located at 5% chord'",0.02,0.05,499933,bm04994.dat,-0.06,0.36,-0.0789,up
vol4,e387_tf_lft.txt,E387 (E),e387,Y. Tinel,tripped,"'u.s.t. located at 2% chord, l.s.t. located at 5% chord'",0.02,0.05,499933,bm04994.dat,0.97,0.459,-0.0774,up
vol4,e387_tf_lft.txt,E387 (E),e387,Y. Tinel,tripped,"'u.s.t. located at 2% chord, l.s.t. located at 5% chord'",0.02,0.05,499933,bm04994.dat,1.98,0.57,-0.077,up
vol4,e387_tf_lft.txt,E387 (E),e387,Y. Tinel,tripped,"'u.s.t. located at 2% chord, l.s.t. located at 5% chord'",0.02,0.05,499933,bm04994.dat,3.03,0.677,-0.0765,up
vol4,e387_tf_lft.txt,E387 (E),e387,Y. Tinel,tripped,"'u.s.t. located at 2% chord, l.s.t. located at 5% chord'",0.02,0.05,499933,bm04994.dat,4.0,0.774,-0.0752,up
vol4,e387_tf_lft.txt,E387 (E),e387,Y. Tinel,tripped,"'u.s.t. located at 2% chord, l.s.t. located at 5% chord'",0.02,0.05,499933,bm04994.dat,5.04,0.877,-0.074,up
vol4,e387_tf_lft.txt,E387 (E),e387,Y. Tinel,tripped,"'u.s.t. located at 2% chord, l.s.t. located at 5% chord'",0.02,0.05,499933,bm04994.dat,6.1,0.97,-0.072,up
vol4,e387_tf_lft.txt,E387 (E),e387,Y. Tinel,tripped,"'u.s.t. located at 2% chord, l.s.t. located at 5% chord'",0.02,0.05,499933,bm04994.dat,7.11,1.056,-0.0701,up
vol4,e387_tf_lft.txt,E387 (E),e387,Y. Tinel,tripped,"'u.s.t. located at 2% chord, l.s.t. located at 5% chord'",0.02,0.05,499933,bm04994.dat,8.07,1.149,-0.0681,up
vol4,e387_tf_lft.txt,E387 (E),e387,Y. Tinel,tripped,"'u.s.t. located at 2% chord, l.s.t. located at 5% chord'",0.02,0.05,499933,bm04994.dat,9.18,1.216,-0.0642,up
vol4,e387_tf_lft.txt,E387 (E),e387,Y. Tinel,tripped,"'u.s.t. located at 2% chord, l.s.t. located at 5% chord'",0.02,0.05,499933,bm04994.dat,10.12,1.239,-0.0597,up
vol4,e387_tf_lft.txt,E387 (E),e387,Y. Tinel,tripped,"'u.s.t. located at 2% chord, l.s.t. located at 5% chord'",0.02,0.05,499933,bm04994.dat,11.15,1.235,-0.0608,up
vol4,e387_tf_lft.txt,E387 (E),e387,Y. Tinel,tripped,"'u.s.t. located at 2% chord, l.s.t. located at 5% chord'",0.02,0.05,499933,bm04994.dat,12.17,1.247,-0.0633,up
vol4,e387_tf_lft.txt,E387 (E),e387,Y. Tinel,tripped,"'u.s.t. located at 2% chord, l.s.t. located at 5% chord'",0.02,0.05,499933,bm04994.dat,13.13,1.246,-0.0702,up
vol4,e387_tf_lft.txt,E387 (E),e387,Y. Tinel,tripped,"'u.s.t. located at 2% chord, l.s.t. located at 5% chord'",0.02,0.05,499933,bm04994.dat,14.12,1.24,-0.0807,up
vol4,e387_tf_lft.txt,E387 (E),e387,Y. Tinel,tripped,"'u.s.t. located at 2% chord, l.s.t. located at 5% chord'",0.02,0.05,499933,bm04994.dat,13.62,1.251,-0.0758,down
vol4,e387_tf_lft.txt,E387 (E),e387,Y. Tinel,tripped,"'u.s.t. located at 2% chord, l.s.t. located at 5% chord'",0.02,0.05,499933,bm04994.dat,12.66,1.246,-0.0679,down
vol4,e387_tf_lft.txt,E387 (E),e387,Y. Tinel,tripped,"'u.s.t. located at 2% chord, l.s.t. located at 5% chord'",0.02,0.05,499933,bm04994.dat,11.61,1.245,-0.0629,down
vol4,e387_tf_lft.txt,E387 (E),e387,Y. Tinel,tripped,"'u.s.t. located at 2% chord, l.s.t. located at 5% chord'",0.02,0.05,499933,bm04994.dat,10.65,1.24,-0.0599,down
vol4,e387_tf_lft.txt,E387 (E),e387,Y. Tinel,tripped,"'u.s.t. located at 2% chord, l.s.t. located at 5% chord'",0.02,0.05,499933,bm04994.dat,9.6,1.233,-0.0612,down
vol4,e387_tf_lft.txt,E387 (E),e387,Y. Tinel,tripped,"'u.s.t. located at 2% chord, l.s.t. located at 5% chord'",0.02,0.05,499933,bm04994.dat,8.62,1.183,-0.0657,down
vol4,e387_tf_lft.txt,E387 (E),e387,Y. Tinel,tripped,"'u.s.t. located at 2% chord, l.s.t. located at 5% chord'",0.02,0.05,499933,bm04994.dat,7.6,1.102,-0.0684,down
vol4,e387_tf_lft.txt,E387 (E),e387,Y. Tinel,tripped,"'u.s.t. located at 2% chord, l.s.t. located at 5% chord'",0.02,0.05,499933,bm04994.dat,6.56,1.014,-0.071,down
vol4,e387_tf_lft.txt,E387 (E),e387,Y. Tinel,tripped,"'u.s.t. located at 2% chord, l.s.t. located at 5% chord'",0.02,0.05,499933,bm04994.dat,5.53,0.922,-0.0729,down
vol4,e387_tf_lft.txt,E387 (E),e387,Y. Tinel,tripped,"'u.s.t. located at 2% chord, l.s.t. located at 5% chord'",0.02,0.05,499933,bm04994.dat,4.53,0.827,-0.0745,down
vol4,e387_tf_lft.txt,E387 (E),e387,Y. Tinel,tripped,"'u.s.t. located at 2% chord, l.s.t. located at 5% chord'",0.02,0.05,499933,bm04994.dat,3.55,0.732,-0.0754,down
vol4,e387_tf_lft.txt,E387 (E),e387,Y. Tinel,tripped,"'u.s.t. located at 2% chord, l.s.t. located at 5% chord'",0.02,0.05,499933,bm04994.dat,2.47,0.62,-0.0767,down
vol4,e387_tf_lft.txt,E387 (E),e387,Y. Tinel,tripped,"'u.s.t. located at 2% chord, l.s.t. located at 5% chord'",0.02,0.05,499933,bm04994.dat,1.43,0.516,-0.0775,down
vol4,e387_tf_lft.txt,E387 (E),e387,Y. Tinel,tripped,"'u.s.t. located at 2% chord, l.s.t. located at 5% chord'",0.02,0.05,499933,bm04994.dat,0.39,0.407,-0.0785,down
vol4,e387_tf_lft.txt,E387 (E),e387,Y. Tinel,tripped,"'u.s.t. located at 2% chord, l.s.t. located at 5% chord'",0.02,0.05,499933,bm04994.dat,-0.58,0.305,-0.0793,down
vol4,e387_tf_lft.txt,E387 (E),e387,Y. Tinel,tripped,"'u.s.t. located at 2% chord, l.s.t. located at 5% chord'",0.02,0.05,499933,bm04994.dat,-1.64,0.196,-0.0797,down
vol4,e387_tf_lft.txt,E387 (E),e387,Y. Tinel,tripped,"'u.s.t. located at 2% chord, l.s.t. located at 5% chord'",0.02,0.05,499933,bm04994.dat,-2.62,0.101,-0.0805,down
vol4,e387_tf_lft.txt,E387 (E),e387,Y. Tinel,tripped,"'u.s.t. located at 2% chord, l.s.t. located at 5% chord'",0.02,0.05,499933,bm04994.dat,-3.7,-0.01,-0.0802,down
vol4,e387_tf_lft.txt,E387 (E),e387,Y. Tinel,tripped,"'u.s.t. located at 2% chord, l.s.t. located at 5% chord'",0.02,0.05,499933,bm04994.dat,-4.73,-0.107,-0.0816,down
vol4,e387_tf_lft.txt,E387 (E),e387,Y. Tinel,tripped,"'u.s.t. located at 2% chord, l.s.t. located at 5% chord'",0.02,0.05,499933,bm04994.dat,-5.69,-0.232,-0.0694,down
vol4,e387_tf_lft.txt,E387 (E),e387,Y. Tinel,tripped,"'u.s.t. located at 2% chord, l.s.t. located at 5% chord'",0.02,0.05,499933,bm04994.dat,-6.72,-0.372,-0.0292,down
vol4,fx63137_c_lft.txt,FX 63-137 (C),fx63137,Y. Tinel,clean,clean,,,100019,bm04996.dat,-10.08,-0.223,-0.0207,up
vol4,fx63137_c_lft.txt,FX 63-137 (C),fx63137,Y. Tinel,clean,clean,,,100019,bm04996.dat,-9.04,-0.26,-0.0079,up
vol4,fx63137_c_lft.txt,FX 63-137 (C),fx63137,Y. Tinel,clean,clean,,,100019,bm04996.dat,-8.07,-0.317,0.0005,up
vol4,fx63137_c_lft.txt,FX 63-137 (C),fx63137,Y. Tinel,clean,clean,,,100019,bm04996.dat,-7.08,-0.328,-0.012,up
vol4,fx63137_c_lft.txt,FX 63-137 (C),fx63137,Y. Tinel,clean,clean,,,100019,bm04996.dat,-6.1,-0.304,-0.0281,up
vol4,fx63137_c_lft.txt,FX 63-137 (C),fx63137,Y. Tinel,clean,clean,,,100019,bm04996.dat,-5.11,0.013,-0.1463,up
vol4,fx63137_c_lft.txt,FX 63-137 (C),fx63137,Y. Tinel,clean,clean,,,100019,bm04996.dat,-4.14,0.134,-0.1707,up
vol4,fx63137_c_lft.txt,FX 63-137 (C),fx63137,Y. Tinel,clean,clean,,,100019,bm04996.dat,-3.12,0.263,-0.1764,up
vol4,fx63137_c_lft.txt,FX 63-137 (C),fx63137,Y. Tinel,clean,clean,,,100019,bm04996.dat,-2.04,0.391,-0.1885,up
vol4,fx63137_c_lft.txt,FX 63-137 (C),fx63137,Y. Tinel,clean,clean,,,100019,bm04996.dat,-1.05,0.466,-0.1694,up
vol4,fx63137_c_lft.txt,FX 63-137 (C),fx63137,Y. Tinel,clean,clean,,,100019,bm04996.dat,-0.07,0.53,-0.1616,up
vol4,fx63137_c_lft.txt,FX 63-137 (C),fx63137,Y. Tinel,clean,clean,,,100019,bm04996.dat,1.02,0.63,-0.1703,up
vol4,fx63137_c_lft.txt,FX 63-137 (C),fx63137,Y. Tinel,clean,clean,,,100019,bm04996.dat,2.0,0.655,-0.1568,up
vol4,fx63137_c_lft.txt,FX 63-137 (C),fx63137,Y. Tinel,clean,clean,,,100019,bm04996.dat,3.08,0.698,-0.1653,up
vol4,fx63137_c_lft.txt,FX 63-137 (C),fx63137,Y. Tinel,clean,clean,,,100019,bm04996.dat,4.06,0.864,-0.1704,up
vol4,fx63137_c_lft.txt,FX 63-137 (C),fx63137,Y. Tinel,clean,clean,,,100019,bm04996.dat,5.11,1.152,-0.1632,up
vol4,fx63137_c_lft.txt,FX 63-137 (C),fx63137,Y. Tinel,clean,clean,,,100019,bm04996.dat,6.16,1.304,-0.1706,up
vol4,fx63137_c_lft.txt,FX 63-137 (C),fx63137,Y. Tinel,clean,clean,,,100019,bm04996.dat,7.16,1.417,-0.1551,up
vol4,fx63137_c_lft.txt,FX 63-137 (C),fx63137,Y. Tinel,clean,clean,,,100019,bm04996.dat,8.18,1.52,-0.1672,up
vol4,fx63137_c_lft.txt,FX 63-137 (C),fx63137,Y. Tinel,clean,clean,,,100019,bm04996.dat,9.31,1.611,-0.1574,up
vol4,fx63137_c_lft.txt,FX 63-137 (C),fx63137,Y. Tinel,clean,clean,,,100019,bm04996.dat,10.26,1.677,-0.1448,up
vol4,fx63137_c_lft.txt,FX 63-137 (C),fx63137,Y. Tinel,clean,clean,,,100019,bm04996.dat,11.31,1.722,-0.146,up
vol4,fx63137_c_lft.txt,FX 63-137 (C),fx63137,Y. Tinel,clean,clean,,,100019,bm04996.dat,12.29,1.739,-0.143,up
vol4,fx63137_c_lft.txt,FX 63-137 (C),fx63137,Y. Tinel,clean,clean,,,100019,bm04996.dat,13.3,1.735,-0.1358,up
vol4,fx63137_c_lft.txt,FX 63-137 (C),fx63137,Y. Tinel,clean,clean,,,100019,bm04996.dat,14.31,1.731,-0.1302,up
vol4,fx63137_c_lft.txt,FX 63-137 (C),fx63137,Y. Tinel,clean,clean,,,100019,bm04996.dat,15.37,1.739,-0.1291,up
vol4,fx63137_c_lft.txt,FX 63-137 (C),fx63137,Y. Tinel,clean,clean,,,100019,bm04996.dat,16.28,1.733,-0.1309,up
vol4,fx63137_c_lft.txt,FX 63-137 (C),fx63137,Y. Tinel,clean,clean,,,100019,bm04996.dat,17.33,1.734,-0.1281,up
vol4,fx63137_c_lft.txt,FX 63-137 (C),fx63137,Y. Tinel,clean,clean,,,100019,bm04996.dat,17.99,1.193,-0.2612,up
vol4,fx63137_c_lft.txt,FX 63-137 (C),fx63137,Y. Tinel,clean,clean,,,100019,bm04996.dat,19.03,1.211,-0.2783,up
vol4,fx63137_c_lft.txt,FX 63-137 (C),fx63137,Y. Tinel,clean,clean,,,100019,bm04996.dat,20.03,1.244,-0.2839,up
vol4,fx63137_c_lft.txt,FX 63-137 (C),fx63137,Y. Tinel,clean,clean,,,100019,bm04996.dat,19.51,1.232,-0.2913,down
vol4,fx63137_c_lft.txt,FX 63-137 (C),fx63137,Y. Tinel,clean,clean,,,100019,bm04996.dat,18.54,1.175,-0.2749,down
vol4,fx63137_c_lft.txt,FX 63-137 (C),fx63137,Y. Tinel,clean,clean,,,100019,bm04996.dat,17.52,1.174,-0.2621,down
vol4,fx63137_c_lft.txt,FX 63-137 (C),fx63137,Y. Tinel,clean,clean,,,100019,bm04996.dat,16.56,1.159,-0.2469,down
vol4,fx63137_c_lft.txt,FX 63-137 (C),fx63137,Y. Tinel,clean,clean,,,100019,bm04996.dat,15.56,1.219,-0.2443,down
vol4,fx63137_c_lft.txt,FX 63-137 (C),fx63137,Y. Tinel,clean,clean,,,100019,bm04996.dat,14.54,1.214,-0.2313,down
vol4,fx63137_c_lft.txt,FX 63-137 (C),fx63137,Y. Tinel,clean,clean,,,100019,bm04996.dat,13.63,1.196,-0.219,down
vol4,fx63137_c_lft.txt,FX 63-137 (C),fx63137,Y. Tinel,clean,clean,,,100019,bm04996.dat,12.86,1.734,-0.1363,down
vol4,fx63137_c_lft.txt,FX 63-137 (C),fx63137,Y. Tinel,clean,clean,,,100019,bm04996.dat,11.8,1.74,-0.1391,down
vol4,fx63137_c_lft.txt,FX 63-137 (C),fx63137,Y. Tinel,clean,clean,,,100019,bm04996.dat,10.74,1.698,-0.1583,down
vol4,fx63137_c_lft.txt,FX 63-137 (C),fx63137,Y. Tinel,clean,clean,,,100019,bm04996.dat,9.79,1.649,-0.1656,down
vol4,fx63137_c_lft.txt,FX 63-137 (C),fx63137,Y. Tinel,clean,clean,,,100019,bm04996.dat,8.72,1.565,-0.1545,down
vol4,fx63137_c_lft.txt,FX 63-137 (C),fx63137,Y. Tinel,clean,clean,,,100019,bm04996.dat,7.66,1.476,-0.1623,down
vol4,fx63137_c_lft.txt,FX 63-137 (C),fx63137,Y. Tinel,clean,clean,,,100019,bm04996.dat,6.7,1.371,-0.1589,down
vol4,fx63137_c_lft.txt,FX 63-137 (C),fx63137,Y. Tinel,clean,clean,,,100019,bm04996.dat,5.65,1.235,-0.1593,down
vol4,fx63137_c_lft.txt,FX 63-137 (C),fx63137,Y. Tinel,clean,clean,,,100019,bm04996.dat,4.54,0.883,-0.162,down
vol4,fx63137_c_lft.txt,FX 63-137 (C),fx63137,Y. Tinel,clean,clean,,,100019,bm04996.dat,3.51,0.773,-0.1693,down
vol4,fx63137_c_lft.txt,FX 63-137 (C),fx63137,Y. Tinel,clean,clean,,,100019,bm04996.dat,2.52,0.692,-0.1652,down
vol4,fx63137_c_lft.txt,FX 63-137 (C),fx63137,Y. Tinel,clean,clean,,,100019,bm04996.dat,1.53,0.649,-0.1586,down
vol4,fx63137_c_lft.txt,FX 63-137 (C),fx63137,Y. Tinel,clean,clean,,,100019,bm04996.dat,0.48,0.587,-0.1638,down
vol4,fx63137_c_lft.txt,FX 63-137 (C),fx63137,Y. Tinel,clean,clean,,,100019,bm04996.dat,-0.53,0.52,-0.1691,down
vol4,fx63137_c_lft.txt,FX 63-137 (C),fx63137,Y. Tinel,clean,clean,,,100019,bm04996.dat,-1.54,0.453,-0.1731,down
vol4,fx63137_c_lft.txt,FX 63-137 (C),fx63137,Y. Tinel,clean,clean,,,100019,bm04996.dat,-2.61,0.358,-0.1728,down
vol4,fx63137_c_lft.txt,FX 63-137 (C),fx63137,Y. Tinel,clean,clean,,,100019,bm04996.dat,-3.65,0.216,-0.1659,down
vol4,fx63137_c_lft.txt,FX 63-137 (C),fx63137,Y. Tinel,clean,clean,,,100019,bm04996.dat,-4.64,0.096,-0.1569,down
vol4,fx63137_c_lft.txt,FX 63-137 (C),fx63137,Y. Tinel,clean,clean,,,100019,bm04996.dat,-5.64,-0.227,-0.0739,down
vol4,fx63137_c_lft.txt,FX 63-137 (C),fx63137,Y. Tinel,clean,clean,,,100019,bm04996.dat,-6.6,-0.318,-0.0198,down
vol4,fx63137_c_lft.txt,FX 63-137 (C),fx63137,Y. Tinel,clean,clean,,,100019,bm04996.dat,-7.61,-0.287,-0.0082,down
vol4,fx63137_c_lft.txt,FX 63-137 (C),fx63137,Y. Tinel,clean,clean,,,100019,bm04996.dat,-8.56,-0.266,-0.0064,down
vol4,fx63137_c_lft.txt,FX 63-137 (C),fx63137,Y. Tinel,clean,clean,,,100019,bm04996.dat,-9.55,-0.236,-0.0104,down
vol4,fx63137_c_lft.txt,FX 63-137 (C),fx63137,Y. Tinel,clean,clean,,,150054,bm04998.dat,-10.02,-0.224,-0.0149,up
vol4,fx63137_c_lft.txt,FX 63-137 (C),fx63137,Y. Tinel,clean,clean,,,150054,bm04998.dat,-9.02,-0.253,-0.0118,up
vol4,fx63137_c_lft.txt,FX 63-137 (C),fx63137,Y. Tinel,clean,clean,,,150054,bm04998.dat,-8.04,-0.241,-0.0309,up
vol4,fx63137_c_lft.txt,FX 63-137 (C),fx63137,Y. Tinel,clean,clean,,,150054,bm04998.dat,-7.11,-0.194,-0.0582,up
vol4,fx63137_c_lft.txt,FX 63-137 (C),fx63137,Y. Tinel,clean,clean,,,150054,bm04998.dat,-6.16,0.016,-0.1689,up
vol4,fx63137_c_lft.txt,FX 63-137 (C),fx63137,Y. Tinel,clean,clean,,,150054,bm04998.dat,-5.15,0.172,-0.1825,up
vol4,fx63137_c_lft.txt,FX 63-137 (C),fx63137,Y. Tinel,clean,clean,,,150054,bm04998.dat,-4.14,0.316,-0.1984,up
vol4,fx63137_c_lft.txt,FX 63-137 (C),fx63137,Y. Tinel,clean,clean,,,150054,bm04998.dat,-3.06,0.451,-0.2001,up
vol4,fx63137_c_lft.txt,FX 63-137 (C),fx63137,Y. Tinel,clean,clean,,,150054,bm04998.dat,-2.05,0.559,-0.1996,up
vol4,fx63137_c_lft.txt,FX 63-137 (C),fx63137,Y. Tinel,clean,clean,,,150054,bm04998.dat,-1.04,0.657,-0.1971,up
vol4,fx63137_c_lft.txt,FX 63-137 (C),fx63137,Y. Tinel,clean,clean,,,150054,bm04998.dat,0.02,0.749,-0.1933,up
vol4,fx63137_c_lft.txt,FX 63-137 (C),fx63137,Y. Tinel,clean,clean,,,150054,bm04998.dat,1.06,0.833,-0.1867,up
vol4,fx63137_c_lft.txt,FX 63-137 (C),fx63137,Y. Tinel,clean,clean,,,150054,bm04998.dat,2.02,0.925,-0.1795,up
vol4,fx63137_c_lft.txt,FX 63-137 (C),fx63137,Y. Tinel,clean,clean,,,150054,bm04998.dat,3.09,1.028,-0.1799,up
vol4,fx63137_c_lft.txt,FX 63-137 (C),fx63137,Y. Tinel,clean,clean,,,150054,bm04998.dat,4.1,1.121,-0.1724,up
vol4,fx63137_c_lft.txt,FX 63-137 (C),fx63137,Y. Tinel,clean,clean,,,150054,bm04998.dat,5.14,1.224,-0.1715,up
vol4,fx63137_c_lft.txt,FX 63-137 (C),fx63137,Y. Tinel,clean,clean,,,150054,bm04998.dat,6.15,1.331,-0.1747,up
vol4,fx63137_c_lft.txt,FX 63-137 (C),fx63137,Y. Tinel,clean,clean,,,150054,bm04998.dat,7.18,1.43,-0.1723,up
vol4,fx63137_c_lft.txt,FX 63-137 (C),fx63137,Y. Tinel,clean,clean,,,150054,bm04998.dat,8.21,1.516,-0.1679,up
vol4,fx63137_c_lft.txt,FX 63-137 (C),fx63137,Y. Tinel,clean,clean,,,150054,bm04998.dat,9.27,1.597,-0.1608,up
vol4,fx63137_c_lft.txt,FX 63-137 (C),fx63137,Y. Tinel,clean,clean,,,150054,bm04998.dat,10.26,1.662,-0.1555,up
vol4,fx63137_c_lft.txt,FX 63-137 (C),fx63137,Y. Tinel,clean,clean,,,150054,bm04998.dat,11.31,1.704,-0.1474,up
vol4,fx63137_c_lft.txt,FX 63-137 (C),fx63137,Y. Tinel,clean,clean,,,150054,bm04998.dat,12.3,1.708,-0.136,up
vol4,fx63137_c_lft.txt,FX 63-137 (C),fx63137,Y. Tinel,clean,clean,,,150054,bm04998.dat,13.3,1.708,-0.1269,up
vol4,fx63137_c_lft.txt,FX 63-137 (C),fx63137,Y. Tinel,clean,clean,,,150054,bm04998.dat,14.28,1.709,-0.121,up
vol4,fx63137_c_lft.txt,FX 63-137 (C),fx63137,Y. Tinel,clean,clean,,,150054,bm04998.dat,15.28,1.72,-0.1178,up
vol4,fx63137_c_lft.txt,FX 63-137 (C),fx63137,Y. Tinel,clean,clean,,,150054,bm04998.dat,16.33,1.714,-0.1162,up
vol4,fx63137_c_lft.txt,FX 63-137 (C),fx63137,Y. Tinel,clean,clean,,,150054,bm04998.dat,17.35,1.708,-0.1193,up
vol4,fx63137_c_lft.txt,FX 63-137 (C),fx63137,Y. Tinel,clean,clean,,,150054,bm04998.dat,18.25,1.686,-0.1308,up
vol4,fx63137_c_lft.txt,FX 63-137 (C),fx63137,Y. Tinel,clean,clean,,,150054,bm04998.dat,18.98,1.158,-0.2588,up
vol4,fx63137_c_lft.txt,FX 63-137 (C),fx63137,Y. Tinel,clean,clean,,,150054,bm04998.dat,20.01,1.176,-0.2662,up
vol4,fx63137_c_lft.txt,FX 63-137 (C),fx63137,Y. Tinel,clean,clean,,,150054,bm04998.dat,19.49,1.221,-0.2823,down
vol4,fx63137_c_lft.txt,FX 63-137 (C),fx63137,Y. Tinel,clean,clean,,,150054,bm04998.dat,18.5,1.165,-0.2659,down
vol4,fx63137_c_lft.txt,FX 63-137 (C),fx63137,Y. Tinel,clean,clean,,,150054,bm04998.dat,17.52,1.156,-0.2592,down
vol4,fx63137_c_lft.txt,FX 63-137 (C),fx63137,Y. Tinel,clean,clean,,,150054,bm04998.dat,16.56,1.177,-0.2537,down
vol4,fx63137_c_lft.txt,FX 63-137 (C),fx63137,Y. Tinel,clean,clean,,,150054,bm04998.dat,15.54,1.201,-0.2471,down
vol4,fx63137_c_lft.txt,FX 63-137 (C),fx63137,Y. Tinel,clean,clean,,,150054,bm04998.dat,14.56,1.206,-0.2329,down
vol4,fx63137_c_lft.txt,FX 63-137 (C),fx63137,Y. Tinel,clean,clean,,,150054,bm04998.dat,13.83,1.709,-0.1286,down
vol4,fx63137_c_lft.txt,FX 63-137 (C),fx63137,Y. Tinel,clean,clean,,,150054,bm04998.dat,12.76,1.706,-0.1347,down
vol4,fx63137_c_lft.txt,FX 63-137 (C),fx63137,Y. Tinel,clean,clean,,,150054,bm04998.dat,11.76,1.706,-0.1458,down
vol4,fx63137_c_lft.txt,FX 63-137 (C),fx63137,Y. Tinel,clean,clean,,,150054,bm04998.dat,10.75,1.686,-0.156,down
vol4,fx63137_c_lft.txt,FX 63-137 (C),fx63137,Y. Tinel,clean,clean,,,150054,bm04998.dat,9.73,1.621,-0.1624,down
vol4,fx63137_c_lft.txt,FX 63-137 (C),fx63137,Y. Tinel,clean,clean,,,150054,bm04998.dat,8.74,1.56,-0.1669,down
vol4,fx63137_c_lft.txt,FX 63-137 (C),fx63137,Y. Tinel,clean,clean,,,150054,bm04998.dat,7.68,1.476,-0.1733,down
vol4,fx63137_c_lft.txt,FX 63-137 (C),fx63137,Y. Tinel,clean,clean,,,150054,bm04998.dat,6.67,1.387,-0.1747,down
vol4,fx63137_c_lft.txt,FX 63-137 (C),fx63137,Y. Tinel,clean,clean,,,150054,bm04998.dat,5.64,1.281,-0.1752,down
vol4,fx63137_c_lft.txt,FX 63-137 (C),fx63137,Y. Tinel,clean,clean,,,150054,bm04998.dat,4.59,1.169,-0.1753,down
vol4,fx63137_c_lft.txt,FX 63-137 (C),fx63137,Y. Tinel,clean,clean,,,150054,bm04998.dat,3.58,1.079,-0.177,down
vol4,fx63137_c_lft.txt,FX 63-137 (C),fx63137,Y. Tinel,clean,clean,,,150054,bm04998.dat,2.57,0.981,-0.1796,down
vol4,fx63137_c_lft.txt,FX 63-137 (C),fx63137,Y. Tinel,clean,clean,,,150054,bm04998.dat,1.54,0.888,-0.1833,down
vol4,fx63137_c_lft.txt,FX 63-137 (C),fx63137,Y. Tinel,clean,clean,,,150054,bm04998.dat,0.49,0.795,-0.188,down
vol4,fx63137_c_lft.txt,FX 63-137 (C),fx63137,Y. Tinel,clean,clean,,,150054,bm04998.dat,-0.52,0.701,-0.1956,down
vol4,fx63137_c_lft.txt,FX 63-137 (C),fx63137,Y. Tinel,clean,clean,,,150054,bm04998.dat,-1.57,0.607,-0.1975,down
vol4,fx63137_c_lft.txt,FX 63-137 (C),fx63137,Y. Tinel,clean,clean,,,150054,bm04998.dat,-2.57,0.512,-0.2011,down
vol4,fx63137_c_lft.txt,FX 63-137 (C),fx63137,Y. Tinel,clean,clean,,,150054,bm04998.dat,-3.57,0.395,-0.1999,down
vol4,fx63137_c_lft.txt,FX 63-137 (C),fx63137,Y. Tinel,clean,clean,,,150054,bm04998.dat,-4.61,0.258,-0.1943,down
vol4,fx63137_c_lft.txt,FX 63-137 (C),fx63137,Y. Tinel,clean,clean,,,150054,bm04998.dat,-5.64,0.109,-0.1819,down
vol4,fx63137_c_lft.txt,FX 63-137 (C),fx63137,Y. Tinel,clean,clean,,,150054,bm04998.dat,-6.66,-0.129,-0.0916,down
vol4,fx63137_c_lft.txt,FX 63-137 (C),fx63137,Y. Tinel,clean,clean,,,150054,bm04998.dat,-7.59,-0.209,-0.038,down
vol4,fx63137_c_lft.txt,FX 63-137 (C),fx63137,Y. Tinel,clean,clean,,,150054,bm04998.dat,-8.58,-0.254,-0.0161,down
vol4,fx63137_c_lft.txt,FX 63-137 (C),fx63137,Y. Tinel,clean,clean,,,150054,bm04998.dat,-9.56,-0.23,-0.011,down
vol4,fx63137_c_lft.txt,FX 63-137 (C),fx63137,Y. Tinel,clean,clean,,,199952,bm05000.dat,-10.07,-0.227,-0.0112,up
vol4,fx63137_c_lft.txt,FX 63-137 (C),fx63137,Y. Tinel,clean,clean,,,199952,bm05000.dat,-9.06,-0.244,-0.0195,up
vol4,fx63137_c_lft.txt,FX 63-137 (C),fx63137,Y. Tinel,clean,clean,,,199952,bm05000.dat,-8.05,-0.188,-0.0437,up
vol4,fx63137_c_lft.txt,FX 63-137 (C),fx63137,Y. Tinel,clean,clean,,,199952,bm05000.dat,-7.14,-0.102,-0.0862,up
vol4,fx63137_c_lft.txt,FX 63-137 (C),fx63137,Y. Tinel,clean,clean,,,199952,bm05000.dat,-6.18,0.093,-0.1836,up
vol4,fx63137_c_lft.txt,FX 63-137 (C),fx63137,Y. Tinel,clean,clean,,,199952,bm05000.dat,-5.13,0.225,-0.1906,up
vol4,fx63137_c_lft.txt,FX 63-137 (C),fx63137,Y. Tinel,clean,clean,,,199952,bm05000.dat,-4.06,0.34,-0.1955,up
vol4,fx63137_c_lft.txt,FX 63-137 (C),fx63137,Y. Tinel,clean,clean,,,199952,bm05000.dat,-3.07,0.452,-0.2006,up
vol4,fx63137_c_lft.txt,FX 63-137 (C),fx63137,Y. Tinel,clean,clean,,,199952,bm05000.dat,-2.1,0.559,-0.1988,up
vol4,fx63137_c_lft.txt,FX 63-137 (C),fx63137,Y. Tinel,clean,clean,,,199952,bm05000.dat,-1.08,0.66,-0.1984,up
vol4,fx63137_c_lft.txt,FX 63-137 (C),fx63137,Y. Tinel,clean,clean,,,199952,bm05000.dat,0.04,0.767,-0.1951,up
vol4,fx63137_c_lft.txt,FX 63-137 (C),fx63137,Y. Tinel,clean,clean,,,199952,bm05000.dat,1.03,0.863,-0.192,up
vol4,fx63137_c_lft.txt,FX 63-137 (C),fx63137,Y. Tinel,clean,clean,,,199952,bm05000.dat,2.01,0.964,-0.1898,up
vol4,fx63137_c_lft.txt,FX 63-137 (C),fx63137,Y. Tinel,clean,clean,,,199952,bm05000.dat,3.08,1.07,-0.1869,up
vol4,fx63137_c_lft.txt,FX 63-137 (C),fx63137,Y. Tinel,clean,clean,,,199952,bm05000.dat,4.14,1.171,-0.1848,up
vol4,fx63137_c_lft.txt,FX 63-137 (C),fx63137,Y. Tinel,clean,clean,,,199952,bm05000.dat,5.15,1.257,-0.1801,up
vol4,fx63137_c_lft.txt,FX 63-137 (C),fx63137,Y. Tinel,clean,clean,,,199952,bm05000.dat,6.17,1.356,-0.1784,up
vol4,fx63137_c_lft.txt,FX 63-137 (C),fx63137,Y. Tinel,clean,clean,,,199952,bm05000.dat,7.16,1.452,-0.1756,up
vol4,fx63137_c_lft.txt,FX 63-137 (C),fx63137,Y. Tinel,clean,clean,,,199952,bm05000.dat,8.19,1.538,-0.171,up
vol4,fx63137_c_lft.txt,FX 63-137 (C),fx63137,Y. Tinel,clean,clean,,,199952,bm05000.dat,9.23,1.621,-0.1656,up
vol4,fx63137_c_lft.txt,FX 63-137 (C),fx63137,Y. Tinel,clean,clean,,,199952,bm05000.dat,10.25,1.679,-0.1573,up
vol4,fx63137_c_lft.txt,FX 63-137 (C),fx63137,Y. Tinel,clean,clean,,,199952,bm05000.dat,11.34,1.715,-0.147,up
vol4,fx63137_c_lft.txt,FX 63-137 (C),fx63137,Y. Tinel,clean,clean,,,199952,bm05000.dat,12.28,1.717,-0.1363,up
vol4,fx63137_c_lft.txt,FX 63-137 (C),fx63137,Y. Tinel,clean,clean,,,199952,bm05000.dat,13.28,1.722,-0.129,up
vol4,fx63137_c_lft.txt,FX 63-137 (C),fx63137,Y. Tinel,clean,clean,,,199952,bm05000.dat,14.35,1.727,-0.1232,up
vol4,fx63137_c_lft.txt,FX 63-137 (C),fx63137,Y. Tinel,clean,clean,,,199952,bm05000.dat,15.36,1.735,-0.1207,up
vol4,fx63137_c_lft.txt,FX 63-137 (C),fx63137,Y. Tinel,clean,clean,,,199952,bm05000.dat,16.34,1.741,-0.1204,up
vol4,fx63137_c_lft.txt,FX 63-137 (C),fx63137,Y. Tinel,clean,clean,,,199952,bm05000.dat,17.35,1.746,-0.1225,up
vol4,fx63137_c_lft.txt,FX 63-137 (C),fx63137,Y. Tinel,clean,clean,,,199952,bm05000.dat,18.27,1.734,-0.1254,up
vol4,fx63137_c_lft.txt,FX 63-137 (C),fx63137,Y. Tinel,clean,clean,,,199952,bm05000.dat,19.31,1.736,-0.1368,up
vol4,fx63137_c_lft.txt,FX 63-137 (C),fx63137,Y. Tinel,clean,clean,,,199952,bm05000.dat,20.27,1.685,-0.143,up
vol4,fx63137_c_lft.txt,FX 63-137 (C),fx63137,Y. Tinel,clean,clean,,,199952,bm05000.dat,19.79,1.692,-0.1398,down
vol4,fx63137_c_lft.txt,FX 63-137 (C),fx63137,Y. Tinel,clean,clean,,,199952,bm05000.dat,18.81,1.728,-0.1336,down
vol4,fx63137_c_lft.txt,FX 63-137 (C),fx63137,Y. Tinel,clean,clean,,,199952,bm05000.dat,17.79,1.741,-0.1279,down
vol4,fx63137_c_lft.txt,FX 63-137 (C),fx63137,Y. Tinel,clean,clean,,,199952,bm05000.dat,16.78,1.745,-0.1237,down
vol4,fx63137_c_lft.txt,FX 63-137 (C),fx63137,Y. Tinel,clean,clean,,,199952,bm05000.dat,15.8,1.735,-0.1235,down
vol4,fx63137_c_lft.txt,FX 63-137 (C),fx63137,Y. Tinel,clean,clean,,,199952,bm05000.dat,14.83,1.731,-0.1241,down
vol4,fx63137_c_lft.txt,FX 63-137 (C),fx63137,Y. Tinel,clean,clean,,,199952,bm05000.dat,13.77,1.72,-0.1278,down
vol4,fx63137_c_lft.txt,FX 63-137 (C),fx63137,Y. Tinel,clean,clean,,,199952,bm05000.dat,12.81,1.713,-0.1341,down
vol4,fx63137_c_lft.txt,FX 63-137 (C),fx63137,Y. Tinel,clean,clean,,,199952,bm05000.dat,11.78,1.719,-0.1448,down
vol4,fx63137_c_lft.txt,FX 63-137 (C),fx63137,Y. Tinel,clean,clean,,,199952,bm05000.dat,10.78,1.697,-0.1554,down
vol4,fx63137_c_lft.txt,FX 63-137 (C),fx63137,Y. Tinel,clean,clean,,,199952,bm05000.dat,9.76,1.65,-0.1643,down
vol4,fx63137_c_lft.txt,FX 63-137 (C),fx63137,Y. Tinel,clean,clean,,,199952,bm05000.dat,8.71,1.582,-0.1715,down
vol4,fx63137_c_lft.txt,FX 63-137 (C),fx63137,Y. Tinel,clean,clean,,,199952,bm05000.dat,7.71,1.503,-0.1761,down
vol4,fx63137_c_lft.txt,FX 63-137 (C),fx63137,Y. Tinel,clean,clean,,,199952,bm05000.dat,6.68,1.41,-0.1801,down
vol4,fx63137_c_lft.txt,FX 63-137 (C),fx63137,Y. Tinel,clean,clean,,,199952,bm05000.dat,5.67,1.31,-0.1809,down
vol4,fx63137_c_lft.txt,FX 63-137 (C),fx63137,Y. Tinel,clean,clean,,,199952,bm05000.dat,4.56,1.219,-0.1857,down
vol4,fx63137_c_lft.txt,FX 63-137 (C),fx63137,Y. Tinel,clean,clean,,,199952,bm05000.dat,3.55,1.122,-0.1888,down
vol4,fx63137_c_lft.txt,FX 63-137 (C),fx63137,Y. Tinel,clean,clean,,,199952,bm05000.dat,2.56,1.023,-0.1908,down
vol4,fx63137_c_lft.txt,FX 63-137 (C),fx63137,Y. Tinel,clean,clean,,,199952,bm05000.dat,1.55,0.921,-0.1928,down
vol4,fx63137_c_lft.txt,FX 63-137 (C),fx63137,Y. Tinel,clean,clean,,,199952,bm05000.dat,0.54,0.822,-0.1964,down
vol4,fx63137_c_lft.txt,FX 63-137 (C),fx63137,Y. Tinel,clean,clean,,,199952,bm05000.dat,-0.52,0.721,-0.1982,down
vol4,fx63137_c_lft.txt,FX 63-137 (C),fx63137,Y. Tinel,clean,clean,,,199952,bm05000.dat,-1.55,0.62,-0.2003,down
vol4,fx63137_c_lft.txt,FX 63-137 (C),fx63137,Y. Tinel,clean,clean,,,199952,bm05000.dat,-2.59,0.514,-0.2025,down
vol4,fx63137_c_lft.txt,FX 63-137 (C),fx63137,Y. Tinel,clean,clean,,,199952,bm05000.dat,-3.61,0.397,-0.1987,down
vol4,fx63137_c_lft.txt,FX 63-137 (C),fx63137,Y. Tinel,clean,clean,,,199952,bm05000.dat,-4.61,0.292,-0.1986,down
vol4,fx63137_c_lft.txt,FX 63-137 (C),fx63137,Y. Tinel,clean,clean,,,199952,bm05000.dat,-5.65,0.167,-0.1891,down
vol4,fx63137_c_lft.txt,FX 63-137 (C),fx63137,Y. Tinel,clean,clean,,,199952,bm05000.dat,-6.65,0.002,-0.1539,down
vol4,fx63137_c_lft.txt,FX 63-137 (C),fx63137,Y. Tinel,clean,clean,,,199952,bm05000.dat,-7.6,-0.143,-0.0576,down
vol4,fx63137_c_lft.txt,FX 63-137 (C),fx63137,Y. Tinel,clean,clean,,,199952,bm05000.dat,-8.58,-0.213,-0.0321,down
vol4,fx63137_c_lft.txt,FX 63-137 (C),fx63137,Y. Tinel,clean,clean,,,199952,bm05000.dat,-9.55,-0.226,-0.0205,down
vol4,fx63137_c_lft.txt,FX 63-137 (C),fx63137,Y. Tinel,clean,clean,,,349860,bm05002.dat,-10.05,-0.215,-0.0199,up
vol4,fx63137_c_lft.txt,FX 63-137 (C),fx63137,Y. Tinel,clean,clean,,,349860,bm05002.dat,-9.08,-0.194,-0.037,up
vol4,fx63137_c_lft.txt,FX 63-137 (C),fx63137,Y. Tinel,clean,clean,,,349860,bm05002.dat,-8.15,-0.133,-0.0691,up
vol4,fx63137_c_lft.txt,FX 63-137 (C),fx63137,Y. Tinel,clean,clean,,,349860,bm05002.dat,-7.14,-0.036,-0.1323,up
vol4,fx63137_c_lft.txt,FX 63-137 (C),fx63137,Y. Tinel,clean,clean,,,349860,bm05002.dat,-6.12,0.129,-0.1869,up
vol4,fx63137_c_lft.txt,FX 63-137 (C),fx63137,Y. Tinel,clean,clean,,,349860,bm05002.dat,-5.09,0.251,-0.194,up
vol4,fx63137_c_lft.txt,FX 63-137 (C),fx63137,Y. Tinel,clean,clean,,,349860,bm05002.dat,-4.15,0.352,-0.1956,up
vol4,fx63137_c_lft.txt,FX 63-137 (C),fx63137,Y. Tinel,clean,clean,,,349860,bm05002.dat,-3.07,0.483,-0.2009,up
vol4,fx63137_c_lft.txt,FX 63-137 (C),fx63137,Y. Tinel,clean,clean,,,349860,bm05002.dat,-2.08,0.598,-0.2045,up
vol4,fx63137_c_lft.txt,FX 63-137 (C),fx63137,Y. Tinel,clean,clean,,,349860,bm05002.dat,-1.05,0.704,-0.2027,up
vol4,fx63137_c_lft.txt,FX 63-137 (C),fx63137,Y. Tinel,clean,clean,,,349860,bm05002.dat,0.01,0.819,-0.2019,up
vol4,fx63137_c_lft.txt,FX 63-137 (C),fx63137,Y. Tinel,clean,clean,,,349860,bm05002.dat,1.04,0.922,-0.2004,up
vol4,fx63137_c_lft.txt,FX 63-137 (C),fx63137,Y. Tinel,clean,clean,,,349860,bm05002.dat,1.99,1.023,-0.1995,up
vol4,fx63137_c_lft.txt,FX 63-137 (C),fx63137,Y. Tinel,clean,clean,,,349860,bm05002.dat,3.09,1.129,-0.1964,up
vol4,fx63137_c_lft.txt,FX 63-137 (C),fx63137,Y. Tinel,clean,clean,,,349860,bm05002.dat,4.15,1.24,-0.1941,up
vol4,fx63137_c_lft.txt,FX 63-137 (C),fx63137,Y. Tinel,clean,clean,,,349860,bm05002.dat,5.13,1.327,-0.1903,up
vol4,fx63137_c_lft.txt,FX 63-137 (C),fx63137,Y. Tinel,clean,clean,,,349860,bm05002.dat,6.18,1.425,-0.1861,up
vol4,fx63137_c_lft.txt,FX 63-137 (C),fx63137,Y. Tinel,clean,clean,,,349860,bm05002.dat,7.19,1.509,-0.1804,up
vol4,fx63137_c_lft.txt,FX 63-137 (C),fx63137,Y. Tinel,clean,clean,,,349860,bm05002.dat,8.24,1.593,-0.1747,up
vol4,fx63137_c_lft.txt,FX 63-137 (C),fx63137,Y. Tinel,clean,clean,,,349860,bm05002.dat,9.26,1.647,-0.1662,up
vol4,fx63137_c_lft.txt,FX 63-137 (C),fx63137,Y. Tinel,clean,clean,,,349860,bm05002.dat,10.31,1.692,-0.1554,up
vol4,fx63137_c_lft.txt,FX 63-137 (C),fx63137,Y. Tinel,clean,clean,,,349860,bm05002.dat,11.28,1.717,-0.1453,up
vol4,fx63137_c_lft.txt,FX 63-137 (C),fx63137,Y. Tinel,clean,clean,,,349860,bm05002.dat,12.27,1.728,-0.1365,up
vol4,fx63137_c_lft.txt,FX 63-137 (C),fx63137,Y. Tinel,clean,clean,,,349860,bm05002.dat,13.28,1.741,-0.1298,up
vol4,fx63137_c_lft.txt,FX 63-137 (C),fx63137,Y. Tinel,clean,clean,,,349860,bm05002.dat,14.33,1.749,-0.1264,up
vol4,fx63137_c_lft.txt,FX 63-137 (C),fx63137,Y. Tinel,clean,clean,,,349860,bm05002.dat,15.29,1.762,-0.1253,up
vol4,fx63137_c_lft.txt,FX 63-137 (C),fx63137,Y. Tinel,clean,clean,,,349860,bm05002.dat,16.32,1.759,-0.1249,up
vol4,fx63137_c_lft.txt,FX 63-137 (C),fx63137,Y. Tinel,clean,clean,,,349860,bm05002.dat,17.3,1.765,-0.128,up
vol4,fx63137_c_lft.txt,FX 63-137 (C),fx63137,Y. Tinel,clean,clean,,,349860,bm05002.dat,18.25,1.756,-0.1304,up
vol4,fx63137_c_lft.txt,FX 63-137 (C),fx63137,Y. Tinel,clean,clean,,,349860,bm05002.dat,19.28,1.741,-0.1347,up
vol4,fx63137_c_lft.txt,FX 63-137 (C),fx63137,Y. Tinel,clean,clean,,,349860,bm05002.dat,20.3,1.724,-0.1406,up
vol4,fx63137_c_lft.txt,FX 63-137 (C),fx63137,Y. Tinel,clean,clean,,,349860,bm05002.dat,19.77,1.726,-0.1389,down
vol4,fx63137_c_lft.txt,FX 63-137 (C),fx63137,Y. Tinel,clean,clean,,,349860,bm05002.dat,18.8,1.763,-0.1365,down
vol4,fx63137_c_lft.txt,FX 63-137 (C),fx63137,Y. Tinel,clean,clean,,,349860,bm05002.dat,17.8,1.754,-0.1294,down
vol4,fx63137_c_lft.txt,FX 63-137 (C),fx63137,Y. Tinel,clean,clean,,,349860,bm05002.dat,16.81,1.758,-0.127,down
vol4,fx63137_c_lft.txt,FX 63-137 (C),fx63137,Y. Tinel,clean,clean,,,349860,bm05002.dat,15.8,1.763,-0.1257,down
vol4,fx63137_c_lft.txt,FX 63-137 (C),fx63137,Y. Tinel,clean,clean,,,349860,bm05002.dat,14.8,1.753,-0.1265,down
vol4,fx63137_c_lft.txt,FX 63-137 (C),fx63137,Y. Tinel,clean,clean,,,349860,bm05002.dat,13.81,1.738,-0.1286,down
vol4,fx63137_c_lft.txt,FX 63-137 (C),fx63137,Y. Tinel,clean,clean,,,349860,bm05002.dat,12.76,1.733,-0.1347,down
vol4,fx63137_c_lft.txt,FX 63-137 (C),fx63137,Y. Tinel,clean,clean,,,349860,bm05002.dat,11.74,1.723,-0.1433,down
vol4,fx63137_c_lft.txt,FX 63-137 (C),fx63137,Y. Tinel,clean,clean,,,349860,bm05002.dat,10.85,1.705,-0.1517,down
vol4,fx63137_c_lft.txt,FX 63-137 (C),fx63137,Y. Tinel,clean,clean,,,349860,bm05002.dat,9.74,1.669,-0.1622,down
vol4,fx63137_c_lft.txt,FX 63-137 (C),fx63137,Y. Tinel,clean,clean,,,349860,bm05002.dat,8.72,1.621,-0.1719,down
vol4,fx63137_c_lft.txt,FX 63-137 (C),fx63137,Y. Tinel,clean,clean,,,349860,bm05002.dat,7.68,1.547,-0.1786,down
vol4,fx63137_c_lft.txt,FX 63-137 (C),fx63137,Y. Tinel,clean,clean,,,349860,bm05002.dat,6.62,1.467,-0.1847,down
vol4,fx63137_c_lft.txt,FX 63-137 (C),fx63137,Y. Tinel,clean,clean,,,349860,bm05002.dat,5.65,1.385,-0.1905,down
vol4,fx63137_c_lft.txt,FX 63-137 (C),fx63137,Y. Tinel,clean,clean,,,349860,bm05002.dat,4.61,1.283,-0.1943,down
vol4,fx63137_c_lft.txt,FX 63-137 (C),fx63137,Y. Tinel,clean,clean,,,349860,bm05002.dat,3.63,1.188,-0.1966,down
vol4,fx63137_c_lft.txt,FX 63-137 (C),fx63137,Y. Tinel,clean,clean,,,349860,bm05002.dat,2.55,1.08,-0.1989,down
vol4,fx63137_c_lft.txt,FX 63-137 (C),fx63137,Y. Tinel,clean,clean,,,349860,bm05002.dat,1.57,0.969,-0.1995,down
vol4,fx63137_c_lft.txt,FX 63-137 (C),fx63137,Y. Tinel,clean,clean,,,349860,bm05002.dat,0.46,0.859,-0.2016,down
vol4,fx63137_c_lft.txt,FX 63-137 (C),fx63137,Y. Tinel,clean,clean,,,349860,bm05002.dat,-0.49,0.764,-0.2036,down
vol4,fx63137_c_lft.txt,FX 63-137 (C),fx63137,Y. Tinel,clean,clean,,,349860,bm05002.dat,-1.53,0.648,-0.2045,down
vol4,fx63137_c_lft.txt,FX 63-137 (C),fx63137,Y. Tinel,clean,clean,,,349860,bm05002.dat,-2.56,0.536,-0.2043,down
vol4,fx63137_c_lft.txt,FX 63-137 (C),fx63137,Y. Tinel,clean,clean,,,349860,bm05002.dat,-3.61,0.411,-0.1986,down
vol4,fx63137_c_lft.txt,FX 63-137 (C),fx63137,Y. Tinel,clean,clean,,,349860,bm05002.dat,-4.67,0.295,-0.1956,down
vol4,fx63137_c_lft.txt,FX 63-137 (C),fx63137,Y. Tinel,clean,clean,,,349860,bm05002.dat,-5.65,0.181,-0.1903,down
vol4,fx63137_c_lft.txt,FX 63-137 (C),fx63137,Y. Tinel,clean,clean,,,349860,bm05002.dat,-6.69,0.067,-0.1812,down
vol4,fx63137_c_lft.txt,FX 63-137 (C),fx63137,Y. Tinel,clean,clean,,,349860,bm05002.dat,-7.57,-0.089,-0.0967,down
vol4,fx63137_c_lft.txt,FX 63-137 (C),fx63137,Y. Tinel,clean,clean,,,349860,bm05002.dat,-8.63,-0.171,-0.05,down
vol4,fx63137_c_lft.txt,FX 63-137 (C),fx63137,Y. Tinel,clean,clean,,,349860,bm05002.dat,-9.62,-0.209,-0.0262,down
vol4,fx63137_c_lft.txt,FX 63-137 (C),fx63137,Y. Tinel,clean,clean,,,499848,bm05004.dat,-10.2,-0.235,-0.0254,up
vol4,fx63137_c_lft.txt,FX 63-137 (C),fx63137,Y. Tinel,clean,clean,,,499848,bm05004.dat,-9.1,-0.193,-0.0476,up
vol4,fx63137_c_lft.txt,FX 63-137 (C),fx63137,Y. Tinel,clean,clean,,,499848,bm05004.dat,-8.32,-0.152,-0.0757,up
vol4,fx63137_c_lft.txt,FX 63-137 (C),fx63137,Y. Tinel,clean,clean,,,499848,bm05004.dat,-7.31,-0.042,-0.1319,up
vol4,fx63137_c_lft.txt,FX 63-137 (C),fx63137,Y. Tinel,clean,clean,,,499848,bm05004.dat,-6.11,0.137,-0.186,up
vol4,fx63137_c_lft.txt,FX 63-137 (C),fx63137,Y. Tinel,clean,clean,,,499848,bm05004.dat,-5.04,0.257,-0.1901,up
vol4,fx63137_c_lft.txt,FX 63-137 (C),fx63137,Y. Tinel,clean,clean,,,499848,bm05004.dat,-4.13,0.361,-0.1931,up
vol4,fx63137_c_lft.txt,FX 63-137 (C),fx63137,Y. Tinel,clean,clean,,,499848,bm05004.dat,-3.04,0.493,-0.1978,up
vol4,fx63137_c_lft.txt,FX 63-137 (C),fx63137,Y. Tinel,clean,clean,,,499848,bm05004.dat,-2.02,0.616,-0.2013,up
vol4,fx63137_c_lft.txt,FX 63-137 (C),fx63137,Y. Tinel,clean,clean,,,499848,bm05004.dat,-0.97,0.72,-0.2003,up
vol4,fx63137_c_lft.txt,FX 63-137 (C),fx63137,Y. Tinel,clean,clean,,,499848,bm05004.dat,-0.02,0.819,-0.1986,up
vol4,fx63137_c_lft.txt,FX 63-137 (C),fx63137,Y. Tinel,clean,clean,,,499848,bm05004.dat,1.0,0.928,-0.198,up
vol4,fx63137_c_lft.txt,FX 63-137 (C),fx63137,Y. Tinel,clean,clean,,,499848,bm05004.dat,2.08,1.031,-0.1964,up
vol4,fx63137_c_lft.txt,FX 63-137 (C),fx63137,Y. Tinel,clean,clean,,,499848,bm05004.dat,3.15,1.143,-0.1936,up
vol4,fx63137_c_lft.txt,FX 63-137 (C),fx63137,Y. Tinel,clean,clean,,,499848,bm05004.dat,4.17,1.243,-0.191,up
vol4,fx63137_c_lft.txt,FX 63-137 (C),fx63137,Y. Tinel,clean,clean,,,499848,bm05004.dat,5.19,1.345,-0.1874,up
vol4,fx63137_c_lft.txt,FX 63-137 (C),fx63137,Y. Tinel,clean,clean,,,499848,bm05004.dat,6.17,1.444,-0.1833,up
vol4,fx63137_c_lft.txt,FX 63-137 (C),fx63137,Y. Tinel,clean,clean,,,499848,bm05004.dat,7.17,1.525,-0.177,up
vol4,fx63137_c_lft.txt,FX 63-137 (C),fx63137,Y. Tinel,clean,clean,,,499848,bm05004.dat,8.23,1.599,-0.1678,up
vol4,fx63137_c_lft.txt,FX 63-137 (C),fx63137,Y. Tinel,clean,clean,,,499848,bm05004.dat,9.27,1.656,-0.1579,up
vol4,fx63137_c_lft.txt,FX 63-137 (C),fx63137,Y. Tinel,clean,clean,,,499848,bm05004.dat,10.28,1.687,-0.1468,up
vol4,fx63137_c_lft.txt,FX 63-137 (C),fx63137,Y. Tinel,clean,clean,,,499848,bm05004.dat,11.37,1.714,-0.1363,up
vol4,fx63137_c_lft.txt,FX 63-137 (C),fx63137,Y. Tinel,clean,clean,,,499848,bm05004.dat,12.32,1.723,-0.1302,up
vol4,fx63137_c_lft.txt,FX 63-137 (C),fx63137,Y. Tinel,clean,clean,,,499848,bm05004.dat,13.3,1.739,-0.1254,up
vol4,fx63137_c_lft.txt,FX 63-137 (C),fx63137,Y. Tinel,clean,clean,,,499848,bm05004.dat,14.28,1.749,-0.1246,up
vol4,fx63137_c_lft.txt,FX 63-137 (C),fx63137,Y. Tinel,clean,clean,,,499848,bm05004.dat,15.35,1.747,-0.1232,up
vol4,fx63137_c_lft.txt,FX 63-137 (C),fx63137,Y. Tinel,clean,clean,,,499848,bm05004.dat,16.34,1.76,-0.1255,up
vol4,fx63137_c_lft.txt,FX 63-137 (C),fx63137,Y. Tinel,clean,clean,,,499848,bm05004.dat,17.34,1.746,-0.1271,up
vol4,fx63137_c_lft.txt,FX 63-137 (C),fx63137,Y. Tinel,clean,clean,,,499848,bm05004.dat,18.35,1.729,-0.1308,up
vol4,fx63137_c_lft.txt,FX 63-137 (C),fx63137,Y. Tinel,clean,clean,,,499848,bm05004.dat,19.31,1.737,-0.1377,up
vol4,fx63137_c_lft.txt,FX 63-137 (C),fx63137,Y. Tinel,clean,clean,,,499848,bm05004.dat,20.29,1.715,-0.1455,up
vol4,fx63137_c_lft.txt,FX 63-137 (C),fx63137,Y. Tinel,clean,clean,,,499848,bm05004.dat,19.77,1.72,-0.1436,down
vol4,fx63137_c_lft.txt,FX 63-137 (C),fx63137,Y. Tinel,clean,clean,,,499848,bm05004.dat,18.77,1.73,-0.1348,down
vol4,fx63137_c_lft.txt,FX 63-137 (C),fx63137,Y. Tinel,clean,clean,,,499848,bm05004.dat,17.82,1.732,-0.1298,down
vol4,fx63137_c_lft.txt,FX 63-137 (C),fx63137,Y. Tinel,clean,clean,,,499848,bm05004.dat,16.74,1.753,-0.1277,down
vol4,fx63137_c_lft.txt,FX 63-137 (C),fx63137,Y. Tinel,clean,clean,,,499848,bm05004.dat,15.82,1.763,-0.1267,down
vol4,fx63137_c_lft.txt,FX 63-137 (C),fx63137,Y. Tinel,clean,clean,,,499848,bm05004.dat,14.86,1.745,-0.1248,down
vol4,fx63137_c_lft.txt,FX 63-137 (C),fx63137,Y. Tinel,clean,clean,,,499848,bm05004.dat,13.75,1.744,-0.1263,down
vol4,fx63137_c_lft.txt,FX 63-137 (C),fx63137,Y. Tinel,clean,clean,,,499848,bm05004.dat,12.74,1.736,-0.1293,down
vol4,fx63137_c_lft.txt,FX 63-137 (C),fx63137,Y. Tinel,clean,clean,,,499848,bm05004.dat,11.79,1.727,-0.1348,down
vol4,fx63137_c_lft.txt,FX 63-137 (C),fx63137,Y. Tinel,clean,clean,,,499848,bm05004.dat,10.74,1.711,-0.1433,down
vol4,fx63137_c_lft.txt,FX 63-137 (C),fx63137,Y. Tinel,clean,clean,,,499848,bm05004.dat,9.71,1.681,-0.1547,down
vol4,fx63137_c_lft.txt,FX 63-137 (C),fx63137,Y. Tinel,clean,clean,,,499848,bm05004.dat,8.68,1.622,-0.1645,down
vol4,fx63137_c_lft.txt,FX 63-137 (C),fx63137,Y. Tinel,clean,clean,,,499848,bm05004.dat,7.74,1.572,-0.1738,down
vol4,fx63137_c_lft.txt,FX 63-137 (C),fx63137,Y. Tinel,clean,clean,,,499848,bm05004.dat,6.68,1.485,-0.1805,down
vol4,fx63137_c_lft.txt,FX 63-137 (C),fx63137,Y. Tinel,clean,clean,,,499848,bm05004.dat,5.62,1.395,-0.1866,down
vol4,fx63137_c_lft.txt,FX 63-137 (C),fx63137,Y. Tinel,clean,clean,,,499848,bm05004.dat,4.62,1.3,-0.1908,down
vol4,fx63137_c_lft.txt,FX 63-137 (C),fx63137,Y. Tinel,clean,clean,,,499848,bm05004.dat,3.63,1.189,-0.1928,down
vol4,fx63137_c_lft.txt,FX 63-137 (C),fx63137,Y. Tinel,clean,clean,,,499848,bm05004.dat,2.52,1.081,-0.1952,down
vol4,fx63137_c_lft.txt,FX 63-137 (C),fx63137,Y. Tinel,clean,clean,,,499848,bm05004.dat,1.49,0.984,-0.1981,down
vol4,fx63137_c_lft.txt,FX 63-137 (C),fx63137,Y. Tinel,clean,clean,,,499848,bm05004.dat,0.5,0.873,-0.1989,down
vol4,fx63137_c_lft.txt,FX 63-137 (C),fx63137,Y. Tinel,clean,clean,,,499848,bm05004.dat,-0.54,0.77,-0.2005,down
vol4,fx63137_c_lft.txt,FX 63-137 (C),fx63137,Y. Tinel,clean,clean,,,499848,bm05004.dat,-1.52,0.666,-0.2012,down
vol4,fx63137_c_lft.txt,FX 63-137 (C),fx63137,Y. Tinel,clean,clean,,,499848,bm05004.dat,-2.57,0.546,-0.1993,down
vol4,fx63137_c_lft.txt,FX 63-137 (C),fx63137,Y. Tinel,clean,clean,,,499848,bm05004.dat,-3.63,0.422,-0.1948,down
vol4,fx63137_c_lft.txt,FX 63-137 (C),fx63137,Y. Tinel,clean,clean,,,499848,bm05004.dat,-4.64,0.302,-0.1924,down
vol4,fx63137_c_lft.txt,FX 63-137 (C),fx63137,Y. Tinel,clean,clean,,,499848,bm05004.dat,-5.64,0.188,-0.1873,down
vol4,fx63137_c_lft.txt,FX 63-137 (C),fx63137,Y. Tinel,clean,clean,,,499848,bm05004.dat,-6.69,0.072,-0.1807,down
vol4,fx63137_c_lft.txt,FX 63-137 (C),fx63137,Y. Tinel,clean,clean,,,499848,bm05004.dat,-7.62,-0.085,-0.1116,down
vol4,fx63137_c_lft.txt,FX 63-137 (C),fx63137,Y. Tinel,clean,clean,,,499848,bm05004.dat,-8.57,-0.155,-0.0608,down
vol4,fx63137_c_lft.txt,FX 63-137 (C),fx63137,Y. Tinel,clean,clean,,,499848,bm05004.dat,-9.55,-0.208,-0.0354,down
vol4,fx63137_tf_lft.txt,FX 63-137 (C),fx63137,Y. Tinel,tripped,"'u.s.t. located at 2% chord, l.s.t. located at 5% chord'",0.02,0.05,99985,bm05006.dat,-10.08,-0.218,-0.0337,up
vol4,fx63137_tf_lft.txt,FX 63-137 (C),fx63137,Y. Tinel,tripped,"'u.s.t. located at 2% chord, l.s.t. located at 5% chord'",0.02,0.05,99985,bm05006.dat,-9.07,-0.27,-0.0203,up
vol4,fx63137_tf_lft.txt,FX 63-137 (C),fx63137,Y. Tinel,tripped,"'u.s.t. located at 2% chord, l.s.t. located at 5% chord'",0.02,0.05,99985,bm05006.dat,-8.09,-0.288,-0.0167,up
vol4,fx63137_tf_lft.txt,FX 63-137 (C),fx63137,Y. Tinel,tripped,"'u.s.t. located at 2% chord, l.s.t. located at 5% chord'",0.02,0.05,99985,bm05006.dat,-7.12,-0.34,-0.0133,up
vol4,fx63137_tf_lft.txt,FX 63-137 (C),fx63137,Y. Tinel,tripped,"'u.s.t. located at 2% chord, l.s.t. located at 5% chord'",0.02,0.05,99985,bm05006.dat,-6.08,-0.312,-0.0326,up
vol4,fx63137_tf_lft.txt,FX 63-137 (C),fx63137,Y. Tinel,tripped,"'u.s.t. located at 2% chord, l.s.t. located at 5% chord'",0.02,0.05,99985,bm05006.dat,-5.13,-0.012,-0.1532,up
vol4,fx63137_tf_lft.txt,FX 63-137 (C),fx63137,Y. Tinel,tripped,"'u.s.t. located at 2% chord, l.s.t. located at 5% chord'",0.02,0.05,99985,bm05006.dat,-4.14,0.116,-0.1651,up
vol4,fx63137_tf_lft.txt,FX 63-137 (C),fx63137,Y. Tinel,tripped,"'u.s.t. located at 2% chord, l.s.t. located at 5% chord'",0.02,0.05,99985,bm05006.dat,-3.12,0.244,-0.1727,up
vol4,fx63137_tf_lft.txt,FX 63-137 (C),fx63137,Y. Tinel,tripped,"'u.s.t. located at 2% chord, l.s.t. located at 5% chord'",0.02,0.05,99985,bm05006.dat,-2.09,0.368,-0.1807,up
vol4,fx63137_tf_lft.txt,FX 63-137 (C),fx63137,Y. Tinel,tripped,"'u.s.t. located at 2% chord, l.s.t. located at 5% chord'",0.02,0.05,99985,bm05006.dat,-1.05,0.456,-0.1646,up
vol4,fx63137_tf_lft.txt,FX 63-137 (C),fx63137,Y. Tinel,tripped,"'u.s.t. located at 2% chord, l.s.t. located at 5% chord'",0.02,0.05,99985,bm05006.dat,-0.01,0.527,-0.1677,up
vol4,fx63137_tf_lft.txt,FX 63-137 (C),fx63137,Y. Tinel,tripped,"'u.s.t. located at 2% chord, l.s.t. located at 5% chord'",0.02,0.05,99985,bm05006.dat,0.98,0.598,-0.1693,up
vol4,fx63137_tf_lft.txt,FX 63-137 (C),fx63137,Y. Tinel,tripped,"'u.s.t. located at 2% chord, l.s.t. located at 5% chord'",0.02,0.05,99985,bm05006.dat,2.03,0.656,-0.1654,up
vol4,fx63137_tf_lft.txt,FX 63-137 (C),fx63137,Y. Tinel,tripped,"'u.s.t. located at 2% chord, l.s.t. located at 5% chord'",0.02,0.05,99985,bm05006.dat,3.11,0.88,-0.156,up
vol4,fx63137_tf_lft.txt,FX 63-137 (C),fx63137,Y. Tinel,tripped,"'u.s.t. located at 2% chord, l.s.t. located at 5% chord'",0.02,0.05,99985,bm05006.dat,4.11,1.016,-0.1454,up
vol4,fx63137_tf_lft.txt,FX 63-137 (C),fx63137,Y. Tinel,tripped,"'u.s.t. located at 2% chord, l.s.t. located at 5% chord'",0.02,0.05,99985,bm05006.dat,5.13,1.14,-0.1502,up
vol4,fx63137_tf_lft.txt,FX 63-137 (C),fx63137,Y. Tinel,tripped,"'u.s.t. located at 2% chord, l.s.t. located at 5% chord'",0.02,0.05,99985,bm05006.dat,6.19,1.237,-0.1543,up
vol4,fx63137_tf_lft.txt,FX 63-137 (C),fx63137,Y. Tinel,tripped,"'u.s.t. located at 2% chord, l.s.t. located at 5% chord'",0.02,0.05,99985,bm05006.dat,7.21,1.336,-0.151,up
vol4,fx63137_tf_lft.txt,FX 63-137 (C),fx63137,Y. Tinel,tripped,"'u.s.t. located at 2% chord, l.s.t. located at 5% chord'",0.02,0.05,99985,bm05006.dat,8.23,1.41,-0.1436,up
vol4,fx63137_tf_lft.txt,FX 63-137 (C),fx63137,Y. Tinel,tripped,"'u.s.t. located at 2% chord, l.s.t. located at 5% chord'",0.02,0.05,99985,bm05006.dat,9.26,1.485,-0.1295,up
vol4,fx63137_tf_lft.txt,FX 63-137 (C),fx63137,Y. Tinel,tripped,"'u.s.t. located at 2% chord, l.s.t. located at 5% chord'",0.02,0.05,99985,bm05006.dat,10.26,1.528,-0.1328,up
vol4,fx63137_tf_lft.txt,FX 63-137 (C),fx63137,Y. Tinel,tripped,"'u.s.t. located at 2% chord, l.s.t. located at 5% chord'",0.02,0.05,99985,bm05006.dat,11.29,1.532,-0.1219,up
vol4,fx63137_tf_lft.txt,FX 63-137 (C),fx63137,Y. Tinel,tripped,"'u.s.t. located at 2% chord, l.s.t. located at 5% chord'",0.02,0.05,99985,bm05006.dat,12.24,1.514,-0.1242,up
vol4,fx63137_tf_lft.txt,FX 63-137 (C),fx63137,Y. Tinel,tripped,"'u.s.t. located at 2% chord, l.s.t. located at 5% chord'",0.02,0.05,99985,bm05006.dat,13.27,1.503,-0.1234,up
vol4,fx63137_tf_lft.txt,FX 63-137 (C),fx63137,Y. Tinel,tripped,"'u.s.t. located at 2% chord, l.s.t. located at 5% chord'",0.02,0.05,99985,bm05006.dat,14.24,1.491,-0.1279,up
vol4,fx63137_tf_lft.txt,FX 63-137 (C),fx63137,Y. Tinel,tripped,"'u.s.t. located at 2% chord, l.s.t. located at 5% chord'",0.02,0.05,99985,bm05006.dat,15.27,1.495,-0.1273,up
vol4,fx63137_tf_lft.txt,FX 63-137 (C),fx63137,Y. Tinel,tripped,"'u.s.t. located at 2% chord, l.s.t. located at 5% chord'",0.02,0.05,99985,bm05006.dat,16.24,1.508,-0.1309,up
vol4,fx63137_tf_lft.txt,FX 63-137 (C),fx63137,Y. Tinel,tripped,"'u.s.t. located at 2% chord, l.s.t. located at 5% chord'",0.02,0.05,99985,bm05006.dat,17.26,1.545,-0.1337,up
vol4,fx63137_tf_lft.txt,FX 63-137 (C),fx63137,Y. Tinel,tripped,"'u.s.t. located at 2% chord, l.s.t. located at 5% chord'",0.02,0.05,99985,bm05006.dat,18.26,1.566,-0.1376,up
vol4,fx63137_tf_lft.txt,FX 63-137 (C),fx63137,Y. Tinel,tripped,"'u.s.t. located at 2% chord, l.s.t. located at 5% chord'",0.02,0.05,99985,bm05006.dat,19.05,1.109,-0.2642,up
vol4,fx63137_tf_lft.txt,FX 63-137 (C),fx63137,Y. Tinel,tripped,"'u.s.t. located at 2% chord, l.s.t. located at 5% chord'",0.02,0.05,99985,bm05006.dat,20.03,1.191,-0.2861,up
vol4,fx63137_tf_lft.txt,FX 63-137 (C),fx63137,Y. Tinel,tripped,"'u.s.t. located at 2% chord, l.s.t. located at 5% chord'",0.02,0.05,99985,bm05006.dat,19.48,1.134,-0.2838,down
vol4,fx63137_tf_lft.txt,FX 63-137 (C),fx63137,Y. Tinel,tripped,"'u.s.t. located at 2% chord, l.s.t. located at 5% chord'",0.02,0.05,99985,bm05006.dat,18.47,1.102,-0.2707,down
vol4,fx63137_tf_lft.txt,FX 63-137 (C),fx63137,Y. Tinel,tripped,"'u.s.t. located at 2% chord, l.s.t. located at 5% chord'",0.02,0.05,99985,bm05006.dat,17.5,1.066,-0.2508,down
vol4,fx63137_tf_lft.txt,FX 63-137 (C),fx63137,Y. Tinel,tripped,"'u.s.t. located at 2% chord, l.s.t. located at 5% chord'",0.02,0.05,99985,bm05006.dat,16.5,1.107,-0.2425,down
vol4,fx63137_tf_lft.txt,FX 63-137 (C),fx63137,Y. Tinel,tripped,"'u.s.t. located at 2% chord, l.s.t. located at 5% chord'",0.02,0.05,99985,bm05006.dat,15.57,1.199,-0.2268,down
vol4,fx63137_tf_lft.txt,FX 63-137 (C),fx63137,Y. Tinel,tripped,"'u.s.t. located at 2% chord, l.s.t. located at 5% chord'",0.02,0.05,99985,bm05006.dat,14.8,1.506,-0.1251,down
vol4,fx63137_tf_lft.txt,FX 63-137 (C),fx63137,Y. Tinel,tripped,"'u.s.t. located at 2% chord, l.s.t. located at 5% chord'",0.02,0.05,99985,bm05006.dat,13.74,1.511,-0.1276,down
vol4,fx63137_tf_lft.txt,FX 63-137 (C),fx63137,Y. Tinel,tripped,"'u.s.t. located at 2% chord, l.s.t. located at 5% chord'",0.02,0.05,99985,bm05006.dat,12.74,1.52,-0.122,down
vol4,fx63137_tf_lft.txt,FX 63-137 (C),fx63137,Y. Tinel,tripped,"'u.s.t. located at 2% chord, l.s.t. located at 5% chord'",0.02,0.05,99985,bm05006.dat,11.8,1.534,-0.12,down
vol4,fx63137_tf_lft.txt,FX 63-137 (C),fx63137,Y. Tinel,tripped,"'u.s.t. located at 2% chord, l.s.t. located at 5% chord'",0.02,0.05,99985,bm05006.dat,10.69,1.54,-0.1271,down
vol4,fx63137_tf_lft.txt,FX 63-137 (C),fx63137,Y. Tinel,tripped,"'u.s.t. located at 2% chord, l.s.t. located at 5% chord'",0.02,0.05,99985,bm05006.dat,9.76,1.515,-0.1385,down
vol4,fx63137_tf_lft.txt,FX 63-137 (C),fx63137,Y. Tinel,tripped,"'u.s.t. located at 2% chord, l.s.t. located at 5% chord'",0.02,0.05,99985,bm05006.dat,8.71,1.461,-0.1383,down
vol4,fx63137_tf_lft.txt,FX 63-137 (C),fx63137,Y. Tinel,tripped,"'u.s.t. located at 2% chord, l.s.t. located at 5% chord'",0.02,0.05,99985,bm05006.dat,7.68,1.39,-0.1429,down
vol4,fx63137_tf_lft.txt,FX 63-137 (C),fx63137,Y. Tinel,tripped,"'u.s.t. located at 2% chord, l.s.t. located at 5% chord'",0.02,0.05,99985,bm05006.dat,6.68,1.299,-0.1466,down
vol4,fx63137_tf_lft.txt,FX 63-137 (C),fx63137,Y. Tinel,tripped,"'u.s.t. located at 2% chord, l.s.t. located at 5% chord'",0.02,0.05,99985,bm05006.dat,5.61,1.205,-0.156,down
vol4,fx63137_tf_lft.txt,FX 63-137 (C),fx63137,Y. Tinel,tripped,"'u.s.t. located at 2% chord, l.s.t. located at 5% chord'",0.02,0.05,99985,bm05006.dat,4.59,1.079,-0.1497,down
vol4,fx63137_tf_lft.txt,FX 63-137 (C),fx63137,Y. Tinel,tripped,"'u.s.t. located at 2% chord, l.s.t. located at 5% chord'",0.02,0.05,99985,bm05006.dat,3.6,0.963,-0.1604,down
vol4,fx63137_tf_lft.txt,FX 63-137 (C),fx63137,Y. Tinel,tripped,"'u.s.t. located at 2% chord, l.s.t. located at 5% chord'",0.02,0.05,99985,bm05006.dat,2.48,0.699,-0.164,down
vol4,fx63137_tf_lft.txt,FX 63-137 (C),fx63137,Y. Tinel,tripped,"'u.s.t. located at 2% chord, l.s.t. located at 5% chord'",0.02,0.05,99985,bm05006.dat,1.45,0.62,-0.1616,down
vol4,fx63137_tf_lft.txt,FX 63-137 (C),fx63137,Y. Tinel,tripped,"'u.s.t. located at 2% chord, l.s.t. located at 5% chord'",0.02,0.05,99985,bm05006.dat,0.5,0.568,-0.1676,down
vol4,fx63137_tf_lft.txt,FX 63-137 (C),fx63137,Y. Tinel,tripped,"'u.s.t. located at 2% chord, l.s.t. located at 5% chord'",0.02,0.05,99985,bm05006.dat,-0.56,0.501,-0.1723,down
vol4,fx63137_tf_lft.txt,FX 63-137 (C),fx63137,Y. Tinel,tripped,"'u.s.t. located at 2% chord, l.s.t. located at 5% chord'",0.02,0.05,99985,bm05006.dat,-1.59,0.432,-0.1879,down
vol4,fx63137_tf_lft.txt,FX 63-137 (C),fx63137,Y. Tinel,tripped,"'u.s.t. located at 2% chord, l.s.t. located at 5% chord'",0.02,0.05,99985,bm05006.dat,-2.59,0.316,-0.1707,down
vol4,fx63137_tf_lft.txt,FX 63-137 (C),fx63137,Y. Tinel,tripped,"'u.s.t. located at 2% chord, l.s.t. located at 5% chord'",0.02,0.05,99985,bm05006.dat,-3.6,0.181,-0.1614,down
vol4,fx63137_tf_lft.txt,FX 63-137 (C),fx63137,Y. Tinel,tripped,"'u.s.t. located at 2% chord, l.s.t. located at 5% chord'",0.02,0.05,99985,bm05006.dat,-4.57,0.073,-0.1585,down
vol4,fx63137_tf_lft.txt,FX 63-137 (C),fx63137,Y. Tinel,tripped,"'u.s.t. located at 2% chord, l.s.t. located at 5% chord'",0.02,0.05,99985,bm05006.dat,-5.6,-0.244,-0.07,down
vol4,fx63137_tf_lft.txt,FX 63-137 (C),fx63137,Y. Tinel,tripped,"'u.s.t. located at 2% chord, l.s.t. located at 5% chord'",0.02,0.05,99985,bm05006.dat,-6.59,-0.307,-0.0244,down
vol4,fx63137_tf_lft.txt,FX 63-137 (C),fx63137,Y. Tinel,tripped,"'u.s.t. located at 2% chord, l.s.t. located at 5% chord'",0.02,0.05,99985,bm05006.dat,-7.59,-0.319,-0.0181,down
vol4,fx63137_tf_lft.txt,FX 63-137 (C),fx63137,Y. Tinel,tripped,"'u.s.t. located at 2% chord, l.s.t. located at 5% chord'",0.02,0.05,99985,bm05006.dat,-8.62,-0.277,-0.0266,down
vol4,fx63137_tf_lft.txt,FX 63-137 (C),fx63137,Y. Tinel,tripped,"'u.s.t. located at 2% chord, l.s.t. located at 5% chord'",0.02,0.05,99985,bm05006.dat,-9.56,-0.251,-0.0335,down
vol4,fx63137_tf_lft.txt,FX 63-137 (C),fx63137,Y. Tinel,tripped,"'u.s.t. located at 2% chord, l.s.t. located at 5% chord'",0.02,0.05,149980,bm05008.dat,-10.13,-0.239,-0.0144,up
vol4,fx63137_tf_lft.txt,FX 63-137 (C),fx63137,Y. Tinel,tripped,"'u.s.t. located at 2% chord, l.s.t. located at 5% chord'",0.02,0.05,149980,bm05008.dat,-9.09,-0.261,-0.0177,up
vol4,fx63137_tf_lft.txt,FX 63-137 (C),fx63137,Y. Tinel,tripped,"'u.s.t. located at 2% chord, l.s.t. located at 5% chord'",0.02,0.05,149980,bm05008.dat,-8.07,-0.267,-0.0268,up
vol4,fx63137_tf_lft.txt,FX 63-137 (C),fx63137,Y. Tinel,tripped,"'u.s.t. located at 2% chord, l.s.t. located at 5% chord'",0.02,0.05,149980,bm05008.dat,-7.11,-0.197,-0.0566,up
vol4,fx63137_tf_lft.txt,FX 63-137 (C),fx63137,Y. Tinel,tripped,"'u.s.t. located at 2% chord, l.s.t. located at 5% chord'",0.02,0.05,149980,bm05008.dat,-6.16,-0.023,-0.1541,up
vol4,fx63137_tf_lft.txt,FX 63-137 (C),fx63137,Y. Tinel,tripped,"'u.s.t. located at 2% chord, l.s.t. located at 5% chord'",0.02,0.05,149980,bm05008.dat,-5.14,0.159,-0.1856,up
vol4,fx63137_tf_lft.txt,FX 63-137 (C),fx63137,Y. Tinel,tripped,"'u.s.t. located at 2% chord, l.s.t. located at 5% chord'",0.02,0.05,149980,bm05008.dat,-4.12,0.302,-0.1925,up
vol4,fx63137_tf_lft.txt,FX 63-137 (C),fx63137,Y. Tinel,tripped,"'u.s.t. located at 2% chord, l.s.t. located at 5% chord'",0.02,0.05,149980,bm05008.dat,-3.06,0.422,-0.1982,up
vol4,fx63137_tf_lft.txt,FX 63-137 (C),fx63137,Y. Tinel,tripped,"'u.s.t. located at 2% chord, l.s.t. located at 5% chord'",0.02,0.05,149980,bm05008.dat,-2.06,0.535,-0.198,up
vol4,fx63137_tf_lft.txt,FX 63-137 (C),fx63137,Y. Tinel,tripped,"'u.s.t. located at 2% chord, l.s.t. located at 5% chord'",0.02,0.05,149980,bm05008.dat,-1.03,0.643,-0.1927,up
vol4,fx63137_tf_lft.txt,FX 63-137 (C),fx63137,Y. Tinel,tripped,"'u.s.t. located at 2% chord, l.s.t. located at 5% chord'",0.02,0.05,149980,bm05008.dat,0.05,0.742,-0.1908,up
vol4,fx63137_tf_lft.txt,FX 63-137 (C),fx63137,Y. Tinel,tripped,"'u.s.t. located at 2% chord, l.s.t. located at 5% chord'",0.02,0.05,149980,bm05008.dat,1.03,0.832,-0.1868,up
vol4,fx63137_tf_lft.txt,FX 63-137 (C),fx63137,Y. Tinel,tripped,"'u.s.t. located at 2% chord, l.s.t. located at 5% chord'",0.02,0.05,149980,bm05008.dat,2.09,0.933,-0.1789,up
vol4,fx63137_tf_lft.txt,FX 63-137 (C),fx63137,Y. Tinel,tripped,"'u.s.t. located at 2% chord, l.s.t. located at 5% chord'",0.02,0.05,149980,bm05008.dat,3.07,1.024,-0.1751,up
vol4,fx63137_tf_lft.txt,FX 63-137 (C),fx63137,Y. Tinel,tripped,"'u.s.t. located at 2% chord, l.s.t. located at 5% chord'",0.02,0.05,149980,bm05008.dat,4.1,1.097,-0.165,up
vol4,fx63137_tf_lft.txt,FX 63-137 (C),fx63137,Y. Tinel,tripped,"'u.s.t. located at 2% chord, l.s.t. located at 5% chord'",0.02,0.05,149980,bm05008.dat,5.12,1.168,-0.1579,up
vol4,fx63137_tf_lft.txt,FX 63-137 (C),fx63137,Y. Tinel,tripped,"'u.s.t. located at 2% chord, l.s.t. located at 5% chord'",0.02,0.05,149980,bm05008.dat,6.18,1.244,-0.1557,up
vol4,fx63137_tf_lft.txt,FX 63-137 (C),fx63137,Y. Tinel,tripped,"'u.s.t. located at 2% chord, l.s.t. located at 5% chord'",0.02,0.05,149980,bm05008.dat,7.18,1.306,-0.1494,up
vol4,fx63137_tf_lft.txt,FX 63-137 (C),fx63137,Y. Tinel,tripped,"'u.s.t. located at 2% chord, l.s.t. located at 5% chord'",0.02,0.05,149980,bm05008.dat,8.21,1.352,-0.1418,up
vol4,fx63137_tf_lft.txt,FX 63-137 (C),fx63137,Y. Tinel,tripped,"'u.s.t. located at 2% chord, l.s.t. located at 5% chord'",0.02,0.05,149980,bm05008.dat,9.23,1.384,-0.1324,up
vol4,fx63137_tf_lft.txt,FX 63-137 (C),fx63137,Y. Tinel,tripped,"'u.s.t. located at 2% chord, l.s.t. located at 5% chord'",0.02,0.05,149980,bm05008.dat,10.19,1.42,-0.1296,up
vol4,fx63137_tf_lft.txt,FX 63-137 (C),fx63137,Y. Tinel,tripped,"'u.s.t. located at 2% chord, l.s.t. located at 5% chord'",0.02,0.05,149980,bm05008.dat,11.25,1.442,-0.1274,up
vol4,fx63137_tf_lft.txt,FX 63-137 (C),fx63137,Y. Tinel,tripped,"'u.s.t. located at 2% chord, l.s.t. located at 5% chord'",0.02,0.05,149980,bm05008.dat,12.24,1.463,-0.1252,up
vol4,fx63137_tf_lft.txt,FX 63-137 (C),fx63137,Y. Tinel,tripped,"'u.s.t. located at 2% chord, l.s.t. located at 5% chord'",0.02,0.05,149980,bm05008.dat,13.25,1.474,-0.1269,up
vol4,fx63137_tf_lft.txt,FX 63-137 (C),fx63137,Y. Tinel,tripped,"'u.s.t. located at 2% chord, l.s.t. located at 5% chord'",0.02,0.05,149980,bm05008.dat,14.24,1.483,-0.13,up
vol4,fx63137_tf_lft.txt,FX 63-137 (C),fx63137,Y. Tinel,tripped,"'u.s.t. located at 2% chord, l.s.t. located at 5% chord'",0.02,0.05,149980,bm05008.dat,15.26,1.485,-0.1329,up
vol4,fx63137_tf_lft.txt,FX 63-137 (C),fx63137,Y. Tinel,tripped,"'u.s.t. located at 2% chord, l.s.t. located at 5% chord'",0.02,0.05,149980,bm05008.dat,16.24,1.489,-0.1407,up
vol4,fx63137_tf_lft.txt,FX 63-137 (C),fx63137,Y. Tinel,tripped,"'u.s.t. located at 2% chord, l.s.t. located at 5% chord'",0.02,0.05,149980,bm05008.dat,17.21,1.47,-0.1416,up
vol4,fx63137_tf_lft.txt,FX 63-137 (C),fx63137,Y. Tinel,tripped,"'u.s.t. located at 2% chord, l.s.t. located at 5% chord'",0.02,0.05,149980,bm05008.dat,18.24,1.46,-0.1474,up
vol4,fx63137_tf_lft.txt,FX 63-137 (C),fx63137,Y. Tinel,tripped,"'u.s.t. located at 2% chord, l.s.t. located at 5% chord'",0.02,0.05,149980,bm05008.dat,19.26,1.491,-0.1509,up
vol4,fx63137_tf_lft.txt,FX 63-137 (C),fx63137,Y. Tinel,tripped,"'u.s.t. located at 2% chord, l.s.t. located at 5% chord'",0.02,0.05,149980,bm05008.dat,20.0,1.19,-0.2624,up
vol4,fx63137_tf_lft.txt,FX 63-137 (C),fx63137,Y. Tinel,tripped,"'u.s.t. located at 2% chord, l.s.t. located at 5% chord'",0.02,0.05,149980,bm05008.dat,19.56,1.181,-0.2647,down
vol4,fx63137_tf_lft.txt,FX 63-137 (C),fx63137,Y. Tinel,tripped,"'u.s.t. located at 2% chord, l.s.t. located at 5% chord'",0.02,0.05,149980,bm05008.dat,18.54,1.271,-0.2632,down
vol4,fx63137_tf_lft.txt,FX 63-137 (C),fx63137,Y. Tinel,tripped,"'u.s.t. located at 2% chord, l.s.t. located at 5% chord'",0.02,0.05,149980,bm05008.dat,17.54,1.285,-0.2448,down
vol4,fx63137_tf_lft.txt,FX 63-137 (C),fx63137,Y. Tinel,tripped,"'u.s.t. located at 2% chord, l.s.t. located at 5% chord'",0.02,0.05,149980,bm05008.dat,16.6,1.322,-0.2299,down
vol4,fx63137_tf_lft.txt,FX 63-137 (C),fx63137,Y. Tinel,tripped,"'u.s.t. located at 2% chord, l.s.t. located at 5% chord'",0.02,0.05,149980,bm05008.dat,15.62,1.296,-0.2128,down
vol4,fx63137_tf_lft.txt,FX 63-137 (C),fx63137,Y. Tinel,tripped,"'u.s.t. located at 2% chord, l.s.t. located at 5% chord'",0.02,0.05,149980,bm05008.dat,14.76,1.489,-0.1368,down
vol4,fx63137_tf_lft.txt,FX 63-137 (C),fx63137,Y. Tinel,tripped,"'u.s.t. located at 2% chord, l.s.t. located at 5% chord'",0.02,0.05,149980,bm05008.dat,13.74,1.486,-0.1321,down
vol4,fx63137_tf_lft.txt,FX 63-137 (C),fx63137,Y. Tinel,tripped,"'u.s.t. located at 2% chord, l.s.t. located at 5% chord'",0.02,0.05,149980,bm05008.dat,12.72,1.47,-0.1291,down
vol4,fx63137_tf_lft.txt,FX 63-137 (C),fx63137,Y. Tinel,tripped,"'u.s.t. located at 2% chord, l.s.t. located at 5% chord'",0.02,0.05,149980,bm05008.dat,11.75,1.454,-0.1287,down
vol4,fx63137_tf_lft.txt,FX 63-137 (C),fx63137,Y. Tinel,tripped,"'u.s.t. located at 2% chord, l.s.t. located at 5% chord'",0.02,0.05,149980,bm05008.dat,10.71,1.432,-0.1293,down
vol4,fx63137_tf_lft.txt,FX 63-137 (C),fx63137,Y. Tinel,tripped,"'u.s.t. located at 2% chord, l.s.t. located at 5% chord'",0.02,0.05,149980,bm05008.dat,9.72,1.407,-0.1326,down
vol4,fx63137_tf_lft.txt,FX 63-137 (C),fx63137,Y. Tinel,tripped,"'u.s.t. located at 2% chord, l.s.t. located at 5% chord'",0.02,0.05,149980,bm05008.dat,8.73,1.372,-0.1383,down
vol4,fx63137_tf_lft.txt,FX 63-137 (C),fx63137,Y. Tinel,tripped,"'u.s.t. located at 2% chord, l.s.t. located at 5% chord'",0.02,0.05,149980,bm05008.dat,7.65,1.327,-0.1455,down
vol4,fx63137_tf_lft.txt,FX 63-137 (C),fx63137,Y. Tinel,tripped,"'u.s.t. located at 2% chord, l.s.t. located at 5% chord'",0.02,0.05,149980,bm05008.dat,6.64,1.269,-0.1518,down
vol4,fx63137_tf_lft.txt,FX 63-137 (C),fx63137,Y. Tinel,tripped,"'u.s.t. located at 2% chord, l.s.t. located at 5% chord'",0.02,0.05,149980,bm05008.dat,5.61,1.207,-0.1596,down
vol4,fx63137_tf_lft.txt,FX 63-137 (C),fx63137,Y. Tinel,tripped,"'u.s.t. located at 2% chord, l.s.t. located at 5% chord'",0.02,0.05,149980,bm05008.dat,4.62,1.129,-0.1618,down
vol4,fx63137_tf_lft.txt,FX 63-137 (C),fx63137,Y. Tinel,tripped,"'u.s.t. located at 2% chord, l.s.t. located at 5% chord'",0.02,0.05,149980,bm05008.dat,3.57,1.059,-0.1697,down
vol4,fx63137_tf_lft.txt,FX 63-137 (C),fx63137,Y. Tinel,tripped,"'u.s.t. located at 2% chord, l.s.t. located at 5% chord'",0.02,0.05,149980,bm05008.dat,2.56,0.977,-0.176,down
vol4,fx63137_tf_lft.txt,FX 63-137 (C),fx63137,Y. Tinel,tripped,"'u.s.t. located at 2% chord, l.s.t. located at 5% chord'",0.02,0.05,149980,bm05008.dat,1.52,0.881,-0.1807,down
vol4,fx63137_tf_lft.txt,FX 63-137 (C),fx63137,Y. Tinel,tripped,"'u.s.t. located at 2% chord, l.s.t. located at 5% chord'",0.02,0.05,149980,bm05008.dat,0.54,0.79,-0.1858,down
vol4,fx63137_tf_lft.txt,FX 63-137 (C),fx63137,Y. Tinel,tripped,"'u.s.t. located at 2% chord, l.s.t. located at 5% chord'",0.02,0.05,149980,bm05008.dat,-0.51,0.698,-0.1916,down
vol4,fx63137_tf_lft.txt,FX 63-137 (C),fx63137,Y. Tinel,tripped,"'u.s.t. located at 2% chord, l.s.t. located at 5% chord'",0.02,0.05,149980,bm05008.dat,-1.57,0.595,-0.1934,down
vol4,fx63137_tf_lft.txt,FX 63-137 (C),fx63137,Y. Tinel,tripped,"'u.s.t. located at 2% chord, l.s.t. located at 5% chord'",0.02,0.05,149980,bm05008.dat,-2.61,0.483,-0.1931,down
vol4,fx63137_tf_lft.txt,FX 63-137 (C),fx63137,Y. Tinel,tripped,"'u.s.t. located at 2% chord, l.s.t. located at 5% chord'",0.02,0.05,149980,bm05008.dat,-3.6,0.365,-0.1962,down
vol4,fx63137_tf_lft.txt,FX 63-137 (C),fx63137,Y. Tinel,tripped,"'u.s.t. located at 2% chord, l.s.t. located at 5% chord'",0.02,0.05,149980,bm05008.dat,-4.64,0.233,-0.1856,down
vol4,fx63137_tf_lft.txt,FX 63-137 (C),fx63137,Y. Tinel,tripped,"'u.s.t. located at 2% chord, l.s.t. located at 5% chord'",0.02,0.05,149980,bm05008.dat,-5.68,0.077,-0.1715,down
vol4,fx63137_tf_lft.txt,FX 63-137 (C),fx63137,Y. Tinel,tripped,"'u.s.t. located at 2% chord, l.s.t. located at 5% chord'",0.02,0.05,149980,bm05008.dat,-6.63,-0.147,-0.0765,down
vol4,fx63137_tf_lft.txt,FX 63-137 (C),fx63137,Y. Tinel,tripped,"'u.s.t. located at 2% chord, l.s.t. located at 5% chord'",0.02,0.05,149980,bm05008.dat,-7.61,-0.216,-0.0403,down
vol4,fx63137_tf_lft.txt,FX 63-137 (C),fx63137,Y. Tinel,tripped,"'u.s.t. located at 2% chord, l.s.t. located at 5% chord'",0.02,0.05,149980,bm05008.dat,-8.62,-0.275,-0.0177,down
vol4,fx63137_tf_lft.txt,FX 63-137 (C),fx63137,Y. Tinel,tripped,"'u.s.t. located at 2% chord, l.s.t. located at 5% chord'",0.02,0.05,149980,bm05008.dat,-9.58,-0.244,-0.0171,down
vol4,fx63137_tf_lft.txt,FX 63-137 (C),fx63137,Y. Tinel,tripped,"'u.s.t. located at 2% chord, l.s.t. located at 5% chord'",0.02,0.05,200005,bm05010.dat,-10.11,-0.212,-0.0155,up
vol4,fx63137_tf_lft.txt,FX 63-137 (C),fx63137,Y. Tinel,tripped,"'u.s.t. located at 2% chord, l.s.t. located at 5% chord'",0.02,0.05,200005,bm05010.dat,-9.09,-0.246,-0.0197,up
vol4,fx63137_tf_lft.txt,FX 63-137 (C),fx63137,Y. Tinel,tripped,"'u.s.t. located at 2% chord, l.s.t. located at 5% chord'",0.02,0.05,200005,bm05010.dat,-8.08,-0.185,-0.0436,up
vol4,fx63137_tf_lft.txt,FX 63-137 (C),fx63137,Y. Tinel,tripped,"'u.s.t. located at 2% chord, l.s.t. located at 5% chord'",0.02,0.05,200005,bm05010.dat,-7.09,-0.11,-0.0857,up
vol4,fx63137_tf_lft.txt,FX 63-137 (C),fx63137,Y. Tinel,tripped,"'u.s.t. located at 2% chord, l.s.t. located at 5% chord'",0.02,0.05,200005,bm05010.dat,-6.17,0.085,-0.1815,up
vol4,fx63137_tf_lft.txt,FX 63-137 (C),fx63137,Y. Tinel,tripped,"'u.s.t. located at 2% chord, l.s.t. located at 5% chord'",0.02,0.05,200005,bm05010.dat,-5.15,0.207,-0.1908,up
vol4,fx63137_tf_lft.txt,FX 63-137 (C),fx63137,Y. Tinel,tripped,"'u.s.t. located at 2% chord, l.s.t. located at 5% chord'",0.02,0.05,200005,bm05010.dat,-4.11,0.321,-0.1936,up
vol4,fx63137_tf_lft.txt,FX 63-137 (C),fx63137,Y. Tinel,tripped,"'u.s.t. located at 2% chord, l.s.t. located at 5% chord'",0.02,0.05,200005,bm05010.dat,-3.1,0.431,-0.1959,up
vol4,fx63137_tf_lft.txt,FX 63-137 (C),fx63137,Y. Tinel,tripped,"'u.s.t. located at 2% chord, l.s.t. located at 5% chord'",0.02,0.05,200005,bm05010.dat,-2.07,0.538,-0.1944,up
vol4,fx63137_tf_lft.txt,FX 63-137 (C),fx63137,Y. Tinel,tripped,"'u.s.t. located at 2% chord, l.s.t. located at 5% chord'",0.02,0.05,200005,bm05010.dat,-1.01,0.64,-0.1919,up
vol4,fx63137_tf_lft.txt,FX 63-137 (C),fx63137,Y. Tinel,tripped,"'u.s.t. located at 2% chord, l.s.t. located at 5% chord'",0.02,0.05,200005,bm05010.dat,0.01,0.752,-0.1912,up
vol4,fx63137_tf_lft.txt,FX 63-137 (C),fx63137,Y. Tinel,tripped,"'u.s.t. located at 2% chord, l.s.t. located at 5% chord'",0.02,0.05,200005,bm05010.dat,1.01,0.849,-0.1879,up
vol4,fx63137_tf_lft.txt,FX 63-137 (C),fx63137,Y. Tinel,tripped,"'u.s.t. located at 2% chord, l.s.t. located at 5% chord'",0.02,0.05,200005,bm05010.dat,2.03,0.937,-0.1812,up
vol4,fx63137_tf_lft.txt,FX 63-137 (C),fx63137,Y. Tinel,tripped,"'u.s.t. located at 2% chord, l.s.t. located at 5% chord'",0.02,0.05,200005,bm05010.dat,3.07,1.006,-0.1735,up
vol4,fx63137_tf_lft.txt,FX 63-137 (C),fx63137,Y. Tinel,tripped,"'u.s.t. located at 2% chord, l.s.t. located at 5% chord'",0.02,0.05,200005,bm05010.dat,4.09,1.084,-0.1673,up
vol4,fx63137_tf_lft.txt,FX 63-137 (C),fx63137,Y. Tinel,tripped,"'u.s.t. located at 2% chord, l.s.t. located at 5% chord'",0.02,0.05,200005,bm05010.dat,5.17,1.162,-0.1608,up
vol4,fx63137_tf_lft.txt,FX 63-137 (C),fx63137,Y. Tinel,tripped,"'u.s.t. located at 2% chord, l.s.t. located at 5% chord'",0.02,0.05,200005,bm05010.dat,6.16,1.225,-0.155,up
vol4,fx63137_tf_lft.txt,FX 63-137 (C),fx63137,Y. Tinel,tripped,"'u.s.t. located at 2% chord, l.s.t. located at 5% chord'",0.02,0.05,200005,bm05010.dat,7.15,1.296,-0.1501,up
vol4,fx63137_tf_lft.txt,FX 63-137 (C),fx63137,Y. Tinel,tripped,"'u.s.t. located at 2% chord, l.s.t. located at 5% chord'",0.02,0.05,200005,bm05010.dat,8.22,1.346,-0.143,up
vol4,fx63137_tf_lft.txt,FX 63-137 (C),fx63137,Y. Tinel,tripped,"'u.s.t. located at 2% chord, l.s.t. located at 5% chord'",0.02,0.05,200005,bm05010.dat,9.25,1.392,-0.1366,up
vol4,fx63137_tf_lft.txt,FX 63-137 (C),fx63137,Y. Tinel,tripped,"'u.s.t. located at 2% chord, l.s.t. located at 5% chord'",0.02,0.05,200005,bm05010.dat,10.26,1.426,-0.1327,up
vol4,fx63137_tf_lft.txt,FX 63-137 (C),fx63137,Y. Tinel,tripped,"'u.s.t. located at 2% chord, l.s.t. located at 5% chord'",0.02,0.05,200005,bm05010.dat,11.27,1.453,-0.1311,up
vol4,fx63137_tf_lft.txt,FX 63-137 (C),fx63137,Y. Tinel,tripped,"'u.s.t. located at 2% chord, l.s.t. located at 5% chord'",0.02,0.05,200005,bm05010.dat,12.25,1.478,-0.1309,up
vol4,fx63137_tf_lft.txt,FX 63-137 (C),fx63137,Y. Tinel,tripped,"'u.s.t. located at 2% chord, l.s.t. located at 5% chord'",0.02,0.05,200005,bm05010.dat,13.23,1.492,-0.1309,up
vol4,fx63137_tf_lft.txt,FX 63-137 (C),fx63137,Y. Tinel,tripped,"'u.s.t. located at 2% chord, l.s.t. located at 5% chord'",0.02,0.05,200005,bm05010.dat,14.22,1.5,-0.1334,up
vol4,fx63137_tf_lft.txt,FX 63-137 (C),fx63137,Y. Tinel,tripped,"'u.s.t. located at 2% chord, l.s.t. located at 5% chord'",0.02,0.05,200005,bm05010.dat,15.26,1.495,-0.1367,up
vol4,fx63137_tf_lft.txt,FX 63-137 (C),fx63137,Y. Tinel,tripped,"'u.s.t. located at 2% chord, l.s.t. located at 5% chord'",0.02,0.05,200005,bm05010.dat,16.25,1.489,-0.1415,up
vol4,fx63137_tf_lft.txt,FX 63-137 (C),fx63137,Y. Tinel,tripped,"'u.s.t. located at 2% chord, l.s.t. located at 5% chord'",0.02,0.05,200005,bm05010.dat,17.24,1.509,-0.1481,up
vol4,fx63137_tf_lft.txt,FX 63-137 (C),fx63137,Y. Tinel,tripped,"'u.s.t. located at 2% chord, l.s.t. located at 5% chord'",0.02,0.05,200005,bm05010.dat,18.21,1.482,-0.1509,up
vol4,fx63137_tf_lft.txt,FX 63-137 (C),fx63137,Y. Tinel,tripped,"'u.s.t. located at 2% chord, l.s.t. located at 5% chord'",0.02,0.05,200005,bm05010.dat,19.25,1.494,-0.16,up
vol4,fx63137_tf_lft.txt,FX 63-137 (C),fx63137,Y. Tinel,tripped,"'u.s.t. located at 2% chord, l.s.t. located at 5% chord'",0.02,0.05,200005,bm05010.dat,20.17,1.496,-0.1632,up
vol4,fx63137_tf_lft.txt,FX 63-137 (C),fx63137,Y. Tinel,tripped,"'u.s.t. located at 2% chord, l.s.t. located at 5% chord'",0.02,0.05,200005,bm05010.dat,19.7,1.493,-0.1649,down
vol4,fx63137_tf_lft.txt,FX 63-137 (C),fx63137,Y. Tinel,tripped,"'u.s.t. located at 2% chord, l.s.t. located at 5% chord'",0.02,0.05,200005,bm05010.dat,18.7,1.506,-0.1608,down
vol4,fx63137_tf_lft.txt,FX 63-137 (C),fx63137,Y. Tinel,tripped,"'u.s.t. located at 2% chord, l.s.t. located at 5% chord'",0.02,0.05,200005,bm05010.dat,17.7,1.492,-0.152,down
vol4,fx63137_tf_lft.txt,FX 63-137 (C),fx63137,Y. Tinel,tripped,"'u.s.t. located at 2% chord, l.s.t. located at 5% chord'",0.02,0.05,200005,bm05010.dat,16.71,1.512,-0.1479,down
vol4,fx63137_tf_lft.txt,FX 63-137 (C),fx63137,Y. Tinel,tripped,"'u.s.t. located at 2% chord, l.s.t. located at 5% chord'",0.02,0.05,200005,bm05010.dat,15.73,1.506,-0.142,down
vol4,fx63137_tf_lft.txt,FX 63-137 (C),fx63137,Y. Tinel,tripped,"'u.s.t. located at 2% chord, l.s.t. located at 5% chord'",0.02,0.05,200005,bm05010.dat,14.71,1.508,-0.1378,down
vol4,fx63137_tf_lft.txt,FX 63-137 (C),fx63137,Y. Tinel,tripped,"'u.s.t. located at 2% chord, l.s.t. located at 5% chord'",0.02,0.05,200005,bm05010.dat,13.71,1.501,-0.1349,down
vol4,fx63137_tf_lft.txt,FX 63-137 (C),fx63137,Y. Tinel,tripped,"'u.s.t. located at 2% chord, l.s.t. located at 5% chord'",0.02,0.05,200005,bm05010.dat,12.72,1.491,-0.1334,down
vol4,fx63137_tf_lft.txt,FX 63-137 (C),fx63137,Y. Tinel,tripped,"'u.s.t. located at 2% chord, l.s.t. located at 5% chord'",0.02,0.05,200005,bm05010.dat,11.67,1.471,-0.1329,down
vol4,fx63137_tf_lft.txt,FX 63-137 (C),fx63137,Y. Tinel,tripped,"'u.s.t. located at 2% chord, l.s.t. located at 5% chord'",0.02,0.05,200005,bm05010.dat,10.72,1.444,-0.134,down
vol4,fx63137_tf_lft.txt,FX 63-137 (C),fx63137,Y. Tinel,tripped,"'u.s.t. located at 2% chord, l.s.t. located at 5% chord'",0.02,0.05,200005,bm05010.dat,9.77,1.411,-0.1369,down
vol4,fx63137_tf_lft.txt,FX 63-137 (C),fx63137,Y. Tinel,tripped,"'u.s.t. located at 2% chord, l.s.t. located at 5% chord'",0.02,0.05,200005,bm05010.dat,8.71,1.379,-0.1427,down
vol4,fx63137_tf_lft.txt,FX 63-137 (C),fx63137,Y. Tinel,tripped,"'u.s.t. located at 2% chord, l.s.t. located at 5% chord'",0.02,0.05,200005,bm05010.dat,7.67,1.326,-0.1487,down
vol4,fx63137_tf_lft.txt,FX 63-137 (C),fx63137,Y. Tinel,tripped,"'u.s.t. located at 2% chord, l.s.t. located at 5% chord'",0.02,0.05,200005,bm05010.dat,6.64,1.257,-0.1543,down
vol4,fx63137_tf_lft.txt,FX 63-137 (C),fx63137,Y. Tinel,tripped,"'u.s.t. located at 2% chord, l.s.t. located at 5% chord'",0.02,0.05,200005,bm05010.dat,5.62,1.199,-0.161,down
vol4,fx63137_tf_lft.txt,FX 63-137 (C),fx63137,Y. Tinel,tripped,"'u.s.t. located at 2% chord, l.s.t. located at 5% chord'",0.02,0.05,200005,bm05010.dat,4.6,1.131,-0.1671,down
vol4,fx63137_tf_lft.txt,FX 63-137 (C),fx63137,Y. Tinel,tripped,"'u.s.t. located at 2% chord, l.s.t. located at 5% chord'",0.02,0.05,200005,bm05010.dat,3.59,1.052,-0.1734,down
vol4,fx63137_tf_lft.txt,FX 63-137 (C),fx63137,Y. Tinel,tripped,"'u.s.t. located at 2% chord, l.s.t. located at 5% chord'",0.02,0.05,200005,bm05010.dat,2.54,0.981,-0.1806,down
vol4,fx63137_tf_lft.txt,FX 63-137 (C),fx63137,Y. Tinel,tripped,"'u.s.t. located at 2% chord, l.s.t. located at 5% chord'",0.02,0.05,200005,bm05010.dat,1.51,0.892,-0.1862,down
vol4,fx63137_tf_lft.txt,FX 63-137 (C),fx63137,Y. Tinel,tripped,"'u.s.t. located at 2% chord, l.s.t. located at 5% chord'",0.02,0.05,200005,bm05010.dat,0.55,0.805,-0.1905,down
vol4,fx63137_tf_lft.txt,FX 63-137 (C),fx63137,Y. Tinel,tripped,"'u.s.t. located at 2% chord, l.s.t. located at 5% chord'",0.02,0.05,200005,bm05010.dat,-0.53,0.695,-0.1934,down
vol4,fx63137_tf_lft.txt,FX 63-137 (C),fx63137,Y. Tinel,tripped,"'u.s.t. located at 2% chord, l.s.t. located at 5% chord'",0.02,0.05,200005,bm05010.dat,-1.56,0.595,-0.1961,down
vol4,fx63137_tf_lft.txt,FX 63-137 (C),fx63137,Y. Tinel,tripped,"'u.s.t. located at 2% chord, l.s.t. located at 5% chord'",0.02,0.05,200005,bm05010.dat,-2.59,0.487,-0.1965,down
vol4,fx63137_tf_lft.txt,FX 63-137 (C),fx63137,Y. Tinel,tripped,"'u.s.t. located at 2% chord, l.s.t. located at 5% chord'",0.02,0.05,200005,bm05010.dat,-3.64,0.377,-0.1942,down
vol4,fx63137_tf_lft.txt,FX 63-137 (C),fx63137,Y. Tinel,tripped,"'u.s.t. located at 2% chord, l.s.t. located at 5% chord'",0.02,0.05,200005,bm05010.dat,-4.62,0.269,-0.1912,down
vol4,fx63137_tf_lft.txt,FX 63-137 (C),fx63137,Y. Tinel,tripped,"'u.s.t. located at 2% chord, l.s.t. located at 5% chord'",0.02,0.05,200005,bm05010.dat,-5.66,0.15,-0.1866,down
vol4,fx63137_tf_lft.txt,FX 63-137 (C),fx63137,Y. Tinel,tripped,"'u.s.t. located at 2% chord, l.s.t. located at 5% chord'",0.02,0.05,200005,bm05010.dat,-6.61,-0.014,-0.1435,down
vol4,fx63137_tf_lft.txt,FX 63-137 (C),fx63137,Y. Tinel,tripped,"'u.s.t. located at 2% chord, l.s.t. located at 5% chord'",0.02,0.05,200005,bm05010.dat,-7.59,-0.156,-0.0625,down
vol4,fx63137_tf_lft.txt,FX 63-137 (C),fx63137,Y. Tinel,tripped,"'u.s.t. located at 2% chord, l.s.t. located at 5% chord'",0.02,0.05,200005,bm05010.dat,-8.59,-0.225,-0.0313,down
vol4,fx63137_tf_lft.txt,FX 63-137 (C),fx63137,Y. Tinel,tripped,"'u.s.t. located at 2% chord, l.s.t. located at 5% chord'",0.02,0.05,200005,bm05010.dat,-9.61,-0.233,-0.018,down
vol4,fx63137_tf_lft.txt,FX 63-137 (C),fx63137,Y. Tinel,tripped,"'u.s.t. located at 2% chord, l.s.t. located at 5% chord'",0.02,0.05,349891,bm05012.dat,-10.15,-0.252,-0.0298,up
vol4,fx63137_tf_lft.txt,FX 63-137 (C),fx63137,Y. Tinel,tripped,"'u.s.t. located at 2% chord, l.s.t. located at 5% chord'",0.02,0.05,349891,bm05012.dat,-9.08,-0.213,-0.0451,up
vol4,fx63137_tf_lft.txt,FX 63-137 (C),fx63137,Y. Tinel,tripped,"'u.s.t. located at 2% chord, l.s.t. located at 5% chord'",0.02,0.05,349891,bm05012.dat,-8.12,-0.143,-0.078,up
vol4,fx63137_tf_lft.txt,FX 63-137 (C),fx63137,Y. Tinel,tripped,"'u.s.t. located at 2% chord, l.s.t. located at 5% chord'",0.02,0.05,349891,bm05012.dat,-7.17,-0.044,-0.1271,up
vol4,fx63137_tf_lft.txt,FX 63-137 (C),fx63137,Y. Tinel,tripped,"'u.s.t. located at 2% chord, l.s.t. located at 5% chord'",0.02,0.05,349891,bm05012.dat,-6.13,0.126,-0.1858,up
vol4,fx63137_tf_lft.txt,FX 63-137 (C),fx63137,Y. Tinel,tripped,"'u.s.t. located at 2% chord, l.s.t. located at 5% chord'",0.02,0.05,349891,bm05012.dat,-5.09,0.241,-0.1898,up
vol4,fx63137_tf_lft.txt,FX 63-137 (C),fx63137,Y. Tinel,tripped,"'u.s.t. located at 2% chord, l.s.t. located at 5% chord'",0.02,0.05,349891,bm05012.dat,-4.08,0.362,-0.1943,up
vol4,fx63137_tf_lft.txt,FX 63-137 (C),fx63137,Y. Tinel,tripped,"'u.s.t. located at 2% chord, l.s.t. located at 5% chord'",0.02,0.05,349891,bm05012.dat,-3.05,0.468,-0.1943,up
vol4,fx63137_tf_lft.txt,FX 63-137 (C),fx63137,Y. Tinel,tripped,"'u.s.t. located at 2% chord, l.s.t. located at 5% chord'",0.02,0.05,349891,bm05012.dat,-2.02,0.568,-0.1919,up
vol4,fx63137_tf_lft.txt,FX 63-137 (C),fx63137,Y. Tinel,tripped,"'u.s.t. located at 2% chord, l.s.t. located at 5% chord'",0.02,0.05,349891,bm05012.dat,-1.0,0.658,-0.1885,up
vol4,fx63137_tf_lft.txt,FX 63-137 (C),fx63137,Y. Tinel,tripped,"'u.s.t. located at 2% chord, l.s.t. located at 5% chord'",0.02,0.05,349891,bm05012.dat,-0.01,0.746,-0.1843,up
vol4,fx63137_tf_lft.txt,FX 63-137 (C),fx63137,Y. Tinel,tripped,"'u.s.t. located at 2% chord, l.s.t. located at 5% chord'",0.02,0.05,349891,bm05012.dat,1.0,0.839,-0.1819,up
vol4,fx63137_tf_lft.txt,FX 63-137 (C),fx63137,Y. Tinel,tripped,"'u.s.t. located at 2% chord, l.s.t. located at 5% chord'",0.02,0.05,349891,bm05012.dat,2.01,0.927,-0.1789,up
vol4,fx63137_tf_lft.txt,FX 63-137 (C),fx63137,Y. Tinel,tripped,"'u.s.t. located at 2% chord, l.s.t. located at 5% chord'",0.02,0.05,349891,bm05012.dat,3.08,1.027,-0.1761,up
vol4,fx63137_tf_lft.txt,FX 63-137 (C),fx63137,Y. Tinel,tripped,"'u.s.t. located at 2% chord, l.s.t. located at 5% chord'",0.02,0.05,349891,bm05012.dat,4.1,1.109,-0.1717,up
vol4,fx63137_tf_lft.txt,FX 63-137 (C),fx63137,Y. Tinel,tripped,"'u.s.t. located at 2% chord, l.s.t. located at 5% chord'",0.02,0.05,349891,bm05012.dat,5.1,1.195,-0.1675,up
vol4,fx63137_tf_lft.txt,FX 63-137 (C),fx63137,Y. Tinel,tripped,"'u.s.t. located at 2% chord, l.s.t. located at 5% chord'",0.02,0.05,349891,bm05012.dat,6.19,1.276,-0.1629,up
vol4,fx63137_tf_lft.txt,FX 63-137 (C),fx63137,Y. Tinel,tripped,"'u.s.t. located at 2% chord, l.s.t. located at 5% chord'",0.02,0.05,349891,bm05012.dat,7.15,1.337,-0.1564,up
vol4,fx63137_tf_lft.txt,FX 63-137 (C),fx63137,Y. Tinel,tripped,"'u.s.t. located at 2% chord, l.s.t. located at 5% chord'",0.02,0.05,349891,bm05012.dat,8.2,1.383,-0.148,up
vol4,fx63137_tf_lft.txt,FX 63-137 (C),fx63137,Y. Tinel,tripped,"'u.s.t. located at 2% chord, l.s.t. located at 5% chord'",0.02,0.05,349891,bm05012.dat,9.25,1.419,-0.142,up
vol4,fx63137_tf_lft.txt,FX 63-137 (C),fx63137,Y. Tinel,tripped,"'u.s.t. located at 2% chord, l.s.t. located at 5% chord'",0.02,0.05,349891,bm05012.dat,10.21,1.455,-0.1384,up
vol4,fx63137_tf_lft.txt,FX 63-137 (C),fx63137,Y. Tinel,tripped,"'u.s.t. located at 2% chord, l.s.t. located at 5% chord'",0.02,0.05,349891,bm05012.dat,11.23,1.492,-0.1368,up
vol4,fx63137_tf_lft.txt,FX 63-137 (C),fx63137,Y. Tinel,tripped,"'u.s.t. located at 2% chord, l.s.t. located at 5% chord'",0.02,0.05,349891,bm05012.dat,12.23,1.509,-0.1363,up
vol4,fx63137_tf_lft.txt,FX 63-137 (C),fx63137,Y. Tinel,tripped,"'u.s.t. located at 2% chord, l.s.t. located at 5% chord'",0.02,0.05,349891,bm05012.dat,13.21,1.527,-0.137,up
vol4,fx63137_tf_lft.txt,FX 63-137 (C),fx63137,Y. Tinel,tripped,"'u.s.t. located at 2% chord, l.s.t. located at 5% chord'",0.02,0.05,349891,bm05012.dat,14.25,1.538,-0.1393,up
vol4,fx63137_tf_lft.txt,FX 63-137 (C),fx63137,Y. Tinel,tripped,"'u.s.t. located at 2% chord, l.s.t. located at 5% chord'",0.02,0.05,349891,bm05012.dat,15.24,1.519,-0.1428,up
vol4,fx63137_tf_lft.txt,FX 63-137 (C),fx63137,Y. Tinel,tripped,"'u.s.t. located at 2% chord, l.s.t. located at 5% chord'",0.02,0.05,349891,bm05012.dat,16.22,1.508,-0.1456,up
vol4,fx63137_tf_lft.txt,FX 63-137 (C),fx63137,Y. Tinel,tripped,"'u.s.t. located at 2% chord, l.s.t. located at 5% chord'",0.02,0.05,349891,bm05012.dat,17.16,1.521,-0.1523,up
vol4,fx63137_tf_lft.txt,FX 63-137 (C),fx63137,Y. Tinel,tripped,"'u.s.t. located at 2% chord, l.s.t. located at 5% chord'",0.02,0.05,349891,bm05012.dat,18.2,1.516,-0.1576,up
vol4,fx63137_tf_lft.txt,FX 63-137 (C),fx63137,Y. Tinel,tripped,"'u.s.t. located at 2% chord, l.s.t. located at 5% chord'",0.02,0.05,349891,bm05012.dat,19.2,1.518,-0.1651,up
vol4,fx63137_tf_lft.txt,FX 63-137 (C),fx63137,Y. Tinel,tripped,"'u.s.t. located at 2% chord, l.s.t. located at 5% chord'",0.02,0.05,349891,bm05012.dat,20.19,1.5,-0.171,up
vol4,fx63137_tf_lft.txt,FX 63-137 (C),fx63137,Y. Tinel,tripped,"'u.s.t. located at 2% chord, l.s.t. located at 5% chord'",0.02,0.05,349891,bm05012.dat,19.69,1.514,-0.1698,down
vol4,fx63137_tf_lft.txt,FX 63-137 (C),fx63137,Y. Tinel,tripped,"'u.s.t. located at 2% chord, l.s.t. located at 5% chord'",0.02,0.05,349891,bm05012.dat,18.67,1.521,-0.1624,down
vol4,fx63137_tf_lft.txt,FX 63-137 (C),fx63137,Y. Tinel,tripped,"'u.s.t. located at 2% chord, l.s.t. located at 5% chord'",0.02,0.05,349891,bm05012.dat,17.72,1.513,-0.1545,down
vol4,fx63137_tf_lft.txt,FX 63-137 (C),fx63137,Y. Tinel,tripped,"'u.s.t. located at 2% chord, l.s.t. located at 5% chord'",0.02,0.05,349891,bm05012.dat,16.72,1.527,-0.1501,down
vol4,fx63137_tf_lft.txt,FX 63-137 (C),fx63137,Y. Tinel,tripped,"'u.s.t. located at 2% chord, l.s.t. located at 5% chord'",0.02,0.05,349891,bm05012.dat,15.72,1.526,-0.1448,down
vol4,fx63137_tf_lft.txt,FX 63-137 (C),fx63137,Y. Tinel,tripped,"'u.s.t. located at 2% chord, l.s.t. located at 5% chord'",0.02,0.05,349891,bm05012.dat,14.7,1.532,-0.1403,down
vol4,fx63137_tf_lft.txt,FX 63-137 (C),fx63137,Y. Tinel,tripped,"'u.s.t. located at 2% chord, l.s.t. located at 5% chord'",0.02,0.05,349891,bm05012.dat,13.68,1.534,-0.1389,down
vol4,fx63137_tf_lft.txt,FX 63-137 (C),fx63137,Y. Tinel,tripped,"'u.s.t. located at 2% chord, l.s.t. located at 5% chord'",0.02,0.05,349891,bm05012.dat,12.71,1.512,-0.1344,down
vol4,fx63137_tf_lft.txt,FX 63-137 (C),fx63137,Y. Tinel,tripped,"'u.s.t. located at 2% chord, l.s.t. located at 5% chord'",0.02,0.05,349891,bm05012.dat,11.74,1.492,-0.1352,down
vol4,fx63137_tf_lft.txt,FX 63-137 (C),fx63137,Y. Tinel,tripped,"'u.s.t. located at 2% chord, l.s.t. located at 5% chord'",0.02,0.05,349891,bm05012.dat,10.69,1.469,-0.1371,down
vol4,fx63137_tf_lft.txt,FX 63-137 (C),fx63137,Y. Tinel,tripped,"'u.s.t. located at 2% chord, l.s.t. located at 5% chord'",0.02,0.05,349891,bm05012.dat,9.73,1.433,-0.1393,down
vol4,fx63137_tf_lft.txt,FX 63-137 (C),fx63137,Y. Tinel,tripped,"'u.s.t. located at 2% chord, l.s.t. located at 5% chord'",0.02,0.05,349891,bm05012.dat,8.67,1.398,-0.1446,down
vol4,fx63137_tf_lft.txt,FX 63-137 (C),fx63137,Y. Tinel,tripped,"'u.s.t. located at 2% chord, l.s.t. located at 5% chord'",0.02,0.05,349891,bm05012.dat,7.66,1.361,-0.1524,down
vol4,fx63137_tf_lft.txt,FX 63-137 (C),fx63137,Y. Tinel,tripped,"'u.s.t. located at 2% chord, l.s.t. located at 5% chord'",0.02,0.05,349891,bm05012.dat,6.65,1.309,-0.1599,down
vol4,fx63137_tf_lft.txt,FX 63-137 (C),fx63137,Y. Tinel,tripped,"'u.s.t. located at 2% chord, l.s.t. located at 5% chord'",0.02,0.05,349891,bm05012.dat,5.64,1.233,-0.1652,down
vol4,fx63137_tf_lft.txt,FX 63-137 (C),fx63137,Y. Tinel,tripped,"'u.s.t. located at 2% chord, l.s.t. located at 5% chord'",0.02,0.05,349891,bm05012.dat,4.61,1.155,-0.1697,down
vol4,fx63137_tf_lft.txt,FX 63-137 (C),fx63137,Y. Tinel,tripped,"'u.s.t. located at 2% chord, l.s.t. located at 5% chord'",0.02,0.05,349891,bm05012.dat,3.64,1.068,-0.1732,down
vol4,fx63137_tf_lft.txt,FX 63-137 (C),fx63137,Y. Tinel,tripped,"'u.s.t. located at 2% chord, l.s.t. located at 5% chord'",0.02,0.05,349891,bm05012.dat,2.59,0.976,-0.1772,down
vol4,fx63137_tf_lft.txt,FX 63-137 (C),fx63137,Y. Tinel,tripped,"'u.s.t. located at 2% chord, l.s.t. located at 5% chord'",0.02,0.05,349891,bm05012.dat,1.52,0.884,-0.1807,down
vol4,fx63137_tf_lft.txt,FX 63-137 (C),fx63137,Y. Tinel,tripped,"'u.s.t. located at 2% chord, l.s.t. located at 5% chord'",0.02,0.05,349891,bm05012.dat,0.49,0.79,-0.1833,down
vol4,fx63137_tf_lft.txt,FX 63-137 (C),fx63137,Y. Tinel,tripped,"'u.s.t. located at 2% chord, l.s.t. located at 5% chord'",0.02,0.05,349891,bm05012.dat,-0.5,0.696,-0.1864,down
vol4,fx63137_tf_lft.txt,FX 63-137 (C),fx63137,Y. Tinel,tripped,"'u.s.t. located at 2% chord, l.s.t. located at 5% chord'",0.02,0.05,349891,bm05012.dat,-1.57,0.607,-0.1907,down
vol4,fx63137_tf_lft.txt,FX 63-137 (C),fx63137,Y. Tinel,tripped,"'u.s.t. located at 2% chord, l.s.t. located at 5% chord'",0.02,0.05,349891,bm05012.dat,-2.6,0.511,-0.1952,down
vol4,fx63137_tf_lft.txt,FX 63-137 (C),fx63137,Y. Tinel,tripped,"'u.s.t. located at 2% chord, l.s.t. located at 5% chord'",0.02,0.05,349891,bm05012.dat,-3.58,0.409,-0.1952,down
vol4,fx63137_tf_lft.txt,FX 63-137 (C),fx63137,Y. Tinel,tripped,"'u.s.t. located at 2% chord, l.s.t. located at 5% chord'",0.02,0.05,349891,bm05012.dat,-4.63,0.297,-0.1922,down
vol4,fx63137_tf_lft.txt,FX 63-137 (C),fx63137,Y. Tinel,tripped,"'u.s.t. located at 2% chord, l.s.t. located at 5% chord'",0.02,0.05,349891,bm05012.dat,-5.67,0.172,-0.1877,down
vol4,fx63137_tf_lft.txt,FX 63-137 (C),fx63137,Y. Tinel,tripped,"'u.s.t. located at 2% chord, l.s.t. located at 5% chord'",0.02,0.05,349891,bm05012.dat,-6.64,0.06,-0.1813,down
vol4,fx63137_tf_lft.txt,FX 63-137 (C),fx63137,Y. Tinel,tripped,"'u.s.t. located at 2% chord, l.s.t. located at 5% chord'",0.02,0.05,349891,bm05012.dat,-7.56,-0.099,-0.1,down
vol4,fx63137_tf_lft.txt,FX 63-137 (C),fx63137,Y. Tinel,tripped,"'u.s.t. located at 2% chord, l.s.t. located at 5% chord'",0.02,0.05,349891,bm05012.dat,-8.63,-0.181,-0.0509,down
vol4,fx63137_tf_lft.txt,FX 63-137 (C),fx63137,Y. Tinel,tripped,"'u.s.t. located at 2% chord, l.s.t. located at 5% chord'",0.02,0.05,349891,bm05012.dat,-9.62,-0.223,-0.0267,down
vol4,fx63137_tf_lft.txt,FX 63-137 (C),fx63137,Y. Tinel,tripped,"'u.s.t. located at 2% chord, l.s.t. located at 5% chord'",0.02,0.05,499970,bm05014.dat,-10.1,-0.218,-0.0234,up
vol4,fx63137_tf_lft.txt,FX 63-137 (C),fx63137,Y. Tinel,tripped,"'u.s.t. located at 2% chord, l.s.t. located at 5% chord'",0.02,0.05,499970,bm05014.dat,-9.16,-0.191,-0.0438,up
vol4,fx63137_tf_lft.txt,FX 63-137 (C),fx63137,Y. Tinel,tripped,"'u.s.t. located at 2% chord, l.s.t. located at 5% chord'",0.02,0.05,499970,bm05014.dat,-8.14,-0.129,-0.076,up
vol4,fx63137_tf_lft.txt,FX 63-137 (C),fx63137,Y. Tinel,tripped,"'u.s.t. located at 2% chord, l.s.t. located at 5% chord'",0.02,0.05,499970,bm05014.dat,-7.12,-0.025,-0.1402,up
vol4,fx63137_tf_lft.txt,FX 63-137 (C),fx63137,Y. Tinel,tripped,"'u.s.t. located at 2% chord, l.s.t. located at 5% chord'",0.02,0.05,499970,bm05014.dat,-6.16,0.132,-0.185,up
vol4,fx63137_tf_lft.txt,FX 63-137 (C),fx63137,Y. Tinel,tripped,"'u.s.t. located at 2% chord, l.s.t. located at 5% chord'",0.02,0.05,499970,bm05014.dat,-5.08,0.259,-0.1912,up
vol4,fx63137_tf_lft.txt,FX 63-137 (C),fx63137,Y. Tinel,tripped,"'u.s.t. located at 2% chord, l.s.t. located at 5% chord'",0.02,0.05,499970,bm05014.dat,-4.08,0.358,-0.1907,up
vol4,fx63137_tf_lft.txt,FX 63-137 (C),fx63137,Y. Tinel,tripped,"'u.s.t. located at 2% chord, l.s.t. located at 5% chord'",0.02,0.05,499970,bm05014.dat,-3.05,0.46,-0.1899,up
vol4,fx63137_tf_lft.txt,FX 63-137 (C),fx63137,Y. Tinel,tripped,"'u.s.t. located at 2% chord, l.s.t. located at 5% chord'",0.02,0.05,499970,bm05014.dat,-2.03,0.566,-0.1886,up
vol4,fx63137_tf_lft.txt,FX 63-137 (C),fx63137,Y. Tinel,tripped,"'u.s.t. located at 2% chord, l.s.t. located at 5% chord'",0.02,0.05,499970,bm05014.dat,-1.04,0.654,-0.1857,up
vol4,fx63137_tf_lft.txt,FX 63-137 (C),fx63137,Y. Tinel,tripped,"'u.s.t. located at 2% chord, l.s.t. located at 5% chord'",0.02,0.05,499970,bm05014.dat,0.02,0.752,-0.1833,up
vol4,fx63137_tf_lft.txt,FX 63-137 (C),fx63137,Y. Tinel,tripped,"'u.s.t. located at 2% chord, l.s.t. located at 5% chord'",0.02,0.05,499970,bm05014.dat,1.06,0.841,-0.1807,up
vol4,fx63137_tf_lft.txt,FX 63-137 (C),fx63137,Y. Tinel,tripped,"'u.s.t. located at 2% chord, l.s.t. located at 5% chord'",0.02,0.05,499970,bm05014.dat,2.08,0.939,-0.1778,up
vol4,fx63137_tf_lft.txt,FX 63-137 (C),fx63137,Y. Tinel,tripped,"'u.s.t. located at 2% chord, l.s.t. located at 5% chord'",0.02,0.05,499970,bm05014.dat,3.1,1.028,-0.1737,up
vol4,fx63137_tf_lft.txt,FX 63-137 (C),fx63137,Y. Tinel,tripped,"'u.s.t. located at 2% chord, l.s.t. located at 5% chord'",0.02,0.05,499970,bm05014.dat,4.15,1.118,-0.1705,up
vol4,fx63137_tf_lft.txt,FX 63-137 (C),fx63137,Y. Tinel,tripped,"'u.s.t. located at 2% chord, l.s.t. located at 5% chord'",0.02,0.05,499970,bm05014.dat,5.13,1.195,-0.1662,up
vol4,fx63137_tf_lft.txt,FX 63-137 (C),fx63137,Y. Tinel,tripped,"'u.s.t. located at 2% chord, l.s.t. located at 5% chord'",0.02,0.05,499970,bm05014.dat,6.17,1.267,-0.1597,up
vol4,fx63137_tf_lft.txt,FX 63-137 (C),fx63137,Y. Tinel,tripped,"'u.s.t. located at 2% chord, l.s.t. located at 5% chord'",0.02,0.05,499970,bm05014.dat,7.15,1.336,-0.1532,up
vol4,fx63137_tf_lft.txt,FX 63-137 (C),fx63137,Y. Tinel,tripped,"'u.s.t. located at 2% chord, l.s.t. located at 5% chord'",0.02,0.05,499970,bm05014.dat,8.18,1.39,-0.1468,up
vol4,fx63137_tf_lft.txt,FX 63-137 (C),fx63137,Y. Tinel,tripped,"'u.s.t. located at 2% chord, l.s.t. located at 5% chord'",0.02,0.05,499970,bm05014.dat,9.2,1.431,-0.142,up
vol4,fx63137_tf_lft.txt,FX 63-137 (C),fx63137,Y. Tinel,tripped,"'u.s.t. located at 2% chord, l.s.t. located at 5% chord'",0.02,0.05,499970,bm05014.dat,10.19,1.475,-0.1389,up
vol4,fx63137_tf_lft.txt,FX 63-137 (C),fx63137,Y. Tinel,tripped,"'u.s.t. located at 2% chord, l.s.t. located at 5% chord'",0.02,0.05,499970,bm05014.dat,11.24,1.497,-0.138,up
vol4,fx63137_tf_lft.txt,FX 63-137 (C),fx63137,Y. Tinel,tripped,"'u.s.t. located at 2% chord, l.s.t. located at 5% chord'",0.02,0.05,499970,bm05014.dat,12.24,1.508,-0.1383,up
vol4,fx63137_tf_lft.txt,FX 63-137 (C),fx63137,Y. Tinel,tripped,"'u.s.t. located at 2% chord, l.s.t. located at 5% chord'",0.02,0.05,499970,bm05014.dat,13.22,1.519,-0.1419,up
vol4,fx63137_tf_lft.txt,FX 63-137 (C),fx63137,Y. Tinel,tripped,"'u.s.t. located at 2% chord, l.s.t. located at 5% chord'",0.02,0.05,499970,bm05014.dat,14.22,1.525,-0.1449,up
vol4,fx63137_tf_lft.txt,FX 63-137 (C),fx63137,Y. Tinel,tripped,"'u.s.t. located at 2% chord, l.s.t. located at 5% chord'",0.02,0.05,499970,bm05014.dat,15.28,1.519,-0.1472,up
vol4,fx63137_tf_lft.txt,FX 63-137 (C),fx63137,Y. Tinel,tripped,"'u.s.t. located at 2% chord, l.s.t. located at 5% chord'",0.02,0.05,499970,bm05014.dat,16.28,1.519,-0.1518,up
vol4,fx63137_tf_lft.txt,FX 63-137 (C),fx63137,Y. Tinel,tripped,"'u.s.t. located at 2% chord, l.s.t. located at 5% chord'",0.02,0.05,499970,bm05014.dat,17.26,1.506,-0.1552,up
vol4,fx63137_tf_lft.txt,FX 63-137 (C),fx63137,Y. Tinel,tripped,"'u.s.t. located at 2% chord, l.s.t. located at 5% chord'",0.02,0.05,499970,bm05014.dat,18.2,1.509,-0.1627,up
vol4,fx63137_tf_lft.txt,FX 63-137 (C),fx63137,Y. Tinel,tripped,"'u.s.t. located at 2% chord, l.s.t. located at 5% chord'",0.02,0.05,499970,bm05014.dat,19.22,1.496,-0.1666,up
vol4,fx63137_tf_lft.txt,FX 63-137 (C),fx63137,Y. Tinel,tripped,"'u.s.t. located at 2% chord, l.s.t. located at 5% chord'",0.02,0.05,499970,bm05014.dat,20.2,1.516,-0.177,up
vol4,fx63137_tf_lft.txt,FX 63-137 (C),fx63137,Y. Tinel,tripped,"'u.s.t. located at 2% chord, l.s.t. located at 5% chord'",0.02,0.05,499970,bm05014.dat,19.71,1.495,-0.1708,down
vol4,fx63137_tf_lft.txt,FX 63-137 (C),fx63137,Y. Tinel,tripped,"'u.s.t. located at 2% chord, l.s.t. located at 5% chord'",0.02,0.05,499970,bm05014.dat,18.73,1.507,-0.1652,down
vol4,fx63137_tf_lft.txt,FX 63-137 (C),fx63137,Y. Tinel,tripped,"'u.s.t. located at 2% chord, l.s.t. located at 5% chord'",0.02,0.05,499970,bm05014.dat,17.65,1.511,-0.1586,down
vol4,fx63137_tf_lft.txt,FX 63-137 (C),fx63137,Y. Tinel,tripped,"'u.s.t. located at 2% chord, l.s.t. located at 5% chord'",0.02,0.05,499970,bm05014.dat,16.71,1.52,-0.154,down
vol4,fx63137_tf_lft.txt,FX 63-137 (C),fx63137,Y. Tinel,tripped,"'u.s.t. located at 2% chord, l.s.t. located at 5% chord'",0.02,0.05,499970,bm05014.dat,15.71,1.511,-0.1494,down
vol4,fx63137_tf_lft.txt,FX 63-137 (C),fx63137,Y. Tinel,tripped,"'u.s.t. located at 2% chord, l.s.t. located at 5% chord'",0.02,0.05,499970,bm05014.dat,14.72,1.531,-0.1466,down
vol4,fx63137_tf_lft.txt,FX 63-137 (C),fx63137,Y. Tinel,tripped,"'u.s.t. located at 2% chord, l.s.t. located at 5% chord'",0.02,0.05,499970,bm05014.dat,13.67,1.53,-0.1423,down
vol4,fx63137_tf_lft.txt,FX 63-137 (C),fx63137,Y. Tinel,tripped,"'u.s.t. located at 2% chord, l.s.t. located at 5% chord'",0.02,0.05,499970,bm05014.dat,12.72,1.52,-0.1389,down
vol4,fx63137_tf_lft.txt,FX 63-137 (C),fx63137,Y. Tinel,tripped,"'u.s.t. located at 2% chord, l.s.t. located at 5% chord'",0.02,0.05,499970,bm05014.dat,11.72,1.512,-0.1378,down
vol4,fx63137_tf_lft.txt,FX 63-137 (C),fx63137,Y. Tinel,tripped,"'u.s.t. located at 2% chord, l.s.t. located at 5% chord'",0.02,0.05,499970,bm05014.dat,10.72,1.476,-0.1375,down
vol4,fx63137_tf_lft.txt,FX 63-137 (C),fx63137,Y. Tinel,tripped,"'u.s.t. located at 2% chord, l.s.t. located at 5% chord'",0.02,0.05,499970,bm05014.dat,9.75,1.452,-0.1399,down
vol4,fx63137_tf_lft.txt,FX 63-137 (C),fx63137,Y. Tinel,tripped,"'u.s.t. located at 2% chord, l.s.t. located at 5% chord'",0.02,0.05,499970,bm05014.dat,8.67,1.414,-0.144,down
vol4,fx63137_tf_lft.txt,FX 63-137 (C),fx63137,Y. Tinel,tripped,"'u.s.t. located at 2% chord, l.s.t. located at 5% chord'",0.02,0.05,499970,bm05014.dat,7.69,1.364,-0.1492,down
vol4,fx63137_tf_lft.txt,FX 63-137 (C),fx63137,Y. Tinel,tripped,"'u.s.t. located at 2% chord, l.s.t. located at 5% chord'",0.02,0.05,499970,bm05014.dat,6.64,1.308,-0.1567,down
vol4,fx63137_tf_lft.txt,FX 63-137 (C),fx63137,Y. Tinel,tripped,"'u.s.t. located at 2% chord, l.s.t. located at 5% chord'",0.02,0.05,499970,bm05014.dat,5.64,1.236,-0.1626,down
vol4,fx63137_tf_lft.txt,FX 63-137 (C),fx63137,Y. Tinel,tripped,"'u.s.t. located at 2% chord, l.s.t. located at 5% chord'",0.02,0.05,499970,bm05014.dat,4.6,1.161,-0.1684,down
vol4,fx63137_tf_lft.txt,FX 63-137 (C),fx63137,Y. Tinel,tripped,"'u.s.t. located at 2% chord, l.s.t. located at 5% chord'",0.02,0.05,499970,bm05014.dat,3.56,1.065,-0.1722,down
vol4,fx63137_tf_lft.txt,FX 63-137 (C),fx63137,Y. Tinel,tripped,"'u.s.t. located at 2% chord, l.s.t. located at 5% chord'",0.02,0.05,499970,bm05014.dat,2.5,0.973,-0.1753,down
vol4,fx63137_tf_lft.txt,FX 63-137 (C),fx63137,Y. Tinel,tripped,"'u.s.t. located at 2% chord, l.s.t. located at 5% chord'",0.02,0.05,499970,bm05014.dat,1.49,0.883,-0.1787,down
vol4,fx63137_tf_lft.txt,FX 63-137 (C),fx63137,Y. Tinel,tripped,"'u.s.t. located at 2% chord, l.s.t. located at 5% chord'",0.02,0.05,499970,bm05014.dat,0.47,0.787,-0.182,down
vol4,fx63137_tf_lft.txt,FX 63-137 (C),fx63137,Y. Tinel,tripped,"'u.s.t. located at 2% chord, l.s.t. located at 5% chord'",0.02,0.05,499970,bm05014.dat,-0.51,0.693,-0.1834,down
vol4,fx63137_tf_lft.txt,FX 63-137 (C),fx63137,Y. Tinel,tripped,"'u.s.t. located at 2% chord, l.s.t. located at 5% chord'",0.02,0.05,499970,bm05014.dat,-1.54,0.611,-0.1869,down
vol4,fx63137_tf_lft.txt,FX 63-137 (C),fx63137,Y. Tinel,tripped,"'u.s.t. located at 2% chord, l.s.t. located at 5% chord'",0.02,0.05,499970,bm05014.dat,-2.61,0.503,-0.1879,down
vol4,fx63137_tf_lft.txt,FX 63-137 (C),fx63137,Y. Tinel,tripped,"'u.s.t. located at 2% chord, l.s.t. located at 5% chord'",0.02,0.05,499970,bm05014.dat,-3.54,0.412,-0.1901,down
vol4,fx63137_tf_lft.txt,FX 63-137 (C),fx63137,Y. Tinel,tripped,"'u.s.t. located at 2% chord, l.s.t. located at 5% chord'",0.02,0.05,499970,bm05014.dat,-4.61,0.296,-0.1902,down
vol4,fx63137_tf_lft.txt,FX 63-137 (C),fx63137,Y. Tinel,tripped,"'u.s.t. located at 2% chord, l.s.t. located at 5% chord'",0.02,0.05,499970,bm05014.dat,-5.6,0.19,-0.1871,down
vol4,fx63137_tf_lft.txt,FX 63-137 (C),fx63137,Y. Tinel,tripped,"'u.s.t. located at 2% chord, l.s.t. located at 5% chord'",0.02,0.05,499970,bm05014.dat,-6.69,0.066,-0.1818,down
vol4,fx63137_tf_lft.txt,FX 63-137 (C),fx63137,Y. Tinel,tripped,"'u.s.t. located at 2% chord, l.s.t. located at 5% chord'",0.02,0.05,499970,bm05014.dat,-7.57,-0.081,-0.1042,down
vol4,fx63137_tf_lft.txt,FX 63-137 (C),fx63137,Y. Tinel,tripped,"'u.s.t. located at 2% chord, l.s.t. located at 5% chord'",0.02,0.05,499970,bm05014.dat,-8.53,-0.15,-0.0627,down
vol4,fx63137_tf_lft.txt,FX 63-137 (C),fx63137,Y. Tinel,tripped,"'u.s.t. located at 2% chord, l.s.t. located at 5% chord'",0.02,0.05,499970,bm05014.dat,-9.43,-0.198,-0.0381,down
vol4,sd2030_c_lft.txt,SD2030 (B),sd2030,Y. Tinel,clean,'clean',,,99958,bm05094.dat,-9.97,-0.568,0.0171,up
vol4,sd2030_c_lft.txt,SD2030 (B),sd2030,Y. Tinel,clean,'clean',,,99958,bm05094.dat,-9.01,-0.571,0.0153,up
vol4,sd2030_c_lft.txt,SD2030 (B),sd2030,Y. Tinel,clean,'clean',,,99958,bm05094.dat,-8.03,-0.561,0.0039,up
vol4,sd2030_c_lft.txt,SD2030 (B),sd2030,Y. Tinel,clean,'clean',,,99958,bm05094.dat,-7.07,-0.517,-0.0176,up
vol4,sd2030_c_lft.txt,SD2030 (B),sd2030,Y. Tinel,clean,'clean',,,99958,bm05094.dat,-6.08,-0.449,-0.043,up
vol4,sd2030_c_lft.txt,SD2030 (B),sd2030,Y. Tinel,clean,'clean',,,99958,bm05094.dat,-5.03,-0.361,-0.032,up
vol4,sd2030_c_lft.txt,SD2030 (B),sd2030,Y. Tinel,clean,'clean',,,99958,bm05094.dat,-3.98,-0.275,-0.0355,up
vol4,sd2030_c_lft.txt,SD2030 (B),sd2030,Y. Tinel,clean,'clean',,,99958,bm05094.dat,-2.97,-0.183,-0.0331,up
vol4,sd2030_c_lft.txt,SD2030 (B),sd2030,Y. Tinel,clean,'clean',,,99958,bm05094.dat,-1.94,-0.095,-0.0406,up
vol4,sd2030_c_lft.txt,SD2030 (B),sd2030,Y. Tinel,clean,'clean',,,99958,bm05094.dat,-0.92,-0.015,-0.0249,up
vol4,sd2030_c_lft.txt,SD2030 (B),sd2030,Y. Tinel,clean,'clean',,,99958,bm05094.dat,0.06,0.088,-0.036,up
vol4,sd2030_c_lft.txt,SD2030 (B),sd2030,Y. Tinel,clean,'clean',,,99958,bm05094.dat,1.13,0.194,-0.0207,up
vol4,sd2030_c_lft.txt,SD2030 (B),sd2030,Y. Tinel,clean,'clean',,,99958,bm05094.dat,2.18,0.352,-0.0368,up
vol4,sd2030_c_lft.txt,SD2030 (B),sd2030,Y. Tinel,clean,'clean',,,99958,bm05094.dat,3.21,0.525,-0.0649,up
vol4,sd2030_c_lft.txt,SD2030 (B),sd2030,Y. Tinel,clean,'clean',,,99958,bm05094.dat,4.25,0.634,-0.0561,up
vol4,sd2030_c_lft.txt,SD2030 (B),sd2030,Y. Tinel,clean,'clean',,,99958,bm05094.dat,5.26,0.725,-0.0522,up
vol4,sd2030_c_lft.txt,SD2030 (B),sd2030,Y. Tinel,clean,'clean',,,99958,bm05094.dat,6.27,0.805,-0.0303,up
vol4,sd2030_c_lft.txt,SD2030 (B),sd2030,Y. Tinel,clean,'clean',,,99958,bm05094.dat,7.3,0.878,-0.0424,up
vol4,sd2030_c_lft.txt,SD2030 (B),sd2030,Y. Tinel,clean,'clean',,,99958,bm05094.dat,8.31,0.931,-0.0183,up
vol4,sd2030_c_lft.txt,SD2030 (B),sd2030,Y. Tinel,clean,'clean',,,99958,bm05094.dat,9.33,0.999,-0.033,up
vol4,sd2030_c_lft.txt,SD2030 (B),sd2030,Y. Tinel,clean,'clean',,,99958,bm05094.dat,10.34,1.046,-0.03,up
vol4,sd2030_c_lft.txt,SD2030 (B),sd2030,Y. Tinel,clean,'clean',,,99958,bm05094.dat,11.34,1.074,-0.0282,up
vol4,sd2030_c_lft.txt,SD2030 (B),sd2030,Y. Tinel,clean,'clean',,,99958,bm05094.dat,12.29,1.048,-0.0896,up
vol4,sd2030_c_lft.txt,SD2030 (B),sd2030,Y. Tinel,clean,'clean',,,99958,bm05094.dat,13.23,0.959,-0.1253,up
vol4,sd2030_c_lft.txt,SD2030 (B),sd2030,Y. Tinel,clean,'clean',,,99958,bm05094.dat,14.2,0.914,-0.1396,up
vol4,sd2030_c_lft.txt,SD2030 (B),sd2030,Y. Tinel,clean,'clean',,,99958,bm05094.dat,15.22,0.9,-0.1466,up
vol4,sd2030_c_lft.txt,SD2030 (B),sd2030,Y. Tinel,clean,'clean',,,99958,bm05094.dat,16.18,0.97,-0.1678,up
vol4,sd2030_c_lft.txt,SD2030 (B),sd2030,Y. Tinel,clean,'clean',,,99958,bm05094.dat,17.2,0.926,-0.1649,up
vol4,sd2030_c_lft.txt,SD2030 (B),sd2030,Y. Tinel,clean,'clean',,,99958,bm05094.dat,18.15,0.957,-0.1735,up
vol4,sd2030_c_lft.txt,SD2030 (B),sd2030,Y. Tinel,clean,'clean',,,99958,bm05094.dat,19.16,0.966,-0.1832,up
vol4,sd2030_c_lft.txt,SD2030 (B),sd2030,Y. Tinel,clean,'clean',,,99958,bm05094.dat,20.14,0.946,-0.1844,up
vol4,sd2030_c_lft.txt,SD2030 (B),sd2030,Y. Tinel,clean,'clean',,,99958,bm05094.dat,19.65,0.954,-0.1882,down
vol4,sd2030_c_lft.txt,SD2030 (B),sd2030,Y. Tinel,clean,'clean',,,99958,bm05094.dat,18.62,0.949,-0.1828,down
vol4,sd2030_c_lft.txt,SD2030 (B),sd2030,Y. Tinel,clean,'clean',,,99958,bm05094.dat,17.66,0.978,-0.1803,down
vol4,sd2030_c_lft.txt,SD2030 (B),sd2030,Y. Tinel,clean,'clean',,,99958,bm05094.dat,16.62,0.924,-0.1716,down
vol4,sd2030_c_lft.txt,SD2030 (B),sd2030,Y. Tinel,clean,'clean',,,99958,bm05094.dat,15.64,0.921,-0.1612,down
vol4,sd2030_c_lft.txt,SD2030 (B),sd2030,Y. Tinel,clean,'clean',,,99958,bm05094.dat,14.71,0.914,-0.1514,down
vol4,sd2030_c_lft.txt,SD2030 (B),sd2030,Y. Tinel,clean,'clean',,,99958,bm05094.dat,13.7,0.97,-0.1421,down
vol4,sd2030_c_lft.txt,SD2030 (B),sd2030,Y. Tinel,clean,'clean',,,99958,bm05094.dat,12.76,1.023,-0.1177,down
vol4,sd2030_c_lft.txt,SD2030 (B),sd2030,Y. Tinel,clean,'clean',,,99958,bm05094.dat,11.83,1.108,-0.0514,down
vol4,sd2030_c_lft.txt,SD2030 (B),sd2030,Y. Tinel,clean,'clean',,,99958,bm05094.dat,10.83,1.071,-0.0307,down
vol4,sd2030_c_lft.txt,SD2030 (B),sd2030,Y. Tinel,clean,'clean',,,99958,bm05094.dat,9.78,1.025,-0.023,down
vol4,sd2030_c_lft.txt,SD2030 (B),sd2030,Y. Tinel,clean,'clean',,,99958,bm05094.dat,8.79,0.971,-0.0292,down
vol4,sd2030_c_lft.txt,SD2030 (B),sd2030,Y. Tinel,clean,'clean',,,99958,bm05094.dat,7.8,0.912,-0.033,down
vol4,sd2030_c_lft.txt,SD2030 (B),sd2030,Y. Tinel,clean,'clean',,,99958,bm05094.dat,6.78,0.862,-0.0605,down
vol4,sd2030_c_lft.txt,SD2030 (B),sd2030,Y. Tinel,clean,'clean',,,99958,bm05094.dat,5.71,0.767,-0.0452,down
vol4,sd2030_c_lft.txt,SD2030 (B),sd2030,Y. Tinel,clean,'clean',,,99958,bm05094.dat,4.72,0.675,-0.0568,down
vol4,sd2030_c_lft.txt,SD2030 (B),sd2030,Y. Tinel,clean,'clean',,,99958,bm05094.dat,3.7,0.589,-0.074,down
vol4,sd2030_c_lft.txt,SD2030 (B),sd2030,Y. Tinel,clean,'clean',,,99958,bm05094.dat,2.61,0.438,-0.0653,down
vol4,sd2030_c_lft.txt,SD2030 (B),sd2030,Y. Tinel,clean,'clean',,,99958,bm05094.dat,1.63,0.281,-0.0575,down
vol4,sd2030_c_lft.txt,SD2030 (B),sd2030,Y. Tinel,clean,'clean',,,99958,bm05094.dat,0.61,0.156,-0.052,down
vol4,sd2030_c_lft.txt,SD2030 (B),sd2030,Y. Tinel,clean,'clean',,,99958,bm05094.dat,-0.43,0.05,-0.03,down
vol4,sd2030_c_lft.txt,SD2030 (B),sd2030,Y. Tinel,clean,'clean',,,99958,bm05094.dat,-1.45,-0.047,-0.0403,down
vol4,sd2030_c_lft.txt,SD2030 (B),sd2030,Y. Tinel,clean,'clean',,,99958,bm05094.dat,-2.5,-0.125,-0.0598,down
vol4,sd2030_c_lft.txt,SD2030 (B),sd2030,Y. Tinel,clean,'clean',,,99958,bm05094.dat,-3.52,-0.222,-0.0622,down
vol4,sd2030_c_lft.txt,SD2030 (B),sd2030,Y. Tinel,clean,'clean',,,99958,bm05094.dat,-4.54,-0.309,-0.0454,down
vol4,sd2030_c_lft.txt,SD2030 (B),sd2030,Y. Tinel,clean,'clean',,,99958,bm05094.dat,-5.55,-0.385,-0.0726,down
vol4,sd2030_c_lft.txt,SD2030 (B),sd2030,Y. Tinel,clean,'clean',,,99958,bm05094.dat,-6.56,-0.482,-0.0519,down
vol4,sd2030_c_lft.txt,SD2030 (B),sd2030,Y. Tinel,clean,'clean',,,99958,bm05094.dat,-7.58,-0.55,-0.0216,down
vol4,sd2030_c_lft.txt,SD2030 (B),sd2030,Y. Tinel,clean,'clean',,,99958,bm05094.dat,-8.56,-0.571,-0.0048,down
vol4,sd2030_c_lft.txt,SD2030 (B),sd2030,Y. Tinel,clean,'clean',,,99958,bm05094.dat,-9.56,-0.585,-0.0019,down
vol4,sd2030_c_lft.txt,SD2030 (B),sd2030,Y. Tinel,clean,'clean',,,199941,bm05078.dat,-9.99,-0.589,0.0367,up
vol4,sd2030_c_lft.txt,SD2030 (B),sd2030,Y. Tinel,clean,'clean',,,199941,bm05078.dat,-8.95,-0.586,0.0282,up
vol4,sd2030_c_lft.txt,SD2030 (B),sd2030,Y. Tinel,clean,'clean',,,199941,bm05078.dat,-8.02,-0.59,0.0096,up
vol4,sd2030_c_lft.txt,SD2030 (B),sd2030,Y. Tinel,clean,'clean',,,199941,bm05078.dat,-7.07,-0.554,-0.0147,up
vol4,sd2030_c_lft.txt,SD2030 (B),sd2030,Y. Tinel,clean,'clean',,,199941,bm05078.dat,-6.08,-0.479,-0.0408,up
vol4,sd2030_c_lft.txt,SD2030 (B),sd2030,Y. Tinel,clean,'clean',,,199941,bm05078.dat,-5.06,-0.374,-0.0525,up
vol4,sd2030_c_lft.txt,SD2030 (B),sd2030,Y. Tinel,clean,'clean',,,199941,bm05078.dat,-3.99,-0.272,-0.0461,up
vol4,sd2030_c_lft.txt,SD2030 (B),sd2030,Y. Tinel,clean,'clean',,,199941,bm05078.dat,-2.97,-0.157,-0.0531,up
vol4,sd2030_c_lft.txt,SD2030 (B),sd2030,Y. Tinel,clean,'clean',,,199941,bm05078.dat,-1.98,-0.037,-0.0581,up
vol4,sd2030_c_lft.txt,SD2030 (B),sd2030,Y. Tinel,clean,'clean',,,199941,bm05078.dat,-0.92,0.076,-0.0617,up
vol4,sd2030_c_lft.txt,SD2030 (B),sd2030,Y. Tinel,clean,'clean',,,199941,bm05078.dat,0.1,0.214,-0.0693,up
vol4,sd2030_c_lft.txt,SD2030 (B),sd2030,Y. Tinel,clean,'clean',,,199941,bm05078.dat,1.16,0.35,-0.0766,up
vol4,sd2030_c_lft.txt,SD2030 (B),sd2030,Y. Tinel,clean,'clean',,,199941,bm05078.dat,2.13,0.453,-0.0751,up
vol4,sd2030_c_lft.txt,SD2030 (B),sd2030,Y. Tinel,clean,'clean',,,199941,bm05078.dat,3.15,0.546,-0.0703,up
vol4,sd2030_c_lft.txt,SD2030 (B),sd2030,Y. Tinel,clean,'clean',,,199941,bm05078.dat,4.19,0.658,-0.0683,up
vol4,sd2030_c_lft.txt,SD2030 (B),sd2030,Y. Tinel,clean,'clean',,,199941,bm05078.dat,5.25,0.753,-0.0634,up
vol4,sd2030_c_lft.txt,SD2030 (B),sd2030,Y. Tinel,clean,'clean',,,199941,bm05078.dat,6.22,0.835,-0.0591,up
vol4,sd2030_c_lft.txt,SD2030 (B),sd2030,Y. Tinel,clean,'clean',,,199941,bm05078.dat,7.37,0.917,-0.0542,up
vol4,sd2030_c_lft.txt,SD2030 (B),sd2030,Y. Tinel,clean,'clean',,,199941,bm05078.dat,8.29,0.985,-0.0489,up
vol4,sd2030_c_lft.txt,SD2030 (B),sd2030,Y. Tinel,clean,'clean',,,199941,bm05078.dat,9.36,1.043,-0.0429,up
vol4,sd2030_c_lft.txt,SD2030 (B),sd2030,Y. Tinel,clean,'clean',,,199941,bm05078.dat,10.35,1.095,-0.0371,up
vol4,sd2030_c_lft.txt,SD2030 (B),sd2030,Y. Tinel,clean,'clean',,,199941,bm05078.dat,11.4,1.127,-0.0314,up
vol4,sd2030_c_lft.txt,SD2030 (B),sd2030,Y. Tinel,clean,'clean',,,199941,bm05078.dat,12.3,1.148,-0.0868,up
vol4,sd2030_c_lft.txt,SD2030 (B),sd2030,Y. Tinel,clean,'clean',,,199941,bm05078.dat,13.24,1.079,-0.1345,up
vol4,sd2030_c_lft.txt,SD2030 (B),sd2030,Y. Tinel,clean,'clean',,,199941,bm05078.dat,14.17,0.991,-0.1556,up
vol4,sd2030_c_lft.txt,SD2030 (B),sd2030,Y. Tinel,clean,'clean',,,199941,bm05078.dat,15.22,0.969,-0.1588,up
vol4,sd2030_c_lft.txt,SD2030 (B),sd2030,Y. Tinel,clean,'clean',,,199941,bm05078.dat,16.17,0.979,-0.163,up
vol4,sd2030_c_lft.txt,SD2030 (B),sd2030,Y. Tinel,clean,'clean',,,199941,bm05078.dat,17.19,0.949,-0.1622,up
vol4,sd2030_c_lft.txt,SD2030 (B),sd2030,Y. Tinel,clean,'clean',,,199941,bm05078.dat,18.17,0.931,-0.1606,up
vol4,sd2030_c_lft.txt,SD2030 (B),sd2030,Y. Tinel,clean,'clean',,,199941,bm05078.dat,19.2,0.939,-0.1691,up
vol4,sd2030_c_lft.txt,SD2030 (B),sd2030,Y. Tinel,clean,'clean',,,199941,bm05078.dat,20.13,0.954,-0.1737,up
vol4,sd2030_c_lft.txt,SD2030 (B),sd2030,Y. Tinel,clean,'clean',,,199941,bm05078.dat,19.71,0.924,-0.1661,down
vol4,sd2030_c_lft.txt,SD2030 (B),sd2030,Y. Tinel,clean,'clean',,,199941,bm05078.dat,18.67,0.927,-0.1635,down
vol4,sd2030_c_lft.txt,SD2030 (B),sd2030,Y. Tinel,clean,'clean',,,199941,bm05078.dat,17.68,0.937,-0.1643,down
vol4,sd2030_c_lft.txt,SD2030 (B),sd2030,Y. Tinel,clean,'clean',,,199941,bm05078.dat,16.69,0.974,-0.1678,down
vol4,sd2030_c_lft.txt,SD2030 (B),sd2030,Y. Tinel,clean,'clean',,,199941,bm05078.dat,15.71,0.969,-0.1617,down
vol4,sd2030_c_lft.txt,SD2030 (B),sd2030,Y. Tinel,clean,'clean',,,199941,bm05078.dat,14.63,0.983,-0.1604,down
vol4,sd2030_c_lft.txt,SD2030 (B),sd2030,Y. Tinel,clean,'clean',,,199941,bm05078.dat,13.68,1.043,-0.1485,down
vol4,sd2030_c_lft.txt,SD2030 (B),sd2030,Y. Tinel,clean,'clean',,,199941,bm05078.dat,12.76,1.102,-0.1203,down
vol4,sd2030_c_lft.txt,SD2030 (B),sd2030,Y. Tinel,clean,'clean',,,199941,bm05078.dat,11.86,1.11,-0.0494,down
vol4,sd2030_c_lft.txt,SD2030 (B),sd2030,Y. Tinel,clean,'clean',,,199941,bm05078.dat,10.89,1.11,-0.0364,down
vol4,sd2030_c_lft.txt,SD2030 (B),sd2030,Y. Tinel,clean,'clean',,,199941,bm05078.dat,9.83,1.071,-0.0416,down
vol4,sd2030_c_lft.txt,SD2030 (B),sd2030,Y. Tinel,clean,'clean',,,199941,bm05078.dat,8.77,1.013,-0.0471,down
vol4,sd2030_c_lft.txt,SD2030 (B),sd2030,Y. Tinel,clean,'clean',,,199941,bm05078.dat,7.81,0.958,-0.0532,down
vol4,sd2030_c_lft.txt,SD2030 (B),sd2030,Y. Tinel,clean,'clean',,,199941,bm05078.dat,6.74,0.882,-0.0577,down
vol4,sd2030_c_lft.txt,SD2030 (B),sd2030,Y. Tinel,clean,'clean',,,199941,bm05078.dat,5.72,0.797,-0.062,down
vol4,sd2030_c_lft.txt,SD2030 (B),sd2030,Y. Tinel,clean,'clean',,,199941,bm05078.dat,4.74,0.718,-0.0684,down
vol4,sd2030_c_lft.txt,SD2030 (B),sd2030,Y. Tinel,clean,'clean',,,199941,bm05078.dat,3.65,0.609,-0.0719,down
vol4,sd2030_c_lft.txt,SD2030 (B),sd2030,Y. Tinel,clean,'clean',,,199941,bm05078.dat,2.63,0.507,-0.0755,down
vol4,sd2030_c_lft.txt,SD2030 (B),sd2030,Y. Tinel,clean,'clean',,,199941,bm05078.dat,1.58,0.405,-0.0779,down
vol4,sd2030_c_lft.txt,SD2030 (B),sd2030,Y. Tinel,clean,'clean',,,199941,bm05078.dat,0.61,0.292,-0.0778,down
vol4,sd2030_c_lft.txt,SD2030 (B),sd2030,Y. Tinel,clean,'clean',,,199941,bm05078.dat,-0.44,0.145,-0.0669,down
vol4,sd2030_c_lft.txt,SD2030 (B),sd2030,Y. Tinel,clean,'clean',,,199941,bm05078.dat,-1.45,0.033,-0.0638,down
vol4,sd2030_c_lft.txt,SD2030 (B),sd2030,Y. Tinel,clean,'clean',,,199941,bm05078.dat,-2.49,-0.089,-0.0568,down
vol4,sd2030_c_lft.txt,SD2030 (B),sd2030,Y. Tinel,clean,'clean',,,199941,bm05078.dat,-3.5,-0.207,-0.0504,down
vol4,sd2030_c_lft.txt,SD2030 (B),sd2030,Y. Tinel,clean,'clean',,,199941,bm05078.dat,-4.55,-0.316,-0.0488,down
vol4,sd2030_c_lft.txt,SD2030 (B),sd2030,Y. Tinel,clean,'clean',,,199941,bm05078.dat,-5.55,-0.416,-0.0507,down
vol4,sd2030_c_lft.txt,SD2030 (B),sd2030,Y. Tinel,clean,'clean',,,199941,bm05078.dat,-6.54,-0.511,-0.0306,down
vol4,sd2030_c_lft.txt,SD2030 (B),sd2030,Y. Tinel,clean,'clean',,,199941,bm05078.dat,-7.57,-0.561,-0.0063,down
vol4,sd2030_c_lft.txt,SD2030 (B),sd2030,Y. Tinel,clean,'clean',,,199941,bm05078.dat,-8.56,-0.583,0.0139,down
vol4,sd2030_c_lft.txt,SD2030 (B),sd2030,Y. Tinel,clean,'clean',,,199941,bm05078.dat,-9.5,-0.591,0.0305,down
vol4,sd2030_c_lft.txt,SD2030 (B),sd2030,Y. Tinel,clean,'clean',,,349542,bm05080.dat,-6.03,-0.446,-0.0483,up
vol4,sd2030_c_lft.txt,SD2030 (B),sd2030,Y. Tinel,clean,'clean',,,349542,bm05080.dat,-5.02,-0.31,-0.0606,up
vol4,sd2030_c_lft.txt,SD2030 (B),sd2030,Y. Tinel,clean,'clean',,,349542,bm05080.dat,-3.97,-0.189,-0.066,up
vol4,sd2030_c_lft.txt,SD2030 (B),sd2030,Y. Tinel,clean,'clean',,,349542,bm05080.dat,-2.99,-0.062,-0.0734,up
vol4,sd2030_c_lft.txt,SD2030 (B),sd2030,Y. Tinel,clean,'clean',,,349542,bm05080.dat,-1.94,0.071,-0.0807,up
vol4,sd2030_c_lft.txt,SD2030 (B),sd2030,Y. Tinel,clean,'clean',,,349542,bm05080.dat,-0.9,0.173,-0.0815,up
vol4,sd2030_c_lft.txt,SD2030 (B),sd2030,Y. Tinel,clean,'clean',,,349542,bm05080.dat,0.11,0.26,-0.0746,up
vol4,sd2030_c_lft.txt,SD2030 (B),sd2030,Y. Tinel,clean,'clean',,,349542,bm05080.dat,1.12,0.378,-0.0763,up
vol4,sd2030_c_lft.txt,SD2030 (B),sd2030,Y. Tinel,clean,'clean',,,349542,bm05080.dat,2.19,0.488,-0.0749,up
vol4,sd2030_c_lft.txt,SD2030 (B),sd2030,Y. Tinel,clean,'clean',,,349542,bm05080.dat,3.17,0.584,-0.0733,up
vol4,sd2030_c_lft.txt,SD2030 (B),sd2030,Y. Tinel,clean,'clean',,,349542,bm05080.dat,4.18,0.692,-0.0712,up
vol4,sd2030_c_lft.txt,SD2030 (B),sd2030,Y. Tinel,clean,'clean',,,349542,bm05080.dat,5.23,0.785,-0.0672,up
vol4,sd2030_c_lft.txt,SD2030 (B),sd2030,Y. Tinel,clean,'clean',,,349542,bm05080.dat,6.29,0.876,-0.0637,up
vol4,sd2030_c_lft.txt,SD2030 (B),sd2030,Y. Tinel,clean,'clean',,,349542,bm05080.dat,7.26,0.951,-0.06,up
vol4,sd2030_c_lft.txt,SD2030 (B),sd2030,Y. Tinel,clean,'clean',,,349542,bm05080.dat,8.29,1.028,-0.0551,up
vol4,sd2030_c_lft.txt,SD2030 (B),sd2030,Y. Tinel,clean,'clean',,,349542,bm05080.dat,9.33,1.094,-0.0493,up
vol4,sd2030_c_lft.txt,SD2030 (B),sd2030,Y. Tinel,clean,'clean',,,349542,bm05080.dat,10.37,1.145,-0.0429,up
vol4,sd2030_c_lft.txt,SD2030 (B),sd2030,Y. Tinel,clean,'clean',,,349542,bm05080.dat,9.85,1.12,-0.0473,down
vol4,sd2030_c_lft.txt,SD2030 (B),sd2030,Y. Tinel,clean,'clean',,,349542,bm05080.dat,8.78,1.062,-0.0533,down
vol4,sd2030_c_lft.txt,SD2030 (B),sd2030,Y. Tinel,clean,'clean',,,349542,bm05080.dat,7.82,0.99,-0.0585,down
vol4,sd2030_c_lft.txt,SD2030 (B),sd2030,Y. Tinel,clean,'clean',,,349542,bm05080.dat,6.76,0.91,-0.0626,down
vol4,sd2030_c_lft.txt,SD2030 (B),sd2030,Y. Tinel,clean,'clean',,,349542,bm05080.dat,5.75,0.823,-0.066,down
vol4,sd2030_c_lft.txt,SD2030 (B),sd2030,Y. Tinel,clean,'clean',,,349542,bm05080.dat,4.7,0.735,-0.0697,down
vol4,sd2030_c_lft.txt,SD2030 (B),sd2030,Y. Tinel,clean,'clean',,,349542,bm05080.dat,3.69,0.637,-0.073,down
vol4,sd2030_c_lft.txt,SD2030 (B),sd2030,Y. Tinel,clean,'clean',,,349542,bm05080.dat,2.64,0.537,-0.0757,down
vol4,sd2030_c_lft.txt,SD2030 (B),sd2030,Y. Tinel,clean,'clean',,,349542,bm05080.dat,1.67,0.431,-0.0764,down
vol4,sd2030_c_lft.txt,SD2030 (B),sd2030,Y. Tinel,clean,'clean',,,349542,bm05080.dat,0.62,0.321,-0.0756,down
vol4,sd2030_c_lft.txt,SD2030 (B),sd2030,Y. Tinel,clean,'clean',,,349542,bm05080.dat,-0.41,0.214,-0.0782,down
vol4,sd2030_c_lft.txt,SD2030 (B),sd2030,Y. Tinel,clean,'clean',,,349542,bm05080.dat,-1.47,0.122,-0.0827,down
vol4,sd2030_c_lft.txt,SD2030 (B),sd2030,Y. Tinel,clean,'clean',,,349542,bm05080.dat,-2.47,0.006,-0.0781,down
vol4,sd2030_c_lft.txt,SD2030 (B),sd2030,Y. Tinel,clean,'clean',,,349542,bm05080.dat,-3.45,-0.126,-0.0699,down
vol4,sd2030_c_lft.txt,SD2030 (B),sd2030,Y. Tinel,clean,'clean',,,349542,bm05080.dat,-4.54,-0.259,-0.0622,down
vol4,sd2030_c_lft.txt,SD2030 (B),sd2030,Y. Tinel,clean,'clean',,,349542,bm05080.dat,-5.57,-0.381,-0.058,down
vol4,sd2030_c_lft.txt,SD2030 (B),sd2030,Y. Tinel,clean,'clean',,,350076,bm05132.dat,10.4,1.155,-0.0186,up
vol4,sd2030_c_lft.txt,SD2030 (B),sd2030,Y. Tinel,clean,'clean',,,350076,bm05132.dat,11.46,1.186,-0.0191,up
vol4,sd2030_c_lft.txt,SD2030 (B),sd2030,Y. Tinel,clean,'clean',,,350076,bm05132.dat,12.35,1.174,-0.0189,up
vol4,sd2030_c_lft.txt,SD2030 (B),sd2030,Y. Tinel,clean,'clean',,,350076,bm05132.dat,13.34,1.149,-0.0185,up
vol4,sd2030_c_lft.txt,SD2030 (B),sd2030,Y. Tinel,clean,'clean',,,350076,bm05132.dat,14.37,1.117,-0.018,up
vol4,sd2030_c_lft.txt,SD2030 (B),sd2030,Y. Tinel,clean,'clean',,,350076,bm05132.dat,15.34,1.034,-0.0166,up
vol4,sd2030_c_lft.txt,SD2030 (B),sd2030,Y. Tinel,clean,'clean',,,350076,bm05132.dat,16.38,0.982,-0.0158,up
vol4,sd2030_c_lft.txt,SD2030 (B),sd2030,Y. Tinel,clean,'clean',,,350076,bm05132.dat,17.2,0.965,-0.0155,up
vol4,sd2030_c_lft.txt,SD2030 (B),sd2030,Y. Tinel,clean,'clean',,,350076,bm05132.dat,18.42,0.954,-0.0153,up
vol4,sd2030_c_lft.txt,SD2030 (B),sd2030,Y. Tinel,clean,'clean',,,350076,bm05132.dat,19.34,0.949,-0.0153,up
vol4,sd2030_c_lft.txt,SD2030 (B),sd2030,Y. Tinel,clean,'clean',,,350076,bm05132.dat,20.34,0.978,-0.0157,up
vol4,sd2030_c_lft.txt,SD2030 (B),sd2030,Y. Tinel,clean,'clean',,,350076,bm05132.dat,19.81,0.952,-0.0153,down
vol4,sd2030_c_lft.txt,SD2030 (B),sd2030,Y. Tinel,clean,'clean',,,350076,bm05132.dat,18.85,0.941,-0.0151,down
vol4,sd2030_c_lft.txt,SD2030 (B),sd2030,Y. Tinel,clean,'clean',,,350076,bm05132.dat,17.71,0.958,-0.0154,down
vol4,sd2030_c_lft.txt,SD2030 (B),sd2030,Y. Tinel,clean,'clean',,,350076,bm05132.dat,16.76,0.974,-0.0157,down
vol4,sd2030_c_lft.txt,SD2030 (B),sd2030,Y. Tinel,clean,'clean',,,350076,bm05132.dat,15.79,1.021,-0.0164,down
vol4,sd2030_c_lft.txt,SD2030 (B),sd2030,Y. Tinel,clean,'clean',,,350076,bm05132.dat,14.79,1.043,-0.0168,down
vol4,sd2030_c_lft.txt,SD2030 (B),sd2030,Y. Tinel,clean,'clean',,,350076,bm05132.dat,13.82,1.119,-0.018,down
vol4,sd2030_c_lft.txt,SD2030 (B),sd2030,Y. Tinel,clean,'clean',,,350076,bm05132.dat,12.98,1.157,-0.0186,down
vol4,sd2030_c_lft.txt,SD2030 (B),sd2030,Y. Tinel,clean,'clean',,,350076,bm05132.dat,11.87,1.189,-0.0191,down
vol4,sd2030_c_lft.txt,SD2030 (B),sd2030,Y. Tinel,clean,'clean',,,350076,bm05132.dat,10.92,1.173,-0.0189,down
vol4,sd2030_c_lft.txt,SD2030 (B),sd2030,Y. Tinel,clean,'clean',,,500252,bm05082.dat,-6.06,-0.384,-0.0634,up
vol4,sd2030_c_lft.txt,SD2030 (B),sd2030,Y. Tinel,clean,'clean',,,500252,bm05082.dat,-4.96,-0.25,-0.0722,up
vol4,sd2030_c_lft.txt,SD2030 (B),sd2030,Y. Tinel,clean,'clean',,,500252,bm05082.dat,-3.99,-0.132,-0.0768,up
vol4,sd2030_c_lft.txt,SD2030 (B),sd2030,Y. Tinel,clean,'clean',,,500252,bm05082.dat,-2.97,-0.021,-0.0786,up
vol4,sd2030_c_lft.txt,SD2030 (B),sd2030,Y. Tinel,clean,'clean',,,500252,bm05082.dat,-1.94,0.081,-0.0784,up
vol4,sd2030_c_lft.txt,SD2030 (B),sd2030,Y. Tinel,clean,'clean',,,500252,bm05082.dat,-0.91,0.17,-0.0755,up
vol4,sd2030_c_lft.txt,SD2030 (B),sd2030,Y. Tinel,clean,'clean',,,500252,bm05082.dat,0.11,0.263,-0.0712,up
vol4,sd2030_c_lft.txt,SD2030 (B),sd2030,Y. Tinel,clean,'clean',,,500252,bm05082.dat,1.13,0.383,-0.0716,up
vol4,sd2030_c_lft.txt,SD2030 (B),sd2030,Y. Tinel,clean,'clean',,,500252,bm05082.dat,2.14,0.494,-0.0723,up
vol4,sd2030_c_lft.txt,SD2030 (B),sd2030,Y. Tinel,clean,'clean',,,500252,bm05082.dat,3.19,0.599,-0.0704,up
vol4,sd2030_c_lft.txt,SD2030 (B),sd2030,Y. Tinel,clean,'clean',,,500252,bm05082.dat,4.22,0.698,-0.0677,up
vol4,sd2030_c_lft.txt,SD2030 (B),sd2030,Y. Tinel,clean,'clean',,,500252,bm05082.dat,5.25,0.788,-0.0646,up
vol4,sd2030_c_lft.txt,SD2030 (B),sd2030,Y. Tinel,clean,'clean',,,500252,bm05082.dat,6.25,0.876,-0.0616,up
vol4,sd2030_c_lft.txt,SD2030 (B),sd2030,Y. Tinel,clean,'clean',,,500252,bm05082.dat,7.34,0.963,-0.0579,up
vol4,sd2030_c_lft.txt,SD2030 (B),sd2030,Y. Tinel,clean,'clean',,,500252,bm05082.dat,8.3,1.042,-0.0537,up
vol4,sd2030_c_lft.txt,SD2030 (B),sd2030,Y. Tinel,clean,'clean',,,500252,bm05082.dat,9.37,1.106,-0.0479,up
vol4,sd2030_c_lft.txt,SD2030 (B),sd2030,Y. Tinel,clean,'clean',,,500252,bm05082.dat,10.31,1.16,-0.042,up
vol4,sd2030_c_lft.txt,SD2030 (B),sd2030,Y. Tinel,clean,'clean',,,500252,bm05082.dat,11.38,1.189,-0.0363,up
vol4,sd2030_c_lft.txt,SD2030 (B),sd2030,Y. Tinel,clean,'clean',,,500252,bm05082.dat,10.84,1.187,-0.0401,down
vol4,sd2030_c_lft.txt,SD2030 (B),sd2030,Y. Tinel,clean,'clean',,,500252,bm05082.dat,9.83,1.131,-0.0458,down
vol4,sd2030_c_lft.txt,SD2030 (B),sd2030,Y. Tinel,clean,'clean',,,500252,bm05082.dat,8.74,1.072,-0.0517,down
vol4,sd2030_c_lft.txt,SD2030 (B),sd2030,Y. Tinel,clean,'clean',,,500252,bm05082.dat,7.76,1.005,-0.0566,down
vol4,sd2030_c_lft.txt,SD2030 (B),sd2030,Y. Tinel,clean,'clean',,,500252,bm05082.dat,6.73,0.917,-0.0605,down
vol4,sd2030_c_lft.txt,SD2030 (B),sd2030,Y. Tinel,clean,'clean',,,500252,bm05082.dat,5.71,0.829,-0.0636,down
vol4,sd2030_c_lft.txt,SD2030 (B),sd2030,Y. Tinel,clean,'clean',,,500252,bm05082.dat,4.73,0.739,-0.0665,down
vol4,sd2030_c_lft.txt,SD2030 (B),sd2030,Y. Tinel,clean,'clean',,,500252,bm05082.dat,3.68,0.645,-0.0698,down
vol4,sd2030_c_lft.txt,SD2030 (B),sd2030,Y. Tinel,clean,'clean',,,500252,bm05082.dat,2.65,0.55,-0.0727,down
vol4,sd2030_c_lft.txt,SD2030 (B),sd2030,Y. Tinel,clean,'clean',,,500252,bm05082.dat,1.65,0.44,-0.0726,down
vol4,sd2030_c_lft.txt,SD2030 (B),sd2030,Y. Tinel,clean,'clean',,,500252,bm05082.dat,0.59,0.32,-0.0708,down
vol4,sd2030_c_lft.txt,SD2030 (B),sd2030,Y. Tinel,clean,'clean',,,500252,bm05082.dat,-0.4,0.216,-0.0736,down
vol4,sd2030_c_lft.txt,SD2030 (B),sd2030,Y. Tinel,clean,'clean',,,500252,bm05082.dat,-1.43,0.131,-0.0785,down
vol4,sd2030_c_lft.txt,SD2030 (B),sd2030,Y. Tinel,clean,'clean',,,500252,bm05082.dat,-2.48,0.029,-0.0792,down
vol4,sd2030_c_lft.txt,SD2030 (B),sd2030,Y. Tinel,clean,'clean',,,500252,bm05082.dat,-3.55,-0.084,-0.0781,down
vol4,sd2030_c_lft.txt,SD2030 (B),sd2030,Y. Tinel,clean,'clean',,,500252,bm05082.dat,-4.52,-0.194,-0.0745,down
vol4,sd2030_c_lft.txt,SD2030 (B),sd2030,Y. Tinel,clean,'clean',,,500252,bm05082.dat,-5.55,-0.316,-0.0706,down
vol4,sd2030_tf_lft.txt,SD2030 (B),sd2030,Y. Tinel,tripped,"'u.s.t. located at 2% chord, l.s.t. located at 5% chord'",0.02,0.05,99923,bm05095.dat,-10.01,-0.509,0.0151,up
vol4,sd2030_tf_lft.txt,SD2030 (B),sd2030,Y. Tinel,tripped,"'u.s.t. located at 2% chord, l.s.t. located at 5% chord'",0.02,0.05,99923,bm05095.dat,-9.05,-0.52,0.0041,up
vol4,sd2030_tf_lft.txt,SD2030 (B),sd2030,Y. Tinel,tripped,"'u.s.t. located at 2% chord, l.s.t. located at 5% chord'",0.02,0.05,99923,bm05095.dat,-8.07,-0.518,0.0029,up
vol4,sd2030_tf_lft.txt,SD2030 (B),sd2030,Y. Tinel,tripped,"'u.s.t. located at 2% chord, l.s.t. located at 5% chord'",0.02,0.05,99923,bm05095.dat,-7.03,-0.478,-0.0203,up
vol4,sd2030_tf_lft.txt,SD2030 (B),sd2030,Y. Tinel,tripped,"'u.s.t. located at 2% chord, l.s.t. located at 5% chord'",0.02,0.05,99923,bm05095.dat,-6.05,-0.396,-0.0475,up
vol4,sd2030_tf_lft.txt,SD2030 (B),sd2030,Y. Tinel,tripped,"'u.s.t. located at 2% chord, l.s.t. located at 5% chord'",0.02,0.05,99923,bm05095.dat,-4.99,-0.303,-0.0512,up
vol4,sd2030_tf_lft.txt,SD2030 (B),sd2030,Y. Tinel,tripped,"'u.s.t. located at 2% chord, l.s.t. located at 5% chord'",0.02,0.05,99923,bm05095.dat,-4.01,-0.234,-0.0533,up
vol4,sd2030_tf_lft.txt,SD2030 (B),sd2030,Y. Tinel,tripped,"'u.s.t. located at 2% chord, l.s.t. located at 5% chord'",0.02,0.05,99923,bm05095.dat,-2.95,-0.15,-0.0382,up
vol4,sd2030_tf_lft.txt,SD2030 (B),sd2030,Y. Tinel,tripped,"'u.s.t. located at 2% chord, l.s.t. located at 5% chord'",0.02,0.05,99923,bm05095.dat,-1.93,-0.066,-0.0473,up
vol4,sd2030_tf_lft.txt,SD2030 (B),sd2030,Y. Tinel,tripped,"'u.s.t. located at 2% chord, l.s.t. located at 5% chord'",0.02,0.05,99923,bm05095.dat,-0.89,0.001,-0.0394,up
vol4,sd2030_tf_lft.txt,SD2030 (B),sd2030,Y. Tinel,tripped,"'u.s.t. located at 2% chord, l.s.t. located at 5% chord'",0.02,0.05,99923,bm05095.dat,0.13,0.092,-0.0302,up
vol4,sd2030_tf_lft.txt,SD2030 (B),sd2030,Y. Tinel,tripped,"'u.s.t. located at 2% chord, l.s.t. located at 5% chord'",0.02,0.05,99923,bm05095.dat,1.15,0.238,-0.0509,up
vol4,sd2030_tf_lft.txt,SD2030 (B),sd2030,Y. Tinel,tripped,"'u.s.t. located at 2% chord, l.s.t. located at 5% chord'",0.02,0.05,99923,bm05095.dat,2.18,0.428,-0.0567,up
vol4,sd2030_tf_lft.txt,SD2030 (B),sd2030,Y. Tinel,tripped,"'u.s.t. located at 2% chord, l.s.t. located at 5% chord'",0.02,0.05,99923,bm05095.dat,3.17,0.56,-0.0591,up
vol4,sd2030_tf_lft.txt,SD2030 (B),sd2030,Y. Tinel,tripped,"'u.s.t. located at 2% chord, l.s.t. located at 5% chord'",0.02,0.05,99923,bm05095.dat,4.22,0.66,-0.057,up
vol4,sd2030_tf_lft.txt,SD2030 (B),sd2030,Y. Tinel,tripped,"'u.s.t. located at 2% chord, l.s.t. located at 5% chord'",0.02,0.05,99923,bm05095.dat,5.24,0.732,-0.0327,up
vol4,sd2030_tf_lft.txt,SD2030 (B),sd2030,Y. Tinel,tripped,"'u.s.t. located at 2% chord, l.s.t. located at 5% chord'",0.02,0.05,99923,bm05095.dat,6.29,0.803,-0.0353,up
vol4,sd2030_tf_lft.txt,SD2030 (B),sd2030,Y. Tinel,tripped,"'u.s.t. located at 2% chord, l.s.t. located at 5% chord'",0.02,0.05,99923,bm05095.dat,7.32,0.88,-0.0395,up
vol4,sd2030_tf_lft.txt,SD2030 (B),sd2030,Y. Tinel,tripped,"'u.s.t. located at 2% chord, l.s.t. located at 5% chord'",0.02,0.05,99923,bm05095.dat,8.29,0.96,-0.0371,up
vol4,sd2030_tf_lft.txt,SD2030 (B),sd2030,Y. Tinel,tripped,"'u.s.t. located at 2% chord, l.s.t. located at 5% chord'",0.02,0.05,99923,bm05095.dat,9.35,1.025,-0.0263,up
vol4,sd2030_tf_lft.txt,SD2030 (B),sd2030,Y. Tinel,tripped,"'u.s.t. located at 2% chord, l.s.t. located at 5% chord'",0.02,0.05,99923,bm05095.dat,10.33,1.071,-0.0303,up
vol4,sd2030_tf_lft.txt,SD2030 (B),sd2030,Y. Tinel,tripped,"'u.s.t. located at 2% chord, l.s.t. located at 5% chord'",0.02,0.05,99923,bm05095.dat,11.36,1.097,-0.0276,up
vol4,sd2030_tf_lft.txt,SD2030 (B),sd2030,Y. Tinel,tripped,"'u.s.t. located at 2% chord, l.s.t. located at 5% chord'",0.02,0.05,99923,bm05095.dat,12.27,1.026,-0.0856,up
vol4,sd2030_tf_lft.txt,SD2030 (B),sd2030,Y. Tinel,tripped,"'u.s.t. located at 2% chord, l.s.t. located at 5% chord'",0.02,0.05,99923,bm05095.dat,13.21,0.975,-0.1296,up
vol4,sd2030_tf_lft.txt,SD2030 (B),sd2030,Y. Tinel,tripped,"'u.s.t. located at 2% chord, l.s.t. located at 5% chord'",0.02,0.05,99923,bm05095.dat,14.21,0.939,-0.135,up
vol4,sd2030_tf_lft.txt,SD2030 (B),sd2030,Y. Tinel,tripped,"'u.s.t. located at 2% chord, l.s.t. located at 5% chord'",0.02,0.05,99923,bm05095.dat,15.22,0.956,-0.1499,up
vol4,sd2030_tf_lft.txt,SD2030 (B),sd2030,Y. Tinel,tripped,"'u.s.t. located at 2% chord, l.s.t. located at 5% chord'",0.02,0.05,99923,bm05095.dat,16.18,0.942,-0.1559,up
vol4,sd2030_tf_lft.txt,SD2030 (B),sd2030,Y. Tinel,tripped,"'u.s.t. located at 2% chord, l.s.t. located at 5% chord'",0.02,0.05,99923,bm05095.dat,17.2,0.964,-0.1602,up
vol4,sd2030_tf_lft.txt,SD2030 (B),sd2030,Y. Tinel,tripped,"'u.s.t. located at 2% chord, l.s.t. located at 5% chord'",0.02,0.05,99923,bm05095.dat,18.2,0.959,-0.1671,up
vol4,sd2030_tf_lft.txt,SD2030 (B),sd2030,Y. Tinel,tripped,"'u.s.t. located at 2% chord, l.s.t. located at 5% chord'",0.02,0.05,99923,bm05095.dat,19.14,1.004,-0.1807,up
vol4,sd2030_tf_lft.txt,SD2030 (B),sd2030,Y. Tinel,tripped,"'u.s.t. located at 2% chord, l.s.t. located at 5% chord'",0.02,0.05,99923,bm05095.dat,20.18,1.022,-0.1937,up
vol4,sd2030_tf_lft.txt,SD2030 (B),sd2030,Y. Tinel,tripped,"'u.s.t. located at 2% chord, l.s.t. located at 5% chord'",0.02,0.05,99923,bm05095.dat,19.66,0.985,-0.1858,down
vol4,sd2030_tf_lft.txt,SD2030 (B),sd2030,Y. Tinel,tripped,"'u.s.t. located at 2% chord, l.s.t. located at 5% chord'",0.02,0.05,99923,bm05095.dat,18.69,0.987,-0.1802,down
vol4,sd2030_tf_lft.txt,SD2030 (B),sd2030,Y. Tinel,tripped,"'u.s.t. located at 2% chord, l.s.t. located at 5% chord'",0.02,0.05,99923,bm05095.dat,17.64,0.96,-0.1714,down
vol4,sd2030_tf_lft.txt,SD2030 (B),sd2030,Y. Tinel,tripped,"'u.s.t. located at 2% chord, l.s.t. located at 5% chord'",0.02,0.05,99923,bm05095.dat,16.67,0.997,-0.1736,down
vol4,sd2030_tf_lft.txt,SD2030 (B),sd2030,Y. Tinel,tripped,"'u.s.t. located at 2% chord, l.s.t. located at 5% chord'",0.02,0.05,99923,bm05095.dat,15.66,0.948,-0.1589,down
vol4,sd2030_tf_lft.txt,SD2030 (B),sd2030,Y. Tinel,tripped,"'u.s.t. located at 2% chord, l.s.t. located at 5% chord'",0.02,0.05,99923,bm05095.dat,14.65,0.94,-0.1479,down
vol4,sd2030_tf_lft.txt,SD2030 (B),sd2030,Y. Tinel,tripped,"'u.s.t. located at 2% chord, l.s.t. located at 5% chord'",0.02,0.05,99923,bm05095.dat,13.67,0.944,-0.1356,down
vol4,sd2030_tf_lft.txt,SD2030 (B),sd2030,Y. Tinel,tripped,"'u.s.t. located at 2% chord, l.s.t. located at 5% chord'",0.02,0.05,99923,bm05095.dat,12.75,1.063,-0.1094,down
vol4,sd2030_tf_lft.txt,SD2030 (B),sd2030,Y. Tinel,tripped,"'u.s.t. located at 2% chord, l.s.t. located at 5% chord'",0.02,0.05,99923,bm05095.dat,11.79,1.086,-0.0464,down
vol4,sd2030_tf_lft.txt,SD2030 (B),sd2030,Y. Tinel,tripped,"'u.s.t. located at 2% chord, l.s.t. located at 5% chord'",0.02,0.05,99923,bm05095.dat,10.83,1.091,-0.0179,down
vol4,sd2030_tf_lft.txt,SD2030 (B),sd2030,Y. Tinel,tripped,"'u.s.t. located at 2% chord, l.s.t. located at 5% chord'",0.02,0.05,99923,bm05095.dat,9.83,1.055,-0.0274,down
vol4,sd2030_tf_lft.txt,SD2030 (B),sd2030,Y. Tinel,tripped,"'u.s.t. located at 2% chord, l.s.t. located at 5% chord'",0.02,0.05,99923,bm05095.dat,8.83,1.0,-0.0251,down
vol4,sd2030_tf_lft.txt,SD2030 (B),sd2030,Y. Tinel,tripped,"'u.s.t. located at 2% chord, l.s.t. located at 5% chord'",0.02,0.05,99923,bm05095.dat,7.83,0.924,-0.0351,down
vol4,sd2030_tf_lft.txt,SD2030 (B),sd2030,Y. Tinel,tripped,"'u.s.t. located at 2% chord, l.s.t. located at 5% chord'",0.02,0.05,99923,bm05095.dat,6.7,0.845,-0.0417,down
vol4,sd2030_tf_lft.txt,SD2030 (B),sd2030,Y. Tinel,tripped,"'u.s.t. located at 2% chord, l.s.t. located at 5% chord'",0.02,0.05,99923,bm05095.dat,5.79,0.79,-0.0552,down
vol4,sd2030_tf_lft.txt,SD2030 (B),sd2030,Y. Tinel,tripped,"'u.s.t. located at 2% chord, l.s.t. located at 5% chord'",0.02,0.05,99923,bm05095.dat,4.7,0.71,-0.0424,down
vol4,sd2030_tf_lft.txt,SD2030 (B),sd2030,Y. Tinel,tripped,"'u.s.t. located at 2% chord, l.s.t. located at 5% chord'",0.02,0.05,99923,bm05095.dat,3.67,0.62,-0.0526,down
vol4,sd2030_tf_lft.txt,SD2030 (B),sd2030,Y. Tinel,tripped,"'u.s.t. located at 2% chord, l.s.t. located at 5% chord'",0.02,0.05,99923,bm05095.dat,2.72,0.528,-0.0691,down
vol4,sd2030_tf_lft.txt,SD2030 (B),sd2030,Y. Tinel,tripped,"'u.s.t. located at 2% chord, l.s.t. located at 5% chord'",0.02,0.05,99923,bm05095.dat,1.61,0.345,-0.0596,down
vol4,sd2030_tf_lft.txt,SD2030 (B),sd2030,Y. Tinel,tripped,"'u.s.t. located at 2% chord, l.s.t. located at 5% chord'",0.02,0.05,99923,bm05095.dat,0.59,0.153,-0.0299,down
vol4,sd2030_tf_lft.txt,SD2030 (B),sd2030,Y. Tinel,tripped,"'u.s.t. located at 2% chord, l.s.t. located at 5% chord'",0.02,0.05,99923,bm05095.dat,-0.42,0.049,-0.0247,down
vol4,sd2030_tf_lft.txt,SD2030 (B),sd2030,Y. Tinel,tripped,"'u.s.t. located at 2% chord, l.s.t. located at 5% chord'",0.02,0.05,99923,bm05095.dat,-1.44,-0.027,-0.0402,down
vol4,sd2030_tf_lft.txt,SD2030 (B),sd2030,Y. Tinel,tripped,"'u.s.t. located at 2% chord, l.s.t. located at 5% chord'",0.02,0.05,99923,bm05095.dat,-2.51,-0.101,-0.0468,down
vol4,sd2030_tf_lft.txt,SD2030 (B),sd2030,Y. Tinel,tripped,"'u.s.t. located at 2% chord, l.s.t. located at 5% chord'",0.02,0.05,99923,bm05095.dat,-3.48,-0.185,-0.0491,down
vol4,sd2030_tf_lft.txt,SD2030 (B),sd2030,Y. Tinel,tripped,"'u.s.t. located at 2% chord, l.s.t. located at 5% chord'",0.02,0.05,99923,bm05095.dat,-4.56,-0.265,-0.0571,down
vol4,sd2030_tf_lft.txt,SD2030 (B),sd2030,Y. Tinel,tripped,"'u.s.t. located at 2% chord, l.s.t. located at 5% chord'",0.02,0.05,99923,bm05095.dat,-5.57,-0.347,-0.054,down
vol4,sd2030_tf_lft.txt,SD2030 (B),sd2030,Y. Tinel,tripped,"'u.s.t. located at 2% chord, l.s.t. located at 5% chord'",0.02,0.05,99923,bm05095.dat,-6.58,-0.426,-0.0493,down
vol4,sd2030_tf_lft.txt,SD2030 (B),sd2030,Y. Tinel,tripped,"'u.s.t. located at 2% chord, l.s.t. located at 5% chord'",0.02,0.05,99923,bm05095.dat,-7.53,-0.484,-0.0158,down
vol4,sd2030_tf_lft.txt,SD2030 (B),sd2030,Y. Tinel,tripped,"'u.s.t. located at 2% chord, l.s.t. located at 5% chord'",0.02,0.05,99923,bm05095.dat,-8.53,-0.505,-0.002,down
vol4,sd2030_tf_lft.txt,SD2030 (B),sd2030,Y. Tinel,tripped,"'u.s.t. located at 2% chord, l.s.t. located at 5% chord'",0.02,0.05,99923,bm05095.dat,-9.56,-0.496,0.0073,down
vol4,sd2030_tf_lft.txt,SD2030 (B),sd2030,Y. Tinel,tripped,"'u.s.t. located at 2% chord, l.s.t. located at 5% chord'",0.02,0.05,199981,bm05086.dat,-10.03,-0.582,0.0323,up
vol4,sd2030_tf_lft.txt,SD2030 (B),sd2030,Y. Tinel,tripped,"'u.s.t. located at 2% chord, l.s.t. located at 5% chord'",0.02,0.05,199981,bm05086.dat,-9.01,-0.569,0.0244,up
vol4,sd2030_tf_lft.txt,SD2030 (B),sd2030,Y. Tinel,tripped,"'u.s.t. located at 2% chord, l.s.t. located at 5% chord'",0.02,0.05,199981,bm05086.dat,-8.03,-0.56,0.0075,up
vol4,sd2030_tf_lft.txt,SD2030 (B),sd2030,Y. Tinel,tripped,"'u.s.t. located at 2% chord, l.s.t. located at 5% chord'",0.02,0.05,199981,bm05086.dat,-7.03,-0.533,-0.0186,up
vol4,sd2030_tf_lft.txt,SD2030 (B),sd2030,Y. Tinel,tripped,"'u.s.t. located at 2% chord, l.s.t. located at 5% chord'",0.02,0.05,199981,bm05086.dat,-6.01,-0.459,-0.0433,up
vol4,sd2030_tf_lft.txt,SD2030 (B),sd2030,Y. Tinel,tripped,"'u.s.t. located at 2% chord, l.s.t. located at 5% chord'",0.02,0.05,199981,bm05086.dat,-5.05,-0.36,-0.0525,up
vol4,sd2030_tf_lft.txt,SD2030 (B),sd2030,Y. Tinel,tripped,"'u.s.t. located at 2% chord, l.s.t. located at 5% chord'",0.02,0.05,199981,bm05086.dat,-3.98,-0.264,-0.0525,up
vol4,sd2030_tf_lft.txt,SD2030 (B),sd2030,Y. Tinel,tripped,"'u.s.t. located at 2% chord, l.s.t. located at 5% chord'",0.02,0.05,199981,bm05086.dat,-3.02,-0.161,-0.0524,up
vol4,sd2030_tf_lft.txt,SD2030 (B),sd2030,Y. Tinel,tripped,"'u.s.t. located at 2% chord, l.s.t. located at 5% chord'",0.02,0.05,199981,bm05086.dat,-1.94,-0.004,-0.0651,up
vol4,sd2030_tf_lft.txt,SD2030 (B),sd2030,Y. Tinel,tripped,"'u.s.t. located at 2% chord, l.s.t. located at 5% chord'",0.02,0.05,199981,bm05086.dat,-0.98,0.136,-0.0735,up
vol4,sd2030_tf_lft.txt,SD2030 (B),sd2030,Y. Tinel,tripped,"'u.s.t. located at 2% chord, l.s.t. located at 5% chord'",0.02,0.05,199981,bm05086.dat,0.11,0.234,-0.0676,up
vol4,sd2030_tf_lft.txt,SD2030 (B),sd2030,Y. Tinel,tripped,"'u.s.t. located at 2% chord, l.s.t. located at 5% chord'",0.02,0.05,199981,bm05086.dat,1.18,0.316,-0.0599,up
vol4,sd2030_tf_lft.txt,SD2030 (B),sd2030,Y. Tinel,tripped,"'u.s.t. located at 2% chord, l.s.t. located at 5% chord'",0.02,0.05,199981,bm05086.dat,2.18,0.416,-0.0582,up
vol4,sd2030_tf_lft.txt,SD2030 (B),sd2030,Y. Tinel,tripped,"'u.s.t. located at 2% chord, l.s.t. located at 5% chord'",0.02,0.05,199981,bm05086.dat,3.15,0.511,-0.0581,up
vol4,sd2030_tf_lft.txt,SD2030 (B),sd2030,Y. Tinel,tripped,"'u.s.t. located at 2% chord, l.s.t. located at 5% chord'",0.02,0.05,199981,bm05086.dat,4.22,0.613,-0.0574,up
vol4,sd2030_tf_lft.txt,SD2030 (B),sd2030,Y. Tinel,tripped,"'u.s.t. located at 2% chord, l.s.t. located at 5% chord'",0.02,0.05,199981,bm05086.dat,5.23,0.708,-0.0557,up
vol4,sd2030_tf_lft.txt,SD2030 (B),sd2030,Y. Tinel,tripped,"'u.s.t. located at 2% chord, l.s.t. located at 5% chord'",0.02,0.05,199981,bm05086.dat,6.25,0.802,-0.0529,up
vol4,sd2030_tf_lft.txt,SD2030 (B),sd2030,Y. Tinel,tripped,"'u.s.t. located at 2% chord, l.s.t. located at 5% chord'",0.02,0.05,199981,bm05086.dat,7.27,0.895,-0.0516,up
vol4,sd2030_tf_lft.txt,SD2030 (B),sd2030,Y. Tinel,tripped,"'u.s.t. located at 2% chord, l.s.t. located at 5% chord'",0.02,0.05,199981,bm05086.dat,8.33,0.986,-0.0482,up
vol4,sd2030_tf_lft.txt,SD2030 (B),sd2030,Y. Tinel,tripped,"'u.s.t. located at 2% chord, l.s.t. located at 5% chord'",0.02,0.05,199981,bm05086.dat,9.3,1.045,-0.0429,up
vol4,sd2030_tf_lft.txt,SD2030 (B),sd2030,Y. Tinel,tripped,"'u.s.t. located at 2% chord, l.s.t. located at 5% chord'",0.02,0.05,199981,bm05086.dat,10.32,1.097,-0.0379,up
vol4,sd2030_tf_lft.txt,SD2030 (B),sd2030,Y. Tinel,tripped,"'u.s.t. located at 2% chord, l.s.t. located at 5% chord'",0.02,0.05,199981,bm05086.dat,11.35,1.139,-0.0324,up
vol4,sd2030_tf_lft.txt,SD2030 (B),sd2030,Y. Tinel,tripped,"'u.s.t. located at 2% chord, l.s.t. located at 5% chord'",0.02,0.05,199981,bm05086.dat,12.26,1.142,-0.0654,up
vol4,sd2030_tf_lft.txt,SD2030 (B),sd2030,Y. Tinel,tripped,"'u.s.t. located at 2% chord, l.s.t. located at 5% chord'",0.02,0.05,199981,bm05086.dat,13.26,1.077,-0.132,up
vol4,sd2030_tf_lft.txt,SD2030 (B),sd2030,Y. Tinel,tripped,"'u.s.t. located at 2% chord, l.s.t. located at 5% chord'",0.02,0.05,199981,bm05086.dat,14.21,1.006,-0.1557,up
vol4,sd2030_tf_lft.txt,SD2030 (B),sd2030,Y. Tinel,tripped,"'u.s.t. located at 2% chord, l.s.t. located at 5% chord'",0.02,0.05,199981,bm05086.dat,15.2,0.978,-0.1594,up
vol4,sd2030_tf_lft.txt,SD2030 (B),sd2030,Y. Tinel,tripped,"'u.s.t. located at 2% chord, l.s.t. located at 5% chord'",0.02,0.05,199981,bm05086.dat,16.17,0.977,-0.161,up
vol4,sd2030_tf_lft.txt,SD2030 (B),sd2030,Y. Tinel,tripped,"'u.s.t. located at 2% chord, l.s.t. located at 5% chord'",0.02,0.05,199981,bm05086.dat,17.2,0.964,-0.1624,up
vol4,sd2030_tf_lft.txt,SD2030 (B),sd2030,Y. Tinel,tripped,"'u.s.t. located at 2% chord, l.s.t. located at 5% chord'",0.02,0.05,199981,bm05086.dat,18.17,0.926,-0.156,up
vol4,sd2030_tf_lft.txt,SD2030 (B),sd2030,Y. Tinel,tripped,"'u.s.t. located at 2% chord, l.s.t. located at 5% chord'",0.02,0.05,199981,bm05086.dat,19.16,0.944,-0.1643,up
vol4,sd2030_tf_lft.txt,SD2030 (B),sd2030,Y. Tinel,tripped,"'u.s.t. located at 2% chord, l.s.t. located at 5% chord'",0.02,0.05,199981,bm05086.dat,20.16,0.946,-0.1678,up
vol4,sd2030_tf_lft.txt,SD2030 (B),sd2030,Y. Tinel,tripped,"'u.s.t. located at 2% chord, l.s.t. located at 5% chord'",0.02,0.05,199981,bm05086.dat,19.71,0.942,-0.17,down
vol4,sd2030_tf_lft.txt,SD2030 (B),sd2030,Y. Tinel,tripped,"'u.s.t. located at 2% chord, l.s.t. located at 5% chord'",0.02,0.05,199981,bm05086.dat,18.63,0.936,-0.1652,down
vol4,sd2030_tf_lft.txt,SD2030 (B),sd2030,Y. Tinel,tripped,"'u.s.t. located at 2% chord, l.s.t. located at 5% chord'",0.02,0.05,199981,bm05086.dat,17.65,0.947,-0.1614,down
vol4,sd2030_tf_lft.txt,SD2030 (B),sd2030,Y. Tinel,tripped,"'u.s.t. located at 2% chord, l.s.t. located at 5% chord'",0.02,0.05,199981,bm05086.dat,16.68,0.948,-0.1608,down
vol4,sd2030_tf_lft.txt,SD2030 (B),sd2030,Y. Tinel,tripped,"'u.s.t. located at 2% chord, l.s.t. located at 5% chord'",0.02,0.05,199981,bm05086.dat,15.66,0.97,-0.1603,down
vol4,sd2030_tf_lft.txt,SD2030 (B),sd2030,Y. Tinel,tripped,"'u.s.t. located at 2% chord, l.s.t. located at 5% chord'",0.02,0.05,199981,bm05086.dat,14.65,0.962,-0.1537,down
vol4,sd2030_tf_lft.txt,SD2030 (B),sd2030,Y. Tinel,tripped,"'u.s.t. located at 2% chord, l.s.t. located at 5% chord'",0.02,0.05,199981,bm05086.dat,13.71,1.053,-0.1508,down
vol4,sd2030_tf_lft.txt,SD2030 (B),sd2030,Y. Tinel,tripped,"'u.s.t. located at 2% chord, l.s.t. located at 5% chord'",0.02,0.05,199981,bm05086.dat,12.75,1.091,-0.124,down
vol4,sd2030_tf_lft.txt,SD2030 (B),sd2030,Y. Tinel,tripped,"'u.s.t. located at 2% chord, l.s.t. located at 5% chord'",0.02,0.05,199981,bm05086.dat,11.89,1.147,-0.0321,down
vol4,sd2030_tf_lft.txt,SD2030 (B),sd2030,Y. Tinel,tripped,"'u.s.t. located at 2% chord, l.s.t. located at 5% chord'",0.02,0.05,199981,bm05086.dat,10.86,1.119,-0.0363,down
vol4,sd2030_tf_lft.txt,SD2030 (B),sd2030,Y. Tinel,tripped,"'u.s.t. located at 2% chord, l.s.t. located at 5% chord'",0.02,0.05,199981,bm05086.dat,9.81,1.07,-0.0422,down
vol4,sd2030_tf_lft.txt,SD2030 (B),sd2030,Y. Tinel,tripped,"'u.s.t. located at 2% chord, l.s.t. located at 5% chord'",0.02,0.05,199981,bm05086.dat,8.83,1.015,-0.0459,down
vol4,sd2030_tf_lft.txt,SD2030 (B),sd2030,Y. Tinel,tripped,"'u.s.t. located at 2% chord, l.s.t. located at 5% chord'",0.02,0.05,199981,bm05086.dat,7.83,0.939,-0.0492,down
vol4,sd2030_tf_lft.txt,SD2030 (B),sd2030,Y. Tinel,tripped,"'u.s.t. located at 2% chord, l.s.t. located at 5% chord'",0.02,0.05,199981,bm05086.dat,6.79,0.848,-0.0517,down
vol4,sd2030_tf_lft.txt,SD2030 (B),sd2030,Y. Tinel,tripped,"'u.s.t. located at 2% chord, l.s.t. located at 5% chord'",0.02,0.05,199981,bm05086.dat,5.68,0.754,-0.0551,down
vol4,sd2030_tf_lft.txt,SD2030 (B),sd2030,Y. Tinel,tripped,"'u.s.t. located at 2% chord, l.s.t. located at 5% chord'",0.02,0.05,199981,bm05086.dat,4.7,0.659,-0.0546,down
vol4,sd2030_tf_lft.txt,SD2030 (B),sd2030,Y. Tinel,tripped,"'u.s.t. located at 2% chord, l.s.t. located at 5% chord'",0.02,0.05,199981,bm05086.dat,3.68,0.565,-0.0559,down
vol4,sd2030_tf_lft.txt,SD2030 (B),sd2030,Y. Tinel,tripped,"'u.s.t. located at 2% chord, l.s.t. located at 5% chord'",0.02,0.05,199981,bm05086.dat,2.68,0.472,-0.0571,down
vol4,sd2030_tf_lft.txt,SD2030 (B),sd2030,Y. Tinel,tripped,"'u.s.t. located at 2% chord, l.s.t. located at 5% chord'",0.02,0.05,199981,bm05086.dat,1.63,0.371,-0.058,down
vol4,sd2030_tf_lft.txt,SD2030 (B),sd2030,Y. Tinel,tripped,"'u.s.t. located at 2% chord, l.s.t. located at 5% chord'",0.02,0.05,199981,bm05086.dat,0.65,0.28,-0.0615,down
vol4,sd2030_tf_lft.txt,SD2030 (B),sd2030,Y. Tinel,tripped,"'u.s.t. located at 2% chord, l.s.t. located at 5% chord'",0.02,0.05,199981,bm05086.dat,-0.48,0.194,-0.0733,down
vol4,sd2030_tf_lft.txt,SD2030 (B),sd2030,Y. Tinel,tripped,"'u.s.t. located at 2% chord, l.s.t. located at 5% chord'",0.02,0.05,199981,bm05086.dat,-1.49,0.066,-0.0675,down
vol4,sd2030_tf_lft.txt,SD2030 (B),sd2030,Y. Tinel,tripped,"'u.s.t. located at 2% chord, l.s.t. located at 5% chord'",0.02,0.05,199981,bm05086.dat,-2.46,-0.086,-0.053,down
vol4,sd2030_tf_lft.txt,SD2030 (B),sd2030,Y. Tinel,tripped,"'u.s.t. located at 2% chord, l.s.t. located at 5% chord'",0.02,0.05,199981,bm05086.dat,-3.47,-0.205,-0.0537,down
vol4,sd2030_tf_lft.txt,SD2030 (B),sd2030,Y. Tinel,tripped,"'u.s.t. located at 2% chord, l.s.t. located at 5% chord'",0.02,0.05,199981,bm05086.dat,-4.55,-0.314,-0.0467,down
vol4,sd2030_tf_lft.txt,SD2030 (B),sd2030,Y. Tinel,tripped,"'u.s.t. located at 2% chord, l.s.t. located at 5% chord'",0.02,0.05,199981,bm05086.dat,-5.57,-0.406,-0.0491,down
vol4,sd2030_tf_lft.txt,SD2030 (B),sd2030,Y. Tinel,tripped,"'u.s.t. located at 2% chord, l.s.t. located at 5% chord'",0.02,0.05,199981,bm05086.dat,-6.56,-0.5,-0.0285,down
vol4,sd2030_tf_lft.txt,SD2030 (B),sd2030,Y. Tinel,tripped,"'u.s.t. located at 2% chord, l.s.t. located at 5% chord'",0.02,0.05,199981,bm05086.dat,-7.55,-0.548,-0.0014,down
vol4,sd2030_tf_lft.txt,SD2030 (B),sd2030,Y. Tinel,tripped,"'u.s.t. located at 2% chord, l.s.t. located at 5% chord'",0.02,0.05,199981,bm05086.dat,-8.53,-0.565,0.0152,down
vol4,sd2030_tf_lft.txt,SD2030 (B),sd2030,Y. Tinel,tripped,"'u.s.t. located at 2% chord, l.s.t. located at 5% chord'",0.02,0.05,199981,bm05086.dat,-9.5,-0.571,0.0292,down
vol4,sd2030_tf_lft.txt,SD2030 (B),sd2030,Y. Tinel,tripped,"'u.s.t. located at 2% chord, l.s.t. located at 5% chord'",0.02,0.05,349925,bm05088.dat,-6.05,-0.415,-0.0557,up
vol4,sd2030_tf_lft.txt,SD2030 (B),sd2030,Y. Tinel,tripped,"'u.s.t. located at 2% chord, l.s.t. located at 5% chord'",0.02,0.05,349925,bm05088.dat,-5.07,-0.28,-0.0666,up
vol4,sd2030_tf_lft.txt,SD2030 (B),sd2030,Y. Tinel,tripped,"'u.s.t. located at 2% chord, l.s.t. located at 5% chord'",0.02,0.05,349925,bm05088.dat,-3.99,-0.148,-0.0694,up
vol4,sd2030_tf_lft.txt,SD2030 (B),sd2030,Y. Tinel,tripped,"'u.s.t. located at 2% chord, l.s.t. located at 5% chord'",0.02,0.05,349925,bm05088.dat,-2.95,-0.061,-0.0668,up
vol4,sd2030_tf_lft.txt,SD2030 (B),sd2030,Y. Tinel,tripped,"'u.s.t. located at 2% chord, l.s.t. located at 5% chord'",0.02,0.05,349925,bm05088.dat,-1.92,0.043,-0.0665,up
vol4,sd2030_tf_lft.txt,SD2030 (B),sd2030,Y. Tinel,tripped,"'u.s.t. located at 2% chord, l.s.t. located at 5% chord'",0.02,0.05,349925,bm05088.dat,-0.97,0.137,-0.0664,up
vol4,sd2030_tf_lft.txt,SD2030 (B),sd2030,Y. Tinel,tripped,"'u.s.t. located at 2% chord, l.s.t. located at 5% chord'",0.02,0.05,349925,bm05088.dat,0.11,0.247,-0.0661,up
vol4,sd2030_tf_lft.txt,SD2030 (B),sd2030,Y. Tinel,tripped,"'u.s.t. located at 2% chord, l.s.t. located at 5% chord'",0.02,0.05,349925,bm05088.dat,1.1,0.347,-0.0658,up
vol4,sd2030_tf_lft.txt,SD2030 (B),sd2030,Y. Tinel,tripped,"'u.s.t. located at 2% chord, l.s.t. located at 5% chord'",0.02,0.05,349925,bm05088.dat,2.14,0.448,-0.0649,up
vol4,sd2030_tf_lft.txt,SD2030 (B),sd2030,Y. Tinel,tripped,"'u.s.t. located at 2% chord, l.s.t. located at 5% chord'",0.02,0.05,349925,bm05088.dat,3.22,0.554,-0.0642,up
vol4,sd2030_tf_lft.txt,SD2030 (B),sd2030,Y. Tinel,tripped,"'u.s.t. located at 2% chord, l.s.t. located at 5% chord'",0.02,0.05,349925,bm05088.dat,4.2,0.66,-0.063,up
vol4,sd2030_tf_lft.txt,SD2030 (B),sd2030,Y. Tinel,tripped,"'u.s.t. located at 2% chord, l.s.t. located at 5% chord'",0.02,0.05,349925,bm05088.dat,5.2,0.758,-0.0615,up
vol4,sd2030_tf_lft.txt,SD2030 (B),sd2030,Y. Tinel,tripped,"'u.s.t. located at 2% chord, l.s.t. located at 5% chord'",0.02,0.05,349925,bm05088.dat,6.26,0.855,-0.0598,up
vol4,sd2030_tf_lft.txt,SD2030 (B),sd2030,Y. Tinel,tripped,"'u.s.t. located at 2% chord, l.s.t. located at 5% chord'",0.02,0.05,349925,bm05088.dat,7.3,0.948,-0.0571,up
vol4,sd2030_tf_lft.txt,SD2030 (B),sd2030,Y. Tinel,tripped,"'u.s.t. located at 2% chord, l.s.t. located at 5% chord'",0.02,0.05,349925,bm05088.dat,8.28,1.032,-0.054,up
vol4,sd2030_tf_lft.txt,SD2030 (B),sd2030,Y. Tinel,tripped,"'u.s.t. located at 2% chord, l.s.t. located at 5% chord'",0.02,0.05,349925,bm05088.dat,9.33,1.103,-0.0485,up
vol4,sd2030_tf_lft.txt,SD2030 (B),sd2030,Y. Tinel,tripped,"'u.s.t. located at 2% chord, l.s.t. located at 5% chord'",0.02,0.05,349925,bm05088.dat,10.36,1.145,-0.041,up
vol4,sd2030_tf_lft.txt,SD2030 (B),sd2030,Y. Tinel,tripped,"'u.s.t. located at 2% chord, l.s.t. located at 5% chord'",0.02,0.05,349925,bm05088.dat,11.34,1.161,-0.0345,up
vol4,sd2030_tf_lft.txt,SD2030 (B),sd2030,Y. Tinel,tripped,"'u.s.t. located at 2% chord, l.s.t. located at 5% chord'",0.02,0.05,349925,bm05088.dat,12.39,1.159,-0.0762,up
vol4,sd2030_tf_lft.txt,SD2030 (B),sd2030,Y. Tinel,tripped,"'u.s.t. located at 2% chord, l.s.t. located at 5% chord'",0.02,0.05,349925,bm05088.dat,11.86,1.169,-0.0337,down
vol4,sd2030_tf_lft.txt,SD2030 (B),sd2030,Y. Tinel,tripped,"'u.s.t. located at 2% chord, l.s.t. located at 5% chord'",0.02,0.05,349925,bm05088.dat,10.84,1.152,-0.0386,down
vol4,sd2030_tf_lft.txt,SD2030 (B),sd2030,Y. Tinel,tripped,"'u.s.t. located at 2% chord, l.s.t. located at 5% chord'",0.02,0.05,349925,bm05088.dat,9.81,1.124,-0.0462,down
vol4,sd2030_tf_lft.txt,SD2030 (B),sd2030,Y. Tinel,tripped,"'u.s.t. located at 2% chord, l.s.t. located at 5% chord'",0.02,0.05,349925,bm05088.dat,8.78,1.07,-0.053,down
vol4,sd2030_tf_lft.txt,SD2030 (B),sd2030,Y. Tinel,tripped,"'u.s.t. located at 2% chord, l.s.t. located at 5% chord'",0.02,0.05,349925,bm05088.dat,7.78,0.99,-0.0563,down
vol4,sd2030_tf_lft.txt,SD2030 (B),sd2030,Y. Tinel,tripped,"'u.s.t. located at 2% chord, l.s.t. located at 5% chord'",0.02,0.05,349925,bm05088.dat,6.73,0.902,-0.0597,down
vol4,sd2030_tf_lft.txt,SD2030 (B),sd2030,Y. Tinel,tripped,"'u.s.t. located at 2% chord, l.s.t. located at 5% chord'",0.02,0.05,349925,bm05088.dat,5.74,0.805,-0.0618,down
vol4,sd2030_tf_lft.txt,SD2030 (B),sd2030,Y. Tinel,tripped,"'u.s.t. located at 2% chord, l.s.t. located at 5% chord'",0.02,0.05,349925,bm05088.dat,4.69,0.706,-0.0634,down
vol4,sd2030_tf_lft.txt,SD2030 (B),sd2030,Y. Tinel,tripped,"'u.s.t. located at 2% chord, l.s.t. located at 5% chord'",0.02,0.05,349925,bm05088.dat,3.69,0.608,-0.0648,down
vol4,sd2030_tf_lft.txt,SD2030 (B),sd2030,Y. Tinel,tripped,"'u.s.t. located at 2% chord, l.s.t. located at 5% chord'",0.02,0.05,349925,bm05088.dat,2.68,0.504,-0.0655,down
vol4,sd2030_tf_lft.txt,SD2030 (B),sd2030,Y. Tinel,tripped,"'u.s.t. located at 2% chord, l.s.t. located at 5% chord'",0.02,0.05,349925,bm05088.dat,1.61,0.393,-0.066,down
vol4,sd2030_tf_lft.txt,SD2030 (B),sd2030,Y. Tinel,tripped,"'u.s.t. located at 2% chord, l.s.t. located at 5% chord'",0.02,0.05,349925,bm05088.dat,0.6,0.292,-0.0667,down
vol4,sd2030_tf_lft.txt,SD2030 (B),sd2030,Y. Tinel,tripped,"'u.s.t. located at 2% chord, l.s.t. located at 5% chord'",0.02,0.05,349925,bm05088.dat,-0.44,0.189,-0.0668,down
vol4,sd2030_tf_lft.txt,SD2030 (B),sd2030,Y. Tinel,tripped,"'u.s.t. located at 2% chord, l.s.t. located at 5% chord'",0.02,0.05,349925,bm05088.dat,-1.5,0.086,-0.0669,down
vol4,sd2030_tf_lft.txt,SD2030 (B),sd2030,Y. Tinel,tripped,"'u.s.t. located at 2% chord, l.s.t. located at 5% chord'",0.02,0.05,349925,bm05088.dat,-2.49,-0.013,-0.0668,down
vol4,sd2030_tf_lft.txt,SD2030 (B),sd2030,Y. Tinel,tripped,"'u.s.t. located at 2% chord, l.s.t. located at 5% chord'",0.02,0.05,349925,bm05088.dat,-3.46,-0.104,-0.0678,down
vol4,sd2030_tf_lft.txt,SD2030 (B),sd2030,Y. Tinel,tripped,"'u.s.t. located at 2% chord, l.s.t. located at 5% chord'",0.02,0.05,349925,bm05088.dat,-4.54,-0.195,-0.0719,down
vol4,sd2030_tf_lft.txt,SD2030 (B),sd2030,Y. Tinel,tripped,"'u.s.t. located at 2% chord, l.s.t. located at 5% chord'",0.02,0.05,349925,bm05088.dat,-5.59,-0.344,-0.0636,down
vol4,sd2030_tf_lft.txt,SD2030 (B),sd2030,Y. Tinel,tripped,"'u.s.t. located at 2% chord, l.s.t. located at 5% chord'",0.02,0.05,350116,bm05131.dat,10.41,1.159,-0.0186,up
vol4,sd2030_tf_lft.txt,SD2030 (B),sd2030,Y. Tinel,tripped,"'u.s.t. located at 2% chord, l.s.t. located at 5% chord'",0.02,0.05,350116,bm05131.dat,11.45,1.176,-0.0189,up
vol4,sd2030_tf_lft.txt,SD2030 (B),sd2030,Y. Tinel,tripped,"'u.s.t. located at 2% chord, l.s.t. located at 5% chord'",0.02,0.05,350116,bm05131.dat,12.32,1.188,-0.0191,up
vol4,sd2030_tf_lft.txt,SD2030 (B),sd2030,Y. Tinel,tripped,"'u.s.t. located at 2% chord, l.s.t. located at 5% chord'",0.02,0.05,350116,bm05131.dat,13.32,1.139,-0.0183,up
vol4,sd2030_tf_lft.txt,SD2030 (B),sd2030,Y. Tinel,tripped,"'u.s.t. located at 2% chord, l.s.t. located at 5% chord'",0.02,0.05,350116,bm05131.dat,14.3,1.105,-0.0178,up
vol4,sd2030_tf_lft.txt,SD2030 (B),sd2030,Y. Tinel,tripped,"'u.s.t. located at 2% chord, l.s.t. located at 5% chord'",0.02,0.05,350116,bm05131.dat,15.31,1.029,-0.0166,up
vol4,sd2030_tf_lft.txt,SD2030 (B),sd2030,Y. Tinel,tripped,"'u.s.t. located at 2% chord, l.s.t. located at 5% chord'",0.02,0.05,350116,bm05131.dat,16.28,0.997,-0.016,up
vol4,sd2030_tf_lft.txt,SD2030 (B),sd2030,Y. Tinel,tripped,"'u.s.t. located at 2% chord, l.s.t. located at 5% chord'",0.02,0.05,350116,bm05131.dat,17.19,0.976,-0.0157,up
vol4,sd2030_tf_lft.txt,SD2030 (B),sd2030,Y. Tinel,tripped,"'u.s.t. located at 2% chord, l.s.t. located at 5% chord'",0.02,0.05,350116,bm05131.dat,18.42,0.944,-0.0152,up
vol4,sd2030_tf_lft.txt,SD2030 (B),sd2030,Y. Tinel,tripped,"'u.s.t. located at 2% chord, l.s.t. located at 5% chord'",0.02,0.05,350116,bm05131.dat,19.26,0.963,-0.0155,up
vol4,sd2030_tf_lft.txt,SD2030 (B),sd2030,Y. Tinel,tripped,"'u.s.t. located at 2% chord, l.s.t. located at 5% chord'",0.02,0.05,350116,bm05131.dat,20.34,0.975,-0.0157,up
vol4,sd2030_tf_lft.txt,SD2030 (B),sd2030,Y. Tinel,tripped,"'u.s.t. located at 2% chord, l.s.t. located at 5% chord'",0.02,0.05,350116,bm05131.dat,19.73,0.985,-0.0158,down
vol4,sd2030_tf_lft.txt,SD2030 (B),sd2030,Y. Tinel,tripped,"'u.s.t. located at 2% chord, l.s.t. located at 5% chord'",0.02,0.05,350116,bm05131.dat,18.85,0.95,-0.0153,down
vol4,sd2030_tf_lft.txt,SD2030 (B),sd2030,Y. Tinel,tripped,"'u.s.t. located at 2% chord, l.s.t. located at 5% chord'",0.02,0.05,350116,bm05131.dat,17.82,0.963,-0.0155,down
vol4,sd2030_tf_lft.txt,SD2030 (B),sd2030,Y. Tinel,tripped,"'u.s.t. located at 2% chord, l.s.t. located at 5% chord'",0.02,0.05,350116,bm05131.dat,16.72,0.981,-0.0158,down
vol4,sd2030_tf_lft.txt,SD2030 (B),sd2030,Y. Tinel,tripped,"'u.s.t. located at 2% chord, l.s.t. located at 5% chord'",0.02,0.05,350116,bm05131.dat,15.89,1.014,-0.0163,down
vol4,sd2030_tf_lft.txt,SD2030 (B),sd2030,Y. Tinel,tripped,"'u.s.t. located at 2% chord, l.s.t. located at 5% chord'",0.02,0.05,350116,bm05131.dat,14.76,1.073,-0.0173,down
vol4,sd2030_tf_lft.txt,SD2030 (B),sd2030,Y. Tinel,tripped,"'u.s.t. located at 2% chord, l.s.t. located at 5% chord'",0.02,0.05,350116,bm05131.dat,13.96,1.118,-0.018,down
vol4,sd2030_tf_lft.txt,SD2030 (B),sd2030,Y. Tinel,tripped,"'u.s.t. located at 2% chord, l.s.t. located at 5% chord'",0.02,0.05,350116,bm05131.dat,12.89,1.153,-0.0185,down
vol4,sd2030_tf_lft.txt,SD2030 (B),sd2030,Y. Tinel,tripped,"'u.s.t. located at 2% chord, l.s.t. located at 5% chord'",0.02,0.05,350116,bm05131.dat,11.91,1.181,-0.019,down
vol4,sd2030_tf_lft.txt,SD2030 (B),sd2030,Y. Tinel,tripped,"'u.s.t. located at 2% chord, l.s.t. located at 5% chord'",0.02,0.05,350116,bm05131.dat,10.85,1.166,-0.0187,down
vol4,sd2030_tf_lft.txt,SD2030 (B),sd2030,Y. Tinel,tripped,"'u.s.t. located at 2% chord, l.s.t. located at 5% chord'",0.02,0.05,500249,bm05090.dat,-6.07,-0.354,-0.0698,up
vol4,sd2030_tf_lft.txt,SD2030 (B),sd2030,Y. Tinel,tripped,"'u.s.t. located at 2% chord, l.s.t. located at 5% chord'",0.02,0.05,500249,bm05090.dat,-4.98,-0.25,-0.0688,up
vol4,sd2030_tf_lft.txt,SD2030 (B),sd2030,Y. Tinel,tripped,"'u.s.t. located at 2% chord, l.s.t. located at 5% chord'",0.02,0.05,500249,bm05090.dat,-4.0,-0.161,-0.0682,up
vol4,sd2030_tf_lft.txt,SD2030 (B),sd2030,Y. Tinel,tripped,"'u.s.t. located at 2% chord, l.s.t. located at 5% chord'",0.02,0.05,500249,bm05090.dat,-2.92,-0.058,-0.0671,up
vol4,sd2030_tf_lft.txt,SD2030 (B),sd2030,Y. Tinel,tripped,"'u.s.t. located at 2% chord, l.s.t. located at 5% chord'",0.02,0.05,500249,bm05090.dat,-1.91,0.039,-0.0668,up
vol4,sd2030_tf_lft.txt,SD2030 (B),sd2030,Y. Tinel,tripped,"'u.s.t. located at 2% chord, l.s.t. located at 5% chord'",0.02,0.05,500249,bm05090.dat,-0.93,0.14,-0.0667,up
vol4,sd2030_tf_lft.txt,SD2030 (B),sd2030,Y. Tinel,tripped,"'u.s.t. located at 2% chord, l.s.t. located at 5% chord'",0.02,0.05,500249,bm05090.dat,0.12,0.243,-0.0658,up
vol4,sd2030_tf_lft.txt,SD2030 (B),sd2030,Y. Tinel,tripped,"'u.s.t. located at 2% chord, l.s.t. located at 5% chord'",0.02,0.05,500249,bm05090.dat,1.13,0.355,-0.0654,up
vol4,sd2030_tf_lft.txt,SD2030 (B),sd2030,Y. Tinel,tripped,"'u.s.t. located at 2% chord, l.s.t. located at 5% chord'",0.02,0.05,500249,bm05090.dat,2.19,0.463,-0.0644,up
vol4,sd2030_tf_lft.txt,SD2030 (B),sd2030,Y. Tinel,tripped,"'u.s.t. located at 2% chord, l.s.t. located at 5% chord'",0.02,0.05,500249,bm05090.dat,3.23,0.569,-0.0639,up
vol4,sd2030_tf_lft.txt,SD2030 (B),sd2030,Y. Tinel,tripped,"'u.s.t. located at 2% chord, l.s.t. located at 5% chord'",0.02,0.05,500249,bm05090.dat,4.19,0.665,-0.0625,up
vol4,sd2030_tf_lft.txt,SD2030 (B),sd2030,Y. Tinel,tripped,"'u.s.t. located at 2% chord, l.s.t. located at 5% chord'",0.02,0.05,500249,bm05090.dat,5.22,0.768,-0.0611,up
vol4,sd2030_tf_lft.txt,SD2030 (B),sd2030,Y. Tinel,tripped,"'u.s.t. located at 2% chord, l.s.t. located at 5% chord'",0.02,0.05,500249,bm05090.dat,6.25,0.862,-0.0591,up
vol4,sd2030_tf_lft.txt,SD2030 (B),sd2030,Y. Tinel,tripped,"'u.s.t. located at 2% chord, l.s.t. located at 5% chord'",0.02,0.05,500249,bm05090.dat,7.29,0.962,-0.0569,up
vol4,sd2030_tf_lft.txt,SD2030 (B),sd2030,Y. Tinel,tripped,"'u.s.t. located at 2% chord, l.s.t. located at 5% chord'",0.02,0.05,500249,bm05090.dat,8.34,1.044,-0.0532,up
vol4,sd2030_tf_lft.txt,SD2030 (B),sd2030,Y. Tinel,tripped,"'u.s.t. located at 2% chord, l.s.t. located at 5% chord'",0.02,0.05,500249,bm05090.dat,9.37,1.098,-0.046,up
vol4,sd2030_tf_lft.txt,SD2030 (B),sd2030,Y. Tinel,tripped,"'u.s.t. located at 2% chord, l.s.t. located at 5% chord'",0.02,0.05,500249,bm05090.dat,10.34,1.141,-0.0398,up
vol4,sd2030_tf_lft.txt,SD2030 (B),sd2030,Y. Tinel,tripped,"'u.s.t. located at 2% chord, l.s.t. located at 5% chord'",0.02,0.05,500249,bm05090.dat,11.36,1.165,-0.0345,up
vol4,sd2030_tf_lft.txt,SD2030 (B),sd2030,Y. Tinel,tripped,"'u.s.t. located at 2% chord, l.s.t. located at 5% chord'",0.02,0.05,500249,bm05090.dat,12.38,1.169,-0.036,up
vol4,sd2030_tf_lft.txt,SD2030 (B),sd2030,Y. Tinel,tripped,"'u.s.t. located at 2% chord, l.s.t. located at 5% chord'",0.02,0.05,500249,bm05090.dat,11.87,1.175,-0.0334,down
vol4,sd2030_tf_lft.txt,SD2030 (B),sd2030,Y. Tinel,tripped,"'u.s.t. located at 2% chord, l.s.t. located at 5% chord'",0.02,0.05,500249,bm05090.dat,10.78,1.159,-0.0379,down
vol4,sd2030_tf_lft.txt,SD2030 (B),sd2030,Y. Tinel,tripped,"'u.s.t. located at 2% chord, l.s.t. located at 5% chord'",0.02,0.05,500249,bm05090.dat,9.82,1.119,-0.0435,down
vol4,sd2030_tf_lft.txt,SD2030 (B),sd2030,Y. Tinel,tripped,"'u.s.t. located at 2% chord, l.s.t. located at 5% chord'",0.02,0.05,500249,bm05090.dat,8.81,1.072,-0.0506,down
vol4,sd2030_tf_lft.txt,SD2030 (B),sd2030,Y. Tinel,tripped,"'u.s.t. located at 2% chord, l.s.t. located at 5% chord'",0.02,0.05,500249,bm05090.dat,7.77,0.993,-0.0554,down
vol4,sd2030_tf_lft.txt,SD2030 (B),sd2030,Y. Tinel,tripped,"'u.s.t. located at 2% chord, l.s.t. located at 5% chord'",0.02,0.05,500249,bm05090.dat,6.72,0.911,-0.0584,down
vol4,sd2030_tf_lft.txt,SD2030 (B),sd2030,Y. Tinel,tripped,"'u.s.t. located at 2% chord, l.s.t. located at 5% chord'",0.02,0.05,500249,bm05090.dat,5.74,0.81,-0.0604,down
vol4,sd2030_tf_lft.txt,SD2030 (B),sd2030,Y. Tinel,tripped,"'u.s.t. located at 2% chord, l.s.t. located at 5% chord'",0.02,0.05,500249,bm05090.dat,4.72,0.714,-0.062,down
vol4,sd2030_tf_lft.txt,SD2030 (B),sd2030,Y. Tinel,tripped,"'u.s.t. located at 2% chord, l.s.t. located at 5% chord'",0.02,0.05,500249,bm05090.dat,3.69,0.614,-0.0634,down
vol4,sd2030_tf_lft.txt,SD2030 (B),sd2030,Y. Tinel,tripped,"'u.s.t. located at 2% chord, l.s.t. located at 5% chord'",0.02,0.05,500249,bm05090.dat,2.65,0.507,-0.0647,down
vol4,sd2030_tf_lft.txt,SD2030 (B),sd2030,Y. Tinel,tripped,"'u.s.t. located at 2% chord, l.s.t. located at 5% chord'",0.02,0.05,500249,bm05090.dat,1.64,0.406,-0.0656,down
vol4,sd2030_tf_lft.txt,SD2030 (B),sd2030,Y. Tinel,tripped,"'u.s.t. located at 2% chord, l.s.t. located at 5% chord'",0.02,0.05,500249,bm05090.dat,0.61,0.303,-0.0659,down
vol4,sd2030_tf_lft.txt,SD2030 (B),sd2030,Y. Tinel,tripped,"'u.s.t. located at 2% chord, l.s.t. located at 5% chord'",0.02,0.05,500249,bm05090.dat,-0.42,0.188,-0.0664,down
vol4,sd2030_tf_lft.txt,SD2030 (B),sd2030,Y. Tinel,tripped,"'u.s.t. located at 2% chord, l.s.t. located at 5% chord'",0.02,0.05,500249,bm05090.dat,-1.42,0.089,-0.067,down
vol4,sd2030_tf_lft.txt,SD2030 (B),sd2030,Y. Tinel,tripped,"'u.s.t. located at 2% chord, l.s.t. located at 5% chord'",0.02,0.05,500249,bm05090.dat,-2.49,-0.016,-0.0672,down
vol4,sd2030_tf_lft.txt,SD2030 (B),sd2030,Y. Tinel,tripped,"'u.s.t. located at 2% chord, l.s.t. located at 5% chord'",0.02,0.05,500249,bm05090.dat,-3.52,-0.119,-0.068,down
vol4,sd2030_tf_lft.txt,SD2030 (B),sd2030,Y. Tinel,tripped,"'u.s.t. located at 2% chord, l.s.t. located at 5% chord'",0.02,0.05,500249,bm05090.dat,-4.54,-0.211,-0.0684,down
vol4,sd2030_tf_lft.txt,SD2030 (B),sd2030,Y. Tinel,tripped,"'u.s.t. located at 2% chord, l.s.t. located at 5% chord'",0.02,0.05,500249,bm05090.dat,-5.6,-0.305,-0.0713,down
