volume,file,airfoil_label,asb_name,builder,config,comment,xtr_upper,xtr_lower,Re,run_file,alpha,CL,CD
vol1,A18.DRG,A18,a18,R. Cooney,clean,clean,,,40000,MS00278.DAT,-1.16,0.117,0.0244
vol1,A18.DRG,A18,a18,R. Cooney,clean,clean,,,40000,MS00278.DAT,0.93,0.324,0.0202
vol1,A18.DRG,A18,a18,R. Cooney,clean,clean,,,40000,MS00278.DAT,2.82,0.54,0.0349
vol1,A18.DRG,A18,a18,R. Cooney,clean,clean,,,40000,MS00278.DAT,5.05,0.842,0.0405
vol1,A18.DRG,A18,a18,R. Cooney,clean,clean,,,40000,MS00278.DAT,7.04,1.007,0.0314
vol1,A18.DRG,A18,a18,R. Cooney,clean,clean,,,40000,MS00278.DAT,9.08,1.108,0.0283
vol1,A18.DRG,A18,a18,R. Cooney,clean,clean,,,40000,MS00278.DAT,11.1,1.155,0.0572
vol1,A18.DRG,A18,a18,R. Cooney,clean,clean,,,60700,JG00161.DAT,-2.07,0.027,0.0229
vol1,A18.DRG,A18,a18,R. Cooney,clean,clean,,,60700,JG00161.DAT,-0.17,0.216,0.0182
vol1,A18.DRG,A18,a18,R. Cooney,clean,clean,,,60700,JG00161.DAT,1.14,0.407,0.0201
vol1,A18.DRG,A18,a18,R. Cooney,clean,clean,,,60700,JG00161.DAT,2.44,0.591,0.0214
vol1,A18.DRG,A18,a18,R. Cooney,clean,clean,,,60700,JG00161.DAT,4.17,0.81,0.0231
vol1,A18.DRG,A18,a18,R. Cooney,clean,clean,,,60700,JG00161.DAT,6.02,0.967,0.0207
vol1,A18.DRG,A18,a18,R. Cooney,clean,clean,,,60700,JG00161.DAT,7.62,1.057,0.0243
vol1,A18.DRG,A18,a18,R. Cooney,clean,clean,,,60700,JG00161.DAT,9.15,1.141,0.0318
vol1,A18.DRG,A18,a18,R. Cooney,clean,clean,,,60700,JG00161.DAT,10.41,1.186,0.0395
vol1,A18.DRG,A18,a18,R. Cooney,clean,clean,,,100700,MS00163.DAT,-1.53,0.084,0.0183
vol1,A18.DRG,A18,a18,R. Cooney,clean,clean,,,100700,MS00163.DAT,-0.37,0.266,0.0141
vol1,A18.DRG,A18,a18,R. Cooney,clean,clean,,,100700,MS00163.DAT,1.1,0.468,0.0147
vol1,A18.DRG,A18,a18,R. Cooney,clean,clean,,,100700,MS00163.DAT,2.82,0.653,0.0161
vol1,A18.DRG,A18,a18,R. Cooney,clean,clean,,,100700,MS00163.DAT,4.38,0.787,0.0153
vol1,A18.DRG,A18,a18,R. Cooney,clean,clean,,,100700,MS00163.DAT,5.94,0.92,0.0165
vol1,A18.DRG,A18,a18,R. Cooney,clean,clean,,,100700,MS00163.DAT,7.6,1.024,0.024
vol1,A18.DRG,A18,a18,R. Cooney,clean,clean,,,100700,MS00163.DAT,9.01,1.105,0.03
vol1,A18.DRG,A18,a18,R. Cooney,clean,clean,,,100700,MS00163.DAT,10.18,1.145,0.0366
vol1,A18.DRG,A18,a18,R. Cooney,clean,clean,,,201800,MS00165.DAT,-1.55,0.199,0.0126
vol1,A18.DRG,A18,a18,R. Cooney,clean,clean,,,201800,MS00165.DAT,0.17,0.385,0.0093
vol1,A18.DRG,A18,a18,R. Cooney,clean,clean,,,201800,MS00165.DAT,1.53,0.525,0.0089
vol1,A18.DRG,A18,a18,R. Cooney,clean,clean,,,201800,MS00165.DAT,2.93,0.673,0.01
vol1,A18.DRG,A18,a18,R. Cooney,clean,clean,,,201800,MS00165.DAT,4.38,0.809,0.0117
vol1,A18.DRG,A18,a18,R. Cooney,clean,clean,,,201800,MS00165.DAT,5.59,0.906,0.014
vol1,A18.DRG,A18,a18,R. Cooney,clean,clean,,,201800,MS00165.DAT,7.5,1.045,0.0196
vol1,A18.DRG,A18,a18,R. Cooney,clean,clean,,,201800,MS00165.DAT,8.93,1.135,0.0249
vol1,A18.DRG,A18,a18,R. Cooney,clean,clean,,,201800,MS00165.DAT,10.22,1.191,0.0316
vol1,A18.DRG,A18,a18,R. Cooney,clean,clean,,,204500,AB00521.DAT,-5.29,-0.375,0.0685
vol1,A18.DRG,A18,a18,R. Cooney,clean,clean,,,204500,AB00521.DAT,-3.39,-0.093,0.0178
vol1,A18.DRG,A18,a18,R. Cooney,clean,clean,,,300400,MS00167.DAT,-2.37,0.122,0.0108
vol1,A18.DRG,A18,a18,R. Cooney,clean,clean,,,300400,MS00167.DAT,-0.45,0.327,0.01
vol1,A18.DRG,A18,a18,R. Cooney,clean,clean,,,300400,MS00167.DAT,0.94,0.474,0.008
vol1,A18.DRG,A18,a18,R. Cooney,clean,clean,,,300400,MS00167.DAT,2.39,0.622,0.0082
vol1,A18.DRG,A18,a18,R. Cooney,clean,clean,,,300400,MS00167.DAT,4.28,0.792,0.0099
vol1,A18.DRG,A18,a18,R. Cooney,clean,clean,,,300400,MS00167.DAT,5.81,0.914,0.0139
vol1,A18.DRG,A18,a18,R. Cooney,clean,clean,,,300400,MS00167.DAT,7.94,1.077,0.0194
vol1,A18.DRG,A18,a18,R. Cooney,clean,clean,,,300400,MS00167.DAT,9.31,1.156,0.0234
vol1,A18.DRG,A18,a18,R. Cooney,clean,clean,,,300400,MS00167.DAT,10.27,1.192,0.0295
vol1,A18.DRG,A18,a18,R. Cooney,clean,clean,,,305600,AB00522.DAT,-5.35,-0.332,0.0623
vol1,A18.DRG,A18,a18,R. Cooney,clean,clean,,,305600,AB00522.DAT,-3.58,-0.057,0.0137
vol1,BE50.DRG,BE50,be50,R. Cooney,clean,clean,,,60300,JG00570.DAT,-1.74,0.032,0.0206
vol1,BE50.DRG,BE50,be50,R. Cooney,clean,clean,,,60300,JG00570.DAT,-0.12,0.188,0.0158
vol1,BE50.DRG,BE50,be50,R. Cooney,clean,clean,,,60300,JG00570.DAT,1.36,0.436,0.014
vol1,BE50.DRG,BE50,be50,R. Cooney,clean,clean,,,60300,JG00570.DAT,2.99,0.619,0.018
vol1,BE50.DRG,BE50,be50,R. Cooney,clean,clean,,,60300,JG00570.DAT,4.52,0.762,0.0227
vol1,BE50.DRG,BE50,be50,R. Cooney,clean,clean,,,60300,JG00570.DAT,5.79,0.868,0.0189
vol1,BE50.DRG,BE50,be50,R. Cooney,clean,clean,,,60300,JG00570.DAT,7.47,1.001,0.0276
vol1,BE50.DRG,BE50,be50,R. Cooney,clean,clean,,,60300,JG00570.DAT,9.05,1.12,0.029
vol1,BE50.DRG,BE50,be50,R. Cooney,clean,clean,,,60300,JG00570.DAT,10.53,1.207,0.0347
vol1,BE50.DRG,BE50,be50,R. Cooney,clean,clean,,,101000,JG00572.DAT,-3.48,-0.129,0.0272
vol1,BE50.DRG,BE50,be50,R. Cooney,clean,clean,,,101000,JG00572.DAT,-1.75,0.019,0.0174
vol1,BE50.DRG,BE50,be50,R. Cooney,clean,clean,,,101000,JG00572.DAT,-0.28,0.235,0.0125
vol1,BE50.DRG,BE50,be50,R. Cooney,clean,clean,,,101000,JG00572.DAT,1.42,0.462,0.0123
vol1,BE50.DRG,BE50,be50,R. Cooney,clean,clean,,,101000,JG00572.DAT,3.46,0.653,0.0146
vol1,BE50.DRG,BE50,be50,R. Cooney,clean,clean,,,101000,JG00572.DAT,4.3,0.73,0.0159
vol1,BE50.DRG,BE50,be50,R. Cooney,clean,clean,,,101000,JG00572.DAT,5.99,0.879,0.0193
vol1,BE50.DRG,BE50,be50,R. Cooney,clean,clean,,,101000,JG00572.DAT,7.32,0.995,0.0225
vol1,BE50.DRG,BE50,be50,R. Cooney,clean,clean,,,101000,JG00572.DAT,9.23,1.146,0.0271
vol1,BE50.DRG,BE50,be50,R. Cooney,clean,clean,,,101000,JG00572.DAT,10.39,1.199,0.033
vol1,BE50.DRG,BE50,be50,R. Cooney,clean,clean,,,201700,JG00574.DAT,-5.41,-0.365,0.0707
vol1,BE50.DRG,BE50,be50,R. Cooney,clean,clean,,,201700,JG00574.DAT,-3.12,-0.09,0.0186
vol1,BE50.DRG,BE50,be50,R. Cooney,clean,clean,,,201700,JG00574.DAT,-1.73,0.1,0.0124
vol1,BE50.DRG,BE50,be50,R. Cooney,clean,clean,,,201700,JG00574.DAT,-0.44,0.244,0.0099
vol1,BE50.DRG,BE50,be50,R. Cooney,clean,clean,,,201700,JG00574.DAT,1.28,0.434,0.0087
vol1,BE50.DRG,BE50,be50,R. Cooney,clean,clean,,,201700,JG00574.DAT,2.81,0.589,0.0098
vol1,BE50.DRG,BE50,be50,R. Cooney,clean,clean,,,201700,JG00574.DAT,4.38,0.739,0.012
vol1,BE50.DRG,BE50,be50,R. Cooney,clean,clean,,,201700,JG00574.DAT,5.72,0.865,0.0147
vol1,BE50.DRG,BE50,be50,R. Cooney,clean,clean,,,201700,JG00574.DAT,7.57,1.031,0.0174
vol1,BE50.DRG,BE50,be50,R. Cooney,clean,clean,,,201700,JG00574.DAT,8.84,1.13,0.0204
vol1,BE50.DRG,BE50,be50,R. Cooney,clean,clean,,,201700,JG00574.DAT,10.39,1.209,0.0301
vol1,BE50.DRG,BE50,be50,R. Cooney,clean,clean,,,302700,JG00576.DAT,-5.1,-0.32,0.0618
vol1,BE50.DRG,BE50,be50,R. Cooney,clean,clean,,,302700,JG00576.DAT,-3.45,-0.088,0.017
vol1,BE50.DRG,BE50,be50,R. Cooney,clean,clean,,,302700,JG00576.DAT,-2.18,0.068,0.0117
vol1,BE50.DRG,BE50,be50,R. Cooney,clean,clean,,,302700,JG00576.DAT,-0.34,0.261,0.0091
vol1,BE50.DRG,BE50,be50,R. Cooney,clean,clean,,,302700,JG00576.DAT,1.24,0.427,0.0076
vol1,BE50.DRG,BE50,be50,R. Cooney,clean,clean,,,302700,JG00576.DAT,2.9,0.595,0.0087
vol1,BE50.DRG,BE50,be50,R. Cooney,clean,clean,,,302700,JG00576.DAT,4.34,0.736,0.0105
vol1,BE50.DRG,BE50,be50,R. Cooney,clean,clean,,,302700,JG00576.DAT,6.22,0.924,0.0133
vol1,BE50.DRG,BE50,be50,R. Cooney,clean,clean,,,302700,JG00576.DAT,7.75,1.061,0.0158
vol1,BE50.DRG,BE50,be50,R. Cooney,clean,clean,,,302700,JG00576.DAT,9.19,1.158,0.0204
vol1,BE50.DRG,BE50,be50,R. Cooney,clean,clean,,,302700,JG00576.DAT,10.5,1.222,0.0276
vol1,E374B.DRG,E374 (B),e374,M. Bame,clean,clean,,,61200,JG00069.DAT,-6.39,-0.426,0.0342
vol1,E374B.DRG,E374 (B),e374,M. Bame,clean,clean,,,61200,JG00069.DAT,-5.3,-0.372,0.0289
vol1,E374B.DRG,E374 (B),e374,M. Bame,clean,clean,,,61200,JG00069.DAT,-4.27,-0.314,0.0224
vol1,E374B.DRG,E374 (B),e374,M. Bame,clean,clean,,,61200,JG00069.DAT,-3.27,-0.23,0.0166
vol1,E374B.DRG,E374 (B),e374,M. Bame,clean,clean,,,61200,JG00069.DAT,-2.31,-0.155,0.0166
vol1,E374B.DRG,E374 (B),e374,M. Bame,clean,clean,,,61200,JG00069.DAT,-1.2,-0.015,0.0187
vol1,E374B.DRG,E374 (B),e374,M. Bame,clean,clean,,,61200,JG00069.DAT,-0.18,0.104,0.0216
vol1,E374B.DRG,E374 (B),e374,M. Bame,clean,clean,,,61200,JG00069.DAT,0.9,0.253,0.0253
vol1,E374B.DRG,E374 (B),e374,M. Bame,clean,clean,,,61200,JG00069.DAT,1.86,0.361,0.0275
vol1,E374B.DRG,E374 (B),e374,M. Bame,clean,clean,,,61200,JG00069.DAT,2.98,0.426,0.0316
vol1,E374B.DRG,E374 (B),e374,M. Bame,clean,clean,,,61200,JG00069.DAT,3.92,0.519,0.0337
vol1,E374B.DRG,E374 (B),e374,M. Bame,clean,clean,,,61200,JG00069.DAT,4.95,0.669,0.0331
vol1,E374B.DRG,E374 (B),e374,M. Bame,clean,clean,,,61200,JG00069.DAT,6.02,0.789,0.0324
vol1,E374B.DRG,E374 (B),e374,M. Bame,clean,clean,,,61200,JG00069.DAT,7.01,0.887,0.0277
vol1,E374B.DRG,E374 (B),e374,M. Bame,clean,clean,,,61200,JG00069.DAT,8.0,0.958,0.0266
vol1,E374B.DRG,E374 (B),e374,M. Bame,clean,clean,,,61200,JG00069.DAT,9.0,0.987,0.029
vol1,E374B.DRG,E374 (B),e374,M. Bame,clean,clean,,,61200,JG00069.DAT,10.01,1.025,0.0364
vol1,E374B.DRG,E374 (B),e374,M. Bame,clean,clean,,,101600,JG00067.DAT,-4.22,-0.295,0.0205
vol1,E374B.DRG,E374 (B),e374,M. Bame,clean,clean,,,101600,JG00067.DAT,-3.31,-0.181,0.0156
vol1,E374B.DRG,E374 (B),e374,M. Bame,clean,clean,,,101600,JG00067.DAT,-2.23,-0.012,0.0152
vol1,E374B.DRG,E374 (B),e374,M. Bame,clean,clean,,,101600,JG00067.DAT,-1.1,0.152,0.0189
vol1,E374B.DRG,E374 (B),e374,M. Bame,clean,clean,,,101600,JG00067.DAT,-0.24,0.236,0.02
vol1,E374B.DRG,E374 (B),e374,M. Bame,clean,clean,,,101600,JG00067.DAT,0.82,0.312,0.022
vol1,E374B.DRG,E374 (B),e374,M. Bame,clean,clean,,,101600,JG00067.DAT,1.84,0.397,0.0249
vol1,E374B.DRG,E374 (B),e374,M. Bame,clean,clean,,,101600,JG00067.DAT,2.84,0.49,0.0268
vol1,E374B.DRG,E374 (B),e374,M. Bame,clean,clean,,,101600,JG00067.DAT,4.01,0.608,0.0273
vol1,E374B.DRG,E374 (B),e374,M. Bame,clean,clean,,,101600,JG00067.DAT,5.03,0.709,0.0226
vol1,E374B.DRG,E374 (B),e374,M. Bame,clean,clean,,,101600,JG00067.DAT,5.96,0.804,0.0196
vol1,E374B.DRG,E374 (B),e374,M. Bame,clean,clean,,,101600,JG00067.DAT,7.02,0.903,0.0182
vol1,E374B.DRG,E374 (B),e374,M. Bame,clean,clean,,,101600,JG00067.DAT,8.02,0.949,0.0241
vol1,E374B.DRG,E374 (B),e374,M. Bame,clean,clean,,,101600,JG00067.DAT,8.96,0.977,0.031
vol1,E374B.DRG,E374 (B),e374,M. Bame,clean,clean,,,101600,JG00067.DAT,10.02,1.018,0.0413
vol1,E374B.DRG,E374 (B),e374,M. Bame,clean,clean,,,102800,AB00503.DAT,-6.37,-0.455,0.0327
vol1,E374B.DRG,E374 (B),e374,M. Bame,clean,clean,,,102800,AB00503.DAT,-5.38,-0.412,0.0255
vol1,E374B.DRG,E374 (B),e374,M. Bame,clean,clean,,,102800,AB00503.DAT,-4.35,-0.328,0.0205
vol1,E374B.DRG,E374 (B),e374,M. Bame,clean,clean,,,152400,AB00502.DAT,-6.44,-0.462,0.0296
vol1,E374B.DRG,E374 (B),e374,M. Bame,clean,clean,,,152400,AB00502.DAT,-5.26,-0.379,0.0203
vol1,E374B.DRG,E374 (B),e374,M. Bame,clean,clean,,,152400,AB00502.DAT,-4.26,-0.234,0.0162
vol1,E374B.DRG,E374 (B),e374,M. Bame,clean,clean,,,152400,AB00502.DAT,-3.11,-0.098,0.0125
vol1,E374B.DRG,E374 (B),e374,M. Bame,clean,clean,,,152400,AB00502.DAT,-2.22,-0.031,0.0128
vol1,E374B.DRG,E374 (B),e374,M. Bame,clean,clean,,,152400,AB00502.DAT,-1.08,0.082,0.0142
vol1,E374B.DRG,E374 (B),e374,M. Bame,clean,clean,,,152400,AB00502.DAT,-0.2,0.235,0.0139
vol1,E374B.DRG,E374 (B),e374,M. Bame,clean,clean,,,152400,AB00502.DAT,0.85,0.331,0.0145
vol1,E374B.DRG,E374 (B),e374,M. Bame,clean,clean,,,152400,AB00502.DAT,1.82,0.416,0.0154
vol1,E374B.DRG,E374 (B),e374,M. Bame,clean,clean,,,152400,AB00502.DAT,2.93,0.521,0.0166
vol1,E374B.DRG,E374 (B),e374,M. Bame,clean,clean,,,152400,AB00502.DAT,3.96,0.62,0.0168
vol1,E374B.DRG,E374 (B),e374,M. Bame,clean,clean,,,152400,AB00502.DAT,4.9,0.712,0.0159
vol1,E374B.DRG,E374 (B),e374,M. Bame,clean,clean,,,152400,AB00502.DAT,5.91,0.809,0.0152
vol1,E374B.DRG,E374 (B),e374,M. Bame,clean,clean,,,152400,AB00502.DAT,7.03,0.907,0.0161
vol1,E374B.DRG,E374 (B),e374,M. Bame,clean,clean,,,152400,AB00502.DAT,8.05,0.947,0.0244
vol1,E374B.DRG,E374 (B),e374,M. Bame,clean,clean,,,152400,AB00502.DAT,9.03,0.987,0.0305
vol1,E374B.DRG,E374 (B),e374,M. Bame,clean,clean,,,152400,AB00502.DAT,10.01,1.021,0.0381
vol1,E374B.DRG,E374 (B),e374,M. Bame,clean,clean,,,203000,JG00065.DAT,-6.37,-0.436,0.0225
vol1,E374B.DRG,E374 (B),e374,M. Bame,clean,clean,,,203000,JG00065.DAT,-5.32,-0.303,0.0169
vol1,E374B.DRG,E374 (B),e374,M. Bame,clean,clean,,,203000,JG00065.DAT,-4.28,-0.176,0.0134
vol1,E374B.DRG,E374 (B),e374,M. Bame,clean,clean,,,203000,JG00065.DAT,-3.29,-0.095,0.0115
vol1,E374B.DRG,E374 (B),e374,M. Bame,clean,clean,,,203000,JG00065.DAT,-2.28,-0.023,0.0108
vol1,E374B.DRG,E374 (B),e374,M. Bame,clean,clean,,,203000,JG00065.DAT,-1.2,0.079,0.0115
vol1,E374B.DRG,E374 (B),e374,M. Bame,clean,clean,,,203000,JG00065.DAT,-0.16,0.233,0.011
vol1,E374B.DRG,E374 (B),e374,M. Bame,clean,clean,,,203000,JG00065.DAT,0.84,0.334,0.0115
vol1,E374B.DRG,E374 (B),e374,M. Bame,clean,clean,,,203000,JG00065.DAT,1.8,0.418,0.0122
vol1,E374B.DRG,E374 (B),e374,M. Bame,clean,clean,,,203000,JG00065.DAT,2.84,0.515,0.0127
vol1,E374B.DRG,E374 (B),e374,M. Bame,clean,clean,,,203000,JG00065.DAT,3.87,0.614,0.013
vol1,E374B.DRG,E374 (B),e374,M. Bame,clean,clean,,,203000,JG00065.DAT,5.0,0.726,0.0128
vol1,E374B.DRG,E374 (B),e374,M. Bame,clean,clean,,,203000,JG00065.DAT,5.93,0.815,0.0129
vol1,E374B.DRG,E374 (B),e374,M. Bame,clean,clean,,,203000,JG00065.DAT,6.92,0.891,0.015
vol1,E374B.DRG,E374 (B),e374,M. Bame,clean,clean,,,203000,JG00065.DAT,7.95,0.93,0.0222
vol1,E374B.DRG,E374 (B),e374,M. Bame,clean,clean,,,203000,JG00065.DAT,8.97,0.973,0.0278
vol1,E374B.DRG,E374 (B),e374,M. Bame,clean,clean,,,203000,JG00065.DAT,9.98,1.009,0.036
vol1,E374B.DRG,E374 (B),e374,M. Bame,clean,clean,,,303300,JG00063.DAT,-6.36,-0.405,0.0197
vol1,E374B.DRG,E374 (B),e374,M. Bame,clean,clean,,,303300,JG00063.DAT,-5.28,-0.282,0.0147
vol1,E374B.DRG,E374 (B),e374,M. Bame,clean,clean,,,303300,JG00063.DAT,-4.13,-0.188,0.0127
vol1,E374B.DRG,E374 (B),e374,M. Bame,clean,clean,,,303300,JG00063.DAT,-3.06,-0.097,0.0107
vol1,E374B.DRG,E374 (B),e374,M. Bame,clean,clean,,,303300,JG00063.DAT,-2.1,-0.013,0.009
vol1,E374B.DRG,E374 (B),e374,M. Bame,clean,clean,,,303300,JG00063.DAT,-1.03,0.078,0.0092
vol1,E374B.DRG,E374 (B),e374,M. Bame,clean,clean,,,303300,JG00063.DAT,-0.01,0.192,0.0088
vol1,E374B.DRG,E374 (B),e374,M. Bame,clean,clean,,,303300,JG00063.DAT,1.04,0.35,0.0094
vol1,E374B.DRG,E374 (B),e374,M. Bame,clean,clean,,,303300,JG00063.DAT,2.08,0.45,0.0097
vol1,E374B.DRG,E374 (B),e374,M. Bame,clean,clean,,,303300,JG00063.DAT,3.08,0.549,0.0101
vol1,E374B.DRG,E374 (B),e374,M. Bame,clean,clean,,,303300,JG00063.DAT,4.08,0.652,0.0103
vol1,E374B.DRG,E374 (B),e374,M. Bame,clean,clean,,,303300,JG00063.DAT,5.15,0.758,0.0104
vol1,E374B.DRG,E374 (B),e374,M. Bame,clean,clean,,,303300,JG00063.DAT,6.08,0.842,0.0111
vol1,E374B.DRG,E374 (B),e374,M. Bame,clean,clean,,,303300,JG00063.DAT,6.95,0.898,0.0151
vol1,E374B.DRG,E374 (B),e374,M. Bame,clean,clean,,,303300,JG00063.DAT,8.03,0.95,0.0209
vol1,E374B.DRG,E374 (B),e374,M. Bame,clean,clean,,,303300,JG00063.DAT,9.11,0.998,0.0264
vol1,E374B.DRG,E374 (B),e374,M. Bame,clean,clean,,,303300,JG00063.DAT,10.13,1.032,0.0342
vol1,E387A.DRG,E387 (A),e387,B. Champine,clean,clean,,,61000,AB00209.DAT,-5.36,-0.25,0.0427
vol1,E387A.DRG,E387 (A),e387,B. Champine,clean,clean,,,61000,AB00209.DAT,-3.71,-0.124,0.0245
vol1,E387A.DRG,E387 (A),e387,B. Champine,clean,clean,,,61000,AB00209.DAT,-2.12,0.058,0.0233
vol1,E387A.DRG,E387 (A),e387,B. Champine,clean,clean,,,61000,AB00209.DAT,-0.68,0.247,0.0228
vol1,E387A.DRG,E387 (A),e387,B. Champine,clean,clean,,,61000,AB00209.DAT,0.93,0.436,0.0281
vol1,E387A.DRG,E387 (A),e387,B. Champine,clean,clean,,,61000,AB00209.DAT,2.59,0.61,0.0325
vol1,E387A.DRG,E387 (A),e387,B. Champine,clean,clean,,,61000,AB00209.DAT,4.18,0.773,0.0371
vol1,E387A.DRG,E387 (A),e387,B. Champine,clean,clean,,,61000,AB00209.DAT,5.42,0.888,0.0387
vol1,E387A.DRG,E387 (A),e387,B. Champine,clean,clean,,,61000,AB00209.DAT,6.99,1.039,0.0377
vol1,E387A.DRG,E387 (A),e387,B. Champine,clean,clean,,,61000,AB00209.DAT,8.82,1.198,0.0257
vol1,E387A.DRG,E387 (A),e387,B. Champine,clean,clean,,,61000,AB00209.DAT,10.15,1.222,0.0393
vol1,E387A.DRG,E387 (A),e387,B. Champine,clean,clean,,,101000,AB00211.DAT,-5.38,-0.289,0.0477
vol1,E387A.DRG,E387 (A),e387,B. Champine,clean,clean,,,101000,AB00211.DAT,-3.62,-0.066,0.0226
vol1,E387A.DRG,E387 (A),e387,B. Champine,clean,clean,,,101000,AB00211.DAT,-2.04,0.144,0.0162
vol1,E387A.DRG,E387 (A),e387,B. Champine,clean,clean,,,101000,AB00211.DAT,-0.49,0.307,0.0162
vol1,E387A.DRG,E387 (A),e387,B. Champine,clean,clean,,,101000,AB00211.DAT,0.81,0.433,0.0185
vol1,E387A.DRG,E387 (A),e387,B. Champine,clean,clean,,,101000,AB00211.DAT,2.46,0.588,0.0207
vol1,E387A.DRG,E387 (A),e387,B. Champine,clean,clean,,,101000,AB00211.DAT,3.86,0.722,0.0213
vol1,E387A.DRG,E387 (A),e387,B. Champine,clean,clean,,,101000,AB00211.DAT,5.61,0.895,0.0209
vol1,E387A.DRG,E387 (A),e387,B. Champine,clean,clean,,,101000,AB00211.DAT,6.93,1.023,0.0205
vol1,E387A.DRG,E387 (A),e387,B. Champine,clean,clean,,,101000,AB00211.DAT,8.7,1.165,0.0226
vol1,E387A.DRG,E387 (A),e387,B. Champine,clean,clean,,,101000,AB00211.DAT,10.13,1.192,0.0381
vol1,E387A.DRG,E387 (A),e387,B. Champine,clean,clean,,,151600,JG00555.DAT,-5.31,-0.291,0.0498
vol1,E387A.DRG,E387 (A),e387,B. Champine,clean,clean,,,151600,JG00555.DAT,-3.46,-0.029,0.0188
vol1,E387A.DRG,E387 (A),e387,B. Champine,clean,clean,,,151600,JG00555.DAT,-2.11,0.101,0.0137
vol1,E387A.DRG,E387 (A),e387,B. Champine,clean,clean,,,151600,JG00555.DAT,-0.5,0.254,0.0115
vol1,E387A.DRG,E387 (A),e387,B. Champine,clean,clean,,,151600,JG00555.DAT,0.83,0.395,0.0126
vol1,E387A.DRG,E387 (A),e387,B. Champine,clean,clean,,,151600,JG00555.DAT,2.54,0.575,0.0147
vol1,E387A.DRG,E387 (A),e387,B. Champine,clean,clean,,,151600,JG00555.DAT,4.07,0.733,0.0166
vol1,E387A.DRG,E387 (A),e387,B. Champine,clean,clean,,,151600,JG00555.DAT,5.65,0.892,0.0167
vol1,E387A.DRG,E387 (A),e387,B. Champine,clean,clean,,,151600,JG00555.DAT,7.06,1.027,0.0167
vol1,E387A.DRG,E387 (A),e387,B. Champine,clean,clean,,,151600,JG00555.DAT,8.65,1.142,0.0221
vol1,E387A.DRG,E387 (A),e387,B. Champine,clean,clean,,,151600,JG00555.DAT,10.04,1.182,0.0348
vol1,E387A.DRG,E387 (A),e387,B. Champine,clean,clean,,,202300,JG00213.DAT,-4.65,-0.142,0.0236
vol1,E387A.DRG,E387 (A),e387,B. Champine,clean,clean,,,202300,JG00213.DAT,-3.35,-0.009,0.0155
vol1,E387A.DRG,E387 (A),e387,B. Champine,clean,clean,,,202300,JG00213.DAT,-1.97,0.119,0.0116
vol1,E387A.DRG,E387 (A),e387,B. Champine,clean,clean,,,202300,JG00213.DAT,-0.37,0.278,0.01
vol1,E387A.DRG,E387 (A),e387,B. Champine,clean,clean,,,202300,JG00213.DAT,1.27,0.452,0.011
vol1,E387A.DRG,E387 (A),e387,B. Champine,clean,clean,,,202300,JG00213.DAT,2.67,0.598,0.0122
vol1,E387A.DRG,E387 (A),e387,B. Champine,clean,clean,,,202300,JG00213.DAT,4.24,0.763,0.0131
vol1,E387A.DRG,E387 (A),e387,B. Champine,clean,clean,,,202300,JG00213.DAT,5.61,0.898,0.0137
vol1,E387A.DRG,E387 (A),e387,B. Champine,clean,clean,,,202300,JG00213.DAT,7.25,1.053,0.0148
vol1,E387A.DRG,E387 (A),e387,B. Champine,clean,clean,,,202300,JG00213.DAT,8.79,1.145,0.0234
vol1,E387A.DRG,E387 (A),e387,B. Champine,clean,clean,,,202300,JG00213.DAT,10.18,1.188,0.0341
vol1,E387A.DRG,E387 (A),e387,B. Champine,clean,clean,,,303000,JG00215.DAT,-5.46,-0.231,0.0408
vol1,E387A.DRG,E387 (A),e387,B. Champine,clean,clean,,,303000,JG00215.DAT,-3.93,-0.075,0.0161
vol1,E387A.DRG,E387 (A),e387,B. Champine,clean,clean,,,303000,JG00215.DAT,-2.24,0.083,0.0114
vol1,E387A.DRG,E387 (A),e387,B. Champine,clean,clean,,,303000,JG00215.DAT,-0.24,0.286,0.0081
vol1,E387A.DRG,E387 (A),e387,B. Champine,clean,clean,,,303000,JG00215.DAT,1.05,0.427,0.0088
vol1,E387A.DRG,E387 (A),e387,B. Champine,clean,clean,,,303000,JG00215.DAT,2.53,0.586,0.0094
vol1,E387A.DRG,E387 (A),e387,B. Champine,clean,clean,,,303000,JG00215.DAT,4.08,0.751,0.0105
vol1,E387A.DRG,E387 (A),e387,B. Champine,clean,clean,,,303000,JG00215.DAT,5.94,0.939,0.0114
vol1,E387A.DRG,E387 (A),e387,B. Champine,clean,clean,,,303000,JG00215.DAT,6.95,1.024,0.0127
vol1,E387A.DRG,E387 (A),e387,B. Champine,clean,clean,,,303000,JG00215.DAT,8.46,1.119,0.0192
vol1,E387A.DRG,E387 (A),e387,B. Champine,clean,clean,,,303000,JG00215.DAT,9.93,1.177,0.0291
vol1,FX63137B.DRG,FX 63-137 (B),fx63137,M. Allen,clean,clean,,,100800,JG00159.DAT,-5.05,-0.019,0.0476
vol1,FX63137B.DRG,FX 63-137 (B),fx63137,M. Allen,clean,clean,,,100800,JG00159.DAT,-3.74,0.172,0.0373
vol1,FX63137B.DRG,FX 63-137 (B),fx63137,M. Allen,clean,clean,,,100800,JG00159.DAT,-2.86,0.287,0.0351
vol1,FX63137B.DRG,FX 63-137 (B),fx63137,M. Allen,clean,clean,,,100800,JG00159.DAT,-1.91,0.397,0.0348
vol1,FX63137B.DRG,FX 63-137 (B),fx63137,M. Allen,clean,clean,,,100800,JG00159.DAT,-0.57,0.495,0.042
vol1,FX63137B.DRG,FX 63-137 (B),fx63137,M. Allen,clean,clean,,,100800,JG00159.DAT,0.37,0.567,0.0484
vol1,FX63137B.DRG,FX 63-137 (B),fx63137,M. Allen,clean,clean,,,100800,JG00159.DAT,1.29,0.624,0.051
vol1,FX63137B.DRG,FX 63-137 (B),fx63137,M. Allen,clean,clean,,,100800,JG00159.DAT,2.27,0.686,0.0557
vol1,FX63137B.DRG,FX 63-137 (B),fx63137,M. Allen,clean,clean,,,100800,JG00159.DAT,3.48,0.786,0.0616
vol1,FX63137B.DRG,FX 63-137 (B),fx63137,M. Allen,clean,clean,,,100800,JG00159.DAT,4.41,1.026,0.0457
vol1,FX63137B.DRG,FX 63-137 (B),fx63137,M. Allen,clean,clean,,,100800,JG00159.DAT,5.65,1.234,0.0339
vol1,FX63137B.DRG,FX 63-137 (B),fx63137,M. Allen,clean,clean,,,100800,JG00159.DAT,6.53,1.331,0.0312
vol1,FX63137B.DRG,FX 63-137 (B),fx63137,M. Allen,clean,clean,,,100800,JG00159.DAT,7.53,1.429,0.0296
vol1,FX63137B.DRG,FX 63-137 (B),fx63137,M. Allen,clean,clean,,,100800,JG00159.DAT,8.34,1.494,0.0295
vol1,FX63137B.DRG,FX 63-137 (B),fx63137,M. Allen,clean,clean,,,100800,JG00159.DAT,9.72,1.599,0.0293
vol1,FX63137B.DRG,FX 63-137 (B),fx63137,M. Allen,clean,clean,,,100800,JG00159.DAT,10.57,1.654,0.0316
vol1,FX63137B.DRG,FX 63-137 (B),fx63137,M. Allen,clean,clean,,,100800,JG00159.DAT,11.44,1.697,0.0349
vol1,FX63137B.DRG,FX 63-137 (B),fx63137,M. Allen,clean,clean,,,100800,JG00159.DAT,13.0,1.738,0.0443
vol1,FX63137B.DRG,FX 63-137 (B),fx63137,M. Allen,clean,clean,,,201100,JG00154.DAT,-5.79,0.142,0.0259
vol1,FX63137B.DRG,FX 63-137 (B),fx63137,M. Allen,clean,clean,,,201100,JG00154.DAT,-4.73,0.261,0.0195
vol1,FX63137B.DRG,FX 63-137 (B),fx63137,M. Allen,clean,clean,,,201100,JG00154.DAT,-3.65,0.376,0.0168
vol1,FX63137B.DRG,FX 63-137 (B),fx63137,M. Allen,clean,clean,,,201100,JG00154.DAT,-2.54,0.507,0.0147
vol1,FX63137B.DRG,FX 63-137 (B),fx63137,M. Allen,clean,clean,,,201100,JG00154.DAT,-1.61,0.603,0.0149
vol1,FX63137B.DRG,FX 63-137 (B),fx63137,M. Allen,clean,clean,,,201100,JG00154.DAT,-0.42,0.726,0.0161
vol1,FX63137B.DRG,FX 63-137 (B),fx63137,M. Allen,clean,clean,,,201100,JG00154.DAT,0.87,0.859,0.0169
vol1,FX63137B.DRG,FX 63-137 (B),fx63137,M. Allen,clean,clean,,,201100,JG00154.DAT,1.42,0.914,0.0169
vol1,FX63137B.DRG,FX 63-137 (B),fx63137,M. Allen,clean,clean,,,201100,JG00154.DAT,2.63,1.035,0.0175
vol1,FX63137B.DRG,FX 63-137 (B),fx63137,M. Allen,clean,clean,,,201100,JG00154.DAT,3.99,1.172,0.0175
vol1,FX63137B.DRG,FX 63-137 (B),fx63137,M. Allen,clean,clean,,,201100,JG00154.DAT,4.67,1.232,0.0173
vol1,FX63137B.DRG,FX 63-137 (B),fx63137,M. Allen,clean,clean,,,201100,JG00154.DAT,5.89,1.342,0.0171
vol1,FX63137B.DRG,FX 63-137 (B),fx63137,M. Allen,clean,clean,,,201100,JG00154.DAT,6.78,1.43,0.0177
vol1,FX63137B.DRG,FX 63-137 (B),fx63137,M. Allen,clean,clean,,,201100,JG00154.DAT,8.29,1.555,0.0189
vol1,FX63137B.DRG,FX 63-137 (B),fx63137,M. Allen,clean,clean,,,201100,JG00154.DAT,9.14,1.616,0.0206
vol1,FX63137B.DRG,FX 63-137 (B),fx63137,M. Allen,clean,clean,,,201100,JG00154.DAT,10.51,1.69,0.0245
vol1,FX63137B.DRG,FX 63-137 (B),fx63137,M. Allen,clean,clean,,,201100,JG00154.DAT,10.7,1.697,0.0256
vol1,FX63137B.DRG,FX 63-137 (B),fx63137,M. Allen,clean,clean,,,201100,JG00154.DAT,11.97,1.728,0.0316
vol1,FX63137B.DRG,FX 63-137 (B),fx63137,M. Allen,clean,clean,,,201100,JG00154.DAT,12.86,1.731,0.0395
vol1,FX63137B.DRG,FX 63-137 (B),fx63137,M. Allen,clean,clean,,,251600,AB00506.DAT,-6.29,0.084,0.0307
vol1,FX63137B.DRG,FX 63-137 (B),fx63137,M. Allen,clean,clean,,,251600,AB00506.DAT,-4.91,0.238,0.0178
vol1,FX63137B.DRG,FX 63-137 (B),fx63137,M. Allen,clean,clean,,,251600,AB00506.DAT,-3.87,0.353,0.0152
vol1,FX63137B.DRG,FX 63-137 (B),fx63137,M. Allen,clean,clean,,,251600,AB00506.DAT,-2.74,0.481,0.0128
vol1,FX63137B.DRG,FX 63-137 (B),fx63137,M. Allen,clean,clean,,,251600,AB00506.DAT,-1.81,0.586,0.0128
vol1,FX63137B.DRG,FX 63-137 (B),fx63137,M. Allen,clean,clean,,,251600,AB00506.DAT,-0.74,0.695,0.0134
vol1,FX63137B.DRG,FX 63-137 (B),fx63137,M. Allen,clean,clean,,,251600,AB00506.DAT,0.24,0.794,0.014
vol1,FX63137B.DRG,FX 63-137 (B),fx63137,M. Allen,clean,clean,,,251600,AB00506.DAT,1.25,0.892,0.0145
vol1,FX63137B.DRG,FX 63-137 (B),fx63137,M. Allen,clean,clean,,,251600,AB00506.DAT,2.34,1.005,0.0149
vol1,FX63137B.DRG,FX 63-137 (B),fx63137,M. Allen,clean,clean,,,251600,AB00506.DAT,3.37,1.108,0.0151
vol1,FX63137B.DRG,FX 63-137 (B),fx63137,M. Allen,clean,clean,,,251600,AB00506.DAT,4.34,1.201,0.0154
vol1,FX63137B.DRG,FX 63-137 (B),fx63137,M. Allen,clean,clean,,,251600,AB00506.DAT,5.36,1.293,0.0154
vol1,FX63137B.DRG,FX 63-137 (B),fx63137,M. Allen,clean,clean,,,251600,AB00506.DAT,6.49,1.39,0.0156
vol1,FX63137B.DRG,FX 63-137 (B),fx63137,M. Allen,clean,clean,,,251600,AB00506.DAT,7.5,1.478,0.0163
vol1,FX63137B.DRG,FX 63-137 (B),fx63137,M. Allen,clean,clean,,,251600,AB00506.DAT,8.33,1.539,0.0174
vol1,FX63137B.DRG,FX 63-137 (B),fx63137,M. Allen,clean,clean,,,251600,AB00506.DAT,9.5,1.616,0.0202
vol1,FX63137B.DRG,FX 63-137 (B),fx63137,M. Allen,clean,clean,,,251600,AB00506.DAT,10.51,1.672,0.0231
vol1,FX63137B.DRG,FX 63-137 (B),fx63137,M. Allen,clean,clean,,,251600,AB00506.DAT,11.6,1.71,0.0285
vol1,FX63137B.DRG,FX 63-137 (B),fx63137,M. Allen,clean,clean,,,302300,JG00511.DAT,-5.82,0.142,0.0201
vol1,FX63137B.DRG,FX 63-137 (B),fx63137,M. Allen,clean,clean,,,302300,JG00511.DAT,-4.86,0.247,0.0161
vol1,FX63137B.DRG,FX 63-137 (B),fx63137,M. Allen,clean,clean,,,302300,JG00511.DAT,-3.85,0.36,0.014
vol1,FX63137B.DRG,FX 63-137 (B),fx63137,M. Allen,clean,clean,,,302300,JG00511.DAT,-2.79,0.479,0.012
vol1,FX63137B.DRG,FX 63-137 (B),fx63137,M. Allen,clean,clean,,,302300,JG00511.DAT,-1.74,0.599,0.0116
vol1,FX63137B.DRG,FX 63-137 (B),fx63137,M. Allen,clean,clean,,,302300,JG00511.DAT,-0.71,0.706,0.012
vol1,FX63137B.DRG,FX 63-137 (B),fx63137,M. Allen,clean,clean,,,302300,JG00511.DAT,0.33,0.811,0.0125
vol1,FX63137B.DRG,FX 63-137 (B),fx63137,M. Allen,clean,clean,,,302300,JG00511.DAT,1.34,0.914,0.0131
vol1,FX63137B.DRG,FX 63-137 (B),fx63137,M. Allen,clean,clean,,,302300,JG00511.DAT,2.35,1.018,0.0134
vol1,FX63137B.DRG,FX 63-137 (B),fx63137,M. Allen,clean,clean,,,302300,JG00511.DAT,3.36,1.118,0.0136
vol1,FX63137B.DRG,FX 63-137 (B),fx63137,M. Allen,clean,clean,,,302300,JG00511.DAT,4.45,1.232,0.0139
vol1,FX63137B.DRG,FX 63-137 (B),fx63137,M. Allen,clean,clean,,,302300,JG00511.DAT,5.46,1.324,0.0145
vol1,FX63137B.DRG,FX 63-137 (B),fx63137,M. Allen,clean,clean,,,302300,JG00511.DAT,6.42,1.398,0.0144
vol1,FX63137B.DRG,FX 63-137 (B),fx63137,M. Allen,clean,clean,,,302300,JG00511.DAT,7.49,1.487,0.0153
vol1,FX63137B.DRG,FX 63-137 (B),fx63137,M. Allen,clean,clean,,,302300,JG00511.DAT,8.52,1.559,0.017
vol1,FX63137B.DRG,FX 63-137 (B),fx63137,M. Allen,clean,clean,,,302300,JG00511.DAT,9.57,1.626,0.0196
vol1,FX63137B.DRG,FX 63-137 (B),fx63137,M. Allen,clean,clean,,,302300,JG00511.DAT,10.55,1.676,0.0227
vol1,FX63137B.DRG,FX 63-137 (B),fx63137,M. Allen,clean,clean,,,302300,JG00511.DAT,11.53,1.708,0.0277
vol1,K3311.DRG,K3311,k3311,L. Kincaid,clean,clean,,,61100,JG00126.DAT,-4.25,-0.232,0.0322
vol1,K3311.DRG,K3311,k3311,L. Kincaid,clean,clean,,,61100,JG00126.DAT,-2.71,-0.077,0.0251
vol1,K3311.DRG,K3311,k3311,L. Kincaid,clean,clean,,,61100,JG00126.DAT,-1.19,0.088,0.0179
vol1,K3311.DRG,K3311,k3311,L. Kincaid,clean,clean,,,61100,JG00126.DAT,0.58,0.337,0.0229
vol1,K3311.DRG,K3311,k3311,L. Kincaid,clean,clean,,,61100,JG00126.DAT,1.9,0.494,0.0264
vol1,K3311.DRG,K3311,k3311,L. Kincaid,clean,clean,,,61100,JG00126.DAT,3.68,0.654,0.0351
vol1,K3311.DRG,K3311,k3311,L. Kincaid,clean,clean,,,61100,JG00126.DAT,5.07,0.775,0.0386
vol1,K3311.DRG,K3311,k3311,L. Kincaid,clean,clean,,,61100,JG00126.DAT,6.8,0.931,0.0447
vol1,K3311.DRG,K3311,k3311,L. Kincaid,clean,clean,,,61100,JG00126.DAT,8.31,1.099,0.0363
vol1,K3311.DRG,K3311,k3311,L. Kincaid,clean,clean,,,61100,JG00126.DAT,9.89,1.222,0.03
vol1,K3311.DRG,K3311,k3311,L. Kincaid,clean,clean,,,61100,JG00126.DAT,11.23,1.243,0.0424
vol1,K3311.DRG,K3311,k3311,L. Kincaid,clean,clean,,,101100,AB00124.DAT,-4.09,-0.154,0.0262
vol1,K3311.DRG,K3311,k3311,L. Kincaid,clean,clean,,,101100,AB00124.DAT,-2.54,0.064,0.0189
vol1,K3311.DRG,K3311,k3311,L. Kincaid,clean,clean,,,101100,AB00124.DAT,-1.21,0.168,0.0147
vol1,K3311.DRG,K3311,k3311,L. Kincaid,clean,clean,,,101100,AB00124.DAT,0.43,0.374,0.0149
vol1,K3311.DRG,K3311,k3311,L. Kincaid,clean,clean,,,101100,AB00124.DAT,2.12,0.538,0.0172
vol1,K3311.DRG,K3311,k3311,L. Kincaid,clean,clean,,,101100,AB00124.DAT,3.59,0.684,0.0187
vol1,K3311.DRG,K3311,k3311,L. Kincaid,clean,clean,,,101100,AB00124.DAT,5.18,0.842,0.0197
vol1,K3311.DRG,K3311,k3311,L. Kincaid,clean,clean,,,101100,AB00124.DAT,6.83,1.005,0.021
vol1,K3311.DRG,K3311,k3311,L. Kincaid,clean,clean,,,101100,AB00124.DAT,8.25,1.147,0.0215
vol1,K3311.DRG,K3311,k3311,L. Kincaid,clean,clean,,,101100,AB00124.DAT,9.76,1.227,0.0249
vol1,K3311.DRG,K3311,k3311,L. Kincaid,clean,clean,,,101100,AB00124.DAT,11.22,1.233,0.0407
vol1,K3311.DRG,K3311,k3311,L. Kincaid,clean,clean,,,201800,AB00122.DAT,-5.79,-0.294,0.0434
vol1,K3311.DRG,K3311,k3311,L. Kincaid,clean,clean,,,201800,AB00122.DAT,-4.11,-0.104,0.0199
vol1,K3311.DRG,K3311,k3311,L. Kincaid,clean,clean,,,201800,AB00122.DAT,-2.55,0.037,0.0141
vol1,K3311.DRG,K3311,k3311,L. Kincaid,clean,clean,,,201800,AB00122.DAT,-1.07,0.169,0.0104
vol1,K3311.DRG,K3311,k3311,L. Kincaid,clean,clean,,,201800,AB00122.DAT,0.4,0.338,0.0095
vol1,K3311.DRG,K3311,k3311,L. Kincaid,clean,clean,,,201800,AB00122.DAT,2.18,0.534,0.0108
vol1,K3311.DRG,K3311,k3311,L. Kincaid,clean,clean,,,201800,AB00122.DAT,3.52,0.683,0.012
vol1,K3311.DRG,K3311,k3311,L. Kincaid,clean,clean,,,201800,AB00122.DAT,5.22,0.862,0.0132
vol1,K3311.DRG,K3311,k3311,L. Kincaid,clean,clean,,,201800,AB00122.DAT,6.6,1.0,0.0143
vol1,K3311.DRG,K3311,k3311,L. Kincaid,clean,clean,,,201800,AB00122.DAT,8.15,1.141,0.016
vol1,K3311.DRG,K3311,k3311,L. Kincaid,clean,clean,,,201800,AB00122.DAT,9.85,1.213,0.0263
vol1,K3311.DRG,K3311,k3311,L. Kincaid,clean,clean,,,201800,AB00122.DAT,11.19,1.213,0.0417
vol1,K3311.DRG,K3311,k3311,L. Kincaid,clean,clean,,,302900,AB00120.DAT,-5.62,-0.238,0.036
vol1,K3311.DRG,K3311,k3311,L. Kincaid,clean,clean,,,302900,AB00120.DAT,-4.28,-0.117,0.0193
vol1,K3311.DRG,K3311,k3311,L. Kincaid,clean,clean,,,302900,AB00120.DAT,-2.78,0.018,0.0135
vol1,K3311.DRG,K3311,k3311,L. Kincaid,clean,clean,,,302900,AB00120.DAT,-1.0,0.19,0.0089
vol1,K3311.DRG,K3311,k3311,L. Kincaid,clean,clean,,,302900,AB00120.DAT,0.47,0.355,0.0078
vol1,K3311.DRG,K3311,k3311,L. Kincaid,clean,clean,,,302900,AB00120.DAT,2.11,0.533,0.0088
vol1,K3311.DRG,K3311,k3311,L. Kincaid,clean,clean,,,302900,AB00120.DAT,3.51,0.678,0.0097
vol1,K3311.DRG,K3311,k3311,L. Kincaid,clean,clean,,,302900,AB00120.DAT,5.25,0.858,0.0111
vol1,K3311.DRG,K3311,k3311,L. Kincaid,clean,clean,,,302900,AB00120.DAT,6.83,1.011,0.0121
vol1,K3311.DRG,K3311,k3311,L. Kincaid,clean,clean,,,302900,AB00120.DAT,8.16,1.115,0.0146
vol1,K3311.DRG,K3311,k3311,L. Kincaid,clean,clean,,,302900,AB00120.DAT,10.05,1.184,0.0264
vol1,K3311.DRG,K3311,k3311,L. Kincaid,clean,clean,,,302900,AB00120.DAT,11.68,1.19,0.0479
vol1,MH45.DRG,MH45,mh45,C. Fox,clean,clean,,,60900,MS00112.DAT,-3.22,-0.187,0.0181
vol1,MH45.DRG,MH45,mh45,C. Fox,clean,clean,,,60900,MS00112.DAT,-1.62,0.015,0.0185
vol1,MH45.DRG,MH45,mh45,C. Fox,clean,clean,,,60900,MS00112.DAT,-0.06,0.247,0.0216
vol1,MH45.DRG,MH45,mh45,C. Fox,clean,clean,,,60900,MS00112.DAT,1.45,0.389,0.0283
vol1,MH45.DRG,MH45,mh45,C. Fox,clean,clean,,,60900,MS00112.DAT,2.98,0.534,0.0296
vol1,MH45.DRG,MH45,mh45,C. Fox,clean,clean,,,60900,MS00112.DAT,4.5,0.654,0.0272
vol1,MH45.DRG,MH45,mh45,C. Fox,clean,clean,,,60900,MS00112.DAT,6.05,0.794,0.0234
vol1,MH45.DRG,MH45,mh45,C. Fox,clean,clean,,,60900,MS00112.DAT,7.58,0.916,0.0248
vol1,MH45.DRG,MH45,mh45,C. Fox,clean,clean,,,60900,MS00112.DAT,9.09,1.018,0.0296
vol1,MH45.DRG,MH45,mh45,C. Fox,clean,clean,,,60900,MS00112.DAT,10.64,1.105,0.0372
vol1,MH45.DRG,MH45,mh45,C. Fox,clean,clean,,,61600,AB00526.DAT,-6.2,-0.452,0.0327
vol1,MH45.DRG,MH45,mh45,C. Fox,clean,clean,,,61600,AB00526.DAT,-4.66,-0.304,0.0209
vol1,MH45.DRG,MH45,mh45,C. Fox,clean,clean,,,101100,JG00114.DAT,-2.94,-0.149,0.0123
vol1,MH45.DRG,MH45,mh45,C. Fox,clean,clean,,,101100,JG00114.DAT,-1.4,0.079,0.0131
vol1,MH45.DRG,MH45,mh45,C. Fox,clean,clean,,,101100,JG00114.DAT,0.16,0.22,0.0165
vol1,MH45.DRG,MH45,mh45,C. Fox,clean,clean,,,101100,JG00114.DAT,1.48,0.338,0.0187
vol1,MH45.DRG,MH45,mh45,C. Fox,clean,clean,,,101100,JG00114.DAT,3.34,0.513,0.017
vol1,MH45.DRG,MH45,mh45,C. Fox,clean,clean,,,101100,JG00114.DAT,4.69,0.648,0.0171
vol1,MH45.DRG,MH45,mh45,C. Fox,clean,clean,,,101100,JG00114.DAT,6.18,0.79,0.0191
vol1,MH45.DRG,MH45,mh45,C. Fox,clean,clean,,,101100,JG00114.DAT,7.64,0.916,0.023
vol1,MH45.DRG,MH45,mh45,C. Fox,clean,clean,,,101100,JG00114.DAT,9.28,1.037,0.0281
vol1,MH45.DRG,MH45,mh45,C. Fox,clean,clean,,,101100,JG00114.DAT,10.69,1.112,0.0364
vol1,MH45.DRG,MH45,mh45,C. Fox,clean,clean,,,101100,JG00114.DAT,12.36,1.121,0.043
vol1,MH45.DRG,MH45,mh45,C. Fox,clean,clean,,,102500,AB00527.DAT,-6.11,-0.473,0.0265
vol1,MH45.DRG,MH45,mh45,C. Fox,clean,clean,,,102500,AB00527.DAT,-4.67,-0.341,0.0177
vol1,MH45.DRG,MH45,mh45,C. Fox,clean,clean,,,201900,JG00116.DAT,-3.0,-0.164,0.0122
vol1,MH45.DRG,MH45,mh45,C. Fox,clean,clean,,,201900,JG00116.DAT,-1.64,-0.047,0.0105
vol1,MH45.DRG,MH45,mh45,C. Fox,clean,clean,,,201900,JG00116.DAT,-0.04,0.148,0.0106
vol1,MH45.DRG,MH45,mh45,C. Fox,clean,clean,,,201900,JG00116.DAT,1.47,0.304,0.0109
vol1,MH45.DRG,MH45,mh45,C. Fox,clean,clean,,,201900,JG00116.DAT,3.22,0.492,0.0115
vol1,MH45.DRG,MH45,mh45,C. Fox,clean,clean,,,201900,JG00116.DAT,4.68,0.65,0.013
vol1,MH45.DRG,MH45,mh45,C. Fox,clean,clean,,,201900,JG00116.DAT,6.14,0.803,0.0151
vol1,MH45.DRG,MH45,mh45,C. Fox,clean,clean,,,201900,JG00116.DAT,7.73,0.948,0.018
vol1,MH45.DRG,MH45,mh45,C. Fox,clean,clean,,,201900,JG00116.DAT,9.27,1.066,0.0231
vol1,MH45.DRG,MH45,mh45,C. Fox,clean,clean,,,201900,JG00116.DAT,10.63,1.144,0.028
vol1,MH45.DRG,MH45,mh45,C. Fox,clean,clean,,,201900,JG00116.DAT,12.27,1.132,0.0416
vol1,MH45.DRG,MH45,mh45,C. Fox,clean,clean,,,204700,AB00528.DAT,-4.63,-0.326,0.0149
vol1,MH45.DRG,MH45,mh45,C. Fox,clean,clean,,,204200,AB00529.DAT,-6.17,-0.493,0.0213
vol1,MH45.DRG,MH45,mh45,C. Fox,clean,clean,,,302600,JG00118.DAT,-2.92,-0.174,0.0113
vol1,MH45.DRG,MH45,mh45,C. Fox,clean,clean,,,302600,JG00118.DAT,-1.45,-0.03,0.0094
vol1,MH45.DRG,MH45,mh45,C. Fox,clean,clean,,,302600,JG00118.DAT,0.14,0.162,0.0086
vol1,MH45.DRG,MH45,mh45,C. Fox,clean,clean,,,302600,JG00118.DAT,1.48,0.314,0.0085
vol1,MH45.DRG,MH45,mh45,C. Fox,clean,clean,,,302600,JG00118.DAT,3.03,0.488,0.0094
vol1,MH45.DRG,MH45,mh45,C. Fox,clean,clean,,,302600,JG00118.DAT,4.5,0.648,0.0106
vol1,MH45.DRG,MH45,mh45,C. Fox,clean,clean,,,302600,JG00118.DAT,6.28,0.836,0.0127
vol1,MH45.DRG,MH45,mh45,C. Fox,clean,clean,,,302600,JG00118.DAT,7.66,0.968,0.0154
vol1,MH45.DRG,MH45,mh45,C. Fox,clean,clean,,,302600,JG00118.DAT,9.36,1.112,0.0198
vol1,MH45.DRG,MH45,mh45,C. Fox,clean,clean,,,302600,JG00118.DAT,10.74,1.182,0.0247
vol1,MH45.DRG,MH45,mh45,C. Fox,clean,clean,,,306500,AB00530.DAT,-6.07,-0.487,0.0194
vol1,MH45.DRG,MH45,mh45,C. Fox,clean,clean,,,306500,AB00530.DAT,-4.5,-0.345,0.0146
vol1,N6409.DRG,NACA 6409,naca6409,H. Halsey,clean,clean,,,61000,AB00187.DAT,-2.8,-0.004,0.0623
vol1,N6409.DRG,NACA 6409,naca6409,H. Halsey,clean,clean,,,61000,AB00187.DAT,-1.13,0.238,0.0373
vol1,N6409.DRG,NACA 6409,naca6409,H. Halsey,clean,clean,,,61000,AB00187.DAT,0.26,0.452,0.0363
vol1,N6409.DRG,NACA 6409,naca6409,H. Halsey,clean,clean,,,61000,AB00187.DAT,2.09,0.65,0.0367
vol1,N6409.DRG,NACA 6409,naca6409,H. Halsey,clean,clean,,,61000,AB00187.DAT,3.33,0.774,0.0399
vol1,N6409.DRG,NACA 6409,naca6409,H. Halsey,clean,clean,,,61000,AB00187.DAT,5.0,0.923,0.0468
vol1,N6409.DRG,NACA 6409,naca6409,H. Halsey,clean,clean,,,100700,AB00189.DAT,-2.68,0.194,0.0378
vol1,N6409.DRG,NACA 6409,naca6409,H. Halsey,clean,clean,,,100700,AB00189.DAT,-1.0,0.433,0.0228
vol1,N6409.DRG,NACA 6409,naca6409,H. Halsey,clean,clean,,,100700,AB00189.DAT,0.26,0.563,0.02
vol1,N6409.DRG,NACA 6409,naca6409,H. Halsey,clean,clean,,,100700,AB00189.DAT,1.98,0.728,0.0188
vol1,N6409.DRG,NACA 6409,naca6409,H. Halsey,clean,clean,,,100700,AB00189.DAT,3.34,0.861,0.0197
vol1,N6409.DRG,NACA 6409,naca6409,H. Halsey,clean,clean,,,100700,AB00189.DAT,5.09,1.017,0.0213
vol1,N6409.DRG,NACA 6409,naca6409,H. Halsey,clean,clean,,,100700,AB00189.DAT,6.47,1.145,0.0219
vol1,N6409.DRG,NACA 6409,naca6409,H. Halsey,clean,clean,,,100700,AB00189.DAT,8.12,1.285,0.0227
vol1,N6409.DRG,NACA 6409,naca6409,H. Halsey,clean,clean,,,100700,AB00189.DAT,9.73,1.41,0.0252
vol1,N6409.DRG,NACA 6409,naca6409,H. Halsey,clean,clean,,,200600,AB00191.DAT,-2.89,0.282,0.0186
vol1,N6409.DRG,NACA 6409,naca6409,H. Halsey,clean,clean,,,200600,AB00191.DAT,-1.37,0.435,0.0143
vol1,N6409.DRG,NACA 6409,naca6409,H. Halsey,clean,clean,,,200600,AB00191.DAT,0.22,0.601,0.0136
vol1,N6409.DRG,NACA 6409,naca6409,H. Halsey,clean,clean,,,200600,AB00191.DAT,1.67,0.745,0.0125
vol1,N6409.DRG,NACA 6409,naca6409,H. Halsey,clean,clean,,,200600,AB00191.DAT,3.34,0.908,0.0134
vol1,N6409.DRG,NACA 6409,naca6409,H. Halsey,clean,clean,,,200600,AB00191.DAT,4.97,1.07,0.0142
vol1,N6409.DRG,NACA 6409,naca6409,H. Halsey,clean,clean,,,200600,AB00191.DAT,6.97,1.258,0.016
vol1,N6409.DRG,NACA 6409,naca6409,H. Halsey,clean,clean,,,200600,AB00191.DAT,8.11,1.352,0.0174
vol1,N6409.DRG,NACA 6409,naca6409,H. Halsey,clean,clean,,,200600,AB00191.DAT,10.13,1.457,0.0211
vol1,N6409.DRG,NACA 6409,naca6409,H. Halsey,clean,clean,,,200600,AB00191.DAT,11.33,1.44,0.0277
vol1,R140A.DRG,R140 (A),r140,W. Friedlander,clean,clean,,,101600,AB00203.DAT,-4.02,-0.446,0.0181
vol1,R140A.DRG,R140 (A),r140,W. Friedlander,clean,clean,,,101600,AB00203.DAT,-2.47,-0.358,0.0183
vol1,R140A.DRG,R140 (A),r140,W. Friedlander,clean,clean,,,101600,AB00203.DAT,-0.91,-0.065,0.016
vol1,R140A.DRG,R140 (A),r140,W. Friedlander,clean,clean,,,101600,AB00203.DAT,0.55,0.171,0.0179
vol1,R140A.DRG,R140 (A),r140,W. Friedlander,clean,clean,,,101600,AB00203.DAT,2.14,0.403,0.0191
vol1,R140A.DRG,R140 (A),r140,W. Friedlander,clean,clean,,,101600,AB00203.DAT,3.65,0.508,0.018
vol1,R140A.DRG,R140 (A),r140,W. Friedlander,clean,clean,,,101600,AB00203.DAT,4.99,0.59,0.0151
vol1,R140A.DRG,R140 (A),r140,W. Friedlander,clean,clean,,,101600,AB00203.DAT,6.56,0.652,0.0211
vol1,R140A.DRG,R140 (A),r140,W. Friedlander,clean,clean,,,101600,AB00203.DAT,8.26,0.737,0.0311
vol1,R140A.DRG,R140 (A),r140,W. Friedlander,clean,clean,,,101600,AB00203.DAT,9.53,0.797,0.0422
vol1,R140A.DRG,R140 (A),r140,W. Friedlander,clean,clean,,,103000,AB00531.DAT,-5.77,-0.563,0.0253
vol1,R140A.DRG,R140 (A),r140,W. Friedlander,clean,clean,,,203000,AB00205.DAT,-5.63,-0.531,0.0203
vol1,R140A.DRG,R140 (A),r140,W. Friedlander,clean,clean,,,203000,AB00205.DAT,-4.07,-0.419,0.0149
vol1,R140A.DRG,R140 (A),r140,W. Friedlander,clean,clean,,,203000,AB00205.DAT,-2.71,-0.266,0.0105
vol1,R140A.DRG,R140 (A),r140,W. Friedlander,clean,clean,,,203000,AB00205.DAT,-0.96,-0.09,0.0105
vol1,R140A.DRG,R140 (A),r140,W. Friedlander,clean,clean,,,203000,AB00205.DAT,0.36,0.023,0.0104
vol1,R140A.DRG,R140 (A),r140,W. Friedlander,clean,clean,,,203000,AB00205.DAT,2.02,0.208,0.012
vol1,R140A.DRG,R140 (A),r140,W. Friedlander,clean,clean,,,203000,AB00205.DAT,3.84,0.462,0.0123
vol1,R140A.DRG,R140 (A),r140,W. Friedlander,clean,clean,,,203000,AB00205.DAT,5.13,0.563,0.0162
vol1,R140A.DRG,R140 (A),r140,W. Friedlander,clean,clean,,,203000,AB00205.DAT,6.47,0.627,0.0204
vol1,R140A.DRG,R140 (A),r140,W. Friedlander,clean,clean,,,203000,AB00205.DAT,8.29,0.719,0.0298
vol1,R140A.DRG,R140 (A),r140,W. Friedlander,clean,clean,,,203000,AB00205.DAT,9.56,0.796,0.0456
vol1,R140A.DRG,R140 (A),r140,W. Friedlander,clean,clean,,,304400,AB00207.DAT,-5.71,-0.54,0.0194
vol1,R140A.DRG,R140 (A),r140,W. Friedlander,clean,clean,,,304400,AB00207.DAT,-3.85,-0.348,0.0121
vol1,R140A.DRG,R140 (A),r140,W. Friedlander,clean,clean,,,304400,AB00207.DAT,-2.66,-0.237,0.0096
vol1,R140A.DRG,R140 (A),r140,W. Friedlander,clean,clean,,,304400,AB00207.DAT,-0.44,-0.046,0.0089
vol1,R140A.DRG,R140 (A),r140,W. Friedlander,clean,clean,,,304400,AB00207.DAT,0.59,0.043,0.0087
vol1,R140A.DRG,R140 (A),r140,W. Friedlander,clean,clean,,,304400,AB00207.DAT,2.13,0.202,0.0089
vol1,R140A.DRG,R140 (A),r140,W. Friedlander,clean,clean,,,304400,AB00207.DAT,3.4,0.359,0.0097
vol1,R140A.DRG,R140 (A),r140,W. Friedlander,clean,clean,,,304400,AB00207.DAT,5.11,0.558,0.0155
vol1,R140A.DRG,R140 (A),r140,W. Friedlander,clean,clean,,,304400,AB00207.DAT,6.46,0.629,0.0187
vol1,R140A.DRG,R140 (A),r140,W. Friedlander,clean,clean,,,304400,AB00207.DAT,8.05,0.709,0.0263
vol1,R140A.DRG,R140 (A),r140,W. Friedlander,clean,clean,,,304400,AB00207.DAT,9.62,0.814,0.049
vol1,RG15B.DRG,RG15 (B),rg15,B. Champine,clean,clean,,,61100,JG00085.DAT,-6.86,-0.487,0.054
vol1,RG15B.DRG,RG15 (B),rg15,B. Champine,clean,clean,,,61100,JG00085.DAT,-4.99,-0.356,0.0286
vol1,RG15B.DRG,RG15 (B),rg15,B. Champine,clean,clean,,,61100,JG00085.DAT,-3.58,-0.251,0.0198
vol1,RG15B.DRG,RG15 (B),rg15,B. Champine,clean,clean,,,61100,JG00085.DAT,-1.93,-0.128,0.0153
vol1,RG15B.DRG,RG15 (B),rg15,B. Champine,clean,clean,,,61100,JG00085.DAT,-0.34,-0.009,0.0143
vol1,RG15B.DRG,RG15 (B),rg15,B. Champine,clean,clean,,,61100,JG00085.DAT,1.12,0.166,0.0169
vol1,RG15B.DRG,RG15 (B),rg15,B. Champine,clean,clean,,,61100,JG00085.DAT,2.76,0.444,0.0176
vol1,RG15B.DRG,RG15 (B),rg15,B. Champine,clean,clean,,,61100,JG00085.DAT,4.24,0.595,0.0186
vol1,RG15B.DRG,RG15 (B),rg15,B. Champine,clean,clean,,,61100,JG00085.DAT,5.66,0.708,0.0197
vol1,RG15B.DRG,RG15 (B),rg15,B. Champine,clean,clean,,,61100,JG00085.DAT,7.31,0.83,0.0251
vol1,RG15B.DRG,RG15 (B),rg15,B. Champine,clean,clean,,,61100,JG00085.DAT,8.86,0.935,0.0327
vol1,RG15B.DRG,RG15 (B),rg15,B. Champine,clean,clean,,,61100,JG00085.DAT,10.25,0.997,0.0451
vol1,RG15B.DRG,RG15 (B),rg15,B. Champine,clean,clean,,,101200,JG00083.DAT,-6.45,-0.566,0.039
vol1,RG15B.DRG,RG15 (B),rg15,B. Champine,clean,clean,,,101200,JG00083.DAT,-4.97,-0.407,0.0237
vol1,RG15B.DRG,RG15 (B),rg15,B. Champine,clean,clean,,,101200,JG00083.DAT,-3.47,-0.276,0.0149
vol1,RG15B.DRG,RG15 (B),rg15,B. Champine,clean,clean,,,101200,JG00083.DAT,-2.04,-0.195,0.0124
vol1,RG15B.DRG,RG15 (B),rg15,B. Champine,clean,clean,,,101200,JG00083.DAT,-0.47,-0.063,0.0123
vol1,RG15B.DRG,RG15 (B),rg15,B. Champine,clean,clean,,,101200,JG00083.DAT,1.1,0.217,0.0157
vol1,RG15B.DRG,RG15 (B),rg15,B. Champine,clean,clean,,,101200,JG00083.DAT,2.62,0.408,0.0143
vol1,RG15B.DRG,RG15 (B),rg15,B. Champine,clean,clean,,,101200,JG00083.DAT,4.1,0.52,0.0149
vol1,RG15B.DRG,RG15 (B),rg15,B. Champine,clean,clean,,,101200,JG00083.DAT,5.66,0.659,0.017
vol1,RG15B.DRG,RG15 (B),rg15,B. Champine,clean,clean,,,101200,JG00083.DAT,7.23,0.802,0.0223
vol1,RG15B.DRG,RG15 (B),rg15,B. Champine,clean,clean,,,101200,JG00083.DAT,8.77,0.895,0.0294
vol1,RG15B.DRG,RG15 (B),rg15,B. Champine,clean,clean,,,101200,JG00083.DAT,10.28,0.925,0.0466
vol1,RG15B.DRG,RG15 (B),rg15,B. Champine,clean,clean,,,151800,AB00550.DAT,-6.07,-0.425,0.0315
vol1,RG15B.DRG,RG15 (B),rg15,B. Champine,clean,clean,,,151800,AB00550.DAT,-5.1,-0.35,0.0219
vol1,RG15B.DRG,RG15 (B),rg15,B. Champine,clean,clean,,,151800,AB00550.DAT,-4.13,-0.27,0.0169
vol1,RG15B.DRG,RG15 (B),rg15,B. Champine,clean,clean,,,151800,AB00550.DAT,-3.25,-0.193,0.0137
vol1,RG15B.DRG,RG15 (B),rg15,B. Champine,clean,clean,,,151800,AB00550.DAT,-2.02,-0.09,0.0125
vol1,RG15B.DRG,RG15 (B),rg15,B. Champine,clean,clean,,,151800,AB00550.DAT,-1.28,-0.029,0.012
vol1,RG15B.DRG,RG15 (B),rg15,B. Champine,clean,clean,,,151800,AB00550.DAT,0.04,0.173,0.0106
vol1,RG15B.DRG,RG15 (B),rg15,B. Champine,clean,clean,,,151800,AB00550.DAT,0.92,0.301,0.01
vol1,RG15B.DRG,RG15 (B),rg15,B. Champine,clean,clean,,,151800,AB00550.DAT,2.01,0.421,0.0103
vol1,RG15B.DRG,RG15 (B),rg15,B. Champine,clean,clean,,,151800,AB00550.DAT,2.91,0.511,0.0112
vol1,RG15B.DRG,RG15 (B),rg15,B. Champine,clean,clean,,,151800,AB00550.DAT,4.07,0.629,0.0117
vol1,RG15B.DRG,RG15 (B),rg15,B. Champine,clean,clean,,,151800,AB00550.DAT,5.11,0.727,0.0133
vol1,RG15B.DRG,RG15 (B),rg15,B. Champine,clean,clean,,,151800,AB00550.DAT,5.95,0.799,0.0156
vol1,RG15B.DRG,RG15 (B),rg15,B. Champine,clean,clean,,,151800,AB00550.DAT,7.15,0.899,0.0195
vol1,RG15B.DRG,RG15 (B),rg15,B. Champine,clean,clean,,,151800,AB00550.DAT,8.2,0.966,0.0223
vol1,RG15B.DRG,RG15 (B),rg15,B. Champine,clean,clean,,,151800,AB00550.DAT,8.98,1.008,0.0277
vol1,RG15B.DRG,RG15 (B),rg15,B. Champine,clean,clean,,,151800,AB00550.DAT,10.0,1.054,0.0378
vol1,RG15B.DRG,RG15 (B),rg15,B. Champine,clean,clean,,,202500,JG00081.DAT,-6.46,-0.424,0.0327
vol1,RG15B.DRG,RG15 (B),rg15,B. Champine,clean,clean,,,202500,JG00081.DAT,-5.09,-0.32,0.0183
vol1,RG15B.DRG,RG15 (B),rg15,B. Champine,clean,clean,,,202500,JG00081.DAT,-3.53,-0.188,0.0132
vol1,RG15B.DRG,RG15 (B),rg15,B. Champine,clean,clean,,,202500,JG00081.DAT,-1.98,-0.038,0.0113
vol1,RG15B.DRG,RG15 (B),rg15,B. Champine,clean,clean,,,202500,JG00081.DAT,-0.47,0.157,0.0093
vol1,RG15B.DRG,RG15 (B),rg15,B. Champine,clean,clean,,,202500,JG00081.DAT,1.13,0.334,0.0089
vol1,RG15B.DRG,RG15 (B),rg15,B. Champine,clean,clean,,,202500,JG00081.DAT,2.68,0.495,0.0093
vol1,RG15B.DRG,RG15 (B),rg15,B. Champine,clean,clean,,,202500,JG00081.DAT,4.2,0.647,0.0107
vol1,RG15B.DRG,RG15 (B),rg15,B. Champine,clean,clean,,,202500,JG00081.DAT,5.74,0.789,0.0136
vol1,RG15B.DRG,RG15 (B),rg15,B. Champine,clean,clean,,,202500,JG00081.DAT,7.27,0.912,0.0177
vol1,RG15B.DRG,RG15 (B),rg15,B. Champine,clean,clean,,,202500,JG00081.DAT,8.76,1.003,0.0247
vol1,RG15B.DRG,RG15 (B),rg15,B. Champine,clean,clean,,,202500,JG00081.DAT,10.31,1.066,0.0385
vol1,RG15B.DRG,RG15 (B),rg15,B. Champine,clean,clean,,,302700,AB00079.DAT,-6.49,-0.458,0.0344
vol1,RG15B.DRG,RG15 (B),rg15,B. Champine,clean,clean,,,302700,AB00079.DAT,-5.14,-0.345,0.0157
vol1,RG15B.DRG,RG15 (B),rg15,B. Champine,clean,clean,,,302700,AB00079.DAT,-3.66,-0.209,0.0126
vol1,RG15B.DRG,RG15 (B),rg15,B. Champine,clean,clean,,,302700,AB00079.DAT,-2.16,-0.02,0.0091
vol1,RG15B.DRG,RG15 (B),rg15,B. Champine,clean,clean,,,302700,AB00079.DAT,-0.56,0.16,0.0083
vol1,RG15B.DRG,RG15 (B),rg15,B. Champine,clean,clean,,,302700,AB00079.DAT,0.94,0.319,0.0074
vol1,RG15B.DRG,RG15 (B),rg15,B. Champine,clean,clean,,,302700,AB00079.DAT,2.57,0.501,0.0078
vol1,RG15B.DRG,RG15 (B),rg15,B. Champine,clean,clean,,,302700,AB00079.DAT,4.06,0.657,0.0094
vol1,RG15B.DRG,RG15 (B),rg15,B. Champine,clean,clean,,,302700,AB00079.DAT,5.6,0.802,0.0121
vol1,RG15B.DRG,RG15 (B),rg15,B. Champine,clean,clean,,,302700,AB00079.DAT,7.16,0.935,0.015
vol1,RG15B.DRG,RG15 (B),rg15,B. Champine,clean,clean,,,302700,AB00079.DAT,8.77,1.043,0.0219
vol1,RG15B.DRG,RG15 (B),rg15,B. Champine,clean,clean,,,302700,AB00079.DAT,10.36,1.112,0.0344
vol1,S1210.DRG,S1210,s1210,M. Allen,clean,clean,,,101100,JG00129.DAT,-3.97,0.352,0.0307
vol1,S1210.DRG,S1210,s1210,M. Allen,clean,clean,,,101100,JG00129.DAT,-3.03,0.531,0.0257
vol1,S1210.DRG,S1210,s1210,M. Allen,clean,clean,,,101100,JG00129.DAT,-2.04,0.677,0.0228
vol1,S1210.DRG,S1210,s1210,M. Allen,clean,clean,,,101100,JG00129.DAT,-0.95,0.79,0.0256
vol1,S1210.DRG,S1210,s1210,M. Allen,clean,clean,,,101100,JG00129.DAT,-0.0,0.873,0.025
vol1,S1210.DRG,S1210,s1210,M. Allen,clean,clean,,,101100,JG00129.DAT,1.09,0.981,0.028
vol1,S1210.DRG,S1210,s1210,M. Allen,clean,clean,,,101100,JG00129.DAT,2.04,1.074,0.0276
vol1,S1210.DRG,S1210,s1210,M. Allen,clean,clean,,,101100,JG00129.DAT,3.1,1.179,0.0286
vol1,S1210.DRG,S1210,s1210,M. Allen,clean,clean,,,101100,JG00129.DAT,4.25,1.27,0.0287
vol1,S1210.DRG,S1210,s1210,M. Allen,clean,clean,,,101100,JG00129.DAT,5.22,1.35,0.0309
vol1,S1210.DRG,S1210,s1210,M. Allen,clean,clean,,,101100,JG00129.DAT,6.35,1.449,0.0333
vol1,S1210.DRG,S1210,s1210,M. Allen,clean,clean,,,101100,JG00129.DAT,7.16,1.512,0.0343
vol1,S1210.DRG,S1210,s1210,M. Allen,clean,clean,,,101100,JG00129.DAT,8.28,1.607,0.0336
vol1,S1210.DRG,S1210,s1210,M. Allen,clean,clean,,,101100,JG00129.DAT,9.39,1.689,0.0345
vol1,S1210.DRG,S1210,s1210,M. Allen,clean,clean,,,101100,JG00129.DAT,10.2,1.74,0.0334
vol1,S1210.DRG,S1210,s1210,M. Allen,clean,clean,,,101100,JG00129.DAT,11.22,1.792,0.0336
vol1,S1210.DRG,S1210,s1210,M. Allen,clean,clean,,,100400,JG00492.DAT,12.29,1.775,0.0398
vol1,S1210.DRG,S1210,s1210,M. Allen,clean,clean,,,150500,AB00488.DAT,-3.82,0.424,0.0217
vol1,S1210.DRG,S1210,s1210,M. Allen,clean,clean,,,150500,AB00488.DAT,-2.88,0.594,0.0161
vol1,S1210.DRG,S1210,s1210,M. Allen,clean,clean,,,150500,AB00488.DAT,-1.83,0.708,0.0162
vol1,S1210.DRG,S1210,s1210,M. Allen,clean,clean,,,150500,AB00488.DAT,-0.78,0.81,0.017
vol1,S1210.DRG,S1210,s1210,M. Allen,clean,clean,,,150500,AB00488.DAT,0.21,0.907,0.0189
vol1,S1210.DRG,S1210,s1210,M. Allen,clean,clean,,,150500,AB00488.DAT,1.39,1.024,0.0201
vol1,S1210.DRG,S1210,s1210,M. Allen,clean,clean,,,150500,AB00488.DAT,2.33,1.118,0.0208
vol1,S1210.DRG,S1210,s1210,M. Allen,clean,clean,,,150500,AB00488.DAT,3.14,1.195,0.0216
vol1,S1210.DRG,S1210,s1210,M. Allen,clean,clean,,,150500,AB00488.DAT,4.14,1.285,0.0221
vol1,S1210.DRG,S1210,s1210,M. Allen,clean,clean,,,150500,AB00488.DAT,5.33,1.384,0.0238
vol1,S1210.DRG,S1210,s1210,M. Allen,clean,clean,,,150500,AB00488.DAT,6.35,1.468,0.0252
vol1,S1210.DRG,S1210,s1210,M. Allen,clean,clean,,,150500,AB00488.DAT,7.35,1.548,0.0262
vol1,S1210.DRG,S1210,s1210,M. Allen,clean,clean,,,150500,AB00488.DAT,8.17,1.61,0.0268
vol1,S1210.DRG,S1210,s1210,M. Allen,clean,clean,,,150500,AB00488.DAT,9.49,1.706,0.0277
vol1,S1210.DRG,S1210,s1210,M. Allen,clean,clean,,,150500,AB00488.DAT,10.32,1.758,0.0287
vol1,S1210.DRG,S1210,s1210,M. Allen,clean,clean,,,150500,AB00488.DAT,11.27,1.794,0.0315
vol1,S1210.DRG,S1210,s1210,M. Allen,clean,clean,,,150500,AB00488.DAT,12.31,1.816,0.0375
vol1,S1210.DRG,S1210,s1210,M. Allen,clean,clean,,,200900,JG00131.DAT,-4.14,0.449,0.0188
vol1,S1210.DRG,S1210,s1210,M. Allen,clean,clean,,,200900,JG00131.DAT,-3.15,0.589,0.014
vol1,S1210.DRG,S1210,s1210,M. Allen,clean,clean,,,200900,JG00131.DAT,-2.18,0.695,0.0138
vol1,S1210.DRG,S1210,s1210,M. Allen,clean,clean,,,200900,JG00131.DAT,-1.15,0.795,0.0148
vol1,S1210.DRG,S1210,s1210,M. Allen,clean,clean,,,200900,JG00131.DAT,-0.02,0.909,0.0158
vol1,S1210.DRG,S1210,s1210,M. Allen,clean,clean,,,200900,JG00131.DAT,0.92,1.001,0.0165
vol1,S1210.DRG,S1210,s1210,M. Allen,clean,clean,,,200900,JG00131.DAT,1.95,1.106,0.0172
vol1,S1210.DRG,S1210,s1210,M. Allen,clean,clean,,,200900,JG00131.DAT,2.94,1.2,0.018
vol1,S1210.DRG,S1210,s1210,M. Allen,clean,clean,,,200900,JG00131.DAT,4.0,1.299,0.0187
vol1,S1210.DRG,S1210,s1210,M. Allen,clean,clean,,,200900,JG00131.DAT,5.1,1.39,0.019
vol1,S1210.DRG,S1210,s1210,M. Allen,clean,clean,,,200900,JG00131.DAT,6.16,1.485,0.0201
vol1,S1210.DRG,S1210,s1210,M. Allen,clean,clean,,,200900,JG00131.DAT,7.16,1.568,0.0211
vol1,S1210.DRG,S1210,s1210,M. Allen,clean,clean,,,200900,JG00131.DAT,8.16,1.646,0.0221
vol1,S1210.DRG,S1210,s1210,M. Allen,clean,clean,,,200900,JG00131.DAT,9.37,1.737,0.0236
vol1,S1210.DRG,S1210,s1210,M. Allen,clean,clean,,,200900,JG00131.DAT,10.47,1.793,0.0262
vol1,S1210.DRG,S1210,s1210,M. Allen,clean,clean,,,200900,JG00131.DAT,11.66,1.821,0.0317
vol1,S1210.DRG,S1210,s1210,M. Allen,clean,clean,,,250500,AB00490.DAT,-4.14,0.426,0.017
vol1,S1210.DRG,S1210,s1210,M. Allen,clean,clean,,,250500,AB00490.DAT,-3.12,0.571,0.0128
vol1,S1210.DRG,S1210,s1210,M. Allen,clean,clean,,,250500,AB00490.DAT,-2.16,0.686,0.0125
vol1,S1210.DRG,S1210,s1210,M. Allen,clean,clean,,,250500,AB00490.DAT,-1.09,0.79,0.0135
vol1,S1210.DRG,S1210,s1210,M. Allen,clean,clean,,,250500,AB00490.DAT,-0.05,0.896,0.0145
vol1,S1210.DRG,S1210,s1210,M. Allen,clean,clean,,,250500,AB00490.DAT,1.01,1.005,0.015
vol1,S1210.DRG,S1210,s1210,M. Allen,clean,clean,,,250500,AB00490.DAT,2.05,1.11,0.0157
vol1,S1210.DRG,S1210,s1210,M. Allen,clean,clean,,,250500,AB00490.DAT,3.02,1.204,0.0163
vol1,S1210.DRG,S1210,s1210,M. Allen,clean,clean,,,250500,AB00490.DAT,4.09,1.306,0.017
vol1,S1210.DRG,S1210,s1210,M. Allen,clean,clean,,,250500,AB00490.DAT,5.03,1.387,0.017
vol1,S1210.DRG,S1210,s1210,M. Allen,clean,clean,,,250500,AB00490.DAT,6.16,1.483,0.0178
vol1,S1210.DRG,S1210,s1210,M. Allen,clean,clean,,,250500,AB00490.DAT,7.19,1.572,0.0187
vol1,S1210.DRG,S1210,s1210,M. Allen,clean,clean,,,250500,AB00490.DAT,8.18,1.651,0.0197
vol1,S1210.DRG,S1210,s1210,M. Allen,clean,clean,,,250500,AB00490.DAT,9.41,1.738,0.0213
vol1,S1210.DRG,S1210,s1210,M. Allen,clean,clean,,,250500,AB00490.DAT,10.24,1.779,0.0233
vol1,S1210.DRG,S1210,s1210,M. Allen,clean,clean,,,250500,AB00490.DAT,11.28,1.81,0.0278
vol1,S1210.DRG,S1210,s1210,M. Allen,clean,clean,,,247600,JG00491.DAT,12.3,1.839,0.0337
vol1,S1210.DRG,S1210,s1210,M. Allen,clean,clean,,,300800,JG00495.DAT,-5.1,0.294,0.0203
vol1,S1210.DRG,S1210,s1210,M. Allen,clean,clean,,,300800,JG00495.DAT,-4.1,0.447,0.0148
vol1,S1210.DRG,S1210,s1210,M. Allen,clean,clean,,,300800,JG00495.DAT,-3.05,0.586,0.0116
vol1,S1210.DRG,S1210,s1210,M. Allen,clean,clean,,,300800,JG00495.DAT,-2.03,0.698,0.0116
vol1,S1210.DRG,S1210,s1210,M. Allen,clean,clean,,,300800,JG00495.DAT,-1.03,0.796,0.0126
vol1,S1210.DRG,S1210,s1210,M. Allen,clean,clean,,,300800,JG00495.DAT,0.02,0.904,0.0135
vol1,S1210.DRG,S1210,s1210,M. Allen,clean,clean,,,300800,JG00495.DAT,1.01,1.005,0.0138
vol1,S1210.DRG,S1210,s1210,M. Allen,clean,clean,,,300800,JG00495.DAT,2.09,1.116,0.0146
vol1,S1210.DRG,S1210,s1210,M. Allen,clean,clean,,,300800,JG00495.DAT,3.1,1.217,0.0151
vol1,S1210.DRG,S1210,s1210,M. Allen,clean,clean,,,300800,JG00495.DAT,4.13,1.316,0.0157
vol1,S1210.DRG,S1210,s1210,M. Allen,clean,clean,,,300800,JG00495.DAT,5.15,1.409,0.0158
vol1,S1210.DRG,S1210,s1210,M. Allen,clean,clean,,,300800,JG00495.DAT,6.17,1.493,0.0163
vol1,S1210.DRG,S1210,s1210,M. Allen,clean,clean,,,300800,JG00495.DAT,7.13,1.571,0.0172
vol1,S1210.DRG,S1210,s1210,M. Allen,clean,clean,,,300800,JG00495.DAT,8.23,1.66,0.0183
vol1,S1210.DRG,S1210,s1210,M. Allen,clean,clean,,,300800,JG00495.DAT,9.14,1.721,0.0195
vol1,S1210.DRG,S1210,s1210,M. Allen,clean,clean,,,300800,JG00495.DAT,10.23,1.778,0.0224
vol1,S1210.DRG,S1210,s1210,M. Allen,clean,clean,,,300800,JG00495.DAT,11.27,1.812,0.0273
vol1,S1210.DRG,S1210,s1210,M. Allen,clean,clean,,,300800,JG00495.DAT,12.27,1.835,0.0339
vol1,S1223.DRG,S1223,s1223,Y. Tinel,clean,clean,,,100600,MS00134.DAT,-3.29,0.387,0.0665
vol1,S1223.DRG,S1223,s1223,Y. Tinel,clean,clean,,,100600,MS00134.DAT,-2.52,0.756,0.0331
vol1,S1223.DRG,S1223,s1223,Y. Tinel,clean,clean,,,100600,MS00134.DAT,-0.99,0.944,0.0226
vol1,S1223.DRG,S1223,s1223,Y. Tinel,clean,clean,,,100600,MS00134.DAT,-0.01,1.048,0.0244
vol1,S1223.DRG,S1223,s1223,Y. Tinel,clean,clean,,,100600,MS00134.DAT,0.92,1.136,0.028
vol1,S1223.DRG,S1223,s1223,Y. Tinel,clean,clean,,,100600,MS00134.DAT,1.75,1.213,0.029
vol1,S1223.DRG,S1223,s1223,Y. Tinel,clean,clean,,,100600,MS00134.DAT,2.59,1.291,0.0303
vol1,S1223.DRG,S1223,s1223,Y. Tinel,clean,clean,,,100600,MS00134.DAT,3.72,1.372,0.0332
vol1,S1223.DRG,S1223,s1223,Y. Tinel,clean,clean,,,100600,MS00134.DAT,4.85,1.461,0.0376
vol1,S1223.DRG,S1223,s1223,Y. Tinel,clean,clean,,,100600,MS00134.DAT,5.74,1.529,0.0418
vol1,S1223.DRG,S1223,s1223,Y. Tinel,clean,clean,,,100600,MS00134.DAT,6.72,1.588,0.0481
vol1,S1223.DRG,S1223,s1223,Y. Tinel,clean,clean,,,150500,PG00590.DAT,-2.29,0.784,0.0255
vol1,S1223.DRG,S1223,s1223,Y. Tinel,clean,clean,,,150500,PG00590.DAT,-0.81,0.956,0.02
vol1,S1223.DRG,S1223,s1223,Y. Tinel,clean,clean,,,150500,PG00590.DAT,0.75,1.13,0.0221
vol1,S1223.DRG,S1223,s1223,Y. Tinel,clean,clean,,,150500,PG00590.DAT,2.92,1.339,0.0259
vol1,S1223.DRG,S1223,s1223,Y. Tinel,clean,clean,,,149700,JG00598.DAT,3.94,1.432,0.0275
vol1,S1223.DRG,S1223,s1223,Y. Tinel,clean,clean,,,149700,JG00598.DAT,5.25,1.543,0.0315
vol1,S1223.DRG,S1223,s1223,Y. Tinel,clean,clean,,,149700,JG00598.DAT,6.87,1.669,0.0359
vol1,S1223.DRG,S1223,s1223,Y. Tinel,clean,clean,,,149700,JG00598.DAT,8.64,1.796,0.0425
vol1,S1223.DRG,S1223,s1223,Y. Tinel,clean,clean,,,149700,JG00598.DAT,9.94,1.879,0.0477
vol1,S1223.DRG,S1223,s1223,Y. Tinel,clean,clean,,,149700,JG00598.DAT,11.47,1.972,0.0532
vol1,S1223.DRG,S1223,s1223,Y. Tinel,clean,clean,,,200400,JG00136.DAT,-2.83,0.591,0.0414
vol1,S1223.DRG,S1223,s1223,Y. Tinel,clean,clean,,,200400,JG00136.DAT,-1.45,0.91,0.019
vol1,S1223.DRG,S1223,s1223,Y. Tinel,clean,clean,,,200400,JG00136.DAT,-0.0,1.083,0.0191
vol1,S1223.DRG,S1223,s1223,Y. Tinel,clean,clean,,,200400,JG00136.DAT,0.67,1.145,0.02
vol1,S1223.DRG,S1223,s1223,Y. Tinel,clean,clean,,,200400,JG00136.DAT,1.82,1.256,0.0212
vol1,S1223.DRG,S1223,s1223,Y. Tinel,clean,clean,,,200400,JG00136.DAT,2.99,1.369,0.0223
vol1,S1223.DRG,S1223,s1223,Y. Tinel,clean,clean,,,200400,JG00136.DAT,3.77,1.428,0.0227
vol1,S1223.DRG,S1223,s1223,Y. Tinel,clean,clean,,,200400,JG00136.DAT,4.76,1.51,0.0245
vol1,S1223.DRG,S1223,s1223,Y. Tinel,clean,clean,,,200400,JG00136.DAT,6.26,1.628,0.0277
vol1,S1223.DRG,S1223,s1223,Y. Tinel,clean,clean,,,200400,JG00136.DAT,6.9,1.678,0.0289
vol1,S1223.DRG,S1223,s1223,Y. Tinel,clean,clean,,,200400,JG00136.DAT,7.93,1.753,0.0314
vol1,S1223.DRG,S1223,s1223,Y. Tinel,clean,clean,,,198500,JG00588.DAT,8.91,1.829,0.0335
vol1,S1223.DRG,S1223,s1223,Y. Tinel,clean,clean,,,198500,JG00588.DAT,10.16,1.913,0.036
vol1,S1223.DRG,S1223,s1223,Y. Tinel,clean,clean,,,198500,JG00588.DAT,11.1,1.971,0.0383
vol1,S1223.DRG,S1223,s1223,Y. Tinel,clean,clean,,,198500,JG00588.DAT,11.87,2.018,0.0397
vol1,S1223.DRG,S1223,s1223,Y. Tinel,clean,clean,,,198500,JG00588.DAT,13.17,2.094,0.0413
vol1,S1223.DRG,S1223,s1223,Y. Tinel,clean,clean,,,198500,JG00588.DAT,13.96,2.139,0.0428
vol1,S1223.DRG,S1223,s1223,Y. Tinel,clean,clean,,,198500,JG00588.DAT,15.19,2.195,0.0454
vol1,S1223.DRG,S1223,s1223,Y. Tinel,clean,clean,,,249700,MS00594.DAT,-3.04,0.446,0.055
vol1,S1223.DRG,S1223,s1223,Y. Tinel,clean,clean,,,249700,MS00594.DAT,-1.07,0.944,0.0169
vol1,S1223.DRG,S1223,s1223,Y. Tinel,clean,clean,,,249700,MS00594.DAT,0.47,1.12,0.0175
vol1,S1223.DRG,S1223,s1223,Y. Tinel,clean,clean,,,249700,MS00594.DAT,1.94,1.262,0.0197
vol1,S1223.DRG,S1223,s1223,Y. Tinel,clean,clean,,,249700,MS00594.DAT,3.48,1.406,0.0209
vol1,S1223.DRG,S1223,s1223,Y. Tinel,clean,clean,,,249700,MS00594.DAT,5.12,1.535,0.0226
vol1,S1223.DRG,S1223,s1223,Y. Tinel,clean,clean,,,249700,MS00594.DAT,6.64,1.657,0.0252
vol1,S1223.DRG,S1223,s1223,Y. Tinel,clean,clean,,,249700,MS00594.DAT,8.18,1.776,0.0276
vol1,S1223.DRG,S1223,s1223,Y. Tinel,clean,clean,,,249700,MS00594.DAT,9.57,1.877,0.0302
vol1,S1223.DRG,S1223,s1223,Y. Tinel,clean,clean,,,249700,MS00594.DAT,11.39,1.998,0.0337
vol1,S1223.DRG,S1223,s1223,Y. Tinel,clean,clean,,,249700,MS00594.DAT,12.93,2.09,0.0358
vol1,S1223.DRG,S1223,s1223,Y. Tinel,clean,clean,,,249700,MS00594.DAT,14.58,2.173,0.0396
vol1,S1223.DRG,S1223,s1223,Y. Tinel,clean,clean,,,299100,JG00597.DAT,-2.68,0.642,0.04
vol1,S1223.DRG,S1223,s1223,Y. Tinel,clean,clean,,,299100,JG00597.DAT,-1.02,0.961,0.0168
vol1,S1223.DRG,S1223,s1223,Y. Tinel,clean,clean,,,299100,JG00597.DAT,0.48,1.131,0.0164
vol1,S1223.DRG,S1223,s1223,Y. Tinel,clean,clean,,,299100,JG00597.DAT,2.05,1.282,0.0187
vol1,S1223.DRG,S1223,s1223,Y. Tinel,clean,clean,,,299100,JG00597.DAT,3.6,1.429,0.02
vol1,S1223.DRG,S1223,s1223,Y. Tinel,clean,clean,,,299100,JG00597.DAT,5.1,1.548,0.0212
vol1,S1223.DRG,S1223,s1223,Y. Tinel,clean,clean,,,299100,JG00597.DAT,6.61,1.671,0.0232
vol1,S1223.DRG,S1223,s1223,Y. Tinel,clean,clean,,,299100,JG00597.DAT,8.21,1.8,0.0257
vol1,S1223.DRG,S1223,s1223,Y. Tinel,clean,clean,,,299100,JG00597.DAT,9.7,1.91,0.0281
vol1,S1223.DRG,S1223,s1223,Y. Tinel,clean,clean,,,299100,JG00597.DAT,11.22,2.016,0.0307
vol1,S1223.DRG,S1223,s1223,Y. Tinel,clean,clean,,,299100,JG00597.DAT,12.84,2.116,0.0336
vol1,S1223.DRG,S1223,s1223,Y. Tinel,clean,clean,,,299100,JG00597.DAT,14.74,2.175,0.0371
vol1,S1223.DRG,S1223,s1223,Y. Tinel,clean,clean,,,299100,JG00597.DAT,16.38,2.217,0.0454
vol1,S6062.DRG,S6062,s6062,B. Matheson,clean,clean,,,101300,AB00142.DAT,-3.98,-0.21,0.0185
vol1,S6062.DRG,S6062,s6062,B. Matheson,clean,clean,,,101300,AB00142.DAT,-2.17,-0.047,0.0122
vol1,S6062.DRG,S6062,s6062,B. Matheson,clean,clean,,,101300,AB00142.DAT,-0.61,0.088,0.0104
vol1,S6062.DRG,S6062,s6062,B. Matheson,clean,clean,,,101300,AB00142.DAT,0.75,0.24,0.013
vol1,S6062.DRG,S6062,s6062,B. Matheson,clean,clean,,,101300,AB00142.DAT,2.39,0.506,0.0137
vol1,S6062.DRG,S6062,s6062,B. Matheson,clean,clean,,,101300,AB00142.DAT,3.53,0.617,0.0136
vol1,S6062.DRG,S6062,s6062,B. Matheson,clean,clean,,,101300,AB00142.DAT,5.32,0.773,0.0153
vol1,S6062.DRG,S6062,s6062,B. Matheson,clean,clean,,,101300,AB00142.DAT,7.02,0.882,0.0269
vol1,S6062.DRG,S6062,s6062,B. Matheson,clean,clean,,,101300,AB00142.DAT,8.3,0.964,0.0391
vol1,S6062.DRG,S6062,s6062,B. Matheson,clean,clean,,,202100,AB00140.DAT,-6.86,-0.47,0.0584
vol1,S6062.DRG,S6062,s6062,B. Matheson,clean,clean,,,202100,AB00140.DAT,-2.91,-0.106,0.0122
vol1,S6062.DRG,S6062,s6062,B. Matheson,clean,clean,,,202100,AB00140.DAT,-2.59,-0.07,0.0112
vol1,S6062.DRG,S6062,s6062,B. Matheson,clean,clean,,,202100,AB00140.DAT,-0.76,0.138,0.009
vol1,S6062.DRG,S6062,s6062,B. Matheson,clean,clean,,,202100,AB00140.DAT,0.56,0.308,0.0081
vol1,S6062.DRG,S6062,s6062,B. Matheson,clean,clean,,,202100,AB00140.DAT,2.45,0.516,0.0086
vol1,S6062.DRG,S6062,s6062,B. Matheson,clean,clean,,,202100,AB00140.DAT,3.73,0.65,0.0098
vol1,S6062.DRG,S6062,s6062,B. Matheson,clean,clean,,,202100,AB00140.DAT,5.49,0.783,0.0157
vol1,S6062.DRG,S6062,s6062,B. Matheson,clean,clean,,,202100,AB00140.DAT,6.73,0.873,0.0218
vol1,S6062.DRG,S6062,s6062,B. Matheson,clean,clean,,,202000,AB00532.DAT,-4.21,-0.237,0.0155
vol1,S6062.DRG,S6062,s6062,B. Matheson,clean,clean,,,202000,AB00532.DAT,8.7,1.006,0.0422
vol1,S6062.DRG,S6062,s6062,B. Matheson,clean,clean,,,303600,AB00138.DAT,-5.55,-0.335,0.018
vol1,S6062.DRG,S6062,s6062,B. Matheson,clean,clean,,,303600,AB00138.DAT,-3.94,-0.192,0.0131
vol1,S6062.DRG,S6062,s6062,B. Matheson,clean,clean,,,303600,AB00138.DAT,-2.57,-0.038,0.0092
vol1,S6062.DRG,S6062,s6062,B. Matheson,clean,clean,,,303600,AB00138.DAT,-0.83,0.175,0.0072
vol1,S6062.DRG,S6062,s6062,B. Matheson,clean,clean,,,303600,AB00138.DAT,0.59,0.322,0.0066
vol1,S6062.DRG,S6062,s6062,B. Matheson,clean,clean,,,303600,AB00138.DAT,2.57,0.529,0.0077
vol1,S6062.DRG,S6062,s6062,B. Matheson,clean,clean,,,303600,AB00138.DAT,3.75,0.64,0.0088
vol1,S6062.DRG,S6062,s6062,B. Matheson,clean,clean,,,303600,AB00138.DAT,5.74,0.798,0.0155
vol1,S6062.DRG,S6062,s6062,B. Matheson,clean,clean,,,303600,AB00138.DAT,7.24,0.915,0.0228
vol1,S6062.DRG,S6062,s6062,B. Matheson,clean,clean,,,303600,AB00138.DAT,8.62,1.014,0.0453
vol1,S7012B.DRG,S7012 (B),s7012,M. Lachowski,clean,clean,,,61100,AB00094.DAT,-5.8,-0.42,0.04
vol1,S7012B.DRG,S7012 (B),s7012,M. Lachowski,clean,clean,,,61100,AB00094.DAT,-4.31,-0.299,0.0253
vol1,S7012B.DRG,S7012 (B),s7012,M. Lachowski,clean,clean,,,61100,AB00094.DAT,-2.78,-0.162,0.0169
vol1,S7012B.DRG,S7012 (B),s7012,M. Lachowski,clean,clean,,,61100,AB00094.DAT,-1.28,-0.035,0.0124
vol1,S7012B.DRG,S7012 (B),s7012,M. Lachowski,clean,clean,,,61100,AB00094.DAT,0.13,0.107,0.0109
vol1,S7012B.DRG,S7012 (B),s7012,M. Lachowski,clean,clean,,,61100,AB00094.DAT,1.75,0.388,0.0171
vol1,S7012B.DRG,S7012 (B),s7012,M. Lachowski,clean,clean,,,61100,AB00094.DAT,3.52,0.576,0.023
vol1,S7012B.DRG,S7012 (B),s7012,M. Lachowski,clean,clean,,,61100,AB00094.DAT,4.85,0.692,0.0175
vol1,S7012B.DRG,S7012 (B),s7012,M. Lachowski,clean,clean,,,61100,AB00094.DAT,6.36,0.827,0.0224
vol1,S7012B.DRG,S7012 (B),s7012,M. Lachowski,clean,clean,,,61100,AB00094.DAT,7.89,0.953,0.025
vol1,S7012B.DRG,S7012 (B),s7012,M. Lachowski,clean,clean,,,61100,AB00094.DAT,9.58,1.059,0.0351
vol1,S7012B.DRG,S7012 (B),s7012,M. Lachowski,clean,clean,,,61100,AB00094.DAT,10.99,1.103,0.0535
vol1,S7012B.DRG,S7012 (B),s7012,M. Lachowski,clean,clean,,,101200,AB00092.DAT,-5.86,-0.456,0.0355
vol1,S7012B.DRG,S7012 (B),s7012,M. Lachowski,clean,clean,,,101200,AB00092.DAT,-4.38,-0.322,0.0202
vol1,S7012B.DRG,S7012 (B),s7012,M. Lachowski,clean,clean,,,101200,AB00092.DAT,-2.88,-0.185,0.0143
vol1,S7012B.DRG,S7012 (B),s7012,M. Lachowski,clean,clean,,,101200,AB00092.DAT,-1.29,-0.048,0.0102
vol1,S7012B.DRG,S7012 (B),s7012,M. Lachowski,clean,clean,,,101200,AB00092.DAT,0.26,0.185,0.0118
vol1,S7012B.DRG,S7012 (B),s7012,M. Lachowski,clean,clean,,,101200,AB00092.DAT,1.79,0.369,0.0136
vol1,S7012B.DRG,S7012 (B),s7012,M. Lachowski,clean,clean,,,101200,AB00092.DAT,3.32,0.52,0.0151
vol1,S7012B.DRG,S7012 (B),s7012,M. Lachowski,clean,clean,,,101200,AB00092.DAT,4.79,0.669,0.0161
vol1,S7012B.DRG,S7012 (B),s7012,M. Lachowski,clean,clean,,,101200,AB00092.DAT,6.42,0.833,0.0171
vol1,S7012B.DRG,S7012 (B),s7012,M. Lachowski,clean,clean,,,101200,AB00092.DAT,7.98,0.966,0.0226
vol1,S7012B.DRG,S7012 (B),s7012,M. Lachowski,clean,clean,,,101200,AB00092.DAT,9.53,1.055,0.0377
vol1,S7012B.DRG,S7012 (B),s7012,M. Lachowski,clean,clean,,,101200,AB00092.DAT,11.03,1.106,0.0603
vol1,S7012B.DRG,S7012 (B),s7012,M. Lachowski,clean,clean,,,152100,PG00565.DAT,-5.93,-0.435,0.0281
vol1,S7012B.DRG,S7012 (B),s7012,M. Lachowski,clean,clean,,,152100,PG00565.DAT,-4.13,-0.273,0.0167
vol1,S7012B.DRG,S7012 (B),s7012,M. Lachowski,clean,clean,,,152100,PG00565.DAT,-2.52,-0.125,0.0112
vol1,S7012B.DRG,S7012 (B),s7012,M. Lachowski,clean,clean,,,152100,PG00565.DAT,-1.1,0.027,0.0097
vol1,S7012B.DRG,S7012 (B),s7012,M. Lachowski,clean,clean,,,152100,PG00565.DAT,0.59,0.23,0.0095
vol1,S7012B.DRG,S7012 (B),s7012,M. Lachowski,clean,clean,,,152100,PG00565.DAT,1.99,0.375,0.011
vol1,S7012B.DRG,S7012 (B),s7012,M. Lachowski,clean,clean,,,152100,PG00565.DAT,3.46,0.533,0.0123
vol1,S7012B.DRG,S7012 (B),s7012,M. Lachowski,clean,clean,,,152100,PG00565.DAT,5.17,0.713,0.0134
vol1,S7012B.DRG,S7012 (B),s7012,M. Lachowski,clean,clean,,,152100,PG00565.DAT,6.73,0.868,0.0157
vol1,S7012B.DRG,S7012 (B),s7012,M. Lachowski,clean,clean,,,152100,PG00565.DAT,8.07,0.965,0.023
vol1,S7012B.DRG,S7012 (B),s7012,M. Lachowski,clean,clean,,,152100,PG00565.DAT,9.62,1.056,0.0349
vol1,S7012B.DRG,S7012 (B),s7012,M. Lachowski,clean,clean,,,202200,AB00090.DAT,-5.9,-0.437,0.0233
vol1,S7012B.DRG,S7012 (B),s7012,M. Lachowski,clean,clean,,,202200,AB00090.DAT,-4.39,-0.302,0.016
vol1,S7012B.DRG,S7012 (B),s7012,M. Lachowski,clean,clean,,,202200,AB00090.DAT,-2.86,-0.154,0.0111
vol1,S7012B.DRG,S7012 (B),s7012,M. Lachowski,clean,clean,,,202200,AB00090.DAT,-1.38,0.007,0.0089
vol1,S7012B.DRG,S7012 (B),s7012,M. Lachowski,clean,clean,,,202200,AB00090.DAT,0.36,0.193,0.0075
vol1,S7012B.DRG,S7012 (B),s7012,M. Lachowski,clean,clean,,,202200,AB00090.DAT,1.78,0.347,0.0092
vol1,S7012B.DRG,S7012 (B),s7012,M. Lachowski,clean,clean,,,202200,AB00090.DAT,3.37,0.522,0.0105
vol1,S7012B.DRG,S7012 (B),s7012,M. Lachowski,clean,clean,,,202200,AB00090.DAT,4.78,0.671,0.0115
vol1,S7012B.DRG,S7012 (B),s7012,M. Lachowski,clean,clean,,,202200,AB00090.DAT,6.45,0.839,0.0135
vol1,S7012B.DRG,S7012 (B),s7012,M. Lachowski,clean,clean,,,202200,AB00090.DAT,7.95,0.958,0.0204
vol1,S7012B.DRG,S7012 (B),s7012,M. Lachowski,clean,clean,,,202200,AB00090.DAT,9.48,1.052,0.0313
vol1,S7012B.DRG,S7012 (B),s7012,M. Lachowski,clean,clean,,,202200,AB00090.DAT,10.99,1.097,0.0538
vol1,S7012B.DRG,S7012 (B),s7012,M. Lachowski,clean,clean,,,303000,AB00088.DAT,-5.83,-0.445,0.0202
vol1,S7012B.DRG,S7012 (B),s7012,M. Lachowski,clean,clean,,,303000,AB00088.DAT,-4.21,-0.291,0.0129
vol1,S7012B.DRG,S7012 (B),s7012,M. Lachowski,clean,clean,,,303000,AB00088.DAT,-2.75,-0.146,0.0099
vol1,S7012B.DRG,S7012 (B),s7012,M. Lachowski,clean,clean,,,303000,AB00088.DAT,-1.15,0.041,0.0076
vol1,S7012B.DRG,S7012 (B),s7012,M. Lachowski,clean,clean,,,303000,AB00088.DAT,0.15,0.163,0.0077
vol1,S7012B.DRG,S7012 (B),s7012,M. Lachowski,clean,clean,,,303000,AB00088.DAT,1.71,0.342,0.0075
vol1,S7012B.DRG,S7012 (B),s7012,M. Lachowski,clean,clean,,,303000,AB00088.DAT,3.33,0.526,0.0086
vol1,S7012B.DRG,S7012 (B),s7012,M. Lachowski,clean,clean,,,303000,AB00088.DAT,4.91,0.703,0.0097
vol1,S7012B.DRG,S7012 (B),s7012,M. Lachowski,clean,clean,,,303000,AB00088.DAT,6.51,0.862,0.0121
vol1,S7012B.DRG,S7012 (B),s7012,M. Lachowski,clean,clean,,,303000,AB00088.DAT,7.89,0.979,0.0181
vol1,S7012B.DRG,S7012 (B),s7012,M. Lachowski,clean,clean,,,303000,AB00088.DAT,9.6,1.086,0.0286
vol1,S7012B.DRG,S7012 (B),s7012,M. Lachowski,clean,clean,,,303000,AB00088.DAT,11.07,1.143,0.0549
vol1,S7055.DRG,S7055,s7055,G. Jones,clean,clean,,,60700,JG00152.DAT,-4.55,-0.207,0.0341
vol1,S7055.DRG,S7055,s7055,G. Jones,clean,clean,,,60700,JG00152.DAT,-2.72,0.008,0.0277
vol1,S7055.DRG,S7055,s7055,G. Jones,clean,clean,,,60700,JG00152.DAT,-0.93,0.18,0.0229
vol1,S7055.DRG,S7055,s7055,G. Jones,clean,clean,,,60700,JG00152.DAT,0.4,0.348,0.0271
vol1,S7055.DRG,S7055,s7055,G. Jones,clean,clean,,,60700,JG00152.DAT,2.33,0.563,0.0298
vol1,S7055.DRG,S7055,s7055,G. Jones,clean,clean,,,60700,JG00152.DAT,3.49,0.688,0.0329
vol1,S7055.DRG,S7055,s7055,G. Jones,clean,clean,,,60700,JG00152.DAT,5.29,0.875,0.0333
vol1,S7055.DRG,S7055,s7055,G. Jones,clean,clean,,,60700,JG00152.DAT,6.57,0.993,0.0311
vol1,S7055.DRG,S7055,s7055,G. Jones,clean,clean,,,60700,JG00152.DAT,8.32,1.137,0.0329
vol1,S7055.DRG,S7055,s7055,G. Jones,clean,clean,,,60700,JG00152.DAT,9.65,1.23,0.0296
vol1,S7055.DRG,S7055,s7055,G. Jones,clean,clean,,,60600,AB00547.DAT,11.91,1.237,0.0522
vol1,S7055.DRG,S7055,s7055,G. Jones,clean,clean,,,101400,AB00150.DAT,-4.43,-0.103,0.0262
vol1,S7055.DRG,S7055,s7055,G. Jones,clean,clean,,,101400,AB00150.DAT,-2.4,0.132,0.0198
vol1,S7055.DRG,S7055,s7055,G. Jones,clean,clean,,,101400,AB00150.DAT,-0.92,0.281,0.0189
vol1,S7055.DRG,S7055,s7055,G. Jones,clean,clean,,,101400,AB00150.DAT,0.45,0.423,0.0203
vol1,S7055.DRG,S7055,s7055,G. Jones,clean,clean,,,101400,AB00150.DAT,2.35,0.608,0.021
vol1,S7055.DRG,S7055,s7055,G. Jones,clean,clean,,,101400,AB00150.DAT,3.57,0.729,0.0206
vol1,S7055.DRG,S7055,s7055,G. Jones,clean,clean,,,101400,AB00150.DAT,5.41,0.914,0.0186
vol1,S7055.DRG,S7055,s7055,G. Jones,clean,clean,,,101400,AB00150.DAT,6.68,1.031,0.0202
vol1,S7055.DRG,S7055,s7055,G. Jones,clean,clean,,,101400,AB00150.DAT,7.98,1.145,0.0233
vol1,S7055.DRG,S7055,s7055,G. Jones,clean,clean,,,101400,AB00150.DAT,9.92,1.25,0.031
vol1,S7055.DRG,S7055,s7055,G. Jones,clean,clean,,,151900,AB00537.DAT,-4.63,-0.078,0.0214
vol1,S7055.DRG,S7055,s7055,G. Jones,clean,clean,,,151900,AB00537.DAT,-2.64,0.101,0.0161
vol1,S7055.DRG,S7055,s7055,G. Jones,clean,clean,,,151900,AB00537.DAT,-1.03,0.258,0.0137
vol1,S7055.DRG,S7055,s7055,G. Jones,clean,clean,,,151900,AB00537.DAT,0.44,0.396,0.0139
vol1,S7055.DRG,S7055,s7055,G. Jones,clean,clean,,,151900,AB00537.DAT,1.91,0.547,0.0147
vol1,S7055.DRG,S7055,s7055,G. Jones,clean,clean,,,151900,AB00537.DAT,3.48,0.71,0.0153
vol1,S7055.DRG,S7055,s7055,G. Jones,clean,clean,,,151900,AB00537.DAT,5.03,0.873,0.0161
vol1,S7055.DRG,S7055,s7055,G. Jones,clean,clean,,,151900,AB00537.DAT,6.53,1.02,0.0172
vol1,S7055.DRG,S7055,s7055,G. Jones,clean,clean,,,151900,AB00537.DAT,8.09,1.142,0.0196
vol1,S7055.DRG,S7055,s7055,G. Jones,clean,clean,,,151900,AB00537.DAT,9.75,1.228,0.0289
vol1,S7055.DRG,S7055,s7055,G. Jones,clean,clean,,,201900,AB00148.DAT,-2.08,0.161,0.0129
vol1,S7055.DRG,S7055,s7055,G. Jones,clean,clean,,,201900,AB00148.DAT,-0.82,0.275,0.011
vol1,S7055.DRG,S7055,s7055,G. Jones,clean,clean,,,201900,AB00148.DAT,0.49,0.414,0.0116
vol1,S7055.DRG,S7055,s7055,G. Jones,clean,clean,,,201900,AB00148.DAT,2.42,0.619,0.012
vol1,S7055.DRG,S7055,s7055,G. Jones,clean,clean,,,201900,AB00148.DAT,3.75,0.76,0.0126
vol1,S7055.DRG,S7055,s7055,G. Jones,clean,clean,,,201900,AB00148.DAT,5.23,0.912,0.0131
vol1,S7055.DRG,S7055,s7055,G. Jones,clean,clean,,,201900,AB00148.DAT,7.12,1.088,0.0159
vol1,S7055.DRG,S7055,s7055,G. Jones,clean,clean,,,201900,AB00148.DAT,8.32,1.177,0.0192
vol1,S7055.DRG,S7055,s7055,G. Jones,clean,clean,,,201900,AB00148.DAT,9.61,1.217,0.0273
vol1,S7055.DRG,S7055,s7055,G. Jones,clean,clean,,,203900,AB00535.DAT,-4.49,-0.078,0.0188
vol1,S7055.DRG,S7055,s7055,G. Jones,clean,clean,,,202800,AB00548.DAT,-2.92,0.071,0.0148
vol1,S7055.DRG,S7055,s7055,G. Jones,clean,clean,,,301600,AB00146.DAT,-1.06,0.239,0.0093
vol1,S7055.DRG,S7055,s7055,G. Jones,clean,clean,,,301600,AB00146.DAT,0.37,0.394,0.0089
vol1,S7055.DRG,S7055,s7055,G. Jones,clean,clean,,,301600,AB00146.DAT,2.11,0.582,0.0094
vol1,S7055.DRG,S7055,s7055,G. Jones,clean,clean,,,301600,AB00146.DAT,4.01,0.786,0.0103
vol1,S7055.DRG,S7055,s7055,G. Jones,clean,clean,,,301600,AB00146.DAT,5.21,0.906,0.0113
vol1,S7055.DRG,S7055,s7055,G. Jones,clean,clean,,,301600,AB00146.DAT,6.45,1.021,0.0127
vol1,S7055.DRG,S7055,s7055,G. Jones,clean,clean,,,301600,AB00146.DAT,8.13,1.152,0.017
vol1,S7055.DRG,S7055,s7055,G. Jones,clean,clean,,,301600,AB00146.DAT,10.12,1.2,0.0338
vol1,S7055.DRG,S7055,s7055,G. Jones,clean,clean,,,305200,AB00534.DAT,-4.49,-0.109,0.0165
vol1,S7055.DRG,S7055,s7055,G. Jones,clean,clean,,,304900,PG00577.DAT,-2.96,0.054,0.0129
vol1,SD6060.DRG,SD6060,sd6060,C. Fox,clean,clean,,,61000,JG00077.DAT,-6.14,-0.426,0.0296
vol1,SD6060.DRG,SD6060,sd6060,C. Fox,clean,clean,,,61000,JG00077.DAT,-5.15,-0.352,0.0229
vol1,SD6060.DRG,SD6060,sd6060,C. Fox,clean,clean,,,61000,JG00077.DAT,-4.24,-0.287,0.0208
vol1,SD6060.DRG,SD6060,sd6060,C. Fox,clean,clean,,,61000,JG00077.DAT,-3.21,-0.207,0.0148
vol1,SD6060.DRG,SD6060,sd6060,C. Fox,clean,clean,,,61000,JG00077.DAT,-2.15,-0.116,0.0127
vol1,SD6060.DRG,SD6060,sd6060,C. Fox,clean,clean,,,61000,JG00077.DAT,-1.17,-0.034,0.012
vol1,SD6060.DRG,SD6060,sd6060,C. Fox,clean,clean,,,61000,JG00077.DAT,-0.1,0.115,0.0185
vol1,SD6060.DRG,SD6060,sd6060,C. Fox,clean,clean,,,61000,JG00077.DAT,0.97,0.275,0.0212
vol1,SD6060.DRG,SD6060,sd6060,C. Fox,clean,clean,,,61000,JG00077.DAT,1.88,0.401,0.023
vol1,SD6060.DRG,SD6060,sd6060,C. Fox,clean,clean,,,61000,JG00077.DAT,3.11,0.54,0.0282
vol1,SD6060.DRG,SD6060,sd6060,C. Fox,clean,clean,,,61000,JG00077.DAT,4.06,0.635,0.0271
vol1,SD6060.DRG,SD6060,sd6060,C. Fox,clean,clean,,,61000,JG00077.DAT,4.96,0.709,0.0255
vol1,SD6060.DRG,SD6060,sd6060,C. Fox,clean,clean,,,61000,JG00077.DAT,6.02,0.805,0.0228
vol1,SD6060.DRG,SD6060,sd6060,C. Fox,clean,clean,,,61000,JG00077.DAT,7.07,0.904,0.0226
vol1,SD6060.DRG,SD6060,sd6060,C. Fox,clean,clean,,,61000,JG00077.DAT,8.04,0.971,0.0228
vol1,SD6060.DRG,SD6060,sd6060,C. Fox,clean,clean,,,61000,JG00077.DAT,9.11,1.031,0.0297
vol1,SD6060.DRG,SD6060,sd6060,C. Fox,clean,clean,,,61000,JG00077.DAT,10.08,1.083,0.0392
vol1,SD6060.DRG,SD6060,sd6060,C. Fox,clean,clean,,,101800,JG00075.DAT,-6.07,-0.437,0.026
vol1,SD6060.DRG,SD6060,sd6060,C. Fox,clean,clean,,,101800,JG00075.DAT,-5.3,-0.384,0.0213
vol1,SD6060.DRG,SD6060,sd6060,C. Fox,clean,clean,,,101800,JG00075.DAT,-4.18,-0.307,0.0174
vol1,SD6060.DRG,SD6060,sd6060,C. Fox,clean,clean,,,101800,JG00075.DAT,-3.24,-0.228,0.0158
vol1,SD6060.DRG,SD6060,sd6060,C. Fox,clean,clean,,,101800,JG00075.DAT,-2.32,-0.133,0.0152
vol1,SD6060.DRG,SD6060,sd6060,C. Fox,clean,clean,,,101800,JG00075.DAT,-1.2,0.042,0.0158
vol1,SD6060.DRG,SD6060,sd6060,C. Fox,clean,clean,,,101800,JG00075.DAT,-0.09,0.2,0.0165
vol1,SD6060.DRG,SD6060,sd6060,C. Fox,clean,clean,,,101800,JG00075.DAT,0.85,0.294,0.0181
vol1,SD6060.DRG,SD6060,sd6060,C. Fox,clean,clean,,,101800,JG00075.DAT,1.95,0.398,0.0195
vol1,SD6060.DRG,SD6060,sd6060,C. Fox,clean,clean,,,101800,JG00075.DAT,2.93,0.488,0.0201
vol1,SD6060.DRG,SD6060,sd6060,C. Fox,clean,clean,,,101800,JG00075.DAT,3.95,0.58,0.0185
vol1,SD6060.DRG,SD6060,sd6060,C. Fox,clean,clean,,,101800,JG00075.DAT,5.06,0.689,0.0168
vol1,SD6060.DRG,SD6060,sd6060,C. Fox,clean,clean,,,101800,JG00075.DAT,6.01,0.776,0.0175
vol1,SD6060.DRG,SD6060,sd6060,C. Fox,clean,clean,,,101800,JG00075.DAT,7.06,0.872,0.0182
vol1,SD6060.DRG,SD6060,sd6060,C. Fox,clean,clean,,,101800,JG00075.DAT,8.02,0.945,0.0215
vol1,SD6060.DRG,SD6060,sd6060,C. Fox,clean,clean,,,101800,JG00075.DAT,9.04,0.997,0.0298
vol1,SD6060.DRG,SD6060,sd6060,C. Fox,clean,clean,,,101800,JG00075.DAT,10.06,1.03,0.0368
vol1,SD6060.DRG,SD6060,sd6060,C. Fox,clean,clean,,,152300,PG00540.DAT,-6.03,-0.448,0.0237
vol1,SD6060.DRG,SD6060,sd6060,C. Fox,clean,clean,,,152300,PG00540.DAT,-5.04,-0.387,0.0193
vol1,SD6060.DRG,SD6060,sd6060,C. Fox,clean,clean,,,152300,PG00540.DAT,-4.08,-0.296,0.0179
vol1,SD6060.DRG,SD6060,sd6060,C. Fox,clean,clean,,,152300,PG00540.DAT,-2.8,-0.127,0.0131
vol1,SD6060.DRG,SD6060,sd6060,C. Fox,clean,clean,,,152300,PG00540.DAT,-1.78,-0.028,0.013
vol1,SD6060.DRG,SD6060,sd6060,C. Fox,clean,clean,,,152300,PG00540.DAT,-0.96,0.026,0.0135
vol1,SD6060.DRG,SD6060,sd6060,C. Fox,clean,clean,,,152300,PG00540.DAT,0.12,0.193,0.0128
vol1,SD6060.DRG,SD6060,sd6060,C. Fox,clean,clean,,,152300,PG00540.DAT,1.14,0.276,0.0123
vol1,SD6060.DRG,SD6060,sd6060,C. Fox,clean,clean,,,152300,PG00540.DAT,2.18,0.379,0.0128
vol1,SD6060.DRG,SD6060,sd6060,C. Fox,clean,clean,,,152300,PG00540.DAT,3.27,0.491,0.0134
vol1,SD6060.DRG,SD6060,sd6060,C. Fox,clean,clean,,,152300,PG00540.DAT,4.3,0.596,0.013
vol1,SD6060.DRG,SD6060,sd6060,C. Fox,clean,clean,,,152300,PG00540.DAT,5.22,0.69,0.0135
vol1,SD6060.DRG,SD6060,sd6060,C. Fox,clean,clean,,,152300,PG00540.DAT,6.27,0.789,0.0143
vol1,SD6060.DRG,SD6060,sd6060,C. Fox,clean,clean,,,152300,PG00540.DAT,7.45,0.891,0.0176
vol1,SD6060.DRG,SD6060,sd6060,C. Fox,clean,clean,,,152300,PG00540.DAT,8.23,0.944,0.0215
vol1,SD6060.DRG,SD6060,sd6060,C. Fox,clean,clean,,,152300,PG00540.DAT,9.3,0.993,0.0304
vol1,SD6060.DRG,SD6060,sd6060,C. Fox,clean,clean,,,152300,PG00540.DAT,10.72,1.033,0.0459
vol1,SD6060.DRG,SD6060,sd6060,C. Fox,clean,clean,,,202700,JG00073.DAT,-6.08,-0.424,0.0202
vol1,SD6060.DRG,SD6060,sd6060,C. Fox,clean,clean,,,202700,JG00073.DAT,-5.27,-0.361,0.0177
vol1,SD6060.DRG,SD6060,sd6060,C. Fox,clean,clean,,,202700,JG00073.DAT,-4.36,-0.247,0.0149
vol1,SD6060.DRG,SD6060,sd6060,C. Fox,clean,clean,,,202700,JG00073.DAT,-3.21,-0.123,0.0115
vol1,SD6060.DRG,SD6060,sd6060,C. Fox,clean,clean,,,202700,JG00073.DAT,-2.26,-0.053,0.0105
vol1,SD6060.DRG,SD6060,sd6060,C. Fox,clean,clean,,,202700,JG00073.DAT,-1.17,0.034,0.0094
vol1,SD6060.DRG,SD6060,sd6060,C. Fox,clean,clean,,,202700,JG00073.DAT,-0.22,0.118,0.0085
vol1,SD6060.DRG,SD6060,sd6060,C. Fox,clean,clean,,,202700,JG00073.DAT,0.96,0.264,0.0107
vol1,SD6060.DRG,SD6060,sd6060,C. Fox,clean,clean,,,202700,JG00073.DAT,2.03,0.375,0.0107
vol1,SD6060.DRG,SD6060,sd6060,C. Fox,clean,clean,,,202700,JG00073.DAT,2.84,0.458,0.0108
vol1,SD6060.DRG,SD6060,sd6060,C. Fox,clean,clean,,,202700,JG00073.DAT,3.9,0.571,0.0106
vol1,SD6060.DRG,SD6060,sd6060,C. Fox,clean,clean,,,202700,JG00073.DAT,5.1,0.7,0.0115
vol1,SD6060.DRG,SD6060,sd6060,C. Fox,clean,clean,,,202700,JG00073.DAT,6.01,0.787,0.0123
vol1,SD6060.DRG,SD6060,sd6060,C. Fox,clean,clean,,,202700,JG00073.DAT,7.06,0.881,0.0155
vol1,SD6060.DRG,SD6060,sd6060,C. Fox,clean,clean,,,202700,JG00073.DAT,8.03,0.951,0.0201
vol1,SD6060.DRG,SD6060,sd6060,C. Fox,clean,clean,,,202700,JG00073.DAT,9.04,1.001,0.0274
vol1,SD6060.DRG,SD6060,sd6060,C. Fox,clean,clean,,,202700,JG00073.DAT,10.1,1.035,0.0368
vol1,SD6060.DRG,SD6060,sd6060,C. Fox,clean,clean,,,303500,JG00071.DAT,-6.11,-0.421,0.0187
vol1,SD6060.DRG,SD6060,sd6060,C. Fox,clean,clean,,,303500,JG00071.DAT,-4.61,-0.27,0.0135
vol1,SD6060.DRG,SD6060,sd6060,C. Fox,clean,clean,,,303500,JG00071.DAT,-3.96,-0.213,0.0123
vol1,SD6060.DRG,SD6060,sd6060,C. Fox,clean,clean,,,303500,JG00071.DAT,-2.88,-0.121,0.0102
vol1,SD6060.DRG,SD6060,sd6060,C. Fox,clean,clean,,,303500,JG00071.DAT,-1.9,-0.038,0.0091
vol1,SD6060.DRG,SD6060,sd6060,C. Fox,clean,clean,,,303500,JG00071.DAT,-0.89,0.049,0.0087
vol1,SD6060.DRG,SD6060,sd6060,C. Fox,clean,clean,,,303500,JG00071.DAT,0.07,0.132,0.008
vol1,SD6060.DRG,SD6060,sd6060,C. Fox,clean,clean,,,303500,JG00071.DAT,1.24,0.289,0.0084
vol1,SD6060.DRG,SD6060,sd6060,C. Fox,clean,clean,,,303500,JG00071.DAT,2.25,0.397,0.0084
vol1,SD6060.DRG,SD6060,sd6060,C. Fox,clean,clean,,,303500,JG00071.DAT,3.19,0.498,0.0087
vol1,SD6060.DRG,SD6060,sd6060,C. Fox,clean,clean,,,303500,JG00071.DAT,4.19,0.604,0.0091
vol1,SD6060.DRG,SD6060,sd6060,C. Fox,clean,clean,,,303500,JG00071.DAT,5.21,0.71,0.0097
vol1,SD6060.DRG,SD6060,sd6060,C. Fox,clean,clean,,,303500,JG00071.DAT,6.22,0.806,0.0121
vol1,SD6060.DRG,SD6060,sd6060,C. Fox,clean,clean,,,303500,JG00071.DAT,7.32,0.899,0.016
vol1,SD6060.DRG,SD6060,sd6060,C. Fox,clean,clean,,,303500,JG00071.DAT,8.37,0.967,0.021
vol1,SD6060.DRG,SD6060,sd6060,C. Fox,clean,clean,,,303500,JG00071.DAT,9.28,1.01,0.0268
vol1,SD6060.DRG,SD6060,sd6060,C. Fox,clean,clean,,,303500,JG00071.DAT,10.29,1.036,0.0363
vol1,SD7003.DRG,SD7003,sd7003,M. Allen,clean,clean,,,61100,JG00169.DAT,-4.84,-0.296,0.025
vol1,SD7003.DRG,SD7003,sd7003,M. Allen,clean,clean,,,61100,JG00169.DAT,-2.92,-0.147,0.0152
vol1,SD7003.DRG,SD7003,sd7003,M. Allen,clean,clean,,,61100,JG00169.DAT,-1.61,-0.04,0.0125
vol1,SD7003.DRG,SD7003,sd7003,M. Allen,clean,clean,,,61100,JG00169.DAT,-0.09,0.108,0.0131
vol1,SD7003.DRG,SD7003,sd7003,M. Allen,clean,clean,,,61100,JG00169.DAT,1.66,0.368,0.013
vol1,SD7003.DRG,SD7003,sd7003,M. Allen,clean,clean,,,61100,JG00169.DAT,3.03,0.511,0.0132
vol1,SD7003.DRG,SD7003,sd7003,M. Allen,clean,clean,,,61100,JG00169.DAT,4.6,0.652,0.0168
vol1,SD7003.DRG,SD7003,sd7003,M. Allen,clean,clean,,,61100,JG00169.DAT,6.09,0.786,0.0192
vol1,SD7003.DRG,SD7003,sd7003,M. Allen,clean,clean,,,61100,JG00169.DAT,7.72,0.92,0.0264
vol1,SD7003.DRG,SD7003,sd7003,M. Allen,clean,clean,,,61100,JG00169.DAT,9.2,1.028,0.0307
vol1,SD7003.DRG,SD7003,sd7003,M. Allen,clean,clean,,,101600,JG00171.DAT,-4.76,-0.333,0.018
vol1,SD7003.DRG,SD7003,sd7003,M. Allen,clean,clean,,,101600,JG00171.DAT,-3.21,-0.187,0.0143
vol1,SD7003.DRG,SD7003,sd7003,M. Allen,clean,clean,,,101600,JG00171.DAT,-1.54,-0.051,0.0099
vol1,SD7003.DRG,SD7003,sd7003,M. Allen,clean,clean,,,101600,JG00171.DAT,0.01,0.104,0.0088
vol1,SD7003.DRG,SD7003,sd7003,M. Allen,clean,clean,,,101600,JG00171.DAT,1.33,0.322,0.0113
vol1,SD7003.DRG,SD7003,sd7003,M. Allen,clean,clean,,,101600,JG00171.DAT,3.12,0.49,0.0136
vol1,SD7003.DRG,SD7003,sd7003,M. Allen,clean,clean,,,101600,JG00171.DAT,4.42,0.617,0.0148
vol1,SD7003.DRG,SD7003,sd7003,M. Allen,clean,clean,,,101600,JG00171.DAT,6.18,0.789,0.0182
vol1,SD7003.DRG,SD7003,sd7003,M. Allen,clean,clean,,,101600,JG00171.DAT,7.57,0.913,0.0233
vol1,SD7003.DRG,SD7003,sd7003,M. Allen,clean,clean,,,101600,JG00171.DAT,9.25,1.031,0.0353
vol1,SD7003.DRG,SD7003,sd7003,M. Allen,clean,clean,,,101600,JG00171.DAT,10.57,1.091,0.0551
vol1,SD7003.DRG,SD7003,sd7003,M. Allen,clean,clean,,,202200,JG00173.DAT,-4.65,-0.317,0.0139
vol1,SD7003.DRG,SD7003,sd7003,M. Allen,clean,clean,,,202200,JG00173.DAT,-2.85,-0.141,0.0107
vol1,SD7003.DRG,SD7003,sd7003,M. Allen,clean,clean,,,202200,JG00173.DAT,-1.67,-0.032,0.0091
vol1,SD7003.DRG,SD7003,sd7003,M. Allen,clean,clean,,,202200,JG00173.DAT,0.02,0.159,0.0073
vol1,SD7003.DRG,SD7003,sd7003,M. Allen,clean,clean,,,202200,JG00173.DAT,1.53,0.317,0.0086
vol1,SD7003.DRG,SD7003,sd7003,M. Allen,clean,clean,,,202200,JG00173.DAT,3.06,0.476,0.0101
vol1,SD7003.DRG,SD7003,sd7003,M. Allen,clean,clean,,,202200,JG00173.DAT,4.67,0.644,0.0122
vol1,SD7003.DRG,SD7003,sd7003,M. Allen,clean,clean,,,202200,JG00173.DAT,5.98,0.775,0.0145
vol1,SD7003.DRG,SD7003,sd7003,M. Allen,clean,clean,,,202200,JG00173.DAT,7.51,0.916,0.0187
vol1,SD7003.DRG,SD7003,sd7003,M. Allen,clean,clean,,,202200,JG00173.DAT,9.06,1.036,0.0262
vol1,SD7003.DRG,SD7003,sd7003,M. Allen,clean,clean,,,202200,JG00173.DAT,10.52,1.122,0.0373
vol1,SD7003.DRG,SD7003,sd7003,M. Allen,clean,clean,,,302800,MS00175.DAT,-4.27,-0.282,0.0115
vol1,SD7003.DRG,SD7003,sd7003,M. Allen,clean,clean,,,302800,MS00175.DAT,-2.96,-0.15,0.0099
vol1,SD7003.DRG,SD7003,sd7003,M. Allen,clean,clean,,,302800,MS00175.DAT,-1.67,-0.021,0.0078
vol1,SD7003.DRG,SD7003,sd7003,M. Allen,clean,clean,,,302800,MS00175.DAT,0.24,0.171,0.007
vol1,SD7003.DRG,SD7003,sd7003,M. Allen,clean,clean,,,302800,MS00175.DAT,1.72,0.332,0.0077
vol1,SD7003.DRG,SD7003,sd7003,M. Allen,clean,clean,,,302800,MS00175.DAT,3.24,0.5,0.0093
vol1,SD7003.DRG,SD7003,sd7003,M. Allen,clean,clean,,,302800,MS00175.DAT,4.71,0.657,0.0109
vol1,SD7003.DRG,SD7003,sd7003,M. Allen,clean,clean,,,302800,MS00175.DAT,6.08,0.791,0.0127
vol1,SD7003.DRG,SD7003,sd7003,M. Allen,clean,clean,,,302800,MS00175.DAT,7.79,0.949,0.0176
vol1,SD7003.DRG,SD7003,sd7003,M. Allen,clean,clean,,,302800,MS00175.DAT,9.09,1.053,0.0227
vol1,SD7003.DRG,SD7003,sd7003,M. Allen,clean,clean,,,302800,MS00175.DAT,10.61,1.142,0.0328
vol1,SD7003.DRG,SD7003,sd7003,M. Allen,clean,clean,,,305500,AB00533.DAT,-6.29,-0.49,0.017
vol1,SD7032D.DRG,SD7032 (D),sd7032,S. Watson,clean,clean,,,60300,JG00235.DAT,-3.83,-0.102,0.0297
vol1,SD7032D.DRG,SD7032 (D),sd7032,S. Watson,clean,clean,,,60300,JG00235.DAT,-2.19,0.07,0.0179
vol1,SD7032D.DRG,SD7032 (D),sd7032,S. Watson,clean,clean,,,60300,JG00235.DAT,-0.68,0.251,0.0178
vol1,SD7032D.DRG,SD7032 (D),sd7032,S. Watson,clean,clean,,,60300,JG00235.DAT,0.83,0.44,0.0265
vol1,SD7032D.DRG,SD7032 (D),sd7032,S. Watson,clean,clean,,,60300,JG00235.DAT,2.88,0.698,0.0295
vol1,SD7032D.DRG,SD7032 (D),sd7032,S. Watson,clean,clean,,,60300,JG00235.DAT,4.05,0.817,0.0291
vol1,SD7032D.DRG,SD7032 (D),sd7032,S. Watson,clean,clean,,,60300,JG00235.DAT,5.6,0.961,0.0297
vol1,SD7032D.DRG,SD7032 (D),sd7032,S. Watson,clean,clean,,,60300,JG00235.DAT,7.1,1.081,0.0331
vol1,SD7032D.DRG,SD7032 (D),sd7032,S. Watson,clean,clean,,,60300,JG00235.DAT,8.61,1.2,0.0286
vol1,SD7032D.DRG,SD7032 (D),sd7032,S. Watson,clean,clean,,,60300,JG00235.DAT,10.26,1.291,0.0404
vol1,SD7032D.DRG,SD7032 (D),sd7032,S. Watson,clean,clean,,,60300,JG00235.DAT,11.54,1.355,0.0443
vol1,SD7032D.DRG,SD7032 (D),sd7032,S. Watson,clean,clean,,,100700,JG00237.DAT,-3.62,-0.046,0.0231
vol1,SD7032D.DRG,SD7032 (D),sd7032,S. Watson,clean,clean,,,100700,JG00237.DAT,-1.9,0.213,0.0168
vol1,SD7032D.DRG,SD7032 (D),sd7032,S. Watson,clean,clean,,,100700,JG00237.DAT,-0.48,0.378,0.0165
vol1,SD7032D.DRG,SD7032 (D),sd7032,S. Watson,clean,clean,,,100700,JG00237.DAT,1.1,0.55,0.0177
vol1,SD7032D.DRG,SD7032 (D),sd7032,S. Watson,clean,clean,,,100700,JG00237.DAT,2.48,0.684,0.017
vol1,SD7032D.DRG,SD7032 (D),sd7032,S. Watson,clean,clean,,,100700,JG00237.DAT,4.04,0.838,0.0172
vol1,SD7032D.DRG,SD7032 (D),sd7032,S. Watson,clean,clean,,,100700,JG00237.DAT,5.53,0.981,0.0193
vol1,SD7032D.DRG,SD7032 (D),sd7032,S. Watson,clean,clean,,,100700,JG00237.DAT,7.05,1.123,0.0219
vol1,SD7032D.DRG,SD7032 (D),sd7032,S. Watson,clean,clean,,,100700,JG00237.DAT,8.63,1.26,0.025
vol1,SD7032D.DRG,SD7032 (D),sd7032,S. Watson,clean,clean,,,100700,JG00237.DAT,10.29,1.355,0.0301
vol1,SD7032D.DRG,SD7032 (D),sd7032,S. Watson,clean,clean,,,100700,JG00237.DAT,11.69,1.381,0.043
vol1,SD7032D.DRG,SD7032 (D),sd7032,S. Watson,clean,clean,,,100700,JG00237.DAT,13.19,1.38,0.0499
vol1,SD7032D.DRG,SD7032 (D),sd7032,S. Watson,clean,clean,,,151200,PG00543.DAT,-3.64,0.013,0.0182
vol1,SD7032D.DRG,SD7032 (D),sd7032,S. Watson,clean,clean,,,151200,PG00543.DAT,-1.76,0.231,0.0128
vol1,SD7032D.DRG,SD7032 (D),sd7032,S. Watson,clean,clean,,,151200,PG00543.DAT,-0.11,0.381,0.0118
vol1,SD7032D.DRG,SD7032 (D),sd7032,S. Watson,clean,clean,,,151200,PG00543.DAT,1.02,0.499,0.0127
vol1,SD7032D.DRG,SD7032 (D),sd7032,S. Watson,clean,clean,,,151200,PG00543.DAT,2.63,0.669,0.0133
vol1,SD7032D.DRG,SD7032 (D),sd7032,S. Watson,clean,clean,,,151200,PG00543.DAT,4.24,0.842,0.0138
vol1,SD7032D.DRG,SD7032 (D),sd7032,S. Watson,clean,clean,,,151200,PG00543.DAT,5.62,0.979,0.0155
vol1,SD7032D.DRG,SD7032 (D),sd7032,S. Watson,clean,clean,,,151200,PG00543.DAT,7.28,1.13,0.0187
vol1,SD7032D.DRG,SD7032 (D),sd7032,S. Watson,clean,clean,,,151200,PG00543.DAT,8.7,1.251,0.0225
vol1,SD7032D.DRG,SD7032 (D),sd7032,S. Watson,clean,clean,,,151200,PG00543.DAT,10.21,1.339,0.0281
vol1,SD7032D.DRG,SD7032 (D),sd7032,S. Watson,clean,clean,,,151200,PG00543.DAT,11.58,1.364,0.0379
vol1,SD7032D.DRG,SD7032 (D),sd7032,S. Watson,clean,clean,,,201700,JG00239.DAT,-4.07,0.017,0.016
vol1,SD7032D.DRG,SD7032 (D),sd7032,S. Watson,clean,clean,,,201700,JG00239.DAT,-1.98,0.229,0.0117
vol1,SD7032D.DRG,SD7032 (D),sd7032,S. Watson,clean,clean,,,201700,JG00239.DAT,-0.4,0.376,0.01
vol1,SD7032D.DRG,SD7032 (D),sd7032,S. Watson,clean,clean,,,201700,JG00239.DAT,0.95,0.521,0.0106
vol1,SD7032D.DRG,SD7032 (D),sd7032,S. Watson,clean,clean,,,201700,JG00239.DAT,2.61,0.703,0.0109
vol1,SD7032D.DRG,SD7032 (D),sd7032,S. Watson,clean,clean,,,201700,JG00239.DAT,4.1,0.856,0.0123
vol1,SD7032D.DRG,SD7032 (D),sd7032,S. Watson,clean,clean,,,201700,JG00239.DAT,5.7,1.017,0.014
vol1,SD7032D.DRG,SD7032 (D),sd7032,S. Watson,clean,clean,,,201700,JG00239.DAT,7.1,1.143,0.0168
vol1,SD7032D.DRG,SD7032 (D),sd7032,S. Watson,clean,clean,,,201700,JG00239.DAT,8.64,1.27,0.0203
vol1,SD7032D.DRG,SD7032 (D),sd7032,S. Watson,clean,clean,,,201700,JG00239.DAT,10.23,1.352,0.0267
vol1,SD7032D.DRG,SD7032 (D),sd7032,S. Watson,clean,clean,,,201700,JG00239.DAT,11.72,1.388,0.0371
vol1,SD7032D.DRG,SD7032 (D),sd7032,S. Watson,clean,clean,,,301200,JG00241.DAT,-3.87,0.032,0.0136
vol1,SD7032D.DRG,SD7032 (D),sd7032,S. Watson,clean,clean,,,301200,JG00241.DAT,-2.48,0.163,0.011
vol1,SD7032D.DRG,SD7032 (D),sd7032,S. Watson,clean,clean,,,301200,JG00241.DAT,-0.85,0.337,0.0089
vol1,SD7032D.DRG,SD7032 (D),sd7032,S. Watson,clean,clean,,,301200,JG00241.DAT,0.72,0.494,0.008
vol1,SD7032D.DRG,SD7032 (D),sd7032,S. Watson,clean,clean,,,301200,JG00241.DAT,2.39,0.675,0.0089
vol1,SD7032D.DRG,SD7032 (D),sd7032,S. Watson,clean,clean,,,301200,JG00241.DAT,3.63,0.799,0.0099
vol1,SD7032D.DRG,SD7032 (D),sd7032,S. Watson,clean,clean,,,301200,JG00241.DAT,5.57,0.996,0.012
vol1,SD7032D.DRG,SD7032 (D),sd7032,S. Watson,clean,clean,,,301200,JG00241.DAT,7.23,1.148,0.0145
vol1,SD7032D.DRG,SD7032 (D),sd7032,S. Watson,clean,clean,,,301200,JG00241.DAT,9.11,1.288,0.0193
vol1,SD7032D.DRG,SD7032 (D),sd7032,S. Watson,clean,clean,,,301200,JG00241.DAT,10.52,1.357,0.0254
vol1,SD7032D.DRG,SD7032 (D),sd7032,S. Watson,clean,clean,,,301200,JG00241.DAT,11.95,1.389,0.0341
vol1,SD7032E.DRG,SD7032 (E),sd7032,H. Michaelis,clean,clean,,,201400,MS00356.DAT,-4.38,-0.026,0.019
vol1,SD7032E.DRG,SD7032 (E),sd7032,H. Michaelis,clean,clean,,,201400,MS00356.DAT,-2.47,0.152,0.014
vol1,SD7032E.DRG,SD7032 (E),sd7032,H. Michaelis,clean,clean,,,201400,MS00356.DAT,-0.93,0.303,0.0117
vol1,SD7032E.DRG,SD7032 (E),sd7032,H. Michaelis,clean,clean,,,201400,MS00356.DAT,0.74,0.468,0.0107
vol1,SD7032E.DRG,SD7032 (E),sd7032,H. Michaelis,clean,clean,,,201400,MS00356.DAT,2.0,0.603,0.0109
vol1,SD7032E.DRG,SD7032 (E),sd7032,H. Michaelis,clean,clean,,,201400,MS00356.DAT,3.42,0.746,0.0115
vol1,SD7032E.DRG,SD7032 (E),sd7032,H. Michaelis,clean,clean,,,201400,MS00356.DAT,5.33,0.931,0.0136
vol1,SD7032E.DRG,SD7032 (E),sd7032,H. Michaelis,clean,clean,,,201400,MS00356.DAT,6.85,1.065,0.0158
vol1,SD7032E.DRG,SD7032 (E),sd7032,H. Michaelis,clean,clean,,,201400,MS00356.DAT,8.09,1.167,0.0175
vol1,SD7032E.DRG,SD7032 (E),sd7032,H. Michaelis,clean,clean,,,201400,MS00356.DAT,9.86,1.276,0.024
vol1,SD7032E.DRG,SD7032 (E),sd7032,H. Michaelis,clean,clean,,,201400,MS00356.DAT,11.1,1.324,0.0311
vol1,SD7032E.DRG,SD7032 (E),sd7032,H. Michaelis,clean,clean,,,201400,MS00356.DAT,12.5,1.335,0.0553
vol1,SD7037A.DRG,SD7037 (A),sd7037,H. Michaelis,clean,clean,,,60900,JG00104.DAT,-4.19,-0.228,0.0365
vol1,SD7037A.DRG,SD7037 (A),sd7037,H. Michaelis,clean,clean,,,60900,JG00104.DAT,-3.12,-0.154,0.0259
vol1,SD7037A.DRG,SD7037 (A),sd7037,H. Michaelis,clean,clean,,,60900,JG00104.DAT,-1.8,-0.043,0.0201
vol1,SD7037A.DRG,SD7037 (A),sd7037,H. Michaelis,clean,clean,,,60900,JG00104.DAT,-0.02,0.127,0.0163
vol1,SD7037A.DRG,SD7037 (A),sd7037,H. Michaelis,clean,clean,,,60900,JG00104.DAT,1.39,0.322,0.0202
vol1,SD7037A.DRG,SD7037 (A),sd7037,H. Michaelis,clean,clean,,,60900,JG00104.DAT,3.11,0.6,0.0222
vol1,SD7037A.DRG,SD7037 (A),sd7037,H. Michaelis,clean,clean,,,60900,JG00104.DAT,4.53,0.74,0.02
vol1,SD7037A.DRG,SD7037 (A),sd7037,H. Michaelis,clean,clean,,,60900,JG00104.DAT,6.03,0.877,0.0187
vol1,SD7037A.DRG,SD7037 (A),sd7037,H. Michaelis,clean,clean,,,60900,JG00104.DAT,7.71,1.013,0.0215
vol1,SD7037A.DRG,SD7037 (A),sd7037,H. Michaelis,clean,clean,,,60900,JG00104.DAT,9.07,1.087,0.0255
vol1,SD7037A.DRG,SD7037 (A),sd7037,H. Michaelis,clean,clean,,,60900,JG00104.DAT,10.56,1.16,0.0357
vol1,SD7037A.DRG,SD7037 (A),sd7037,H. Michaelis,clean,clean,,,101100,JG00223.DAT,-4.49,-0.287,0.0327
vol1,SD7037A.DRG,SD7037 (A),sd7037,H. Michaelis,clean,clean,,,101100,JG00223.DAT,-2.79,-0.118,0.0213
vol1,SD7037A.DRG,SD7037 (A),sd7037,H. Michaelis,clean,clean,,,101100,JG00223.DAT,-1.59,0.037,0.0154
vol1,SD7037A.DRG,SD7037 (A),sd7037,H. Michaelis,clean,clean,,,101100,JG00223.DAT,0.17,0.266,0.0146
vol1,SD7037A.DRG,SD7037 (A),sd7037,H. Michaelis,clean,clean,,,101100,JG00223.DAT,1.8,0.479,0.0153
vol1,SD7037A.DRG,SD7037 (A),sd7037,H. Michaelis,clean,clean,,,101100,JG00223.DAT,3.27,0.623,0.0159
vol1,SD7037A.DRG,SD7037 (A),sd7037,H. Michaelis,clean,clean,,,101100,JG00223.DAT,4.8,0.762,0.0145
vol1,SD7037A.DRG,SD7037 (A),sd7037,H. Michaelis,clean,clean,,,101100,JG00223.DAT,6.32,0.898,0.0166
vol1,SD7037A.DRG,SD7037 (A),sd7037,H. Michaelis,clean,clean,,,101100,JG00223.DAT,7.84,1.024,0.0205
vol1,SD7037A.DRG,SD7037 (A),sd7037,H. Michaelis,clean,clean,,,101100,JG00223.DAT,9.37,1.1,0.0299
vol1,SD7037A.DRG,SD7037 (A),sd7037,H. Michaelis,clean,clean,,,101100,JG00223.DAT,10.74,1.167,0.0398
vol1,SD7037A.DRG,SD7037 (A),sd7037,H. Michaelis,clean,clean,,,202100,AB00225.DAT,-4.28,-0.168,0.0216
vol1,SD7037A.DRG,SD7037 (A),sd7037,H. Michaelis,clean,clean,,,202100,AB00225.DAT,-2.87,-0.01,0.0149
vol1,SD7037A.DRG,SD7037 (A),sd7037,H. Michaelis,clean,clean,,,202100,AB00225.DAT,-1.16,0.163,0.0096
vol1,SD7037A.DRG,SD7037 (A),sd7037,H. Michaelis,clean,clean,,,202100,AB00225.DAT,0.18,0.301,0.0083
vol1,SD7037A.DRG,SD7037 (A),sd7037,H. Michaelis,clean,clean,,,202100,AB00225.DAT,1.64,0.458,0.0093
vol1,SD7037A.DRG,SD7037 (A),sd7037,H. Michaelis,clean,clean,,,202100,AB00225.DAT,3.26,0.624,0.01
vol1,SD7037A.DRG,SD7037 (A),sd7037,H. Michaelis,clean,clean,,,202100,AB00225.DAT,4.85,0.772,0.0114
vol1,SD7037A.DRG,SD7037 (A),sd7037,H. Michaelis,clean,clean,,,202100,AB00225.DAT,6.48,0.92,0.0144
vol1,SD7037A.DRG,SD7037 (A),sd7037,H. Michaelis,clean,clean,,,202100,AB00225.DAT,7.91,1.021,0.0195
vol1,SD7037A.DRG,SD7037 (A),sd7037,H. Michaelis,clean,clean,,,202100,AB00225.DAT,9.39,1.111,0.0263
vol1,SD7037A.DRG,SD7037 (A),sd7037,H. Michaelis,clean,clean,,,202100,AB00225.DAT,10.83,1.181,0.0356
vol1,SD7037A.DRG,SD7037 (A),sd7037,H. Michaelis,clean,clean,,,302100,AB00227.DAT,-4.69,-0.181,0.0213
vol1,SD7037A.DRG,SD7037 (A),sd7037,H. Michaelis,clean,clean,,,302100,AB00227.DAT,-2.88,-0.002,0.0133
vol1,SD7037A.DRG,SD7037 (A),sd7037,H. Michaelis,clean,clean,,,302100,AB00227.DAT,-1.39,0.138,0.0098
vol1,SD7037A.DRG,SD7037 (A),sd7037,H. Michaelis,clean,clean,,,302100,AB00227.DAT,-0.01,0.282,0.0074
vol1,SD7037A.DRG,SD7037 (A),sd7037,H. Michaelis,clean,clean,,,302100,AB00227.DAT,1.72,0.466,0.0074
vol1,SD7037A.DRG,SD7037 (A),sd7037,H. Michaelis,clean,clean,,,302100,AB00227.DAT,3.01,0.595,0.008
vol1,SD7037A.DRG,SD7037 (A),sd7037,H. Michaelis,clean,clean,,,302100,AB00227.DAT,5.13,0.802,0.0106
vol1,SD7037A.DRG,SD7037 (A),sd7037,H. Michaelis,clean,clean,,,302100,AB00227.DAT,6.49,0.921,0.0131
vol1,SD7037A.DRG,SD7037 (A),sd7037,H. Michaelis,clean,clean,,,302100,AB00227.DAT,8.01,1.026,0.018
vol1,SD7037A.DRG,SD7037 (A),sd7037,H. Michaelis,clean,clean,,,302100,AB00227.DAT,9.45,1.12,0.0235
vol1,SD7037A.DRG,SD7037 (A),sd7037,H. Michaelis,clean,clean,,,302100,AB00227.DAT,10.89,1.186,0.0321
vol1,SD7037B.DRG,SD7037 (B),sd7037,D. Thompson,clean,clean,,,60500,JG00102.DAT,-4.35,-0.176,0.03
vol1,SD7037B.DRG,SD7037 (B),sd7037,D. Thompson,clean,clean,,,60500,JG00102.DAT,-2.87,-0.083,0.023
vol1,SD7037B.DRG,SD7037 (B),sd7037,D. Thompson,clean,clean,,,60500,JG00102.DAT,-1.24,0.053,0.0145
vol1,SD7037B.DRG,SD7037 (B),sd7037,D. Thompson,clean,clean,,,60500,JG00102.DAT,0.28,0.226,0.0174
vol1,SD7037B.DRG,SD7037 (B),sd7037,D. Thompson,clean,clean,,,60500,JG00102.DAT,1.86,0.486,0.0216
vol1,SD7037B.DRG,SD7037 (B),sd7037,D. Thompson,clean,clean,,,60500,JG00102.DAT,3.42,0.659,0.0258
vol1,SD7037B.DRG,SD7037 (B),sd7037,D. Thompson,clean,clean,,,60500,JG00102.DAT,5.02,0.8,0.0257
vol1,SD7037B.DRG,SD7037 (B),sd7037,D. Thompson,clean,clean,,,60500,JG00102.DAT,6.34,0.921,0.0252
vol1,SD7037B.DRG,SD7037 (B),sd7037,D. Thompson,clean,clean,,,60500,JG00102.DAT,8.24,1.051,0.0289
vol1,SD7037B.DRG,SD7037 (B),sd7037,D. Thompson,clean,clean,,,60500,JG00102.DAT,9.39,1.137,0.0335
vol1,SD7037B.DRG,SD7037 (B),sd7037,D. Thompson,clean,clean,,,60500,JG00102.DAT,11.13,1.221,0.0414
vol1,SD7037B.DRG,SD7037 (B),sd7037,D. Thompson,clean,clean,,,101400,AB00100.DAT,-4.17,-0.223,0.0268
vol1,SD7037B.DRG,SD7037 (B),sd7037,D. Thompson,clean,clean,,,101400,AB00100.DAT,-2.88,-0.116,0.0189
vol1,SD7037B.DRG,SD7037 (B),sd7037,D. Thompson,clean,clean,,,101400,AB00100.DAT,-1.35,0.051,0.0153
vol1,SD7037B.DRG,SD7037 (B),sd7037,D. Thompson,clean,clean,,,101400,AB00100.DAT,0.31,0.306,0.0155
vol1,SD7037B.DRG,SD7037 (B),sd7037,D. Thompson,clean,clean,,,101400,AB00100.DAT,1.77,0.494,0.0166
vol1,SD7037B.DRG,SD7037 (B),sd7037,D. Thompson,clean,clean,,,101400,AB00100.DAT,3.27,0.638,0.0165
vol1,SD7037B.DRG,SD7037 (B),sd7037,D. Thompson,clean,clean,,,101400,AB00100.DAT,5.03,0.801,0.0174
vol1,SD7037B.DRG,SD7037 (B),sd7037,D. Thompson,clean,clean,,,101400,AB00100.DAT,6.31,0.921,0.0192
vol1,SD7037B.DRG,SD7037 (B),sd7037,D. Thompson,clean,clean,,,101400,AB00100.DAT,8.1,1.077,0.0255
vol1,SD7037B.DRG,SD7037 (B),sd7037,D. Thompson,clean,clean,,,101400,AB00100.DAT,9.39,1.164,0.0295
vol1,SD7037B.DRG,SD7037 (B),sd7037,D. Thompson,clean,clean,,,101400,AB00100.DAT,11.07,1.245,0.0355
vol1,SD7037B.DRG,SD7037 (B),sd7037,D. Thompson,clean,clean,,,151400,PG00582.DAT,-5.03,-0.295,0.0324
vol1,SD7037B.DRG,SD7037 (B),sd7037,D. Thompson,clean,clean,,,151400,PG00582.DAT,-2.53,-0.032,0.0145
vol1,SD7037B.DRG,SD7037 (B),sd7037,D. Thompson,clean,clean,,,151400,PG00582.DAT,-0.94,0.186,0.0121
vol1,SD7037B.DRG,SD7037 (B),sd7037,D. Thompson,clean,clean,,,151400,PG00582.DAT,0.58,0.352,0.0112
vol1,SD7037B.DRG,SD7037 (B),sd7037,D. Thompson,clean,clean,,,151400,PG00582.DAT,2.09,0.507,0.0105
vol1,SD7037B.DRG,SD7037 (B),sd7037,D. Thompson,clean,clean,,,151400,PG00582.DAT,3.77,0.686,0.0127
vol1,SD7037B.DRG,SD7037 (B),sd7037,D. Thompson,clean,clean,,,151400,PG00582.DAT,5.23,0.829,0.0142
vol1,SD7037B.DRG,SD7037 (B),sd7037,D. Thompson,clean,clean,,,151400,PG00582.DAT,6.82,0.975,0.0167
vol1,SD7037B.DRG,SD7037 (B),sd7037,D. Thompson,clean,clean,,,151400,PG00582.DAT,8.71,1.131,0.0226
vol1,SD7037B.DRG,SD7037 (B),sd7037,D. Thompson,clean,clean,,,151400,PG00582.DAT,9.84,1.205,0.0278
vol1,SD7037B.DRG,SD7037 (B),sd7037,D. Thompson,clean,clean,,,151400,PG00582.DAT,11.3,1.268,0.0341
vol1,SD7037B.DRG,SD7037 (B),sd7037,D. Thompson,clean,clean,,,201900,AB00098.DAT,-4.25,-0.206,0.0224
vol1,SD7037B.DRG,SD7037 (B),sd7037,D. Thompson,clean,clean,,,201900,AB00098.DAT,-2.77,0.005,0.0135
vol1,SD7037B.DRG,SD7037 (B),sd7037,D. Thompson,clean,clean,,,201900,AB00098.DAT,-0.99,0.209,0.01
vol1,SD7037B.DRG,SD7037 (B),sd7037,D. Thompson,clean,clean,,,201900,AB00098.DAT,0.2,0.327,0.0097
vol1,SD7037B.DRG,SD7037 (B),sd7037,D. Thompson,clean,clean,,,201900,AB00098.DAT,1.76,0.493,0.0099
vol1,SD7037B.DRG,SD7037 (B),sd7037,D. Thompson,clean,clean,,,201900,AB00098.DAT,3.47,0.678,0.0109
vol1,SD7037B.DRG,SD7037 (B),sd7037,D. Thompson,clean,clean,,,201900,AB00098.DAT,4.96,0.831,0.0126
vol1,SD7037B.DRG,SD7037 (B),sd7037,D. Thompson,clean,clean,,,201900,AB00098.DAT,6.53,0.98,0.0147
vol1,SD7037B.DRG,SD7037 (B),sd7037,D. Thompson,clean,clean,,,201900,AB00098.DAT,7.94,1.099,0.0183
vol1,SD7037B.DRG,SD7037 (B),sd7037,D. Thompson,clean,clean,,,201900,AB00098.DAT,9.61,1.216,0.0237
vol1,SD7037B.DRG,SD7037 (B),sd7037,D. Thompson,clean,clean,,,201900,AB00098.DAT,11.05,1.289,0.0289
vol1,SD7037B.DRG,SD7037 (B),sd7037,D. Thompson,clean,clean,,,302200,AB00096.DAT,-5.87,-0.363,0.0581
vol1,SD7037B.DRG,SD7037 (B),sd7037,D. Thompson,clean,clean,,,302200,AB00096.DAT,-4.54,-0.192,0.0159
vol1,SD7037B.DRG,SD7037 (B),sd7037,D. Thompson,clean,clean,,,302200,AB00096.DAT,-2.9,0.007,0.0119
vol1,SD7037B.DRG,SD7037 (B),sd7037,D. Thompson,clean,clean,,,302200,AB00096.DAT,-1.42,0.161,0.0101
vol1,SD7037B.DRG,SD7037 (B),sd7037,D. Thompson,clean,clean,,,302200,AB00096.DAT,0.18,0.312,0.0075
vol1,SD7037B.DRG,SD7037 (B),sd7037,D. Thompson,clean,clean,,,302200,AB00096.DAT,1.94,0.505,0.0079
vol1,SD7037B.DRG,SD7037 (B),sd7037,D. Thompson,clean,clean,,,302200,AB00096.DAT,3.61,0.682,0.0092
vol1,SD7037B.DRG,SD7037 (B),sd7037,D. Thompson,clean,clean,,,302200,AB00096.DAT,5.04,0.827,0.0109
vol1,SD7037B.DRG,SD7037 (B),sd7037,D. Thompson,clean,clean,,,302200,AB00096.DAT,6.63,0.973,0.0132
vol1,SD7037B.DRG,SD7037 (B),sd7037,D. Thompson,clean,clean,,,302200,AB00096.DAT,8.22,1.105,0.0167
vol1,SD7037B.DRG,SD7037 (B),sd7037,D. Thompson,clean,clean,,,302200,AB00096.DAT,9.47,1.194,0.0201
vol1,SD7037B.DRG,SD7037 (B),sd7037,D. Thompson,clean,clean,,,302200,AB00096.DAT,11.2,1.282,0.0261
vol1,SD8000.DRG,SD8000,sd8000,R. Wagner/R. Olsen,clean,clean,,,60800,JG00325.DAT,-5.55,-0.344,0.0302
vol1,SD8000.DRG,SD8000,sd8000,R. Wagner/R. Olsen,clean,clean,,,60800,JG00325.DAT,-3.88,-0.201,0.0208
vol1,SD8000.DRG,SD8000,sd8000,R. Wagner/R. Olsen,clean,clean,,,60800,JG00325.DAT,-2.36,-0.076,0.0142
vol1,SD8000.DRG,SD8000,sd8000,R. Wagner/R. Olsen,clean,clean,,,60800,JG00325.DAT,-0.81,0.065,0.016
vol1,SD8000.DRG,SD8000,sd8000,R. Wagner/R. Olsen,clean,clean,,,60800,JG00325.DAT,0.8,0.241,0.0144
vol1,SD8000.DRG,SD8000,sd8000,R. Wagner/R. Olsen,clean,clean,,,60800,JG00325.DAT,2.29,0.476,0.0149
vol1,SD8000.DRG,SD8000,sd8000,R. Wagner/R. Olsen,clean,clean,,,60800,JG00325.DAT,3.97,0.682,0.0172
vol1,SD8000.DRG,SD8000,sd8000,R. Wagner/R. Olsen,clean,clean,,,60800,JG00325.DAT,5.36,0.796,0.02
vol1,SD8000.DRG,SD8000,sd8000,R. Wagner/R. Olsen,clean,clean,,,60800,JG00325.DAT,6.96,0.935,0.0206
vol1,SD8000.DRG,SD8000,sd8000,R. Wagner/R. Olsen,clean,clean,,,60800,JG00325.DAT,8.36,1.034,0.0276
vol1,SD8000.DRG,SD8000,sd8000,R. Wagner/R. Olsen,clean,clean,,,60800,JG00325.DAT,10.01,1.13,0.0341
vol1,SD8000.DRG,SD8000,sd8000,R. Wagner/R. Olsen,clean,clean,,,60800,JG00325.DAT,11.52,1.153,0.0657
vol1,SD8000.DRG,SD8000,sd8000,R. Wagner/R. Olsen,clean,clean,,,101100,JG00327.DAT,-5.63,-0.357,0.0245
vol1,SD8000.DRG,SD8000,sd8000,R. Wagner/R. Olsen,clean,clean,,,101100,JG00327.DAT,-3.68,-0.196,0.0153
vol1,SD8000.DRG,SD8000,sd8000,R. Wagner/R. Olsen,clean,clean,,,101100,JG00327.DAT,-2.22,-0.074,0.0123
vol1,SD8000.DRG,SD8000,sd8000,R. Wagner/R. Olsen,clean,clean,,,101100,JG00327.DAT,-0.85,0.046,0.0123
vol1,SD8000.DRG,SD8000,sd8000,R. Wagner/R. Olsen,clean,clean,,,101100,JG00327.DAT,0.82,0.259,0.0145
vol1,SD8000.DRG,SD8000,sd8000,R. Wagner/R. Olsen,clean,clean,,,101100,JG00327.DAT,2.3,0.502,0.0152
vol1,SD8000.DRG,SD8000,sd8000,R. Wagner/R. Olsen,clean,clean,,,101100,JG00327.DAT,3.98,0.656,0.0134
vol1,SD8000.DRG,SD8000,sd8000,R. Wagner/R. Olsen,clean,clean,,,101100,JG00327.DAT,5.48,0.792,0.0169
vol1,SD8000.DRG,SD8000,sd8000,R. Wagner/R. Olsen,clean,clean,,,101100,JG00327.DAT,7.12,0.927,0.0227
vol1,SD8000.DRG,SD8000,sd8000,R. Wagner/R. Olsen,clean,clean,,,101100,JG00327.DAT,8.53,1.038,0.0274
vol1,SD8000.DRG,SD8000,sd8000,R. Wagner/R. Olsen,clean,clean,,,101100,JG00327.DAT,10.1,1.127,0.0416
vol1,SD8000.DRG,SD8000,sd8000,R. Wagner/R. Olsen,clean,clean,,,201600,MS00329.DAT,-5.5,-0.339,0.0172
vol1,SD8000.DRG,SD8000,sd8000,R. Wagner/R. Olsen,clean,clean,,,201600,MS00329.DAT,-3.76,-0.186,0.0133
vol1,SD8000.DRG,SD8000,sd8000,R. Wagner/R. Olsen,clean,clean,,,201600,MS00329.DAT,-2.3,-0.045,0.0111
vol1,SD8000.DRG,SD8000,sd8000,R. Wagner/R. Olsen,clean,clean,,,201600,MS00329.DAT,-0.72,0.175,0.0091
vol1,SD8000.DRG,SD8000,sd8000,R. Wagner/R. Olsen,clean,clean,,,201600,MS00329.DAT,0.8,0.346,0.0088
vol1,SD8000.DRG,SD8000,sd8000,R. Wagner/R. Olsen,clean,clean,,,201600,MS00329.DAT,2.21,0.488,0.0095
vol1,SD8000.DRG,SD8000,sd8000,R. Wagner/R. Olsen,clean,clean,,,201600,MS00329.DAT,3.84,0.654,0.0104
vol1,SD8000.DRG,SD8000,sd8000,R. Wagner/R. Olsen,clean,clean,,,201600,MS00329.DAT,5.26,0.788,0.0134
vol1,SD8000.DRG,SD8000,sd8000,R. Wagner/R. Olsen,clean,clean,,,201600,MS00329.DAT,6.84,0.928,0.0176
vol1,SD8000.DRG,SD8000,sd8000,R. Wagner/R. Olsen,clean,clean,,,201600,MS00329.DAT,8.36,1.045,0.0221
vol1,SD8000.DRG,SD8000,sd8000,R. Wagner/R. Olsen,clean,clean,,,201600,MS00329.DAT,9.82,1.137,0.0295
vol1,SD8000.DRG,SD8000,sd8000,R. Wagner/R. Olsen,clean,clean,,,302100,JG00331.DAT,-6.39,-0.409,0.019
vol1,SD8000.DRG,SD8000,sd8000,R. Wagner/R. Olsen,clean,clean,,,302100,JG00331.DAT,-3.59,-0.146,0.0122
vol1,SD8000.DRG,SD8000,sd8000,R. Wagner/R. Olsen,clean,clean,,,302100,JG00331.DAT,-2.19,0.033,0.0077
vol1,SD8000.DRG,SD8000,sd8000,R. Wagner/R. Olsen,clean,clean,,,302100,JG00331.DAT,-0.58,0.204,0.0074
vol1,SD8000.DRG,SD8000,sd8000,R. Wagner/R. Olsen,clean,clean,,,302100,JG00331.DAT,0.82,0.335,0.0073
vol1,SD8000.DRG,SD8000,sd8000,R. Wagner/R. Olsen,clean,clean,,,302100,JG00331.DAT,2.48,0.51,0.0078
vol1,SD8000.DRG,SD8000,sd8000,R. Wagner/R. Olsen,clean,clean,,,302100,JG00331.DAT,4.17,0.682,0.0101
vol1,SD8000.DRG,SD8000,sd8000,R. Wagner/R. Olsen,clean,clean,,,302100,JG00331.DAT,5.58,0.815,0.0128
vol1,SD8000.DRG,SD8000,sd8000,R. Wagner/R. Olsen,clean,clean,,,302100,JG00331.DAT,7.67,1.002,0.0171
vol1,SD8000.DRG,SD8000,sd8000,R. Wagner/R. Olsen,clean,clean,,,302100,JG00331.DAT,8.61,1.077,0.0204
vol1,SD8000.DRG,SD8000,sd8000,R. Wagner/R. Olsen,clean,clean,,,302100,JG00331.DAT,10.34,1.179,0.0294
vol1,SD8000.DRG,SD8000,sd8000,R. Wagner/R. Olsen,clean,clean,,,302100,JG00331.DAT,11.57,1.215,0.0404
vol1,SD8020.DRG,SD8020,sd8020,R. Wagner/R. Olsen,clean,clean,,,61400,AB00252.DAT,-6.45,-0.609,0.026
vol1,SD8020.DRG,SD8020,sd8020,R. Wagner/R. Olsen,clean,clean,,,61400,AB00252.DAT,-4.94,-0.49,0.0183
vol1,SD8020.DRG,SD8020,sd8020,R. Wagner/R. Olsen,clean,clean,,,61400,AB00252.DAT,-3.36,-0.34,0.0178
vol1,SD8020.DRG,SD8020,sd8020,R. Wagner/R. Olsen,clean,clean,,,61400,AB00252.DAT,-1.81,-0.094,0.0176
vol1,SD8020.DRG,SD8020,sd8020,R. Wagner/R. Olsen,clean,clean,,,61400,AB00252.DAT,-0.29,0.03,0.0134
vol1,SD8020.DRG,SD8020,sd8020,R. Wagner/R. Olsen,clean,clean,,,61400,AB00252.DAT,1.17,0.105,0.0195
vol1,SD8020.DRG,SD8020,sd8020,R. Wagner/R. Olsen,clean,clean,,,61400,AB00252.DAT,2.72,0.36,0.0132
vol1,SD8020.DRG,SD8020,sd8020,R. Wagner/R. Olsen,clean,clean,,,61400,AB00252.DAT,4.38,0.508,0.0164
vol1,SD8020.DRG,SD8020,sd8020,R. Wagner/R. Olsen,clean,clean,,,61400,AB00252.DAT,5.89,0.632,0.0191
vol1,SD8020.DRG,SD8020,sd8020,R. Wagner/R. Olsen,clean,clean,,,61400,AB00252.DAT,7.4,0.743,0.0262
vol1,SD8020.DRG,SD8020,sd8020,R. Wagner/R. Olsen,clean,clean,,,101500,AB00254.DAT,-6.55,-0.676,0.0189
vol1,SD8020.DRG,SD8020,sd8020,R. Wagner/R. Olsen,clean,clean,,,101500,AB00254.DAT,-5.03,-0.542,0.0151
vol1,SD8020.DRG,SD8020,sd8020,R. Wagner/R. Olsen,clean,clean,,,101500,AB00254.DAT,-3.33,-0.393,0.0136
vol1,SD8020.DRG,SD8020,sd8020,R. Wagner/R. Olsen,clean,clean,,,101500,AB00254.DAT,-1.81,-0.231,0.0124
vol1,SD8020.DRG,SD8020,sd8020,R. Wagner/R. Olsen,clean,clean,,,101500,AB00254.DAT,-0.41,-0.001,0.01
vol1,SD8020.DRG,SD8020,sd8020,R. Wagner/R. Olsen,clean,clean,,,101500,AB00254.DAT,1.22,0.142,0.0122
vol1,SD8020.DRG,SD8020,sd8020,R. Wagner/R. Olsen,clean,clean,,,101500,AB00254.DAT,2.7,0.299,0.0134
vol1,SD8020.DRG,SD8020,sd8020,R. Wagner/R. Olsen,clean,clean,,,101500,AB00254.DAT,4.1,0.419,0.0153
vol1,SD8020.DRG,SD8020,sd8020,R. Wagner/R. Olsen,clean,clean,,,101500,AB00254.DAT,5.69,0.558,0.0171
vol1,SD8020.DRG,SD8020,sd8020,R. Wagner/R. Olsen,clean,clean,,,101500,AB00254.DAT,7.28,0.68,0.0239
vol1,SD8020.DRG,SD8020,sd8020,R. Wagner/R. Olsen,clean,clean,,,101500,AB00254.DAT,8.9,0.79,0.038
vol1,SD8020.DRG,SD8020,sd8020,R. Wagner/R. Olsen,clean,clean,,,203300,JG00256.DAT,-6.41,-0.636,0.0138
vol1,SD8020.DRG,SD8020,sd8020,R. Wagner/R. Olsen,clean,clean,,,203300,JG00256.DAT,-4.96,-0.511,0.0113
vol1,SD8020.DRG,SD8020,sd8020,R. Wagner/R. Olsen,clean,clean,,,203300,JG00256.DAT,-3.43,-0.375,0.01
vol1,SD8020.DRG,SD8020,sd8020,R. Wagner/R. Olsen,clean,clean,,,203300,JG00256.DAT,-1.63,-0.215,0.0086
vol1,SD8020.DRG,SD8020,sd8020,R. Wagner/R. Olsen,clean,clean,,,203300,JG00256.DAT,-0.33,-0.041,0.0086
vol1,SD8020.DRG,SD8020,sd8020,R. Wagner/R. Olsen,clean,clean,,,203300,JG00256.DAT,1.21,0.145,0.0077
vol1,SD8020.DRG,SD8020,sd8020,R. Wagner/R. Olsen,clean,clean,,,203300,JG00256.DAT,2.59,0.284,0.0097
vol1,SD8020.DRG,SD8020,sd8020,R. Wagner/R. Olsen,clean,clean,,,203300,JG00256.DAT,4.3,0.442,0.0117
vol1,SD8020.DRG,SD8020,sd8020,R. Wagner/R. Olsen,clean,clean,,,203300,JG00256.DAT,5.78,0.572,0.0143
vol1,SD8020.DRG,SD8020,sd8020,R. Wagner/R. Olsen,clean,clean,,,203300,JG00256.DAT,7.31,0.699,0.0198
vol1,SD8020.DRG,SD8020,sd8020,R. Wagner/R. Olsen,clean,clean,,,203300,JG00256.DAT,8.87,0.814,0.0276
vol1,SD8020.DRG,SD8020,sd8020,R. Wagner/R. Olsen,clean,clean,,,304800,JG00258.DAT,-6.78,-0.674,0.0144
vol1,SD8020.DRG,SD8020,sd8020,R. Wagner/R. Olsen,clean,clean,,,304800,JG00258.DAT,-4.76,-0.498,0.0099
vol1,SD8020.DRG,SD8020,sd8020,R. Wagner/R. Olsen,clean,clean,,,304800,JG00258.DAT,-3.27,-0.361,0.0088
vol1,SD8020.DRG,SD8020,sd8020,R. Wagner/R. Olsen,clean,clean,,,304800,JG00258.DAT,-1.74,-0.201,0.0074
vol1,SD8020.DRG,SD8020,sd8020,R. Wagner/R. Olsen,clean,clean,,,304800,JG00258.DAT,-0.22,-0.032,0.0073
vol1,SD8020.DRG,SD8020,sd8020,R. Wagner/R. Olsen,clean,clean,,,304800,JG00258.DAT,1.18,0.099,0.0085
vol1,SD8020.DRG,SD8020,sd8020,R. Wagner/R. Olsen,clean,clean,,,304800,JG00258.DAT,2.61,0.277,0.0087
vol1,SD8020.DRG,SD8020,sd8020,R. Wagner/R. Olsen,clean,clean,,,304800,JG00258.DAT,4.46,0.451,0.0108
vol1,SD8020.DRG,SD8020,sd8020,R. Wagner/R. Olsen,clean,clean,,,304800,JG00258.DAT,5.69,0.564,0.0128
vol1,SD8020.DRG,SD8020,sd8020,R. Wagner/R. Olsen,clean,clean,,,304800,JG00258.DAT,7.25,0.698,0.0172
vol1,SD8020.DRG,SD8020,sd8020,R. Wagner/R. Olsen,clean,clean,,,304800,JG00258.DAT,8.87,0.821,0.0241
vol1,SD8020T2.DRG,SD8020,sd8020,R. Wagner/R. Olsen,tripped,"Zig-Zag trip type ""B"" @ x/c = 25% (h/c = 0.32%)",0.25,,61100,MS00287.DAT,-6.45,-0.596,0.026
vol1,SD8020T2.DRG,SD8020,sd8020,R. Wagner/R. Olsen,tripped,"Zig-Zag trip type ""B"" @ x/c = 25% (h/c = 0.32%)",0.25,,61100,MS00287.DAT,-4.64,-0.457,0.0209
vol1,SD8020T2.DRG,SD8020,sd8020,R. Wagner/R. Olsen,tripped,"Zig-Zag trip type ""B"" @ x/c = 25% (h/c = 0.32%)",0.25,,61100,MS00287.DAT,-2.59,-0.277,0.0159
vol1,SD8020T2.DRG,SD8020,sd8020,R. Wagner/R. Olsen,tripped,"Zig-Zag trip type ""B"" @ x/c = 25% (h/c = 0.32%)",0.25,,61100,MS00287.DAT,-0.49,-0.04,0.0143
vol1,SD8020T2.DRG,SD8020,sd8020,R. Wagner/R. Olsen,tripped,"Zig-Zag trip type ""B"" @ x/c = 25% (h/c = 0.32%)",0.25,,61100,MS00287.DAT,1.59,0.226,0.0154
vol1,SD8020T2.DRG,SD8020,sd8020,R. Wagner/R. Olsen,tripped,"Zig-Zag trip type ""B"" @ x/c = 25% (h/c = 0.32%)",0.25,,61100,MS00287.DAT,3.58,0.405,0.0149
vol1,SD8020T2.DRG,SD8020,sd8020,R. Wagner/R. Olsen,tripped,"Zig-Zag trip type ""B"" @ x/c = 25% (h/c = 0.32%)",0.25,,61100,MS00287.DAT,5.64,0.579,0.0204
vol1,SD8020T2.DRG,SD8020,sd8020,R. Wagner/R. Olsen,tripped,"Zig-Zag trip type ""B"" @ x/c = 25% (h/c = 0.32%)",0.25,,61100,MS00287.DAT,6.62,0.644,0.0217
vol1,SD8020T2.DRG,SD8020,sd8020,R. Wagner/R. Olsen,tripped,"Zig-Zag trip type ""B"" @ x/c = 25% (h/c = 0.32%)",0.25,,61100,MS00287.DAT,7.79,0.728,0.0265
vol1,SD8020T2.DRG,SD8020,sd8020,R. Wagner/R. Olsen,tripped,"Zig-Zag trip type ""B"" @ x/c = 25% (h/c = 0.32%)",0.25,,61100,MS00287.DAT,8.67,0.778,0.036
vol1,SD8020T2.DRG,SD8020,sd8020,R. Wagner/R. Olsen,tripped,"Zig-Zag trip type ""B"" @ x/c = 25% (h/c = 0.32%)",0.25,,203000,MS00289.DAT,-6.53,-0.634,0.0195
vol1,SD8020T2.DRG,SD8020,sd8020,R. Wagner/R. Olsen,tripped,"Zig-Zag trip type ""B"" @ x/c = 25% (h/c = 0.32%)",0.25,,203000,MS00289.DAT,-4.58,-0.463,0.0162
vol1,SD8020T2.DRG,SD8020,sd8020,R. Wagner/R. Olsen,tripped,"Zig-Zag trip type ""B"" @ x/c = 25% (h/c = 0.32%)",0.25,,203000,MS00289.DAT,-2.62,-0.266,0.0163
vol1,SD8020T2.DRG,SD8020,sd8020,R. Wagner/R. Olsen,tripped,"Zig-Zag trip type ""B"" @ x/c = 25% (h/c = 0.32%)",0.25,,203000,MS00289.DAT,-0.5,-0.052,0.0167
vol1,SD8020T2.DRG,SD8020,sd8020,R. Wagner/R. Olsen,tripped,"Zig-Zag trip type ""B"" @ x/c = 25% (h/c = 0.32%)",0.25,,203000,MS00289.DAT,1.56,0.141,0.0159
vol1,SD8020T2.DRG,SD8020,sd8020,R. Wagner/R. Olsen,tripped,"Zig-Zag trip type ""B"" @ x/c = 25% (h/c = 0.32%)",0.25,,203000,MS00289.DAT,3.63,0.354,0.0161
vol1,SD8020T2.DRG,SD8020,sd8020,R. Wagner/R. Olsen,tripped,"Zig-Zag trip type ""B"" @ x/c = 25% (h/c = 0.32%)",0.25,,203000,MS00289.DAT,5.69,0.553,0.0192
vol1,SD8020T2.DRG,SD8020,sd8020,R. Wagner/R. Olsen,tripped,"Zig-Zag trip type ""B"" @ x/c = 25% (h/c = 0.32%)",0.25,,203000,MS00289.DAT,6.74,0.641,0.0224
vol1,SD8020T2.DRG,SD8020,sd8020,R. Wagner/R. Olsen,tripped,"Zig-Zag trip type ""B"" @ x/c = 25% (h/c = 0.32%)",0.25,,203000,MS00289.DAT,7.77,0.725,0.0263
vol1,SD8020T2.DRG,SD8020,sd8020,R. Wagner/R. Olsen,tripped,"Zig-Zag trip type ""B"" @ x/c = 25% (h/c = 0.32%)",0.25,,203000,MS00289.DAT,8.8,0.797,0.0313
vol4,e387_c_drg.txt,E387 (E),e387,Y. Tinel,clean,clean,,,100029,bm05141.dat,-5.25,-0.292,0.0472
vol4,e387_c_drg.txt,E387 (E),e387,Y. Tinel,clean,clean,,,100029,bm05141.dat,-4.24,-0.156,0.0293
vol4,e387_c_drg.txt,E387 (E),e387,Y. Tinel,clean,clean,,,100029,bm05141.dat,-3.12,-0.001,0.022
vol4,e387_c_drg.txt,E387 (E),e387,Y. Tinel,clean,clean,,,100029,bm05141.dat,-2.13,0.139,0.0187
vol4,e387_c_drg.txt,E387 (E),e387,Y. Tinel,clean,clean,,,100029,bm05141.dat,-1.11,0.238,0.0174
vol4,e387_c_drg.txt,E387 (E),e387,Y. Tinel,clean,clean,,,100029,bm05141.dat,-0.08,0.339,0.0202
vol4,e387_c_drg.txt,E387 (E),e387,Y. Tinel,clean,clean,,,100029,bm05141.dat,0.95,0.435,0.0229
vol4,e387_c_drg.txt,E387 (E),e387,Y. Tinel,clean,clean,,,100029,bm05141.dat,1.96,0.53,0.0266
vol4,e387_c_drg.txt,E387 (E),e387,Y. Tinel,clean,clean,,,100029,bm05141.dat,3.0,0.623,0.029
vol4,e387_c_drg.txt,E387 (E),e387,Y. Tinel,clean,clean,,,100029,bm05141.dat,4.0,0.715,0.0317
vol4,e387_c_drg.txt,E387 (E),e387,Y. Tinel,clean,clean,,,100029,bm05141.dat,5.04,0.825,0.0278
vol4,e387_c_drg.txt,E387 (E),e387,Y. Tinel,clean,clean,,,100029,bm05141.dat,6.04,0.928,0.0239
vol4,e387_c_drg.txt,E387 (E),e387,Y. Tinel,clean,clean,,,100029,bm05141.dat,7.07,1.032,0.0218
vol4,e387_c_drg.txt,E387 (E),e387,Y. Tinel,clean,clean,,,100029,bm05141.dat,8.11,1.13,0.0215
vol4,e387_c_drg.txt,E387 (E),e387,Y. Tinel,clean,clean,,,100029,bm05141.dat,9.17,1.176,0.0269
vol4,e387_c_drg.txt,E387 (E),e387,Y. Tinel,clean,clean,,,100029,bm05141.dat,10.11,1.185,0.0363
vol4,e387_c_drg.txt,E387 (E),e387,Y. Tinel,clean,clean,,,100029,bm05141.dat,11.14,1.188,0.0526
vol4,e387_c_drg.txt,E387 (E),e387,Y. Tinel,clean,clean,,,199879,bm04979.dat,-6.24,-0.332,0.0705
vol4,e387_c_drg.txt,E387 (E),e387,Y. Tinel,clean,clean,,,199879,bm04979.dat,-5.2,-0.138,0.0352
vol4,e387_c_drg.txt,E387 (E),e387,Y. Tinel,clean,clean,,,199879,bm04979.dat,-4.17,-0.015,0.0192
vol4,e387_c_drg.txt,E387 (E),e387,Y. Tinel,clean,clean,,,199879,bm04979.dat,-3.14,0.081,0.015
vol4,e387_c_drg.txt,E387 (E),e387,Y. Tinel,clean,clean,,,199879,bm04979.dat,-2.14,0.178,0.0125
vol4,e387_c_drg.txt,E387 (E),e387,Y. Tinel,clean,clean,,,199879,bm04979.dat,-1.09,0.271,0.0102
vol4,e387_c_drg.txt,E387 (E),e387,Y. Tinel,clean,clean,,,199879,bm04979.dat,-0.05,0.381,0.0104
vol4,e387_c_drg.txt,E387 (E),e387,Y. Tinel,clean,clean,,,199879,bm04979.dat,0.97,0.483,0.011
vol4,e387_c_drg.txt,E387 (E),e387,Y. Tinel,clean,clean,,,199879,bm04979.dat,2.01,0.593,0.0118
vol4,e387_c_drg.txt,E387 (E),e387,Y. Tinel,clean,clean,,,199879,bm04979.dat,3.0,0.698,0.0126
vol4,e387_c_drg.txt,E387 (E),e387,Y. Tinel,clean,clean,,,199879,bm04979.dat,4.09,0.806,0.0134
vol4,e387_c_drg.txt,E387 (E),e387,Y. Tinel,clean,clean,,,199879,bm04979.dat,5.02,0.902,0.0138
vol4,e387_c_drg.txt,E387 (E),e387,Y. Tinel,clean,clean,,,199879,bm04979.dat,6.09,1.017,0.014
vol4,e387_c_drg.txt,E387 (E),e387,Y. Tinel,clean,clean,,,199879,bm04979.dat,7.14,1.119,0.0149
vol4,e387_c_drg.txt,E387 (E),e387,Y. Tinel,clean,clean,,,199879,bm04979.dat,8.15,1.191,0.0181
vol4,e387_c_drg.txt,E387 (E),e387,Y. Tinel,clean,clean,,,199879,bm04979.dat,9.18,1.226,0.0265
vol4,e387_c_drg.txt,E387 (E),e387,Y. Tinel,clean,clean,,,199879,bm04979.dat,10.12,1.234,0.0358
vol4,e387_c_drg.txt,E387 (E),e387,Y. Tinel,clean,clean,,,199879,bm04979.dat,11.18,1.227,0.055
vol4,e387_c_drg.txt,E387 (E),e387,Y. Tinel,clean,clean,,,199879,bm04979.dat,12.2,1.218,0.0774
vol4,e387_c_drg.txt,E387 (E),e387,Y. Tinel,clean,clean,,,300289,bm04981.dat,-6.25,-0.304,0.0669
vol4,e387_c_drg.txt,E387 (E),e387,Y. Tinel,clean,clean,,,300289,bm04981.dat,-5.21,-0.139,0.0341
vol4,e387_c_drg.txt,E387 (E),e387,Y. Tinel,clean,clean,,,300289,bm04981.dat,-4.18,-0.028,0.0169
vol4,e387_c_drg.txt,E387 (E),e387,Y. Tinel,clean,clean,,,300289,bm04981.dat,-3.2,0.064,0.0131
vol4,e387_c_drg.txt,E387 (E),e387,Y. Tinel,clean,clean,,,300289,bm04981.dat,-2.07,0.184,0.011
vol4,e387_c_drg.txt,E387 (E),e387,Y. Tinel,clean,clean,,,300289,bm04981.dat,-1.11,0.288,0.0092
vol4,e387_c_drg.txt,E387 (E),e387,Y. Tinel,clean,clean,,,300289,bm04981.dat,-0.04,0.393,0.0083
vol4,e387_c_drg.txt,E387 (E),e387,Y. Tinel,clean,clean,,,300289,bm04981.dat,1.02,0.502,0.0088
vol4,e387_c_drg.txt,E387 (E),e387,Y. Tinel,clean,clean,,,300289,bm04981.dat,1.96,0.61,0.0092
vol4,e387_c_drg.txt,E387 (E),e387,Y. Tinel,clean,clean,,,300289,bm04981.dat,3.02,0.714,0.0098
vol4,e387_c_drg.txt,E387 (E),e387,Y. Tinel,clean,clean,,,300289,bm04981.dat,4.0,0.817,0.0105
vol4,e387_c_drg.txt,E387 (E),e387,Y. Tinel,clean,clean,,,300289,bm04981.dat,5.06,0.935,0.0112
vol4,e387_c_drg.txt,E387 (E),e387,Y. Tinel,clean,clean,,,300289,bm04981.dat,6.11,1.041,0.0115
vol4,e387_c_drg.txt,E387 (E),e387,Y. Tinel,clean,clean,,,300289,bm04981.dat,7.15,1.135,0.0131
vol4,e387_c_drg.txt,E387 (E),e387,Y. Tinel,clean,clean,,,300289,bm04981.dat,8.14,1.201,0.0176
vol4,e387_c_drg.txt,E387 (E),e387,Y. Tinel,clean,clean,,,300289,bm04981.dat,9.15,1.241,0.0246
vol4,e387_c_drg.txt,E387 (E),e387,Y. Tinel,clean,clean,,,300289,bm04981.dat,10.12,1.25,0.0343
vol4,e387_c_drg.txt,E387 (E),e387,Y. Tinel,clean,clean,,,300289,bm04981.dat,11.16,1.245,0.0537
vol4,e387_c_drg.txt,E387 (E),e387,Y. Tinel,clean,clean,,,300289,bm04981.dat,12.17,1.236,0.0774
vol4,e387_c_drg.txt,E387 (E),e387,Y. Tinel,clean,clean,,,349865,bm04983.dat,-6.25,-0.288,0.0647
vol4,e387_c_drg.txt,E387 (E),e387,Y. Tinel,clean,clean,,,349865,bm04983.dat,-5.18,-0.144,0.0337
vol4,e387_c_drg.txt,E387 (E),e387,Y. Tinel,clean,clean,,,349865,bm04983.dat,-4.19,-0.038,0.0164
vol4,e387_c_drg.txt,E387 (E),e387,Y. Tinel,clean,clean,,,349865,bm04983.dat,-3.15,0.071,0.0123
vol4,e387_c_drg.txt,E387 (E),e387,Y. Tinel,clean,clean,,,349865,bm04983.dat,-2.11,0.18,0.0106
vol4,e387_c_drg.txt,E387 (E),e387,Y. Tinel,clean,clean,,,349865,bm04983.dat,-1.16,0.277,0.009
vol4,e387_c_drg.txt,E387 (E),e387,Y. Tinel,clean,clean,,,349865,bm04983.dat,-0.05,0.389,0.0078
vol4,e387_c_drg.txt,E387 (E),e387,Y. Tinel,clean,clean,,,349865,bm04983.dat,0.94,0.493,0.0081
vol4,e387_c_drg.txt,E387 (E),e387,Y. Tinel,clean,clean,,,349865,bm04983.dat,1.97,0.605,0.0085
vol4,e387_c_drg.txt,E387 (E),e387,Y. Tinel,clean,clean,,,349865,bm04983.dat,3.0,0.714,0.0091
vol4,e387_c_drg.txt,E387 (E),e387,Y. Tinel,clean,clean,,,349865,bm04983.dat,4.03,0.833,0.0098
vol4,e387_c_drg.txt,E387 (E),e387,Y. Tinel,clean,clean,,,349865,bm04983.dat,5.08,0.942,0.0104
vol4,e387_c_drg.txt,E387 (E),e387,Y. Tinel,clean,clean,,,349865,bm04983.dat,6.08,1.045,0.0111
vol4,e387_c_drg.txt,E387 (E),e387,Y. Tinel,clean,clean,,,349865,bm04983.dat,7.08,1.134,0.0128
vol4,e387_c_drg.txt,E387 (E),e387,Y. Tinel,clean,clean,,,349865,bm04983.dat,8.11,1.2,0.0177
vol4,e387_c_drg.txt,E387 (E),e387,Y. Tinel,clean,clean,,,349865,bm04983.dat,9.11,1.24,0.0238
vol4,e387_c_drg.txt,E387 (E),e387,Y. Tinel,clean,clean,,,349865,bm04983.dat,10.14,1.249,0.0347
vol4,e387_c_drg.txt,E387 (E),e387,Y. Tinel,clean,clean,,,349865,bm04983.dat,11.15,1.245,0.0564
vol4,e387_c_drg.txt,E387 (E),e387,Y. Tinel,clean,clean,,,349865,bm04983.dat,12.14,1.238,0.0781
vol4,e387_c_drg.txt,E387 (E),e387,Y. Tinel,clean,clean,,,459961,bm04985.dat,-6.23,-0.292,0.0651
vol4,e387_c_drg.txt,E387 (E),e387,Y. Tinel,clean,clean,,,459961,bm04985.dat,-5.2,-0.15,0.0341
vol4,e387_c_drg.txt,E387 (E),e387,Y. Tinel,clean,clean,,,459961,bm04985.dat,-4.16,-0.04,0.0145
vol4,e387_c_drg.txt,E387 (E),e387,Y. Tinel,clean,clean,,,459961,bm04985.dat,-3.13,0.064,0.0114
vol4,e387_c_drg.txt,E387 (E),e387,Y. Tinel,clean,clean,,,459961,bm04985.dat,-2.13,0.172,0.0099
vol4,e387_c_drg.txt,E387 (E),e387,Y. Tinel,clean,clean,,,459961,bm04985.dat,-1.08,0.28,0.0085
vol4,e387_c_drg.txt,E387 (E),e387,Y. Tinel,clean,clean,,,459961,bm04985.dat,-0.09,0.382,0.0069
vol4,e387_c_drg.txt,E387 (E),e387,Y. Tinel,clean,clean,,,459961,bm04985.dat,0.96,0.5,0.0072
vol4,e387_c_drg.txt,E387 (E),e387,Y. Tinel,clean,clean,,,459961,bm04985.dat,1.98,0.611,0.0075
vol4,e387_c_drg.txt,E387 (E),e387,Y. Tinel,clean,clean,,,459961,bm04985.dat,3.0,0.721,0.0079
vol4,e387_c_drg.txt,E387 (E),e387,Y. Tinel,clean,clean,,,459961,bm04985.dat,4.03,0.835,0.0087
vol4,e387_c_drg.txt,E387 (E),e387,Y. Tinel,clean,clean,,,459961,bm04985.dat,5.12,0.948,0.0094
vol4,e387_c_drg.txt,E387 (E),e387,Y. Tinel,clean,clean,,,459961,bm04985.dat,6.09,1.045,0.0101
vol4,e387_c_drg.txt,E387 (E),e387,Y. Tinel,clean,clean,,,459961,bm04985.dat,7.15,1.132,0.0128
vol4,e387_c_drg.txt,E387 (E),e387,Y. Tinel,clean,clean,,,459961,bm04985.dat,8.18,1.195,0.0172
vol4,e387_c_drg.txt,E387 (E),e387,Y. Tinel,clean,clean,,,459961,bm04985.dat,9.12,1.236,0.0224
vol4,e387_c_drg.txt,E387 (E),e387,Y. Tinel,clean,clean,,,459961,bm04985.dat,10.14,1.255,0.0318
vol4,e387_c_drg.txt,E387 (E),e387,Y. Tinel,clean,clean,,,459961,bm04985.dat,11.12,1.252,0.0543
vol4,e387_c_drg.txt,E387 (E),e387,Y. Tinel,clean,clean,,,459961,bm04985.dat,12.16,1.242,0.079
vol4,e387_c_drg.txt,E387 (E),e387,Y. Tinel,clean,clean,,,500094,bm04987.dat,-6.2,-0.289,0.0643
vol4,e387_c_drg.txt,E387 (E),e387,Y. Tinel,clean,clean,,,500094,bm04987.dat,-5.18,-0.155,0.0352
vol4,e387_c_drg.txt,E387 (E),e387,Y. Tinel,clean,clean,,,500094,bm04987.dat,-4.15,-0.04,0.0139
vol4,e387_c_drg.txt,E387 (E),e387,Y. Tinel,clean,clean,,,500094,bm04987.dat,-3.2,0.056,0.0114
vol4,e387_c_drg.txt,E387 (E),e387,Y. Tinel,clean,clean,,,500094,bm04987.dat,-2.16,0.171,0.0097
vol4,e387_c_drg.txt,E387 (E),e387,Y. Tinel,clean,clean,,,500094,bm04987.dat,-1.09,0.276,0.0085
vol4,e387_c_drg.txt,E387 (E),e387,Y. Tinel,clean,clean,,,500094,bm04987.dat,-0.04,0.388,0.0067
vol4,e387_c_drg.txt,E387 (E),e387,Y. Tinel,clean,clean,,,500094,bm04987.dat,0.88,0.497,0.0068
vol4,e387_c_drg.txt,E387 (E),e387,Y. Tinel,clean,clean,,,500094,bm04987.dat,1.97,0.613,0.0072
vol4,e387_c_drg.txt,E387 (E),e387,Y. Tinel,clean,clean,,,500094,bm04987.dat,2.98,0.72,0.0077
vol4,e387_c_drg.txt,E387 (E),e387,Y. Tinel,clean,clean,,,500094,bm04987.dat,4.02,0.833,0.0084
vol4,e387_c_drg.txt,E387 (E),e387,Y. Tinel,clean,clean,,,500094,bm04987.dat,5.08,0.941,0.0091
vol4,e387_c_drg.txt,E387 (E),e387,Y. Tinel,clean,clean,,,500094,bm04987.dat,6.11,1.047,0.0099
vol4,e387_c_drg.txt,E387 (E),e387,Y. Tinel,clean,clean,,,500094,bm04987.dat,7.15,1.129,0.0128
vol4,e387_c_drg.txt,E387 (E),e387,Y. Tinel,clean,clean,,,500094,bm04987.dat,8.14,1.195,0.0169
vol4,e387_c_drg.txt,E387 (E),e387,Y. Tinel,clean,clean,,,500094,bm04987.dat,9.14,1.244,0.0226
vol4,e387_c_drg.txt,E387 (E),e387,Y. Tinel,clean,clean,,,500094,bm04987.dat,10.09,1.259,0.03
vol4,e387_c_drg.txt,E387 (E),e387,Y. Tinel,clean,clean,,,500094,bm04987.dat,11.17,1.257,0.0548
vol4,e387_c_drg.txt,E387 (E),e387,Y. Tinel,clean,clean,,,500094,bm04987.dat,12.13,1.248,0.0804
vol4,e387_tf_drg.txt,E387 (E),e387,Y. Tinel,tripped,"'u.s.t. located at 2% chord, l.s.t. located at 5% chord'",0.02,0.05,100062,bm04989.dat,-6.21,-0.338,0.0754
vol4,e387_tf_drg.txt,E387 (E),e387,Y. Tinel,tripped,"'u.s.t. located at 2% chord, l.s.t. located at 5% chord'",0.02,0.05,100062,bm04989.dat,-5.25,-0.262,0.0495
vol4,e387_tf_drg.txt,E387 (E),e387,Y. Tinel,tripped,"'u.s.t. located at 2% chord, l.s.t. located at 5% chord'",0.02,0.05,100062,bm04989.dat,-4.17,-0.111,0.0276
vol4,e387_tf_drg.txt,E387 (E),e387,Y. Tinel,tripped,"'u.s.t. located at 2% chord, l.s.t. located at 5% chord'",0.02,0.05,100062,bm04989.dat,-3.18,0.034,0.0218
vol4,e387_tf_drg.txt,E387 (E),e387,Y. Tinel,tripped,"'u.s.t. located at 2% chord, l.s.t. located at 5% chord'",0.02,0.05,100062,bm04989.dat,-2.1,0.187,0.0197
vol4,e387_tf_drg.txt,E387 (E),e387,Y. Tinel,tripped,"'u.s.t. located at 2% chord, l.s.t. located at 5% chord'",0.02,0.05,100062,bm04989.dat,-1.07,0.28,0.0178
vol4,e387_tf_drg.txt,E387 (E),e387,Y. Tinel,tripped,"'u.s.t. located at 2% chord, l.s.t. located at 5% chord'",0.02,0.05,100062,bm04989.dat,-0.05,0.381,0.0205
vol4,e387_tf_drg.txt,E387 (E),e387,Y. Tinel,tripped,"'u.s.t. located at 2% chord, l.s.t. located at 5% chord'",0.02,0.05,100062,bm04989.dat,0.93,0.474,0.0229
vol4,e387_tf_drg.txt,E387 (E),e387,Y. Tinel,tripped,"'u.s.t. located at 2% chord, l.s.t. located at 5% chord'",0.02,0.05,100062,bm04989.dat,1.97,0.583,0.0235
vol4,e387_tf_drg.txt,E387 (E),e387,Y. Tinel,tripped,"'u.s.t. located at 2% chord, l.s.t. located at 5% chord'",0.02,0.05,100062,bm04989.dat,3.05,0.688,0.022
vol4,e387_tf_drg.txt,E387 (E),e387,Y. Tinel,tripped,"'u.s.t. located at 2% chord, l.s.t. located at 5% chord'",0.02,0.05,100062,bm04989.dat,4.05,0.785,0.0198
vol4,e387_tf_drg.txt,E387 (E),e387,Y. Tinel,tripped,"'u.s.t. located at 2% chord, l.s.t. located at 5% chord'",0.02,0.05,100062,bm04989.dat,5.1,0.885,0.019
vol4,e387_tf_drg.txt,E387 (E),e387,Y. Tinel,tripped,"'u.s.t. located at 2% chord, l.s.t. located at 5% chord'",0.02,0.05,100062,bm04989.dat,6.06,0.981,0.0186
vol4,e387_tf_drg.txt,E387 (E),e387,Y. Tinel,tripped,"'u.s.t. located at 2% chord, l.s.t. located at 5% chord'",0.02,0.05,100062,bm04989.dat,7.14,1.075,0.0193
vol4,e387_tf_drg.txt,E387 (E),e387,Y. Tinel,tripped,"'u.s.t. located at 2% chord, l.s.t. located at 5% chord'",0.02,0.05,100062,bm04989.dat,8.13,1.136,0.0253
vol4,e387_tf_drg.txt,E387 (E),e387,Y. Tinel,tripped,"'u.s.t. located at 2% chord, l.s.t. located at 5% chord'",0.02,0.05,100062,bm04989.dat,9.15,1.183,0.03
vol4,e387_tf_drg.txt,E387 (E),e387,Y. Tinel,tripped,"'u.s.t. located at 2% chord, l.s.t. located at 5% chord'",0.02,0.05,100062,bm04989.dat,10.16,1.22,0.0381
vol4,e387_tf_drg.txt,E387 (E),e387,Y. Tinel,tripped,"'u.s.t. located at 2% chord, l.s.t. located at 5% chord'",0.02,0.05,100062,bm04989.dat,11.14,1.228,0.051
vol4,e387_tf_drg.txt,E387 (E),e387,Y. Tinel,tripped,"'u.s.t. located at 2% chord, l.s.t. located at 5% chord'",0.02,0.05,199800,bm04991.dat,-6.22,-0.346,0.0754
vol4,e387_tf_drg.txt,E387 (E),e387,Y. Tinel,tripped,"'u.s.t. located at 2% chord, l.s.t. located at 5% chord'",0.02,0.05,199800,bm04991.dat,-5.18,-0.15,0.037
vol4,e387_tf_drg.txt,E387 (E),e387,Y. Tinel,tripped,"'u.s.t. located at 2% chord, l.s.t. located at 5% chord'",0.02,0.05,199800,bm04991.dat,-4.17,-0.026,0.018
vol4,e387_tf_drg.txt,E387 (E),e387,Y. Tinel,tripped,"'u.s.t. located at 2% chord, l.s.t. located at 5% chord'",0.02,0.05,199800,bm04991.dat,-3.15,0.062,0.0154
vol4,e387_tf_drg.txt,E387 (E),e387,Y. Tinel,tripped,"'u.s.t. located at 2% chord, l.s.t. located at 5% chord'",0.02,0.05,199800,bm04991.dat,-2.12,0.162,0.013
vol4,e387_tf_drg.txt,E387 (E),e387,Y. Tinel,tripped,"'u.s.t. located at 2% chord, l.s.t. located at 5% chord'",0.02,0.05,199800,bm04991.dat,-1.09,0.263,0.0124
vol4,e387_tf_drg.txt,E387 (E),e387,Y. Tinel,tripped,"'u.s.t. located at 2% chord, l.s.t. located at 5% chord'",0.02,0.05,199800,bm04991.dat,-0.02,0.369,0.0113
vol4,e387_tf_drg.txt,E387 (E),e387,Y. Tinel,tripped,"'u.s.t. located at 2% chord, l.s.t. located at 5% chord'",0.02,0.05,199800,bm04991.dat,0.96,0.465,0.0102
vol4,e387_tf_drg.txt,E387 (E),e387,Y. Tinel,tripped,"'u.s.t. located at 2% chord, l.s.t. located at 5% chord'",0.02,0.05,199800,bm04991.dat,1.96,0.558,0.0115
vol4,e387_tf_drg.txt,E387 (E),e387,Y. Tinel,tripped,"'u.s.t. located at 2% chord, l.s.t. located at 5% chord'",0.02,0.05,199800,bm04991.dat,3.0,0.646,0.0131
vol4,e387_tf_drg.txt,E387 (E),e387,Y. Tinel,tripped,"'u.s.t. located at 2% chord, l.s.t. located at 5% chord'",0.02,0.05,199800,bm04991.dat,4.0,0.748,0.0149
vol4,e387_tf_drg.txt,E387 (E),e387,Y. Tinel,tripped,"'u.s.t. located at 2% chord, l.s.t. located at 5% chord'",0.02,0.05,199800,bm04991.dat,5.03,0.842,0.0166
vol4,e387_tf_drg.txt,E387 (E),e387,Y. Tinel,tripped,"'u.s.t. located at 2% chord, l.s.t. located at 5% chord'",0.02,0.05,199800,bm04991.dat,6.09,0.937,0.0186
vol4,e387_tf_drg.txt,E387 (E),e387,Y. Tinel,tripped,"'u.s.t. located at 2% chord, l.s.t. located at 5% chord'",0.02,0.05,199800,bm04991.dat,7.1,1.03,0.0204
vol4,e387_tf_drg.txt,E387 (E),e387,Y. Tinel,tripped,"'u.s.t. located at 2% chord, l.s.t. located at 5% chord'",0.02,0.05,199800,bm04991.dat,8.12,1.117,0.0227
vol4,e387_tf_drg.txt,E387 (E),e387,Y. Tinel,tripped,"'u.s.t. located at 2% chord, l.s.t. located at 5% chord'",0.02,0.05,199800,bm04991.dat,9.12,1.194,0.0258
vol4,e387_tf_drg.txt,E387 (E),e387,Y. Tinel,tripped,"'u.s.t. located at 2% chord, l.s.t. located at 5% chord'",0.02,0.05,199800,bm04991.dat,10.13,1.237,0.032
vol4,e387_tf_drg.txt,E387 (E),e387,Y. Tinel,tripped,"'u.s.t. located at 2% chord, l.s.t. located at 5% chord'",0.02,0.05,199800,bm04991.dat,11.13,1.228,0.0503
vol4,e387_tf_drg.txt,E387 (E),e387,Y. Tinel,tripped,"'u.s.t. located at 2% chord, l.s.t. located at 5% chord'",0.02,0.05,199800,bm04991.dat,12.17,1.215,0.0733
vol4,e387_tf_drg.txt,E387 (E),e387,Y. Tinel,tripped,"'u.s.t. located at 2% chord, l.s.t. located at 5% chord'",0.02,0.05,349749,bm04993.dat,-6.28,-0.311,0.07
vol4,e387_tf_drg.txt,E387 (E),e387,Y. Tinel,tripped,"'u.s.t. located at 2% chord, l.s.t. located at 5% chord'",0.02,0.05,349749,bm04993.dat,-5.26,-0.161,0.0378
vol4,e387_tf_drg.txt,E387 (E),e387,Y. Tinel,tripped,"'u.s.t. located at 2% chord, l.s.t. located at 5% chord'",0.02,0.05,349749,bm04993.dat,-4.19,-0.044,0.0162
vol4,e387_tf_drg.txt,E387 (E),e387,Y. Tinel,tripped,"'u.s.t. located at 2% chord, l.s.t. located at 5% chord'",0.02,0.05,349749,bm04993.dat,-3.12,0.063,0.0123
vol4,e387_tf_drg.txt,E387 (E),e387,Y. Tinel,tripped,"'u.s.t. located at 2% chord, l.s.t. located at 5% chord'",0.02,0.05,349749,bm04993.dat,-2.13,0.163,0.0112
vol4,e387_tf_drg.txt,E387 (E),e387,Y. Tinel,tripped,"'u.s.t. located at 2% chord, l.s.t. located at 5% chord'",0.02,0.05,349749,bm04993.dat,-1.09,0.262,0.0113
vol4,e387_tf_drg.txt,E387 (E),e387,Y. Tinel,tripped,"'u.s.t. located at 2% chord, l.s.t. located at 5% chord'",0.02,0.05,349749,bm04993.dat,-0.09,0.364,0.0122
vol4,e387_tf_drg.txt,E387 (E),e387,Y. Tinel,tripped,"'u.s.t. located at 2% chord, l.s.t. located at 5% chord'",0.02,0.05,349749,bm04993.dat,0.97,0.464,0.0127
vol4,e387_tf_drg.txt,E387 (E),e387,Y. Tinel,tripped,"'u.s.t. located at 2% chord, l.s.t. located at 5% chord'",0.02,0.05,349749,bm04993.dat,2.0,0.569,0.0136
vol4,e387_tf_drg.txt,E387 (E),e387,Y. Tinel,tripped,"'u.s.t. located at 2% chord, l.s.t. located at 5% chord'",0.02,0.05,349749,bm04993.dat,2.98,0.677,0.0146
vol4,e387_tf_drg.txt,E387 (E),e387,Y. Tinel,tripped,"'u.s.t. located at 2% chord, l.s.t. located at 5% chord'",0.02,0.05,349749,bm04993.dat,4.04,0.777,0.0156
vol4,e387_tf_drg.txt,E387 (E),e387,Y. Tinel,tripped,"'u.s.t. located at 2% chord, l.s.t. located at 5% chord'",0.02,0.05,349749,bm04993.dat,5.02,0.876,0.0168
vol4,e387_tf_drg.txt,E387 (E),e387,Y. Tinel,tripped,"'u.s.t. located at 2% chord, l.s.t. located at 5% chord'",0.02,0.05,349749,bm04993.dat,6.09,0.972,0.0176
vol4,e387_tf_drg.txt,E387 (E),e387,Y. Tinel,tripped,"'u.s.t. located at 2% chord, l.s.t. located at 5% chord'",0.02,0.05,349749,bm04993.dat,7.14,1.065,0.0187
vol4,e387_tf_drg.txt,E387 (E),e387,Y. Tinel,tripped,"'u.s.t. located at 2% chord, l.s.t. located at 5% chord'",0.02,0.05,349749,bm04993.dat,8.11,1.15,0.0208
vol4,e387_tf_drg.txt,E387 (E),e387,Y. Tinel,tripped,"'u.s.t. located at 2% chord, l.s.t. located at 5% chord'",0.02,0.05,349749,bm04993.dat,9.14,1.227,0.0235
vol4,e387_tf_drg.txt,E387 (E),e387,Y. Tinel,tripped,"'u.s.t. located at 2% chord, l.s.t. located at 5% chord'",0.02,0.05,349749,bm04993.dat,10.13,1.272,0.0292
vol4,e387_tf_drg.txt,E387 (E),e387,Y. Tinel,tripped,"'u.s.t. located at 2% chord, l.s.t. located at 5% chord'",0.02,0.05,349749,bm04993.dat,11.17,1.277,0.0462
vol4,e387_tf_drg.txt,E387 (E),e387,Y. Tinel,tripped,"'u.s.t. located at 2% chord, l.s.t. located at 5% chord'",0.02,0.05,349749,bm04993.dat,12.15,1.264,0.0643
vol4,e387_tf_drg.txt,E387 (E),e387,Y. Tinel,tripped,"'u.s.t. located at 2% chord, l.s.t. located at 5% chord'",0.02,0.05,500060,bm04995.dat,-6.22,-0.295,0.0674
vol4,e387_tf_drg.txt,E387 (E),e387,Y. Tinel,tripped,"'u.s.t. located at 2% chord, l.s.t. located at 5% chord'",0.02,0.05,500060,bm04995.dat,-5.2,-0.16,0.0363
vol4,e387_tf_drg.txt,E387 (E),e387,Y. Tinel,tripped,"'u.s.t. located at 2% chord, l.s.t. located at 5% chord'",0.02,0.05,500060,bm04995.dat,-4.19,-0.047,0.0147
vol4,e387_tf_drg.txt,E387 (E),e387,Y. Tinel,tripped,"'u.s.t. located at 2% chord, l.s.t. located at 5% chord'",0.02,0.05,500060,bm04995.dat,-3.2,0.047,0.0124
vol4,e387_tf_drg.txt,E387 (E),e387,Y. Tinel,tripped,"'u.s.t. located at 2% chord, l.s.t. located at 5% chord'",0.02,0.05,500060,bm04995.dat,-2.16,0.155,0.0111
vol4,e387_tf_drg.txt,E387 (E),e387,Y. Tinel,tripped,"'u.s.t. located at 2% chord, l.s.t. located at 5% chord'",0.02,0.05,500060,bm04995.dat,-1.12,0.261,0.0112
vol4,e387_tf_drg.txt,E387 (E),e387,Y. Tinel,tripped,"'u.s.t. located at 2% chord, l.s.t. located at 5% chord'",0.02,0.05,500060,bm04995.dat,-0.08,0.374,0.0119
vol4,e387_tf_drg.txt,E387 (E),e387,Y. Tinel,tripped,"'u.s.t. located at 2% chord, l.s.t. located at 5% chord'",0.02,0.05,500060,bm04995.dat,0.95,0.478,0.0124
vol4,e387_tf_drg.txt,E387 (E),e387,Y. Tinel,tripped,"'u.s.t. located at 2% chord, l.s.t. located at 5% chord'",0.02,0.05,500060,bm04995.dat,1.98,0.582,0.0129
vol4,e387_tf_drg.txt,E387 (E),e387,Y. Tinel,tripped,"'u.s.t. located at 2% chord, l.s.t. located at 5% chord'",0.02,0.05,500060,bm04995.dat,2.99,0.688,0.0136
vol4,e387_tf_drg.txt,E387 (E),e387,Y. Tinel,tripped,"'u.s.t. located at 2% chord, l.s.t. located at 5% chord'",0.02,0.05,500060,bm04995.dat,4.04,0.794,0.0147
vol4,e387_tf_drg.txt,E387 (E),e387,Y. Tinel,tripped,"'u.s.t. located at 2% chord, l.s.t. located at 5% chord'",0.02,0.05,500060,bm04995.dat,5.06,0.894,0.0159
vol4,e387_tf_drg.txt,E387 (E),e387,Y. Tinel,tripped,"'u.s.t. located at 2% chord, l.s.t. located at 5% chord'",0.02,0.05,500060,bm04995.dat,6.08,0.986,0.0172
vol4,e387_tf_drg.txt,E387 (E),e387,Y. Tinel,tripped,"'u.s.t. located at 2% chord, l.s.t. located at 5% chord'",0.02,0.05,500060,bm04995.dat,7.11,1.076,0.0189
vol4,e387_tf_drg.txt,E387 (E),e387,Y. Tinel,tripped,"'u.s.t. located at 2% chord, l.s.t. located at 5% chord'",0.02,0.05,500060,bm04995.dat,8.09,1.162,0.0207
vol4,e387_tf_drg.txt,E387 (E),e387,Y. Tinel,tripped,"'u.s.t. located at 2% chord, l.s.t. located at 5% chord'",0.02,0.05,500060,bm04995.dat,9.16,1.228,0.0231
vol4,e387_tf_drg.txt,E387 (E),e387,Y. Tinel,tripped,"'u.s.t. located at 2% chord, l.s.t. located at 5% chord'",0.02,0.05,500060,bm04995.dat,10.16,1.242,0.0342
vol4,e387_tf_drg.txt,E387 (E),e387,Y. Tinel,tripped,"'u.s.t. located at 2% chord, l.s.t. located at 5% chord'",0.02,0.05,500060,bm04995.dat,11.16,1.234,0.0585
vol4,e387_tf_drg.txt,E387 (E),e387,Y. Tinel,tripped,"'u.s.t. located at 2% chord, l.s.t. located at 5% chord'",0.02,0.05,500060,bm04995.dat,12.12,1.227,0.0809
vol4,fx63137_c_drg.txt,FX 63-137 (C),fx63137,Y. Tinel,clean,clean,,,100019,bm04997.dat,-7.24,-0.32,0.1437
vol4,fx63137_c_drg.txt,FX 63-137 (C),fx63137,Y. Tinel,clean,clean,,,100019,bm04997.dat,-6.23,-0.296,0.1195
vol4,fx63137_c_drg.txt,FX 63-137 (C),fx63137,Y. Tinel,clean,clean,,,100019,bm04997.dat,-5.19,-0.012,0.0411
vol4,fx63137_c_drg.txt,FX 63-137 (C),fx63137,Y. Tinel,clean,clean,,,100019,bm04997.dat,-4.14,0.12,0.0364
vol4,fx63137_c_drg.txt,FX 63-137 (C),fx63137,Y. Tinel,clean,clean,,,100019,bm04997.dat,-3.09,0.261,0.0353
vol4,fx63137_c_drg.txt,FX 63-137 (C),fx63137,Y. Tinel,clean,clean,,,100019,bm04997.dat,-2.05,0.394,0.0366
vol4,fx63137_c_drg.txt,FX 63-137 (C),fx63137,Y. Tinel,clean,clean,,,100019,bm04997.dat,-1.05,0.478,0.0414
vol4,fx63137_c_drg.txt,FX 63-137 (C),fx63137,Y. Tinel,clean,clean,,,100019,bm04997.dat,0.0,0.543,0.0469
vol4,fx63137_c_drg.txt,FX 63-137 (C),fx63137,Y. Tinel,clean,clean,,,100019,bm04997.dat,1.02,0.605,0.0517
vol4,fx63137_c_drg.txt,FX 63-137 (C),fx63137,Y. Tinel,clean,clean,,,100019,bm04997.dat,2.05,0.655,0.0587
vol4,fx63137_c_drg.txt,FX 63-137 (C),fx63137,Y. Tinel,clean,clean,,,100019,bm04997.dat,3.04,0.711,0.0655
vol4,fx63137_c_drg.txt,FX 63-137 (C),fx63137,Y. Tinel,clean,clean,,,100019,bm04997.dat,4.01,0.797,0.076
vol4,fx63137_c_drg.txt,FX 63-137 (C),fx63137,Y. Tinel,clean,clean,,,100019,bm04997.dat,5.12,1.066,0.0501
vol4,fx63137_c_drg.txt,FX 63-137 (C),fx63137,Y. Tinel,clean,clean,,,100019,bm04997.dat,6.17,1.274,0.038
vol4,fx63137_c_drg.txt,FX 63-137 (C),fx63137,Y. Tinel,clean,clean,,,100019,bm04997.dat,7.2,1.399,0.0341
vol4,fx63137_c_drg.txt,FX 63-137 (C),fx63137,Y. Tinel,clean,clean,,,100019,bm04997.dat,8.23,1.512,0.0319
vol4,fx63137_c_drg.txt,FX 63-137 (C),fx63137,Y. Tinel,clean,clean,,,100019,bm04997.dat,9.19,1.595,0.0314
vol4,fx63137_c_drg.txt,FX 63-137 (C),fx63137,Y. Tinel,clean,clean,,,100019,bm04997.dat,10.3,1.676,0.0332
vol4,fx63137_c_drg.txt,FX 63-137 (C),fx63137,Y. Tinel,clean,clean,,,100019,bm04997.dat,11.31,1.724,0.0369
vol4,fx63137_c_drg.txt,FX 63-137 (C),fx63137,Y. Tinel,clean,clean,,,100019,bm04997.dat,12.3,1.738,0.0435
vol4,fx63137_c_drg.txt,FX 63-137 (C),fx63137,Y. Tinel,clean,clean,,,100019,bm04997.dat,13.27,1.72,0.0566
vol4,fx63137_c_drg.txt,FX 63-137 (C),fx63137,Y. Tinel,clean,clean,,,149988,bm04999.dat,-7.15,-0.167,0.1111
vol4,fx63137_c_drg.txt,FX 63-137 (C),fx63137,Y. Tinel,clean,clean,,,149988,bm04999.dat,-6.16,0.013,0.0425
vol4,fx63137_c_drg.txt,FX 63-137 (C),fx63137,Y. Tinel,clean,clean,,,149988,bm04999.dat,-5.06,0.183,0.0273
vol4,fx63137_c_drg.txt,FX 63-137 (C),fx63137,Y. Tinel,clean,clean,,,149988,bm04999.dat,-4.08,0.326,0.0225
vol4,fx63137_c_drg.txt,FX 63-137 (C),fx63137,Y. Tinel,clean,clean,,,149988,bm04999.dat,-3.03,0.46,0.0191
vol4,fx63137_c_drg.txt,FX 63-137 (C),fx63137,Y. Tinel,clean,clean,,,149988,bm04999.dat,-2.04,0.564,0.0199
vol4,fx63137_c_drg.txt,FX 63-137 (C),fx63137,Y. Tinel,clean,clean,,,149988,bm04999.dat,-0.97,0.662,0.0208
vol4,fx63137_c_drg.txt,FX 63-137 (C),fx63137,Y. Tinel,clean,clean,,,149988,bm04999.dat,0.03,0.761,0.0213
vol4,fx63137_c_drg.txt,FX 63-137 (C),fx63137,Y. Tinel,clean,clean,,,149988,bm04999.dat,1.08,0.849,0.0221
vol4,fx63137_c_drg.txt,FX 63-137 (C),fx63137,Y. Tinel,clean,clean,,,149988,bm04999.dat,2.1,0.946,0.0221
vol4,fx63137_c_drg.txt,FX 63-137 (C),fx63137,Y. Tinel,clean,clean,,,149988,bm04999.dat,3.12,1.043,0.0219
vol4,fx63137_c_drg.txt,FX 63-137 (C),fx63137,Y. Tinel,clean,clean,,,149988,bm04999.dat,4.14,1.137,0.0215
vol4,fx63137_c_drg.txt,FX 63-137 (C),fx63137,Y. Tinel,clean,clean,,,149988,bm04999.dat,5.17,1.243,0.0216
vol4,fx63137_c_drg.txt,FX 63-137 (C),fx63137,Y. Tinel,clean,clean,,,149988,bm04999.dat,6.14,1.345,0.0218
vol4,fx63137_c_drg.txt,FX 63-137 (C),fx63137,Y. Tinel,clean,clean,,,149988,bm04999.dat,7.22,1.45,0.0224
vol4,fx63137_c_drg.txt,FX 63-137 (C),fx63137,Y. Tinel,clean,clean,,,149988,bm04999.dat,8.26,1.535,0.0234
vol4,fx63137_c_drg.txt,FX 63-137 (C),fx63137,Y. Tinel,clean,clean,,,149988,bm04999.dat,9.28,1.611,0.0249
vol4,fx63137_c_drg.txt,FX 63-137 (C),fx63137,Y. Tinel,clean,clean,,,149988,bm04999.dat,10.31,1.668,0.0274
vol4,fx63137_c_drg.txt,FX 63-137 (C),fx63137,Y. Tinel,clean,clean,,,149988,bm04999.dat,11.27,1.704,0.032
vol4,fx63137_c_drg.txt,FX 63-137 (C),fx63137,Y. Tinel,clean,clean,,,149988,bm04999.dat,12.32,1.708,0.0413
vol4,fx63137_c_drg.txt,FX 63-137 (C),fx63137,Y. Tinel,clean,clean,,,149988,bm04999.dat,13.25,1.697,0.0542
vol4,fx63137_c_drg.txt,FX 63-137 (C),fx63137,Y. Tinel,clean,clean,,,200082,bm05001.dat,-7.13,-0.078,0.0888
vol4,fx63137_c_drg.txt,FX 63-137 (C),fx63137,Y. Tinel,clean,clean,,,200082,bm05001.dat,-6.11,0.112,0.028
vol4,fx63137_c_drg.txt,FX 63-137 (C),fx63137,Y. Tinel,clean,clean,,,200082,bm05001.dat,-5.07,0.244,0.0198
vol4,fx63137_c_drg.txt,FX 63-137 (C),fx63137,Y. Tinel,clean,clean,,,200082,bm05001.dat,-4.04,0.358,0.0169
vol4,fx63137_c_drg.txt,FX 63-137 (C),fx63137,Y. Tinel,clean,clean,,,200082,bm05001.dat,-3.06,0.476,0.0142
vol4,fx63137_c_drg.txt,FX 63-137 (C),fx63137,Y. Tinel,clean,clean,,,200082,bm05001.dat,-2.01,0.588,0.0146
vol4,fx63137_c_drg.txt,FX 63-137 (C),fx63137,Y. Tinel,clean,clean,,,200082,bm05001.dat,-1.0,0.687,0.0154
vol4,fx63137_c_drg.txt,FX 63-137 (C),fx63137,Y. Tinel,clean,clean,,,200082,bm05001.dat,0.05,0.786,0.016
vol4,fx63137_c_drg.txt,FX 63-137 (C),fx63137,Y. Tinel,clean,clean,,,200082,bm05001.dat,1.12,0.889,0.0165
vol4,fx63137_c_drg.txt,FX 63-137 (C),fx63137,Y. Tinel,clean,clean,,,200082,bm05001.dat,2.09,0.988,0.0167
vol4,fx63137_c_drg.txt,FX 63-137 (C),fx63137,Y. Tinel,clean,clean,,,200082,bm05001.dat,3.12,1.087,0.017
vol4,fx63137_c_drg.txt,FX 63-137 (C),fx63137,Y. Tinel,clean,clean,,,200082,bm05001.dat,4.18,1.195,0.0173
vol4,fx63137_c_drg.txt,FX 63-137 (C),fx63137,Y. Tinel,clean,clean,,,200082,bm05001.dat,5.19,1.291,0.0172
vol4,fx63137_c_drg.txt,FX 63-137 (C),fx63137,Y. Tinel,clean,clean,,,200082,bm05001.dat,6.19,1.39,0.0179
vol4,fx63137_c_drg.txt,FX 63-137 (C),fx63137,Y. Tinel,clean,clean,,,200082,bm05001.dat,7.25,1.484,0.019
vol4,fx63137_c_drg.txt,FX 63-137 (C),fx63137,Y. Tinel,clean,clean,,,200082,bm05001.dat,8.25,1.567,0.0201
vol4,fx63137_c_drg.txt,FX 63-137 (C),fx63137,Y. Tinel,clean,clean,,,200082,bm05001.dat,9.24,1.634,0.0219
vol4,fx63137_c_drg.txt,FX 63-137 (C),fx63137,Y. Tinel,clean,clean,,,200082,bm05001.dat,10.24,1.693,0.0252
vol4,fx63137_c_drg.txt,FX 63-137 (C),fx63137,Y. Tinel,clean,clean,,,200082,bm05001.dat,11.3,1.722,0.0305
vol4,fx63137_c_drg.txt,FX 63-137 (C),fx63137,Y. Tinel,clean,clean,,,200082,bm05001.dat,12.26,1.721,0.0403
vol4,fx63137_c_drg.txt,FX 63-137 (C),fx63137,Y. Tinel,clean,clean,,,200082,bm05001.dat,13.28,1.709,0.0571
vol4,fx63137_c_drg.txt,FX 63-137 (C),fx63137,Y. Tinel,clean,clean,,,200082,bm05001.dat,14.27,1.703,0.0762
vol4,fx63137_c_drg.txt,FX 63-137 (C),fx63137,Y. Tinel,clean,clean,,,349958,bm05003.dat,-8.22,-0.127,0.1162
vol4,fx63137_c_drg.txt,FX 63-137 (C),fx63137,Y. Tinel,clean,clean,,,349958,bm05003.dat,-7.15,-0.029,0.0709
vol4,fx63137_c_drg.txt,FX 63-137 (C),fx63137,Y. Tinel,clean,clean,,,349958,bm05003.dat,-6.16,0.13,0.0189
vol4,fx63137_c_drg.txt,FX 63-137 (C),fx63137,Y. Tinel,clean,clean,,,349958,bm05003.dat,-5.09,0.25,0.0145
vol4,fx63137_c_drg.txt,FX 63-137 (C),fx63137,Y. Tinel,clean,clean,,,349958,bm05003.dat,-4.0,0.374,0.0126
vol4,fx63137_c_drg.txt,FX 63-137 (C),fx63137,Y. Tinel,clean,clean,,,349958,bm05003.dat,-3.06,0.486,0.0109
vol4,fx63137_c_drg.txt,FX 63-137 (C),fx63137,Y. Tinel,clean,clean,,,349958,bm05003.dat,-2.03,0.605,0.0104
vol4,fx63137_c_drg.txt,FX 63-137 (C),fx63137,Y. Tinel,clean,clean,,,349958,bm05003.dat,-0.97,0.72,0.0107
vol4,fx63137_c_drg.txt,FX 63-137 (C),fx63137,Y. Tinel,clean,clean,,,349958,bm05003.dat,0.06,0.83,0.0113
vol4,fx63137_c_drg.txt,FX 63-137 (C),fx63137,Y. Tinel,clean,clean,,,349958,bm05003.dat,1.08,0.931,0.0117
vol4,fx63137_c_drg.txt,FX 63-137 (C),fx63137,Y. Tinel,clean,clean,,,349958,bm05003.dat,2.11,1.038,0.0121
vol4,fx63137_c_drg.txt,FX 63-137 (C),fx63137,Y. Tinel,clean,clean,,,349958,bm05003.dat,3.15,1.15,0.0125
vol4,fx63137_c_drg.txt,FX 63-137 (C),fx63137,Y. Tinel,clean,clean,,,349958,bm05003.dat,4.11,1.244,0.0131
vol4,fx63137_c_drg.txt,FX 63-137 (C),fx63137,Y. Tinel,clean,clean,,,349958,bm05003.dat,5.11,1.343,0.0138
vol4,fx63137_c_drg.txt,FX 63-137 (C),fx63137,Y. Tinel,clean,clean,,,349958,bm05003.dat,6.19,1.438,0.0145
vol4,fx63137_c_drg.txt,FX 63-137 (C),fx63137,Y. Tinel,clean,clean,,,349958,bm05003.dat,7.25,1.521,0.0153
vol4,fx63137_c_drg.txt,FX 63-137 (C),fx63137,Y. Tinel,clean,clean,,,349958,bm05003.dat,8.27,1.6,0.0172
vol4,fx63137_c_drg.txt,FX 63-137 (C),fx63137,Y. Tinel,clean,clean,,,349958,bm05003.dat,9.31,1.66,0.0196
vol4,fx63137_c_drg.txt,FX 63-137 (C),fx63137,Y. Tinel,clean,clean,,,349958,bm05003.dat,10.24,1.701,0.0235
vol4,fx63137_c_drg.txt,FX 63-137 (C),fx63137,Y. Tinel,clean,clean,,,349958,bm05003.dat,11.3,1.719,0.0311
vol4,fx63137_c_drg.txt,FX 63-137 (C),fx63137,Y. Tinel,clean,clean,,,349958,bm05003.dat,12.24,1.721,0.0439
vol4,fx63137_c_drg.txt,FX 63-137 (C),fx63137,Y. Tinel,clean,clean,,,349958,bm05003.dat,13.22,1.721,0.0614
vol4,fx63137_c_drg.txt,FX 63-137 (C),fx63137,Y. Tinel,clean,clean,,,349958,bm05003.dat,14.29,1.719,0.0812
vol4,fx63137_c_drg.txt,FX 63-137 (C),fx63137,Y. Tinel,clean,clean,,,499818,bm05005.dat,-8.29,-0.123,0.1132
vol4,fx63137_c_drg.txt,FX 63-137 (C),fx63137,Y. Tinel,clean,clean,,,499818,bm05005.dat,-7.15,-0.0,0.055
vol4,fx63137_c_drg.txt,FX 63-137 (C),fx63137,Y. Tinel,clean,clean,,,499818,bm05005.dat,-6.11,0.147,0.0148
vol4,fx63137_c_drg.txt,FX 63-137 (C),fx63137,Y. Tinel,clean,clean,,,499818,bm05005.dat,-5.08,0.259,0.0123
vol4,fx63137_c_drg.txt,FX 63-137 (C),fx63137,Y. Tinel,clean,clean,,,499818,bm05005.dat,-4.09,0.381,0.0108
vol4,fx63137_c_drg.txt,FX 63-137 (C),fx63137,Y. Tinel,clean,clean,,,499818,bm05005.dat,-2.98,0.507,0.0094
vol4,fx63137_c_drg.txt,FX 63-137 (C),fx63137,Y. Tinel,clean,clean,,,499818,bm05005.dat,-1.96,0.63,0.0087
vol4,fx63137_c_drg.txt,FX 63-137 (C),fx63137,Y. Tinel,clean,clean,,,499818,bm05005.dat,-1.05,0.725,0.009
vol4,fx63137_c_drg.txt,FX 63-137 (C),fx63137,Y. Tinel,clean,clean,,,499818,bm05005.dat,0.07,0.841,0.0096
vol4,fx63137_c_drg.txt,FX 63-137 (C),fx63137,Y. Tinel,clean,clean,,,499818,bm05005.dat,1.11,0.948,0.01
vol4,fx63137_c_drg.txt,FX 63-137 (C),fx63137,Y. Tinel,clean,clean,,,499818,bm05005.dat,2.1,1.052,0.0106
vol4,fx63137_c_drg.txt,FX 63-137 (C),fx63137,Y. Tinel,clean,clean,,,499818,bm05005.dat,3.17,1.162,0.0109
vol4,fx63137_c_drg.txt,FX 63-137 (C),fx63137,Y. Tinel,clean,clean,,,499818,bm05005.dat,4.25,1.274,0.0116
vol4,fx63137_c_drg.txt,FX 63-137 (C),fx63137,Y. Tinel,clean,clean,,,499818,bm05005.dat,5.14,1.36,0.0124
vol4,fx63137_c_drg.txt,FX 63-137 (C),fx63137,Y. Tinel,clean,clean,,,499818,bm05005.dat,6.2,1.459,0.0135
vol4,fx63137_c_drg.txt,FX 63-137 (C),fx63137,Y. Tinel,clean,clean,,,499818,bm05005.dat,7.26,1.547,0.0147
vol4,fx63137_c_drg.txt,FX 63-137 (C),fx63137,Y. Tinel,clean,clean,,,499818,bm05005.dat,8.26,1.617,0.0166
vol4,fx63137_c_drg.txt,FX 63-137 (C),fx63137,Y. Tinel,clean,clean,,,499818,bm05005.dat,9.27,1.673,0.0197
vol4,fx63137_c_drg.txt,FX 63-137 (C),fx63137,Y. Tinel,clean,clean,,,499818,bm05005.dat,10.28,1.704,0.0249
vol4,fx63137_c_drg.txt,FX 63-137 (C),fx63137,Y. Tinel,clean,clean,,,499818,bm05005.dat,11.26,1.717,0.0338
vol4,fx63137_c_drg.txt,FX 63-137 (C),fx63137,Y. Tinel,clean,clean,,,499818,bm05005.dat,12.32,1.722,0.0505
vol4,fx63137_c_drg.txt,FX 63-137 (C),fx63137,Y. Tinel,clean,clean,,,499818,bm05005.dat,13.31,1.723,0.0675
vol4,fx63137_c_drg.txt,FX 63-137 (C),fx63137,Y. Tinel,clean,clean,,,499818,bm05005.dat,14.24,1.721,0.08
vol4,fx63137_tf_drg.txt,FX 63-137 (C),fx63137,Y. Tinel,tripped,"'u.s.t. located at 2% chord, l.s.t. located at 5% chord'",0.02,0.05,100069,bm05007.dat,-7.26,-0.323,0.144
vol4,fx63137_tf_drg.txt,FX 63-137 (C),fx63137,Y. Tinel,tripped,"'u.s.t. located at 2% chord, l.s.t. located at 5% chord'",0.02,0.05,100069,bm05007.dat,-6.23,-0.301,0.1257
vol4,fx63137_tf_drg.txt,FX 63-137 (C),fx63137,Y. Tinel,tripped,"'u.s.t. located at 2% chord, l.s.t. located at 5% chord'",0.02,0.05,100069,bm05007.dat,-5.17,-0.025,0.0434
vol4,fx63137_tf_drg.txt,FX 63-137 (C),fx63137,Y. Tinel,tripped,"'u.s.t. located at 2% chord, l.s.t. located at 5% chord'",0.02,0.05,100069,bm05007.dat,-4.13,0.112,0.0368
vol4,fx63137_tf_drg.txt,FX 63-137 (C),fx63137,Y. Tinel,tripped,"'u.s.t. located at 2% chord, l.s.t. located at 5% chord'",0.02,0.05,100069,bm05007.dat,-3.07,0.258,0.0357
vol4,fx63137_tf_drg.txt,FX 63-137 (C),fx63137,Y. Tinel,tripped,"'u.s.t. located at 2% chord, l.s.t. located at 5% chord'",0.02,0.05,100069,bm05007.dat,-2.04,0.378,0.0362
vol4,fx63137_tf_drg.txt,FX 63-137 (C),fx63137,Y. Tinel,tripped,"'u.s.t. located at 2% chord, l.s.t. located at 5% chord'",0.02,0.05,100069,bm05007.dat,-1.0,0.473,0.0403
vol4,fx63137_tf_drg.txt,FX 63-137 (C),fx63137,Y. Tinel,tripped,"'u.s.t. located at 2% chord, l.s.t. located at 5% chord'",0.02,0.05,100069,bm05007.dat,-0.01,0.547,0.0456
vol4,fx63137_tf_drg.txt,FX 63-137 (C),fx63137,Y. Tinel,tripped,"'u.s.t. located at 2% chord, l.s.t. located at 5% chord'",0.02,0.05,100069,bm05007.dat,1.04,0.613,0.0532
vol4,fx63137_tf_drg.txt,FX 63-137 (C),fx63137,Y. Tinel,tripped,"'u.s.t. located at 2% chord, l.s.t. located at 5% chord'",0.02,0.05,100069,bm05007.dat,2.02,0.673,0.0592
vol4,fx63137_tf_drg.txt,FX 63-137 (C),fx63137,Y. Tinel,tripped,"'u.s.t. located at 2% chord, l.s.t. located at 5% chord'",0.02,0.05,100069,bm05007.dat,3.07,0.878,0.0405
vol4,fx63137_tf_drg.txt,FX 63-137 (C),fx63137,Y. Tinel,tripped,"'u.s.t. located at 2% chord, l.s.t. located at 5% chord'",0.02,0.05,100069,bm05007.dat,4.08,1.046,0.0283
vol4,fx63137_tf_drg.txt,FX 63-137 (C),fx63137,Y. Tinel,tripped,"'u.s.t. located at 2% chord, l.s.t. located at 5% chord'",0.02,0.05,100069,bm05007.dat,5.16,1.171,0.0246
vol4,fx63137_tf_drg.txt,FX 63-137 (C),fx63137,Y. Tinel,tripped,"'u.s.t. located at 2% chord, l.s.t. located at 5% chord'",0.02,0.05,100069,bm05007.dat,6.13,1.263,0.0235
vol4,fx63137_tf_drg.txt,FX 63-137 (C),fx63137,Y. Tinel,tripped,"'u.s.t. located at 2% chord, l.s.t. located at 5% chord'",0.02,0.05,100069,bm05007.dat,7.23,1.359,0.0242
vol4,fx63137_tf_drg.txt,FX 63-137 (C),fx63137,Y. Tinel,tripped,"'u.s.t. located at 2% chord, l.s.t. located at 5% chord'",0.02,0.05,100069,bm05007.dat,8.2,1.429,0.026
vol4,fx63137_tf_drg.txt,FX 63-137 (C),fx63137,Y. Tinel,tripped,"'u.s.t. located at 2% chord, l.s.t. located at 5% chord'",0.02,0.05,100069,bm05007.dat,9.24,1.489,0.0295
vol4,fx63137_tf_drg.txt,FX 63-137 (C),fx63137,Y. Tinel,tripped,"'u.s.t. located at 2% chord, l.s.t. located at 5% chord'",0.02,0.05,100069,bm05007.dat,10.22,1.523,0.035
vol4,fx63137_tf_drg.txt,FX 63-137 (C),fx63137,Y. Tinel,tripped,"'u.s.t. located at 2% chord, l.s.t. located at 5% chord'",0.02,0.05,100069,bm05007.dat,11.29,1.519,0.0505
vol4,fx63137_tf_drg.txt,FX 63-137 (C),fx63137,Y. Tinel,tripped,"'u.s.t. located at 2% chord, l.s.t. located at 5% chord'",0.02,0.05,100069,bm05007.dat,12.24,1.494,0.0744
vol4,fx63137_tf_drg.txt,FX 63-137 (C),fx63137,Y. Tinel,tripped,"'u.s.t. located at 2% chord, l.s.t. located at 5% chord'",0.02,0.05,100069,bm05007.dat,13.23,1.462,0.1096
vol4,fx63137_tf_drg.txt,FX 63-137 (C),fx63137,Y. Tinel,tripped,"'u.s.t. located at 2% chord, l.s.t. located at 5% chord'",0.02,0.05,150199,bm05009.dat,-7.2,-0.145,0.1164
vol4,fx63137_tf_drg.txt,FX 63-137 (C),fx63137,Y. Tinel,tripped,"'u.s.t. located at 2% chord, l.s.t. located at 5% chord'",0.02,0.05,150199,bm05009.dat,-6.13,0.037,0.046
vol4,fx63137_tf_drg.txt,FX 63-137 (C),fx63137,Y. Tinel,tripped,"'u.s.t. located at 2% chord, l.s.t. located at 5% chord'",0.02,0.05,150199,bm05009.dat,-5.1,0.198,0.0281
vol4,fx63137_tf_drg.txt,FX 63-137 (C),fx63137,Y. Tinel,tripped,"'u.s.t. located at 2% chord, l.s.t. located at 5% chord'",0.02,0.05,150199,bm05009.dat,-4.08,0.33,0.0229
vol4,fx63137_tf_drg.txt,FX 63-137 (C),fx63137,Y. Tinel,tripped,"'u.s.t. located at 2% chord, l.s.t. located at 5% chord'",0.02,0.05,150199,bm05009.dat,-3.04,0.457,0.0205
vol4,fx63137_tf_drg.txt,FX 63-137 (C),fx63137,Y. Tinel,tripped,"'u.s.t. located at 2% chord, l.s.t. located at 5% chord'",0.02,0.05,150199,bm05009.dat,-2.02,0.573,0.0194
vol4,fx63137_tf_drg.txt,FX 63-137 (C),fx63137,Y. Tinel,tripped,"'u.s.t. located at 2% chord, l.s.t. located at 5% chord'",0.02,0.05,150199,bm05009.dat,-0.99,0.678,0.0197
vol4,fx63137_tf_drg.txt,FX 63-137 (C),fx63137,Y. Tinel,tripped,"'u.s.t. located at 2% chord, l.s.t. located at 5% chord'",0.02,0.05,150199,bm05009.dat,-0.01,0.774,0.0206
vol4,fx63137_tf_drg.txt,FX 63-137 (C),fx63137,Y. Tinel,tripped,"'u.s.t. located at 2% chord, l.s.t. located at 5% chord'",0.02,0.05,150199,bm05009.dat,1.05,0.88,0.0203
vol4,fx63137_tf_drg.txt,FX 63-137 (C),fx63137,Y. Tinel,tripped,"'u.s.t. located at 2% chord, l.s.t. located at 5% chord'",0.02,0.05,150199,bm05009.dat,2.11,0.988,0.0185
vol4,fx63137_tf_drg.txt,FX 63-137 (C),fx63137,Y. Tinel,tripped,"'u.s.t. located at 2% chord, l.s.t. located at 5% chord'",0.02,0.05,150199,bm05009.dat,3.11,1.079,0.0178
vol4,fx63137_tf_drg.txt,FX 63-137 (C),fx63137,Y. Tinel,tripped,"'u.s.t. located at 2% chord, l.s.t. located at 5% chord'",0.02,0.05,150199,bm05009.dat,4.12,1.169,0.0174
vol4,fx63137_tf_drg.txt,FX 63-137 (C),fx63137,Y. Tinel,tripped,"'u.s.t. located at 2% chord, l.s.t. located at 5% chord'",0.02,0.05,150199,bm05009.dat,5.16,1.243,0.0202
vol4,fx63137_tf_drg.txt,FX 63-137 (C),fx63137,Y. Tinel,tripped,"'u.s.t. located at 2% chord, l.s.t. located at 5% chord'",0.02,0.05,150199,bm05009.dat,6.18,1.313,0.0233
vol4,fx63137_tf_drg.txt,FX 63-137 (C),fx63137,Y. Tinel,tripped,"'u.s.t. located at 2% chord, l.s.t. located at 5% chord'",0.02,0.05,150199,bm05009.dat,7.19,1.366,0.0273
vol4,fx63137_tf_drg.txt,FX 63-137 (C),fx63137,Y. Tinel,tripped,"'u.s.t. located at 2% chord, l.s.t. located at 5% chord'",0.02,0.05,150199,bm05009.dat,8.2,1.413,0.0322
vol4,fx63137_tf_drg.txt,FX 63-137 (C),fx63137,Y. Tinel,tripped,"'u.s.t. located at 2% chord, l.s.t. located at 5% chord'",0.02,0.05,150199,bm05009.dat,9.21,1.443,0.0396
vol4,fx63137_tf_drg.txt,FX 63-137 (C),fx63137,Y. Tinel,tripped,"'u.s.t. located at 2% chord, l.s.t. located at 5% chord'",0.02,0.05,150199,bm05009.dat,10.23,1.465,0.0516
vol4,fx63137_tf_drg.txt,FX 63-137 (C),fx63137,Y. Tinel,tripped,"'u.s.t. located at 2% chord, l.s.t. located at 5% chord'",0.02,0.05,150199,bm05009.dat,11.22,1.476,0.074
vol4,fx63137_tf_drg.txt,FX 63-137 (C),fx63137,Y. Tinel,tripped,"'u.s.t. located at 2% chord, l.s.t. located at 5% chord'",0.02,0.05,150199,bm05009.dat,12.23,1.484,0.0943
vol4,fx63137_tf_drg.txt,FX 63-137 (C),fx63137,Y. Tinel,tripped,"'u.s.t. located at 2% chord, l.s.t. located at 5% chord'",0.02,0.05,150199,bm05009.dat,13.22,1.486,0.1105
vol4,fx63137_tf_drg.txt,FX 63-137 (C),fx63137,Y. Tinel,tripped,"'u.s.t. located at 2% chord, l.s.t. located at 5% chord'",0.02,0.05,199966,bm05011.dat,-7.18,-0.079,0.0892
vol4,fx63137_tf_drg.txt,FX 63-137 (C),fx63137,Y. Tinel,tripped,"'u.s.t. located at 2% chord, l.s.t. located at 5% chord'",0.02,0.05,199966,bm05011.dat,-6.07,0.114,0.0287
vol4,fx63137_tf_drg.txt,FX 63-137 (C),fx63137,Y. Tinel,tripped,"'u.s.t. located at 2% chord, l.s.t. located at 5% chord'",0.02,0.05,199966,bm05011.dat,-5.1,0.235,0.0204
vol4,fx63137_tf_drg.txt,FX 63-137 (C),fx63137,Y. Tinel,tripped,"'u.s.t. located at 2% chord, l.s.t. located at 5% chord'",0.02,0.05,199966,bm05011.dat,-4.06,0.352,0.0169
vol4,fx63137_tf_drg.txt,FX 63-137 (C),fx63137,Y. Tinel,tripped,"'u.s.t. located at 2% chord, l.s.t. located at 5% chord'",0.02,0.05,199966,bm05011.dat,-3.0,0.462,0.0155
vol4,fx63137_tf_drg.txt,FX 63-137 (C),fx63137,Y. Tinel,tripped,"'u.s.t. located at 2% chord, l.s.t. located at 5% chord'",0.02,0.05,199966,bm05011.dat,-2.05,0.561,0.0152
vol4,fx63137_tf_drg.txt,FX 63-137 (C),fx63137,Y. Tinel,tripped,"'u.s.t. located at 2% chord, l.s.t. located at 5% chord'",0.02,0.05,199966,bm05011.dat,-1.0,0.67,0.0147
vol4,fx63137_tf_drg.txt,FX 63-137 (C),fx63137,Y. Tinel,tripped,"'u.s.t. located at 2% chord, l.s.t. located at 5% chord'",0.02,0.05,199966,bm05011.dat,0.08,0.787,0.0139
vol4,fx63137_tf_drg.txt,FX 63-137 (C),fx63137,Y. Tinel,tripped,"'u.s.t. located at 2% chord, l.s.t. located at 5% chord'",0.02,0.05,199966,bm05011.dat,1.06,0.883,0.0146
vol4,fx63137_tf_drg.txt,FX 63-137 (C),fx63137,Y. Tinel,tripped,"'u.s.t. located at 2% chord, l.s.t. located at 5% chord'",0.02,0.05,199966,bm05011.dat,2.13,0.971,0.0155
vol4,fx63137_tf_drg.txt,FX 63-137 (C),fx63137,Y. Tinel,tripped,"'u.s.t. located at 2% chord, l.s.t. located at 5% chord'",0.02,0.05,199966,bm05011.dat,3.11,1.04,0.0186
vol4,fx63137_tf_drg.txt,FX 63-137 (C),fx63137,Y. Tinel,tripped,"'u.s.t. located at 2% chord, l.s.t. located at 5% chord'",0.02,0.05,199966,bm05011.dat,4.12,1.119,0.02
vol4,fx63137_tf_drg.txt,FX 63-137 (C),fx63137,Y. Tinel,tripped,"'u.s.t. located at 2% chord, l.s.t. located at 5% chord'",0.02,0.05,199966,bm05011.dat,5.13,1.197,0.0221
vol4,fx63137_tf_drg.txt,FX 63-137 (C),fx63137,Y. Tinel,tripped,"'u.s.t. located at 2% chord, l.s.t. located at 5% chord'",0.02,0.05,199966,bm05011.dat,6.16,1.263,0.0251
vol4,fx63137_tf_drg.txt,FX 63-137 (C),fx63137,Y. Tinel,tripped,"'u.s.t. located at 2% chord, l.s.t. located at 5% chord'",0.02,0.05,199966,bm05011.dat,7.17,1.325,0.0284
vol4,fx63137_tf_drg.txt,FX 63-137 (C),fx63137,Y. Tinel,tripped,"'u.s.t. located at 2% chord, l.s.t. located at 5% chord'",0.02,0.05,199966,bm05011.dat,8.17,1.376,0.0328
vol4,fx63137_tf_drg.txt,FX 63-137 (C),fx63137,Y. Tinel,tripped,"'u.s.t. located at 2% chord, l.s.t. located at 5% chord'",0.02,0.05,199966,bm05011.dat,9.23,1.413,0.0416
vol4,fx63137_tf_drg.txt,FX 63-137 (C),fx63137,Y. Tinel,tripped,"'u.s.t. located at 2% chord, l.s.t. located at 5% chord'",0.02,0.05,199966,bm05011.dat,10.2,1.437,0.0562
vol4,fx63137_tf_drg.txt,FX 63-137 (C),fx63137,Y. Tinel,tripped,"'u.s.t. located at 2% chord, l.s.t. located at 5% chord'",0.02,0.05,350058,bm05013.dat,-7.15,-0.033,0.0711
vol4,fx63137_tf_drg.txt,FX 63-137 (C),fx63137,Y. Tinel,tripped,"'u.s.t. located at 2% chord, l.s.t. located at 5% chord'",0.02,0.05,350058,bm05013.dat,-6.07,0.139,0.0158
vol4,fx63137_tf_drg.txt,FX 63-137 (C),fx63137,Y. Tinel,tripped,"'u.s.t. located at 2% chord, l.s.t. located at 5% chord'",0.02,0.05,350058,bm05013.dat,-5.09,0.248,0.0142
vol4,fx63137_tf_drg.txt,FX 63-137 (C),fx63137,Y. Tinel,tripped,"'u.s.t. located at 2% chord, l.s.t. located at 5% chord'",0.02,0.05,350058,bm05013.dat,-4.07,0.364,0.0121
vol4,fx63137_tf_drg.txt,FX 63-137 (C),fx63137,Y. Tinel,tripped,"'u.s.t. located at 2% chord, l.s.t. located at 5% chord'",0.02,0.05,350058,bm05013.dat,-3.05,0.479,0.0119
vol4,fx63137_tf_drg.txt,FX 63-137 (C),fx63137,Y. Tinel,tripped,"'u.s.t. located at 2% chord, l.s.t. located at 5% chord'",0.02,0.05,350058,bm05013.dat,-2.0,0.581,0.0115
vol4,fx63137_tf_drg.txt,FX 63-137 (C),fx63137,Y. Tinel,tripped,"'u.s.t. located at 2% chord, l.s.t. located at 5% chord'",0.02,0.05,350058,bm05013.dat,-1.0,0.666,0.0129
vol4,fx63137_tf_drg.txt,FX 63-137 (C),fx63137,Y. Tinel,tripped,"'u.s.t. located at 2% chord, l.s.t. located at 5% chord'",0.02,0.05,350058,bm05013.dat,0.03,0.759,0.0149
vol4,fx63137_tf_drg.txt,FX 63-137 (C),fx63137,Y. Tinel,tripped,"'u.s.t. located at 2% chord, l.s.t. located at 5% chord'",0.02,0.05,350058,bm05013.dat,1.07,0.855,0.016
vol4,fx63137_tf_drg.txt,FX 63-137 (C),fx63137,Y. Tinel,tripped,"'u.s.t. located at 2% chord, l.s.t. located at 5% chord'",0.02,0.05,350058,bm05013.dat,2.11,0.95,0.0173
vol4,fx63137_tf_drg.txt,FX 63-137 (C),fx63137,Y. Tinel,tripped,"'u.s.t. located at 2% chord, l.s.t. located at 5% chord'",0.02,0.05,350058,bm05013.dat,3.12,1.042,0.0188
vol4,fx63137_tf_drg.txt,FX 63-137 (C),fx63137,Y. Tinel,tripped,"'u.s.t. located at 2% chord, l.s.t. located at 5% chord'",0.02,0.05,350058,bm05013.dat,4.13,1.129,0.0207
vol4,fx63137_tf_drg.txt,FX 63-137 (C),fx63137,Y. Tinel,tripped,"'u.s.t. located at 2% chord, l.s.t. located at 5% chord'",0.02,0.05,350058,bm05013.dat,5.14,1.205,0.0225
vol4,fx63137_tf_drg.txt,FX 63-137 (C),fx63137,Y. Tinel,tripped,"'u.s.t. located at 2% chord, l.s.t. located at 5% chord'",0.02,0.05,350058,bm05013.dat,6.16,1.289,0.0248
vol4,fx63137_tf_drg.txt,FX 63-137 (C),fx63137,Y. Tinel,tripped,"'u.s.t. located at 2% chord, l.s.t. located at 5% chord'",0.02,0.05,350058,bm05013.dat,7.19,1.348,0.0278
vol4,fx63137_tf_drg.txt,FX 63-137 (C),fx63137,Y. Tinel,tripped,"'u.s.t. located at 2% chord, l.s.t. located at 5% chord'",0.02,0.05,350058,bm05013.dat,8.19,1.388,0.0335
vol4,fx63137_tf_drg.txt,FX 63-137 (C),fx63137,Y. Tinel,tripped,"'u.s.t. located at 2% chord, l.s.t. located at 5% chord'",0.02,0.05,350058,bm05013.dat,9.23,1.422,0.044
vol4,fx63137_tf_drg.txt,FX 63-137 (C),fx63137,Y. Tinel,tripped,"'u.s.t. located at 2% chord, l.s.t. located at 5% chord'",0.02,0.05,350058,bm05013.dat,10.22,1.448,0.0607
vol4,fx63137_tf_drg.txt,FX 63-137 (C),fx63137,Y. Tinel,tripped,"'u.s.t. located at 2% chord, l.s.t. located at 5% chord'",0.02,0.05,499532,bm05015.dat,-7.21,-0.027,0.0675
vol4,fx63137_tf_drg.txt,FX 63-137 (C),fx63137,Y. Tinel,tripped,"'u.s.t. located at 2% chord, l.s.t. located at 5% chord'",0.02,0.05,499532,bm05015.dat,-6.13,0.142,0.0144
vol4,fx63137_tf_drg.txt,FX 63-137 (C),fx63137,Y. Tinel,tripped,"'u.s.t. located at 2% chord, l.s.t. located at 5% chord'",0.02,0.05,499532,bm05015.dat,-5.09,0.26,0.0115
vol4,fx63137_tf_drg.txt,FX 63-137 (C),fx63137,Y. Tinel,tripped,"'u.s.t. located at 2% chord, l.s.t. located at 5% chord'",0.02,0.05,499532,bm05015.dat,-4.07,0.366,0.0111
vol4,fx63137_tf_drg.txt,FX 63-137 (C),fx63137,Y. Tinel,tripped,"'u.s.t. located at 2% chord, l.s.t. located at 5% chord'",0.02,0.05,499532,bm05015.dat,-3.09,0.463,0.0112
vol4,fx63137_tf_drg.txt,FX 63-137 (C),fx63137,Y. Tinel,tripped,"'u.s.t. located at 2% chord, l.s.t. located at 5% chord'",0.02,0.05,499532,bm05015.dat,-2.02,0.572,0.0121
vol4,fx63137_tf_drg.txt,FX 63-137 (C),fx63137,Y. Tinel,tripped,"'u.s.t. located at 2% chord, l.s.t. located at 5% chord'",0.02,0.05,499532,bm05015.dat,-0.99,0.667,0.0133
vol4,fx63137_tf_drg.txt,FX 63-137 (C),fx63137,Y. Tinel,tripped,"'u.s.t. located at 2% chord, l.s.t. located at 5% chord'",0.02,0.05,499532,bm05015.dat,-0.02,0.749,0.0145
vol4,fx63137_tf_drg.txt,FX 63-137 (C),fx63137,Y. Tinel,tripped,"'u.s.t. located at 2% chord, l.s.t. located at 5% chord'",0.02,0.05,499532,bm05015.dat,1.07,0.853,0.0158
vol4,fx63137_tf_drg.txt,FX 63-137 (C),fx63137,Y. Tinel,tripped,"'u.s.t. located at 2% chord, l.s.t. located at 5% chord'",0.02,0.05,499532,bm05015.dat,2.08,0.943,0.0171
vol4,fx63137_tf_drg.txt,FX 63-137 (C),fx63137,Y. Tinel,tripped,"'u.s.t. located at 2% chord, l.s.t. located at 5% chord'",0.02,0.05,499532,bm05015.dat,3.06,1.032,0.0183
vol4,fx63137_tf_drg.txt,FX 63-137 (C),fx63137,Y. Tinel,tripped,"'u.s.t. located at 2% chord, l.s.t. located at 5% chord'",0.02,0.05,499532,bm05015.dat,4.16,1.135,0.0201
vol4,fx63137_tf_drg.txt,FX 63-137 (C),fx63137,Y. Tinel,tripped,"'u.s.t. located at 2% chord, l.s.t. located at 5% chord'",0.02,0.05,499532,bm05015.dat,5.18,1.218,0.0221
vol4,fx63137_tf_drg.txt,FX 63-137 (C),fx63137,Y. Tinel,tripped,"'u.s.t. located at 2% chord, l.s.t. located at 5% chord'",0.02,0.05,499532,bm05015.dat,6.16,1.287,0.0248
vol4,fx63137_tf_drg.txt,FX 63-137 (C),fx63137,Y. Tinel,tripped,"'u.s.t. located at 2% chord, l.s.t. located at 5% chord'",0.02,0.05,499532,bm05015.dat,7.21,1.35,0.0294
vol4,fx63137_tf_drg.txt,FX 63-137 (C),fx63137,Y. Tinel,tripped,"'u.s.t. located at 2% chord, l.s.t. located at 5% chord'",0.02,0.05,499532,bm05015.dat,8.22,1.395,0.0362
vol4,fx63137_tf_drg.txt,FX 63-137 (C),fx63137,Y. Tinel,tripped,"'u.s.t. located at 2% chord, l.s.t. located at 5% chord'",0.02,0.05,499532,bm05015.dat,9.23,1.431,0.0486
vol4,fx63137_tf_drg.txt,FX 63-137 (C),fx63137,Y. Tinel,tripped,"'u.s.t. located at 2% chord, l.s.t. located at 5% chord'",0.02,0.05,499532,bm05015.dat,10.22,1.456,0.0667
vol4,sd2030_c_drg.txt,SD2030 (B),sd2030,Y. Tinel,clean,'clean',,,100002,bm05077.dat,-6.02,-0.414,0.0531
vol4,sd2030_c_drg.txt,SD2030 (B),sd2030,Y. Tinel,clean,'clean',,,100002,bm05077.dat,-4.95,-0.339,0.0321
vol4,sd2030_c_drg.txt,SD2030 (B),sd2030,Y. Tinel,clean,'clean',,,100002,bm05077.dat,-3.98,-0.262,0.0238
vol4,sd2030_c_drg.txt,SD2030 (B),sd2030,Y. Tinel,clean,'clean',,,100002,bm05077.dat,-2.99,-0.17,0.0189
vol4,sd2030_c_drg.txt,SD2030 (B),sd2030,Y. Tinel,clean,'clean',,,100002,bm05077.dat,-1.9,-0.074,0.0136
vol4,sd2030_c_drg.txt,SD2030 (B),sd2030,Y. Tinel,clean,'clean',,,100002,bm05077.dat,-0.93,0.011,0.0138
vol4,sd2030_c_drg.txt,SD2030 (B),sd2030,Y. Tinel,clean,'clean',,,100002,bm05077.dat,0.11,0.122,0.0154
vol4,sd2030_c_drg.txt,SD2030 (B),sd2030,Y. Tinel,clean,'clean',,,100002,bm05077.dat,1.14,0.231,0.0163
vol4,sd2030_c_drg.txt,SD2030 (B),sd2030,Y. Tinel,clean,'clean',,,100002,bm05077.dat,2.17,0.403,0.0188
vol4,sd2030_c_drg.txt,SD2030 (B),sd2030,Y. Tinel,clean,'clean',,,100002,bm05077.dat,3.17,0.574,0.0171
vol4,sd2030_c_drg.txt,SD2030 (B),sd2030,Y. Tinel,clean,'clean',,,100002,bm05077.dat,4.26,0.693,0.0154
vol4,sd2030_c_drg.txt,SD2030 (B),sd2030,Y. Tinel,clean,'clean',,,100002,bm05077.dat,5.29,0.784,0.0147
vol4,sd2030_c_drg.txt,SD2030 (B),sd2030,Y. Tinel,clean,'clean',,,100002,bm05077.dat,6.32,0.873,0.017
vol4,sd2030_c_drg.txt,SD2030 (B),sd2030,Y. Tinel,clean,'clean',,,100002,bm05077.dat,7.33,0.945,0.0215
vol4,sd2030_c_drg.txt,SD2030 (B),sd2030,Y. Tinel,clean,'clean',,,100002,bm05077.dat,8.34,1.0,0.0269
vol4,sd2030_c_drg.txt,SD2030 (B),sd2030,Y. Tinel,clean,'clean',,,100002,bm05077.dat,9.36,1.051,0.0351
vol4,sd2030_c_drg.txt,SD2030 (B),sd2030,Y. Tinel,clean,'clean',,,100002,bm05077.dat,10.34,1.09,0.0437
vol4,sd2030_c_drg.txt,SD2030 (B),sd2030,Y. Tinel,clean,'clean',,,100002,bm05077.dat,11.39,1.105,0.0679
vol4,sd2030_c_drg.txt,SD2030 (B),sd2030,Y. Tinel,clean,'clean',,,199829,bm05079.dat,-6.04,-0.447,0.055
vol4,sd2030_c_drg.txt,SD2030 (B),sd2030,Y. Tinel,clean,'clean',,,199829,bm05079.dat,-4.98,-0.336,0.0286
vol4,sd2030_c_drg.txt,SD2030 (B),sd2030,Y. Tinel,clean,'clean',,,199829,bm05079.dat,-3.95,-0.235,0.0194
vol4,sd2030_c_drg.txt,SD2030 (B),sd2030,Y. Tinel,clean,'clean',,,199829,bm05079.dat,-2.98,-0.126,0.0163
vol4,sd2030_c_drg.txt,SD2030 (B),sd2030,Y. Tinel,clean,'clean',,,199829,bm05079.dat,-1.87,0.006,0.0131
vol4,sd2030_c_drg.txt,SD2030 (B),sd2030,Y. Tinel,clean,'clean',,,199829,bm05079.dat,-0.88,0.115,0.0116
vol4,sd2030_c_drg.txt,SD2030 (B),sd2030,Y. Tinel,clean,'clean',,,199829,bm05079.dat,0.15,0.252,0.0118
vol4,sd2030_c_drg.txt,SD2030 (B),sd2030,Y. Tinel,clean,'clean',,,199829,bm05079.dat,1.17,0.391,0.0111
vol4,sd2030_c_drg.txt,SD2030 (B),sd2030,Y. Tinel,clean,'clean',,,199829,bm05079.dat,2.23,0.499,0.0104
vol4,sd2030_c_drg.txt,SD2030 (B),sd2030,Y. Tinel,clean,'clean',,,199829,bm05079.dat,3.21,0.593,0.0099
vol4,sd2030_c_drg.txt,SD2030 (B),sd2030,Y. Tinel,clean,'clean',,,199829,bm05079.dat,4.22,0.69,0.0096
vol4,sd2030_c_drg.txt,SD2030 (B),sd2030,Y. Tinel,clean,'clean',,,199829,bm05079.dat,5.26,0.784,0.0113
vol4,sd2030_c_drg.txt,SD2030 (B),sd2030,Y. Tinel,clean,'clean',,,199829,bm05079.dat,6.3,0.869,0.0142
vol4,sd2030_c_drg.txt,SD2030 (B),sd2030,Y. Tinel,clean,'clean',,,199829,bm05079.dat,7.34,0.945,0.0178
vol4,sd2030_c_drg.txt,SD2030 (B),sd2030,Y. Tinel,clean,'clean',,,199829,bm05079.dat,8.35,1.012,0.0221
vol4,sd2030_c_drg.txt,SD2030 (B),sd2030,Y. Tinel,clean,'clean',,,199829,bm05079.dat,9.34,1.07,0.0278
vol4,sd2030_c_drg.txt,SD2030 (B),sd2030,Y. Tinel,clean,'clean',,,199829,bm05079.dat,10.37,1.112,0.0344
vol4,sd2030_c_drg.txt,SD2030 (B),sd2030,Y. Tinel,clean,'clean',,,199829,bm05079.dat,11.38,1.138,0.0472
vol4,sd2030_c_drg.txt,SD2030 (B),sd2030,Y. Tinel,clean,'clean',,,204098,bm05133.dat,12.41,1.072,0.1847
vol4,sd2030_c_drg.txt,SD2030 (B),sd2030,Y. Tinel,clean,'clean',,,204098,bm05133.dat,13.39,0.996,0.2214
vol4,sd2030_c_drg.txt,SD2030 (B),sd2030,Y. Tinel,clean,'clean',,,349889,bm05081.dat,-6.53,-0.486,0.0698
vol4,sd2030_c_drg.txt,SD2030 (B),sd2030,Y. Tinel,clean,'clean',,,349889,bm05081.dat,-5.48,-0.361,0.0371
vol4,sd2030_c_drg.txt,SD2030 (B),sd2030,Y. Tinel,clean,'clean',,,349889,bm05081.dat,-4.5,-0.246,0.0186
vol4,sd2030_c_drg.txt,SD2030 (B),sd2030,Y. Tinel,clean,'clean',,,349889,bm05081.dat,-3.44,-0.115,0.0142
vol4,sd2030_c_drg.txt,SD2030 (B),sd2030,Y. Tinel,clean,'clean',,,349889,bm05081.dat,-2.44,0.024,0.0105
vol4,sd2030_c_drg.txt,SD2030 (B),sd2030,Y. Tinel,clean,'clean',,,349889,bm05081.dat,-1.36,0.14,0.0085
vol4,sd2030_c_drg.txt,SD2030 (B),sd2030,Y. Tinel,clean,'clean',,,349889,bm05081.dat,-0.35,0.229,0.0075
vol4,sd2030_c_drg.txt,SD2030 (B),sd2030,Y. Tinel,clean,'clean',,,349889,bm05081.dat,0.67,0.332,0.0081
vol4,sd2030_c_drg.txt,SD2030 (B),sd2030,Y. Tinel,clean,'clean',,,349889,bm05081.dat,1.68,0.444,0.0071
vol4,sd2030_c_drg.txt,SD2030 (B),sd2030,Y. Tinel,clean,'clean',,,349889,bm05081.dat,2.72,0.552,0.007
vol4,sd2030_c_drg.txt,SD2030 (B),sd2030,Y. Tinel,clean,'clean',,,349889,bm05081.dat,3.74,0.661,0.0074
vol4,sd2030_c_drg.txt,SD2030 (B),sd2030,Y. Tinel,clean,'clean',,,349889,bm05081.dat,4.85,0.757,0.0094
vol4,sd2030_c_drg.txt,SD2030 (B),sd2030,Y. Tinel,clean,'clean',,,349889,bm05081.dat,5.81,0.843,0.0117
vol4,sd2030_c_drg.txt,SD2030 (B),sd2030,Y. Tinel,clean,'clean',,,349889,bm05081.dat,6.83,0.93,0.0144
vol4,sd2030_c_drg.txt,SD2030 (B),sd2030,Y. Tinel,clean,'clean',,,349889,bm05081.dat,7.78,1.003,0.017
vol4,sd2030_c_drg.txt,SD2030 (B),sd2030,Y. Tinel,clean,'clean',,,349889,bm05081.dat,8.85,1.075,0.0212
vol4,sd2030_c_drg.txt,SD2030 (B),sd2030,Y. Tinel,clean,'clean',,,349889,bm05081.dat,9.87,1.129,0.0271
vol4,sd2030_c_drg.txt,SD2030 (B),sd2030,Y. Tinel,clean,'clean',,,349889,bm05081.dat,10.9,1.167,0.0392
vol4,sd2030_c_drg.txt,SD2030 (B),sd2030,Y. Tinel,clean,'clean',,,355456,bm05134.dat,11.87,1.152,0.1079
vol4,sd2030_c_drg.txt,SD2030 (B),sd2030,Y. Tinel,clean,'clean',,,355456,bm05134.dat,12.88,1.094,0.1997
vol4,sd2030_c_drg.txt,SD2030 (B),sd2030,Y. Tinel,clean,'clean',,,499053,bm05083.dat,-6.0,-0.368,0.0445
vol4,sd2030_c_drg.txt,SD2030 (B),sd2030,Y. Tinel,clean,'clean',,,499053,bm05083.dat,-4.93,-0.238,0.0164
vol4,sd2030_c_drg.txt,SD2030 (B),sd2030,Y. Tinel,clean,'clean',,,499053,bm05083.dat,-3.95,-0.122,0.0119
vol4,sd2030_c_drg.txt,SD2030 (B),sd2030,Y. Tinel,clean,'clean',,,499053,bm05083.dat,-2.91,-0.009,0.0105
vol4,sd2030_c_drg.txt,SD2030 (B),sd2030,Y. Tinel,clean,'clean',,,499053,bm05083.dat,-1.88,0.099,0.009
vol4,sd2030_c_drg.txt,SD2030 (B),sd2030,Y. Tinel,clean,'clean',,,499053,bm05083.dat,-0.86,0.186,0.0064
vol4,sd2030_c_drg.txt,SD2030 (B),sd2030,Y. Tinel,clean,'clean',,,499053,bm05083.dat,0.2,0.291,0.0058
vol4,sd2030_c_drg.txt,SD2030 (B),sd2030,Y. Tinel,clean,'clean',,,499053,bm05083.dat,1.16,0.41,0.0053
vol4,sd2030_c_drg.txt,SD2030 (B),sd2030,Y. Tinel,clean,'clean',,,499053,bm05083.dat,2.23,0.525,0.0057
vol4,sd2030_c_drg.txt,SD2030 (B),sd2030,Y. Tinel,clean,'clean',,,499053,bm05083.dat,3.24,0.628,0.0064
vol4,sd2030_c_drg.txt,SD2030 (B),sd2030,Y. Tinel,clean,'clean',,,499053,bm05083.dat,4.28,0.725,0.0084
vol4,sd2030_c_drg.txt,SD2030 (B),sd2030,Y. Tinel,clean,'clean',,,499053,bm05083.dat,5.28,0.814,0.0103
vol4,sd2030_c_drg.txt,SD2030 (B),sd2030,Y. Tinel,clean,'clean',,,499053,bm05083.dat,6.3,0.909,0.0125
vol4,sd2030_c_drg.txt,SD2030 (B),sd2030,Y. Tinel,clean,'clean',,,499053,bm05083.dat,7.34,0.993,0.0149
vol4,sd2030_c_drg.txt,SD2030 (B),sd2030,Y. Tinel,clean,'clean',,,499053,bm05083.dat,8.36,1.068,0.0178
vol4,sd2030_c_drg.txt,SD2030 (B),sd2030,Y. Tinel,clean,'clean',,,499053,bm05083.dat,9.39,1.134,0.022
vol4,sd2030_c_drg.txt,SD2030 (B),sd2030,Y. Tinel,clean,'clean',,,499053,bm05083.dat,10.42,1.176,0.0273
vol4,sd2030_c_drg.txt,SD2030 (B),sd2030,Y. Tinel,clean,'clean',,,499053,bm05083.dat,11.4,1.199,0.0356
vol4,sd2030_c_drg.txt,SD2030 (B),sd2030,Y. Tinel,clean,'clean',,,501810,bm05135.dat,12.4,1.205,0.0594
vol4,sd2030_tf_drg.txt,SD2030 (B),sd2030,Y. Tinel,tripped,"'u.s.t. located at 2% chord, l.s.t. located at 5% chord'",0.02,0.05,100118,bm05085.dat,-5.95,-0.391,0.0523
vol4,sd2030_tf_drg.txt,SD2030 (B),sd2030,Y. Tinel,tripped,"'u.s.t. located at 2% chord, l.s.t. located at 5% chord'",0.02,0.05,100118,bm05085.dat,-4.96,-0.319,0.0315
vol4,sd2030_tf_drg.txt,SD2030 (B),sd2030,Y. Tinel,tripped,"'u.s.t. located at 2% chord, l.s.t. located at 5% chord'",0.02,0.05,100118,bm05085.dat,-3.96,-0.25,0.0236
vol4,sd2030_tf_drg.txt,SD2030 (B),sd2030,Y. Tinel,tripped,"'u.s.t. located at 2% chord, l.s.t. located at 5% chord'",0.02,0.05,100118,bm05085.dat,-2.94,-0.166,0.0187
vol4,sd2030_tf_drg.txt,SD2030 (B),sd2030,Y. Tinel,tripped,"'u.s.t. located at 2% chord, l.s.t. located at 5% chord'",0.02,0.05,100118,bm05085.dat,-1.92,-0.072,0.0154
vol4,sd2030_tf_drg.txt,SD2030 (B),sd2030,Y. Tinel,tripped,"'u.s.t. located at 2% chord, l.s.t. located at 5% chord'",0.02,0.05,100118,bm05085.dat,-0.87,0.006,0.0141
vol4,sd2030_tf_drg.txt,SD2030 (B),sd2030,Y. Tinel,tripped,"'u.s.t. located at 2% chord, l.s.t. located at 5% chord'",0.02,0.05,100118,bm05085.dat,0.1,0.105,0.0148
vol4,sd2030_tf_drg.txt,SD2030 (B),sd2030,Y. Tinel,tripped,"'u.s.t. located at 2% chord, l.s.t. located at 5% chord'",0.02,0.05,100118,bm05085.dat,1.21,0.267,0.0165
vol4,sd2030_tf_drg.txt,SD2030 (B),sd2030,Y. Tinel,tripped,"'u.s.t. located at 2% chord, l.s.t. located at 5% chord'",0.02,0.05,100118,bm05085.dat,2.18,0.438,0.0157
vol4,sd2030_tf_drg.txt,SD2030 (B),sd2030,Y. Tinel,tripped,"'u.s.t. located at 2% chord, l.s.t. located at 5% chord'",0.02,0.05,100118,bm05085.dat,3.25,0.557,0.0146
vol4,sd2030_tf_drg.txt,SD2030 (B),sd2030,Y. Tinel,tripped,"'u.s.t. located at 2% chord, l.s.t. located at 5% chord'",0.02,0.05,100118,bm05085.dat,4.27,0.659,0.0137
vol4,sd2030_tf_drg.txt,SD2030 (B),sd2030,Y. Tinel,tripped,"'u.s.t. located at 2% chord, l.s.t. located at 5% chord'",0.02,0.05,100118,bm05085.dat,5.31,0.736,0.0157
vol4,sd2030_tf_drg.txt,SD2030 (B),sd2030,Y. Tinel,tripped,"'u.s.t. located at 2% chord, l.s.t. located at 5% chord'",0.02,0.05,100118,bm05085.dat,6.29,0.804,0.0193
vol4,sd2030_tf_drg.txt,SD2030 (B),sd2030,Y. Tinel,tripped,"'u.s.t. located at 2% chord, l.s.t. located at 5% chord'",0.02,0.05,100118,bm05085.dat,7.3,0.879,0.0228
vol4,sd2030_tf_drg.txt,SD2030 (B),sd2030,Y. Tinel,tripped,"'u.s.t. located at 2% chord, l.s.t. located at 5% chord'",0.02,0.05,100118,bm05085.dat,8.32,0.958,0.0269
vol4,sd2030_tf_drg.txt,SD2030 (B),sd2030,Y. Tinel,tripped,"'u.s.t. located at 2% chord, l.s.t. located at 5% chord'",0.02,0.05,100118,bm05085.dat,9.32,1.015,0.0334
vol4,sd2030_tf_drg.txt,SD2030 (B),sd2030,Y. Tinel,tripped,"'u.s.t. located at 2% chord, l.s.t. located at 5% chord'",0.02,0.05,100118,bm05085.dat,10.37,1.06,0.0443
vol4,sd2030_tf_drg.txt,SD2030 (B),sd2030,Y. Tinel,tripped,"'u.s.t. located at 2% chord, l.s.t. located at 5% chord'",0.02,0.05,100118,bm05085.dat,11.39,1.08,0.0709
vol4,sd2030_tf_drg.txt,SD2030 (B),sd2030,Y. Tinel,tripped,"'u.s.t. located at 2% chord, l.s.t. located at 5% chord'",0.02,0.05,100118,bm05085.dat,12.4,0.999,0.1818
vol4,sd2030_tf_drg.txt,SD2030 (B),sd2030,Y. Tinel,tripped,"'u.s.t. located at 2% chord, l.s.t. located at 5% chord'",0.02,0.05,200033,bm05087.dat,-6.02,-0.44,0.0546
vol4,sd2030_tf_drg.txt,SD2030 (B),sd2030,Y. Tinel,tripped,"'u.s.t. located at 2% chord, l.s.t. located at 5% chord'",0.02,0.05,200033,bm05087.dat,-5.02,-0.351,0.0295
vol4,sd2030_tf_drg.txt,SD2030 (B),sd2030,Y. Tinel,tripped,"'u.s.t. located at 2% chord, l.s.t. located at 5% chord'",0.02,0.05,200033,bm05087.dat,-3.98,-0.252,0.0186
vol4,sd2030_tf_drg.txt,SD2030 (B),sd2030,Y. Tinel,tripped,"'u.s.t. located at 2% chord, l.s.t. located at 5% chord'",0.02,0.05,200033,bm05087.dat,-2.93,-0.139,0.0164
vol4,sd2030_tf_drg.txt,SD2030 (B),sd2030,Y. Tinel,tripped,"'u.s.t. located at 2% chord, l.s.t. located at 5% chord'",0.02,0.05,200033,bm05087.dat,-1.9,0.012,0.0137
vol4,sd2030_tf_drg.txt,SD2030 (B),sd2030,Y. Tinel,tripped,"'u.s.t. located at 2% chord, l.s.t. located at 5% chord'",0.02,0.05,200033,bm05087.dat,-0.89,0.159,0.0112
vol4,sd2030_tf_drg.txt,SD2030 (B),sd2030,Y. Tinel,tripped,"'u.s.t. located at 2% chord, l.s.t. located at 5% chord'",0.02,0.05,200033,bm05087.dat,0.18,0.253,0.011
vol4,sd2030_tf_drg.txt,SD2030 (B),sd2030,Y. Tinel,tripped,"'u.s.t. located at 2% chord, l.s.t. located at 5% chord'",0.02,0.05,200033,bm05087.dat,1.14,0.336,0.0123
vol4,sd2030_tf_drg.txt,SD2030 (B),sd2030,Y. Tinel,tripped,"'u.s.t. located at 2% chord, l.s.t. located at 5% chord'",0.02,0.05,200033,bm05087.dat,2.19,0.437,0.013
vol4,sd2030_tf_drg.txt,SD2030 (B),sd2030,Y. Tinel,tripped,"'u.s.t. located at 2% chord, l.s.t. located at 5% chord'",0.02,0.05,200033,bm05087.dat,3.16,0.535,0.0136
vol4,sd2030_tf_drg.txt,SD2030 (B),sd2030,Y. Tinel,tripped,"'u.s.t. located at 2% chord, l.s.t. located at 5% chord'",0.02,0.05,200033,bm05087.dat,4.27,0.635,0.0148
vol4,sd2030_tf_drg.txt,SD2030 (B),sd2030,Y. Tinel,tripped,"'u.s.t. located at 2% chord, l.s.t. located at 5% chord'",0.02,0.05,200033,bm05087.dat,5.29,0.735,0.0162
vol4,sd2030_tf_drg.txt,SD2030 (B),sd2030,Y. Tinel,tripped,"'u.s.t. located at 2% chord, l.s.t. located at 5% chord'",0.02,0.05,200033,bm05087.dat,6.3,0.824,0.0174
vol4,sd2030_tf_drg.txt,SD2030 (B),sd2030,Y. Tinel,tripped,"'u.s.t. located at 2% chord, l.s.t. located at 5% chord'",0.02,0.05,200033,bm05087.dat,7.36,0.917,0.0193
vol4,sd2030_tf_drg.txt,SD2030 (B),sd2030,Y. Tinel,tripped,"'u.s.t. located at 2% chord, l.s.t. located at 5% chord'",0.02,0.05,200033,bm05087.dat,8.31,0.999,0.0218
vol4,sd2030_tf_drg.txt,SD2030 (B),sd2030,Y. Tinel,tripped,"'u.s.t. located at 2% chord, l.s.t. located at 5% chord'",0.02,0.05,200033,bm05087.dat,9.37,1.062,0.0285
vol4,sd2030_tf_drg.txt,SD2030 (B),sd2030,Y. Tinel,tripped,"'u.s.t. located at 2% chord, l.s.t. located at 5% chord'",0.02,0.05,200033,bm05087.dat,10.37,1.108,0.0329
vol4,sd2030_tf_drg.txt,SD2030 (B),sd2030,Y. Tinel,tripped,"'u.s.t. located at 2% chord, l.s.t. located at 5% chord'",0.02,0.05,200033,bm05087.dat,11.42,1.145,0.0416
vol4,sd2030_tf_drg.txt,SD2030 (B),sd2030,Y. Tinel,tripped,"'u.s.t. located at 2% chord, l.s.t. located at 5% chord'",0.02,0.05,200033,bm05087.dat,12.36,1.067,0.1738
vol4,sd2030_tf_drg.txt,SD2030 (B),sd2030,Y. Tinel,tripped,"'u.s.t. located at 2% chord, l.s.t. located at 5% chord'",0.02,0.05,350702,bm05089.dat,-6.02,-0.406,0.0482
vol4,sd2030_tf_drg.txt,SD2030 (B),sd2030,Y. Tinel,tripped,"'u.s.t. located at 2% chord, l.s.t. located at 5% chord'",0.02,0.05,350702,bm05089.dat,-4.97,-0.26,0.0187
vol4,sd2030_tf_drg.txt,SD2030 (B),sd2030,Y. Tinel,tripped,"'u.s.t. located at 2% chord, l.s.t. located at 5% chord'",0.02,0.05,350702,bm05089.dat,-3.95,-0.146,0.0141
vol4,sd2030_tf_drg.txt,SD2030 (B),sd2030,Y. Tinel,tripped,"'u.s.t. located at 2% chord, l.s.t. located at 5% chord'",0.02,0.05,350702,bm05089.dat,-2.94,-0.056,0.0132
vol4,sd2030_tf_drg.txt,SD2030 (B),sd2030,Y. Tinel,tripped,"'u.s.t. located at 2% chord, l.s.t. located at 5% chord'",0.02,0.05,350702,bm05089.dat,-1.89,0.047,0.013
vol4,sd2030_tf_drg.txt,SD2030 (B),sd2030,Y. Tinel,tripped,"'u.s.t. located at 2% chord, l.s.t. located at 5% chord'",0.02,0.05,350702,bm05089.dat,-0.82,0.15,0.0129
vol4,sd2030_tf_drg.txt,SD2030 (B),sd2030,Y. Tinel,tripped,"'u.s.t. located at 2% chord, l.s.t. located at 5% chord'",0.02,0.05,350702,bm05089.dat,0.12,0.248,0.0132
vol4,sd2030_tf_drg.txt,SD2030 (B),sd2030,Y. Tinel,tripped,"'u.s.t. located at 2% chord, l.s.t. located at 5% chord'",0.02,0.05,350702,bm05089.dat,1.18,0.36,0.0135
vol4,sd2030_tf_drg.txt,SD2030 (B),sd2030,Y. Tinel,tripped,"'u.s.t. located at 2% chord, l.s.t. located at 5% chord'",0.02,0.05,350702,bm05089.dat,2.21,0.459,0.0138
vol4,sd2030_tf_drg.txt,SD2030 (B),sd2030,Y. Tinel,tripped,"'u.s.t. located at 2% chord, l.s.t. located at 5% chord'",0.02,0.05,350702,bm05089.dat,3.27,0.565,0.0145
vol4,sd2030_tf_drg.txt,SD2030 (B),sd2030,Y. Tinel,tripped,"'u.s.t. located at 2% chord, l.s.t. located at 5% chord'",0.02,0.05,350702,bm05089.dat,4.21,0.666,0.0152
vol4,sd2030_tf_drg.txt,SD2030 (B),sd2030,Y. Tinel,tripped,"'u.s.t. located at 2% chord, l.s.t. located at 5% chord'",0.02,0.05,350702,bm05089.dat,5.28,0.769,0.0162
vol4,sd2030_tf_drg.txt,SD2030 (B),sd2030,Y. Tinel,tripped,"'u.s.t. located at 2% chord, l.s.t. located at 5% chord'",0.02,0.05,350702,bm05089.dat,6.31,0.868,0.017
vol4,sd2030_tf_drg.txt,SD2030 (B),sd2030,Y. Tinel,tripped,"'u.s.t. located at 2% chord, l.s.t. located at 5% chord'",0.02,0.05,350702,bm05089.dat,7.27,0.953,0.0174
vol4,sd2030_tf_drg.txt,SD2030 (B),sd2030,Y. Tinel,tripped,"'u.s.t. located at 2% chord, l.s.t. located at 5% chord'",0.02,0.05,350702,bm05089.dat,8.35,1.044,0.019
vol4,sd2030_tf_drg.txt,SD2030 (B),sd2030,Y. Tinel,tripped,"'u.s.t. located at 2% chord, l.s.t. located at 5% chord'",0.02,0.05,350702,bm05089.dat,9.32,1.111,0.0237
vol4,sd2030_tf_drg.txt,SD2030 (B),sd2030,Y. Tinel,tripped,"'u.s.t. located at 2% chord, l.s.t. located at 5% chord'",0.02,0.05,350702,bm05089.dat,10.39,1.149,0.0315
vol4,sd2030_tf_drg.txt,SD2030 (B),sd2030,Y. Tinel,tripped,"'u.s.t. located at 2% chord, l.s.t. located at 5% chord'",0.02,0.05,350702,bm05089.dat,11.37,1.164,0.0426
vol4,sd2030_tf_drg.txt,SD2030 (B),sd2030,Y. Tinel,tripped,"'u.s.t. located at 2% chord, l.s.t. located at 5% chord'",0.02,0.05,350702,bm05089.dat,12.29,1.117,0.1592
vol4,sd2030_tf_drg.txt,SD2030 (B),sd2030,Y. Tinel,tripped,"'u.s.t. located at 2% chord, l.s.t. located at 5% chord'",0.02,0.05,499335,bm05091.dat,-5.98,-0.34,0.0411
vol4,sd2030_tf_drg.txt,SD2030 (B),sd2030,Y. Tinel,tripped,"'u.s.t. located at 2% chord, l.s.t. located at 5% chord'",0.02,0.05,499335,bm05091.dat,-5.02,-0.256,0.018
vol4,sd2030_tf_drg.txt,SD2030 (B),sd2030,Y. Tinel,tripped,"'u.s.t. located at 2% chord, l.s.t. located at 5% chord'",0.02,0.05,499335,bm05091.dat,-3.92,-0.149,0.0144
vol4,sd2030_tf_drg.txt,SD2030 (B),sd2030,Y. Tinel,tripped,"'u.s.t. located at 2% chord, l.s.t. located at 5% chord'",0.02,0.05,499335,bm05091.dat,-2.91,-0.056,0.0129
vol4,sd2030_tf_drg.txt,SD2030 (B),sd2030,Y. Tinel,tripped,"'u.s.t. located at 2% chord, l.s.t. located at 5% chord'",0.02,0.05,499335,bm05091.dat,-1.92,0.046,0.0122
vol4,sd2030_tf_drg.txt,SD2030 (B),sd2030,Y. Tinel,tripped,"'u.s.t. located at 2% chord, l.s.t. located at 5% chord'",0.02,0.05,499335,bm05091.dat,-0.86,0.149,0.0123
vol4,sd2030_tf_drg.txt,SD2030 (B),sd2030,Y. Tinel,tripped,"'u.s.t. located at 2% chord, l.s.t. located at 5% chord'",0.02,0.05,499335,bm05091.dat,0.17,0.251,0.0124
vol4,sd2030_tf_drg.txt,SD2030 (B),sd2030,Y. Tinel,tripped,"'u.s.t. located at 2% chord, l.s.t. located at 5% chord'",0.02,0.05,499335,bm05091.dat,1.21,0.366,0.0127
vol4,sd2030_tf_drg.txt,SD2030 (B),sd2030,Y. Tinel,tripped,"'u.s.t. located at 2% chord, l.s.t. located at 5% chord'",0.02,0.05,499335,bm05091.dat,2.21,0.474,0.0131
vol4,sd2030_tf_drg.txt,SD2030 (B),sd2030,Y. Tinel,tripped,"'u.s.t. located at 2% chord, l.s.t. located at 5% chord'",0.02,0.05,499335,bm05091.dat,3.27,0.576,0.0134
vol4,sd2030_tf_drg.txt,SD2030 (B),sd2030,Y. Tinel,tripped,"'u.s.t. located at 2% chord, l.s.t. located at 5% chord'",0.02,0.05,499335,bm05091.dat,4.27,0.675,0.0142
vol4,sd2030_tf_drg.txt,SD2030 (B),sd2030,Y. Tinel,tripped,"'u.s.t. located at 2% chord, l.s.t. located at 5% chord'",0.02,0.05,499335,bm05091.dat,5.3,0.777,0.0149
vol4,sd2030_tf_drg.txt,SD2030 (B),sd2030,Y. Tinel,tripped,"'u.s.t. located at 2% chord, l.s.t. located at 5% chord'",0.02,0.05,499335,bm05091.dat,6.28,0.874,0.0161
vol4,sd2030_tf_drg.txt,SD2030 (B),sd2030,Y. Tinel,tripped,"'u.s.t. located at 2% chord, l.s.t. located at 5% chord'",0.02,0.05,499335,bm05091.dat,7.37,0.975,0.0173
vol4,sd2030_tf_drg.txt,SD2030 (B),sd2030,Y. Tinel,tripped,"'u.s.t. located at 2% chord, l.s.t. located at 5% chord'",0.02,0.05,499335,bm05091.dat,8.35,1.059,0.0198
vol4,sd2030_tf_drg.txt,SD2030 (B),sd2030,Y. Tinel,tripped,"'u.s.t. located at 2% chord, l.s.t. located at 5% chord'",0.02,0.05,499335,bm05091.dat,9.4,1.108,0.0247
vol4,sd2030_tf_drg.txt,SD2030 (B),sd2030,Y. Tinel,tripped,"'u.s.t. located at 2% chord, l.s.t. located at 5% chord'",0.02,0.05,499335,bm05091.dat,10.39,1.149,0.0299
vol4,sd2030_tf_drg.txt,SD2030 (B),sd2030,Y. Tinel,tripped,"'u.s.t. located at 2% chord, l.s.t. located at 5% chord'",0.02,0.05,499335,bm05091.dat,11.42,1.171,0.0392
vol4,sd2030_tf_drg.txt,SD2030 (B),sd2030,Y. Tinel,tripped,"'u.s.t. located at 2% chord, l.s.t. located at 5% chord'",0.02,0.05,499335,bm05091.dat,12.41,1.159,0.0675
